time,x,v
0.0,0.0,0.0
0.01,0.000125,0.024971875082843945
0.02,0.0004994375016568789,0.04988133865504865
0.03,0.001122626773100973,0.07471606389039112
0.04,0.001993758779464701,0.09946374085254119
0.05,0.0031119015901517966,0.12411210127158877
0.06,0.004476000804896477,0.14864891925823684
0.07,0.006084879975316534,0.17306200935562835
0.08,0.007937240992009043,0.19733922130136544
0.09,0.010031664401343841,0.2214684309284013
0.1,0.012366609610577069,0.24543752667158736
0.11,0.01494041493477559,0.2692343911887335
0.12,0.01775129743435174,0.2928468776509212
0.13,0.020797352487794015,0.3162627803063878
0.14,0.024076553040479495,0.3394697989754874
0.15,0.027586748467303763,0.3624554971910021
0.16,0.031325662984299535,0.385207253758437
0.17,0.0352908935424725,0.4077122075749662
0.18,0.03947990713579886,0.42995719561355106
0.19,0.04389003745474353,0.45192868405064346
0.2,0.04851848081681173,0.4736126925921086
0.21,0.053362291306585694,0.4949947121329205
0.22,0.05841837505947014,0.5160596159722304
0.23,0.0636834836260303,0.5367915648970779
0.24,0.0691542063574117,0.5571739065458526
0.25,0.07482696175694736,0.5771890695671817
0.26,0.08069798774875533,0.5968184532018098
0.27,0.08676333082098354,0.6160423130347943
0.28,0.09301883400945121,0.6348396437934744
0.29,0.09946012369685303,0.6531880602035814
0.3,0.10608259521352284,0.6710636770618021
0.31,0.11288139723808907,0.6884409898381347
0.32,0.11985141501028554,0.7052927572852813
0.33,0.12698725238379469,0.7215898877045466
0.34,0.13428321276437644,0.7373013306973009
0.35000000000000003,0.14173327899774069,0.7523939764165578
0.36,0.14933109229270758,0.7668325645225744
0.37,0.15706993028819216,0.7805796052368957
0.38,0.16494268439744547,0.7935953150774718
0.39,0.17294183658974158,0.8058375700390699
0.4,0.18105943579822686,0.8172618791529757
0.41000000000000003,0.18928707417280108,0.8278213815117401
0.42,0.19761586342846166,0.8374668699713014
0.43,0.2060364115722271,0.8461468448359942
0.44,0.21453880032518152,0.853807600882593
0.45,0.22311256358987894,0.86039335107754
0.46,0.23174666734673233,0.865846390276093
0.47000000000000003,0.2404294913954008,0.8701073020518997
0.48,0.2491488133877703,0.8731152115788732
0.49,0.2578917956269783,0.8748080871626719
0.5,0.26664497513102375,0.8751230925856575
0.51,0.2753942574786914,0.8739969918770945
0.52,0.2841249149685656,0.8713666074415278
0.53,0.2928215896275219,0.8671693316671719
0.54,0.301468301601909,0.8613436911904943
0.55,0.31004846345133175,0.8538299619147889
0.56,0.31854490084020476,0.8445708316761406
0.5700000000000001,0.32693988008485453,0.8335121061322086
0.58,0.3352151429628489,0.8206034520365085
0.59,0.3433519491255847,0.805799170579031
0.6,0.3513311263744295,0.7890589919559985
0.61,0.3591331289647046,0.7703488808173742
0.62,0.36673810399077694,0.749641840777282
0.63,0.37412596578025026,0.7269187048126331
0.64,0.38127647808702964,0.7021688971766114
0.65,0.38816934372378253,0.6753911514768297
0.66,0.39478430111656626,0.6465941688742586
0.67,0.4011012271012677,0.6157972000078231
0.68,0.4071002451167227,0.5830305342952373
0.6900000000000001,0.41276183778717246,0.5483358807492992
0.7000000000000001,0.41806696273170874,0.5117666254149984
0.71,0.42299717029547246,0.4733879519960639
0.72,0.42753472177163,0.4332768142020001
0.73,0.43166270657951245,0.39152175079033547
0.74,0.4353651567874367,0.3482225371644939
0.75,0.43862715732280233,0.30348967065444693
0.76,0.44143495020052564,0.2574436901732372
0.77,0.44377603112626707,0.2102143347068295
0.78,0.4456392368946623,0.1619395489412531
0.79,0.4470148221050922,0.11276434813230812
0.8,0.4478945238573085,0.06283955794629109
0.81,0.44827161326401804,0.012320448312911576
0.8200000000000001,0.44814093282356676,-0.038634716791440475
0.8300000000000001,0.44749891892818927,-0.08986618938241378
0.84,0.44634360903591846,-0.1412142813910368
0.85,0.4446746333003685,-0.19252091555227954
0.86,0.44249319072487286,-0.24363115610470037
0.87,0.43980201017827447,-0.2943946926688117
0.88,0.43660529687149663,-0.3446672519282912
0.89,0.43290866513970866,-0.3943119136778513
0.9,0.4287190585979396,-0.4432003103460152
0.91,0.42404465893278837,-0.4912136921491873
0.92,0.41889478475495584,-0.5382438434670286
0.93,0.4132797820634478,-0.5841938397190233
0.9400000000000001,0.4072109079605754,-0.628978637834534
0.9500000000000001,0.40070020930675715,-0.6725254972117858
0.96,0.3937603980163397,-0.714774231731142
0.97,0.3864047246721343,-0.7556772968137448
0.98,0.3786468520800648,-0.7951997186041149
0.99,0.370500730300052,-0.833318875030507
1.0,0.36198047457945465,-0.8700241407069794
1.01,0.3531002474859124,-0.9053164093552333
1.02,0.34387414639235,-0.9392075086322187
1.03,0.33431609731326806,-0.9717195229603147
1.04,0.3244397559331437,-1.0028840401962265
1.05,0.3142584165093435,-1.0327413377819072
1.06,0.30378492917750555,-1.0613395234454397
1.07,0.29303162604043476,-1.0887336446185738
1.08,0.28201025628513415,-1.1149847795710426
1.09,0.27073193044901395,-1.140159121891339
1.1,0.2592070738473074,-1.1643270684292757
1.11,0.24744538908042846,-1.1875623192137772
1.12,0.23545582746303187,-1.209940996221271
1.1300000000000001,0.22324656915600305,-1.2315407862410097
1.1400000000000001,0.2108250117382117,-1.2524401115022188
1.1500000000000001,0.1981977669259587,-1.272717330225934
1.16,0.18537066513369302,-1.2924499678669588
1.17,0.1723487675686195,-1.311713978537658
1.18,0.15913638556293985,-1.3305830349690768
1.19,0.14573710686923796,-1.349127844375373
1.2,0.1321538286754324,-1.367415486750518
1.21,0.11838879713422763,-1.3855087714448375
1.22,0.10444365324653566,-1.4034656073448748
1.23,0.09031948498733013,-1.4213383816143792
1.24,0.07601688561424808,-1.4391733417483783
1.25,0.061536018152362565,-1.4570099756488633
1.26,0.04687668610127081,-1.4748803845541132
1.27,0.03203841046128031,-1.4928086439510357
1.28,0.0170205132222501,-1.5108101480810276
1.29,0.0018222074996597534,-1.5288909343279258
1.3,-0.013557305464308415,-1.5470469846681543
1.31,-0.02911873219370333,-1.5652635024880182
1.32,-0.044862575514068775,-1.5835141644540194
1.33,-0.06078901548278372,-1.6017603487841106
1.34,-0.07689778248975099,-1.619950343237247
1.35,-0.09318802234752867,-1.6380185384414698
1.36,-0.10965815325858039,-1.655884614840792
1.37,-0.1263057146443445,-1.6734527345772077
1.3800000000000001,-0.14312720795012454,-1.6906107530467427
1.3900000000000001,-0.16011792970527935,-1.707229468675839
1.4000000000000001,-0.17727179732364132,-1.7231619336374109
1.41,-0.19458116837802755,-1.7382428527225569
1.42,-0.21203665437809244,-1.7522881023326402
1.43,-0.22962693042468038,-1.765094406449371
1.44,-0.24733854250707987,-1.7764392113261043
1.45,-0.26515571465120247,-1.7860808053197932
1.46,-0.2830601586134758,-1.793758734491293
1.47,-0.30103088934102834,-1.799194568022746
1.48,-0.31904404997393065,-1.802093069753421
1.49,-0.3370727507360967,-1.8021438327798696
1.5,-0.355086926629528,-1.7990234326132044
1.51,-0.37305321938836083,-1.7923981503134205
1.52,-0.3909348896357964,-1.7819273097982724
1.53,-0.40869176558432624,-1.7672672626510473
1.54,-0.42628023488881733,-1.7480760388012524
1.55,-0.4436532863603513,-1.7240186621299243
1.56,-0.46076060813141584,-1.6947731062586326
1.57,-0.477548748485524,-1.660036837686047
1.58,-0.4939613448851368,-1.6195338615405201
1.59,-0.5099394257163343,-1.5730221504180895
1.6,-0.5254217878934986,-1.5203013004044028
1.61,-0.5403454517244224,-1.461220222214811
1.62,-0.5546461923377948,-1.3956846416254574
1.6300000000000001,-0.5682591445569316,-1.3236641545444978
1.6400000000000001,-0.5811194754286848,-1.2451985609252165
1.6500000000000001,-0.593163115775436,-1.1604031910027437
1.6600000000000001,-0.6043275392487398,-1.0694729395662663
1.67,-0.6145525745667614,-0.972684741180364
1.68,-0.6237812340723471,-0.8703982526803864
1.69,-0.631960539620369,-0.7630545590850222
1.7,-0.6390423252540474,-0.6511727842550606
1.71,-0.6449839953054701,-0.5353445658063457
1.72,-0.6497492165701743,-0.4162264412764066
1.73,-0.6533085241309983,-0.29453028453527674
1.74,-0.6556398222608798,-0.171012022294673
1.75,-0.6567287645768917,-0.046458944306932204
1.76,-0.6565690011470184,0.07832400839129303
1.77,-0.6551622844090659,0.20252854019197886
1.78,-0.6525184303431788,0.3253574150009917
1.79,-0.648655136109046,0.4460385139111674
1.8,-0.6435976600649556,0.5638380813393308
1.81,-0.6373783744822594,0.6780727465977512
1.82,-0.6300362051330005,0.7881199702186543
1.83,-0.6216159750778864,0.8934266423474307
1.84,-0.612167672286052,0.993515648599113
1.85,-0.6017456621059042,1.0879903109412827
1.86,-0.5904078660672264,1.1765367015515849
1.87,-0.5782149280748725,1.2589239109341626
1.8800000000000001,-0.5652293878485432,1.335002423592719
1.8900000000000001,-0.5515148796030181,1.4047008122130096
1.9000000000000001,-0.5371353716042829,1.4680210029068994
1.9100000000000001,-0.5221544595448803,1.5250323892159734
1.92,-0.5066347238199636,1.5758650820152813
1.93,-0.49063715790457463,1.6207025778636417
1.94,-0.4742206722626907,1.659774112024872
1.95,-0.4574416756640772,1.6933469370043654
1.96,-0.44035373352260343,1.7217187357793127
1.97,-0.4230073009484909,1.7452103436048725
1.98,-0.40544952665050593,1.7641589157303537
1.99,-0.38772412263388384,1.7789116425514873
2.0,-0.3698712937994762,1.7898200802118318
2.0100000000000002,-0.35192772102964726,1.7972351345577358
2.02,-0.33392659110832157,1.8015027103391403
2.0300000000000002,-0.31589766682286446,1.8029600159591463
2.04,-0.2978673907891386,1.8019324969343948
2.05,-0.2798590168841765,1.7987313583310016
2.06,-0.26189276362251857,1.793651627419245
2.07,-0.24398598433579163,1.7869707021750085
2.08,-0.2261533495790184,1.778947328527651
2.09,-0.2084070377652386,1.76982094888419
2.1,-0.19075693060133458,1.7598113659417156
2.11,-0.1732108104464043,1.7491186686697429
2.12,-0.1557745572279397,1.737923371192902
2.13,-0.13845234302254625,1.7263867197843368
2.14,-0.12124682283225298,1.7146511280058856
2.15,-0.10415932046242854,1.702840704976275
2.16,-0.08719000873272749,1.6910618466409266
2.17,-0.07033808352961,1.6794038646318594
2.18,-0.053601931440090296,1.667939631759158
2.19,-0.03697929089442684,1.6567262273153471
2.2,-0.02046740689378335,1.6458055691759095
2.21,-0.004063179510908656,1.635205023138406
2.22,0.012236693568984772,1.6249379830692547
2.23,0.028435580150476442,1.6150044182412182
2.24,0.04453678193380914,1.6053913867721652
2.25,0.06054340788591974,1.5960735163455428
2.2600000000000002,0.07645825226071999,1.587013455434154
2.27,0.09228367699460283,1.5781623000880607
2.2800000000000002,0.10802149826248121,1.5694600030075698
2.29,0.12367287705475423,1.5608357731208207
2.3000000000000003,0.13923821372489764,1.5522084752334586
2.31,0.1547170465594234,1.5434870405188024
2.32,0.17010795453527366,1.5345708996662595
2.33,0.1854084645527486,1.5253504513903513
2.34,0.2006149635630807,1.5157075797006614
2.35,0.21572261614676183,1.5055162338136123
2.36,0.23072528823935295,1.4946430848111862
2.37,0.24561547784298557,1.482948273072991
2.38,0.2603842537008128,1.4702862600737066
2.39,0.2750212030444597,1.4565067972909371
2.4,0.2895143896466315,1.4414560236501799
2.41,0.30385032351746327,1.4249777010869968
2.42,0.3180139436683715,1.4069145953802826
2.43,0.33198861542506897,1.3871100063640798
2.44,0.34575614379565306,1.365409447934066
2.45,0.3592968043837503,1.3416624739260272
2.46,0.3725893932741736,1.3157246409828964
2.47,0.3856112972034082,1.2874595940040223
2.48,0.398338585154254,1.2567412537844949
2.49,0.41074612227909807,1.223456080146421
2.5,0.4228077067571825,1.1875053774266275
2.5100000000000002,0.43449622982763064,1.1488076028503509
2.52,0.44578385881418947,1.1073006323637453
2.5300000000000002,0.45664224247490554,1.0629439332295398
2.54,0.4670427374787803,1.0157205884426863
2.5500000000000003,0.47695665424375927,0.9656391151363279
2.56,0.4863555197815069,0.9127350179504392
2.57,0.4952113546027681,0.8570720191187748
2.58,0.5034969601638825,0.7987429100279041
2.59,0.5111862128033262,0.7378699743651901
2.6,0.5182543596511863,0.6746049407448984
2.61,0.5246783116182242,0.6091284328035396
2.62,0.5304369283072571,0.5416488969720131
2.63,0.5355112895576645,0.47240100210963
2.64,0.5398849483494497,0.4016435204388277
2.65,0.5435441599664411,0.32965671515101924
2.66,0.5464780826524701,0.2567392759799947
2.67,0.5486789454860409,0.18320485922832735
2.68,0.5501421798370365,0.1093783024494117
2.69,0.5508665115350291,0.03559159554209182
2.7,0.5508540117478784,-0.03782030119370122
2.71,0.5501101055111551,-0.11052369593001747
2.72,0.548643537829278,-0.182190362969684
2.73,0.5464662982517614,-0.25250160265472404
2.74,0.5435935057761836,-0.3211520721477351
2.75,0.5400432568088067,-0.38785330414368124
2.7600000000000002,0.53583643969331,-0.4523368418301045
2.77,0.5309965199722047,-0.5143569319147269
2.7800000000000002,0.5255493010550154,-0.5736927325985736
2.79,0.5195226653202332,-0.6301500092583504
2.8000000000000003,0.5129463008698484,-0.6835623065802685
2.81,0.5058514191886279,-0.7337916012681133
2.82,0.49827046884448617,-0.7807284536216405
2.83,0.490236850116195,-0.8242916887485614
2.84,0.4817846350695149,-0.8644276485654568
2.85,0.47294829714488584,-0.9011090638290028
2.86,0.46376245379293485,-0.934333601124194
2.87,0.454261625122402,-0.9641221430516674
2.88,0.44448001093190154,-0.9905168609407861
2.89,0.4344512879035863,-1.0135791384940263
2.9,0.424208428162021,-1.0333874021286096
2.91,0.41378353986101407,-1.0500349097479709
2.92,0.40320772996706156,-1.0636275445881316
2.93,0.39251098896925146,-1.0742816549768444
2.94,0.3817220968675247,-1.082121974629733
2.95,0.37086854947665676,-1.0872796517675964
2.96,0.3599765038321727,-1.0898904091114112
2.97,0.34907074129442855,-1.0900928508899816
2.98,0.3381746468143731,-1.0880269275272139
2.99,0.3273102027438843,-1.08383256376505
3.0,0.3164979955390721,-1.0776484516872684
3.0100000000000002,0.3057572337101389,-1.0696110064665028
3.02,0.29510577540974203,-1.0598534796605321
3.0300000000000002,0.28456016411692825,-1.0485052225093647
3.04,0.2741356709595547,-1.0356910898897984
3.0500000000000003,0.26384634231913223,-1.0215309743148284
3.06,0.2537050514732581,-1.0061394585601555
3.0700000000000003,0.2437235531479291,-0.9896255750945498
3.08,0.2339125399713671,-0.9720926604203559
3.09,0.22428169993952196,-0.9536382926329067
3.1,0.21483977411870894,-0.934354300925188
3.11,0.2055946139210182,-0.9143268363443773
3.12,0.19655323739182137,-0.8936364938035565
3.13,0.18772188404494702,-0.8723584761250379
3.14,0.1791060678693206,-0.8505627917076858
3.15,0.1707106282107933,-0.828314478241715
3.16,0.1625397783044863,-0.8056738457185763
3.17,0.15459715129642176,-0.7826967327835559
3.18,0.14688584364881516,-0.7594347712418517
3.19,0.13940845587158474,-0.7359356542461186
3.2,0.1321671305638928,-0.7122434043589497
3.21,0.12516358778440573,-0.6883986382941922
3.22,0.11839915779800894,-0.6644388256952111
3.23,0.1118748112705015,-0.6403985398066344
3.24,0.10559118700187624,-0.6163096983404039
3.25,0.09954861730369341,-0.5922017932296655
3.2600000000000002,0.09374715113728292,-0.5681021083083161
3.27,0.08818657513752709,-0.5440359242534122
3.2800000000000002,0.08286643265221467,-0.5200267103858554
3.29,0.07778604092980998,-0.4960963031455662
3.3000000000000003,0.07294450658930336,-0.4722650712444435
3.31,0.06834073950492112,-0.44855206765732364
3.3200000000000003,0.06397346523615689,-0.4249751687412654
3.33,0.059841236130095815,-0.401551200879898
3.34,0.05594244121855893,-0.3782960551351394
3.35,0.05227531502739302,-0.35522479045591704
3.36,0.048837945409440586,-0.33235172604492713
3.37,0.04562828050649448,-0.3096905235220384
3.38,0.04264413493899982,-0.28725425954851846
3.39,0.03988319531552411,-0.2650554895914597
3.4,0.037343025147170625,-0.24310630351403112
3.41,0.03502106924524349,-0.2214183736757239
3.42,0.032914657673656145,-0.20000299621867734
3.43,0.031021009320869937,-0.1788711262024161
3.44,0.029337235149607822,-0.15803340723072248
3.45,0.027860341176255486,-0.1375001961916351
3.46,0.02658723122577512,-0.1172815837053421
3.47,0.025514709502148646,-0.09738741084558834
3.48,0.024639483008863355,-0.07782728266864135
3.49,0.023958163848775818,-0.05861057905031585
3.5,0.023467271427857036,-0.03974646329644761
3.5100000000000002,0.023163234582846866,-0.02124388895591148
3.52,0.023042393648738807,-0.003111605228141665
3.5300000000000002,0.023101002478284033,0.014641838680544344
3.54,0.023335230422349695,0.03200808993539245
3.5500000000000003,0.023741164276991883,0.048978988907816615
3.56,0.024314810200506028,0.06554656622503546
3.5700000000000003,0.025052095601492595,0.08170303983052613
3.58,0.02594887099711655,0.09744081188718531
3.59,0.0270009118392363,0.11275246539016816
3.6,0.028203920304919916,0.127630760390231
3.61,0.029553527047040923,0.14206862976085016
3.62,0.031045292900136922,0.15605917447325512
3.63,0.03267471053650602,0.1695956583726492
3.64,0.0344372060675899,0.18267150247615568
3.65,0.03632814058602913,0.19528027883830396
3.66,0.038342811644355976,0.20741570405305068
3.67,0.04047645466709015,0.2190716324823292
3.68,0.04272424429400257,0.23024204931985812
3.69,0.04508129565348731,0.24092106361535923
3.7,0.04754266556630975,0.25110290139838554
3.71,0.05010335368145502,0.2607818990526081
3.72,0.05275830354736191,0.2699524971006292
3.73,0.0555024036234676,0.2786092345661642
3.74,0.05833048823868519,0.28674674408476264
3.75,0.06123733850516285,0.2943597479361143
3.7600000000000002,0.06421768319740748,0.3014430551704302
3.77,0.06726619960857146,0.30799155999840416
3.7800000000000002,0.07037751439737555,0.3140002416088824
3.79,0.0735462044407491,0.3194641655706174
3.8000000000000003,0.07676679770878789,0.3243784869644003
3.81,0.0800337741800371,0.32873845537949303
3.8200000000000003,0.08334156681637775,0.3325394218936721
3.83,0.08668456261791053,0.3357768481394125
3.84,0.09005710377916601,0.3384463175398545
3.85,0.09345348896870763,0.34054354877729665
3.86,0.09686797475471194,0.34206441153414896
3.87,0.1002947771993906,0.3430049445216762
3.88,0.10372807364514545,0.3433613757856097
3.89,0.1071620047151028,0.3431301452499641
3.9,0.11059067655014475,0.342307929431354
3.91,0.11400816330372988,0.3408916682259809
3.92,0.11740850991466435,0.3388785936404923
3.93,0.12078573517653972,0.33626626030638473
3.94,0.12413383512079205,0.3330525775858283
3.95,0.1274467867282563,0.32923584304507886
3.96,0.13071855198169363,0.3248147770403781
3.97,0.13394308226906385,0.3197885581308227
3.98,0.13711432314431007,0.3141568590035401
3.99,0.14022621944913463,0.3079198825690871
4.0,0.1432727207956918,0.3010783978597603
4.01,0.14624778740632985,0.2936337753409597
4.0200000000000005,0.149145396302511,0.28558802122636007
4.03,0.15195954783085705,0.2769438103719216
4.04,0.15468427250994943,0.267704517312171
4.05,0.15731363817710045,0.25787424499517997
4.0600000000000005,0.159841757409853,0.24745785077067503
4.07,0.16226279519251394,0.2364609691891137
4.08,0.16457097679363528,0.22489003117869213
4.09,0.1667605958160878,0.21275227918236098
4.1,0.1688260223772825,0.20005577785821316
4.11,0.17076171137325205,0.1868094199741638
4.12,0.17256221077676578,0.17302292716167272
4.13,0.1742221699164855,0.158706845233263
4.14,0.17573634768143107,0.14387253381455614
4.15,0.17709962059277665,0.12853215009315108
4.16,0.1783069906832941,0.11269862654348835
4.17,0.17935359312364643,0.09638564254831297
4.18,0.18023470353426035,0.07960758990282926
4.19,0.180945744921703,0.06237953225637602
4.2,0.18148229417938788,0.04471715861760372
4.21,0.1818400880940551,0.026636731121795064
4.22,0.1820150288018238,0.008155027332169038
4.23,0.18200318864069848,-0.01071072258025883
4.24,0.1818008143502186,-0.02994290336244302
4.25,0.18140433057344962,-0.0495235864261445
4.26,0.1808103426216957,-0.06943460526603094
4.2700000000000005,0.18001563846812899,-0.08965763393841128
4.28,0.17901718994292748,-0.11017426793443698
4.29,0.17781215310944024,-0.13096610673211134
4.3,0.17639786780828526,-0.15201483726865006
4.3100000000000005,0.17477185636406725,-0.173302317539142
4.32,0.1729318214575024,-0.19481065949943338
4.33,0.17087564317407858,-0.21652231043090417
4.34,0.16860137524888433,-0.23842013191236305
4.3500000000000005,0.1661072405358313,-0.2604874755395286
4.36,0.16339162573809377,-0.2827082545351953
4.37,0.1604530754451274,-0.3050670104027525
4.38,0.1572902855300387,-0.32754897379163195
4.39,0.15390209596929477,-0.3501401187647726
4.4,0.15028748315474327,-0.37282720968446487
4.41,0.1464455517756055,-0.39559783996303016
4.42,0.14237552635548267,-0.41844046195770107
4.43,0.13807674253645147,-0.4413444073237512
4.44,0.13354863820900764,-0.4642998971753201
4.45,0.12879074459294507,-0.48729804143845934
4.46,0.12380267738023847,-0.5103308268146984
4.47,0.1185841280566511,-0.5333910928049994
4.48,0.11313485552413848,-0.5564724952725341
4.49,0.10745467815120043,-0.5795694570476452
4.5,0.10154346638318558,-0.602677105099159
4.51,0.09540113604921725,-0.625791193812638
4.5200000000000005,0.08902764250693283,-0.6489080139281663
4.53,0.08242297577065394,-0.6720242866980672
4.54,0.0755871567729715,-0.6951370428290954
4.55,0.06852023491407203,-0.7182434857749488
4.5600000000000005,0.061222287057472506,-0.7413408389446202
4.57,0.05369341813517962,-0.7644261763917112
4.58,0.04593376352963829,-0.7874962365513626
4.59,0.037943493404152366,-0.8105472185973457
4.6000000000000005,0.029722819157691368,-0.8335745610050102
4.61,0.021272002184052157,-0.8565727019296402
4.62,0.012591365119098561,-0.8795348210482757
4.63,0.0036813057630866427,-0.9024525625707699
4.64,-0.005457686132316838,-0.925315739207906
4.65,-0.014825009021071478,-0.9481120169965448
4.66,-0.024419926472247732,-0.9708265810303951
4.67,-0.03424154064167938,-0.9934417823370804
4.68,-0.04428876211898934,-1.0159367663852743
4.69,-0.05456027596938486,-1.0382870840078704
4.7,-0.06505450379914673,-1.0604642858969144
4.71,-0.07576956168732314,-1.082435502272081
4.72,-0.08670321384458836,-1.1041630098555826
4.73,-0.0978528218844348,-1.1256037889110262
4.74,-0.1092152896228089,-1.146709073829731
4.75,-0.12078700336102943,-1.1674239015820407
4.76,-0.13256376765444972,-1.1876866632981256
4.7700000000000005,-0.14454073662699196,-1.2074286653050503
4.78,-0.15671234096055073,-1.226573707123438
4.79,-0.16907221076946072,-1.2450376852123946
4.8,-0.1816130946647986,-1.262728232634292
4.8100000000000005,-0.19432677542214652,-1.2795444062734016
4.82,-0.2072039827902666,-1.295376434757673
4.83,-0.22023430411729997,-1.3101055417647192
4.84,-0.233406093625561,-1.3236038608935758
4.8500000000000005,-0.2467063813351715,-1.3357344596926481
4.86,-0.260120782819414,-1.3463514916773922
4.87,-0.27363341116871936,-1.3553004961603683
4.88,-0.28722679274262136,-1.3624188663487562
4.89,-0.3008817884956945,-1.3675365063243499
4.9,-0.3145775228691084,-1.3704766970812918
4.91,-0.32829132243732034,-1.3710571906224442
4.92,-0.34199866668155726,-1.369091549068736
4.93,-0.35567315341869504,-1.3643907426838418
4.94,-0.3692864815352341,-1.3567650165391827
4.95,-0.38280845374947875,-1.3460260301457436
4.96,-0.39620700213814897,-1.331989267700676
4.97,-0.40944823910349226,-1.3144767086299705
4.98,-0.4224965363107484,-1.2933197389107882
4.99,-0.435314633881708,-1.2683622733647775
5.0,-0.4478637817780439,-1.239464047954786
5.01,-0.4601039148408037,-1.2065040294199205
5.0200000000000005,-0.4719938623664423,-1.16938387777967
5.03,-0.48349159239639705,-1.1280313858585864
5.04,-0.49455449008361396,-1.082403809648182
5.05,-0.5051396685893607,-1.0324909947167589
5.0600000000000005,-0.5152043099779492,-0.9783181977174557
5.07,-0.5247060325437098,-0.9199484990353802
5.08,-0.5336032799586569,-0.8574847033989913
5.09,-0.5418557266116897,-0.7910706303815673
5.1000000000000005,-0.5494246925662881,-0.7208917064797561
5.11,-0.5562735607412848,-0.6471747849891137
5.12,-0.5623681882660704,-0.570187139035607
5.13,-0.5676773035219969,-0.4902345963971284
5.14,-0.5721728801940129,-0.4076588113797551
5.15,-0.5758304797495919,-0.32283369792909017
5.16,-0.5786295541525946,-0.23616107804397884
5.17,-0.5805537013104715,-0.1480656289351782
5.18,-0.5815908667312982,-0.05898923967785778
5.19,-0.5817334861040285,0.03061508817800261
5.2,-0.5809785649677381,0.12028964282397661
5.21,-0.5793276932475491,0.2095785413492342
5.22,-0.5767869941407535,0.29803423412487284
5.23,-0.5733670085650516,0.38522380408473333
5.24,-0.5690825180590589,0.4707348990694835
5.25,-0.563952310583662,0.5541811504992035
5.26,-0.5579988950490749,0.6352069524280368
5.2700000000000005,-0.5512481715351013,0.7134915002867696
5.28,-0.5437290650433395,0.7887520168919879
5.29,-0.5354731311972616,0.8607461230442982
5.3,-0.5265141425824535,0.9292733397111425
5.3100000000000005,-0.5168876644030388,0.9941757369629015
5.32,-0.5066306278431956,1.0553377702754239
5.33,-0.49578090899753036,1.1126853665632306
5.34,-0.48437692051193093,1.1661843397019285
5.3500000000000005,-0.47245722220349173,1.2158382279833246
5.36,-0.46006015595226446,1.261685653866257
5.37,-0.44722350912616665,1.3037973097458928
5.38,-0.43398420975734664,1.342272672683
5.39,-0.4203780556725067,1.3772365466877492
5.4,-0.40643947882359166,1.4088355239132047
5.41,-0.3922013451942426,1.4372344466974236
5.42,-0.3776947898896432,1.4626129415092148
5.43,-0.3629490863640583,1.4851620841645552
5.44,-0.34799154820635214,1.505081243777014
5.45,-0.33284746148851807,1.5225751412815949
5.46,-0.3175400453807202,1.5378511474202503
5.47,-0.302090438540113,1.5511168350891396
5.48,-0.28651770867893744,1.56257779211546
5.49,-0.2708388826978038,1.5724356929614798
5.5,-0.25506899481970785,1.5808866215774906
5.51,-0.23922115026625404,1.588119632616674
5.5200000000000005,-0.22330660216737439,1.5943155344112379
5.53,-0.2073348395780293,1.5996458743872137
5.54,-0.1913136846796301,1.6042721058422964
5.55,-0.17524939746118334,1.6083449140954014
5.5600000000000005,-0.15914678639772206,1.6120036798058364
5.57,-0.1430093238650666,1.615376057627482
5.58,-0.12683926524517242,1.6185776491927217
5.59,-0.11063777088121217,1.6217117506089536
5.6000000000000005,-0.09440503023299335,1.624869156109201
5.61,-0.07814038775902814,1.6281280011551047
5.62,-0.06184247020989124,1.6315536300883757
5.63,-0.04550931515726062,1.635198475323259
5.64,-0.02913850070342606,1.6391019370388407
5.65,-0.012727276416483807,1.6432902543493226
5.66,0.00372730438356039,1.6477763609962264
5.67,0.02022825080344072,1.652559720721075
5.68,0.03677849879798189,1.657626139649334
5.69,0.0533807735964274,1.6629475552600514
5.7,0.07003744990318292,1.6684818038472553
5.71,0.0867504096733725,1.6741723708159584
5.72,0.10352089731950208,1.6799481307131294
5.73,0.12034937228763509,1.6857230865835637
5.74,0.13723535905117334,1.6913961210666384
5.75,0.15417729470896785,1.6968507746068848
5.76,0.17117237454331102,1.7019550692202396
5.7700000000000005,0.18821639609337262,1.706561399403002
5.78,0.2053036025313711,1.7105065149355794
5.79,0.2224265263920842,1.7136116234374201
5.8,0.23957583500011945,1.715682643464658
5.8100000000000005,0.2567401792613774,1.716510641568705
5.82,0.2739060478314935,1.7158724888802794
5.83,0.2910576290389829,1.7135317742436864
5.84,0.3081766833163673,1.7092400114633064
5.8500000000000005,0.3252424292682491,1.7027381775732793
5.86,0.3422314468678329,1.6937586169177072
5.87,0.3591176016066033,1.6820273419399776
5.88,0.3758719937066325,1.6672667556427478
5.89,0.39246293671945826,1.6491988124424986
5.9,0.40885596995548246,1.6275486234099994
5.91,0.42501390918765825,1.6020484985555776
5.92,0.440896939926594,1.5724424029044637
5.93,0.4564627572457475,1.538490784790501
5.94,0.471666755622404,1.4999757144460202
5.95,0.4864622715346679,1.4567062491704055
5.96,0.5008008806058122,1.408523918943176
5.97,0.5146327499135315,1.355308204366999
5.98,0.5279070446931522,1.296981858552712
5.99,0.5405723870845858,1.2335159074297746
6.0,0.5525773628417476,1.1649341505125141
6.01,0.563871070094836,1.0913169778990066
6.0200000000000005,0.5744037023997277,1.0128043206190707
6.03,0.5841271565072174,0.929597561505376
6.04,0.5929956536298353,0.8419602532506237
6.05,0.6009663615722299,0.7502175194055126
6.0600000000000005,0.6080000040179456,0.6547540522929526
6.07,0.6140614426180889,0.5560106679867367
6.08,0.6191202173776803,0.45447943074868796
6.09,0.6231510312330627,0.3506974151260517
6.1000000000000005,0.6261341656802014,0.24523923027771705
6.11,0.6280558158386171,0.13870848473311403
6.12,0.6289083353748638,0.03172841736489629
6.13,0.6286903841859152,-0.07506804121064334
6.140000000000001,0.6274069745506509,-0.18104848587877928
6.15,0.6250694144683395,-0.28559122882802723
6.16,0.6216951499740904,-0.38809516311994763
6.17,0.6173075112059405,-0.48798901091240565
6.18,0.6119353697558422,-0.5847396981827049
6.19,0.6056127172422865,-0.6778596380680803
6.2,0.5983781769944807,-0.7669127538370513
6.21,0.5902744621655456,-0.8515191268769698
6.22,0.5813477944569414,-0.9313582115913889
6.23,0.5716472979337178,-1.0061706144896203
6.24,0.561224382167149,-1.0757584860922034
6.25,0.5501321282118737,-1.139984619163901
6.26,0.5384246897838709,-1.1987703834639158
6.2700000000000005,0.5261567205425953,-1.2520926546217819
6.28,0.5133828366914351,-1.2999799125539833
6.29,0.5001571222915155,-1.3425076933073754
6.3,0.48653268282528755,-1.379793578147697
6.3100000000000005,0.4725612507285616,-1.4119918962876672
6.32,0.4582928448995342,-1.4392883042955238
6.33,0.4437754846426511,-1.461894387474384
6.34,0.42905495715004655,-1.480042407875665
6.3500000000000005,0.4141746364851378,-1.4939803015177
6.36,0.39917535111969255,-1.5039670050582272
6.37,0.3840952963839733,-1.510268170632641
6.38,0.36896998770703976,-1.5131523075988962
6.390000000000001,0.3538322502319954,-1.512887372072001
6.4,0.3387122402655997,-1.5097378097185223
6.41,0.32363749403762493,-1.503962044460206
6.42,0.3086329993763956,-1.4958103954984865
6.43,0.2937212861276552,-1.4855233972934028
6.44,0.27892253143052753,-1.473330491602643
6.45,0.26425467629560234,-1.459449057147356
6.46,0.24973355028758046,-1.4440837406321645
6.47,0.23537300148295906,-1.42742605241253
6.48,0.22118502923932984,-1.4096541907879823
6.49,0.2071799176671994,-1.3909330604404326
6.5,0.19336636803052118,-1.3714144526964678
6.51,0.17975162861327004,-1.351237357866595
6.5200000000000005,0.1663416208731893,-1.3305283827310417
6.53,0.1531410609586492,-1.3094022491610375
6.54,0.14015357588996855,-1.287962352776358
6.55,0.12738181390312206,-1.266301363360762
6.5600000000000005,0.1148275486227533,-1.2445018514265138
6.57,0.10249177687459178,-1.2226369277966833
6.58,0.09037481006681963,-1.2007708853347678
6.59,0.07847635916789643,-1.1789598339835736
6.6000000000000005,0.06679561338714816,-1.1572523220774649
6.61,0.05533131272634713,-1.135689938469642
6.62,0.04408181461775533,-1.114307891380022
6.63,0.033045154898746695,-1.0931355610340663
6.640000000000001,0.022219103397074003,-1.0721970241451855
6.65,0.011601214415842987,-1.0515115491108558
6.66,0.0011888724148568885,-1.0310940614632083
6.67,-0.009020666813421178,-1.0109555796560765
6.68,-0.01903023917826464,-0.9911036216989673
6.69,-0.02884273924740052,-0.9715425834796554
6.7,-0.038461090847857746,-0.9522740898653215
6.71,-0.04788822104470695,-0.9332973198501848
6.72,-0.05712703724486144,-0.9146093071369016
6.73,-0.06618040718744499,-0.8962052176097051
6.74,-0.07505114159705555,-0.8780786051882027
6.75,-0.08374197929120904,-0.860221647549557
6.76,-0.09225557454804668,-0.8426253631800434
6.7700000000000005,-0.1005944865548099,-0.8252798111702859
6.78,-0.1087611707714524,-0.8081742751065584
6.79,-0.11675797205694108,-0.7912974323373803
6.8,-0.12458711941820001,-0.7746375098135403
6.8100000000000005,-0.13225072225321188,-0.7581824276133958
6.82,-0.13975076797046793,-0.7419199311760839
6.83,-0.14708912087673354,-0.7258377131749825
6.84,-0.15426752223396756,-0.7099235258738911
6.8500000000000005,-0.16128759139421134,-0.6941652847201686
6.86,-0.1681508279283709,-0.6785511638434563
6.87,-0.1748586146710805,-0.6630696840464128
6.88,-0.1814122216092992,-0.6477097937957191
6.890000000000001,-0.1878128105469949,-0.632460943647975
6.9,-0.1940614404822587,-0.6173131544763992
6.91,-0.20015907363652286,-0.6022570798007709
6.92,-0.20610658207827412,-0.5872840624650487
6.93,-0.21190475488582383,-0.5723861858547562
6.94,-0.21755430579536925,-0.5575563197996668
6.95,-0.2230558812818172,-0.5427881612666308
6.96,-0.22841006902070188,-0.5280762699126248
6.97,-0.2336174066800697,-0.5134160985392661
6.98,-0.2386783909914872,-0.498804018467092
6.99,-0.24359348704941153,-0.4842373398307956
7.0,-0.2483631377881031,-0.46971432678520675
7.01,-0.25298777358511565,-0.45523420760597544
7.0200000000000005,-0.2574678219402226,-0.44079717966843757
7.03,-0.26180371717848444,-0.42640440929278894
7.04,-0.2659959101260784,-0.41205802645316053
7.05,-0.27004487770754765,-0.3977611143621398
7.0600000000000005,-0.2739511324133212,-0.383517693960331
7.07,-0.27771523158675426,-0.36933270336225654
7.08,-0.28133778648056634,-0.35521197233479374
7.09,-0.2848194710334502,-0.34116219191190084
7.1000000000000005,-0.2881610303188044,-0.3271908792790589
7.11,-0.2913632886190314,-0.31330633809206326
7.12,-0.29442715708064565,-0.29951761442693775
7.13,-0.2973536409075701,-0.28583444859019946
7.140000000000001,-0.30014384605244965,-0.27226722305085843
7.15,-0.3027989853685873,-0.25882690678677794
7.16,-0.30532038418818525,-0.2455249963677521
7.17,-0.30770948529594233,-0.2323734541253104
7.18,-0.30996785327069143,-0.2193846437842966
7.19,-0.3120971781716283,-0.20657126395320666
7.2,-0.3140992785497556,-0.19394627988867497
7.21,-0.31597610376940183,-0.18152285396399942
7.22,-0.3177297356290356,-0.16931427528189683
7.23,-0.31936238927503974,-0.15733388887755573
7.24,-0.3208764134065867,-0.14559502495936216
7.25,-0.32227428977422695,-0.13411092863135102
7.26,-0.3235586319792137,-0.12289469053350457
7.2700000000000005,-0.324732183584897,-0.1119591788235789
7.28,-0.32579781555568527,-0.10131697290737016
7.29,-0.3267585230430445,-0.09098029930348754
7.3,-0.32761742154175505,-0.08096097000409747
7.3100000000000005,-0.3283777424431264,-0.07127032366512322
7.32,-0.32904282801505746,-0.06191916992845663
7.33,-0.32961612584169553,-0.05291773714533169
7.34,-0.33010118275796413,-0.044275623734627734
7.3500000000000005,-0.3305016383163881,-0.036001753373031305
7.36,-0.3308212178254248,-0.02810433417622333
7.37,-0.33106372499991255,-0.020590821992100015
7.38,-0.33123303426526673,-0.013467887889000742
7.390000000000001,-0.3313330827576926,-0.006741389884501594
7.4,-0.33136786206295676,-0.00041634892400765986
7.41,-0.3313414097361727,0.005503070916427016
7.42,-0.33125780064462823,0.01101357806151725
7.43,-0.3311211381749423,0.01611276499151028
7.44,-0.33093554534479797,0.020799115837504076
7.45,-0.3307051558581922,0.02507201015985318
7.46,-0.3304341051416009,0.028931723074559823
7.47,-0.330126521396701,0.03237942191182877
7.48,-0.32978651670336434,0.035417159607087426
7.49,-0.3294181782045593,0.038047865037716636
7.5,-0.32902555940261,0.04027533052852933
7.51,-0.3286126715939887,0.04210419675574387
7.5200000000000005,-0.32818347546749516,0.04353993528293699
7.53,-0.32774187288832995,0.04458882896337221
7.54,-0.3272916988882277,0.04525795044135804
7.55,-0.3268367138795028,0.04555513898109432
7.5600000000000005,-0.32638059610860576,0.045488975845032496
7.57,-0.3259269343626021,0.04506875843533632
7.58,-0.32547922093989906,0.04430447340182408
7.59,-0.32504084489456564,0.0432067689080451
7.6000000000000005,-0.3246150855617381,0.04178692623413645
7.61,-0.32420510636988287,0.040056830881059075
7.62,-0.3238139489441169,0.03802894332596068
7.63,-0.3234445275033636,0.03571626956297785
7.640000000000001,-0.3230996235528573,0.03313233154798422
7.65,-0.3227818808724039,0.030291137649812526
7.66,-0.322493800799861,0.02720715319450978
7.67,-0.32223773780851367,0.02389527117339508
7.68,-0.3220158953763931,0.020370783170229965
7.69,-0.32183032214510904,0.01664935054782003
7.7,-0.32168290836543667,0.012746975919964541
7.71,-0.32157538262670976,0.008679974920966324
7.72,-0.32150930886701734,0.004464948272001017
7.73,-0.32148608366126974,0.00011875413160522281
7.74,-0.3215069337843852,-0.0043415192935522965
7.75,-0.3215729140471408,-0.008898580911541833
7.76,-0.3216849054026161,-0.013534963724642784
7.7700000000000005,-0.32184361332163364,-0.018233051676295502
7.78,-0.322049566436142,-0.02297510642320019
7.79,-0.32230311545009765,-0.02774329409583065
7.8,-0.32260443231805863,-0.03251971211502237
7.8100000000000005,-0.3229535096923981,-0.0372864161354467
7.82,-0.32335016064076755,-0.04202544718866997
7.83,-0.3237940186361715,-0.04671885909909468
7.84,-0.32428453782274946,-0.051348746245367026
7.8500000000000005,-0.32482099356107885,-0.055897271737792194
7.86,-0.3254024832575053,-0.06034669607890836
7.87,-0.326027927482657,-0.06467940636961862
7.88,-0.32669607138489765,-0.06887794611715733
7.890000000000001,-0.32740548640500017,-0.07292504569366881
7.9,-0.32815457229877104,-0.07680365348530488
7.91,-0.3289415594747062,-0.08049696776151266
7.92,-0.3297645116540012,-0.08398846928260631
7.930000000000001,-0.33062132886035833,-0.0872619546508276
7.94,-0.33150975074701783,-0.09030157039594665
7.95,-0.3324273602682773,-0.09309184777109564
7.96,-0.3333715877024397,-0.09561773821804642
7.97,-0.33433971503263815,-0.09786464944363299
7.98,-0.33532888069131234,-0.09981848203060399
7.99,-0.33633608467325027,-0.10146566648700973
8.0,-0.33735819402105255,-0.10279320061844818
8.01,-0.3383919486856192,-0.10378868708730692
8.02,-0.3394339677627987,-0.10444037100275722
8.03,-0.3404807561056744,-0.10473717736492241
8.040000000000001,-0.34152871131009715,-0.10466874816661924
8.05,-0.3425741310690068,-0.10422547893664354
8.06,-0.34361322088883006,-0.10339855449004585
8.07,-0.34464210215880775,-0.10217998363354043
8.08,-0.3456568205615009,-0.10056263255844873
8.09,-0.3466533548099767,-0.09854025663973845
8.1,-0.34762762569429567,-0.09610753034812876
8.11,-0.34857550541693927,-0.09326007497323457
8.120000000000001,-0.3494928271937603,-0.08999448384965128
8.13,-0.3503753950939323,-0.08630834477505195
8.14,-0.3512189940892614,-0.0822002593100732
8.15,-0.3520194002801338,-0.07766985865426149
8.16,-0.3527723912623466,-0.07271781580085601
8.17,-0.3534737565961509,-0.06734585368586578
8.18,-0.3541193083360639,-0.061556749063867794
8.19,-0.35470489157742824,-0.05535433186426064
8.2,-0.3552263949733491,-0.04874347980733018
8.21,-0.3556797611735748,-0.04173010808932744
8.22,-0.3560609971351356,-0.034321153979649195
8.23,-0.3563661842531678,-0.026524556210895344
8.24,-0.35659148825935355,-0.01834922908372078
8.25,-0.3567331688348422,-0.00980503125258973
8.26,-0.3567875888844053,-0.0009027292052892974
8.27,-0.35675122341894794,0.008346044502191305
8.28,-0.3566206679943615,0.017928838143679085
8.290000000000001,-0.3563926466560744,0.027832432691158447
8.3,-0.35606401934053833,0.038042898440028804
8.31,-0.35563178868727385,0.04854565612779068
8.32,-0.35509310621798257,0.05932554223409716
8.33,-0.35444527784259194,0.07036687810379608
8.34,-0.3536857686559067,0.08165354249128173
8.35,-0.3528122069927663,0.09316904708488007
8.36,-0.35182238771420904,0.10489661453476971
8.370000000000001,-0.3507142747020709,0.11681925847769012
8.38,-0.3494860025446552,0.12891986502692832
8.39,-0.34813587740153235,0.14118127517724086
8.4,-0.3466623770411104,0.15358636756178848
8.41,-0.34506415005029656,0.1661181409920652
8.42,-0.3433400142212691,0.1787597962123039
8.43,-0.34148895412605046,0.19149481630693263
8.44,-0.33951011789513047,0.20430704521322174
8.45,-0.33740281322178606,0.21718076381106807
8.46,-0.33516650261890907,0.23010076308756763
8.47,-0.3328007979600347,0.24305241390519003
8.48,-0.33030545434080527,0.2560217329384538
8.49,-0.3276803633012656,0.2689954443843996
8.5,-0.3249255454531173,0.28196103709618997
8.51,-0.3220411425593418,0.29490681683610526
8.52,-0.3190274091163952,0.30782195339328666
8.53,-0.31588470349147607,0.32069652236202445
8.540000000000001,-0.31261347866915473,0.3335215414274082
8.55,-0.30921427266292795,0.3462890010559791
8.56,-0.3056876986480352,0.35899188953889827
8.57,-0.30203443487215,0.37162421238336124
8.58,-0.29825521440036795,0.3841810060938884
8.59,-0.29435081475027225,0.39665834642810205
8.6,-0.2903220474718059,0.40905335125113185
8.61,-0.28616974772524956,0.42136417814841104
8.620000000000001,-0.28189476390883766,0.4335900169879549
8.63,-0.27749794738549044,0.44573107764994585
8.64,-0.27298014235583873,0.4577885731633615
8.65,-0.26834217592222326,0.4697646985063239
8.66,-0.2635848483857123,0.48166260533874466
8.67,-0.25870892381544836,0.4934863729426854
8.68,-0.25371512092685855,0.5052409756476967
8.69,-0.24860410430249438,0.5169322470153562
8.700000000000001,-0.2433764759865514,0.5285668410494524
8.71,-0.23803276748150534,0.5401521906859478
8.72,-0.23257343217283247,0.5516964638002472
8.73,-0.2269988382055004,0.563208516948625
8.74,-0.22130926183386,0.5746978470362194
8.75,-0.21550488126477602,0.58617454107605
8.76,-0.20958577101233897,0.5976492241723405
8.77,-0.20355189678132923,0.6091330058273162
8.78,-0.19740311089579266,0.6206374246338661
8.790000000000001,-0.1911391482886519,0.6321743913772727
8.8,-0.1847596230682472,0.643756130527882
8.81,-0.17826402567809427,0.6553951200633337
8.82,-0.17165172066698053,0.6671040295140424
8.83,-0.1649219450878134,0.6788956560792134
8.84,-0.15807380754539624,0.690782858613013
8.85,-0.15110628791555314,0.70277848923179
8.86,-0.14401823776076045,0.7148953222436816
8.870000000000001,-0.13680838147067953,0.7271459800517457
8.88,-0.12947531815972554,0.7395428556311954
8.89,-0.12201752435805562,0.7520980311306443
8.9,-0.11443335753711266,0.7648231920968319
8.91,-0.10672106051611897,0.7777295367724736
8.92,-0.09887876680166317,0.7908276798681475
8.93,-0.09090450691875601,0.804127550162056
8.94,-0.08279621579842206,0.8176382812367925
8.950000000000001,-0.07455174129402016,0.8313680946207513
8.96,-0.06616885390600702,0.8453241745645688
8.97,-0.05764525780272878,0.8595125336512268
8.98,-0.04897860323298248,0.8739378684136714
8.99,-0.040166500434455354,0.8886034041177578
9.0,-0.031206535150627334,0.9035107278631409
9.01,-0.02209628587719254,0.9186596091628043
9.02,-0.012833342967371248,0.9340478071861376
9.03,-0.003415329733469789,0.949670863894089
9.040000000000001,0.006160074310510531,0.9655218823617179
9.05,0.01589510791376457,0.9815912896776986
9.06,0.025791900104064503,0.9978665839367847
9.07,0.035852439592500264,1.0143320650052623
9.08,0.046078541404169754,1.0309685489468623
9.09,0.05647181057143751,1.0477530662538512
9.1,0.06703360272924679,1.0646585443418837
9.11,0.07776498145827519,1.0816534751448557
9.120000000000001,0.0886666722321439,1.0987015690948285
9.13,0.09973901284017177,1.115761397299469
9.14,0.1109819001781333,1.1327860243425056
9.15,0.12239473332702189,1.1497226348379017
9.16,0.13397635287489132,1.1665121576712276
9.17,0.1457249764804464,1.1830888927658247
9.18,0.1576381307302078,1.1993801462182725
9.19,0.16971257940481188,1.2153058807556942
9.200000000000001,0.1819442483453217,1.230778389670843
9.21,0.19432814719822872,1.2457020036788133
9.22,0.20685828841889795,1.2599728414944442
9.23,0.2195276040281176,1.2734786163272913
9.24,0.2323278607454438,1.2860985118978343
9.25,0.24524957426607433,1.2977031429506758
9.26,0.25828192360445734,1.3081546165229188
9.27,0.2714126665965327,1.3173067113516135
9.28,0.28462805783148953,1.3250051936934377
9.290000000000001,0.29791277047040143,1.3310882883903798
9.3,0.31124982359929715,1.3353873241432077
9.31,0.32462051695326555,1.3377275715361918
9.32,0.33800437503002095,1.3379292912714773
9.33,0.3513791027786951,1.3358090081970218
9.34,0.3647205551939614,1.3311810239295359
9.35,0.3780027232572858,1.3238591770765735
9.36,0.39119773873549285,1.3136588551644697
9.370000000000001,0.40427590036057515,1.300399256328313
9.38,0.41720572386205906,1.2839058916083324
9.39,0.4299540181927418,1.2640133103730924
9.4,0.44248599006952094,1.2405680220724955
9.41,0.45476537863419175,1.2134315774119357
9.42,0.4667546216177597,1.1824837614204693
9.43,0.4784150538626012,1.1476258401395156
9.44,0.48970713842055,1.108783792252269
9.450000000000001,0.5005907297076465,1.0659114474541762
9.46,0.5110253673696334,1.018993445337849
9.47,0.5209705986144034,0.9680479226696878
9.48,0.5303863258230272,0.9131288338032453
9.49,0.5392331752904683,0.8543278091892136
9.5,0.5474728820068114,0.7917754609877807
9.51,0.5550686845102238,0.7256420529992056
9.52,0.5619857230667955,0.656137464636921
9.53,0.5681914338029622,0.5835103953690357
9.540000000000001,0.5736559309741761,0.5080467765771839
9.55,0.5783523693345058,0.43006738147974544
9.56,0.5822572786037711,0.3499246497312647
9.57,0.5853508623291311,0.267998770408334
9.58,0.5876172540119377,0.1846930940262806
9.59,0.5890447242096567,0.10042896961756703
9.6,0.589625833404289,0.0156401253673958
9.61,0.5893575267170047,-0.0692332704214071
9.620000000000001,0.5882411679958609,-0.15375071823444733
9.63,0.5862825123523158,-0.23747750931597317
9.64,0.5834916178095414,-0.31999070333042867
9.65,0.5798826982857072,-0.40088481025162503
9.66,0.5754739216045089,-0.4797770370452379
9.67,0.5702871575448024,-0.5563119771455952
9.68,0.564347682061597,-0.6301656425526224
9.69,0.5576838446937499,-0.7010487633522683
9.700000000000001,0.5503267067945516,-0.7687093062308762
9.71,0.5423096585691324,-0.832934190722082
9.72,0.53366802298011,-0.8935502081748472
9.73,0.5244386544056354,-0.9504241725964004
9.74,0.514659539528182,-1.0034623536534064
9.75,0.5043694073325673,-1.0526092595148815
9.76,0.49360735433788433,-1.0978458504717779
9.77,0.4824124903231317,-1.139187273220577
9.78,0.47082360887347274,-1.1766802104466474
9.790000000000001,0.45887888611419875,-1.2103999411893822
9.8,0.4466156100496851,-1.2404472048765216
9.81,0.4340699420166683,-1.2669449564492044
9.82,0.421276710920701,-1.290035092289833
9.83,0.4082692401708717,-1.3098752173518446
9.84,0.39507920657366413,-1.3266355135881067
9.85,0.3817365298991095,-1.3404957590414657
9.86,0.36826929139283476,-1.3516425362795796
9.870000000000001,0.3547036791735179,-1.3602666586214884
9.88,0.34106395822040503,-1.366560833118793
9.89,0.3273724625111421,-1.3707175707340353
9.9,0.31364960680572435,-1.3729273467350849
9.91,0.29991391557644037,-1.3733770080576009
9.92,0.2861820666445723,-1.3722484192789524
9.93,0.2724689471908613,-1.369717334850522
9.94,0.25878771994756183,-1.3659524822707376
9.950000000000001,0.24514989754544653,-1.3611148388449104
9.96,0.23156542317066364,-1.355357083453069
9.97,0.21804275587638516,-1.348823204211312
9.98,0.2045889590864374,-1.341648242944851
9.99,0.19120979101748814,-1.333958157877065
10.0,0.17790979592889608,-1.325869786773074
10.01,0.16469239528202664,-1.3174908938646614
10.02,0.15155997805160284,-1.3089202851443362
10.03,0.1385139895791399,-1.3002479779812492
10.040000000000001,0.12555501849197784,-1.2915554124241204
10.05,0.11268288133065747,-1.2829156929713808
10.06,0.09989670463255022,-1.2743938509718664
10.07,0.08719500431122015,-1.266047119145227
10.08,0.07457576224964568,-1.2579252109622285
10.09,0.06203650009197558,-1.2500705987904235
10.1,0.04957435027383721,-1.2425187857847
10.11,0.03718612437628158,-1.2352985674838382
10.120000000000001,0.024868378924160453,-1.228432279965507
10.13,0.012617478776971443,-1.221936032217793
10.14,0.00042965827980459244,-1.215819921111767
10.15,-0.0116989196452639,-1.2100882280143475
10.16,-0.02377210628048236,-1.2047395966720555
10.17,-0.035793711578705006,-1.1997671925326556
10.18,-0.04776745013113547,-1.1951588441615335
10.19,-0.059696888461935674,-1.190897167860993
10.200000000000001,-0.07158539348835531,-1.186959677020867
10.21,-0.083436082002353,-1.1833188781245534
10.22,-0.09525177105084638,-1.1799423557114468
10.23,-0.10703492911658194,-1.1767928489592816
10.24,-0.11878762803003202,-1.1738283229014026
10.25,-0.13051149557461,-1.1710020376363255
10.26,-0.14220766878275853,-1.168262619220518
10.27,-0.15387674795902034,-1.1655541362588293
10.28,-0.1655187515079351,-1.1628161865173936
10.290000000000001,-0.1771330716893682,-1.159983998176191
10.3,-0.18871843147145892,-1.1569885506058588
10.31,-0.20027284270148538,-1.1537567197868712
10.32,-0.21179356586719633,-1.1502114536777936
10.33,-0.22327707177504125,-1.1462719829699082
10.34,-0.23471900552659447,-1.1418540727230466
10.35,-0.24611415322950217,-1.1368703203451695
10.36,-0.2574564119334979,-1.1312305052378238
10.370000000000001,-0.26873876333425867,-1.124841995161794
10.38,-0.2799532518367338,-1.117610213962317
10.39,-0.29109096761350506,-1.1094391747117038
10.4,-0.3021420353309679,-1.1002320815609399
10.41,-0.31309560924472385,-1.0898920026249574
10.42,-0.3239398753834671,-1.0783226150465954
10.43,-0.3346620615456558,-1.0654290219845988
10.44,-0.34524845582315905,-1.0511186396507655
10.450000000000001,-0.3556844343386711,-1.0353021506880449
10.46,-0.36595449883691994,-1.0178945181522039
10.47,-0.3760423247017151,-0.9988160521627958
10.48,-0.3859308198801758,-0.9779935189649177
10.49,-0.39560219508101346,-0.9553612797447928
10.5,-0.40503804547507166,-0.9308624441357147
10.51,-0.4142194439637278,-0.9044500210149671
10.52,-0.42312704589537103,-0.8760880470167116
10.53,-0.43174120490406204,-0.8457526712691159
10.540000000000001,-0.4400420993207534,-0.8134331733103739
10.55,-0.4480098683702695,-0.7791328900534057
10.56,-0.4556247571218215,-0.7428700271549382
10.57,-0.4628672689133683,-0.7046783302940072
10.58,-0.46971832372770167,-0.664607592754759
10.59,-0.4761594207684635,-0.6227239773939883
10.6,-0.4821728032755815,-0.579110133582524
10.61,-0.487741623440114,-0.5338650930358446
10.620000000000001,-0.49285010513629834,-0.4871039325508292
10.63,-0.49748370209113063,-0.43895719646110304
10.64,-0.5016292490655204,-0.38957007699297863
10.65,-0.5052751036309902,-0.3391013564910662
10.66,-0.5084112761953418,-0.28772212149941556
10.67,-0.5110295460609785,-0.2356142647186955
10.68,-0.5131235614897157,-0.18296879668610352
10.69,-0.5146889219947006,-0.1299839944127637
10.700000000000001,-0.515723241377971,-0.07686341894241783
10.71,-0.516226190373549,-0.023813837665319408
10.72,-0.5161995181312774,0.028956909935041526
10.73,-0.5156470521748482,0.08124206273251006
10.74,-0.5145746768766272,0.13283806377066892
10.75,-0.5129902908994347,0.18354662138335778
10.76,-0.5109037444489599,0.2331766675636288
10.77,-0.5083267575481621,0.28154617863911235
10.78,-0.5052728208761778,0.3284838274161847
10.790000000000001,-0.5017570809998385,0.3738304408696723
10.8,-0.4977962120587843,0.4174402429726749
10.81,-0.49340827614038496,0.45918186815818957
10.82,-0.4886125746956205,0.4989391369507753
10.83,-0.4834294934013695,0.536611591279072
10.84,-0.47788034287003905,0.5721147926722895
10.85,-0.4719871975479237,0.6053803917756653
10.86,-0.46577273503452576,0.6363559822441478
10.870000000000001,-0.45926007790304074,0.6650047559802272
10.88,-0.45247263991492126,0.6913049798000183
10.89,-0.4454339783070404,0.7152493159090078
10.9,-0.43816765359674115,0.7368440100488728
10.91,-0.430697098106063,0.7561079718746909
10.92,-0.4230454941592473,0.7730717720992554
10.93,-0.41523566266407785,0.7877765802798381
10.94,-0.4072899625536506,0.8002730659183124
10.950000000000001,-0.39923020134571163,0.8106202839015628
10.96,-0.3910775568756193,0.8188845633313157
10.97,-0.3828525100790853,0.8251384165840291
10.98,-0.37457478854393866,0.8294594830988575
10.99,-0.3662633204171081,0.8319295200019678
11.0,-0.35793619814389926,0.8326334493141239
11.01,-0.3496106514308256,0.8316584692182623
11.02,-0.34130302875953406,0.829093234734556
11.03,-0.3330287867361345,0.8250271111992773
11.040000000000001,-0.3248024865355485,0.8195495021958302
11.05,-0.31663779669221787,0.8127492520561269
11.06,-0.30854750149442595,0.8047141217432434
11.07,-0.300543514257353,0.795530335839478
11.08,-0.2926368947776364,0.7852821974888121
11.09,-0.28483787030757673,0.7740517674658896
11.1,-0.2771558594283186,0.7619186030481901
11.11,-0.26959949824661295,0.7489595520351773
11.120000000000001,-0.26217666838761505,0.7352485970678464
11.13,-0.25489452630525605,0.7208567453341106
11.14,-0.24775953348093285,0.7058519587801076
11.15,-0.24077748712965388,0.6902991200660845
11.16,-0.23395355107961116,0.6742600296906768
11.17,-0.22729228653584035,0.6577934299434146
11.18,-0.22079768248074286,0.6409550516181869
11.19,-0.2144731855034766,0.6237976797179879
11.200000000000001,-0.2083217288863831,0.6063712346931424
11.21,-0.20234576080961375,0.5887228660726179
11.22,-0.19654727156493074,0.5708970556638366
11.23,-0.19092781969633704,0.5529357278048562
11.24,-0.18548855700883363,0.5348783644494702
11.25,-0.18023025240734764,0.5167621231473535
11.26,-0.17515331454588656,0.49862195624550465
11.27,-0.17025781328243755,0.4804907298823943
11.28,-0.1655434999482387,0.46239934157156515
11.290000000000001,-0.16100982645100625,0.44437683537668204
11.3,-0.15665596324070508,0.4264505138653484
11.31,-0.15248081617369932,0.4086460461949228
11.32,-0.14848304231680665,0.3909875718308523
11.33,-0.1446610647370823,0.37349779952766365
11.34,-0.14101308632625337,0.35619810131582347
11.35,-0.1375371027107658,0.3391086013353675
11.36,-0.134230914299546,0.32224825944073376
11.370000000000001,-0.13109213752195115,0.3056349495718379
11.38,-0.12811821530810927,0.28928553294531745
11.39,-0.12530642686304477,0.2732159261682103
11.4,-0.12265389678474503,0.25744116441525444
11.41,-0.12015760357473967,0.24197545984155927
11.42,-0.11781438758791385,0.22683225542560348
11.43,-0.11562095846622761,0.2120242744542944
11.44,-0.11357390209882795,0.19756356587303303
11.450000000000001,-0.11166968714876695,0.18346154573016327
11.46,-0.10990467118422469,0.1697290349475638
11.47,-0.10827510644981567,0.15637629364812466
11.48,-0.10677714531126219,0.1434130522670319
11.49,-0.10540684540447502,0.1308485396677018
11.5,-0.10416017451790814,0.1186915084753384
11.51,-0.10303301523496824,0.1069502578318684
11.52,-0.10202116936127077,0.09563265376581306
11.53,-0.10112036215965198,0.08474614735982847
11.540000000000001,-0.1003262464140742,0.07429779088747615
11.55,-0.09963440634190246,0.06429425207953522
11.56,-0.0990403613724835,0.05474182666905607
11.57,-0.09853956980852133,0.04564644935357422
11.58,-0.09812743238541201,0.037013703302610466
11.59,-0.09779929574246912,0.0288488283289116
11.6,-0.09755045581883377,0.02115672783293989
11.61,-0.09737616118581033,0.013941974621981015
11.620000000000001,-0.09727161632639417,0.0072088156979676216
11.63,-0.09723198487185099,0.000961176101748229
11.64,-0.09725239280435921,-0.004797338103912217
11.65,-0.09732793163392923,-0.010063437634832605
11.66,-0.09745366155705587,-0.014834148495258267
11.67,-0.09762461460383441,-0.019106811125616983
11.68,-0.09783579777956822,-0.022879080118655207
11.69,-0.09808219620620752,-0.02614892443554028
11.700000000000001,-0.09835877626827902,-0.02891462805392646
11.71,-0.09866048876728604,-0.03117479097976767
11.72,-0.09898227208787438,-0.032928330553907384
11.73,-0.0993190553783642,-0.03417448298328416
11.74,-0.09966576174754008,-0.034912805025065406
11.75,-0.10001731147886553,-0.03514317575027105
11.76,-0.1003686252625455,-0.03486579831159055
11.77,-0.10071462744509734,-0.03408120163824793
11.78,-0.10105024929531045,-0.032790241979051844
11.790000000000001,-0.10137043228467836,-0.03099410421330153
11.8,-0.10167013137957648,-0.028694302848126147
11.81,-0.10194431834164087,-0.02589268262023068
11.82,-0.10218798503198108,-0.02259141862002281
11.83,-0.10239614671404133,-0.01879301585680977
11.84,-0.10256384534911728,-0.014500308185284676
11.85,-0.10268615287774703,-0.009716456515963985
11.86,-0.10275817447943657,-0.004444946235676255
11.870000000000001,-0.10277505180246056,0.0013104162312873062
11.88,-0.10273196615481082,0.007545507785104239
11.89,-0.10262414164675847,0.014255893992346518
11.9,-0.10244684827496389,0.021436835456757203
11.91,-0.10219540493762333,0.029083295258431882
11.92,-0.10186518236979525,0.03718994749040047
11.93,-0.10145160598781532,0.045751186909795925
11.94,-0.10095015863159934,0.05476113970775812
11.950000000000001,-0.10035638319366016,0.06421367538798851
11.96,-0.09966588512383956,0.07410241972849307
11.97,-0.09887433479909029,0.08442076878459057
11.98,-0.09797746974814775,0.09516190387379383
11.99,-0.09697109672161441,0.10631880746477913
12.0,-0.09585109359885216,0.11788427987343822
12.01,-0.09461341112414565,0.1298509566490604
12.02,-0.09325407446587095,0.1422113265131264
12.030000000000001,-0.09176918459388311,0.1549577496921228
12.040000000000001,-0.0901549194720285,0.16808247646432017
12.05,-0.08840753506459671,0.181577665718709
12.06,-0.08652336615765431,0.19543540330236897
12.07,-0.08449882699854933,0.20964771991056078
12.08,-0.0823304117594431,0.22420660825187744
12.09,-0.08001469483351178,0.23910403919896422
12.1,-0.0775483309754638,0.2543319766136963
12.11,-0.07492805530123785,0.2698823905143647
12.120000000000001,-0.07215068316517652,0.2857472682314311
12.13,-0.06921310993660923,0.30191862317782237
12.14,-0.06611231070162006,0.31838850083960435
12.15,-0.06284533991981714,0.33514898157323897
12.16,-0.05940933107015528,0.35219217977653905
12.17,-0.055801496324286354,0.3695102389819388
12.18,-0.0520191262905165,0.38709532240285077
12.19,-0.04805958987622933,0.40493959844675576
12.200000000000001,-0.04392033432158138,0.4230352206923694
12.21,-0.03959888546238194,0.44137430181287535
12.22,-0.03509284828532387,0.45994888091298813
12.23,-0.030399907844122182,0.47875088373473745
12.24,-0.025517830610629125,0.49777207517565647
12.25,-0.020444466340609053,0.5170040035538933
12.26,-0.015177750539551258,0.5364379360481465
12.27,-0.009715707619646121,0.5560647847368612
12.280000000000001,-0.004056454844814033,0.5758750226615752
12.290000000000001,0.0018017928335853836,0.5958585893445933
12.3,0.007860716942077834,0.6160047852024032
12.31,0.014121888537633447,0.6363021543147466
12.32,0.020586760028372765,0.6567383550365767
12.33,0.02725665563836498,0.6773000179780764
12.34,0.034132760387934294,0.6979725909285678
12.35,0.041216107456936345,0.7187401703659011
12.36,0.04850756379525232,0.7395853192764581
12.370000000000001,0.056007813842465504,0.7604888711152753
12.38,0.06371734121755783,0.7814297198643172
12.39,0.07163640823975186,0.8023845963032772
12.4,0.07976503314362338,0.8233278307954034
12.41,0.08810296485565992,0.8442311031149382
12.42,0.09664965520592214,0.8650631801072187
12.43,0.1054042284578043,0.8857896422817946
12.44,0.11436544805155803,0.9063726007975409
12.450000000000001,0.12353168047375511,0.9267704067109471
12.46,0.13290085618577696,0.9469373548284138
12.47,0.14247042757032338,0.9668233850337004
12.48,0.15223732388645098,0.9863737845548568
12.49,0.1621979032614205,1.0055288952919004
12.5,0.17234790179228895,1.0242238310462022
12.51,0.18268237988234454,1.0423882102717228
12.52,0.1931956659977234,1.0599459108006484
12.530000000000001,0.2038812980983575,1.07681485387182
12.540000000000001,0.2147319630751598,1.092906825695542
12.55,0.2257394346122683,1.1081273457038452
12.56,0.2368945099892367,1.1223755915363212
12.57,0.24818694644299474,1.135544391667153
12.58,0.25960539782257974,1.147520297350999
12.59,0.27113735239001474,1.1581837462087565
12.6,0.2827690727467549,1.1674093302364594
12.61,0.2944855389947439,1.1750661812421404
12.620000000000001,0.30627039637159764,1.1810184866306717
12.63,0.3181059087273573,1.1851261479947617
12.64,0.32997291933149286,1.1872455940580056
12.65,0.3418508206085174,1.1872307580798507
12.66,0.35371753449308985,1.184934227803088
12.67,0.3655495051645791,1.1802085733411432
12.68,0.37732170595991266,1.172907855018243
12.69,0.389007662264944,1.1628893090641852
12.700000000000001,0.4005794921411964,1.1500152042278906
12.71,0.4120079663495018,1.1341548568455022
12.72,0.4232625892781065,1.1151867857558229
12.73,0.43431170206461833,1.0930009818216166
12.74,0.44512260891453886,1.0675012598639984
12.75,0.45566172726189835,1.0386076537760267
12.76,0.4658947619900594,1.006258808729308
12.77,0.4757869034364845,0.9704143180486356
12.780000000000001,0.4853030483510321,0.9310569468652894
12.790000000000001,0.4944080423737902,0.8881946804518104
12.8,0.5030669419600683,0.8418625325738401
12.81,0.5112452930252671,0.7921240486299672
12.82,0.5189094229326677,0.739072440101489
12.83,0.5260267418272968,0.6828312911362728
12.84,0.5325660487553932,0.623554785075155
12.85,0.5384978375288,0.5614274083967163
12.86,0.5437945969233275,0.49666310176005535
12.870000000000001,0.5484310995640012,0.4295038422607267
12.88,0.5523846737685421,0.3602176572207798
12.89,0.5556354527084167,0.289096087204434
12.9,0.5581665955126307,0.21645113376285902
12.91,0.5599644753836739,0.14261174486065112
12.92,0.5610188304098438,0.06791990718524178
12.93,0.5613228735273788,-0.007273571229153231
12.94,0.5608733589852608,-0.0826134931618646
12.950000000000001,0.5596706036641416,-0.15774481615512131
12.96,0.5577184626621584,-0.23231720098047953
12.97,0.555024259644532,-0.30598945712719855
12.98,0.5515986735196144,-0.37843378166017505
12.99,0.5474555840113285,-0.4493396954915245
13.0,0.542611879609784,-0.5184175922393564
13.01,0.5370872321665414,-0.5854018288118847
13.02,0.5309038430335463,-0.650053302923655
13.030000000000001,0.5240861661080682,-0.7121614801109434
13.040000000000001,0.5166606134313274,-0.7715458506269505
13.05,0.5086552490955293,-0.8280568140537634
13.06,0.500099477150252,-0.8815760058325841
13.07,0.49102372897887747,-0.9320160945663433
13.08,0.48145915525892513,-0.9793200914110842
13.09,0.4714373271506558,-1.0234602228220937
13.1,0.4609899508024833,-1.0644364251936733
13.11,0.45014859864678236,-1.102274524513236
13.120000000000001,0.4389444603122186,-1.1370241661584892
13.13,0.42740811532361256,-1.1687565596262601
13.14,0.41556932911969335,-1.1975621005989188
13.15,0.40345687331163416,-1.2235479286873765
13.16,0.3910983705459459,-1.2468354738211362
13.17,0.3785201638352115,-1.2675580379694116
13.18,0.3657472097865576,-1.2858584520370726
13.19,0.35280299479446997,-1.3018868407145383
13.200000000000001,0.33970947297226683,-1.3157985210559777
13.21,0.3264870243733504,-1.327752053848503
13.22,0.3131544318952968,-1.3379074605967765
13.23,0.29972887516141494,-1.3464246133115663
13.24,0.2862259396290655,-1.3534617993388314
13.25,0.27265963917463837,-1.3591744592377464
13.26,0.2590424504443106,-1.3637140922165174
13.27,0.24538535733030803,-1.3672273208407162
13.280000000000001,0.2316979040274963,-1.3698551045958924
13.290000000000001,0.21798825523839016,-1.3717320903554606
13.3,0.20426326222038707,-1.372986086808321
13.31,0.19052853350222376,-1.373737649366189
13.32,0.17678850923306333,-1.3740997619257096
13.33,0.1630465382637096,-1.374177602035372
13.34,0.1493049571923559,-1.3740683764471873
13.35,0.13556517073476584,-1.3738612146596016
13.36,0.12182773289916385,-1.3736371088300334
13.370000000000001,0.10809242855816517,-1.3734688893091735
13.38,0.09435835511298038,-1.3734212259888734
13.39,0.08062400403838771,-1.3735506466324516
13.4,0.06688734218033135,-1.373905564348821
13.41,0.05314589275141129,-1.3745263073644054
13.42,0.039396816033043236,-1.3754451452293688
13.43,0.025636989846823905,-1.3766863065619652
13.44,0.011863089901803929,-1.3782659843857281
13.450000000000001,-0.00192832984089066,-1.3801923260509754
13.46,-0.01574075661921558,-1.382465405659696
13.47,-0.029577637954084576,-1.3850771778383457
13.48,-0.04344230017598249,-1.3880114126348906
13.49,-0.05733786620678239,-1.3912436122639182
13.5,-0.07126717242126086,-1.3947409113963387
13.51,-0.08523268443470917,-1.3984619636971949
13.52,-0.09923641169520477,-1.4023568183644366
13.530000000000001,-0.1132798208019979,-1.406366791519341
13.540000000000001,-0.12736374752559157,-1.4104243384491484
13.55,-0.14148830757098085,-1.414452933904501
13.56,-0.15565280620368158,-1.4183669689040386
13.57,-0.1698556469490616,-1.422071673786186
13.58,-0.18409423967940527,-1.4254630785574127
13.59,-0.19836490852020985,-1.4284280228929933
13.6,-0.21266280013726516,-1.4308442294178538
13.61,-0.22698179310856695,-1.4325804550889538
13.620000000000001,-0.24131440923904424,-1.4334967365638458
13.63,-0.25565172783984386,-1.4334447463085311
13.64,-0.2699833041652149,-1.4322682767963373
13.65,-0.28429709337577064,-1.429803870392519
13.66,-0.2985793815730653,-1.4258816123116074
13.67,-0.3128147256220028,-1.42032610327415
13.68,-0.3269859036385483,-1.412957627070821
13.69,-0.3410738781634192,-1.4035935260604722
13.700000000000001,-0.3550577741597577,-1.3920497945875112
13.71,-0.36891487405516943,-1.3781428963208409
13.72,-0.38262063208617453,-1.3616918065332546
13.73,-0.39614871018583453,-1.3425202743323084
13.74,-0.4094710375728207,-1.3204592928415637
13.75,-0.4225578960426658,-1.295349757390366
13.76,-0.4353780327206281,-1.2670452830418089
13.77,-0.447898801703502,-1.2354151434862417
13.780000000000001,-0.4600863355903529,-1.2003472837435476
13.790000000000001,-0.47190574737837293,-1.161751349621649
13.8,-0.48332136258278585,-1.1195616679143532
13.81,-0.49429698073666,-1.0737401033923144
13.82,-0.5047961646506322,-1.0242787122909123
13.83,-0.5147825549824783,-0.9712021077857815
13.84,-0.5242202068063478,-0.9145694514067378
13.85,-0.533073944010613,-0.8544759859485447
13.86,-0.5413097265253187,-0.7910540305621293
13.870000000000001,-0.5488950246218557,-0.7244733675742974
13.88,-0.5557991938768047,-0.6549409632228027
13.89,-0.5619938438863117,-0.5826999807249631
13.9,-0.567453193491304,-0.5080280635059911
13.91,-0.5721544051564316,-0.4312348883474181
13.92,-0.5760778912582524,-0.3526590118102075
13.93,-0.5792075853926357,-0.2726640574979958
13.94,-0.5815311724082123,-0.1916343153901843
13.950000000000001,-0.5830402717004395,-0.10996984638184747
13.96,-0.5837305693358493,-0.02808120414214217
13.97,-0.5836018957832824,0.05361609861050261
13.98,-0.5826582473636394,0.13470724217562924
13.99,-0.5809077509397699,0.21478372833087345
14.0,-0.578362572797022,0.29344884423679135
14.01,-0.5750387740550341,0.3703228274906857
14.02,-0.5709561162472082,0.4450476099475264
14.030000000000001,-0.5661378218560835,0.5172910344120343
14.040000000000001,-0.5606102955589675,0.5867504584300965
14.05,-0.5544028126874816,0.6531556820630785
14.06,-0.5475471819177059,0.716271160518117
14.07,-0.5400773894771193,0.7758974866284712
14.08,-0.5320292321851364,0.8318721513019065
14.09,-0.523439946451081,0.8840696111951435
14.1,-0.5143478399612336,0.9324007112347691
14.11,-0.5047919322263856,0.9768115246203938
14.120000000000001,-0.4948116094688257,1.017281684281374
14.13,-0.4844462985407582,1.0538222873109266
14.14,-0.47373516372260716,1.0864734577753312
14.15,-0.46271682938525155,1.1153016537693996
14.16,-0.4514291306472191,1.1403968020737945
14.17,-0.43990889334377564,1.1618693387659327
14.18,-0.4281917438719005,1.1798472271918634
14.19,-0.4163119487999384,1.1944730163779793
14.200000000000001,-0.4043022835443409,1.2059009937812861
14.21,-0.39219392892431265,1.2142944767292474
14.22,-0.3800163940097559,1.219823277403297
14.23,-0.36779746337624664,1.2226613671168436
14.24,-0.355563166667419,1.2229847571931223
14.25,-0.34333776823238416,1.2209696061480118
14.26,-0.3311437745444587,1.2167905562446475
14.27,-0.3190019571074912,1.210619296865155
14.280000000000001,-0.3069313886071556,1.2026233475431987
14.290000000000001,-0.2949494901566272,1.1929650498815423
14.3,-0.28307208760952474,1.1818007548732903
14.31,-0.27131347505916137,1.169280190265068
14.32,-0.2596864838042233,1.155545991444028
14.33,-0.24820255523028076,1.1407333787919987
14.34,-0.23687181622838333,1.1249699644235773
14.35,-0.2257031559418092,1.1083756716094941
14.36,-0.21470430279619346,1.0910627508888626
14.370000000000001,-0.20388190092403194,1.0731358778103153
14.38,-0.19324158523998713,1.0546923183394614
14.39,-0.1827880545572427,1.0358221491664348
14.4,-0.17252514225665844,1.016608521391
14.41,-0.16245588412942272,0.9971279573121966
14.42,-0.1525825831104145,0.977450671272344
14.43,-0.1429068707039758,0.957640906676977
14.44,-0.13342976497687495,0.9377572824154278
14.450000000000001,-0.12415172505566727,0.9178531429296957
14.46,-0.11507270211828104,0.8979769071151436
14.47,-0.10619218691336439,0.8781724120825155
14.48,-0.09750925387663073,0.8584792485669063
14.49,-0.08902260194202626,0.8389330854380563
14.5,-0.08073059216786958,0.8195659813517917
14.51,-0.07263128231499041,0.8004066820898246
14.52,-0.0647224585260731,0.7814809025704501
14.530000000000001,-0.05700166426358142,0.7628115928822555
14.540000000000001,-0.04946622666842799,0.7444191880032681
14.55,-0.04211328050351606,0.7263218411253672
14.56,-0.034939789845920645,0.7085356407144079
14.57,-0.0279425676892279,0.691074811606133
14.58,-0.021118293613797984,0.6739519005719742
14.59,-0.014463529677788415,0.6571779468921843
14.6,-0.007974734675954297,0.6407626385508929
14.61,-0.0016482769067705564,0.6247144547226315
14.620000000000001,0.004519554418498335,0.6090407952562221
14.63,0.010532538998353888,0.5937480978827872
14.64,0.01639451637615408,0.5788419438827962
14.65,0.022109377876009816,0.5643271529448733
14.66,0.02768105943505155,0.5502078679386273
14.67,0.03311353523478236,0.5364876303067768
14.68,0.038410812041187084,0.5231694467598252
14.69,0.04357692416997887,0.5102558479307391
14.700000000000001,0.04861592899980187,0.49774893961856465
14.71,0.053531902962350164,0.4856504472195383
14.72,0.05832893794419264,0.47396175391272677
14.73,0.06301113804060471,0.4626839331351579
14.74,0.06758261660689581,0.45181777584923755
14.75,0.07204749355758946,0.4413638130733665
14.76,0.07640989286836315,0.43132233411536763
14.77,0.08067394023989684,0.42169340091783086
14.780000000000001,0.08484376088671977,0.4124768588949512
14.790000000000001,0.08892347741779585,0.4036723446120005
14.8,0.09291720777895979,0.3952792906313174
14.81,0.0968290632304222,0.3872969278226864
14.82,0.10066314633541351,0.37972428541123415
14.83,0.10442354893864689,0.3725601890125159
14.84,0.10811435011566384,0.36580325688230025
14.85,0.1117396140762929,0.3594518945876739
14.86,0.11530338800741732,0.3535042882864648
14.870000000000001,0.1188096998420222,0.3479583967835986
14.88,0.1222625559430893,0.34281194251583497
14.89,0.1256659386923389,0.3380624016003514
14.9,0.12902380397509633,0.33370699306782203
14.91,0.13234007855369537,0.3297426673869547
14.92,0.13561865732283543,0.3261660943748733
14.93,0.13886340044119283,0.32297365057624366
14.94,0.14207813033436031,0.3201614061836145
14.950000000000001,0.1452666285648651,0.31772511156207
14.96,0.14843263256560169,0.31566018343294444
14.97,0.15157983223352398,0.3139616907640261
14.98,0.1547118663808822,0.31262434040736925
14.99,0.15783231904167136,0.3116424625205311
15.0,0.1609447156312928,0.3110099958027582
15.01,0.16405251895772652,0.3107204725743656
15.02,0.16715912508278014,0.3107670037252876
15.030000000000001,0.17026785903223227,0.31114226355753816
15.040000000000001,0.17338197035393088,0.3118384745461208
15.05,0.17650462852315466,0.31284739204377926
15.06,0.17963891819480646,0.31416028895690434
15.07,0.18278783430229276,0.3157679404229256
15.08,0.18595427700326497,0.3176606085236399
15.09,0.18914104647276556,0.31982802707418534
15.1,0.19235083754474866,0.3222593865337732
15.11,0.195586234203441,0.32494331909187085
15.120000000000001,0.1988497039265861,0.32786788399229067
15.13,0.20214359188328684,0.3310205531676025
15.14,0.20547011498993814,0.3343881972674568
15.15,0.20883135582863596,0.3379570721767739
15.16,0.2122292564334736,0.34171280613331595
15.17,0.21566561195130224,0.34564038756888454
15.18,0.21914206418485127,0.34972415381424127
15.19,0.22266009502758707,0.3539477808247675
15.200000000000001,0.22622101980134662,0.35829427410179154
15.21,0.2298259805096229,0.36274596100330414
15.22,0.23347593902141273,0.3672844846573329
15.23,0.23717167020276958,0.37189079971137856
15.24,0.24091375501564027,0.37654517017184125
15.25,0.24470257360620637,0.38122716960803416
15.26,0.24853829840780095,0.38591568401591947
15.27,0.2524208872865248,0.39058891765677267
15.280000000000001,0.2563500767609364,0.39522440220521127
15.290000000000001,0.260325375330629,0.39979900955897757
15.3,0.26434605695211594,0.40428896867906394
15.31,0.26841115470421023,0.40866988684266636
15.32,0.27251945468896926,0.4129167757024628
15.33,0.27666949021825954,0.41700408255318805
15.34,0.2808595363400331,0.4209057272097231
15.35,0.28508760476245404,0.4245951448992049
15.36,0.2893514392380172,0.42804533556221547
15.370000000000001,0.29364851147369836,0.4312289199441381
15.38,0.29797601763689996,0.4341182028364725
15.39,0.30233087553042776,0.4366852437984771
15.4,0.3067097225128695,0.43890193565118896
15.41,0.31110891424345155,0.4407400909879368
15.42,0.3155245243326282,0.44217153688726535
15.43,0.31995234498119685,0.44316821794518096
15.44,0.32438788869153184,0.4437023076634127
15.450000000000001,0.32882639113446516,0.4437463281387124
15.46,0.3332628152543061,0.4432732778950699
15.47,0.3376918566923665,0.44225676758629945
15.48,0.3421079506060321,0.4406711631712562
15.49,0.34650527995579167,0.4384917360287581
15.5,0.35087778532660724,0.43569481933527326
15.51,0.3552191763424971,0.4322579698770825
15.52,0.35952294472414886,0.42816013431184513
15.530000000000001,0.363782379028734,0.4233818187345728
15.540000000000001,0.36799058109884036,0.4179052602426307
15.55,0.37214048423358664,0.4117145990366099
15.56,0.3762248730795726,0.4047960494421576
15.57,0.3802364052224298,0.39713806809583785
15.58,0.3841676344414893,0.3887315174097903
15.59,0.3880110355706256,0.3795698223194888
15.6,0.39175903088787906,0.36964911823047636
15.610000000000001,0.39540401793523505,0.3589683880177256
15.620000000000001,0.39893839864823355,0.3475295858992374
15.63,0.4023546096532198,0.33533774600732075
15.64,0.40564515356837993,0.32240107351993635
15.65,0.4088026311236185,0.308731016293161
15.66,0.4118197738942431,0.2943423150561408
15.67,0.41468947742474127,0.27925303039286054
15.68,0.4174048345021003,0.2634845449406899
15.69,0.41995916832355507,0.24706153948290174
15.700000000000001,0.42234606529175833,0.23001194189897028
15.71,0.4245594071615345,0.21236684825902183
15.72,0.4265934022569388,0.19416041570272732
15.73,0.42844261547558904,0.17542972712245475
15.74,0.4301019967993879,0.15621462806886044
15.75,0.43156690803696623,0.13655753670661694
15.76,0.4328331475335202,0.11650322806025218
15.77,0.4338969725981712,0.09609859419622022
15.780000000000001,0.43475511941744455,0.07539238237819457
15.790000000000001,0.43540482024573507,0.05443491359905872
15.8,0.4358438176894257,0.033277784226359346
15.81,0.43607037593026227,0.011973553789881484
15.82,0.4360832887652233,-0.009424577816834142
15.83,0.4358818843739255,-0.030863100260994456
15.84,0.43546602676000334,-0.052288526232638355
15.85,0.43483611384927273,-0.07364772479063296
15.860000000000001,0.4339930722641907,-0.09488825093858116
15.870000000000001,0.43293834883050114,-0.11595866784123561
15.88,0.431673898907366,-0.13680885821987046
15.89,0.4302021716661037,-0.157390321652875
15.9,0.4285260924743085,-0.1776564547507799
15.91,0.4266490425710881,-0.19756281146683727
15.92,0.4245748362449717,-0.21706734113784662
15.93,0.42230769574833116,-0.23613060221696536
15.94,0.4198522242006324,-0.25471595005197045
15.950000000000001,0.4172133767472917,-0.2727896974697326
15.96,0.41439643025123774,-0.2903212473413722
15.97,0.41140695180046427,-0.3072831967137715
15.98,0.40825076631696233,-0.32365141249339346
15.99,0.40493392355059643,-0.3394050790499861
16.0,0.4014626647359626,-0.3545267184639098
16.01,0.39784338918131823,-0.3690021844657232
16.02,0.39408262104664815,-0.38282063140564593
16.03,0.39018697655320533,-0.39597445984010965
16.04,0.38616313184984596,-0.40845924053053106
16.05,0.3820177917425947,-0.42027361881457564
16.06,0.37775765947355444,-0.4314192014325021
16.07,0.37338940771394463,-0.4419004279716624
16.080000000000002,0.36891965091412116,-0.45172442913273997
16.09,0.3643549191312898,-0.46090087402444413
16.1,0.35970163343363226,-0.46944180866235297
16.11,0.3549660829580428,-0.4773614877860746
16.12,0.3501544036779108,-0.48467620202086137
16.13,0.34527255891762554,-0.49140410229941217
16.14,0.3403263216319225,-0.49756502333104113
16.15,0.33532125845100463,-0.5031803077628079
16.16,0.3302627154766663,-0.508272632524578
16.17,0.32515580580051306,-0.5128658386910391
16.18,0.3200053987028455,-0.5169847660318734
16.19,0.31481611047987557,-0.5206550932596621
16.2,0.3095922968376522,-0.5239031848263681
16.21,0.3043380467833482,-0.5267559449657294
16.22,0.29905717793833764,-0.5292406795324999
16.23,0.2937532331926982,-0.5313849660517292
16.240000000000002,0.28842947861730306,-0.5332165322633368
16.25,0.28308890254743146,-0.5347631433299169
16.26,0.2777342157507047,-0.5360524977695228
16.27,0.272367852592041,-0.5371121320803236
16.28,0.2669919731090982,-0.5379693339405079
16.29,0.26160846591323084,-0.5386510637943676
16.3,0.2562189518332109,-0.5391838845737512
16.31,0.25082478822175586,-0.5395938992524789
16.32,0.24542707384816134,-0.5399066958892041
16.330000000000002,0.24002665430397177,-0.5401472997808884
16.34,0.23462412785254358,-0.5403401323237186
16.35,0.2292198516574974,-0.5405089761601622
16.36,0.22381394832934035,-0.5406769461790949
16.37,0.2184063127339155,-0.5408664659297472
16.38,0.21299661901074537,-0.5410992490088239
16.39,0.207584327753739,-0.5413962849827882
16.4,0.20216869331108964,-0.5417778294132756
16.41,0.1967487711654735,-0.5422633975622358
16.42,0.1913234253598449,-0.5428717613640914
16.43,0.18589133593819165,-0.543620949264375
16.44,0.18045100637455738,-0.5445282485374756
16.45,0.17500077096744213,-0.5456102097098138
16.46,0.1695388021803611,-0.5468826527285888
16.47,0.16406311791287034,-0.5483606745298405
16.48,0.1585715886897643,-0.5500586576726337
16.490000000000002,0.15306194475941767,-0.5519902797184533
16.5,0.14753178309539522,-0.5541685230461592
16.51,0.1419785742984945,-0.5566056848029239
16.52,0.13639966939933676,-0.5593133867003003
16.53,0.1307923065644885,-0.5623025843718333
16.54,0.12515361771190012,-0.5655835760143565
16.55,0.1194806350442014,-0.5691660100392236
16.56,0.11377029751111564,-0.5730588914622068
16.57,0.10801945721495726,-0.5772705867616148
16.580000000000002,0.10222488577588335,-0.5818088269333728
16.59,0.09638328067628982,-0.5866807084693868
16.6,0.09049127160649563,-0.5918926919815564
16.61,0.0845454268366587,-0.5974505981883685
16.62,0.07854225964272825,-0.6033596009742274
16.63,0.07247823481717414,-0.6096242172236656
16.64,0.06634977529825493,-0.6162482931235241
16.65,0.06015326895470366,-0.6232349866162682
16.66,0.05388507556592958,-0.6305867456770698
16.67,0.047541534041162264,-0.6383052820764181
16.68,0.04111896992440122,-0.6463915402791449
16.69,0.03461370323557937,-0.654845661120277
16.7,0.02802205670199568,-0.6636669398884941
16.71,0.02134036443780949,-0.672853778439731
16.72,0.01456498113320106,-0.6824036309572213
16.73,0.007692291818665063,-0.692312942970763
16.740000000000002,0.0007187222737858014,-0.7025770832480107
16.75,-0.006359249846295151,-0.7131902681751144
16.76,-0.013545083089716487,-0.7241454782540991
16.77,-0.020842159411377133,-0.7354343663612406
16.78,-0.0282537704169413,-0.7470471574357109
16.79,-0.03578310256009135,-0.7589725393024881
16.8,-0.04343322120299106,-0.7711975443796656
16.81,-0.05120705344768466,-0.7837074220797595
16.82,-0.05910736964458625,-0.7964855017894813
16.830000000000002,-0.06713676348347429,-0.8095130464049827
16.84,-0.07529763057268592,-0.8227690965122332
16.85,-0.08359214541371897,-0.8362303054375401
16.86,-0.09202223668143672,-0.8498707655539856
16.87,-0.10058956072479867,-0.8636618264185283
16.88,-0.10929547320980729,-0.8775719055345023
16.89,-0.11814099883548872,-0.8915662927880038
16.9,-0.12712679906556734,-0.9056069498967628
16.91,-0.13625313783342394,-0.9196523065388466
16.92,-0.14551984519634426,-0.93365705519777
16.93,-0.15492627893737934,-0.9475719471714741
16.94,-0.16447128413977374,-0.9613435926454874
16.95,-0.1741531507902891,-0.9749142682245562
16.96,-0.18396956950426485,-0.9882217358498161
16.97,-0.19391758550728538,-1.0011990775960864
16.98,-0.20399355105618658,-1.0137745514398049
16.990000000000002,-0.2141930765360815,-1.0258714737036536
17.0,-0.22451098053025964,-1.037408134507185
17.01,-0.23494123922622517,-1.048297753168522
17.02,-0.24547693559363007,-1.058448481091438
17.03,-0.2561102088480539,-1.0677634602117096
17.04,-0.2668322047978642,-1.0761409455391204
17.05,-0.2776330277588363,-1.0834745006850435
17.06,-0.28850169481156507,-1.0896532754739634
17.07,-0.29942609326831554,-1.094562374760563
17.080000000000002,-0.3103929423067763,-1.0980833273687356
17.09,-0.32138775981569023,-1.100094663589556
17.1,-0.3323948355785674,-1.1004726088756125
17.11,-0.3433972119932025,-1.0990919002041355
17.12,-0.3543766735826501,-1.0958267300098186
17.13,-0.3653137465933989,-1.090551820575495
17.14,-0.37618770999416007,-1.0831436292905006
17.150000000000002,-0.3869766191792089,-1.0734816822321172
17.16,-0.3976573436388024,-1.0614500301024605
17.17,-0.40820561978125813,-1.0469388166911022
17.18,-0.41859611997262447,-1.0298459457879847
17.19,-0.4288025386970178,-1.0100788279261854
17.2,-0.43879769653114814,-0.9875561836053949
17.21,-0.44855366236912564,-0.9622098748820436
17.22,-0.458041894028789,-0.9339867325890991
17.23,-0.4672333970209076,-0.9028503421732238
17.240000000000002,-0.4760989008722534,-0.8687827474362202
17.25,-0.484609051969632,-0.8317860285811686
17.26,-0.49273462144387675,-0.791883709132404
17.27,-0.50044672615228,-0.7491219457511442
17.28,-0.5077170603588996,-0.7035704559059061
17.29,-0.5145181352703982,-0.6553231409352438
17.3,-0.5208235231776046,-0.6044983663556149
17.31,-0.5266081025975106,-0.5512388673398766
17.32,-0.5318483005244021,-0.4957112550556532
17.330000000000002,-0.5365223276986236,-0.43810510884705733
17.34,-0.5406104027013432,-0.37863164981178987
17.35,-0.5440949606948593,-0.3175220028217419
17.36,-0.546960842757778,-0.2550250660337032
17.37,-0.5491954620155333,-0.19140501895308576
17.38,-0.5507889431368396,-0.12693851162871903
17.39,-0.5517342322481076,-0.061911588046863406
17.400000000000002,-0.5520271748977768,0.00338359423931571
17.41,-0.5516665603633212,0.06865217920063987
17.42,-0.550654131313764,0.13360008840147763
17.43,-0.5489945585952917,0.19793748215758522
17.44,-0.5466953816706123,0.2613821304019994
17.45,-0.5437669159872517,0.32366262102164955
17.46,-0.5402221292501793,0.3845213390425792
17.47,-0.5360764892064002,0.4437171578457514
17.48,-0.5313477860932644,0.5010277932014184
17.490000000000002,-0.5260559333423719,0.556251781853739
17.5,-0.5202227504561897,0.6092100581576864
17.51,-0.5138717321792182,0.6597471143415867
17.52,-0.5070278081693579,0.7077317418317275
17.53,-0.49971709734258357,0.7530573622657916
17.54,-0.49196666092404207,0.7956419669422528
17.55,-0.48380425800373855,0.8354276921900069
17.56,-0.47525810708024196,0.8723800652764452
17.57,-0.4663566566982097,0.9064869608787455
17.580000000000002,-0.4571283678626671,0.9377573117902179
17.59,-0.44760151046240537,0.9662196194718824
17.6,-0.43780397547322947,0.9919203104098031
17.61,-0.4277631042542093,1.0149219831762994
17.62,-0.4175055358097035,1.0353015888312596
17.63,-0.40705707247758416,1.0531485840735124
17.64,-0.3964425641282333,1.0685630926035463
17.650000000000002,-0.38568581062551327,1.0816541057238374
17.66,-0.3748094820137565,1.0925377485013448
17.67,-0.36383505565548635,1.1013356330440762
17.68,-0.352782769352875,1.1081733157667908
17.69,-0.3416715893401505,1.1131788710752564
17.7,-0.33051919193136986,1.1164815897875175
17.71,-0.3193419575444002,1.1182108069074095
17.72,-0.3081549757932217,1.1184948601151992
17.73,-0.2969720603420962,1.1174601775634607
17.740000000000002,-0.28580577224195247,1.1152304912632722
17.75,-0.2746674505168307,1.1119261705003114
17.76,-0.2635672488319462,1.1076636683037089
17.77,-0.2525141771507565,1.1025550729651041
17.78,-0.24151614737264412,1.096707755928234
17.79,-0.23058002203219186,1.0902241069948548
17.8,-0.21971166523274702,1.0832013476746898
17.81,-0.20891599507869807,1.0757314136005907
17.82,-0.1981970369607352,1.0679008971930206
17.830000000000002,-0.18755797713483766,1.059791042151718
17.84,-0.17700121611770087,1.0514777818424745
17.85,-0.16652842149798816,1.0430318142032404
17.86,-0.15614057983363605,1.0345187063905381
17.87,-0.1458380473701774,1.0259990230029576
17.88,-0.13562059937357687,1.0175284723358866
17.89,-0.12548747792345966,1.009158065726774
17.900000000000002,-0.1154374380590414,1.0009342856326116
17.91,-0.10546879221080743,0.9928992586332389
17.92,-0.09557945288637662,0.9850909300703004
17.93,-0.08576697360940141,0.9775432375089846
17.94,-0.07602858813619692,0.9702862806465703
17.95,-0.06636124799647,0.9633464856881098
17.96,-0.05676165842243472,0.9567467625662416
17.97,-0.04722631274514517,0.9505066537008404
17.98,-0.037751525348417914,0.9446424732773451
17.990000000000002,-0.028333463279598264,0.9391674362728818
18.0,-0.018968176622960273,0.9340917766797604
18.01,-0.009651627746003056,0.9294228545697374
18.02,-0.00037971953156552677,0.9251652518128448
18.03,0.008851677290253842,0.9213208564148057
18.04,0.01804669759673059,0.9178889355702378
18.05,0.0272094560016586,0.9148661976480279
18.06,0.036344021549691144,0.9122468434333297
18.07,0.04545439287032519,0.9100226070503267
18.080000000000002,0.054544473690697676,0.9081827870837537
18.09,0.06361804861200027,0.9067142685075323
18.1,0.07267875906084834,0.905601536117899
18.11,0.08173007933435825,0.9048266802580052
18.12,0.09077529266600844,0.9043693957128672
18.13,0.0998174672486156,0.9042069747491681
18.14,0.1088594321609918,0.90431429537499
18.150000000000002,0.1179037531561154,0.9046638060009727
18.16,0.12695270828101124,0.9052255077972605
18.17,0.1360082633120606,0.9059669361601703
18.18,0.14507204700421467,0.9068531428286604
18.19,0.1541453261686338,0.9078466803228399
18.2,0.16322898061067145,0.9089075905139159
18.21,0.17232347797891212,0.9099933992755596
18.22,0.18142884859618263,0.9110591193085605
18.23,0.19054466036508333,0.9120572633710595
18.240000000000002,0.19966999386360385,0.9129378702821532
18.25,0.20880341777072642,0.9136485461930915
18.26,0.21794296478746567,0.9141345237326973
18.27,0.22708610824538034,0.9143387417263434
18.28,0.23622973962199253,0.9142019482543522
18.29,0.2453701472104674,0.9136628298488393
18.3,0.2545029962189693,0.9126581696199475
18.31,0.2636233106028663,0.9111230370446801
18.32,0.2727254569598629,0.9089910120353353
18.330000000000002,0.28180313084357306,0.9061944457208568
18.34,0.2908493458742801,0.9026647601143455
18.35,0.29985642604586,0.8983327884950295
18.36,0.3088160016441807,0.8931291578955322
18.37,0.31771900920377066,0.8869847145489468
18.38,0.32655569593515965,0.8798309925105227
18.39,0.3353156290539811,0.8716007249235554
18.400000000000002,0.34398771043363074,0.8622283965492495
18.41,0.35256019698496605,0.8516508352303642
18.42,0.361020727138238,0.8398078389170365
18.43,0.3693563537633068,0.826642833763664
18.44,0.37755358381351123,0.8121035576266126
18.45,0.385598424915839,0.7961427620776251
18.46,0.39347643905506374,0.7787189248264297
18.47,0.40117280341236755,0.7597969632526569
18.48,0.4086723783201168,0.7393489386210256
18.490000000000002,0.4159597821847881,0.7173547395379751
18.5,0.42301947311087634,0.6938027323484142
18.51,0.42983583683175636,0.6686903655151374
18.52,0.43639328042117914,0.6420247146172128
18.53,0.44267633112410065,0.613822954490992
18.54,0.448669739510999,0.5841127452569312
18.55,0.4543585860292393,0.5529325195581761
18.56,0.45972838990216247,0.5203316593038899
18.57,0.46476521921531705,0.4863705515704023
18.580000000000002,0.46945580093357053,0.45112051506109385
18.59,0.4737876295165389,0.4146635906406422
18.6,0.47774907274638334,0.37709219190373616
18.61,0.4813294733546137,0.3385086144592905
18.62,0.4845192450355692,0.2990244055400218
18.63,0.4873099614654141,0.2587595986020281
18.64,0.48969443700760973,0.21784182066717828
18.650000000000002,0.49166679787875767,0.17640528318302567
18.66,0.49322254267127025,0.13458967002808742
18.67,0.4943585912793194,0.09253893887392702
18.68,0.49507332144874877,0.05040005433531805
18.69,0.49536659236602576,0.00832167311285429
18.7,0.49523975491100586,-0.03354719740886158
18.71,0.4946956484178485,-0.07505854494846415
18.72,0.4937385840120366,-0.11606668023562827
18.73,0.492374314813136,-0.15642952526267892
18.740000000000002,0.490609993506783,-0.19600984116625597
18.75,0.48845411798981087,-0.2346763766218199
18.76,0.4859164659743467,-0.27230491970255416
18.77,0.48300801959575984,-0.3087792386171597
18.78,0.47974088120200353,-0.3439918995073458
18.79,0.476128181605613,-0.37784495245651156
18.8,0.4721839821528733,-0.41025047993378505
18.81,0.46792317200693734,-0.44113100497114865
18.82,0.46336136205345035,-0.47041975935041735
18.830000000000002,0.45851477681992897,-0.49806081487541914
18.84,0.453400145755942,-0.5240090833494433
18.85,0.44803459515294014,-0.5482301931101705
18.86,0.4424355418937386,-0.5707002518511335
18.87,0.4366205901159174,-0.5914055069538625
18.88,0.4306074317546613,-0.6103419156576811
18.89,0.4244137518027638,-0.6275146381087515
18.900000000000002,0.4180571389924863,-0.6429374666734814
18.91,0.41155500246929416,-0.6566322049016304
18.92,0.4049244948944537,-0.6686280092176627
18.93,0.39818244228494093,-0.6789607058472851
18.94,0.39134528077750796,-0.6876720946954723
18.95,0.38442900039103145,-0.6948092509297247
18.96,0.3774490957589135,-0.7004238339343227
18.97,0.370420523712345,-0.7045714121321911
18.98,0.36335766751626963,-0.707310810961333
18.990000000000002,0.35627430749311834,-0.7087034900788635
19.0,0.3491835977146924,-0.7088129546785543
19.01,0.3420980483995472,-0.7077042046732401
19.02,0.33502951362122757,-0.7054432244317386
19.03,0.3279891839109125,-0.7020965147862178
19.04,0.32098758332550326,-0.6977306681504393
19.05,0.31403457054790374,-0.6924119868179035
19.06,0.3071393435891452,-0.6862061438436949
19.07,0.3003104476710298,-0.6791778853536201
19.080000000000002,0.29355578588207276,-0.6713907726653172
19.09,0.2868826322177235,-0.6629069622426158
19.1,0.28029764663722045,-0.6537870212292931
19.11,0.2738068917931376,-0.644089776113266
19.12,0.26741585111495514,-0.6338721919483687
19.13,0.2611294479541702,-0.6231892794991776
19.14,0.25495206552497157,-0.6120940276659342
19.150000000000002,0.24888756740085152,-0.600637358582878
19.16,0.242939318353314,-0.5888681028561211
19.17,0.2371102053437291,-0.5768329925090957
19.18,0.23140265850313207,-0.5645766693277764
19.19,0.22581867195717356,-0.5521417064382853
19.2,0.22035982437436635,-0.5395686411008104
19.21,0.21502729913515733,-0.5268960168614513
19.22,0.20982190403713732,-0.5141604333637787
19.23,0.20474409046788178,-0.5013966022813516
19.240000000000002,0.1997939719915103,-0.48863740798858357
19.25,0.19497134230811008,-0.475913971738124
19.26,0.1902756925567478,-0.46325571825675976
19.27,0.1857062279429749,-0.45069044380759427
19.28,0.18126188368059593,-0.4382443848931496
19.29,0.1769413402451119,-0.4259422868915888
19.3,0.17274303794276413,-0.4138074720262539
19.31,0.1686651908045868,-0.40186190616716505
19.32,0.16470579981942085,-0.3901262640521872
19.330000000000002,0.16086266552354309,-0.37861999259554846
19.34,0.15713339996750988,-0.3673613720226844
19.35,0.1535154380830894,-0.3563675746334618
19.36,0.15000604847484064,-0.34565472105122025
19.37,0.14660234366206498,-0.3352379338633157
19.38,0.1433012897975743,-0.32513138860052104
19.39,0.14009971589005454,-0.31534836203829775
19.400000000000002,0.13699432255680835,-0.30590127783315585
19.41,0.1339816903333914,-0.2968017495326063
19.42,0.1310582875661562,-0.28806062101809043
19.43,0.1282204779130296,-0.2796880044572316
19.44,0.12546452747701156,-0.27169331585524714
19.45,0.12278661159592465,-0.2640853083058085
19.46,0.1201828213108954,-0.25687210304942004
19.47,0.11764916953493625,-0.25006121845286905
19.48,0.11518159694183801,-0.24365959702678305
19.490000000000002,0.11277597759440058,-0.23767363060011373
19.5,0.11042812432983574,-0.23210918377069378
19.51,0.10813379391898671,-0.2269716157501147
19.52,0.10588869201483346,-0.22226580071923663
19.53,0.10368847790460199,-0.2179961468078416
19.54,0.10152876907867663,-0.2141666138084177
19.55,0.09940514562843362,-0.2107807297299352
19.56,0.09731315448407792,-0.2078416062928475
19.57,0.09524831350257666,-0.20535195346149868
19.580000000000002,0.09320611541484794,-0.203314093104709
19.59,0.0911820316404825,-0.20172997186958894
19.6,0.08917151597745616,-0.20060117334763367
19.61,0.08717000817352982,-0.19992892960589503
19.62,0.08517293738533825,-0.19971413214953007
19.63,0.08317572553053922,-0.19995734237528445
19.64,0.08117379053783257,-0.2006588015684804
19.650000000000002,0.07916254949916961,-0.20181844048883127
19.66,0.07713742172805595,-0.20343588858287975
19.67,0.07509383172751201,-0.20551048285303541
19.68,0.07302721207099523,-0.20804127640504264
19.69,0.07093300619941116,-0.21102704668721947
19.7,0.06880667113725085,-0.21446630342594256
19.71,0.06664368013089232,-0.21835729625258685
19.72,0.06443952521219912,-0.22269802200743496
19.73,0.06218971969074362,-0.22748623169592458
19.740000000000002,0.059889800578280625,-0.23271943706198067
19.75,0.057535330949504006,-0.23839491673206184
19.76,0.05512190224363939,-0.2445097218719204
19.77,0.05264513651206559,-0.251060681285919
19.78,0.05010068861792101,-0.25804440587605626
19.79,0.04748424839454447,-0.2654572923646242
19.8,0.04479154277062852,-0.27329552617065356
19.81,0.0420183378711314,-0.2815550833160073
19.82,0.03916044110430838,-0.29023173122217205
19.830000000000002,0.036213703246687955,-0.29932102824349677
19.84,0.03317402053943844,-0.3088183217668656
19.85,0.03003733681135064,-0.3187187446916143
19.86,0.02679964564560615,-0.32901721008695645
19.87,0.02345699260961151,-0.33970840380734474
19.88,0.02000547756945925,-0.3507867748291417
19.89,0.016441257113028674,-0.3622465230548041
19.900000000000002,0.012760547108363171,-0.37408158431362715
19.91,0.008959625426756131,-0.3862856122710905
19.92,0.00503483486294136,-0.39885195694217124
19.93,0.0009825862879127057,-0.41177363948785
19.94,-0.0032006379268156404,-0.4250433229586799
19.95,-0.007518280171260893,-0.4386532786350037
19.96,-0.011973703499515714,-0.4525953476005345
19.97,-0.01657018712327158,-0.46686089717495954
19.98,-0.021310921443014903,-0.4814407718224498
19.990000000000002,-0.026199002559720574,-0.4963252381470038
20.0,-0.031237426205954977,-0.5115039235830494
20.01,-0.03642908103138156,-0.5269657483913951
20.02,-0.041776741173782876,-0.5426988505772871
20.03,-0.047283058042927296,-0.5586905033599425
20.04,-0.05295055124098172,-0.5749270248425598
20.05,-0.05878159853977849,-0.5913936795596586
20.06,-0.06477842483217489,-0.6080745716160468
20.07,-0.07094308997209942,-0.6249525291802297
20.080000000000002,-0.07727747541577948,-0.6420089801563651
20.09,-0.08378326957522672,-0.6592238189347207
20.1,-0.09046195179447389,-0.6765752642130031
20.11,-0.09731477485948678,-0.6940397079920105
20.12,-0.1043427459543141,-0.7115915559810614
20.13,-0.11154660597910801,-0.7292030598039027
20.14,-0.11892680715039215,-0.7468441415767019
20.150000000000002,-0.12648348881064203,-0.7644822116386594
20.16,-0.13421645138316532,-0.7820819804550571
20.17,-0.14212512841974317,-0.7996052659843252
20.18,-0.15020855670285185,-0.8170107981068139
20.19,-0.15846534438187945,-0.8342540220548103
20.2,-0.16689363714394806,-0.8512869031617653
20.21,-0.17549108244511477,-0.8680577356636687
20.22,-0.18425479185722143,-0.8845109587360014
20.23,-0.1931813016198348,-0.9005869834333137
20.240000000000002,-0.2022665315258877,-0.9162220347112602
20.25,-0.21150574231406,-0.9313480132469208
20.26,-0.22089349179082612,-0.9458923823242567
20.27,-0.23042358996054513,-0.9597780856067345
20.28,-0.2400890535029608,-0.9729235021646783
20.29,-0.2498820600038387,-0.9852424456436472
20.3,-0.2597939024158338,-0.9966442149314233
20.31,-0.2698149443024672,-1.0070337040806023
20.32,-0.27993457649744585,-1.0163115795431348
20.330000000000002,-0.2901411758933299,-1.0243745329406215
20.34,-0.30042206715625824,-1.031115617594552
20.35,-0.31076348824522093,-1.036424676836129
20.36,-0.3211505606929808,-1.0401888716661933
20.37,-0.3315672656785448,-1.0422933146019182
20.38,-0.34199642698501914,-1.0426218154894864
20.39,-0.35241970198833444,-1.0410577436453354
20.400000000000002,-0.36281758185792584,-1.037485008883114
20.41,-0.37316940216599676,-1.0317891617684058
20.42,-0.383453365093294,-1.0238586108098304
20.43,-0.39364657438219336,-1.013585951250083
20.44,-0.40372508411829566,-1.0008693966895632
20.45,-0.4136639623159846,-0.9856143010063428
20.46,-0.4234373701384225,-0.9677347540021026
20.47,-0.4330186573960267,-0.9471552300037739
20.48,-0.442380474738498,-0.9238122644118477
20.490000000000002,-0.4514949026842637,-0.8976561290619903
20.5,-0.46033359731973783,-0.8686524734338332
20.51,-0.46886795215294036,-0.8367838953954735
20.52,-0.4770692752276473,-0.8020514025218615
20.53,-0.4849089802033776,-0.76447572327959
20.54,-0.4923587896932391,-0.7240984267300979
20.55,-0.4993909487379795,-0.6809828100461353
20.56,-0.5059784458941619,-0.6352145152044761
20.57,-0.5120952390420691,-0.586901839803213
20.580000000000002,-0.5177164826902261,-0.536175712083627
20.59,-0.5228187532837416,-0.48318930687050904
20.6,-0.5273802688276363,-0.4281172871567496
20.61,-0.5313810990268767,-0.3711546652415862
20.62,-0.5348033621324682,-0.3125152874015132
20.63,-0.5376314047749071,-0.252429956672935
20.64,-0.5398519612659269,-0.19114421904540474
20.650000000000002,-0.5414542891558152,-0.1289158487579744
20.66,-0.5424302782410864,-0.06601207800223988
20.67,-0.54277453071586,-0.002706624723509979
20.68,-0.5424844107355566,0.06072342102122115
20.69,-0.5415600622954355,0.1240007868717819
20.7,-0.5400043949981209,0.18685121623232592
20.71,-0.5378230379707889,0.24900660637824673
20.72,-0.5350242628705559,0.31020802040524353
20.73,-0.5316188775626841,0.3702085110790283
20.740000000000002,-0.5276200926489754,0.42877570092253736
20.75,-0.5230433635442333,0.4856940708721998
20.76,-0.5179062112315314,0.5407669191644293
20.77,-0.5122280251609448,0.5938179623463444
20.78,-0.5060298519846045,0.6446925609857713
20.79,-0.4993341739412293,0.6932585633335951
20.8,-0.49216468071793257,0.7394067704441027
20.81,-0.4845460385323473,0.7830510357139342
20.82,-0.4765036600036539,0.8241280201520729
20.830000000000002,-0.4680634781293058,0.8625966317136553
20.84,-0.45925172736938075,0.8984371825729951
20.85,-0.4500947344778458,0.9316503022109588
20.86,-0.44061872132516156,0.9622556466590226
20.87,-0.4308496215446654,0.9902904452531782
20.88,-0.420812912420098,1.0158079259351889
20.89,-0.4105334630259616,1.0388756586663632
20.900000000000002,-0.40003539924677073,1.059573854085819
20.91,-0.38934198594424524,1.077993651359618
20.92,-0.3784755262195784,1.0942354254383106
20.93,-0.36745727743547907,1.1084071398681912
20.94,-0.35630738342221463,1.1206227670686633
20.95,-0.34504482209410586,1.1310007937546867
20.96,-0.3336873675471209,1.1396628250834686
20.97,-0.32225156559243645,1.146732297245267
20.98,-0.3107527216022155,1.152333304679185
20.990000000000002,-0.2992048994988527,1.156589544930547
21.0,-0.28762093070360456,1.1596233814082553
21.01,-0.27601243187068764,1.1615550219600288
21.02,-0.264389830264404,1.1625018092557418
21.03,-0.2527623956855728,1.162577617436381
21.04,-0.24113827791567638,1.1618923483209025
21.05,-0.22952454871915473,1.160551519631333
21.06,-0.2179272475230497,1.1586559371597094
21.07,-0.20635142997596054,1.1563014425189901
21.080000000000002,-0.19480121867266992,1.1535787280541596
21.09,-0.18327985541487735,1.1505732106010835
21.1,-0.17178975446064823,1.1473649560335342
21.11,-0.16033255629420667,1.1440286469006626
21.12,-0.148909181522635,1.1406335858991983
21.13,-0.13751988457622272,1.1372437284217485
21.14,-0.12616430695420003,1.1339177379535552
21.150000000000002,-0.11484152981715162,1.1307090586374142
21.16,-0.10355012578145176,1.1276659998761225
21.17,-0.09228820981962918,1.1248318283828993
21.18,-0.08105348921379377,1.1222448636146825
21.19,-0.06984331254733553,1.1199385730254634
21.2,-0.0586547177532845,1.117941664053517
21.21,-0.04748447926626519,1.116278170205923
21.22,-0.03632915434916604,1.1149675290261567
21.23,-0.025185128685742054,1.1140246501269555
21.240000000000002,-0.014048661346626929,1.113459971843429
21.25,-0.0029159292488734733,1.1132795054134819
21.26,0.008216928761642709,1.1134848659277488
21.27,0.0193537680696815,1.1140732896134824
21.28,0.03049839455391235,1.1150376373305697
21.29,0.041654520816292895,1.1163663844676486
21.3,0.05282572224326532,1.118043597736698
21.31,0.06401539277102684,1.120048899679999
21.32,0.0752267002368653,1.1223574220282482
21.330000000000002,0.08646254121159182,1.1249397493867994
21.34,0.09772549522460129,1.127761855081942
21.35,0.10901777831323066,1.130785031373586
21.36,0.12034119585207302,1.1339658166367166
21.37,0.131697094645965,1.137255922532449
21.38,0.14308631430272198,1.1406021646302191
21.39,0.15450913793856935,1.143946400403814
21.400000000000002,0.16596524231079826,1.1472254790021248
21.41,0.17745364751861187,1.150371207685163
21.42,0.18897266646450153,1.1533103403092093
21.43,0.20051985432479605,1.1559645937315253
21.44,0.21209195833913205,1.1582506984715677
21.45,0.2236848682942274,1.1600804903956643
21.46,0.23529356814704533,1.1613610505659833
21.47,0.2469120893055471,1.161994900689268
21.48,0.25853346616083067,1.161880261789887
21.490000000000002,0.2701496945413448,1.160911383785784
21.5,0.28175169383654636,1.1589789535328276
21.51,0.2933292736120014,1.1559705885887137
21.52,0.30487110560832065,1.1517714233969296
21.53,0.31636470207993994,1.1462647937694972
21.54,0.3277964014837106,1.139333024421517
21.55,0.3391513625683703,1.1308583228520768
21.56,0.3504135679407521,1.1207237810524522
21.57,0.36156583818941934,1.1088144843402996
21.580000000000002,0.3725898576275581,1.095018724066269
21.59,0.3834662126707447,1.0792293080305857
21.6,0.39417444378816985,1.0613449592129331
21.61,0.4046931118550034,1.041271789911056
21.62,0.414999879586391,1.018924834676018
21.63,0.42507160854852377,0.9942296216226996
21.64,0.434884472018845,0.967123757904323
21.650000000000002,0.4444140837066103,0.93755850151319
21.66,0.45363564204910883,0.9055002882692088
21.67,0.4625240894719944,0.8709321800601452
21.68,0.4710542856503117,0.8338551982870106
21.69,0.47920119343773465,0.7942895052272274
21.7,0.48694007575485626,0.7522753958277769
21.71,0.4942467013542902,0.7078740634275359
21.72,0.501097557023407,0.6611681051939187
21.73,0.5074700634581686,0.6122617367079515
21.740000000000002,0.513342791757566,0.5612806901504649
21.75,0.5186956772611779,0.508371776870818
21.76,0.5235102272949824,0.453702102628442
21.77,0.5277697193137467,0.3974579322852112
21.78,0.5314593859406865,0.3398432099247696
21.79,0.5345665835122421,0.2810777499570163
21.8,0.5370809409398268,0.2213951243615973
21.81,0.538994485999474,0.16104028043742294
21.82,0.5403017465485752,0.1002669318557319
21.830000000000002,0.5409998246365885,0.039334773080961914
21.84,0.5410884420101943,-0.021493427012059155
21.85,0.5405699560963473,-0.08195479250916712
21.86,0.5394493461600111,-0.1417893069842273
21.87,0.5377341699566627,-0.2007427174032901
21.88,0.5354344918119452,-0.2585693157446422
21.89,0.5325627836417699,-0.31503454275499476
21.900000000000002,0.5291338009568454,-0.3699173641079457
21.91,0.5251644363596111,-0.42301237656282975
21.92,0.5206735534255889,-0.4741316101986679
21.93,0.5156818041556377,-0.523106002036532
21.94,0.5102114333848582,-0.5697865259638056
21.95,0.5042860736363616,-0.6140449734404541
21.96,0.49793053391604913,-0.6557743886321613
21.97,0.49117058586371837,-0.6948891700544841
21.98,0.4840327505149594,-0.7313248582610571
21.990000000000002,0.4765440886984972,-0.7650376353698762
22.0,0.4687319978075619,-0.7960035671686596
22.01,0.46062401735512404,-0.8242176221175506
22.02,0.4522476453652109,-0.8496925037847814
22.03,0.4436301672794284,-0.8724573341753288
22.04,0.4347984986817043,-0.8925562251577445
22.05,0.4257790427762735,-0.9100467739088312
22.06,0.4165975632035277,-0.9249985161511494
22.07,0.4072790724532505,-0.9374913681373694
22.080000000000002,0.39784773584078026,-0.9476140850221612
22.09,0.38832679075280724,-0.9554627596329528
22.1,0.3787384806481212,-0.961139381867316
22.11,0.36910400311546093,-0.9647504751494328
22.12,0.35944347114513253,-0.9664058226911795
22.13,0.34977588666163734,-0.9662172928212487
22.14,0.3401191252887076,-0.9642977694412563
22.150000000000002,0.3304899312728122,-0.9607601907914295
22.16,0.32090392147287894,-0.9557166971904626
22.17,0.31137559732900294,-0.9492778862670112
22.18,0.3019183637475387,-0.9415521724218594
22.19,0.2925445538805657,-0.9326452458360637
22.2,0.28326545883081744,-0.9226596252484373
22.21,0.2740913613755969,-0.911694297936453
22.22,0.2650315728720883,-0.8998444398149382
22.23,0.25609447257929807,-0.8872012082818653
22.240000000000002,0.24728754870645095,-0.8738516003548764
22.25,0.23861744057220055,-0.8598783687217219
22.26,0.2300899813320165,-0.8453599885403202
22.27,0.22171024080139415,-0.8303706681400692
22.28,0.21348256796921514,-0.8149803971688242
22.29,0.20541063285801767,-0.7992550261763142
22.3,0.19749746744568883,-0.7832563721046776
22.31,0.1897455054159241,-0.7670423446534488
22.32,0.18215662055261986,-0.7506670889858864
22.330000000000002,0.17473216363620636,-0.7341811407349425
22.34,0.167472997737921,-0.7176315897418319
22.35,0.16037953184136972,-0.7010622494116577
22.36,0.15345175274968784,-0.6845138289943209
22.37,0.1466892552614833,-0.6680241064920477
22.38,0.14009127061984686,-0.6516281002556253
22.39,0.13365669325637078,-0.6353582376592789
22.400000000000002,0.1273841058666613,-0.6192445195392928
22.41,0.12127180286558492,-0.6033146793448805
22.42,0.11531781227976368,-0.5875943361828228
22.43,0.10951991614192846,-0.5721071411417544
22.44,0.10387566945692858,-0.5568749164596227
22.45,0.098382417812736,-0.5419177872508575
22.46,0.09303731371191143,-0.5272543056402972
22.47,0.08783733169993006,-0.5129015672610395
22.48,0.08277928236669065,-0.49887532016519115
22.490000000000002,0.07785982529662623,-0.4851900662719619
22.5,0.0730754810412514,-0.4718591555385559
22.51,0.06842264218585511,-0.45889487308760474
22.52,0.0638975835794993,-0.4463085195620747
22.53,0.05949647179461362,-0.43411048500614585
22.54,0.05521537387937639,-0.4223103165898418
22.55,0.05105026546281678,-0.41091678050739505
22.56,0.046997038269228485,-0.3999379183855489
22.57,0.0430515070951058,-0.3893810985391828
22.580000000000002,0.03920941629844483,-0.37925306240865575
22.59,0.03546644584693269,-0.369559966506839
22.6,0.03181821696830805,-0.3603074201946116
22.61,0.028260297443040455,-0.3515005195921806
22.62,0.02478820657646444,-0.34314387792045753
22.63,0.021397419884631307,-0.33524165255229305
22.64,0.018083373525418577,-0.3277975690379944
22.650000000000002,0.014841468503871419,-0.32081494235353514
22.66,0.011667074678347874,-0.3142966956034575
22.67,0.008555534591802267,-0.3082453763938825
22.68,0.005502167150470224,-0.30266317107444124
22.69,0.0025022711703134417,-0.29755191703147377
22.7,-0.0004488711901592524,-0.2929131131986032
22.71,-0.0033559910936586225,-0.2887479289348782
22.72,-0.006223829768856817,-0.2850572114051389
22.73,-0.009057135321761401,-0.28184149158214644
22.740000000000002,-0.011860659600499746,-0.2791009889753526
22.75,-0.014639155101268455,-0.27683561517698196
22.76,-0.017397371904039387,-0.27504497630236496
22.77,-0.020140054627315756,-0.27372837438818276
22.78,-0.022871939391803046,-0.27288480779945523
22.79,-0.02559775078330486,-0.27251297068370295
22.8,-0.028322198805477105,-0.27261125149872106
22.81,-0.031049975813279285,-0.27317773062879197
22.82,-0.03378575341805294,-0.27421017709291584
22.830000000000002,-0.03653417935513759,-0.2757060443377251
22.84,-0.03929987430480744,-0.2776624650971543
22.85,-0.042087428657080685,-0.28007624529064423
22.86,-0.04490139921062033,-0.2829438569216542
22.87,-0.04774630579551377,-0.2862614299285391
22.88,-0.05062662780919111,-0.2900247429304177
22.89,-0.05354680065412212,-0.2942292128015326
22.900000000000002,-0.056511212065221764,-0.29886988299879974
22.91,-0.05952419831409812,-0.30394141055880675
22.92,-0.0625900402763979,-0.30943805167249316
22.93,-0.06571295934754799,-0.31535364573819663
22.94,-0.06889711319116185,-0.3216815977867638
22.95,-0.07214659130328327,-0.3284148591661021
22.96,-0.07546541037448389,-0.33554590636701387
22.97,-0.07885750943062356,-0.3430667178675541
22.98,-0.08232674473183497,-0.35096874886965473
22.990000000000002,-0.08587688440801665,-0.3592429037995654
23.0,-0.08951160280782629,-0.36787950644299094
23.01,-0.09323447453687647,-0.37686826758692415
23.02,-0.09704896815956478,-0.38619825004336017
23.03,-0.10095843953774368,-0.39585783093566285
23.04,-0.10496612477827803,-0.4058346611366891
23.05,-0.10907513276047746,-0.41611562175925954
23.06,-0.11328843721346323,-0.4266867776146199
23.07,-0.11760886831276986,-0.43753332757363866
23.080000000000002,-0.12203910376493599,-0.4486395517891294
23.09,-0.12658165934855242,-0.45998875576641146
23.1,-0.1312388788802642,-0.47156321130359113
23.11,-0.13601292357462424,-0.48334409436365094
23.12,-0.1409057607675372,-0.4953114199878861
23.13,-0.14591915197438196,-0.5074439744151396
23.14,-0.15105464025584,-0.5197192446342825
23.150000000000002,-0.15631353686706762,-0.5321133456690544
23.16,-0.1616969071692211,-0.5446009459752884
23.17,-0.1672055557865734,-0.5571551914212003
23.18,-0.1728400109976451,-0.5697476284222308
23.19,-0.178600508355018,-0.5823481269132079
23.2,-0.18448697353590926,-0.5949248039624763
23.21,-0.19049900443426754,-0.6074439489650805
23.22,-0.19663585251521087,-0.6198699514947805
23.23,-0.20289640346416316,-0.6321652330470346
23.240000000000002,-0.2092791571761516,-0.6442901840661378
23.25,-0.2157822071454859,-0.6562031078180767
23.26,-0.2224032193325131,-0.6678601728444813
23.27,-0.22913941060237553,-0.6792153759098762
23.28,-0.23598752685071062,-0.6902205175312025
23.29,-0.24294382095299957,-0.7008251923515202
23.3,-0.250004030697741,-0.7109767967843964
23.31,-0.25716335688868747,-0.7206205565063935
23.32,-0.2644164418278689,-0.7296995765061376
23.330000000000002,-0.2717573484188102,-0.738154916502644
23.34,-0.27917954015792174,-0.7459256946150544
23.35,-0.28667586231111125,-0.7529492221920957
23.36,-0.2942385246017636,-0.7591611726830981
23.37,-0.3018590857647732,-0.7644957873435363
23.38,-0.30952844034863436,-0.7688861204066813
23.39,-0.3172368081729069,-0.772264326108996
23.400000000000002,-0.3249737268708143,-0.7745619896206312
23.41,-0.33272804796531946,-0.7757105034948616
23.42,-0.3404879369407115,-0.7756414907039064
23.43,-0.3482408777793976,-0.7742872746675734
23.44,-0.35597368243406297,-0.7715813959023503
23.45,-0.3636725056974446,-0.7674591740219426
23.46,-0.3713228659145018,-0.7618583128097339
23.47,-0.3789096719536393,-0.7547195449677154
23.48,-0.3864172568138561,-0.7459873119387725
23.490000000000002,-0.3938294181924147,-0.7356104729192071
23.5,-0.4011294662722402,-0.7235430358514316
23.51,-0.4083002789094433,-0.7097449018444706
23.52,-0.4153243643091296,-0.6941826131498192
23.53,-0.4221839311724397,-0.6768300935654381
23.54,-0.4288609661804384,-0.6576693689989516
23.55,-0.43533731855241875,-0.6366912549435986
23.56,-0.4415947912793104,-0.613895996860031
23.57,-0.44761523848961937,-0.5892938489661653
23.580000000000002,-0.45338066825863366,-0.562905576765751
23.59,-0.45887335002493435,-0.5347628688384891
23.6,-0.4640759256354034,-0.5049086440065649
23.61,-0.4689715229050656,-0.4733972410095405
23.62,-0.4735438704555942,-0.44029447927323423
23.63,-0.4777774124905303,-0.4056775812442477
23.64,-0.4816574220804791,-0.36963494905843175
23.650000000000002,-0.4851701114716989,-0.3322657909786517
23.66,-0.4883027379000522,-0.2936795960161581
23.67,-0.49104370339202214,-0.2539954583647205
23.68,-0.49338264706734664,-0.21334125663613154
23.69,-0.4953105285247447,-0.17185269628619898
23.7,-0.4968197009930706,-0.12967222695017316
23.71,-0.49790397306374823,-0.08694784955056875
23.72,-0.49855865798408194,-0.04383183088527
23.73,-0.4987806096814536,-0.0004793458437764714
23.740000000000002,-0.4985682449009575,0.04295293065871664
23.75,-0.4979215510682793,0.08630825857160947
23.76,-0.4968420797295253,0.12943127022541795
23.77,-0.49533292566377096,0.17216938619329167
23.78,-0.4933986920056595,0.2143741857938495
23.79,-0.49104544194789396,0.2559027097469223
23.8,-0.488280637810721,0.29661867429879873
23.81,-0.48511306846191793,0.33639357845788087
23.82,-0.48155276624156335,0.37510768873615313
23.830000000000002,-0.4776109146871948,0.4126508888734099
23.84,-0.4732997484640951,0.4489233853178625
23.85,-0.46863244698083756,0.4838362626333593
23.86,-0.46362302321142795,0.5173118863868839
23.87,-0.4582862092530999,0.5492841543341679
23.88,-0.4526373401247446,0.5796985997713668
23.89,-0.44669223725767254,0.6085123536766257
23.900000000000002,-0.44046709305121207,0.635693974663837
23.91,-0.4339783577643958,0.6612231577670097
23.92,-0.42724262989587186,0.6850903346410063
23.93,-0.42027655107157563,0.7072961788943173
23.94,-0.4130967063179855,0.7278510309697249
23.95,-0.4057195304521812,0.7467742572810631
23.96,-0.39816122117236424,0.7640935582323883
23.97,-0.3904376592875334,0.7798442393322749
23.98,-0.38256433638571874,0.7940684589192509
23.990000000000002,-0.37455629010914837,0.8068144650866641
24.0,-0.36642804708398546,0.8181358332894654
24.01,-0.35819357344335906,0.8280907148832894
24.02,-0.3498662327863197,0.8367411055365288
24.03,-0.3414587513326285,0.8441521411132344
24.04,-0.33298318996405496,0.8503914272876743
24.05,-0.324450922786875,0.8555284078533805
24.060000000000002,-0.3158726218069874,0.859633775457512
24.07,-0.30725824727772477,0.8627789273462447
24.080000000000002,-0.29861704326006244,0.8650354676637817
24.09,-0.28995753792444906,0.8664747569162029
24.1,-0.28128754812173834,0.8671675083967806
24.11,-0.2726141877565134,0.8671834306724994
24.12,-0.26394387950828835,0.8665909146498991
24.13,-0.2552823694635154,0.865456763266852
24.14,-0.24663474424295126,0.8638459614882907
24.150000000000002,-0.23800545023374958,0.8618214840095773
24.16,-0.22939831456275972,0.8594441378815677
24.17,-0.22081656747611822,0.8567724371564661
24.18,-0.2122628658196304,0.8538625066031458
24.19,-0.20373931734405532,0.8507680115448811
24.2,-0.19524750558873277,0.8475401109219424
24.21,-0.18678851512561645,0.8442274307674846
24.22,-0.17836295697338306,0.8408760553995681
24.23,-0.16997099401762508,0.8375295337677802
24.240000000000002,-0.16161236629802744,0.8342288985434205
24.25,-0.15328641604675666,0.8310126957020646
24.26,-0.14499211238398615,0.827917022511841
24.27,-0.13672807559651987,0.8249755720060543
24.28,-0.1284926009438651,0.8222196821816733
24.29,-0.12028368195288641,0.8196783883231674
24.3,-0.11209903317740176,0.8173784770022942
24.310000000000002,-0.10393611241284054,0.8153445404473126
24.32,-0.09579214236845551,0.8135990301087911
24.330000000000002,-0.08766413181066471,0.8121623083731466
24.34,-0.07954889620099258,0.8110526974890997
24.35,-0.07144307786088272,0.8102865248764354
24.36,-0.06334316570346386,0.8098781640811608
24.37,-0.05524551457925949,0.8098400707268653
24.38,-0.04714636428892655,0.8101828128895215
24.39,-0.039041858321469065,0.8109150953929418
24.400000000000002,-0.030928062381067722,0.8120437775855859
24.41,-0.022800982769757352,0.8135738842174388
24.42,-0.014656584696718948,0.8155086090893818
24.43,-0.006490810587969715,0.8178493111980614
24.44,0.0017004015272422798,0.8205955031480042
24.45,0.00992109947499037,0.8237448316509485
24.46,0.01817529816026125,0.8272930499814605
24.47,0.02646696047461958,0.8312339823093323
24.48,0.0347999778064479,0.8355594798844953
24.490000000000002,0.04317815007230948,0.8402593691108057
24.5,0.05160516518866401,0.8453213916126433
24.51,0.06008457790456235,0.8507311364744623
24.52,0.06861978791815325,0.8564719649199036
24.53,0.07721401720296042,0.862524927795509
24.54,0.08587028647406343,0.868868676336142
24.55,0.09459139072968326,0.8754793668165584
24.560000000000002,0.1033798738103946,0.8823305598377619
24.57,0.11223800192643849,0.8893931151592623
24.580000000000002,0.12116773611357984,0.896635083170429
24.59,0.1301707035898471,0.9040215942968058
24.6,0.13924816799951598,0.911514747861252
24.61,0.14840099854707214,0.9190735021653378
24.62,0.15762963804282276,0.92665356782331
24.63,0.16693406990353835,0.9342073066681527
24.64,0.17631378417618582,0.9416836388550561
24.650000000000002,0.18576774268063947,0.9490279611091704
24.66,0.1952943433983692,0.9561820793979405
24.67,0.20489138426859826,0.9630841596483196
24.68,0.2145560265913356,0.9696687004689425
24.69,0.22428475827797711,0.9758665321684277
24.7,0.23407335723470415,0.9816048466730365
24.71,0.24391685521143786,0.9868072632276502
24.72,0.25380950249925716,0.9913939349990988
24.73,0.2637447339114198,0.9952817018738953
24.740000000000002,0.273715136536735,0.9983842948350538
24.75,0.28371241980812084,1.0006125972947613
24.76,0.2937273884826302,1.0018749686296722
24.77,0.30374991918071426,1.0020776348909621
24.78,0.31376894118044946,1.001125151219202
24.79,0.32377242220509833,0.9989209398623666
24.8,0.33374735997769683,0.995367906853284
24.810000000000002,0.34367978034216407,0.99036913933296
24.82,0.35355474276435606,0.9838286841952543
24.830000000000002,0.36335635402606914,0.9756524071692462
24.84,0.373067790907741,0.9657489296489936
24.85,0.38267133261904906,0.9540306385366126
24.86,0.39214840367847326,0.9404147621053384
24.87,0.4014796278611558,0.9248245024490387
24.88,0.41064489372745405,0.9071902125121323
24.89,0.41962343211139846,0.8874506030523881
24.900000000000002,0.4283939057885018,0.8655539622567753
24.91,0.436934511356534,0.8414593681994599
24.92,0.44522309315249103,0.8151378720054238
24.93,0.45323726879664245,0.7865736275764564
24.94,0.46095456570402016,0.7557649421671431
24.95,0.46835256763998534,0.7227252210857424
24.96,0.47540907012573497,0.6874837794513533
24.97,0.48210224322901235,0.6500864943645713
24.98,0.4884108000130264,0.6105962721239898
24.990000000000002,0.4943141686714922,0.5690933072982806
25.0,0.49979266615899204,0.5256751135623106
25.01,0.5048276709427384,0.48045631020562507
25.02,0.5094017923631046,0.4335681530594368
25.03,0.5134990340039272,0.38515780415613354
25.04,0.5171049484462272,0.3353873405818026
25.05,0.5202067808155633,0.2844325095162509
25.060000000000002,0.5227935986365523,0.2324812431525291
25.07,0.5248564056786138,0.17973195380181595
25.080000000000002,0.5263882377125886,0.12639163576099877
25.09,0.5273842383938339,0.072673806192637
25.1,0.5278417138364414,0.018796322099515865
25.11,0.5277601648358241,-0.035020885742127555
25.12,0.5271412961215988,-0.08855811846378608
25.13,0.5259890024665483,-0.1415982097452657
25.14,0.5243093319266934,-0.19392877692219856
25.150000000000002,0.5221104269281043,-0.24534437961370623
25.16,0.5194024443344192,-0.295648545781955
25.17,0.5161974560124651,-0.3446556291778931
25.18,0.5125093317508613,-0.3921924671747069
25.19,0.508353606668971,-0.4380998138235034
25.2,0.5037473354743912,-0.48223352933871505
25.21,0.4987089360821967,-0.524465513875302
25.22,0.4932580251968852,-0.5646843801388677
25.23,0.48741524847941936,-0.6027958658305856
25.240000000000002,0.4812021078802735,-0.6387229929543744
25.25,0.4746407886203319,-0.6724059864217482
25.26,0.46775398815183855,-0.7038019690387582
25.27,0.4605647492395567,-0.7328844537520386
25.28,0.45309629907679777,-0.7596426569142751
25.29,0.4453718961012712,-0.7840806582928762
25.3,0.43741468591094024,-0.8062164346167783
25.310000000000002,0.4292475674089356,-0.826080793695033
25.32,0.4208930700370395,-0.8437162356324681
25.330000000000002,0.4123732426962862,-0.85917576651595
25.34,0.4037095547067205,-0.8725216882644091
25.35,0.394922808930998,-0.883824386246076
25.36,0.386033066981799,-0.8931611338851672
25.37,0.3770595862532947,-0.9006149309191479
25.38,0.3680207683634161,-0.9062733893282208
25.39,0.3589341184667303,-0.910227678329775
25.400000000000002,0.34981621479682057,-0.9125715372868507
25.41,0.3406826877209933,-0.9134003629810981
25.42,0.3315482075371986,-0.912810375492471
25.43,0.32242648021114384,-0.9108978649413795
25.44,0.31333025023837097,-0.9077585196031124
25.45,0.30427130981908157,-0.9034868344069447
25.46,0.29526051355023203,-0.8981755975821781
25.47,0.286307797867438,-0.891915452201738
25.48,0.2774222045061973,-0.884794528586484
25.490000000000002,0.26861190729570833,-0.8768981429516645
25.5,0.259884241647164,-0.8683085572798598
25.51,0.2512457361501111,-0.8591047951698982
25.52,0.242702145743766,-0.8493625083157311
25.53,0.23425848598379645,-0.8391538882907964
25.54,0.22591906797795006,-0.8285476184306858
25.55,0.21768753361518273,-0.8176088608002244
25.560000000000002,0.2095668907619456,-0.8063992734824589
25.57,0.2015595481455336,-0.7949770537206042
25.580000000000002,0.19366734968753352,-0.7833970027658438
25.59,0.1858916080902167,-0.7717106086221582
25.6,0.17823313751509035,-0.7599661432241646
25.61,0.1706922852257334,-0.7482087709271596
25.62,0.16326896209654718,-0.7364806655237218
25.63,0.15596267191525898,-0.7248211333233304
25.64,0.14877253943008056,-0.7132667401368067
25.650000000000002,0.14169733711252286,-0.7018514402933662
25.66,0.13473551062421324,-0.6906067060830325
25.67,0.1278852029908622,-0.6795616562602201
25.68,0.12114427749900883,-0.6687431824651903
25.69,0.1145103393415584,-0.6581760726190776
25.7,0.10798075604662728,-0.6478831305259067
25.71,0.10155267673104025,-0.637885291072409
25.72,0.0952230502251791,-0.6282017305546327
25.73,0.0889886421199476,-0.618849971780601
25.740000000000002,0.08284605078956708,-0.6098459837019523
25.75,0.07679172244590855,-0.6012042754159911
25.76,0.07082196528124726,-0.5929379844542609
25.77,0.06493296275682334,-0.5850589593359794
25.78,0.059120786094527665,-0.5775778364157458
25.79,0.05338140602850842,-0.5705041110960793
25.8,0.04771070387260607,-0.5638462035077302
25.810000000000002,0.04210448195835381,-0.5576115187853922
25.82,0.03655847349689824,-0.5518065020844403
25.830000000000002,0.031068351916665012,-0.5464366884965135
25.84,0.02562973972696797,-0.5415067480289931
25.85,0.020238216956085152,-0.5370205258164363
25.86,0.014889329210639244,-0.5329810777314847
25.87,0.009578595401455456,-0.5293907015592849
25.88,0.0043015151794535455,-0.5262509638935682
25.89,-0.0009464238764159077,-0.523562722904735
25.900000000000002,-0.006169739278641156,-0.5213261471210004
25.91,-0.011372946818835918,-0.5195407303532763
25.92,-0.016560553885706684,-0.5182053028833512
25.93,-0.021737052876502943,-0.5173180390233866
25.94,-0.026906914666174415,-0.5168764611430899
25.95,-0.03207458209936474,-0.5168774402494126
25.96,-0.03724446347116267,-0.5173171931925152
25.97,-0.04242092596321505,-0.5181912765612918
25.98,-0.047608289002388504,-0.5194945773221896
25.990000000000002,-0.05281081750965884,-0.5212213002466353
26.0,-0.05803271500732121,-0.5233649521653321
26.01,-0.06327811655296549,-0.5259183230822625
26.02,-0.06855108146896646,-0.5288734641776773
26.03,-0.07385558583651904,-0.5322216627279441
26.04,-0.07919551472352536,-0.5359534139711419
26.05,-0.08457465411594188,-0.5400583899510273
26.060000000000002,-0.0899966825225459,-0.5445254053787759
26.07,-0.0954651622235174,-0.5493423805620505
26.080000000000002,-0.10098353013378691,-0.5544963014648263
26.09,-0.10655508825281393,-0.5599731769793752
26.1,-0.11218299367337442,-0.5657579935142667
26.11,-0.11787024812309926,-0.5718346670295771
26.12,-0.12361968701396597,-0.578185992683122
26.13,-0.1294339679767617,-0.5847935922898405
26.14,-0.13531555885976276,-0.5916378598408649
26.150000000000002,-0.141266725173579,-0.5986979053796913
26.16,-0.1472895169673566,-0.6059514975905733
26.17,-0.15338575512539046,-0.6133750055190991
26.18,-0.15955701707773856,-0.6209433399171174
26.19,-0.1658046219237328,-0.6286298947839197
26.2,-0.17212961497341694,-0.6364064897628836
26.21,-0.17853275171899044,-0.6442433141475589
26.22,-0.1850144812563681,-0.6521088733531538
26.23,-0.1915749291860535,-0.6599699388180728
26.240000000000002,-0.19821388003272955,-0.6677915024148492
26.25,-0.2049307592343505,-0.6755367365694942
26.26,-0.21172461476411944,-0.6831669614115877
26.27,-0.21859409846258226,-0.6906416204026602
26.28,-0.22553744717217267,-0.6979182660154007
26.29,-0.2325524637828903,-0.7049525571583726
26.3,-0.23963649831534012,-0.7116982701571115
26.310000000000002,-0.24678642918603252,-0.7181073252090915
26.32,-0.25399864481952195,-0.7241298303228675
26.330000000000002,-0.26126902579248984,-0.7297141448260047
26.34,-0.26859292771604204,-0.734806964576887
26.35,-0.27596516508402763,-0.7393534310363599
26.36,-0.28337999633676925,-0.7432972663401666
26.37,-0.29083111041083093,-0.7465809364556781
26.38,-0.2983116150658828,-0.7491458443996969
26.39,-0.30581402729882484,-0.7509325553312685
26.400000000000002,-0.31333026617250814,-0.7518810551078074
26.41,-0.32085164840098096,-0.7519310435981856
26.42,-0.3283688870444718,-0.7510222636772973
26.43,-0.3358720936745269,-0.7490948663786333
26.44,-0.3433507843720445,-0.7460898121517366
26.45,-0.35079388991756166,-0.7419493075591586
26.46,-0.3581897705232277,-0.736617276054162
26.47,-0.36552623543864493,-0.7300398607102004
26.48,-0.37279056773743174,-0.7221659559336335
26.490000000000002,-0.3799695545573176,-0.7129477642933176
26.5,-0.3870495230232981,-0.7023413736595449
26.51,-0.3940163820305085,-0.6903073488792704
26.52,-0.40085567000088346,-0.6768113312476175
26.53,-0.40755260865546084,-0.6618246380941164
26.54,-0.4140921627627658,-0.6453248539162754
26.55,-0.4204591057337863,-0.6272964036960228
26.560000000000002,-0.4266380908366862,-0.60773109836133
26.57,-0.43261372770101286,-0.5866286418418291
26.580000000000002,-0.43837066367352273,-0.5639970888488053
26.59,-0.443893669477989,-0.5398532424198244
26.6,-0.4491677285219192,-0.5142229804358835
26.61,-0.45417812908670663,-0.4871415007682029
26.62,-0.45891055853728324,-0.45865347545908747
26.63,-0.4633511985958883,-0.4288131053941842
26.64,-0.4674868206451669,-0.3976840682790185
26.650000000000002,-0.4713048799614687,-0.3653393543765417
26.66,-0.47479360773269774,-0.3318609863681245
26.67,-0.4779420996888312,-0.2973396218294527
26.68,-0.4807404001692868,-0.26187403911507123
26.69,-0.48317958047113263,-0.2255705098605188
26.7,-0.48525181036649717,-0.18854206377032823
26.71,-0.4869504217465392,-0.1509076537888857
26.72,-0.4882699634422749,-0.11279123207148936
26.73,-0.489206246387969,-0.07432074930743998
26.740000000000002,-0.48975637842842373,-0.03562709182190965
26.75,-0.4899187882244072,0.0031570275678598422
26.76,-0.4896932378770666,0.04189820779988852
26.77,-0.48908082406840947,0.08046350903472783
26.78,-0.488083967696372,0.11872159517032266
26.79,-0.486706392165003,0.15654385140686145
26.8,-0.4849530906682348,0.1938054594957272
26.810000000000002,-0.48283028297508845,0.2303864143718508
26.82,-0.4803453623807977,0.2661724673281469
26.830000000000002,-0.4775068336285255,0.3010559826912014
26.84,-0.4743242427269737,0.334936697034753
26.85,-0.47080809968783044,0.3677223722495121
26.86,-0.46696979528198346,0.3993293361976152
26.87,-0.46282151296387813,0.4296829071395151
26.88,-0.4583761371391932,0.45871770055457356
26.89,-0.4536471589527867,0.48637781931354584
26.900000000000002,-0.4486485807529223,0.5126169303388887
26.91,-0.4433948203460089,0.5373982328546276
26.92,-0.4379006160958297,0.5606943250399234
26.93,-0.4321809338452104,0.5824869773300116
26.94,-0.42625087654922944,0.6027668217375333
26.95,-0.42012559741045974,0.621532967390733
26.96,-0.4138202172014148,0.6387925530076091
26.97,-0.4073497463503076,0.6545602472612448
26.98,-0.40072901225618995,0.6688577079634209
26.990000000000002,-0.3939725921910392,0.6817130107293973
27.0,-0.38709475204160204,0.693160057318931
27.01,-0.3801093910446606,0.7032379732121182
27.02,-0.3730299925773597,0.7119905032093921
27.03,-0.3658695809804728,0.7194654129783445
27.04,-0.35864068431779283,0.725713903539627
27.05,-0.35135530290968026,0.730790044721073
27.060000000000002,-0.34402488342337134,0.7347502326410842
27.07,-0.33666029825685856,0.7376526753331656
27.080000000000002,-0.329271829916708,0.7395569097132574
27.09,-0.3218691600625934,0.7405233522360791
27.1,-0.31446136287198645,0.7406128847981179
27.11,-0.307056902366631,0.7398864767314898
27.12,-0.2996636333373566,0.7384048430997381
27.13,-0.29228880550463626,0.7362281389558187
27.14,-0.28493907055824025,0.73341568875371
27.150000000000002,-0.2776204917295621,0.7300257497158696
27.16,-0.2703385555639229,0.7261153076451295
27.17,-0.2630981855766595,0.7217399034263522
27.18,-0.25590375749539584,0.7169534882841959
27.19,-0.24875911581097557,0.7118083057420758
27.2,-0.2416675913805543,0.7063547981570277
27.21,-0.234632019847835,0.7006415356788637
27.22,-0.227654760666977,0.6947151654930729
27.23,-0.22073771653797353,0.6886203792490591
27.240000000000002,-0.21388235308199582,0.6823998966425789
27.25,-0.20708971860512193,0.6760944632082547
27.26,-0.2003604638178307,0.6697428604798927
27.27,-0.19369486139552405,0.6633819267887247
27.28,-0.1870928252820562,0.65704658708883
27.29,-0.18055392965374745,0.6507698903216665
27.3,-0.17407742747562285,0.6445830529550989
27.310000000000002,-0.16766226859464545,0.6385155074543315
27.32,-0.16130711732653621,0.6325949545608907
27.330000000000002,-0.15501036950342764,0.6268474183698398
27.34,-0.14877016895913944,0.6212973033036534
27.35,-0.1425844234373546,0.615967452182836
27.36,-0.13645081991548275,0.6108792046879197
27.37,-0.13036683934359622,0.6060524555945861
27.38,-0.12432977080359102,0.601505712243217
27.39,-0.11833672509873189,0.5972561507761803
27.400000000000002,-0.11238464778806742,0.5933196707407566
27.41,-0.10647033168391676,0.5897109477130223
27.42,-0.10059042883380698,0.5864434836485343
27.43,-0.09474146201094608,0.5835296547096567
27.44,-0.08891983573961385,0.5809807563572246
27.45,-0.08312184688380159,0.5788070455263589
27.46,-0.07734369482908668,0.5770177797330585
27.47,-0.07158149128914043,0.5756212529801288
27.48,-0.06583126976948411,0.5746248283484836
27.490000000000002,-0.06008899472217077,0.5740349671733014
27.5,-0.05435057042601809,0.5738572547143429
27.51,-0.04861184962788391,0.574096422236338
27.52,-0.04286864198129133,0.5747563654191206
27.53,-0.0371167223195015,0.5758401590185099
27.54,-0.03135183880092113,0.5773500676981773
27.55,-0.025569720965537952,0.5792875529502552
27.560000000000002,-0.019766087741916023,0.5816532760186203
27.57,-0.013936655445165546,0.5844470967339485
27.580000000000002,-0.008077145807237054,0.5876680681641964
27.59,-0.0021832940818816197,0.5913144269784483
27.6,0.0037491427323319113,0.5953835794165034
27.61,0.009724377506448448,0.5998720827515431
27.62,0.01574658438736277,0.6047756221291594
27.63,0.021819889949031633,0.6100889826633947
27.64,0.027948364040630665,0.6158060166697379
27.650000000000002,0.03413601028242639,0.6219196059167666
27.66,0.040386756158965996,0.6284216187829206
27.67,0.0467044426580848,0.6353028622133347
27.68,0.05309281340323269,0.6425530283844696
27.69,0.059555503225774194,0.6501606360021706
27.7,0.0660960261232761,0.6581129661825762
27.71,0.07271776254942572,0.6663959928958582
27.72,0.07942394598119328,0.6749943079910142
27.73,0.08621764870924602,0.6838910408668658
27.740000000000002,0.09310176679853059,0.6930677729110519
27.75,0.10007900416746705,0.7025044468962597
27.76,0.10715185573645579,0.7121792716022985
27.77,0.11432258959951304,0.7220686220250387
27.78,0.12159322817695659,0.732146935639814
27.79,0.1289655283123093,0.7423866053087022
27.8,0.1364409602831306,0.7527578695591379
27.810000000000002,0.14402068570349205,0.7632287011164374
27.82,0.15170553430545933,0.773764694745689
27.830000000000002,0.1594959795984058,0.7843289556495081
27.84,0.16739211341844948,0.7948819898774188
27.85,0.1753936193959542,0.8053815984297635
27.86,0.18349974538704475,0.8157827769831414
27.87,0.19170927493561699,0.826037623423876
27.88,0.20002049785552223,0.8360952556485806
27.89,0.20843118004858857,0.8459017423732522
27.900000000000002,0.21693853270298727,0.8554000499801724
27.91,0.22553918104819204,0.8645300087196968
27.92,0.23422913287738123,0.873228301864927
27.93,0.24300374708549058,0.881428481682956
27.94,0.25185770251104034,0.8890610163270073
27.95,0.2607849674120307,0.8960533719578627
27.96,0.26977876995019756,0.9023301345573924
27.97,0.27883157010317855,0.9078131759870978
27.98,0.28793503346993954,0.9124218688542413
27.990000000000002,0.29708000748026336,0.9160733546600934
28.0,0.30625650056314135,0.9186828695009486
28.01,0.3154536648702823,0.9201641312544103
28.02,0.3246597831882295,0.9204297916928975
28.03,0.3338622607041402,0.9193919563063747
28.04,0.34304762231435704,0.9169627737720676
28.05,0.35220151617958156,0.9130550959686979
28.060000000000002,0.36130872423373095,0.9075832081893562
28.07,0.37035318034336867,0.900463627759137
28.080000000000002,0.37931799678891365,0.8916159676169194
28.09,0.38818549969570704,0.8809638595896067
28.1,0.3969372739807058,0.8684359300960063
28.11,0.4055542182976271,0.8539668189014683
28.12,0.4140166103587351,0.8374982293501086
28.13,0.4223041828846293,0.818979996287421
28.14,0.43039621028448355,0.7983711557222325
28.150000000000002,0.43827160599907394,0.775640998243542
28.16,0.4459090302493544,0.750770086393494
28.17,0.45328700772694386,0.7237512146970101
28.18,0.4603840545432946,0.6945902899579531
28.19,0.4671788135261029,0.6633071088453752
28.2,0.4736501967202021,0.6299360097983089
28.21,0.47977753372206905,0.5945263769477199
28.22,0.48554072425915645,0.5571429751451948
28.23,0.49092039322497294,0.517866097331218
28.240000000000002,0.4958980462057808,0.4767915083742622
28.25,0.5004562233924582,0.43403017313552533
28.26,0.5045786496684913,0.3897077607982465
28.27,0.508250378608423,0.34396392234498396
28.28,0.5114579281153909,0.2969513433371215
28.29,0.5141894054751655,0.24883457968432787
28.3,0.5164346197090776,0.19978868970000624
28.310000000000002,0.5181851792691656,0.14999768121835777
28.32,0.5194345733334448,0.09965279768979579
28.330000000000002,0.5201782352229617,0.048950671768801066
28.34,0.5204135867688209,-0.0019086212278382822
28.35,0.5201400627984049,-0.05272357464771042
28.36,0.5193591152758666,-0.10329328932804993
28.37,0.5180741970118439,-0.15341950180155878
28.38,0.5162907252398354,-0.20290856407959468
28.39,0.514016025730252,-0.2515733386570954
28.400000000000002,0.5112592584666935,-0.29923497490039824
28.41,0.508031326232244,-0.34572453645588674
28.42,0.5043447677375759,-0.3908844536056033
28.43,0.5002136371601321,-0.43456977941643493
28.44,0.49565337214924726,-0.47664923388261277
28.45,0.4906806524824799,-0.5170060258379746
28.46,0.4853132516324878,-0.5555384480070842
28.47,0.4795698835223382,-0.5921602459768774
28.48,0.47347004671295023,-0.6268007669274797
28.490000000000002,0.46703386818378856,-0.6594048985141122
28.5,0.460281948742668,-0.6899328122258227
28.51,0.45323521193927213,-0.7183595287802754
28.52,0.44591475816706244,-0.7446743256015617
28.53,0.43834172542724087,-0.768880008158299
28.54,0.4305371580038964,-0.7909920679312239
28.55,0.42252188406861635,-0.8110377500783423
28.560000000000002,0.4143164030023296,-0.8290550535378297
28.57,0.4059407829978598,-0.8450916854360052
28.580000000000002,0.39741456929360947,-0.8592039903414241
28.59,0.3887567031910313,-0.8714558732224884
28.6,0.3799854518291597,-0.8819177330208317
28.61,0.37111834853061465,-0.8906654216377646
28.62,0.3621721433964044,-0.8977792409306181
28.63,0.3531627637120023,-0.9033429881046587
28.64,0.3441052836343112,-0.9074430577281253
28.650000000000002,0.33501390255743974,-0.9101676065448782
28.66,0.3259019315034136,-0.9116057853514826
28.67,0.3167817868504101,-0.9118470404723349
28.68,0.3076649906939669,-0.9109804858264166
28.69,0.2985621771338817,-0.909094345241991
28.7,0.28948310378912706,-0.9062754635427378
28.71,0.28043666786302696,-0.902608883995725
28.72,0.27143092610921254,-0.8981774889684182
28.73,0.2624731180836586,-0.8930617000750416
28.740000000000002,0.2535696921077117,-0.8873392336858598
28.75,0.24472633340994135,-0.8810849074086156
28.76,0.23594799395953936,-0.8743704930110682
28.77,0.22723892354971997,-0.8672646112189772
28.78,0.21860270173515983,-0.8598326638772782
28.79,0.21004227027217443,-0.8521367990869115
28.8,0.2015599657534216,-0.8442359051104711
28.810000000000002,0.19315755216996502,-0.8361856290627072
28.82,0.18483625317216748,-0.8280384166547434
28.830000000000002,0.17659678383687016,-0.8198435695330644
28.84,0.16843938178150622,-0.8116473170369014
28.85,0.16036383749613217,-0.8034928994830982
28.86,0.15236952379184426,-0.7954206603697742
28.87,0.14445542428873667,-0.7874681451642888
28.88,0.13662016088855847,-0.7796702046034323
28.89,0.128862020196668,-0.772059100681707
28.900000000000002,0.12117897887492432,-0.7646646137351297
28.91,0.11356872792196541,-0.7575141492420232
28.92,0.10602869589008385,-0.7506328431582006
28.93,0.0985560710588014,-0.7440436647816803
28.94,0.09114782259445024,-0.7377675163019164
28.95,0.08380072073276307,-0.731823328331062
28.96,0.076511356027829,-0.7262281508408401
28.97,0.06927615771594628,-0.7209972390391418
28.98,0.06209141124704618,-0.7161441338166086
28.990000000000002,0.05495327503961411,-0.711680736476336
29.0,0.04785779651751946,-0.7076173775306491
29.01,0.040800927489001125,-0.7039628794088544
29.02,0.03377853892934237,-0.7007246129701421
29.03,0.026786435229598286,-0.6979085477575607
29.04,0.019820367974191157,-0.6955192959633341
29.05,0.012876049310331605,-0.6935601501038128
29.060000000000002,0.0059491649721149014,-0.6920331144250813
29.07,-0.0009646129781700228,-0.690938930078664
29.080000000000002,-0.007869613629458379,-0.6902770941218268
29.09,-0.014770154860606559,-0.6900458724095585
29.1,-0.02167053107764955,-0.6902423064562965
29.11,-0.02857500098973249,-0.6908622143556692
29.12,-0.035487775364762934,-0.6919001858567632
29.13,-0.042413004706867756,-0.69334957170647
29.14,-0.04935476679889234,-0.6952024673800945
29.150000000000002,-0.05631705405446965,-0.6974496913373559
29.16,-0.06330376062563946,-0.7000807579589485
29.17,-0.07031866921364861,-0.7030838453406658
29.18,-0.07736543753245277,-0.7064457581484818
29.19,-0.08444758437661824,-0.7101518857696447
29.2,-0.09156847524784566,-0.7141861560324877
29.21,-0.09873130749726801,-0.7185309848120089
29.22,-0.10593909494408585,-0.7231672218899964
29.23,-0.11319465193506793,-0.7280740934982224
29.240000000000002,-0.1205005768140503,-0.7332291420416107
29.25,-0.12785923477590017,-0.7386081635758194
29.26,-0.1352727400855667,-0.7441851437008327
29.27,-0.1427429376499168,-0.7499321926292402
29.28,-0.15027138393815148,-0.7558194802950843
29.29,-0.15785932725581847,-0.7618151724864615
29.3,-0.1655076873878807,-0.7678853691122282
29.310000000000002,-0.17321703463806304,-0.7739940458496654
29.32,-0.180987568304874,-0.7801030005649278
29.330000000000002,-0.18881909464936159,-0.7861718060503001
29.34,-0.19671100442588002,-0.7921577707799734
29.35,-0.20466225006496105,-0.7980159095470204
29.36,-0.2126713226168204,-0.8036989260056527
29.37,-0.2207362285850741,-0.8091572093012233
29.38,-0.22885446680284488,-0.8143388471216099
29.39,-0.2370230055275063,-0.8191896576426632
29.400000000000002,-0.24523825995569812,-0.8236532429615987
29.41,-0.25349607038673827,-0.8276710667090695
29.42,-0.2617916812898795,-0.8311825585958782
29.43,-0.2701197215586558,-0.8341252486758635
29.44,-0.2784741862633968,-0.8364349340837853
29.45,-0.2868484202403316,-0.83804588092687
29.46,-0.2952351038819342,-0.838891063861626
29.47,-0.30362624151756407,-0.8389024456640963
29.48,-0.31201315279521613,-0.8380112987926686
29.490000000000002,-0.3203864674934174,-0.836148570539382
29.5,-0.32873612420600373,-0.8332452928609697
29.51,-0.3370513733506368,-0.8292330373689407
29.52,-0.34532078495338253,-0.8240444152354005
29.53,-0.35353226165534485,-0.8176136209374787
29.54,-0.3616730573721322,-0.8098770178211642
29.55,-0.36972980201176814,-0.8007737624222026
29.560000000000002,-0.3776885326205762,-0.7902464633493926
29.57,-0.385534731278756,-0.7782418693312931
29.580000000000002,-0.39325337000720206,-0.7647115797737598
29.59,-0.40082896287423114,-0.7496127699013867
29.6,-0.40824562540522974,-0.7329089212949869
29.61,-0.41548714130013087,-0.7145705474291532
29.62,-0.42253703635381284,-0.694575902702686
29.63,-0.4293786593541846,-0.6729116624877037
29.64,-0.4359952696035669,-0.6495735609500015
29.650000000000002,-0.4423701305731846,-0.6245669728632807
29.66,-0.4484866090608325,-0.5979074254007944
29.67,-0.4543282790812005,-0.5696210259828788
29.68,-0.4598790295804901,-0.5397447927238481
29.69,-0.4651231749356775,-0.5083268748833127
29.7,-0.47004556707815637,-0.47542665199945877
29.71,-0.47463170797566673,-0.4411147020652835
29.72,-0.47886786111946206,-0.4054726311872563
29.73,-0.4827411605994118,-0.3685927596063951
29.740000000000002,-0.48623971631158996,-0.33057766171403485
29.75,-0.4893527138336925,-0.2915395606917137
29.76,-0.4920705075254242,-0.2515995815647399
29.77,-0.49438470546498725,-0.2108868696878688
29.78,-0.49628824491918155,-0.16953758487601747
29.79,-0.4977754571625076,-0.12769378444537066
29.8,-0.49884212060808897,-0.08550221123311459
29.810000000000002,-0.4994855013871699,-0.04311300511518092
29.82,-0.4997043807103926,-0.0006783585489485711
29.830000000000002,-0.4994990685581489,0.041648861844993605
29.84,-0.49887140347349274,0.0837165047389539
29.85,-0.4978247384633698,0.12537451137392946
29.86,-0.49636391324601414,0.16647625776724656
29.87,-0.4944952133080249,0.20687983990696923
29.88,-0.49222631644787473,0.2464492815061397
29.89,-0.4895662276779021,0.28505564592445004
29.900000000000002,-0.4865252035293858,0.3225780363380545
29.91,-0.483114666951141,0.35890447105733636
29.92,-0.47934711410823905,0.3939326239549157
29.93,-0.47523601447204267,0.4275704231644103
29.94,-0.4707957056449508,0.45973650443690917
29.95,-0.4660412843833045,0.4903605186941072
29.96,-0.4609884952710687,0.5193832963009928
29.97,-0.4556536184572847,0.5467568733158328
29.98,-0.45005335780475203,0.5724443873950236
29.990000000000002,-0.4442047307093842,0.59641985308592
30.0,-0.43812496074303364,0.6186678279000636
30.01,-0.4318313741513829,0.6391829818073511
30.02,-0.4253413011068866,0.6579695836295748
30.03,-0.4186719824787914,0.6750409182545422
30.04,-0.41184048274179574,0.6904186486667626
30.05,-0.40486360950545613,0.704132136534032
30.060000000000002,-0.39775784001111514,0.7162177345446136
30.07,-0.3905392548145639,0.7267180629048335
30.080000000000002,-0.3832234787530185,0.7356812814314024
30.09,-0.37582562918593587,0.7431603675559918
30.1,-0.36836027140189864,0.7492124093488042
30.11,-0.3608413809989598,0.7538979214068054
30.12,-0.35328231297376256,0.7572801901800805
30.13,-0.3456957771953582,0.7594246540602445
30.14,-0.3380938198925577,0.7603983223561545
30.150000000000002,-0.33048781074823513,0.760269236156719
30.16,-0.32288843516942334,0.7591059730452339
30.17,-0.3153056912873305,0.7569771966959824
30.18,-0.3077488912355037,0.7539512515587329
30.19,-0.30022666625615585,0.7500958021229878
30.2,-0.292746975193044,0.745477515650668
30.21,-0.2853171159431425,0.7401617867697438
30.22,-0.2779437394576491,0.7342125019263412
30.23,-0.2706328659046157,0.7276918413915943
30.240000000000002,-0.26338990262981726,0.720660116303388
30.25,-0.256219663578548,0.7131756380829329
30.26,-0.2491263898681586,0.7052946174923089
30.27,-0.2421137712287018,0.6970710905823025
30.28,-0.2351849680565126,0.6885568688109086
30.29,-0.22834263385248366,0.6798015106831674
30.3,-0.22158893784284925,0.6708523123646035
30.310000000000002,-0.2149255876051916,0.6617543148461827
30.32,-0.2083538515459256,0.6525503253819661
30.330000000000002,-0.20187458109755227,0.6432809510758555
30.34,-0.19548823252440847,0.6339846426561159
30.35,-0.18919488824442995,0.6246977466416016
30.36,-0.18299427759157647,0.6154545642683795
30.37,-0.17688579695906237,0.6062874157069471
30.38,-0.1708685292774375,0.5972267082562913
30.39,-0.16494126279393653,0.58830100734993
30.400000000000002,-0.15910250913043888,0.5795371093495978
30.41,-0.15335052060694454,0.5709601152335264
30.42,-0.14768330682576833,0.5625935044078116
30.43,-0.14209865051878828,0.5544592079809093
30.44,-0.13659412266615012,0.546577680942837
30.45,-0.13116709689993153,0.5389679727823387
30.46,-0.12581476321050333,0.5316477961573839
30.47,-0.12053414097678385,0.5246335933073315
30.48,-0.11532209134435671,0.5179405999593599
30.490000000000002,-0.11017532897759665,0.5115829065378832
30.5,-0.10509043321359904,0.5055735165341888
30.51,-0.10006385864691288,0.49992440193502485
30.52,-0.09509194517489855,0.49464655564389776
30.53,-0.09017092753403493,0.489750040857979
30.54,-0.08529694435773898,0.4852440373873042
30.55,-0.08046604678628884,0.4811368849218928
30.560000000000002,-0.07567420665930112,0.4774361232670158
30.57,-0.07091732432094854,0.4741485295775411
30.580000000000002,-0.0661912360677503,0.4712801526295293
30.59,-0.061491721268357946,0.46883634417140957
30.6,-0.05681450918432211,0.46682178739851543
30.61,-0.05215528552038763,0.4652405225938182
30.62,-0.04750969873244574,0.4640959699746649
30.63,-0.04287336612089433,0.463390949780482
30.64,-0.038241879736836105,0.4631276996299921
30.650000000000002,-0.0336108121282945,0.46330788916873117
30.66,-0.028975721953461483,0.46393263201875967
30.67,-0.0243321594879193,0.4650024950326218
30.68,-0.019675672052809047,0.4665175048429969
30.69,-0.015001809391059365,0.468477151688281
30.7,-0.010306129019043427,0.47088039048269165
30.71,-0.005584201581405532,0.4737256390875674
30.72,-0.0008316162372920796,0.4770107737284949
30.73,0.003956013893164366,0.48073312149090447
30.740000000000002,0.00878304619252601,0.484889449815004
30.75,0.013653802889464446,0.48947595289955337
30.76,0.01857256525051708,0.4944882349132202
30.77,0.02354356758772885,0.49992128990231516
30.78,0.02857099104856338,0.5057694782748344
30.79,0.03365895715322554,0.5120264997331989
30.8,0.03881152104322736,0.518685362522183
30.810000000000002,0.0440326644036692,0.5257383488546076
30.82,0.04932628802031951,0.533176976375809
30.830000000000002,0.054696203931185385,0.5409919555291163
30.84,0.060146127130901846,0.5491731426890396
30.85,0.06567966678496617,0.5577094889371206
30.86,0.07130031690964425,0.566588984368
30.87,0.07701144647232616,0.5757985978308535
30.88,0.08281628886626131,0.5853242120346284
30.89,0.08871793071301873,0.5951505539752397
30.900000000000002,0.0947192999457661,0.6052611206798653
30.91,0.10082315312661602,0.6156381003085764
30.92,0.10703206195193762,0.6262622887076847
30.93,0.11334839890076973,0.6371130015733107
30.94,0.11977432198340385,0.6481679824587809
30.95,0.12631175854994534,0.6594033069465293
30.96,0.1329623881223344,0.6707932834051769
30.970000000000002,0.13972762421804885,0.6823103508663428
30.98,0.14660859513966126,0.6939249746843438
30.990000000000002,0.15360612371173574,0.7056055407860069
31.0,0.1607207059553814,0.7173182494779125
31.01,0.167952488701294,0.7290270099548166
31.02,0.17530124615447776,0.740693336845803
31.03,0.18276635543821004,0.7522762503434901
31.04,0.19034677116134752,0.763732181685529
31.05,0.1980409990719206,0.7750148859952044
31.060000000000002,0.2058470688812516,0.7860753647370676
31.07,0.21376250636666194,0.7968618003012115
31.080000000000002,0.22178430488727582,0.80731950549214
31.09,0.22990889647650475,0.8173908909602331
31.1,0.23813212270648051,0.8270154538693959
31.11,0.2464492055538927,0.8361297913362004
31.12,0.2548547185332045,0.8446676423948521
31.13,0.2633425584017897,0.8525599624284458
31.14,0.2719059177817734,0.8597350341485386
31.150000000000002,0.2805372590847605,0.8661186192890558
31.16,0.2892282901675546,0.8716341551926357
31.17,0.2979699421886132,0.8762030003923912
31.18,0.30675235017540237,0.8797447331136115
31.19,0.31556483685088543,0.8821775063217584
31.2,0.3243959003018375,0.8834184625090701
31.21,0.3332332061010668,0.8833842108269542
31.220000000000002,0.3420635845183766,0.8819913684217123
31.23,0.3508730334695011,0.8791571669062829
31.240000000000002,0.35964672785650226,0.8748001237937783
31.25,0.3683690359453766,0.8688407774277617
31.26,0.37702354340505745,0.8612024824738239
31.27,0.38559308559485306,0.8518122613988651
31.28,0.39405978863303476,0.8406017055788704
31.29,0.4024051197064305,0.8275079177726677
31.3,0.41060994698848813,0.8124744857180672
31.310000000000002,0.41865460942079186,0.7954524745981731
31.32,0.4265189964804516,0.7764014241499828
31.330000000000002,0.43418263790379147,0.7552903343143837
31.34,0.44162480316673924,0.7320986216339377
31.35,0.4488246103364702,0.7068170271755426
31.36,0.45576114371025006,0.6794484556749645
31.37,0.46241357944996947,0.6500087249539628
31.38,0.4687613182093293,0.6185272045275594
31.39,0.4747841235405207,0.5850473227680187
31.400000000000002,0.48046226466468966,0.5496269230773666
31.41,0.485776662002068,0.5123384512759052
31.42,0.4907090336902078,0.47326895885002374
31.43,0.4952420411790685,0.43251990980059707
31.44,0.4993594318862198,0.3902067825450383
31.45,0.5030461768299692,0.3464584625720386
31.46,0.5062886011376605,0.30141642621817516
31.470000000000002,0.5090745053543327,0.25523372089225743
31.48,0.5113932755555056,0.2080737521558698
31.490000000000002,0.5132359803974501,0.16010889309990958
31.5,0.5145954534175038,0.11151893625133397
31.51,0.5154663591224767,0.0624894126166724
31.52,0.5158452416698373,0.013209806244112936
31.53,0.515730555247359,-0.036128304291283914
31.54,0.5151226755840116,-0.08533314393154762
31.55,0.5140238923687281,-0.13421464398917443
31.560000000000002,0.5124383827042281,-0.18258631493966937
31.57,0.5103721660699347,-0.23026705516064072
31.580000000000002,0.5078330416010154,-0.27708286349279376
31.59,0.504830508800079,-0.32286842627654333
31.6,0.5013756730754845,-0.3674685530894283
31.61,0.49748113773829034,-0.410739439626102
31.62,0.49316088428296245,-0.4525497408541609
31.63,0.4884301429212071,-0.49278144256227324
31.64,0.483305255431717,-0.531330524505481
31.650000000000002,0.4778035324310975,-0.5681074133656197
31.66,0.4719431071644046,-0.6030372285162959
31.67,0.46574278786077156,-0.6360598279668077
31.68,0.4592219106050684,-0.6671296657392738
31.69,0.45240019454598607,-0.6962154752193717
31.7,0.445297601100681,-0.7232997956559168
31.71,0.43793419863286775,-0.7483783609412833
31.720000000000002,0.4303300338818553,-0.7714593710853204
31.73,0.42250501121116135,-0.7925626674273709
31.740000000000002,0.4144787805333079,-0.8117188326629196
31.75,0.4062706345579029,-0.8289682362584737
31.76,0.39789941580813837,-0.8443600448672703
31.77,0.3893834336605575,-0.8579512160228282
31.78,0.3807403914876818,-0.8698054917630581
31.79,0.3719873238252963,-0.8799924070088658
31.8,0.36314054334750445,-0.8885863255674086
31.810000000000002,0.35421559731394814,-0.8956655146236472
31.82,0.34522723305503156,-0.9013112665878478
31.830000000000002,0.33618937198219123,-0.9056070752345421
31.84,0.32711509155034074,-0.9086378712430815
31.85,0.3180166145573296,-0.9104893205640147
31.86,0.3089053051390604,-0.9112471875120827
31.87,0.2997916708070879,-0.9109967631398387
31.88,0.29068536987626364,-0.90982235828218
31.89,0.28159522364144435,-0.9078068596812809
31.900000000000002,0.272529232682638,-0.9050313467980107
31.91,0.2634945967054841,-0.9015747662802518
31.92,0.25449773735703296,-0.8975136605778521
31.93,0.24554432349392702,-0.8929219468534778
31.94,0.23663929841996337,-0.8878707421224303
31.95,0.2277869086514784,-0.8824282304461575
31.96,0.21899073381104023,-0.876659567987501
31.970000000000002,0.2102537172917284,-0.8706268217950881
31.98,0.2015781973751385,-0.8643889383050626
31.990000000000002,0.19296593852562716,-0.8580017377171602
32.0,0.1844181626207953,-0.851517930606897
32.01,0.17593557991348924,-0.8449871533657369
32.02,0.16751841955348057,-0.8384560193073302
32.03,0.15916645952734265,-0.8319681825324594
32.04,0.1508790559028314,-0.8255644119017069
32.05,0.14265517128930852,-0.8192826727177798
32.06,0.1344934024484758,-0.8131582139647334
32.07,0.12639200701001385,-0.807223659185824
32.08,0.11834892926475933,-0.8015090993030615
32.09,0.11036182502395263,-0.7960421858881415
32.1,0.10242808554699649,-0.790848223585323
32.11,0.09454486055224615,-0.7859502605615754
32.12,0.08670908033576497,-0.7813691760178888
32.13,0.07891747703188835,-0.7771237639383854
32.14,0.07116660505699725,-0.7732308123813546
32.15,0.06345286078426125,-0.7697051777293873
32.160000000000004,0.0557725015024095,-0.7665598534153386
32.17,0.048121663715954485,-0.7638060327279761
32.18,0.040496380847849976,-0.7614531653770173
32.19,0.032892600408414144,-0.7595090075629882
32.2,0.025306200696590217,-0.7579796653541655
32.21,0.017733007101330835,-0.7568696312220038
32.22,0.010168808072150143,-0.7561818136291003
32.230000000000004,0.002609370828748828,-0.7559175596011134
32.24,-0.004949543119872126,-0.7560766702472975
32.25,-0.012512162576197125,-0.7566574092246213
32.26,-0.020082691304364554,-0.7576565041689233
32.27,-0.02766529265957559,-0.7590691411443686
32.28,-0.03526407412725193,-0.7608889521907128
32.29,-0.042883071703389855,-0.7631079960776502
32.3,-0.050526234048804936,-0.7657167324079244
32.31,-0.05819740635154834,-0.768703989246982
32.32,-0.06590031383374459,-0.7720569244978426
32.33,-0.0736385448415052,-0.7757609812865932
32.34,-0.08141553345947644,-0.7797998376775548
32.35,-0.08923454159505628,-0.7841553510987208
32.36,-0.09709864048145085,-0.788807497928551
32.37,-0.1050106915536273,-0.7937343087755357
32.38,-0.11297332665696157,-0.798911800073013
32.39,-0.12098892755508756,-0.8043139027142949
32.4,-0.12905960471124747,-0.8099123885678897
32.410000000000004,-0.13718717532644537,-0.8156767958399603
32.42,-0.14537314062804668,-0.8215743543914098
32.43,-0.15361866241427358,-0.8275699122701211
32.44,-0.16192453887344913,-0.8336258648845531
32.45,-0.17029117971196467,-0.8397020884223724
32.46,-0.1787185806418966,-0.8457558793058568
32.47,-0.1872062972980818,-0.8517419016726548
32.480000000000004,-0.19575341867534968,-0.8576121450736827
32.49,-0.20435854019955543,-0.8633158947863152
32.5,-0.21301973657107598,-0.8687997173465583
32.51,-0.2217345345464866,-0.874007464103647
32.52,-0.2304998858531489,-0.8788802957885762
32.53,-0.2393121404622581,-0.8833567312574498
32.54,-0.2481670204782979,-0.8873727237131861
32.55,-0.2570595949365218,-0.8908617678158638
32.56,-0.26598425583461516,-0.8937550411526576
32.57,-0.27493469575957497,-0.8959815835417259
32.58,-0.2839038875054497,-0.8974685175786361
32.59,-0.2928840661111477,-0.8981413136864365
32.6,-0.3018667137791784,-0.8979241026885524
32.61,-0.31084254816491874,-0.8967400385747502
32.62,-0.3198015145506734,-0.8945117136625652
32.63,-0.32873278243817006,-0.8911616277592909
32.64,-0.3376247471058592,-0.8866127121943036
32.65,-0.3464650366820561,-0.8807889087124481
32.660000000000004,-0.35524052528010813,-0.8736158021943827
32.67,-0.36393735272594374,-0.8650213050017591
32.68,-0.3725409513801433,-0.8549363894419374
32.69,-0.38103608051478244,-0.8432958634230145
32.7,-0.3894068686486036,-0.8300391828467337
32.71,-0.39763686417171706,-0.8151112926934251
32.72,-0.40570909450247206,-0.7984634871264477
32.730000000000004,-0.41360613391424605,-0.7800542773284471
32.74,-0.42131018004904097,-0.7598502542302088
32.75,-0.4288031389988502,-0.7378269318634649
32.76,-0.4360667186863103,-0.7139695558250545
32.77,-0.4430825301153513,-0.688273860347547
32.78,-0.4498321958932613,-0.6607467567972982
32.79,-0.45629746525129733,-0.6314069361286232
32.8,-0.4624603346158338,-0.6002853679698738
32.81,-0.4683031726106948,-0.5674256796514092
32.82,-0.47380884820886193,-0.5328843996409731
32.83,-0.4789608606035142,-0.4967310515461132
32.84,-0.4837434692397842,-0.4590480870733282
32.85,-0.48814182234498077,-0.41993064907467814
32.86,-0.4921420822212777,-0.37948615901619703
32.87,-0.4957315455253047,-0.3378337267964755
32.88,-0.4988987567572072,-0.29510338473366005
32.89,-0.5016336132199779,-0.2514351516104735
32.9,-0.5039274597894167,-0.20697793678951032
32.910000000000004,-0.5057731719557681,-0.1618882984442993
32.92,-0.5071652257583027,-0.11632907375048043
32.93,-0.5080997534307777,-0.07046790230361732
32.94,-0.508574583804375,-0.024475666943200837
32.95,-0.5085892667696418,0.02147512154935126
32.96,-0.508145081373388,0.06721196784002045
32.97,-0.5072450274128414,0.11256403469105536
32.980000000000004,-0.5058938006795669,0.15736375606683461
32.99,-0.5040977522915047,0.20144839273267398
33.0,-0.5018648328249135,0.24466150399959016
33.01,-0.4992045222115129,0.28685431159734615
33.02,-0.49612774659296655,0.32788693460543994
33.03,-0.49264678351940405,0.3676294778201473
33.04,-0.48877515703656355,0.4059629597520097
33.05,-0.48452752432436386,0.44278007048960893
33.06,-0.4799195556267714,0.4779857537872159
33.07,-0.4749678092486196,0.511497611795761
33.08,-0.4696896033908562,0.5432461347292697
33.09,-0.4641028865540342,0.5731747613292482
33.1,-0.45822610816427123,0.6012397791643295
33.11,-0.4520780909707476,0.6274100765111962
33.12,-0.44567790663404727,0.6516667597584669
33.13,-0.4390447557755782,0.6740026519344562
33.14,-0.4321978535953581,0.6944216890811705
33.15,-0.4251563219939548,0.7129382317990577
33.160000000000004,-0.417939088959377,0.7295763094050738
33.17,-0.41056479580585337,0.7443688138290153
33.18,-0.4030517126827967,0.7573566596778057
33.19,-0.39541766261229727,0.7685879258884981
33.2,-0.38767995416502676,0.7781169931346854
33.21,-0.37985532274960354,0.7860036897138716
33.22,-0.37195988037074934,0.7923124570882301
33.230000000000004,-0.36400907360783896,0.7971115446361553
33.24,-0.3560176494780263,0.8004722415487384
33.25,-0.34799962877686424,0.8024681522180401
33.26,-0.3399682864336655,0.8031745199492272
33.27,-0.3319361383778797,0.802667602414841
33.28,-0.32391493438536867,0.801024100977672
33.29,-0.3159156563583263,0.7983206448528708
33.3,-0.30794852148831126,0.7946333300677267
33.31,-0.3000229897569717,0.7900373123112072
33.32,-0.29214777524208707,0.7846064520426074
33.33,-0.28433086071611957,0.7784130096435572
33.34,-0.27657951504921596,0.7715273879414924
33.35,-0.2689003129572897,0.7640179190948381
33.36,-0.2612991566673192,0.755950692598649
33.37,-0.2537812991053167,0.7473894210317055
33.38,-0.24635136824668505,0.7383953401093372
33.39,-0.23901339230312996,0.7290271396180701
33.4,-0.23177082545432362,0.7193409218766651
33.410000000000004,-0.22462657386559665,0.7093901844821389
33.42,-0.21758302176468083,0.6992258242488053
33.43,-0.21064205738062053,0.6888961594241646
33.44,-0.20380509857619752,0.6784469674595947
33.45,-0.1970731180314286,0.6679215358193651
33.46,-0.1904466678598102,0.6573607235226218
33.47,-0.18392590356097618,0.6468030313248099
33.480000000000004,-0.17751060723331402,0.6362846786535356
33.49,-0.17120020998790544,0.6258396856159646
33.5,-0.1649938135209947,0.6154999585881116
33.51,-0.1588902108161432,0.6052953780789954
33.52,-0.1528879059594148,0.5952538877334032
33.53,-0.14698513306147515,0.5854015834951611
33.54,-0.1411798742895116,0.5757628020979676
33.55,-0.13546987701951582,0.5663602081829546
33.56,-0.12985267012585253,0.5572148794613949
33.57,-0.12432557943028795,0.5483463894477495
33.58,-0.11888574233689754,0.5397728873830991
33.59,-0.11353012168262597,0.5315111750525534
33.6,-0.10825551883584648,0.5235767802731962
33.61,-0.10305858607716205,0.5159840268922695
33.62,-0.09793583829800108,0.5087461011893722
33.63,-0.09288366405337459,0.5018751146222403
33.64,-0.08789833600555627,0.4953821628939294
33.65,-0.08297602079549601,0.48927738135066595
33.660000000000004,-0.07811278837854298,0.4835699967449663
33.67,-0.0733046208605967,0.4782683754184874
33.68,-0.06854742087017324,0.473380067974092
33.69,-0.06383701950111488,0.4689118505173328
33.7,-0.0591691838598266,0.4648697625545071
33.71,-0.05453962425002474,0.46125914163808124
33.72,-0.04994400102706497,0.4580846548510533
33.730000000000004,-0.04537793115300367,0.4553503272201035
33.74,-0.0408369944826629,0.4530595671435152
33.75,-0.036316739810133364,0.451215188914159
33.76,-0.03181269070437971,0.4498194324105794
33.77,-0.02732035116192177,0.4488739800206688
33.78,-0.022835211103966337,0.44837997085277514
33.79,-0.01835275174486627,0.44833801227856973
33.8,-0.013868450858394943,0.4487481888407774
33.81,-0.009377787968050721,0.44961006854711405
33.82,-0.004876249487452661,0.4509227065596375
33.83,-0.0003593338368579712,0.4526846462763442
33.84,0.004177443438074224,0.45489391778937577
33.85,0.008738544518929546,0.45754803369177477
33.86,0.01332840411190972,0.4606439821924951
33.87,0.017951424162779447,0.4641782174874692
33.88,0.022611968461659103,0.4681466473231205
33.89,0.02731435710924186,0.47254461767795514
33.9,0.03206286081521821,0.4773668944779564
33.910000000000004,0.03686169499880099,0.4826076422526369
33.92,0.041715013660270944,0.48826039963101
33.93,0.046626902991421186,0.4943180515706758
33.94,0.051601374691684465,0.5007727982089618
33.95,0.05664235895560043,0.5076161202229237
33.96,0.061753697096142944,0.5148387405853708
33.97,0.06693913376730784,0.5224305826073069
33.980000000000004,0.07220230874828908,0.5303807241637233
33.99,0.0775467482505823,0.5386773480100253
34.0,0.08297585570848957,0.5473076881110476
34.01,0.08849290201280324,0.556257971924198
34.02,0.09410101514697353,0.565513358603394
34.03,0.09980316918487112,0.575057873121791
34.04,0.10560217260940934,0.5848743363495783
34.05,0.11150065591186267,0.5949442911690849
34.06,0.11750105843279103,0.605247924763891
34.07,0.12360561440714049,0.6157639872823978
34.08,0.129816338178439,0.6264697071501821
34.09,0.13613500855014413,0.6373407033902712
34.1,0.1425631522462444,0.6483508954069798
34.11,0.14910202645828374,0.6594724107978897
34.12,0.1557526004622022,0.6706754918805108
34.13,0.16251553629589394,0.6819284017556442
34.14,0.16939116849731506,0.6931973308787363
34.15,0.17637948291346864,0.7044463052736296
34.160000000000004,0.18348009460278764,0.7156370976997957
34.17,0.19069222486746454,0.7267291432737278
34.18,0.19801467746826218,0.7376794612465635
34.19,0.2054458140923958,0.7484425848515
34.2,0.21298352916529217,0.7589705013538552
34.21,0.2206252241194729,0.7692126046606144
34.22,0.2283677812585045,0.779115663071076
34.230000000000004,0.23620753738089445,0.7886238049708973
34.24,0.24414025735792244,0.7976785254825307
34.25,0.2521611078905451,0.8062187172787536
34.26,0.26026463170349756,0.8141807289345514
34.27,0.2684447224692361,0.8214984543267008
34.28,0.27669460079003155,0.8281034566795493
34.29,0.28500679160282716,0.8339251308881532
34.300000000000004,0.29337310340779466,0.8388909077136564
34.31,0.3017846097571003,0.8429265033274079
34.32,0.31023163347434285,0.8459562174662606
34.33,0.3187037341064255,0.8479032831382235
34.34,0.3271896991371073,0.8486902703721577
34.35,0.3356775395138687,0.8482395459256503
34.36,0.3441544900556203,0.846473790141634
34.37,0.35260701531670136,0.8433165712695158
34.38,0.3610208214810106,0.8386929765369634
34.39,0.3693808748474406,0.8325302980751189
34.4,0.377671427442513,0.8247587704694834
34.410000000000004,0.38587605025683025,0.8153123552442155
34.42,0.39397767454739724,0.8041295660096135
34.43,0.4019586415770225,0.7911543263396535
34.44,0.40980076107419033,0.7763368507355667
34.45,0.4174853785917338,0.7596345373179557
34.46,0.42499345182054943,0.7410128592273562
34.47,0.43230563577628095,0.7204462401620892
34.480000000000004,0.4394023766237912,0.6979188981091416
34.49,0.44626401373846375,0.6734256401987548
34.5,0.4528708894277663,0.6469725908076073
34.51,0.45920346555461594,0.6185778346180579
34.52,0.4652424461201275,0.5882719563753526
34.53,0.470968904682123,0.5560984596249015
34.54,0.4763644153126256,0.522114047798109
34.550000000000004,0.48141118563808527,0.48638875267085274
34.56,0.4860921903660427,0.4490058974459079
34.57,0.49039130358700345,0.41006188448836106
34.58,0.4942934280558099,0.36966580102523955
34.59,0.4977846196075082,0.3279388398356068
34.6,0.500852204852522,0.28501353600914053
34.61,0.503484890327691,0.24103282512164026
34.62,0.5056728613549548,0.1961489325289857
34.63,0.5074078689782707,0.15052210776825464
34.64,0.50868330351032,0.10431922212154719
34.65,0.5094942534207018,0.057712251091538214
34.660000000000004,0.5098375485321507,0.010876666714064842
34.67,0.509711786754983,-0.036010232834913586
34.68,0.5091173438754524,-0.08277102709623449
34.69,0.5080563662130583,-0.12922988044369071
34.7,0.5065327462665785,-0.17521422215366528
34.71,0.5045520817699849,-0.22055636988739613
34.72,0.5021216188688307,-0.2650950686440517
34.730000000000004,0.49925018039710395,-0.3086769196096184
34.74,0.4959480804766383,-0.35115767636429884
34.75,0.49222702686981795,-0.39240338949760456
34.76,0.48810001268668624,-0.43229138467503675
34.77,0.48358119917631726,-0.4707110634516196
34.78,0.4786857914176539,-0.507564520480775
34.79,0.47342990876670177,-0.5427669750715391
34.800000000000004,0.4678304519162231,-0.5762470191634191
34.81,0.4619049683834334,-0.6079466875935532
34.82,0.4556715181643521,-0.6378213599237095
34.83,0.4491485411849593,-0.6658395059975342
34.84,0.4423547280444014,-0.6919822897592087
34.85,0.4353088953897751,-0.7162430476564738
34.86,0.42802986709127194,-0.7386266591708618
34.87,0.42053636220635787,-0.7591488276844223
34.88,0.4128468905375835,-0.7778352900418711
34.89,0.4049796564055204,-0.7947209728510296
34.9,0.39695247108056286,-0.809849112844214
34.910000000000004,0.38878267414863615,-0.8232703575670053
34.92,0.38048706392922277,-0.8350418613395787
34.93,0.37208183692184454,-0.845226389920124
34.94,0.36358253613082026,-0.853891445657298
34.95,0.3550040080086986,-0.8611084232112883
34.96,0.3463603676665945,-0.8669518042061799
34.97,0.337664971924575,-0.8714983974972529
34.980000000000004,0.3289303997166495,-0.874826630134531
34.99,0.32016843932188443,-0.8770158926088314
35.0,0.3113900818644729,-0.8781459406010947
35.01,0.30260552050986256,-0.8782963542347034
35.02,0.29382415477977886,-0.877546054761919
35.03,0.2850545994146242,-0.8759728777017503
35.04,0.2763046972257438,-0.8736532006849205
35.050000000000004,0.2675815354009257,-0.8706616236456972
35.06,0.25889146475282987,-0.8670706985207862
35.07,0.25024012143051,-0.8629507052608173
35.08,0.2416324506476135,-0.8583694707173548
35.09,0.2330727320161629,-0.8533922268243943
35.1,0.2245646061111256,-0.8480815044343686
35.11,0.2161111019274755,-0.8424970591814851
35.12,0.20771466492749588,-0.8366958258171202
35.13,0.19937718541113308,-0.8307318975812216
35.14,0.19110002697587145,-0.8246565273295131
35.15,0.18288405486454284,-0.8185181473191536
35.160000000000004,0.1747296640294884,-0.8123624047569576
35.17,0.1666368067694037,-0.806232210427082
35.18,0.15860501982094674,-0.8001677979330871
35.19,0.15063345081074195,-0.7942067913073936
35.2,0.14272088399479885,-0.7883842789552703
35.21,0.13486576523163651,-0.7827328921073541
35.22,0.12706622615265176,-0.7772828861518517
35.230000000000004,0.11932010750859948,-0.7720622234032207
35.24,0.11162498168458734,-0.767096656037055
35.25,0.10397817438785838,-0.7624098080804125
35.26,0.0963767855229791,-0.7580232554926033
35.27,0.08881770927800632,-0.7539566035035458
35.28,0.08129765345290818,-0.7502275604955024
35.29,0.07381315806809627,-0.7468520078198471
35.300000000000004,0.06636061329651124,-0.7438440650341639
35.31,0.05893627676741299,-0.7412161501272502
35.32,0.05153629029396624,-0.7389790343713752
35.33,0.044156696079985486,-0.7371418915033923
35.34,0.036793452463898396,-0.7357123409899903
35.35,0.02944244926018568,-0.7346964851785315
35.36,0.022099522760327766,-0.7340989401745575
35.37,0.014760470456694534,-0.733922860321186
35.38,0.007421065553904047,-0.734169956185281
35.39,7.707133298891421e-05,-0.734840505981463
35.4,-0.007275744565725214,-0.7359333603887506
35.410000000000004,-0.014641595874786098,-0.7374459407368648
35.42,-0.022024663380462505,-0.7393742305609939
35.43,-0.029429080486005975,-0.7417127605461006
35.44,-0.036858918591384515,-0.7444545869056324
35.45,-0.04431817222411862,-0.7475912632658015
35.46,-0.05181074385670055,-0.7511128061564072
35.47,-0.05934042834724677,-0.7550076542435346
35.480000000000004,-0.06691089694157124,-0.7592626214793826
35.49,-0.07452568077683441,-0.7638628443909953
35.5,-0.08218815382939114,-0.7687917237838396
35.51,-0.0899015152525112,-0.7740308611990114
35.52,-0.09766877105337135,-0.7795599905353735
35.53,-0.10549271506321867,-0.7853569053311282
35.54,-0.11337590915999392,-0.7913973822941094
35.550000000000004,-0.12132066270910086,-0.7976551017772928
35.56,-0.12932901119553977,-0.8041015660163909
35.57,-0.13740269402942867,-0.8107060160804731
35.58,-0.14554313151714923,-0.8174353486346951
35.59,-0.15375140100212256,-0.8242540337764995
35.6,-0.16202821219267924,-0.8311240353828239
35.61,-0.17037388170977907,-0.8380047355952535
35.62,-0.17878830690458433,-0.8448528652715153
35.63,-0.1872709390152094,-0.8516224424434933
35.64,-0.19582075575345417,-0.8582647210416106
35.65,-0.20443623343604156,-0.8647281523697612
35.660000000000004,-0.21311531880084938,-0.8709583620398709
35.67,-0.22185540067683898,-0.8768981452955334
35.68,-0.23065328170676003,-0.8824874838638472
35.69,-0.2395051503541159,-0.8876635876662412
35.7,-0.24840655346008483,-0.8923609648842351
35.71,-0.2573523696518006,-0.8965115240050001
35.72,-0.26633678394018484,-0.9000447115533851
35.730000000000004,-0.2753532638828683,-0.902887689239754
35.74,-0.28439453772497997,-0.9049655542036269
35.75,-0.2934525749669409,-0.9062016058981045
35.76,-0.30251856984294206,-0.9065176629254064
35.77,-0.311582928225449,-0.9058344327856357
35.78,-0.32063525849865476,-0.9040719370258246
35.79,-0.32966436696596546,-0.9011499936623847
35.800000000000004,-0.33865825837190244,-0.896988757987334
35.81,-0.3476041421257121,-0.8915093219500649
35.82,-0.3564884448109037,-0.8846343712288253
35.83,-0.36529682955028864,-0.8762888978712369
35.84,-0.37401422276832846,-0.866400964998737
35.85,-0.3826248488502634,-0.8549025185502949
35.86,-0.39111227313933433,-0.8417302394083446
35.87,-0.3994594536384302,-0.8268264275351337
35.88,-0.407648801690037,-0.8101399079898953
35.89,-0.4156622517982281,-0.7916269469443622
35.9,-0.4234813406289242,-0.7712521641223791
35.910000000000004,-0.4310872950806756,-0.7489894265221607
35.92,-0.43846112915936736,-0.7248227069061995
35.93,-0.4455837492187996,-0.6987468894365
35.94,-0.4524360669480974,-0.6707685040649133
35.95,-0.4589991193000979,-0.6409063709303866
35.96,-0.4652541943667051,-0.6091921361309849
35.97,-0.47118296202271764,-0.5756706808821206
35.980000000000004,-0.4767676079843476,-0.5404003872824638
35.99,-0.4819909697683669,-0.5034532457059141
36.0,-0.4868366728984659,-0.4649147912202928
36.01,-0.4912892655927728,-0.42488385937503437
36.02,-0.4953343500859666,-0.38347215514906086
36.03,-0.49895870869575404,-0.34080363272788805
36.04,-0.5021504227405243,-0.2970136879825951
36.050000000000004,-0.504898982455406,-0.25224816992727594
36.06,-0.5071953861390699,-0.20666222189308894
36.07,-0.5090322268932677,-0.1604189675213902
36.08,-0.5104037654894976,-0.11368806078630417
36.09,-0.5113059881089937,-0.06664412295207434
36.1,-0.5117366479485391,-0.01946509250729056
36.11,-0.5116952899591396,0.027669483429979977
36.12,-0.5111832582799395,0.07458018607586603
36.13,-0.5102036862376222,0.12108945934170333
36.14,-0.5087614690931054,0.1670233106988675
36.15,-0.5068632200236448,0.21221294861767553
36.160000000000004,-0.5045172101207519,0.256496328459704
36.17,-0.5017332934544508,0.29971958128201426
36.18,-0.49852281849511165,0.3417383032551323
36.19,-0.49489852738934814,0.38241868717378585
36.2,-0.4908744447516359,0.42163848170249013
36.21,-0.4864657577552983,0.45928776838963925
36.22,-0.4816886893838431,0.49526955094473324
36.230000000000004,-0.4765603667364037,0.529500155650737
36.24,-0.4710986862708284,0.5619094459371643
36.25,-0.46532217781766044,0.5924408579476383
36.26,-0.45924986911187565,0.6210512672994024
36.27,-0.45290115247167234,0.6477107000778236
36.28,-0.4462956551103191,0.6724019033889429
36.29,-0.43945311440389345,0.6951197924860378
36.300000000000004,-0.43239325926059835,0.7158707925945521
36.31,-0.4251356985520024,0.7346720941075539
36.32,-0.41769981737844725,0.7515508398528963
36.33,-0.41010468175494447,0.7665432626991455
36.34,-0.4023689521244644,0.779693790935584
36.35,-0.39451080593623283,0.7910541377034305
36.36,-0.3865478693703958,0.8006823893441446
36.37,-0.37849715814935,0.8086421059384173
36.38,-0.37037502725162746,0.8150014456044082
36.39,-0.36219712923726183,0.8198323223682346
36.4,-0.3539783808042628,0.8232096056684279
36.410000000000004,-0.34573293712389325,0.8252103678555003
36.42,-0.33747417344715275,0.8259131844356025
36.43,-0.3292146734351812,0.8253974903125681
36.44,-0.3209662236409014,0.8237429939261869
36.45,-0.3127398135566575,0.8210291499795891
36.46,-0.3045456406413096,0.8173346904016723
36.47,-0.29639311974862403,0.8127372123023706
36.480000000000004,-0.28829089639526223,0.8073128209453724
36.49,-0.2802468633297166,0.8011358251770044
36.5,-0.2722681798917222,0.7942784823010659
36.51,-0.2643612936836953,0.7868107890651054
36.52,-0.25653196411042006,0.7788003152105559
36.53,-0.24878528737948416,0.7703120759233162
36.54,-0.24112572259195372,0.7614084394888427
36.550000000000004,-0.23355711858970732,0.7521490664930897
36.56,-0.22608274126209194,0.7425908770049209
36.57,-0.2187053010496089,0.7327880423151394
36.58,-0.21142698041578917,0.7227919979813219
36.59,-0.20424946108998246,0.7126514751267238
36.6,-0.19717395091325468,0.7024125471573287
36.61,-0.1902012101468359,0.6921186892865537
36.62,-0.18333157712752363,0.6818108484862095
36.63,-0.17656499317711172,0.6715275217101325
36.64,-0.16990102669332097,0.6613048404595125
36.65,-0.16333889636792145,0.6511766599732393
36.660000000000004,-0.15687749349385616,0.6411746515302653
36.67,-0.1505154033373161,0.6313283965423746
36.68,-0.14425092556300864,0.6216654812937557
36.69,-0.13808209371144098,0.612211591347791
36.7,-0.1320066937360528,0.6029906047912448
36.71,-0.12602228161561607,0.5940246836216531
36.72,-0.12012620006361974,0.5853343627055153
36.730000000000004,-0.11431559436150576,0.5769386358433676
36.74,-0.10858742734675239,0.5688550385736407
36.75,-0.10293849359003296,0.5610997274311268
36.76,-0.09736543279812986,0.5536875554486949
36.77,-0.09186474248105905,0.5466321437534587
36.78,-0.08643278992306068,0.539945949161754
36.79,-0.08106582349782399,0.5336403277218734
36.800000000000004,-0.07575998336862322,0.5277255941903413
36.81,-0.07051131161401716,0.5222110774573747
36.82,-0.06531576181947574,0.5171051719608153
36.83,-0.06016920817480086,0.51241538514591
36.84,-0.055067454116557536,0.5081483810415244
36.85,-0.05000624055397038,0.5043100200322761
36.86,-0.044981253715912016,0.5009053949112331
36.87,-0.03998813265574572,0.4979388632997165
36.88,-0.03502247644991768,0.49541407651984837
36.89,-0.03007985112534875,0.4933340050021899
36.9,-0.025155796349873888,0.4917009603055067
36.910000000000004,-0.020245831919238618,0.49051661381870265
36.92,-0.015345464073499836,0.4897820122065919
36.93,-0.01045019167510678,0.4894975896517153
36.94,-0.0055555122804655304,0.4896631769340949
36.95,-0.0006569281364248829,0.4902780073799068
36.96,0.004250047867132606,0.4913407196987578
36.97,0.009169886257550273,0.49284935771778676
36.980000000000004,0.014107035021488341,0.4948013670093851
36.99,0.019065913597737974,0.4971935883981441
37.0,0.02405090678945122,0.5000222483219047
37.01,0.029066358564176067,0.5032829460117088
37.02,0.034116565709685395,0.5069706374462631
37.03,0.03920577131310133,0.5110796160284592
37.04,0.04433815803025458,0.5156034899248021
37.050000000000004,0.04951784111159737,0.5205351560035648
37.06,0.05474886115032587,0.5258667703043963
37.07,0.0600351765176853,0.5315897149713179
37.08,0.06538065544975223,0.5376945615828845
37.09,0.07078906774934299,0.5441710308181783
37.1,0.07626407606611581,0.5510079484056624
37.11,0.08180922671745625,0.5581931973142351
37.12,0.08742794001240052,0.5657136661625897
37.13,0.09312350004070805,0.5735551938447555
37.14,0.09889904388929563,0.581702510397073
37.15,0.1047575502486495,0.5901391741654395
37.160000000000004,0.11070182737260441,0.598847505372137
37.17,0.11673450035609223,0.6078085162295724
37.18,0.12285799769719585,0.6170018378045423
37.19,0.12907453711218309,0.626405643901865
37.2,0.13538611057523314,0.6359965723110845
37.21,0.14179446855840475,0.6457496438451099
37.22,0.14830110345213532,0.6556381796956942
37.230000000000004,0.15490723215231864,0.6656337177380865
37.24,0.16161377780689706,0.6757059285363979
37.25,0.1684213507230466,0.6858225319324187
37.26,0.17533022844554544,0.6959492152438287
37.27,0.18234033502792318,0.706049554252662
37.28,0.1894512195305987,0.7160849383309658
37.29,0.1966620337945425,0.7260145012267971
37.300000000000004,0.20397150955513463,0.7357950592185923
37.31,0.21137793497891433,0.7453810585374725
37.32,0.21887913072588408,0.7547245341525872
37.33,0.22647242566196607,0.7637750822107477
37.34,0.23415463237009904,0.7724798486142064
37.35,0.24192202263425022,0.780783536404457
37.36,0.24977030309818818,0.7886284347894
37.37,0.2576945913300382,0.7959544727991931
37.38,0.265689392554172,0.8026993006746791
37.39,0.27374857734353175,0.8087984021725643
37.4,0.2818653605976233,0.8141852410037144
37.410000000000004,0.29003228216360605,0.818791444594477
37.42,0.2982411894895128,0.8225470282646296
37.43,0.3064832227288986,0.825380662737866
37.44,0.31474880274427014,0.8272199876300794
37.45,0.3230276224815002,0.8279919731859201
37.46,0.3313086422079885,0.8276233320449159
37.47,0.33958008912239845,0.8260409822060725
37.480000000000004,0.3478294618521099,0.8231725616177303
37.49,0.35604354035475305,0.8189469939438832
37.5,0.36420840173098756,0.8132951040492387
37.51,0.3723094424357378,0.8061502806076299
37.52,0.3803314073431402,0.7974491819819193
37.53,0.38825842607537625,0.7871324801642682
37.54,0.3960740569464256,0.7751456361262041
37.550000000000004,0.4037613387979004,0.7614396984379378
37.56,0.41130285091518437,0.7459721155126573
37.57,0.4186807811081535,0.7287075503577541
37.58,0.4258770019223394,0.7096186853211309
37.59,0.43287315481457606,0.6886870030621752
37.6,0.4396507419835829,0.6659035289126426
37.61,0.4461912253928289,0.6412695189832467
37.62,0.4524761323632478,0.6147970778771045
37.63,0.458487166950371,0.5865096897475572
37.64,0.46420632615819896,0.5564426467347162
37.65,0.46961601988506535,0.5246433595716814
37.660000000000004,0.4746991933496326,0.49117153639372935
37.67,0.47943945061293997,0.4560992175214961
37.68,0.48382117770006255,0.41951065621311096
37.69,0.4878296637372022,0.3815020380605737
37.7,0.49145121846127404,0.342181034791198
37.71,0.49467328443302616,0.30166619165328246
37.72,0.4974845422943397,0.26008615122428114
37.730000000000004,0.4998750074575118,0.21757872027066713
37.74,0.5018361166997531,0.1742897900895175
37.75,0.5033608032593023,0.13037212444274757
37.76,0.5044435591886082,0.08598403262393625
37.77,0.505080483911781,0.0412879482470608
37.78,0.5052693181535493,-0.0035510631009251226
37.79,0.5050094626497624,-0.048366842246266965
37.800000000000004,0.5043019813086239,-0.09299369447587323
37.81,0.503149588760245,-0.13726794031579015
37.82,0.5015566225023081,-0.18102943230739796
37.83,0.499529000114097,-0.22412301198682108
37.84,0.49707416226257173,-0.2663998829155035
37.85,0.49420100245578696,-0.30771887788994196
37.86,0.49091978470477293,-0.3479476012857613
37.87,0.4872420504300718,-0.38696343075580275
37.88,0.4831805160896569,-0.42465436608020685
37.89,0.47874896310846765,-0.46091971672786186
37.9,0.47396212175509966,-0.4956706235014286
37.910000000000004,0.4688355506384391,-0.5288304133760684
37.92,0.46338551348757834,-0.5603347901892786
37.93,0.4576288548346536,-0.5901318670953348
37.94,0.4515828761456717,-0.6181820495807073
37.95,0.44526521384303946,-0.6444577802850106
37.96,0.43869372053997147,-0.6689431588455756
37.97,0.4318863506661279,-0.6916334514637194
37.980000000000004,0.4248610515106971,-0.7125345058781377
37.99,0.41763566054856516,-0.7316620879440684
38.0,0.4102278097518157,-0.7490411560892853
38.01,0.4026548374267795,-0.7647050895945895
38.02,0.39493370795992394,-0.7786948859806365
38.03,0.3870809397071668,-0.7910583418331889
38.04,0.3791125411232602,-0.8018492302258382
38.050000000000004,0.37104395510265004,-0.8111264865629642
38.06,0.36289001139200094,-0.8189534132234452
38.07,0.35466488683818115,-0.8253969118900876
38.08,0.3463820731541992,-0.8305267509477148
38.09,0.3380543518192269,-0.8344148738644841
38.1,0.3296937756769095,-0.8371347530693365
38.11,0.3213116567578401,-0.8387607925294751
38.12,0.31291855982632,-0.8393677810345079
38.13,0.30452430113714996,-0.8390303971211376
38.14,0.29613795188389724,-0.8378227656310978
38.15,0.287767845824528,-0.8358180650875721
38.160000000000004,0.27942159058214583,-0.8330881843996
38.17,0.27110608213653603,-0.8297034268547017
38.18,0.26282752204505183,-0.8257322589293157
38.19,0.2545914369579497,-0.8212411011250098
38.2,0.24640270002255163,-0.8162941578149814
38.21,0.23826555380165013,-0.8109532829486769
38.22,0.2301836343635781,-0.8052778784008287
38.230000000000004,0.22215999623363356,-0.7993248217534448
38.24,0.21419713792850922,-0.7931484203543999
38.25,0.20629702782654558,-0.7868003885940907
38.26,0.19846113015662742,-0.7803298454728107
38.27,0.19069043091708937,-0.7737833296876824
38.28,0.18298546356287376,-0.7672048296417694
38.29,0.17534633432425398,-0.7606358259629505
38.300000000000004,0.16777274704361478,-0.7541153443108054
38.31,0.1602640274380379,-0.7476800164415717
38.32,0.15281914671478336,-0.7413641476904519
38.33,0.14543674448422886,-0.7351997892141908
38.34,0.13811515093049953,-0.7292168135126114
38.35,0.13085240821397662,-0.7234429919139813
38.36,0.1236462910922199,-0.7179040728644829
38.37,0.11649432675668697,-0.712623860005917
38.38,0.10939381389210157,-0.7076242891576957
38.39,0.10234184097353305,-0.7029255034390752
38.4,0.09533530382332006,-0.6985459258756067
38.410000000000004,0.08837092245602092,-0.6945023289302698
38.42,0.08144525724471466,-0.6908099004852126
38.43,0.07455472444631667,-0.6874823058750463
38.44,0.06769561112721374,-0.684531745637918
38.45,0.06086408953355831,-0.6819690087068552
38.46,0.05405623095307664,-0.679803520811908
38.47,0.047268019117320155,-0.6780433879042032
38.480000000000004,0.040495363194992584,-0.6766954344469586
38.49,0.03373411042838099,-0.6757652364465814
38.5,0.026980058466060955,-0.6752571491199734
38.51,0.02022896744598152,-0.6751743291128547
38.52,0.013476571883803861,-0.6755187511990536
38.53,0.006718592422000448,-0.6762912194030397
38.54,-4.925250425693297e-05,-0.6774913724982317
38.550000000000004,-0.006831235027964185,-0.6791176838425116
38.56,-0.013631606181107165,-0.6811674555206506
38.57,-0.020454584138377196,-0.6836368067717197
38.58,-0.027304342316541556,-0.6865206566887466
38.59,-0.03418499727215212,-0.6898127011886322
38.6,-0.0411005963403142,-0.6935053842634022
38.61,-0.048055104957420165,-0.6975898635400309
38.62,-0.05505239361111481,-0.7020559701961125
38.63,-0.06209622436134241,-0.7068921633034073
38.64,-0.06919023687718295,-0.7120854787015999
38.65,-0.07633793393537441,-0.7176214725413459
38.660000000000004,-0.08354266632800988,-0.7234841596797524
38.67,-0.09080761712896947,-0.7296559471637445
38.68,-0.09813578527128478,-0.736117563098243
38.69,-0.10552996839093433,-0.742847981267627
38.7,-0.11299274489663731,-0.7498243419614701
38.71,-0.12052645523016374,-0.7570218695498824
38.72,-0.12813318228763498,-0.764413787460718
38.730000000000004,-0.13581473097937813,-0.7719712313311056
38.74,-0.1435726069142571,-0.779663161239728
38.75,-0.15140799420417267,-0.7874562740743487
38.76,-0.15932173239574407,-0.7953149172513063
38.77,-0.1673142925491988,-0.803201005179809
38.78,-0.17538575249934027,-0.8110739400531981
38.79,-0.18353577135026278,-0.818890538750759
38.800000000000004,-0.19176356327435543,-0.8266049678454117
38.81,-0.200067870707171,-0.8341686889323163
38.82,-0.20844693705300174,-0.8415304167179133
38.83,-0.21689847904152926,-0.8486360925341315
38.84,-0.2254196589036844,-0.8554288761634271
38.85,-0.2340070565647978,-0.8618491590708834
38.86,-0.24265664208510204,-0.8678346023325968
38.87,-0.2513637486114497,-0.8733202027165925
38.88,-0.2601230461394339,-0.8782383905039751
38.89,-0.26892851642152926,-0.882519162723144
38.9,-0.2777734293938968,-0.8860902554968462
38.910000000000004,-0.2866503215314662,-0.888877359157805
38.92,-0.29555097657705287,-0.8908043796601519
38.93,-0.3044664091246692,-0.8917937495870293
38.94,-0.3133868515687935,-0.8917667917156874
38.95,-0.32230174495898295,-0.8906441376369255
38.96,-0.331199734321532,-0.8883462033238094
38.97,-0.3400686690254591,-0.8847937227952293
38.980000000000004,-0.34889560877743653,-0.8799083401158774
38.99,-0.35766683582777664,-0.8736132589122833
39.0,-0.36636787395568216,-0.8658339473660901
39.01,-0.3749835147750984,-0.8564988952780376
39.02,-0.38349785186124286,-0.8455404182931366
39.03,-0.3918943231409611,-0.8328955027608951
39.04,-0.4001557619164608,-0.818506683004033
39.050000000000004,-0.4082644568010418,-0.8023229410234084
39.06,-0.416202220736929,-0.7843006169229992
39.07,-0.4239504691395018,-0.7644043166521093
39.08,-0.4314903070699712,-0.7426078020951004
39.09,-0.4388026251814039,-0.7188948471602251
39.1,-0.44586820401317573,-0.6932600424004638
39.11,-0.45266782602941313,-0.6657095299133908
39.12,-0.4591823946114435,-0.6362616498843052
39.13,-0.4653930590270992,-0.6049474802212687
39.14,-0.47128134421586887,-0.5718112513362339
39.15,-0.4768292840538239,-0.5369106192927993
39.160000000000004,-0.4820195566017249,-0.5003167822898313
39.17,-0.4868356196996206,-0.4621144277812514
39.18,-0.49126184515734994,-0.42240150042148156
39.19,-0.4952836497080502,-0.38128878442340264
39.2,-0.498887620845818,-0.3388992977451228
39.21,-0.5020616356629527,-0.2953674996824488
39.22,-0.5047949708394671,-0.2508383178126133
39.230000000000004,-0.5070784020192051,-0.20546600467066717
39.24,-0.5089042909328804,-0.15941283889003668
39.25,-0.5102666587970057,-0.11284768964490491
39.26,-0.5111612447257785,-0.06594446693857065
39.27,-0.5115855481357772,-0.01888048344341059
39.28,-0.5115388543946466,0.028165243912724645
39.29,-0.5110222432575225,0.07501372270406687
39.300000000000004,-0.5100385799405653,0.12148771332978933
39.31,-0.5085924889909268,0.16741342613665633
39.32,-0.5066903114178322,0.21262215747069302
39.33,-0.5043400458415129,0.25695183652592074
39.34,-0.5015512746873138,0.3002484573687596
39.35,-0.49833507669413774,0.34236737369599324
39.36,-0.49470392721339385,0.3831744376043195
39.37,-0.4906715879420513,0.4225469677646994
39.38,-0.48625298785809984,0.4603745367490532
39.39,-0.48146409720707023,0.49655957169223836
39.4,-0.47632179642425504,0.5310177668360075
39.410000000000004,-0.47084374187035005,0.563678310653396
39.42,-0.46504823021118713,0.5944839340692895
39.43,-0.45895406318896426,0.6233907896755687
39.44,-0.4525804144176757,0.6503681747119523
39.45,-0.44594669969472517,0.6753981128972786
39.46,-0.4390724521597301,0.6984748119270585
39.47,-0.431977203456184,0.71960401460238
39.480000000000004,-0.42468037186768254,0.7388022621448045
39.49,-0.4172011582132879,0.7560960883219249
39.5,-0.4095584501012441,0.7715211626130527
39.51,-0.4017707349610269,0.7851213998484071
39.52,-0.3938560221042759,0.7969480526285954
39.53,-0.38583177390845497,0.8070588014468524
39.54,-0.3777148460753389,0.8155168558662622
39.550000000000004,-0.36952143679112975,0.8223900784161868
39.56,-0.3612670445070152,0.8277501411287757
39.57,-0.35296643396855426,0.831671722892819
39.58,-0.3446336100491588,0.8342317541052128
39.59,-0.33628179888645,0.8355087134881334
39.6,-0.32792343577939614,0.8355819804422775
39.61,-0.31957015927760446,0.83453124494456
39.62,-0.311232810880505,0.832435975786264
39.63,-0.3029214397618792,0.8293749468918603
39.64,-0.29464531194266774,0.8254258205608389
39.65,-0.28641292335066243,0.8206647857314568
39.660000000000004,-0.2782320162280386,0.8151662487690308
39.67,-0.2701095983752818,0.8090025738222277
39.68,-0.2620519647515941,0.8022438694566654
39.69,-0.2540647209861485,0.794957818052753
39.7,-0.24615280839053905,0.7872095443302628
39.71,-0.23832053009954327,0.7790615193217368
39.72,-0.2305715780041043,0.7705734961470476
39.730000000000004,-0.2229090601766023,0.7618024740294694
39.74,-0.2153355285235149,0.7528026871276645
39.75,-0.207853006434049,0.7436256149273284
39.76,-0.20046301622496832,0.7343200111313032
39.77,-0.19316660621142293,0.724931948199408
39.78,-0.18596437726098014,0.7155048749118844
39.79,-0.17885650871318523,0.7060796845571595
39.800000000000004,-0.17184278356983695,0.696694791570612
39.81,-0.16492261288177298,0.6873862146721661
39.82,-0.1580950592763936,0.6781876647636942
39.83,-0.1513588595864991,0.6691306360499951
39.84,-0.14471244655539373,0.6602444990378228
39.85,-0.13815396960574264,0.6515565942449314
39.86,-0.13168131467049507,0.6430923256147103
39.87,-0.12529212309344842,0.6348752527814376
39.88,-0.11898380961486632,0.626927181466538
39.89,-0.11275357946411767,0.619268251407786
39.9,-0.10659844458671061,0.6119170213316553
39.910000000000004,-0.10051523903748458,0.6048905505745997
39.92,-0.09450063357521862,0.5982044770427118
39.93,-0.08855114949663034,0.5918730912717427
39.94,-0.08266317174978377,0.5859094064117079
39.95,-0.07683296136839618,0.5803252240131059
39.96,-0.07105666726952165,0.5751311955359775
39.97,-0.06533033745767663,0.5703368795394537
39.980000000000004,-0.05964992967873258,0.5659507945388722
39.99,-0.054011321566899195,0.5619804675407255
40.0,-0.048410320327918074,0.5584324782833652
40.01,-0.04284267200123189,0.5553124992241738
40.02,-0.037304070343434595,0.5526253313224466
40.03,-0.03179016537478295,0.5503749356720818
40.04,-0.02629657162999295,0.5485644610398801
40.050000000000004,-0.020818876153985345,0.5471962673642918
40.06,-0.015352646282707112,0.546271945266276
40.07,-0.009893437248659825,0.545792331618972
40.08,-0.004436799650327673,0.5457575212165163
40.09,0.0010217131756705014,0.546166874574932
40.1,0.006486537841170966,0.5470190218899286
40.11,0.01196209361346907,0.548311863168006
40.12,0.017452775104531085,0.5500425645387774
40.13,0.02296294490424462,0.5522075507482401
40.14,0.028496926119495888,0.554802493825143
40.15,0.03405899478074748,0.5578222979059587
40.160000000000004,0.03965337207761506,0.561261080198588
40.17,0.04528421638471924,0.5651121480611657
40.18,0.05095561503883837,0.5693679721705648
40.19,0.05667157582813053,0.5740201557557929
40.2,0.06243601815395423,0.5790593998748624
40.21,0.06825276382562778,0.5844754647203351
40.22,0.07412552744836094,0.5902571269490713
40.230000000000004,0.08005790636460922,0.5963921330462522
40.24,0.08605337010928597,0.6028671487530365
40.25,0.09211524933966993,0.609667704611841
40.26,0.09824672420152278,0.6167781377137818
40.27,0.10445081209394555,0.6241815297699296
40.28,0.11073035479692137,0.6318596416723596
40.29,0.11708800492739274,0.6397928447631759
40.300000000000004,0.12352621169218489,0.6479600490904344
40.31,0.13004720590920144,0.656338628999822
40.32,0.13665298427218134,0.6649043464906919
40.33,0.1433452928390153,0.6736312728551758
40.34,0.15012560972928488,0.6824917092200664
40.35,0.15699512702341664,0.691456106723358
40.36,0.16395473186375206,0.7004929871809576
40.37,0.17100498676703582,0.7095688652341455
40.38,0.17814610916843499,0.7186481731146217
40.39,0.18537795022932826,0.7276931893208868
40.4,0.19269997295485272,0.7366639726663298
40.410000000000004,0.20011122968265485,0.7455183033343753
40.42,0.20761033902154022,0.7542116327574848
40.43,0.21519546233780454,0.7626970443222398
40.44,0.222864279907985,0.7709252270890038
40.45,0.2306139668795846,0.7788444648978721
40.46,0.23844116920594244,0.786400643408075
40.47,0.2463419797477461,0.7935372777801143
40.480000000000004,0.2543119147615447,0.8001955638522069
40.49,0.2623458910247902,0.8063144557776708
40.5,0.2704382038770981,0.8118307731693901
40.51,0.278582506488178,0.8166793408322699
40.52,0.28677179069374353,0.820793164144688
40.53,0.2949983697710718,0.8241036430648676
40.54,0.30325386355504086,0.8265408275769297
40.550000000000004,0.31152918632261034,0.8280337171431915
40.56,0.31981453789790465,0.8285106063834409
40.57,0.32809939845027913,0.8278994787485872
40.58,0.3363725274728764,0.8261284493867839
40.59,0.34462196743801476,0.8231262577083048
40.6,0.35283505262704246,0.8188228093372769
40.61,0.3609984236247603,0.8131497661933751
40.62,0.36909804795090995,0.80604118237848
40.63,0.3771192472723299,0.7974341823607187
40.64,0.3850467315981243,0.7872696766654691
40.65,0.39286464080563926,0.7754931089202056
40.660000000000004,0.4005565937765284,0.7620552266844349
40.67,0.408105745339328,0.746912867061078
40.68,0.41549485111775,0.7300297466717334
40.69,0.42270634027276266,0.7113772442315895
40.7,0.42972239600238177,0.6909351627317856
40.71,0.43652504352739835,0.6686924571829778
40.72,0.44309624514604135,0.6446479130509553
40.730000000000004,0.4494180017884175,0.618810759980293
40.74,0.45547246034564726,0.5912012052092936
40.75,0.46124202589260344,0.5618508712770761
40.76,0.4667094777711888,0.5308031232510115
40.77,0.47185808835762366,0.4981132717872049
40.78,0.4766717432069329,0.4638486398910317
40.79,0.48113506115544424,0.428088483264245
40.800000000000004,0.4852335128722177,0.3909237565861914
40.81,0.48895353628716803,0.35245672093546887
40.82,0.4922826472909271,0.31280039075111077
40.83,0.49520954410219026,0.2720778221763503
40.84,0.4977242037344541,0.2304212482238267
40.85,0.49981796906666676,0.18797106983616324
40.86,0.5014836251311774,0.14487471546888225
40.87,0.5027154633760444,0.10128538516887708
40.88,0.503509332834555,0.057360698138787615
40.89,0.5038626773388203,0.013261265351680977
40.9,0.5037745581415887,-0.030850789188270403
40.910000000000004,0.5032456615550549,-0.07481333353507452
40.92,0.5022782914708872,-0.11846573350706065
40.93,0.5008763468849138,-0.16165033325637612
40.94,0.49904528480575977,-0.20421388563746293
40.95,0.49679206917216456,-0.24600890868100453
40.96,0.49412510663213965,-0.28689494647760205
40.97,0.4910541702426125,-0.32673971532120677
40.980000000000004,0.48759031232571554,-0.365420118957407
40.99,0.4837457678634644,-0.40282312011277616
41.0,0.47953384992346004,-0.4388464590266061
41.01,0.4749688386829323,-0.4733992133407174
41.02,0.4700658656566457,-0.5064021973050045
41.03,0.4648407947368322,-0.5377882017127316
41.04,0.4593101016223911,-0.5675020791900982
41.050000000000004,0.4534907531530303,-0.5955006823454542
41.06,0.44740008797548203,-0.6217526647698146
41.07,0.441055699857634,-0.6462381569270792
41.08,0.4344753248369404,-0.6689483305547622
41.09,0.4276767332465387,-0.68988486630841
41.1,0.4206776275107722,-0.7090593400369185
41.11,0.41349554644580033,-0.7264925432983058
41.12,0.40614777664480606,-0.7422137535548929
41.13,0.3986512713747024,-0.7562599689711084
41.14,0.39102257726538386,-0.7686751219300253
41.15,0.38327776893610194,-0.7795092843431108
41.160000000000004,0.3754323915785217,-0.7888178766087354
41.17,0.3675014114039273,-0.7966608907341625
41.18,0.3594991737638385,-0.8031021367246896
41.19,0.35143936866943354,-0.8082085199089586
41.2,0.34333500336565936,-0.8120493554517908
41.21,0.3351983815603978,-0.8146957249392635
41.22,0.32704108886687416,-0.8162198786324721
41.230000000000004,0.31887398398774836,-0.8166946857972622
41.24,0.31070719515092887,-0.8161931344417306
41.25,0.30255012129891373,-0.8147878808404366
41.26,0.2944114375341202,-0.8125508483979882
41.27,0.286299104330954,-0.8095528747047587
41.28,0.27822038004002503,-0.8058634050602664
41.29,0.2701818362297487,-0.8015502302788148
41.300000000000004,0.26218937543444876,-0.79667926623896
41.31,0.2542482509049695,-0.7913143723834701
41.32,0.24636308798677936,-0.7855172062090785
41.33,0.23853790678078793,-0.7793471106945792
41.34,0.2307761457728878,-0.7728610315907624
41.35,0.2230806861489727,-0.7661134615258046
41.36,0.2154538765423717,-0.7591564079550422
41.37,0.20789755798987186,-0.7520393820953429
41.38,0.20041308890046486,-0.7448094061231851
41.39,0.19300136986740818,-0.7375110360746002
41.4,0.18566286817897287,-0.730186398057787
41.410000000000004,0.17839764190625246,-0.7228752355698582
41.42,0.17120536346757573,-0.7156149658930693
41.43,0.16408534258839108,-0.7084407437290807
41.44,0.15703654859299412,-0.7013855304091356
41.45,0.15005763198020838,-0.6944801671909738
41.46,0.14314694524917465,-0.687753451317958
41.47,0.13630256295384924,-0.6812322136708537
41.480000000000004,0.1295223009757576,-0.6749413969870494
41.49,0.12280373501410824,-0.6689041337551516
41.5,0.11614421830065455,-0.6631418230146158
41.51,0.10954089855381594,-0.6576742054003528
41.52,0.1029907341926475,-0.6525194358713204
41.53,0.09649050983638952,-0.6476941536503281
41.54,0.09003685111964092,-0.643213548980145
41.550000000000004,0.0836262388567866,-0.639091426369082
41.56,0.07725502259225929,-0.6353402640581565
41.57,0.07091943357562348,-0.6319712694924272
41.58,0.06461559720241074,-0.6289944306217815
41.59,0.05833954496318785,-0.6264185628920831
41.6,0.052087225944569084,-0.6242513518168291
41.61,0.04585451792685127,-0.6224993910429997
41.62,0.03963723812370908,-0.621168215843271
41.63,0.033431153609985845,-0.6202623319808388
41.64,0.02723199148409231,-0.6197852399033825
41.65,0.021035448811918194,-0.6197394542297767
41.660000000000004,0.014837202399496773,-0.6201265184976008
41.67,0.008632918441966177,-0.620947015141857
41.68,0.0024182620966596317,-0.6222005706761305
41.69,-0.0038110929715564346,-0.6238858560472275
41.7,-0.010059455024284918,-0.626000582133639
41.71,-0.01633110461422921,-0.6285414903575207
41.72,-0.02263028483143533,-0.6315043383797758
41.730000000000004,-0.028961191381824725,-0.6348838808488164
41.74,-0.03532796244841166,-0.6386738451762111
41.75,-0.04173466828534895,-0.6428669023172737
41.76,-0.04818530049475713,-0.6474546325423056
41.77,-0.05468376093619506,-0.6524274861952931
41.78,-0.06123385021866299,-0.6577747394520473
41.79,-0.067839255725236,-0.6634844451097377
41.800000000000004,-0.07450353912085775,-0.6695433784652425
41.81,-0.08123012329454087,-0.6759369783714777
41.82,-0.08802227868828731,-0.6826492835996678
41.83,-0.09488310896653422,-0.6896628646822006
41.84,-0.10181553598193131,-0.6969587514661076
41.85,-0.10882228399585636,-0.7045163566721753
41.86,-0.1159058631153748,-0.7123133958300694
41.87,-0.12306855191245773,-0.7203258040464494
41.88,-0.13031237919630378,-0.7285276501616338
41.89,-0.1376391049156904,-0.7368910489616289
41.9,-0.14505020017553635,-0.7453860722368242
41.910000000000004,-0.15254682636042688,-0.7539806596167672
41.92,-0.16012981336787172,-0.7626405302623703
41.93,-0.1677996369656743,-0.7713290966625523
41.94,-0.17555639530112274,-0.7800073819612618
41.95,-0.18339978460489953,-0.7886339424321916
41.96,-0.1913290741497666,-0.7971647969209192
41.97,-0.19934308054331792,-0.8055533652857283
41.980000000000004,-0.20744014145548115,-0.8137504180863225
41.99,-0.21561808890504436,-0.8217040399905915
42.0,-0.223874222255293,-0.8293596095891871
42.01,-0.23220528109682811,-0.8366597985206087
42.02,-0.24060741822570517,-0.8435445930093842
42.03,-0.2490761729570158,-0.8499513410992945
42.04,-0.2576064450476911,-0.8558148290137441
42.050000000000004,-0.26619246953729075,-0.8610673901865404
42.06,-0.27482779285142195,-0.8656390505675688
42.07,-0.2835052505486421,-0.8694577138072453
42.08,-0.29221694712756685,-0.8724493898484389
42.09,-0.3009542383456109,-0.8745384702914797
42.1,-0.30970771653339646,-0.8756480536334088
42.11,-0.3184671994182791,-0.8757003231035061
42.12,-0.3272217229954666,-0.8746169793109172
42.13,-0.33595953900449743,-0.8723197292759255
42.14,-0.3446681175809851,-0.8687308326253828
42.15,-0.3533341556570051,-0.86377370478947
42.160000000000004,-0.3619435916767745,-0.8573735759398087
42.17,-0.37048162717580124,-0.8494582031615258
42.18,-0.37893275574000496,-0.8399586319637514
42.19,-0.38728079981507624,-0.8288100017206
42.2,-0.3955089557744169,-0.8159523880220375
42.21,-0.403599847575517,-0.8013316732333953
42.22,-0.41153558923908484,-0.7849004348543094
42.230000000000004,-0.4192978562726032,-0.7666188395814528
42.24,-0.42686796603071386,-0.7464555293711723
42.25,-0.4342269668600266,-0.7243884843311466
42.26,-0.4413557357173368,-0.7004058460123709
42.27,-0.448235083780274,-0.6745066836946116
42.28,-0.454845869391229,-0.6467016856300783
42.29,-0.4611691174928756,-0.6170137569979011
42.300000000000004,-0.46718614453118706,-0.585478506585119
42.31,-0.47287868762457796,-0.5521446049960432
42.32,-0.4782290366311079,-0.5170739985335848
42.33,-0.4832201675952496,-0.48034196480714547
42.34,-0.4878358759272508,-0.44203699859377127
42.35,-0.49206090756712506,-0.4022605194801715
42.36,-0.49588108631685424,-0.3611263962853796
42.37,-0.4992834354928326,-0.3187602871247442
42.38,-0.5022562920593491,-0.2752987981197035
42.39,-0.5047894114552267,-0.2308884680584069
42.4,-0.5068740614205173,-0.18568459062820583
42.410000000000004,-0.5085031032677909,-0.1398498900213342
42.42,-0.509671059220944,-0.09355306960612761
42.43,-0.5103741646599135,-0.04696725680923083
42.44,-0.5106104043571286,-0.00026837023336972327
42.45,-0.5103795320645808,0.04636656277573836
42.46,-0.5096830731016138,0.09276110849075528
42.47,-0.5085243098947656,0.1387411188992938
42.480000000000004,-0.5069082507236278,0.18413638363445756
42.49,-0.5048415822220764,0.22878221298010146
42.5,-0.5023326064640258,0.27252092513613596
42.51,-0.49939116371935366,0.3152032135961749
42.52,-0.49602854219210224,0.3566893737709351
42.53,-0.49225737624393495,0.39685037175567456
42.54,-0.48809153475698874,0.43556874224321224
42.550000000000004,-0.48354600139907067,0.4727393068728694
42.56,-0.4786367486195313,0.5082697086273675
42.57,-0.4733806072265233,0.5420807620990449
42.58,-0.4677951333775504,0.5741066234121128
42.59,-0.46189847475828105,0.6042947871962453
42.6,-0.4557092376336255,0.6326059211682346
42.61,-0.44924635633491633,0.6590135515270313
42.62,-0.44252896660308483,0.6835036144628086
42.63,-0.4355762840456601,0.7060738906069464
42.64,-0.42840748879094587,0.7267333402139338
42.65,-0.4210416172413814,0.7455013572949304
42.660000000000004,-0.4134974616450472,0.7624069608593487
42.67,-0.4057934780241944,0.7774879409211222
42.68,-0.3979477028266247,0.7907899760547836
42.69,-0.38997767850309867,0.8023657381123935
42.7,-0.3819003880643768,0.8122739983064087
42.71,-0.3737321985369705,0.8205787472947798
42.72,-0.3654888131184812,0.827348340237777
42.730000000000004,-0.3571852317322149,0.8326546760901061
42.74,-0.34883571959667903,0.8365724186982583
42.75,-0.3404537833582497,0.8391782656351141
42.76,-0.3320521542839767,0.8405502691565134
42.77,-0.3236427779751194,0.8407672122344902
42.78,-0.31523681003928694,0.839908041327973
42.79,-0.30684461714856,0.8380513564056431
42.800000000000004,-0.29847578291117405,0.8352749577427137
42.81,-0.2901391179937057,0.8316554481736781
42.82,-0.28184267394770046,0.8272678887922286
42.83,-0.2735937602178611,0.8221855055397925
42.84,-0.26539896383690464,0.8164794437051613
42.85,-0.2572641713437579,0.8102185670574522
42.86,-0.24919459249575562,0.8034692981400965
42.87,-0.24119478538095598,0.7962954961511974
42.88,-0.23326868257273167,0.7887583688120451
42.89,-0.22541961800471508,0.7809164146678682
42.9,-0.21765035427937432,0.7728253923608367
42.910000000000004,-0.20996311015749833,0.7645383135536521
42.92,-0.20235958800830126,0.7561054563526076
42.93,-0.1948410010304462,0.7475743962727395
42.94,-0.18740810008284647,0.7389900519967556
42.95,-0.18006119999051107,0.73039474339709
42.96,-0.1728002052149047,0.7218282595110445
42.97,-0.1656246348002902,0.7133279343779041
42.980000000000004,-0.15853364652734658,0.7049287288604235
42.99,-0.1515260602230817,0.6966633167782799
43.0,-0.144600380191781,0.6885621738758109
43.01,-0.1377548167455655,0.6806536683290381
43.02,-0.13098730682520024,0.672964151666624
43.03,-0.12429553371223302,0.6655180491354464
43.04,-0.1176769458424913,0.6583379486837131
43.050000000000004,-0.11112877473855876,0.6514446878630749
43.06,-0.10464805208522981,0.6448574380663598
43.07,-0.09823162597723156,0.6385937856198713
43.08,-0.09187617637283238,0.6326698093392934
43.09,-0.08557822979044569,0.6271001542368759
43.1,-0.07933417328809486,0.6218981011355215
43.11,-0.07314026776773526,0.6170756320034866
43.12,-0.06699266064802513,0.6126434908724807
43.13,-0.060887397950285645,0.6086112402428224
43.14,-0.05482043584316868,0.6049873129128075
43.15,-0.0487876516920295,0.6017790591963351
43.160000000000004,-0.042784854659241985,0.5989927895138747
43.17,-0.036807795901752004,0.5966338123577405
43.18,-0.03085217841208717,0.5947064676440564
43.19,-0.024913666548870873,0.5932141554713563
43.2,-0.018987895302660047,0.592159360310072
43.21,-0.013070479342669436,0.59154367064878
43.22,-0.007157021889684447,0.5913677941225196
43.230000000000004,-0.0012431234602190435,0.5916315681462743
43.24,0.004675609473241039,0.5923339660732883
43.25,0.010603555861246722,0.593473098893746
43.26,0.01654507145111596,0.5950462124849049
43.27,0.02250448011094482,0.5970496804194908
43.28,0.028486065059505773,0.5994789923354774
43.29,0.034494059957654366,0.6023287378677139
43.300000000000004,0.040532639816860054,0.60559258614069
43.31,0.04660591168046817,0.609263260822493
43.32,0.05271790503330991,0.6133325107432048
43.33,0.058872561895332264,0.617791076087099
43.34,0.06507372655505189,0.6226286501775614
43.35,0.0713251348988835,0.6278338368872142
43.36,0.07763040329279618,0.6333941037238725
43.37,0.08399301697336094,0.639295730666287
43.38,0.09041631790612191,0.6455237548527808
43.39,0.09690349207041656,0.6520619112615315
43.4,0.10345755613135255,0.6588925695640495
43.410000000000004,0.11008134346169755,0.6659966673840686
43.42,0.11677748947903392,0.673353640253263
43.43,0.12354841626676281,0.6809413486236474
43.44,0.13039631645150687,0.6887360023748161
43.45,0.13732313631425913,0.6967120833429578
43.46,0.144330558118366,0.7048422664983329
43.47,0.15141998164422577,0.7130973405090468
43.480000000000004,0.15859250492854693,0.7214461285517132
43.49,0.16584890421526005,0.7298554103640527
43.5,0.173189613135828,0.7382898466804023
43.51,0.18061470114886807,0.7467119073480163
43.52,0.1881238512827883,0.7550818045890457
43.53,0.19571633724064896,0.7633574330488766
43.54,0.20339099994376583,0.7714943184542468
43.550000000000004,0.21114622360973392,0.7794455768918278
43.56,0.2189799114816024,0.7871618869066463
43.57,0.22688946134786683,0.7945914768059853
43.58,0.2348717410177221,0.8016801297335783
43.59,0.2429230639425384,0.8083712092454367
43.6,0.2510391652026308,0.8146057082660612
43.61,0.2592151781078596,0.8203223244246642
43.62,0.2674456116911241,0.8254575648570128
43.63,0.27572432940499986,0.8299458836003479
43.64,0.284044529363131,0.8337198546965294
43.65,0.2923987264989304,0.8367103840414217
43.660000000000004,0.3007787370439594,0.8388469628655137
43.67,0.30917566575624067,0.8400579654906762
43.68,0.31757989635377293,0.8402709936698938
43.69,0.3259810856296385,0.8394132693705968
43.7,0.3343681617411849,0.8374120772989803
43.71,0.34272932717561816,0.8341952577754721
43.72,0.3510520668966943,0.8296917497559801
43.730000000000004,0.35932316217073773,0.823832182848746
43.74,0.3675287105536692,0.8165495161057782
43.75,0.3756541524928533,0.8077797201790671
43.76,0.3836843049572506,0.7974624981388609
43.77,0.3916034024556305,0.7855420388742183
43.78,0.39939514573473495,0.7719677955615123
43.79,0.40704275836686077,0.7566952802280721
43.800000000000004,0.41452905133929635,0.7396868639959675
43.81,0.4218364956467801,0.7209125712116283
43.82,0.42894730276352894,0.7003508544024576
43.83,0.4358435127348293,0.6779893359078325
43.84,0.4425070894816856,0.653825501167105
43.85,0.4489200227581714,0.6278673280696393
43.86,0.4550644360430784,0.600133836537119
43.87,0.4609226994889138,0.5706555426662956
43.88,0.4664775468964043,0.5394748023522562
43.89,0.4717121955359589,0.5066460303675291
43.9,0.4766104675037549,0.4722357824054267
43.910000000000004,0.48115691118406745,0.43632268960408316
43.92,0.4853369212958366,0.3989972375284481
43.93,0.48913685593463646,0.36036138445840443
43.94,0.4925441489850047,0.3205280170489787
43.95,0.495547416275616,0.27962024491061566
43.96,0.498136553883217,0.23777053930373865
43.97,0.5003028270616907,0.19511972483852952
43.980000000000004,0.5020389483799875,0.15181583669489113
43.99,0.5033391437955885,0.1080128593017608
44.0,0.5041992055660228,0.06386936551410424
44.01,0.5046165311058707,0.019547077982901395
44.02,0.5045901471256808,-0.024790623474807247
44.03,0.5041207186363746,-0.06898022321572275
44.04,0.5032105426613666,-0.11285959373501325
44.050000000000004,0.5018635267616744,-0.15626949609652338
44.06,0.500085152739436,-0.19905503131785623
44.07,0.4978824261353172,-0.2410670185456343
44.08,0.4952638123685233,-0.28216327784518586
44.09,0.4922391605784135,-0.3222097979819612
44.1,0.4888196164088841,-0.3610817725897063
44.11,0.48501752512661944,-0.39866449148809185
44.12,0.4808463265791223,-0.43485407750605926
44.13,0.4763204435764983,-0.46955806285936036
44.14,0.4714551653219351,-0.502695802797224
44.15,0.46626652752055375,-0.5341987277576832
44.160000000000004,0.4607711907667814,-0.5640104385507397
44.17,0.454986318749539,-0.5920866520367783
44.18,0.44892945772604587,-0.6183950073171519
44.19,0.44261841860319595,-0.642914744557743
44.2,0.436071162834891,-0.6656362701982147
44.21,0.4293056931992316,-0.6865606234528828
44.22,0.4223399503658333,-0.7056988596948078
44.230000000000004,0.41519171600533544,-0.723071366559349
44.24,0.40787852303464633,-0.7387071284460881
44.25,0.4004175734364137,-0.7526429545871376
44.26,0.39282566394290364,-0.7649226850400502
44.27,0.38511911973561275,-0.7755963879127317
44.28,0.37731373618464903,-0.7847195598943351
44.29,0.36942472853772607,-0.792352340806671
44.300000000000004,0.36146668936851556,-0.7985587514580644
44.31,0.3534535535085647,-0.8034059626235609
44.32,0.34539857011604436,-0.8069636015335296
44.33,0.33731428147789416,-0.8093031008619342
44.34,0.32921250809880565,-0.8104970938939217
44.35,0.3211043396000157,-0.8106188583412463
44.36,0.31300013093198076,-0.8097418101784027
44.37,0.3049095033964477,-0.8079390479014248
44.38,0.2968413499739523,-0.8052829467692737
44.39,0.2888038444610622,-0.8018448018744354
44.4,0.2808044539364636,-0.7976945183010645
44.410000000000004,0.272849954095041,-0.792900346159289
44.42,0.26494644701327785,-0.7875286579245765
44.43,0.2570993809365495,-0.7816437652514259
44.44,0.2493135717082494,-0.7753077722602738
44.45,0.24159322549134404,-0.7685804622042656
44.46,0.23394196246416407,-0.7615192143972983
44.47,0.22636284120339806,-0.7541789483157632
44.480000000000004,0.21885838349784878,-0.7466120918635082
44.49,0.21143059936612787,-0.738868570903315
44.5,0.2040810120797825,-0.7309958173001015
44.51,0.19681068302012586,-0.7230387928835053
44.52,0.1896202362221124,-0.7150400269138228
44.53,0.1825098824818494,-0.7070396648197402
44.54,0.1754794429257176,-0.6990755261640484
44.550000000000004,0.16852837195856846,-0.6911831699805996
44.56,0.1616557795261056,-0.6833959658088656
44.57,0.15486045264239112,-0.6757451689290805
44.58,0.14814087614752397,-0.6682599984691167
44.59,0.14149525267300878,-0.6609677172125672
44.6,0.1349215218032726,-0.6538937120850172
44.61,0.1284173784313084,-0.6470615744316188
44.62,0.12198029031464022,-0.6404931793235851
44.63,0.1156075148448367,-0.6342087632440919
44.64,0.10929611504975838,-0.6282269996055437
44.65,0.10304297485272582,-0.6225650716405875
44.660000000000004,0.09684481361694662,-0.6172387422891494
44.67,0.09069820000694283,-0.6122624207736975
44.68,0.08459956520147267,-0.6076492256155431
44.69,0.07854521549463196,-0.6034110438969602
44.7,0.07253134432353346,-0.599558586617905
44.71,0.06655404376227385,-0.5961014400328606
44.72,0.06060931552287624,-0.5930481128834851
44.730000000000004,0.05469308150460414,-0.5904060794669699
44.74,0.04880119393353684,-0.5881818184989487
44.75,0.04292944513462517,-0.5863808477440628
44.76,0.037073576978655584,-0.5850077543974364
44.77,0.031229290046676444,-0.5840662212069188
44.78,0.02539225255451721,-0.583559048329521
44.79,0.019558109080086025,-0.5834881709165005
44.800000000000004,0.013722489136187201,-0.5838546724205094
44.81,0.007881015631675838,-0.5846587936155568
44.82,0.002029313263876064,-0.5858999373166974
44.83,-0.0038369831146581102,-0.5875766687817435
44.84,-0.009722220111758807,-0.5896867117723472
44.85,-0.01563071735010506,-0.5922269402469108
44.86,-0.021566758916697026,-0.5951933656533831
44.87,-0.02753458466317272,-0.5985811197865126
44.88,-0.03353838131242728,-0.6023844331719893
44.89,-0.03958227332661251,-0.6065966089395847
44.9,-0.04567031349121897,-0.6112099921493681
44.910000000000004,-0.051806473169599875,-0.616215934539848
44.92,-0.05799463218201594,-0.6216047546749985
44.93,-0.06423856826309986,-0.6273656934791682
44.94,-0.0705419460515993,-0.6334868651654285
44.95,-0.07690830556640842,-0.6399552035846641
44.96,-0.08334105012329258,-0.6467564040503163
44.97,-0.08984343364741475,-0.6538748607279036
44.980000000000004,-0.09641854733785066,-0.6612935997199904
44.99,-0.10306930564181456,-0.6689942080269657
45.0,-0.10979843149838998,-0.6769567586226125
45.01,-0.11660844081426681,-0.6851597319517976
45.02,-0.12350162613742593,-0.6935799342364929
45.03,-0.13048003949899667,-0.7021924130664942
45.04,-0.1375454743987558,-0.7109703708533421
45.050000000000004,-0.1446994469160635,-0.7198850768406616
45.06,-0.15194317593556905,-0.728905778491895
45.07,-0.1592775624859014,-0.7379996132175044
45.08,-0.16670316819991915,-0.7471315215582058
45.09,-0.17422019291706553,-0.7562641631084384
45.1,-0.1818284514620879,-0.7653578366444658
45.11,-0.18952734964995482,-0.7743704061131984
45.12,-0.19731585958435185,-0.7832572343394458
45.13,-0.20519249433674375,-0.7919711265186672
45.14,-0.2131552821147252,-0.8004622857764836
45.15,-0.22120174005227344,-0.8086782832915427
45.160000000000004,-0.22932884778055607,-0.8165640456901824
45.17,-0.23753302096607706,-0.8240618626241428
45.18,-0.24581008503303892,-0.8311114176296991
45.19,-0.25415524931867106,-0.8376498455302874
45.2,-0.26256308194364464,-0.8436118197761407
45.21,-0.2710274857141938,-0.8489296732036699
45.22,-0.279541675407718,-0.8535335557333578
45.230000000000004,-0.288098156828861,-0.8573516324958862
45.24,-0.2966887080576357,-0.860310325769511
45.25,-0.30530436334425115,-0.8623346039143632
45.26,-0.3139354001359229,-0.8633483201883488
45.27,-0.3225713297480181,-0.8632746039120943
45.28,-0.3312008922141648,-0.8620363059054009
45.29,-0.3398120558661261,-0.8595564994351353
45.300000000000004,-0.3483920222028675,-0.8557590370871011
45.31,-0.3569272366078681,-0.85056916299829
45.32,-0.3654034054628333,-0.8439141787613935
45.33,-0.373805520183096,-0.835724160046151
45.34,-0.38211788866375634,-0.8259327195837644
45.35,-0.3903241745747713,-0.8144778106498862
45.36,-0.3984074448767541,-0.8013025635848454
45.37,-0.40635022584646824,-0.7863561462410752
45.38,-0.4141345678015756,-0.7695946375895261
45.39,-0.4217421185982588,-0.7509819020993389
45.4,-0.4291542058435624,-0.7304904509854443
45.410000000000004,-0.43635192761796765,-0.7081022750599815
45.42,-0.443316251344762,-0.683809632792353
45.43,-0.45002812027381467,-0.6576157763476786
45.44,-0.45646856687171555,-0.6295355979012803
45.45,-0.4626188322318403,-0.5995961784797005
45.46,-0.4684604904413096,-0.5678372220102614
45.47,-0.47397557667204554,-0.5343113582126581
45.480000000000004,-0.47914671760556277,-0.49908429946298294
45.49,-0.4839572626613052,-0.4622348388090674
45.5,-0.4883914143817441,-0.42385467890031003
45.51,-0.49243435623931137,-0.384048084675714
45.52,-0.49607237607525834,-0.34293135616675363
45.53,-0.49929298336264644,-0.3006321216292694
45.54,-0.5020850185078437,-0.25728845531158206
45.550000000000004,-0.504438752468878,-0.21304782836707448
45.56,-0.5063459750751852,-0.16806590558813256
45.57,-0.5078000705806407,-0.1225052046269992
45.58,-0.5087960791677252,-0.07653363803003241
45.59,-0.5093307433412413,-0.030322961604488392
45.6,-0.5094025383998149,0.01595284476485391
45.61,-0.5090116864459442,0.06211923583302829
45.62,-0.5081601536831544,0.10800277010826313
45.63,-0.506851631043779,0.15343275992539393
45.64,-0.5050914984846464,0.19824287358120815
45.65,-0.5028867735721547,0.2422726619852133
45.660000000000004,-0.5002460452449422,0.2853689843887567
45.67,-0.49717939388437965,0.3273873105365775
45.68,-0.49369829903421064,0.36819287992611277
45.69,-0.48981553628585744,0.4076617026302034
45.7,-0.48554506498160666,0.4456813901948611
45.71,-0.48090190848196024,0.4821518093170382
45.72,-0.4759020287952659,0.5169855551916877
45.730000000000004,-0.4705621973781265,0.550108245455529
45.74,-0.4648998638861553,0.5814586394242698
45.75,-0.4589330245896411,0.6109885907171905
45.76,-0.4526800920718114,0.6386628443070245
45.77,-0.4461597677035005,0.6644586914669938
45.78,-0.4393909182424715,0.6883654979781471
45.79,-0.43239245774393753,0.7103841222995024
45.800000000000004,-0.42518323579648143,0.7305262412029455
45.81,-0.41778193291987864,0.7488136006647212
45.82,-0.410206963783187,0.7652772096309459
45.83,-0.4024763887272597,0.77995649369228
45.84,-0.3946078339093414,0.7928984247765609
45.85,-0.3866184202317285,0.8041566417654181
45.86,-0.378524701074033,0.8137905755298545
45.87,-0.3703426087211314,0.8218645903264118
45.88,-0.3620874092675048,0.8284471518613037
45.89,-0.35377366568390534,0.8336100306700758
45.9,-0.3454152086541033,0.837427547822922
45.910000000000004,-0.3370251147274469,0.8399758683907815
45.92,-0.3286156912862877,0.8413323466267054
45.93,-0.32019846779491284,0.8415749254547257
45.94,-0.3117841927771932,0.8407815916311925
45.95,-0.30338283596228904,0.8390298868611324
45.96,-0.29500359503997065,0.8363964742186464
45.97,-0.28665490647791614,0.8329567584347494
45.980000000000004,-0.27834445987127565,0.8287845579733893
45.99,-0.27007921531844836,0.8239518263085658
46.0,-0.2618654233451043,0.8185284194321423
46.01,-0.2537086469298055,0.8125819063512126
46.02,-0.24561378521808006,0.8061774191629911
46.03,-0.23758509854654566,0.7993775392111073
46.04,-0.2296262344338579,0.7922422158169967
46.050000000000004,-0.22174025423020574,0.7848287141313843
46.06,-0.21392966015123024,0.7771915887520309
46.07,-0.20619642245516515,0.7693826798942646
46.08,-0.19854200655334497,0.7614511290707132
46.09,-0.1909673998737509,0.7534434114275638
46.1,-0.18347313832479367,0.7454033820892069
46.11,-0.1760593322319667,0.7373723340749443
46.12,-0.16872569164329476,0.7293890655652722
46.13,-0.16147155092066126,0.7214899545067627
46.14,-0.1542958925531595,0.7137090387503018
46.15,-0.14719737014565523,0.7060781001147156
46.160000000000004,-0.1401743305508652,0.6986267509546362
46.17,-0.1332248351265625,0.6913825219864089
46.18,-0.126346680111137,0.6843709502880349
46.19,-0.11953741612080179,0.6776156665380731
46.2,-0.11279436678037555,0.6711384806939722
46.21,-0.10611464650692236,0.6649594654325833
46.22,-0.09949517747172389,0.6590970367850008
46.230000000000004,-0.09293270577122235,0.6535680314948785
46.24,-0.08642381684182632,0.6483877807146419
46.25,-0.0799649501569295,0.6435701797282793
46.26,-0.07355241324726072,0.6391277534534302
46.27,-0.06718239508786089,0.6350717175301028
46.28,-0.060850978896658664,0.631412034849377
46.29,-0.054554154390873355,0.6281574674136863
46.300000000000004,-0.04828782954838494,0.6253156234515277
46.31,-0.0420478419218428,0.6228929997344866
46.32,-0.035829969553695204,0.6208950190640417
46.33,-0.029629941540561963,0.6193260629104222
46.34,-0.02344344829548676,0.6181894991965236
46.35,-0.01726615155663149,0.617487705227168
46.36,-0.011093694190943396,0.6172220857684683
46.37,-0.004921709841262125,0.6173930862842619
46.38,0.0012541675347418429,0.6180002013371282
46.39,0.00743829418548044,0.6190419781608985
46.4,0.013635007097959813,0.6205160154103669
46.410000000000004,0.019848614493687782,0.6224189570926136
46.42,0.02608338623981209,0.6247464816834835
46.43,0.03234354412735745,0.6274932864328497
46.44,0.03863325196846908,0.630653066863842
46.45,0.04495660546463429,0.6342184914747797
46.46,0.05131762179796468,0.6381811716586796
46.47,0.05772022889780789,0.6425316268644661
46.480000000000004,0.064168254335254,0.647259245037011
46.49,0.07066541379854811,0.6523522383904773
46.5,0.07721529910306356,0.6577975945918046
46.51,0.08382136569038422,0.6635810234592144
46.52,0.09048691957224786,0.669686899315034
46.53,0.0972151036766849,0.6760981991736689
46.54,0.10400888355572124,0.6827964369949151
46.550000000000004,0.1108710324165832,0.6897615942907401
46.56,0.11780411544153604,0.696972047440896
46.57,0.12481047336540113,0.7044044921499698
46.58,0.13189220528453546,0.7120338655663634
46.59,0.13905115067672844,0.7198332666828159
46.6,0.1462888706181918,0.7277738757488985
46.61,0.1536066281917064,0.7358248735487541
46.62,0.16100536808916688,0.7439533615323475
46.63,0.16848569542235337,0.7521242839355317
46.64,0.17604785376787752,0.7603003531829149
46.65,0.18369170248601166,0.7684419800370417
46.660000000000004,0.19141669336861836,0.7765072101365817
46.67,0.1992218466887433,0.7844516687533043
46.68,0.20710572674368444,0.792228515790289
46.69,0.21506641700454907,0.7997884132390759
46.7,0.22310149500846593,0.8070795075075142
46.71,0.23120800715469933,0.8140474292183358
46.72,0.23938244359283264,0.8206353132554374
46.730000000000004,0.2476207134198081,0.8267838419940337
46.74,0.25591812043271334,0.8324313147847927
46.75,0.2642693397155039,0.8375137468623318
46.76,0.27266839536995996,0.841965000905649
46.77,0.2811086397336169,0.8457169544819337
46.78,0.2895827344595986,0.848699706544772
46.79,0.2980826338645123,0.8508418260215611
46.800000000000004,0.30659957098002977,0.8520706453013009
46.81,0.3151240467705383,0.8523126011113044
46.82,0.32364582300225586,0.8514936248389031
46.83,0.3321539192673163,0.8495395838022047
46.84,0.3406366146782999,0.8463767742945368
46.85,0.34908145475320707,0.8419324664150866
46.86,0.3574752640066016,0.8361354997514509
46.87,0.365804164748236,0.828916927900543
46.88,0.37405360256461245,0.820210708609725
46.89,0.3822083789204305,0.8099544350030415
46.9,0.39025269126467327,0.7980901019473331
46.910000000000004,0.3981701809593772,0.7845649001359808
46.92,0.4059439892673929,0.7693320289574667
46.93,0.41355682153852646,0.7523515177123015
46.94,0.4209910196216389,0.7335910432924038
46.95,0.4282286424043745,0.7130267310948165
46.96,0.43525155424353523,0.6906439247644309
46.97,0.4420415208996632,0.6664379094086536
46.980000000000004,0.4485803124317083,0.6404145722617376
46.99,0.45484981234489796,0.6125909844566632
47.0,0.4608321321208416,0.58299588764164
47.01,0.4665097300977308,0.5516700697016567
47.02,0.4718655335148747,0.5186666148463498
47.03,0.4768830623946578,0.4840510148221661
47.04,0.4815465538113181,0.4479011299999121
47.050000000000004,0.48584108499465606,0.41030699155894634
47.06,0.489752693642497,0.3713704388957973
47.07,0.493268493772572,0.33120458966560007
47.08,0.49637678543580904,0.2899331434364406
47.09,0.4990671566413008,0.24768952369788882
47.1,0.5013305759097668,0.2046158667989249
47.11,0.5031594739772793,0.16086187016969603
47.12,0.5045478133131608,0.11658351577352957
47.13,0.5054911442927499,0.07194168800883141
47.14,0.5059866470733374,0.02710070811086821
47.15,0.5060331584549673,-0.0177731906192208
47.160000000000004,0.505631183260953,-0.06251342079700062
47.17,0.5047828900390273,-0.10695460526326331
47.18,0.5034920911556877,-0.150934120655375
47.19,0.5017642076259198,-0.19429359375507055
47.2,0.49960621928058635,-0.2368803254337647
47.21,0.49702660111724456,-0.2785486190016227
47.22,0.4940352469005539,-0.31916099235005585
47.230000000000004,0.49064338127024343,-0.3585892563573567
47.24,0.4868634617734068,-0.3967154454855525
47.25,0.4827090723605324,-0.43343259020440417
47.26,0.47819480996931873,-0.4686453247029545
47.27,0.4733361658664733,-0.5022703271595703
47.28,0.4681494034261273,-0.5342365935156631
47.29,0.46265143399616004,-0.564485549127005
47.300000000000004,0.4568596924435872,-0.5929710057577358
47.31,0.4507920138810053,-0.619658974063603
47.32,0.44446651296231515,-0.64452734393186
47.33,0.43790146700236815,-0.667565446776295
47.34,0.4311152040267892,-0.6887735151185339
47.35,0.4241259966999974,-0.7081620555313498
47.36,0.4169519629161622,-0.7257511513029279
47.37,0.40961097367393884,-0.7415697110428499
47.38,0.4021205686953052,-0.7556546789410575
47.39,0.3944978800951177,-0.7680502215670146
47.4,0.38675956426396496,-0.7788069050180739
47.410000000000004,0.37892174199475626,-0.7879808749547274
47.42,0.37099994676487036,-0.7956330506552168
47.43,0.3630090809816519,-0.8018283427383713
47.44,0.35496337991010296,-0.8066349026916031
47.45,0.3468763829278198,-0.8101234108444595
47.46,0.3387609116932137,-0.812366407983717
47.47,0.33062905476814547,-0.8134376744432437
47.480000000000004,0.32249215820434884,-0.8134116592432393
47.49,0.31436082158328066,-0.8123629607147967
47.5,0.3062448989900529,-0.8103658590367875
47.51,0.2981535044025449,-0.8074939002372755
47.52,0.2900950209853074,-0.8038195304708918
47.53,0.28207711379312705,-0.7994137787730297
47.54,0.2741067454098468,-0.7943459860045932
47.550000000000004,0.26619019407303524,-0.7886835773284343
47.56,0.25833307386327814,-0.7824918752901496
47.57,0.2505403565672323,-0.7758339504003033
47.58,0.2428163948552721,-0.7687705060207426
47.59,0.2351649464468174,-0.7613597943328648
47.6,0.2275891989686148,-0.7536575601992617
47.61,0.22009179524283218,-0.745717009811489
47.62,0.212674858772385,-0.7375888011359857
47.63,0.20534001922011247,-0.7293210533185049
47.64,0.19808843770601492,-0.7209593723769059
47.65,0.19092083177257435,-0.7125468906958589
47.660000000000004,0.18383749989209774,-0.7041243180289963
47.67,0.17683834541199445,-0.6957300019092681
47.68,0.1699228998539124,-0.6873999955626042
47.69,0.16309034550074236,-0.6791681316100818
47.7,0.15633953722171076,-0.6710661000270228
47.71,0.1496690235002019,-0.6631235290018039
47.72,0.14307706664167466,-0.6553680675012129
47.730000000000004,0.13656166215017762,-0.6478254685019481
47.74,0.1301205572716357,-0.6405196719887688
47.75,0.12375126871040226,-0.6334728869486218
47.76,0.11745109953266328,-0.6267056717068126
47.77,0.11121715527626602,-0.6202370120561967
47.78,0.10504635929153935,-0.6140843967238488
47.79,0.09893546734178904,-0.6082638898022343
47.800000000000004,0.09288108149549466,-0.6027901998441854
47.81,0.08687966334490534,-0.5976767453836261
47.82,0.08092754658782214,-0.5929357166977177
47.83,0.07502094901095098,-0.5885781336716011
47.84,0.06915598391439012,-0.5846138996649344
47.85,0.0633286710176523,-0.5810518513106401
47.86,0.05753494688817733,-0.5778998042013799
47.870000000000005,0.0517706749336247,-0.5751645944389133
47.88,0.046031654999399055,-0.5728521160362772
47.89,0.04031363261289916,-0.5709673541732467
47.9,0.034612307915934115,-0.5695144143123462
47.910000000000004,0.028923344326652226,-0.5684965471862791
47.92,0.023242376972208528,-0.5679161696685495
47.93,0.01756502093328123,-0.5677748815376829
47.94,0.011886879341454869,-0.5680734781422757
47.95,0.0062035513704357175,-0.5688119589695124
47.96,0.0005106401620646203,-0.5699895321141792
47.97,-0.005196239271847868,-0.5716046146389684
47.980000000000004,-0.01092145213071475,-0.5736548288103709
47.99,-0.016669335848055286,-0.5761369941880735
48.0,-0.02244419201447622,-0.5790471155398935
48.01,-0.02825027815885316,-0.5823803665492734
48.02,-0.03409179934546169,-0.5861310692786181
48.03,-0.03997289954442553,-0.5902926693497087
48.04,-0.04589765273245587,-0.5948577068024922
48.050000000000004,-0.05187005368047538,-0.5998177825962039
48.06,-0.05789400838437995,-0.6051635207224993
48.07,-0.06397332409492536,-0.6108845259096041
48.08,-0.07011169890257202,-0.616969336909973
48.09,-0.07631271083312481,-0.6234053753821935
48.1,-0.0825798064102159,-0.6301788904015077
48.11,-0.08891628864115496,-0.6372748986630332
48.120000000000005,-0.09532530438347654,-0.6446771204782458
48.13,-0.10180983105071986,-0.6523679117092733
48.14,-0.108372662617662,-0.6603281918378233
48.15,-0.11501639488747632,-0.6685373684268631
48.160000000000004,-0.12174340998619927,-0.6769732583042891
48.17,-0.1285558600535621,-0.6856120058794892
48.18,-0.13545565010378904,-0.6944279990966294
48.19,-0.1424444200354947,-0.7033937836333151
48.2,-0.14952352577645536,-0.7124799760705074
48.21,-0.15669401955690485,-0.7216551768896018
48.22,-0.1639566293142474,-0.7308858842955749
48.230000000000004,-0.17131173724281637,-0.7401364100210154
48.24,-0.17875935751466773,-0.7493687984342855
48.25,-0.18629911321150208,-0.7585427504552619
48.26,-0.19393021252377296,-0.7676155539728375
48.27,-0.2016514242909588,-0.7765420226578701
48.28,-0.20946105297693032,-0.7852744452711323
48.29,-0.21735691319638145,-0.793762547774934
48.300000000000004,-0.225336303932429,-0.8019534707654995
48.31,-0.23339598261169142,-0.809791764946067
48.32,-0.24153213923135033,-0.8172194075522223
48.33,-0.24974037076273586,-0.824175842814334
48.34,-0.258015656087637,-0.8305980496892157
48.35,-0.2663523317565201,-0.8364206402053193
48.36,-0.27474406889174335,-0.8415759918328211
48.370000000000005,-0.28318385159317655,-0.8459944173009498
48.38,-0.29166395723776234,-0.849604375228028
48.39,-0.30017593909773715,-0.8523327247926398
48.4,-0.30871061173361514,-0.8541050274444854
48.410000000000004,-0.3172580396466268,-0.8548458983183842
48.42,-0.32580752969998283,-0.8544794095627384
48.43,-0.3343476278378816,-0.8529295472139986
48.44,-0.3428661206442628,-0.8501207225326739
48.45,-0.35135004228853506,-0.8459783378582972
48.46,-0.35978568740142874,-0.8404294060382149
48.47,-0.36815863040929936,-0.8334032213402593
48.480000000000004,-0.37645375182823393,-0.824832078479834
48.49,-0.38465527197889604,-0.814652034991421
48.5,-0.3927467925280623,-0.8028037106736785
48.51,-0.4007113461923696,-0.7892331162642793
48.52,-0.4085314548533479,-0.7738925018913837
48.53,-0.41618919623019723,-0.7567412142468084
48.54,-0.42366627913828403,-0.7377465498825219
48.550000000000004,-0.43094412722784764,-0.7168845906044317
48.56,-0.4380039709503727,-0.6941410056878511
48.57,-0.4448269473416047,-0.6695118046328717
48.58,-0.4513942070430301,-0.6430040234809447
48.59,-0.45768702781122356,-0.6146363273896567
48.6,-0.4636869335908232,-0.584439512268539
48.61,-0.4693758180565943,-0.5524568888629389
48.620000000000005,-0.47473607136808194,-0.51874453377069
48.63,-0.47975070873200804,-0.4833713935062414
48.64,-0.48440349923820675,-0.4464192298882972
48.65,-0.488679093329774,-0.40798239769730227
48.660000000000004,-0.49256314719215283,-0.3681674486825516
48.67,-0.49604244230342504,-0.32709255952610883
48.68,-0.49910499838267497,-0.2848867852005904
48.69,-0.5017401780074369,-0.24168914317879062
48.7,-0.5039387812462508,-0.19764753803766202
48.71,-0.5056931287681901,-0.15291754000892363
48.72,-0.5069971320464293,-0.10766103482031372
48.730000000000004,-0.5078463494645964,-0.06204476560394271
48.74,-0.5082380273585081,-0.016238790589073467
48.75,-0.5081711252763779,0.02958511737036061
48.76,-0.507646325011101,0.07525510175221149
48.77,-0.5066660232413336,0.12060085526299441
48.78,-0.505234307905841,0.16545522607365534
48.79,-0.5033569187198605,0.2096557695414044
48.800000000000004,-0.501041192515013,0.253046219089306
48.81,-0.4982959943380745,0.2954778521532032
48.82,-0.49513163547194894,0.3368107299663493
48.83,-0.4915597797387475,0.376914793322323
48.84,-0.4875933396055025,0.4156708002060344
48.85,-0.48324636373462676,0.45297109517046064
48.86,-0.47853391770209325,0.4887202044197998
48.870000000000005,-0.47347195964623073,0.5228352545985216
48.88,-0.4680772126101228,0.5552462171509729
48.89,-0.46236703530321127,0.5858959836938042
48.9,-0.4563592929362467,0.6147402810389582
48.910000000000004,-0.45007222968243216,0.6417474372458162
48.92,-0.4435243441913304,0.66689801231822
48.93,-0.43673426943606775,0.6901843088696137
48.94,-0.42972065801393816,0.7116097792537306
48.95,-0.42250207385099314,0.7311883463151497
48.96,-0.41509689108763514,0.7489436550866654
48.97,-0.40752320074925985,0.7649082724952707
48.980000000000004,-0.3997987256377298,0.7791228514920763
48.99,-0.39194074371941834,0.7916352750563901
49.0,-0.38396602013660197,0.8024997943061413
49.01,-0.3758907478332955,0.8117761735413737
49.02,-0.3677304966657745,0.8195288535175473
49.03,-0.35950017076294455,0.8258261426490351
49.04,-0.3512139738127938,0.8307394442324311
49.050000000000004,-0.3428853818782959,0.8343425261988541
49.06,-0.3345271232888167,0.8367108383913688
49.07,-0.32615116511046854,0.8379208809472234
49.08,-0.3177687056698722,0.8380496260665117
49.09,-0.3093901725891383,0.837173994283812
49.1,-0.301025225784196,0.8353703853356879
49.11,-0.29268276488242456,0.8327142628375672
49.120000000000005,-0.2843709405274446,0.8292797912467058
49.13,-0.2760971690574904,0.8251395229882826
49.14,-0.26786815006767895,0.8203641331508902
49.15,-0.2596898863944726,0.8150221988054461
49.160000000000004,-0.25156770609157003,0.8091800197561994
49.17,-0.24350628599934862,0.802901477381641
49.18,-0.23550967654393723,0.7962479281541617
49.19,-0.2275813274362654,0.7892781284278237
49.2,-0.21972411397538077,0.7820481871417769
49.21,-0.2119403636934299,0.7746115431915579
49.22,-0.2042318831115496,0.7670189643615972
49.230000000000004,-0.19659998440619794,0.7593185648805938
49.24,-0.18904551181393775,0.75155583884893
49.25,-0.18156886762921934,0.7437737069870158
49.26,-0.17417003767419742,0.7360125743594056
49.27,-0.1668486161420312,0.7283103969367645
49.28,-0.15960382973546208,0.720702755062228
49.29,-0.15243456104078662,0.7132229320871498
49.300000000000004,-0.1453393710937191,0.7059019966311945
49.31,-0.13831652110816275,0.6987688871013428
49.32,-0.13136399335169227,0.6918504972723567
49.33,-0.12447951116271563,0.6851717618867758
49.34,-0.11766055811395676,0.6787557413751676
49.35,-0.11090439633521229,0.6726237049270323
49.36,-0.10420808401541612,0.6667952112596272
49.370000000000005,-0.09756849211001975,0.6612881865363979
49.38,-0.09098232028468817,0.65611899897919
49.39,-0.08444611213043596,0.6513025297996209
49.4,-0.07795626968869576,0.646852240145604
49.410000000000004,-0.07150906732752388,0.6427802338198237
49.42,-0.06510066501229927,0.639097315578725
49.43,-0.05872712101594937,0.6358130448641315
49.44,-0.052384404115016645,0.6329357848557026
49.45,-0.04606840531883532,0.6304727467618845
49.46,-0.03977494917977896,0.6284300292905436
49.47,-0.03349980473302445,0.6268126532588237
49.480000000000004,-0.027238696114602483,0.6256245913156343
49.49,-0.020987312906711762,0.6248687927602209
49.5,-0.014741320259398064,0.6245472034471409
49.51,-0.008496368837768943,0.6246607807722566
49.52,-0.0022481046439529312,0.6252095037366711
49.53,0.004007821236964478,0.6261923780864281
49.54,0.01027574291777563,0.6276074365258374
49.550000000000004,0.016559969967481228,0.6294517340020035
49.56,0.022864777597815703,0.6317213380580848
49.57,0.02919439672864292,0.634411314253523
49.58,0.03555300388288616,0.6375157066515117
49.59,0.04194471086167315,0.6410275133778731
49.6,0.04837355415044362,0.6449386572618673
49.61,0.0548434840069105,0.6492399515788537
49.620000000000005,0.061358353182020695,0.6539210609277905
49.63,0.06792190522546632,0.6589704572939246
49.64,0.07453776232789919,0.6643753713693873
49.65,0.08120941265285406,0.6701217392324441
49.660000000000004,0.08794019711254808,0.6761941445205963
49.67,0.094733295543266,0.6825757562743348
49.68,0.10159171223803479,0.6892482626778679
49.69,0.10851826079682336,0.6961918009813539
49.7,0.11551554825766186,0.7033848839568165
49.71,0.12258595847595968,0.7108043233177614
49.72,0.1297316347240171,0.7184251506212166
49.730000000000004,0.13695446148838403,0.7262205362711123
49.74,0.14425604544943935,0.7341617073541081
49.75,0.1516376956354662,0.7422178651635383
49.76,0.15910040275271012,0.7503561034042432
49.77,0.16664481770355105,0.758541328220639
49.78,0.17427122931712288,0.7667361813520617
49.79,0.1819795413305923,0.7749009678924852
49.800000000000004,0.1897692486749726,0.7829935903149606
49.81,0.1976394131368915,0.7909694906128555
49.82,0.20558863848722972,0.7987816026078821
49.83,0.21361504518904914,0.806380316675976
49.84,0.22171624482074923,0.8137134593425407
49.85,0.22988931437589996,0.8207262903937699
49.86,0.23813077062862462,0.827361520335109
49.870000000000005,0.24643654478260213,0.8335593511948605
49.88,0.25480195765252184,0.839257543812875
49.89,0.26322169565885967,0.8443915148625875
49.9,0.2716897879497736,0.8488944669197271
49.910000000000004,0.28019958499725417,0.8526975549023332
49.92,0.28874373904782025,0.8557300921529445
49.93,0.2973141868403131,0.8579197993031559
49.94,0.3059021350338834,0.8591930988410413
49.95,0.31449804881713395,0.8594754579812439
49.96,0.32309164419350833,0.8586917820044515
49.97,0.331671884457223,0.8567668596772906
49.980000000000004,0.3402269813870541,0.8536258616770003
49.99,0.348744401690763,0.8491948921217897
50.0,0.3572108792294899,0.8434015923451268
50.01,0.36561243353766554,0.8361757949521713
50.02,0.3739343951285333,0.8274502249660737
50.03,0.382161438036987,0.8171612435237212
50.04,0.3902776199990078,0.8052496281341401
50.050000000000004,0.3982664305996698,0.791661381994704
50.06,0.4061108476389018,0.7763485633045537
50.07,0.41379340186576086,0.7592701239626259
50.08,0.4212962501181543,0.740392745537882
50.09,0.42860125677651845,0.7196916590064013
50.1,0.4356900832982823,0.6971514335235207
50.11,0.4425442854469888,0.6727667185017747
50.120000000000005,0.4491454176683178,0.646542922560352
50.13,0.4554751438981959,0.6184968125603896
50.14,0.46151535391952553,0.5886570159986935
50.15,0.4672482842181697,0.5570644105477606
50.160000000000004,0.47265664213048075,0.5237723855375612
50.17,0.477723731928921,0.4888469616942392
50.18,0.4824335813643656,0.4523667574841773
50.19,0.48677106707860457,0.4144227929395432
50.2,0.4907220372231565,0.3751181248221621
50.21,0.4942734295750478,0.33456731035256015
50.22,0.4974133834302077,0.2928957004048876
50.230000000000004,0.5001313435831455,0.2502385669413544
50.24,0.5024181547690346,0.20674007341106634
50.25,0.5042661450513668,0.16255210073581938
50.26,0.5056691967837511,0.1178329452120879
50.27,0.5066228039556087,0.07274590803766459
50.28,0.5071241149445045,0.027457799094391944
50.29,0.5071719599374965,-0.01786262002928171
50.300000000000004,0.5067668625439188,-0.06304622710459876
50.31,0.5059110353954045,-0.10792513679187031
50.32,0.5046083598080814,-0.15233427682491407
50.33,0.5028643498589062,-0.1961129156399608
50.34,0.5006861014952821,-0.23910611559103348
50.35,0.49808222754708553,-0.2811660879464325
50.36,0.49506277973635354,-0.3221534285309634
50.370000000000005,0.49163915897646626,-0.3619382160602823
50.38,0.48782401541514786,-0.4004009587843067
50.39,0.4836311398007801,-0.4374333788823257
50.4,0.47907534783750133,-0.47293902799545684
50.410000000000004,0.474172359240871,-0.506833731207215
50.42,0.4689386732133571,-0.539045860563599
50.43,0.46339144202959903,-0.5695164427475428
50.44,0.45754834435840624,-0.5981991086940285
50.45,0.45142745985571847,-0.6250598956775901
50.46,0.44504714644485444,-0.650076914671526
50.47,0.43842592156228793,-0.6732398975385129
50.480000000000004,0.43158234849408417,-0.6945496398575377
50.49,0.42453492876513715,-0.7140173559337405
50.5,0.41730200137540935,-0.7316639628043698
50.51,0.4099016495090498,-0.7475193098877133
50.52,0.4023516151776551,-0.7616213703750075
50.53,0.39466922210154964,-0.7740154095971553
50.54,0.386871306985712,-0.7847531444713058
50.550000000000004,0.3789741592121235,-0.7938919068102414
50.56,0.3709934688495072,-0.8014938218212923
50.57,0.36294428277569774,-0.8076250115883029
50.58,0.35484096861774117,-0.8123548317714733
50.59,0.3466971861402683,-0.8157551482204753
50.6,0.33852586565333165,-0.8178996587135573
50.61,0.3303391929659971,-0.8188632636393954
50.620000000000005,0.3221486003805437,-0.8187214881519098
50.63,0.3139647632029589,-0.8175499571669287
50.64,0.3057976012372051,-0.8154239235430403
50.65,0.2976562847320981,-0.8124178489012883
50.660000000000004,0.2895492442591794,-0.8086050357890174
50.67,0.28148418401631775,-0.8040573092778216
50.68,0.27346809807362293,-0.7988447455969233
50.69,0.2655072891043793,-0.7930354450319665
50.7,0.25760738917298365,-0.7866953460542252
50.71,0.2497733821832948,-0.7798880774748571
50.72,0.2420096276234865,-0.7726748453309622
50.730000000000004,0.23431988527667555,-0.7651143511928378
50.74,0.22670734059962971,-0.7572627386233756
50.75,0.21917463050420802,-0.7491735646101267
50.76,0.21172386930742718,-0.74089779291811
50.77,0.2043566746458458,-0.7324838064678724
50.78,0.1970741931780697,-0.7239774360205663
50.79,0.18987712592543446,-0.7154220026428402
50.800000000000004,0.1827657531252129,-0.7068583716231239
50.81,0.175739958492972,-0.6983250157123616
50.82,0.16879925281096567,-0.6898580857622288
50.83,0.1619427967777274,-0.6814914870290203
50.84,0.15516942307038525,-0.6732569595990782
50.85,0.14847765758574585,-0.6651841615698892
50.86,0.14186573983898748,-0.6573007537883888
50.870000000000005,0.13533164250997806,-0.649632485103642
50.88,0.12887309013691461,-0.6422032772343941
50.89,0.12248757696529017,-0.6350353084827995
50.9,0.11617238396725862,-0.6281490956440116
50.910000000000004,0.10992459505240994,-0.6215635735675249
50.92,0.10374111249590812,-0.6152961719206653
50.93,0.09761867161399662,-0.6093628887879567
50.94,0.09155385472014899,-0.6037783608129311
50.95,0.085543104397738,-0.5985559296519743
50.96,0.0795827361271095,-0.5937077045637527
50.97,0.07366895030646296,-0.5892446210033886
50.980000000000004,0.06779784370704174,-0.5851764951285838
50.99,0.06196542040389129,-0.5815120741560409
51.0,0.05616760222392092,-0.5782590825315194
51.01,0.0504002387532609,-0.5754242638963344
51.02,0.044659116945994226,-0.5730134188476981
51.03,0.03893997037630693,-0.5710314385006189
51.04,0.033238488175981844,-0.5694823338656662
51.050000000000004,0.027550323698993604,-0.5683692610603027
51.06,0.02187110295477579,-0.5676945423721773
51.07,0.01619643285155006,-0.5674596831912254
51.08,0.010521909290951283,-0.5676653848240711
51.09,0.004843125155068636,-0.568311553199482
51.1,-0.0008443217730383576,-0.5693973034678953
51.11,-0.00654482091428927,-0.5709209604916952
51.120000000000005,-0.012262740982872262,-0.5728800552163461
51.13,-0.018002422018616196,-0.575271316906055
51.14,-0.023768167320993364,-0.5780906612217217
51.15,-0.02956423524305063,-0.5813331741139185
51.160000000000004,-0.03539483080327173,-0.5849930914999114
51.17,-0.04126409707304885,-0.58906377469171
51.18,-0.047176106297105926,-0.5935376815422376
51.19,-0.0531348507038936,-0.598406333279408
51.2,-0.05914423296269408,-0.603660277003654
51.21,-0.06520805624396668,-0.6092890438338147
51.22,-0.07133001383937038,-0.6152811026997762
51.230000000000004,-0.0775136782979622,-0.6216238097984899
51.24,-0.08376249003534017,-0.6283033537535612
51.25,-0.09007974537303343,-0.6353046965481951
51.26,-0.09646858396630406,-0.6426115103375709
51.27,-0.10293197557978483,-0.650206110290432
51.28,-0.10947270617211269,-0.6580693836615499
51.29,-0.11609336325301582,-0.6661807153575069
51.300000000000004,-0.12279632047926284,-0.6745179103286759
51.31,-0.12958372145958935,-0.6830571132010895
51.32,-0.13645746274328466,-0.6917727256537505
51.33,-0.14341917597266438,-0.7006373221504515
51.34,-0.15047020918629367,-0.709621564750828
51.35,-0.15761160726768095,-0.7186941178535248
51.36,-0.16484409154336419,-0.7278215638651528
51.370000000000005,-0.172168038544984,-0.7369683209420645
51.38,-0.17958345796220546,-0.7460965641174585
51.39,-0.18708996982733314,-0.7551661513031749
51.4,-0.19468678098826894,-0.7641345558425003
51.410000000000004,-0.20237266094418313,-0.7729568074855956
51.42,-0.21014591713798084,-0.7815854438603969
51.43,-0.21800436982139107,-0.7899704747159096
51.44,-0.22594532663229902,-0.7980593614178119
51.45,-0.23396555704974728,-0.8057970143734295
51.46,-0.2420612669197676,-0.8131258112487186
51.47,-0.25022807327472163,-0.819985639007142
51.480000000000004,-0.2584609796999104,-0.8263139629415012
51.49,-0.2667543525335516,-0.8320459259760561
51.5,-0.2751018982194315,-0.837114481577837
51.51,-0.28349664216510834,-0.8414505636221885
51.52,-0.2919309094918752,-0.8449832964968244
51.53,-0.3003963080950448,-0.847640248588992
51.54,-0.3088837144636551,-0.8493477320695166
51.550000000000004,-0.31738326273643513,-0.8500311515534461
51.56,-0.325884337494724,-0.8496154037683443
51.57,-0.334375570811802,-0.8480253297878231
51.58,-0.34284484409048044,-0.8451862206814321
51.59,-0.35127929522543067,-0.841024376587002
51.6,-0.3596653316222205,-0.8354677182259391
51.61,-0.3679886495899494,-0.8284464487581643
51.620000000000005,-0.37623426059738374,-0.8198937626189595
51.63,-0.3843865248423286,-0.809746596608585
51.64,-0.39242919252955544,-0.7979464170375445
51.65,-0.40034545318307946,-0.7844400351934496
51.660000000000004,-0.4081179932334244,-0.769180441824763
51.67,-0.4157290620195747,-0.7521276497749757
51.68,-0.4231605462289239,-0.7332495323977082
51.69,-0.43039405266752884,-0.7125226439947151
51.7,-0.4374109991088182,-0.6899330073054504
51.71,-0.44419271281363787,-0.6654768521021805
51.72,-0.45072053615086183,-0.6391612882725244
51.730000000000004,-0.45697593857908836,-0.6110048964631623
51.74,-0.46294063408012504,-0.5810382194700444
51.75,-0.4685967029684892,-0.5493041381383069
51.76,-0.47392671684289117,-0.5158581166131876
51.77,-0.47891386530075297,-0.4807683033794621
51.78,-0.4835420829104804,-0.44411547664032075
51.79,-0.4877961748335594,-0.40599282519509144
51.800000000000004,-0.49166193941438224,-0.3665055590342111
51.81,-0.49512628601424363,-0.32577034731211785
51.82,-0.4981773463606246,-0.2839145850953802
51.83,-0.5008045777161513,-0.2410754942062613
51.84,-0.5029988562447499,-0.1973990674673365
51.85,-0.5047525590654981,-0.15303886956642326
51.86,-0.5060596336360784,-0.10815471146386971
51.870000000000005,-0.5069156532947755,-0.06291121861894235
51.88,-0.5073178580084573,-0.017476316190069008
51.89,-0.5072651796185769,0.0279803433482115
51.9,-0.5067582511414931,0.07328898312238974
51.910000000000004,-0.5057993999561291,0.1182813074027736
51.92,-0.5043926249934375,0.16279208178661989
51.93,-0.5025435583203965,0.2066606607449941
51.94,-0.5002594117785375,0.24973243672188405
51.95,-0.4975489095859588,0.2918601871359643
51.96,-0.49442220803581827,0.3329052984069925
51.97,-0.490890803617819,0.37273884940061525
51.980000000000004,-0.48696743104780593,0.4112425403312688
51.99,-0.4826659528111936,0.4483094570467956
52.0,-0.47800124190687004,0.4838446646011239
52.01,-0.47298905951917114,0.5177656279671384
52.02,-0.4676459293475273,0.5500024615245195
52.03,-0.4619890102886808,0.5804980124653407
52.04,-0.4560359690982205,0.6092077864007097
52.050000000000004,-0.44980485456066654,0.6360997261531137
52.06,-0.44331397457515814,0.661153856932376
52.07,-0.436581777422019,0.6843618127918238
52.08,-0.4296267383193217,0.7057262604404638
52.09,-0.42246725221320974,0.7252602371611052
52.1,-0.41512153357609954,0.7429864197844909
52.11,-0.40760752381751986,0.7589363414399654
52.120000000000005,-0.3999428067473002,0.7731495721982254
52.13,-0.39214453237355534,0.7856728788018373
52.14,-0.3842293491712635,0.7965593775080999
52.15,-0.3762133448233934,0.8058676927102337
52.160000000000004,-0.36811199531705885,0.8136611325181236
52.17,-0.35994012217303095,0.8200068909258639
52.18,-0.3517118574985416,0.8249752846211651
52.19,-0.3434406164806077,0.8286390309453615
52.2,-0.3351390768796344,0.8310725720289966
52.21,-0.3268191650400278,0.8323514487358469
52.22,-0.3184920479049175,0.8325517267695525
52.230000000000004,-0.3101681305046367,0.8317494761466637
52.24,-0.3018570583819842,0.8300203042265888
52.25,-0.2935677244201049,0.8274389416159782
52.26,-0.28530827954966465,0.8240788795312518
52.27,-0.2770861468294799,0.8200120566033637
52.28,-0.26890803841759736,0.8153085926357386
52.29,-0.26077997497676514,0.8100365664697708
52.300000000000004,-0.252707307088202,0.8042618348611411
52.31,-0.24469473827954236,0.7980478891125
52.32,-0.23674634930595198,0.7914557461315654
52.33,-0.22886562335691102,0.7845438705762976
52.34,-0.22105547189442598,0.7773681247989589
52.35,-0.21331826086093184,0.76998174339766
52.36,-0.2056558370264728,0.7624353293174443
52.370000000000005,-0.19806955427458298,0.7547768686040633
52.38,-0.19056029965439156,0.7470517610943793
52.39,-0.18312851905269537,0.7393028645208636
52.4,-0.17577424236397426,0.7315705497080323
52.410000000000004,-0.1684971080585347,0.7238927647409089
52.42,-0.16129638706915608,0.716305106185677
52.43,-0.15417100593482116,0.7088408956373305
52.44,-0.14711956915640945,0.7015312600558201
52.45,-0.14014038073370474,0.6944052145290475
52.46,-0.1332314648658285,0.6874897462667483
52.47,-0.1263905858083698,0.6808098987829619
52.480000000000004,-0.11961526689016926,0.6743888553659464
52.49,-0.11290280870105085,0.6682480210629179
52.5,-0.10625030646891089,0.6624071025229966
52.51,-0.09965466665059092,0.6568841851455379
52.52,-0.09311262276600013,0.651695807073116
52.53,-0.0866207505091286,0.646857029649392
52.54,-0.08017548217301229,0.6423815040326234
52.550000000000004,-0.07377312042847613,0.6382815337163953
52.56,-0.06740985149868439,0.6345681327610175
52.57,-0.061081757773255786,0.6312510795827416
52.58,-0.05478482990702956,0.6283389661842405
52.59,-0.04851497844957097,0.625839242739444
52.6,-0.042268045052240674,0.6237582574695567
52.61,-0.036039813300179836,0.6221012917656128
52.620000000000005,-0.02982601921692842,0.6208725905269272
52.63,-0.02362236148964129,0.6200753876949249
52.64,-0.017424511463029924,0.6197119269687082
52.65,-0.011228122950267127,0.619783477692938
52.660000000000004,-0.0050288419091711655,0.6202903459107334
52.67,0.0011776839679475406,0.6212318805749022
52.68,0.007395795702326878,0.6226064749104183
52.69,0.013629813466155907,0.624411562920217
52.7,0.01988402696073122,0.6266436110255852
52.71,0.02616268568666761,0.6292981048322226
52.72,0.03246998905737567,0.6323695310139728
52.730000000000004,0.03881007630694707,0.6358513543087958
52.74,0.0451870161435516,0.639735989626357
52.75,0.051604796099474215,0.6440147692742011
52.76,0.05806731152903562,0.6486779053204796
52.77,0.06457835420588381,0.653714447126224
52.78,0.07114160047156011,0.6591122340998706
52.79,0.07776059888788123,0.6648578437518399
52.800000000000004,0.08443875734659691,0.6709365351581489
52.81,0.09117932959104422,0.6773321879800618
52.82,0.09798540110619815,0.6840272372324016
52.83,0.10485987433569224,0.691002604047143
52.84,0.11180545318714101,0.6982376227420574
52.85,0.1188246267905334,0.7057099645772517
52.86,0.12591965247868606,0.7133955586661679
52.870000000000005,0.13309253796385678,0.7212685106026622
52.88,0.1403450226907393,0.7293010194727493
52.89,0.14767855835331178,0.7374632940389562
52.9,0.15509428857151847,0.7457234690172698
52.910000000000004,0.1625930277336572,0.7540475225114786
52.92,0.17017523902174803,0.7623991958271155
52.93,0.1778410116501995,0.7707399170566924
52.94,0.18559003736288188,0.7790287300085355
52.95,0.1934215862503702,0.7872222302418874
52.96,0.20133448196771964,0.7952745101690498
52.97,0.2093270764537512,0.803137115388553
52.980000000000004,0.21739722427549069,0.8107590146182888
52.99,0.22554225674611697,0.8180865857999946
53.0,0.23375895599149057,0.8250636211413258
53.01,0.24204352916894348,0.8316313540428723
53.02,0.25039158307234805,0.8377285110177398
53.03,0.25879809938929826,0.843291391842535
53.04,0.2672574109091987,0.8482539812715242
53.050000000000004,0.27576317901472874,0.8525480956901723
53.06,0.28430837282300214,0.8561035680690945
53.07,0.29288525037611063,0.8588484744928919
53.08,0.30148534231285995,0.8607094053681335
53.09,0.31009943848347327,0.8616117841485426
53.1,0.3187175779958308,0.861480236041218
53.11,0.3273290432042976,0.8602390086642888
53.120000000000005,0.33592235816911653,0.8578124460040656
53.13,0.3444852921243789,0.8541255162610126
53.14,0.35300486849433677,0.8491043932742123
53.15,0.3614673799898631,0.8426770901727538
53.160000000000004,0.3698584102977919,0.8347741427237126
53.17,0.3781628628443374,0.8253293385397128
53.18,0.3863649970685862,0.8142804868904862
53.19,0.39444847258214716,0.8015702223553525
53.2,0.4023964015156932,0.7871468339876397
53.21,0.41019140926189995,0.7709651100758582
53.22,0.4178157037172104,0.7529871870255351
53.230000000000004,0.4252511530024107,0.7331833894024746
53.24,0.4324793715052599,0.7115330468310891
53.25,0.43948181393903246,0.6880252722928287
53.26,0.4462398769511165,0.6626596854841658
53.27,0.4527350076487158,0.6354470643351067
53.28,0.45894881823781863,0.6064099076182632
53.29,0.46486320580108104,0.5755828918486255
53.300000000000004,0.4704604760747911,0.5430132064283718
53.31,0.4757234699296485,0.5087607522583539
53.32,0.4806356911199582,0.47289819083011847
53.33,0.48518143374625083,0.43551083312126526
53.34,0.4893459077823835,0.39669636041249534
53.35,0.4931153609545008,0.3565643723737904
53.36,0.4964771952298594,0.315235761354032
53.370000000000005,0.4994200761815815,0.2728419156560492
53.38,0.5019340335429804,0.22952375857232696
53.39,0.504010551353028,0.18543063396606027
53.4,0.5056426462223015,0.14071905306981042
53.410000000000004,0.5068249324144242,0.09555132079910283
53.42,0.5075536726382835,0.05009406310459384
53.43,0.5078268136765159,0.004516679588806895
53.44,0.5076440062300596,-0.04101025231542352
53.45,0.5070066086302074,-0.08631659395147295
53.46,0.5059176743510301,-0.13123425459131385
53.47,0.5043819235383811,-0.17559876510342584
53.480000000000004,0.5024056990489615,-0.21925078910056417
53.49,0.49999690775636974,-0.2620375462714777
53.5,0.4971649481235319,-0.30381412501473437
53.51,0.49392062525607505,-0.344444664484436
53.52,0.49027605483384323,-0.38380338960934984
53.53,0.4862445574638881,-0.4217754864270235
53.54,0.4818405451053028,-0.4582578090433597
53.550000000000004,0.4770794012830209,-0.4931594135458167
53.56,0.4719773568343864,-0.5264019181306389
53.57,0.4665513629204081,-0.557919692428765
53.58,0.4608189629858111,-0.587659882425221
53.59,0.45479816527190364,-0.6155822803767576
53.6,0.44850731737827587,-0.6416590516783006
53.61,0.4419649842383376,-0.6658743326694501
53.620000000000005,0.4351898307248868,-0.6882237148893725
53.63,0.4282005099405501,-0.7087136322845773
53.64,0.4210155580791952,-0.7273606683704491
53.65,0.4136532965731411,-0.7441908003808273
53.660000000000004,0.4061317420715787,-0.7592385970593296
53.67,0.3984685246319545,-0.7725463860090896
53.68,0.3906808143513969,-0.7841634054868377
53.69,0.38278525652221773,-0.7941449542674474
53.7,0.374797915266048,-0.8025515517799378
53.71,0.366734225486619,-0.809448119185949
53.72,0.35860895288232897,-0.814903190492263
53.730000000000004,0.3504361616767737,-0.8189881612089823
53.74,0.3422291896581493,-0.8217765805262194
53.75,0.3340006300662493,-0.8233434915186915
53.76,0.3257623198277755,-0.8237648225259793
53.77,0.3175253336157297,-0.8231168316156426
53.78,0.3092999831954626,-0.821475604929455
53.79,0.3010958215171406,-0.8189166087463182
53.800000000000004,0.29292165102053624,-0.8155142942704187
53.81,0.2847855356317322,-0.811341753467093
53.82,0.27669481595119433,-0.8064704237155093
53.83,0.268656127157422,-0.8009698386178913
53.84,0.26067541917883646,-0.7949074219890617
53.85,0.2527579787176407,-0.7883483218358665
53.86,0.24490845274211914,-0.7813552810113104
53.870000000000005,0.23713087309741454,-0.7739885411806473
53.88,0.2294286819185062,-0.7663057767541758
53.89,0.22180475756233103,-0.75836205551266
53.9,0.21426144080825305,-0.7502098227654568
53.910000000000004,0.2068005611070219,-0.7418989060288872
53.92,0.1994234626876753,-0.7334765373844576
53.93,0.19213103035933274,-0.7249873908655811
53.94,0.18492371487036366,-0.716473632420883
53.95,0.17780155771091508,-0.707974980206424
53.96,0.17076421526623517,-0.6995287731635942
53.97,0.1638109822476432,-0.691170046040276
53.980000000000004,0.15694081434542967,-0.6829316092071418
53.99,0.1501523500635004,-0.6748441318063867
54.0,0.14344393170930195,-0.6669362269451163
54.01,0.13681362552459805,-0.6592345378088714
54.02,0.1302592409531245,-0.6517638237216736
54.03,0.12377834905016456,-0.6445470453171869
54.04,0.11736830004678075,-0.6376054481110696
54.050000000000004,0.11102624008794316,-0.6309586438775521
54.06,0.10474912716922971,-0.6246246893340957
54.07,0.09853374630126126,-0.6186201617272165
54.08,0.09237672393468539,-0.6129602309908077
54.09,0.08627454168144512,-0.6076587282162714
54.1,0.08022354937035997,-0.6027282102322175
54.11,0.07421997747680076,-0.5981800201411548
54.120000000000005,0.06825994896753687,-0.5940243437022548
54.13,0.06233949060275566,-0.5902702614836414
54.14,0.056454543737864044,-0.5869257967355029
54.15,0.050600974668045605,-0.583997958957304
54.160000000000004,0.04477458455871797,-0.5814927831491727
54.17,0.03897111900506216,-0.5794153647497782
54.18,0.033186277263722405,-0.5777698902712834
54.19,0.02741572119963649,-0.5765596636468151
54.2,0.021655083990786105,-0.5757871283078542
54.21,0.015899978633479406,-0.5754538850085197
54.22,0.010146006290615711,-0.575560705411344
54.230000000000004,0.004388764525252526,-0.576107541445272
54.24,-0.001376144538289728,-0.5770935304416716
54.25,-0.007153106083580905,-0.5785169960485379
54.26,-0.012946484459260487,-0.5803754449171952
54.27,-0.01876061498192481,-0.5826655591500465
54.28,-0.02459979564226142,-0.5853831844926946
54.29,-0.0304682786717787,-0.5885233142494459
54.300000000000004,-0.03637026192725034,-0.5920800688982372
54.31,-0.04230988004974345,-0.5960466713798064
54.32,-0.04829119535484647,-0.6004154180369309
54.33,-0.05431818841048206,-0.6051776451832312
54.34,-0.060394748258511086,-0.6103236912878977
54.35,-0.06652466223624001,-0.6158428547732702
54.36,-0.07271160535397649,-0.6217233474370558
54.370000000000005,-0.07895912918498113,-0.6279522435306915
54.38,-0.08527065022459032,-0.6345154245505988
54.39,-0.09164943767599311,-0.6413975198304938
54.4,-0.0980986006212002,-0.6485818430611959
54.410000000000004,-0.10462107453721702,-0.6560503249102628
54.42,-0.11121960711940543,-0.6637834419679717
54.43,-0.11789674337657643,-0.6717601423094417
54.44,-0.12465480996559425,-0.6799577680357405
54.45,-0.13149589873729123,-0.6883519752403595
54.46,-0.13842184947040143,-0.6969166519421082
54.47,-0.14543423177613338,-0.7056238346318254
54.480000000000004,-0.15253432616303791,-0.7144436241987697
54.49,-0.15972310426010874,-0.7233441021333996
54.5,-0.16700120820570588,-0.7322912480465676
54.51,-0.17436892922104008,-0.7412488597007016
54.52,-0.18182618539971993,-0.750178476915813
54.53,-0.18937249875935636,-0.7590393108912215
54.54,-0.19700697161754435,-0.7677881806713004
54.550000000000004,-0.20472826237278235,-0.7763794586783628
54.56,-0.2125345607911116,-0.7847650274354183
54.57,-0.22042356292149073,-0.7928942498025955
54.58,-0.22839244578716353,-0.8007139552493888
54.59,-0.2364378420264785,-0.8081684448755255
54.6,-0.24455581468467402,-0.8151995180701527
54.61,-0.25274183238788156,-0.8217465238552336
54.620000000000005,-0.26099074516177867,-0.8277464400864916
54.63,-0.2692967611896114,-0.8331339837749194
54.64,-0.27765342483727706,-0.837841755833814
54.65,-0.2860535963062876,-0.8418004235396463
54.660000000000004,-0.29448943330807,-0.8449389439083609
54.67,-0.3029523751844549,-0.8471848310199743
54.68,-0.3114331299284695,-0.848464470061604
54.69,-0.319921664585687,-0.848703480490606
54.7,-0.3284071995382816,-0.8478271302345036
54.71,-0.33687820719037703,-0.8457608022334396
54.72,-0.3453224155829504,-0.842430513886755
54.730000000000004,-0.35372681746811213,-0.8377634890836613
54.74,-0.3620776853646236,-0.8316887814782568
54.75,-0.3703605930976772,-0.8241379465153771
54.76,-0.37856044429493113,-0.8150457584354008
54.77,-0.38666150826638523,-0.8043509670988035
54.78,-0.3946474636369072,-0.7919970879974194
54.79,-0.40250145002633364,-0.7779332172887413
54.800000000000004,-0.410206127982682,-0.7621148621393046
54.81,-0.4177437472691197,-0.7445047751376426
54.82,-0.4250962234854349,-0.7250737800875271
54.83,-0.4322452228708703,-0.7038015751749015
54.84,-0.4391722549889329,-0.6806774983778473
54.85,-0.44585877283842723,-0.6557012391209145
54.86,-0.4522862797713512,-0.6288834796255142
54.870000000000005,-0.4584364424309375,-0.6002464492357009
54.88,-0.4642912087560653,-0.5698243752557488
54.89,-0.4698329299360525,-0.537663814564497
54.9,-0.47504448504735525,-0.503823851500032
54.910000000000004,-0.47990940696605316,-0.4683761492487276
54.92,-0.48441200803232976,-0.4314048442174749
54.93,-0.4885375038504027,-0.39300627558832407
54.94,-0.49227213354409627,-0.35328854539970705
54.95,-0.49560327475839683,-0.3123709079948002
54.96,-0.4985195517039923,-0.2703829914316956
54.97,-0.5010109345870307,-0.22746385735025554
54.980000000000004,-0.5030688288509974,-0.18376090971137293
54.99,-0.5046861527812582,-0.13942866663168657
55.0,-0.5058574021836312,-0.09462741309376785
55.01,-0.5065787010431336,-0.04952175548543922
55.02,-0.5068478372933399,-0.004279101589832961
55.03,-0.5066642830749303,0.04093190829533638
55.04,-0.5060291991274333,0.08594299206774023
55.050000000000004,-0.5049454232335755,0.13058781070430217
55.06,-0.5034174429133472,0.1747035198242552
55.07,-0.5014513528370903,0.218132261365167
55.08,-0.49905479768604377,0.2607225704640882
55.09,-0.4962369014278085,0.30233067495705734
55.1,-0.4930081841869026,0.3428216678012767
55.11,-0.489380468071783,0.38207053607221747
55.120000000000005,-0.4853667734654583,0.4199630338651707
55.13,-0.4809812073944796,0.4563963903019622
55.14,-0.47623884565941904,0.4912798477721958
55.15,-0.47115561043903564,0.5245350293932294
55.160000000000004,-0.46574814507155443,0.5560961383338259
55.17,-0.4600336876723591,0.5859099950084115
55.18,-0.4540299451713862,0.6139359211266491
55.19,-0.4477549692498261,0.6401454821125073
55.2,-0.441227035529136,0.6645221014463889
55.21,-0.4344645272208983,0.6870605620133533
55.22,-0.4274858242888689,0.7077664105607989
55.230000000000004,-0.4203091990096823,0.7266552818992265
55.24,-0.41295271865088434,0.7437521595543987
55.25,-0.40543415581859427,0.7590905892449827
55.26,-0.39777090686598465,0.7727118608719549
55.27,-0.38997991860115516,0.7846641737253337
55.28,-0.38207762339147794,0.795001798403044
55.29,-0.3740798826330942,0.8037842475581247
55.300000000000004,-0.3660019384403154,0.811075466103386
55.31,-0.35785837331102655,0.8169430499614816
55.32,-0.3496630774410858,0.8214575009016046
55.33,-0.3414292232929944,0.8246915234930468
55.34,-0.33316924697122485,0.8267193687647548
55.35,-0.3248948359176993,0.8276162278154515
55.36,-0.3166169224149158,0.8274576773904251
55.370000000000005,-0.3083456823698908,0.8263191783417299
55.38,-0.30009053884808123,0.8242756269253964
55.39,-0.2918601698313829,0.8214009580643391
55.4,-0.28366251968679446,0.8177677990167633
55.410000000000004,-0.27550481385104764,0.8134471713313777
55.42,-0.2673935762601669,0.8085082385344071
55.43,-0.2593346490803595,0.8030180966692031
55.44,-0.25133321432678285,0.7970416045859017
55.45,-0.24339381698864146,0.7906412507442119
55.46,-0.23552038931189861,0.7838770532350072
55.47,-0.2277162759239413,0.7768064897341617
55.480000000000004,-0.21998425951721537,0.7694844541637746
55.49,-0.21232658684066583,0.7619632369410735
55.5,-0.2047449947783939,0.7542925258342824
55.51,-0.19724073632398015,0.7465194246089828
55.52,-0.18981460628621422,0.7386884868303801
55.53,-0.18246696658737255,0.730841762379867
55.54,-0.1751977710386169,0.7230188544427408
55.550000000000004,-0.16800658949851774,0.7152569849232479
55.56,-0.16089263134015191,0.7075910664394721
55.57,-0.15385476816972826,0.7000537792409671
55.58,-0.14689155575533255,0.6926756515740928
55.59,-0.1400012551382464,0.6854851421920578
55.6,-0.1331818529114914,0.678508723867484
55.61,-0.1264310806608967,0.6717709669141467
55.620000000000005,-0.11974643357320844,0.6652946218610182
55.63,-0.11312518822367634,0.6591007005457727
55.64,-0.106564419562293,0.6532085550066767
55.65,-0.10006101712354282,0.6476359536516126
55.660000000000004,-0.09361170048926075,0.6423991542714007
55.67,-0.08721303403811481,0.6375129735421712
55.68,-0.08086144101841733,0.6329908527289911
55.69,-0.07455321698353498,0.6288449193609815
55.7,-0.0682845426311977,0.6250860446975219
55.71,-0.062051496089584546,0.6217238968465885
55.72,-0.05585006469426593,0.6187669894305531
55.730000000000004,-0.04967615630097348,0.6162227257226164
55.74,-0.0435256101798136,0.614097438199166
55.75,-0.037394207536990166,0.6123964234704314
55.76,-0.03127768171040497,0.611123972564489
55.77,-0.02517172808570039,0.6102833965485831
55.78,-0.019072013779433312,0.6098770474774715
55.79,-0.012974187136150957,0.6099063346616306
55.800000000000004,-0.006873887086200701,0.6103717362492199
55.81,-0.0007667524111665586,0.6112728061152284
55.82,0.005351569036103868,0.6126081760497141
55.83,0.011485411109827724,0.6143755532350073
55.84,0.017639080100804016,0.6165717129996597
55.85,0.023816845369820924,0.619192486835295
55.86,0.03002292983750992,0.6222327456618343
55.870000000000005,0.03626150028305761,0.6256863783273571
55.88,0.04253665740405706,0.6295462653316228
55.89,0.048852425589690066,0.6338042477675825
55.9,0.055212742359408706,0.6384510914836087
55.910000000000004,0.061621447419362235,0.643476446481269
55.92,0.06808227128903407,0.6488688015798887
55.93,0.07459882345095999,0.654615434400548
55.94,0.08117457997704502,0.660702356749234
55.95,0.08781287058594467,0.6671142555123237
55.96,0.09451686508729151,0.6738344292181757
55.97,0.1012895591703082,0.6808447204671069
55.980000000000004,0.10813375949663365,0.6881254444892094
55.99,0.11505206806009238,0.695655314156094
56.0,0.12204686577975553,0.7034113618494972
56.01,0.12912029529708233,0.7113688586774661
56.02,0.13627424295330487,0.7195012316282078
56.03,0.1435103199296465,0.7277799793631957
56.04,0.1508298425405688,0.7361745874752226
56.050000000000004,0.15823381167915096,0.7446524441739782
56.06,0.16572289142404836,0.7531787575114604
56.07,0.17329738682938017,0.7617164754217968
56.08,0.18095722093248431,0.7702262100242405
56.09,0.188701911029865,0.7786661678231107
56.1,0.19653054428894653,0.7869920876327255
56.11,0.20444175278251953,0.7951571882567056
56.120000000000005,0.21243368805408067,0.8031121281565584
56.13,0.22050399534565068,0.8108049795505262
56.14,0.22864978764509117,0.8181812195857875
56.15,0.23686761973736642,0.8251837414197891
56.160000000000004,0.24515346247348693,0.8317528882232893
56.17,0.2535026775018322,0.8378265132711146
56.18,0.26190999273890925,0.8433400694081022
56.19,0.2703694788899943,0.8482267312576074
56.2,0.27887452736406143,0.8524175535677259
56.21,0.2874178299613488,0.8558416690546148
56.22,0.2959913607451537,0.8584265289909289
56.230000000000004,0.3045863605411674,0.860098189588035
56.24,0.3131933245369144,0.8607816469209278
56.25,0.32180199347958593,0.8604012227327393
56.26,0.3304013489915692,0.8588810029205461
56.27,0.3389796135379969,0.8561453298366648
56.28,0.3475242555883025,0.8521193487330776
56.29,0.3560220005126584,0.846729607727618
56.300000000000004,0.36445884774285486,0.8399047095797614
56.31,0.3728200947042537,0.831576012337063
56.32,0.3810903679895962,0.8216783745620578
56.33,0.3892536621954949,0.8101509393920356
56.34,0.3972933867774369,0.7969379501460093
56.35,0.4051924211984151,0.7819895886074953
56.36,0.41293317854958683,0.7652628255192142
56.370000000000005,0.42049767770879937,0.7467222712746546
56.38,0.4278676239750799,0.7263410133364373
56.39,0.43502449797552806,0.7041014256127552
56.4,0.441949652487335,0.679995933944673
56.410000000000004,0.4486244166544215,0.6540277210638776
56.42,0.4550302069086125,0.6262113539362691
56.43,0.46114864373314685,0.5965733163705825
56.44,0.4669616732360241,0.5651524301939644
56.45,0.4724516923370261,0.5320001492172776
56.46,0.47760167622036964,0.49718071165591365
56.47,0.4823953065701444,0.4607711386427644
56.480000000000004,0.48681709899322495,0.4228610689535834
56.49,0.4908525279492161,0.38355242302357917
56.5,0.49448814745369657,0.34295889270685254
56.51,0.4977117058033531,0.30120525693382555
56.52,0.500512252592373,0.2584265273521672
56.53,0.5028802363503964,0.21476693207273706
56.54,0.5048075912338277,0.17037874965002325
56.550000000000004,0.5062878113433968,0.12542100926585936
56.56,0.5073160114191448,0.08005807661494614
56.57,0.5078889728756957,0.03445814807654394
56.58,0.5080051743806757,-0.011208321722187567
56.59,0.5076648064412519,-0.05677023199022716
56.6,0.5068697697408712,-0.10205745942866898
56.61,0.5056236572526785,-0.14690246505553015
56.620000000000005,0.5039317204397605,-0.19114185626892255
56.63,0.5018008201273001,-0.23461787747158416
56.64,0.4992393628903289,-0.27717980456265434
56.65,0.49625722403604705,-0.3186852212344892
56.660000000000004,0.4928656584656391,-0.35900115818829725
56.67,0.48907720087228107,-0.39800507997865764
56.68,0.4849055568660659,-0.4355857080775177
56.69,0.4803654867107307,-0.47164367277169295
56.7,0.47547268341063204,-0.5060919905344207
56.71,0.4702436469000423,-0.5388563674093186
56.72,0.46469555606244567,-0.5698753325958535
56.730000000000004,0.4588461402481252,-0.5991002097287044
56.74,0.4527135518678716,-0.6264949362198281
56.75,0.4463162415237287,-0.6520357434249355
56.76,0.43967283699937293,-0.6757107122719571
56.77,0.43280202727828954,-0.6975192203367152
56.78,0.4257224525926386,-0.7174712971796707
56.79,0.4184526013346961,-0.7355869050942957
56.800000000000004,0.41101071449075266,-0.7518951623039329
56.81,0.4034146980886174,-0.7664335251325705
56.82,0.3956820439881012,-0.7792469448259021
56.83,0.38782975919209933,-0.7903870135765163
56.84,0.3798743037165709,-0.7999111129761332
56.85,0.3718315369325767,-0.807881576641795
56.86,0.363716672183735,-0.8143648772011265
56.870000000000005,0.3555442393885541,-0.8194308462278728
56.88,0.3473280552591775,-0.8231519341397644
56.89,0.3390812007057588,-0.8256025155457247
56.9,0.33081600494826296,-0.826858244090222
56.910000000000004,0.32254403582395436,-0.8269954595133009
56.92,0.3142760957579969,-0.8260906484424786
56.93,0.3060222228551048,-0.8242199593677582
56.94,0.2977916965706418,-0.8214587713282273
56.95,0.28959304742854025,-0.8178813150579868
56.96,0.28143407026948203,-0.8135603446963796
56.97,0.2733218405346126,-0.8085668576554659
56.980000000000004,0.26526273311637266,-0.8029698598468811
56.99,0.25726244333767495,-0.7968361731895286
57.0,0.2493260096525821,-0.7902302821369638
57.01,0.24145783769493567,-0.783214215866401
57.02,0.23366172533525406,-0.7758474627476684
57.03,0.2259408884399823,-0.7681869137481941
57.04,0.21829798706029016,-0.76028683151798
57.050000000000004,0.21073515180962268,-0.7521988420260846
57.06,0.20325401021976847,-0.7439719457780011
57.07,0.19585571289406264,-0.7356525458230945
57.08,0.18854095930330655,-0.7272844899556484
57.09,0.18131002309494967,-0.7189091247158085
57.1,0.1741627768089904,-0.7105653590025132
57.11,0.16709871591489942,-0.7022897353150438
57.120000000000005,0.16011698210268951,-0.6941165068395887
57.13,0.15321638577810764,-0.6860777187894821
57.14,0.14639542772689987,-0.6782032925904763
57.15,0.13965231992629812,-0.6705211116740488
57.160000000000004,0.13298500549341888,-0.6630571078013595
57.17,0.1263911777702709,-0.6558353469874861
57.18,0.11986829855366914,-0.6488781142297628
57.19,0.11341361548567563,-0.6422059963654834
57.2,0.10702417862635948,-0.6358379624931889
57.21,0.10069685623581186,-0.6297914414886916
57.22,0.09442834979658564,-0.6240823962324669
57.230000000000004,0.08821520831116252,-0.6187253942397423
57.24,0.08205384191179078,-0.6137336744492371
57.25,0.07594053482217777,-0.6091192099818403
57.26,0.06987145771215399,-0.6048927667272926
57.27,0.06384267948763192,-0.6010639576559558
57.28,0.05785017855903487,-0.597641292784736
57.29,0.0518898536319372,-0.5946322247519197
57.300000000000004,0.04595753406399647,-0.5920431899757606
57.31,0.040048989832421986,-0.589879645386797
57.32,0.03415994115626053,-0.5881461007347033
57.33,0.028286067817727918,-0.5868461464775743
57.34,0.022423018226709043,-0.5859824772654709
57.35,0.016566418272418497,-0.5855569110313391
57.36,0.010711880006082258,-0.585570403701555
57.370000000000005,0.004855010198387397,-0.5860230595358163
57.38,-0.00100858118463407,-0.5869141371023462
57.39,-0.006883272543659527,-0.5882420508898423
57.4,-0.012773422202430915,-0.5900043685527198
57.410000000000004,-0.018683359914713923,-0.59219780378137
57.42,-0.024617378278058318,-0.5948182047848327
57.43,-0.03057972401041058,-0.5978605383698646
57.44,-0.03657458904545561,-0.6013188695983296
57.45,-0.04260610140237717,-0.6051863370045826
57.46,-0.04867831578554726,-0.6094551233565455
57.47,-0.05479520386950808,-0.6141164219489746
57.480000000000004,-0.06096064422452675,-0.6191603984255096
57.49,-0.06717841183801827,-0.6245761481380381
57.5,-0.07345216718728752,-0.6303516490682833
57.51,-0.07978544481938395,-0.636473710357948
57.52,-0.08618164139444648,-0.6429279165208658
57.53,-0.09264400314980127,-0.6496985674441231
57.54,-0.09917561274332895,-0.6567686143257004
57.550000000000004,-0.10577937543631528,-0.6641195917445921
57.56,-0.1124580045782208,-0.6717315461163211
57.57,-0.11921400635864171,-0.6795829608530133
57.58,-0.12604966379528107,-0.6876506786234475
57.59,-0.13296701993111065,-0.695909821195432
57.6,-0.1399678602191897,-0.7043337074410851
57.61,-0.14705369407993235,-0.712893770195641
57.620000000000005,-0.15422573562310252,-0.7215594727826247
57.63,-0.16148488353558482,-0.7302982261528668
57.64,-0.16883170014615984,-0.7390753077318132
57.65,-0.1762663896902211,-0.7478537832286258
57.660000000000004,-0.18378877581073236,-0.7565944328309883
57.67,-0.19139827834684087,-0.7652556833902439
57.68,-0.19909388947853726,-0.7737935483909005
57.69,-0.2068741493146589,-0.7821615776944562
57.7,-0.21473712103242637,-0.7903108192470846
57.71,-0.22268036569960056,-0.7981897951403661
57.72,-0.23070091693523367,-0.8057444946095105
57.730000000000004,-0.2387952555917908,-0.8129183867390449
57.74,-0.2469592846700146,-0.8196524558154152
57.75,-0.2551883047080991,-0.8258852624120392
57.76,-0.2634769899182554,-0.8315530334067152
57.77,-0.27181936537623347,-0.836589784204587
57.78,-0.2802087856023472,-0.8409274764618435
57.79,-0.28863791490547036,-0.8444962145649488
57.800000000000004,-0.2970987098936462,-0.847224484005821
57.81,-0.3055824045855868,-0.8490394345930604
57.82,-0.31407949858550743,-0.8498672111411807
57.83,-0.32257974880841045,-0.8496333338724086
57.84,-0.33107216526295563,-0.8482631302386474
57.85,-0.3395450114131834,-0.8456822192159702
57.86,-0.347985809647275,-0.8418170483342605
57.870000000000005,-0.35638135237986857,-0.8365954827772824
57.88,-0.3647177193028206,-0.8299474448244941
57.89,-0.3729803012763584,-0.8218056007111624
57.9,-0.38115383131704383,-0.812106090669279
57.910000000000004,-0.389222423089744,-0.8007892964963571
57.92,-0.397169617246971,-0.7878006395072389
57.93,-0.4049784358798888,-0.773091400187782
57.94,-0.41263144525072665,-0.7566195493282493
57.95,-0.42011082686645373,-0.7383505789150158
57.96,-0.4273984568290269,-0.7182583196547718
57.97,-0.43447599325954916,-0.6963257307537876
57.980000000000004,-0.44132497144410265,-0.6725456465374843
57.99,-0.44792690619029885,-0.646921463735186
58.0,-0.45426340071880633,-0.619467752832697
58.01,-0.46031626124695274,-0.5902107768679157
58.02,-0.46606761625616466,-0.5591889014608609
58.03,-0.47150003927616996,-0.5264528807667745
58.04,-0.4765966738715002,-0.49206600544231294
58.050000000000004,-0.48134135938501627,-0.4561041006255728
58.06,-0.48571875588401164,-0.4186553643361595
58.07,-0.48971446667173946,-0.3798200395653838
58.08,-0.4933151566753193,-0.3397099165904629
58.09,-0.4965086650035487,-0.2984476656301756
58.1,-0.4992841099879228,-0.2561660037629184
58.11,-0.501631985078807,-0.2130067039351555
58.120000000000005,-0.5035442440666259,-0.16911945777032802
58.13,-0.5050143742342136,-0.1246606076102228
58.14,-0.5060374562188303,-0.07979176664696211
58.15,-0.5066102095671529,-0.03467834900470788
58.160000000000004,-0.5067310231989246,0.010511965910802348
58.17,-0.5063999702489369,0.05561080865737074
58.18,-0.5056188070257772,0.10045070735227074
58.19,-0.5043909561018914,0.1448666600270478
58.2,-0.5027214738252362,0.18869766457361065
58.21,-0.5006170028104192,0.23178818029349962
58.22,-0.49808571021936615,0.27398949694871444
58.230000000000004,-0.4951372128714449,0.31516098972996154
58.24,-0.49178249042476696,0.35517124160679553
58.25,-0.488033788039309,0.39389901798566335
58.26,-0.4839045100650537,0.43123408234595345
58.27,-0.4794091063923899,0.46707784541493164
58.28,-0.47456295315675506,0.5013438443451417
58.29,-0.4693822295054871,0.5339580521449243
58.300000000000004,-0.46388379211385655,0.5648590211692399
58.31,-0.4580850490821023,0.593997867705948
58.32,-0.4520038347597376,0.6213381075140453
58.33,-0.44565828693182136,0.6468553545287766
58.34,-0.43906672766916205,0.6705368968098788
58.35,-0.4322475489956238,0.6923811651608932
58.36,-0.4252191043659442,0.7123971106966736
58.370000000000005,-0.41799960678169035,0.7306035080074171
58.38,-0.41060703420579586,0.7470282004995501
58.39,-0.40305904277169935,0.7617073040363145
58.4,-0.3953728881250696,0.7746843842111676
58.410000000000004,-0.387565355087476,0.7860096215265705
58.42,-0.3796526956945382,0.7957389774820465
58.43,-0.3716505755378351,0.8039333731597432
58.44,-0.3635740282313433,0.8106578903907353
58.45,-0.35543741773002036,0.8159810040433005
58.46,-0.3472544081504773,0.8199738524413338
58.47,-0.3390379406811937,0.8227095514357357
58.480000000000004,-0.3308002171217626,0.8242625562454859
58.49,-0.32255268955628397,0.8247080738823395
58.5,-0.3143060556441158,0.824121527790912
58.51,-0.30607025900046575,0.8225780752852623
58.52,-0.2978544941384106,0.8201521774492454
58.53,-0.28966721545148083,0.8169172203914293
58.54,-0.281516149730582,0.8129451861028202
58.550000000000004,-0.2734083117294244,0.8083063706504936
58.56,-0.2653500223175721,0.8030691470436176
58.57,-0.2573469287885521,0.7972997698198039
58.58,-0.24940402692117603,0.7910622182077597
58.59,-0.24152568442439687,0.7844180746149318
58.6,-0.23371566542887737,0.7774264351542961
58.61,-0.22597715572131094,0.7701438489510908
58.620000000000005,-0.21831278844985555,0.7626242830471367
58.63,-0.2107246700603682,0.754919109837276
58.64,-0.20321440625311005,0.7470771141201592
58.65,-0.19578312777796503,0.7391445170158741
58.660000000000004,-0.18843151591279256,0.7311650141885123
58.67,-0.1811598274941948,0.72317982600651
58.68,-0.17396791939266237,0.7152277574722072
58.69,-0.16685527234475067,0.7073452659502069
58.7,-0.15982101407365826,0.6995665349182518
58.71,-0.15286394164638561,0.6919235521517123
58.72,-0.14598254303062397,0.6844461909312575
58.730000000000004,-0.13917501782776046,0.6771622930313543
58.74,-0.1324392971699969,0.6700977524038371
58.75,-0.12577306277968373,0.6632765986153147
58.76,-0.11917376519769061,0.6567210792293349
58.77,-0.11263864119509703,0.6504517404440175
58.78,-0.10616473038881026,0.6444875054035365
58.79,-0.09974889108702631,0.6388457496977538
58.800000000000004,-0.09338781539485519,0.6335423736490492
58.81,-0.08707804361404532,0.6285918710595415
58.82,-0.08081597797366435,0.6240073941561769
58.83,-0.07459789573092178,0.6198008145262779
58.84,-0.0684199616831388,0.6159827798828483
58.85,-0.062278240133264814,0.6125627665379673
58.86,-0.05616870635237945,0.6095491274947071
58.870000000000005,-0.05008725758337067,0.606949136093894
58.88,-0.04402972363050157,0.6047690251723801
58.89,-0.03799187707992306,0.6030140217049852
58.9,-0.03196944319640186,0.6016883769135069
58.910000000000004,-0.025958109541652924,0.6007953918337983
58.92,-0.019953535359725896,0.600337438336444
58.93,-0.013951360774924046,0.6003159755985581
58.94,-0.007947215847754735,0.6007315620242102
58.95,-0.0019367295344398427,0.6015838626094465
58.96,0.004084461404434195,0.6028716517452997
58.97,0.010120703500466151,0.6045928114490421
58.980000000000004,0.016176317633415038,0.606744325010696
58.99,0.022255590000680073,0.6093222660389325
59.0,0.02836276295419369,0.612321782888451
59.01,0.03450202565844909,0.6157370784501893
59.02,0.04067750452319748,0.6195613852867837
59.03,0.04689325336418477,0.6237869360990811
59.04,0.0531532432451791,0.6284049295157422
59.050000000000004,0.05946135195449962,0.6334054912076269
59.06,0.06582135306933165,0.6387776303423109
59.07,0.07223690456134584,0.6445091914123885
59.08,0.07871153689757941,0.6505868014948069
59.09,0.08524864059124197,0.6569958130280616
59.1,0.09185145315814065,0.6637202422303768
59.11,0.09852304543584951,0.6707427033257424
59.120000000000005,0.10526630722465549,0.6780443387966547
59.13,0.1120839322117826,0.6856047459433686
59.14,0.11897840214352287,0.6934019001001962
59.15,0.12595197021378654,0.7014120749406131
59.160000000000004,0.13300664364233514,0.7096097603953497
59.17,0.14014416542169353,0.7179675788118745
59.18,0.1473659952185726,0.7264562001002233
59.19,0.15467328942369798,0.7350442567393476
59.2,0.16206688035335956,0.7436982596602001
59.21,0.16954725461690198,0.7523825161765565
59.22,0.17711453067689067,0.7610590513016694
59.230000000000004,0.18476843564293535,0.7696875339674604
59.24,0.1925082813562399,0.7782252098518178
59.25,0.20033293983997175,0.7866268427168743
59.26,0.2082408182105774,0.794844666364435
59.27,0.21622983316726047,0.8028283495208547
59.28,0.22429738520099451,0.8105249761686493
59.29,0.23244033269063347,0.8178790440410882
59.300000000000004,0.2406549660818163,0.8248324841831306
59.31,0.24893698237429607,0.8313247046504652
59.32,0.2572814601748256,0.8372926615601912
59.33,0.26568283560549993,0.8426709608128514
59.34,0.27413487939108266,0.8473919938661182
59.35,0.28263067548282234,0.8513861109445372
59.36,0.2911626016099734,0.8545818350056709
59.370000000000005,0.2997223121829357,0.8569061196385523
59.38,0.30830072400274444,0.8582846538331381
59.39,0.3168880052595984,0.8586422162171929
59.4,0.32547356832708824,0.8579030808981979
59.410000000000004,0.3340460668775624,0.8559914764621925
59.42,0.3425933978563321,0.8528320989606596
59.43,0.3511027088567755,0.8483506788551406
59.44,0.35956041143343487,0.8424746008853214
59.45,0.367952200874482,0.8351335746824441
59.46,0.3762630829270838,0.8262603526740245
59.47,0.38447740792796253,0.8157914904321142
59.480000000000004,0.39257891273572615,0.803668143126735
59.49,0.4005507707904973,0.7898368901870564
59.5,0.4083756505394673,0.7742505786814541
59.51,0.4160357823641263,0.7568691743474644
59.52,0.42351303402641655,0.7376606076846566
59.53,0.4307889945178195,0.7166016011245899
59.54,0.4378450660489084,0.6936784620740669
59.550000000000004,0.4446625637593008,0.6688878256553711
59.56,0.4512228225620158,0.6422373303049015
59.57,0.4575073103653988,0.6137462091017288
59.58,0.46349774674405037,0.5834457798362691
59.59,0.4691762259621242,0.5513798174431445
59.6,0.4745253430929132,0.5176047935449689
59.61,0.4795283218330236,0.4821899695023928
59.620000000000005,0.4841691424829611,0.44521733153804927
59.63,0.4884326684637846,0.4067813591742449
59.64,0.49230476966644604,0.3669886213496242
59.65,0.4957724408907771,0.32595719808886814
59.660000000000004,0.49882391362822337,0.2838159294001412
59.67,0.5014487594787799,0.2407034970564864
59.68,0.5036379835693531,0.1967673489531969
59.69,0.5053841064578438,0.15216247968644114
59.7,0.506681233163082,0.10705008472779853
59.71,0.5075251081523999,0.06159610893593301
59.72,0.5079131553418007,0.015969713020750773
59.730000000000004,0.5078445024128149,-0.02965831615649562
59.74,0.5073199890186707,-0.07511718399294313
59.75,0.506342158732956,-0.12023770700021869
59.76,0.5049152348786663,-0.16485390382896095
59.77,0.5030450806563767,-0.208804530964744
59.78,0.5007391442593713,-0.25193453714255976
59.79,0.49800638991352536,-0.2940964127713842
59.800000000000004,0.49485721600394356,-0.33515141351446087
59.81,0.4913033616432361,-0.37497064052193774
59.82,0.4873578031935048,-0.41343596353122436
59.83,0.4830346423726117,-0.45044077699817586
59.84,0.47834898765354134,-0.4858905834576401
59.85,0.4733168307034589,-0.5197034022978483
59.86,0.46795491960758434,-0.5518100059426293
59.870000000000005,0.46228063058460633,-0.5821539889568622
59.88,0.45631183982844714,-0.6106916787315871
59.89,0.4500667970099746,-0.6373918990952072
59.9,0.443564001846543,-0.6622356003886906
59.910000000000004,0.4368220850022008,-0.6852153712109931
59.92,0.42985969442232314,-0.7063348481830867
59.93,0.42269538803853907,-0.7256080407114869
59.94,0.4153475336080934,-0.7430585878880488
59.95,0.40783421628077804,-0.7587189643882811
59.96,0.40017315432032774,-0.7726296515813752
59.97,0.39238162324915055,-0.784838289103539
59.980000000000004,0.38447638853825694,-0.7953988209368167
59.99,0.3764736468304142,-0.8043706486429386
60.0,0.3683889755653982,-0.8118178028877752
60.01,0.3602372907726587,-0.8178081428138508
60.02,0.3520328127091212,-0.8224125912271699
60.03,0.34378903894811536,-0.8257044120042518
60.04,0.3355187244690362,-0.8277585346321277
60.050000000000004,0.3272338682554728,-0.8286509293967829
60.06,0.3189457058811005,-0.828458035455414
60.07,0.3106647075463645,-0.827256242879253
60.08,0.3024005810235154,-0.8251214287447592
60.09,0.2941622789714693,-0.8221285464844464
60.1,0.2859580100938265,-0.8183512669827604
60.11,0.2777952536318141,-0.8138616693118497
60.120000000000005,0.26968077670758955,-0.8087299785386028
60.13,0.26162065406104207,-0.8030243476877578
60.14,0.2536202897538344,-0.7968106807047171
60.15,0.2456844404469477,-0.7901524931137053
60.160000000000004,0.23781723989156026,-0.7831108069996547
60.17,0.23002222430695463,-0.7757440769434992
60.18,0.2223023583526903,-0.7681081435986953
60.19,0.21466006143498073,-0.7602562117008448
60.2,0.20709723411867342,-0.7522388494422454
60.21,0.19961528444613583,-0.7441040063100478
60.22,0.19221515399247247,-0.7358970466724992
60.230000000000004,0.18489734351268586,-0.7276607965956071
60.24,0.17766193806056033,-0.7194356015766044
60.25,0.17050863148115378,-0.7112593930859391
60.26,0.16343675019884155,-0.7031677620121392
60.27,0.156445276240911,-0.695194037300631
60.28,0.14953286945282895,-0.6873693682659645
60.29,0.14269788887559173,-0.6797228092350704
60.300000000000004,0.13593841326812756,-0.6722814053458912
60.31,0.1292522607686739,-0.6650702784801537
60.32,0.12263700769852448,-0.6581127124507835
60.33,0.11609000651965824,-0.6514302366933785
60.34,0.1096084029646569,-0.6450427078274235
60.35,0.10318915236310977,-0.6389683885568855
60.36,0.0968290351935192,-0.6332240234719916
60.370000000000005,0.09052467189366994,-0.6278249113949569
60.38,0.08427253696562007,-0.6227849739829128
60.39,0.0780689724140117,-0.6181168203620068
60.4,0.07191020055837995,-0.6138318076183767
60.410000000000004,0.06579233626164417,-0.6099400970152142
60.42,0.05971139861807566,-0.6064507058411858
60.43,0.053663322144820454,-0.6033715548248226
60.44,0.047643967521579206,-0.600709511072836
60.45,0.04164913192336373,-0.598470426508352
60.46,0.03567455899141216,-0.5966591717984497
60.47,0.029715948487394735,-0.5952796657697386
60.480000000000004,0.02376896567601739,-0.5943349003166205
60.49,0.017829250481062327,-0.5938269608098986
60.5,0.01189242645981942,-0.5937570420140479
60.51,0.005954109640781366,-0.594125459520256
60.52,9.917269414299477e-06,-0.5949316566997442
60.53,-0.005944523493213519,-0.5961742071783726
60.54,-0.011913566874153151,-0.5978508128295493
60.550000000000004,-0.017901539749804508,-0.5999582972784736
60.56,-0.023912732819722622,-0.6024925949071556
60.57,-0.02995139164794762,-0.6054487353469689
60.58,-0.036021707526662006,-0.6088208234441164
60.59,-0.04212780811682995,-0.6126020146838275
60.6,-0.04827374782033855,-0.6167844860618401
60.61,-0.05446349783806675,-0.6213594023972617
60.620000000000005,-0.06070093586828379,-0.6263168780897994
60.63,-0.06698983539986274,-0.6316459343371595
60.64,-0.07333385455502697,-0.6373344518457579
60.65,-0.0797365244367779,-0.6433691190903702
60.660000000000004,-0.08620123693683439,-0.6497353762066664
60.67,-0.09273123196091122,-0.6564173546353972
60.68,-0.09932958402954233,-0.6633978126790645
60.69,-0.10599918821449252,-0.6706580671819368
60.7,-0.11274274537318106,-0.6781779216030138
60.71,-0.1195627466465528,-0.6859355908197463
60.72,-0.126461457189576,-0.6939076230786844
60.730000000000004,-0.13344089910812648,-0.7020688195984377
60.74,-0.14050283358154472,-0.7103921524309789
60.75,-0.14764874215674606,-0.7188486812999103
60.76,-0.15487980720754296,-0.7274074702591885
60.77,-0.16219689156192985,-0.7360355051531211
60.78,-0.16960051731060538,-0.744697613008152
60.79,-0.17709084382209286,-0.753356384648636
60.800000000000004,-0.1846676450035781,-0.761972102001739
60.81,-0.19233028586212766,-0.7705026717395804
60.82,-0.20007769843836973,-0.7789035670980676
60.83,-0.20790835720408904,-0.7871277799092269
60.84,-0.21582025403655428,-0.7951257850842125
60.85,-0.22381087290577328,-0.8028455199837997
60.86,-0.23187716443623027,-0.8102323813073969
60.870000000000005,-0.2400155205319212,-0.8172292423148889
60.88,-0.24822174928252802,-0.823776493361401
60.89,-0.2564910503991492,-0.8298121088657985
60.9,-0.26481799145984397,-0.8352717439408167
60.910000000000004,-0.27319648527796553,-0.8400888639766002
60.92,-0.281619768739376,-0.8441949104796399
60.93,-0.2900803834875583,-0.8475195064144261
60.94,-0.29857015886766447,-0.8499907041638053
60.95,-0.30708019757083443,-0.8515352790040435
60.96,-0.3156008644477454,-0.8520790706700686
60.97,-0.32412177898423583,-0.8515473751540187
60.980000000000004,-0.3326318119508258,-0.8498653883259594
60.99,-0.3411190867507551,-0.8469587022811804
61.0,-0.3495709859964494,-0.8427538544981452
61.01,-0.357974163840718,-0.8371789289326194
61.02,-0.36631456457510186,-0.8301642070786488
61.03,-0.374577447982291,-0.8216428658028491
61.04,-0.38274742189115885,-0.8115517174177218
61.050000000000004,-0.39080848233064547,-0.7998319860218027
61.06,-0.3987440616115949,-0.7864301126258225
61.07,-0.40653708458316196,-0.7712985800385661
61.08,-0.4141700332123663,-0.7543967469449377
61.09,-0.42162501952206066,-0.7356916791200626
61.1,-0.42888386679476753,-0.7151589643413806
61.11,-0.4359281988088883,-0.6927834963447637
61.120000000000005,-0.4427395367216628,-0.6685602121828408
61.13,-0.44929940305254507,-0.6424947666467752
61.14,-0.45558943205459823,-0.6146041270674293
61.15,-0.4615914855938937,-0.5849170718736757
61.160000000000004,-0.4672877734920718,-0.5534745768014641
61.17,-0.472660977129923,-0.5203300736520018
61.18,-0.47769437496511186,-0.4855495680105913
61.19,-0.4823719684901348,-0.4492116043606071
61.2,-0.48667860705232396,-0.41140706954059925
61.21,-0.49060010988094677,-0.37223882845546163
61.22,-0.4941233836214332,-0.3318211893016004
61.230000000000004,-0.4972365336669788,-0.2902791992162798
61.24,-0.4999289676057588,-0.24774777510875756
61.25,-0.5021914891691539,-0.2043706783556577
61.26,-0.504016381172872,-0.16029934591436862
61.27,-0.5053974760874413,-0.11569159408979225
61.28,-0.5063302130546679,-0.07071021454613058
61.29,-0.506811680378364,-0.025521485058831457
61.300000000000004,-0.5068406427558445,0.019706380161216848
61.31,-0.5064175527751397,0.06480481406193433
61.32,-0.5055445464746058,0.10960648680389955
61.33,-0.5042254230390616,0.1539468746319212
61.34,-0.5024656089819673,0.197665780513421
61.35,-0.5002721074287931,0.24060878083348505
61.36,-0.4976534333652976,0.28262857447243667
61.370000000000005,-0.49461953593934443,0.32358621324112463
61.38,-0.49118170910047515,0.36335219580712186
61.39,-0.487352492023202,0.4018074107898561
61.4,-0.483145560884678,0.4388439185017351
61.410000000000004,-0.4785756136531673,0.47436556472890457
61.42,-0.4736582495900999,0.5082884238451925
61.43,-0.46840984517626344,0.5405410723103732
61.44,-0.4628474281438924,0.5710646971071506
61.45,-0.4569885512341204,0.5998130468259812
61.46,-0.4508511672073728,0.6267522358393557
61.47,-0.4444535065173333,0.6518604142657699
61.480000000000004,-0.4378139589220574,0.6751273181789289
61.49,-0.43095096015375467,0.6965537157616069
61.5,-0.4238828846068252,0.7161507658473067
61.51,-0.41662794483680854,0.7339393055644379
61.52,-0.4092040984955364,0.7499490836387919
61.53,-0.4016289631640327,0.7642179553725131
61.54,-0.39391973938808617,0.7767910544601702
61.550000000000004,-0.3860931420748293,0.7877199556871466
61.56,-0.3781653402743433,0.7970618412451315
61.57,-0.3701519052499267,0.8048786819548132
61.58,-0.36206776663524703,0.8112364431637271
61.59,-0.35392717638665216,0.8162043235387719
61.6,-0.3457436801644716,0.8198540334427462
61.61,-0.33753009571779724,0.8222591181096904
61.620000000000005,-0.32929849780227777,0.823494329444759
61.63,-0.32106020912890204,0.8236350489934513
61.64,-0.3128257968224088,0.8227567634681268
61.65,-0.3046050738595396,0.8209345931964416
61.660000000000004,-0.29640710495848,0.8182428729708549
61.67,-0.2882402164001225,0.8147547840302262
61.68,-0.2801120092778755,0.8105420352895585
61.690000000000005,-0.27202937569433133,0.805674591444976
61.7,-0.26399851744897596,0.8002204452087472
61.71,-0.25602496679015635,0.7942454306627794
61.72,-0.24811360883572034,0.7878130745468579
61.730000000000004,-0.24026870529921918,0.7809844822079933
61.74,-0.23249391919156046,0.77381825491765
61.75,-0.2247923402008662,0.7663704353028633
61.76,-0.2171665104855032,0.7586944777244652
61.77,-0.2096184506463769,0.7508412405608366
61.78,-0.20214968567428648,0.7428589975097419
61.79,-0.19476127069618204,0.7347934651958389
61.800000000000004,-0.1874538163703697,0.7266878445603772
61.81,-0.1802275138049745,0.7185828737063944
61.82,-0.17308215889624182,0.7105168900723248
61.83,-0.16601717600352803,0.7025259000051899
61.84,-0.15903164089613803,0.6946436539980829
61.85,-0.15212430292356635,0.6869017260428677
61.86,-0.14529360637528063,0.6793295957259136
61.870000000000005,-0.13853771100904805,0.6719547318608475
61.88,-0.13185451173806367,0.6648026766067916
61.89,-0.12524165747691224,0.6578971291628263
61.9,-0.11869656915480717,0.6512600282592651
61.910000000000004,-0.11221645691172694,0.6449116327838048
61.92,-0.10579833649913106,0.6388705999860045
61.93,-0.09943904491200684,0.6331540607972784
61.940000000000005,-0.09313525528318549,0.6277776918862206
61.95,-0.08688349107428242,0.6227557841412531
61.96,-0.08068013960036043,0.6181013073350194
61.97,-0.07452146492758203,0.6138259707783407
61.980000000000004,-0.06840362018479361,0.6099402798166782
61.99,-0.06232265933124847,0.6064535880596372
62.0,-0.05627454842360087,0.6033741452648306
62.01,-0.05025517642595186,0.6007091408221118
62.02,-0.04426036560715864,0.5984647428034544
62.03,-0.038285881569882774,0.596646132558256
62.04,-0.03232744295599352,0.5952575348441956
62.050000000000004,-0.026380730872998862,0.5943022434905498
62.06,-0.02044139808618252,0.5937826425946402
62.07,-0.014505078021106056,0.5937002232533614
62.08,-0.008567393621115289,0.5940555958310287
62.09,-0.00262396610448548,0.5948484977625674
62.1,0.00332957633413606,0.596077796887804
62.11,0.009297589833270602,0.5977414903087737
62.120000000000005,0.015284406140311534,0.5998366987579594
62.13,0.02129432380842979,0.6023596564616864
62.14,0.02733159926954526,0.6053056964799483
62.15,0.033400437738028754,0.608669231502205
62.160000000000004,0.039504983899589355,0.6124437300786273
62.17,0.045649312339601296,0.6166216882683689
62.18,0.05183741766495674,0.6211945966912351
62.190000000000005,0.05807320427342601,0.6261529029771221
62.2,0.06436047572449918,0.6314859696193968
62.21,0.07070292366581395,0.6371820272545788
62.22,0.07710411626959077,0.643228123411905
62.230000000000004,0.08356748613405206,0.6496100668032716
62.24,0.09009631760565621,0.6563123672573661
62.25,0.09669373347919938,0.6633181714422478
62.26,0.10336268103450116,0.6706091945689551
62.27,0.11010591737057848,0.678165648325684
62.28,0.11692599400101485,0.6859661653584539
62.29,0.12382524067774756,0.6939877206906944
62.300000000000004,0.13080574841482873,0.7022055505615782
62.31,0.1378693516889791,0.7105930692618088
62.32,0.14501760980006487,0.7191217846565339
62.33,0.15225178738210976,0.727761213208489
62.34,0.15957283406423464,0.7364787954506343
62.35,0.16698136329112245,0.7452398130064516
62.36,0.17447763032436367,0.7540073084174304
62.370000000000005,0.18206150945947105,0.7627420092104803
62.38,0.18973247050857328,0.7714022578219887
62.39,0.1974895546159108,0.7799439491884524
62.4,0.2053313494923423,0.7883204780138819
62.410000000000004,0.21325596417618845,0.7964826979286711
62.42,0.22126100345091573,0.804378894959748
62.43,0.2293435420753834,0.8119547779331049
62.440000000000005,0.23750009900957783,0.8191534886218613
62.45,0.24572661184782063,0.8259156346294556
62.46,0.25401841170216694,0.8321793481509688
62.47,0.26237019881084,0.8378803738774743
62.480000000000004,0.27077601917971644,0.8429521893891704
62.49,0.2792292425986234,0.8473261614124236
62.5,0.2877225424079649,0.8509317412824144
62.51,0.29624787742427167,0.8536967028449005
62.52,0.3047964764648629,0.855547425835378
62.53,0.31335882594097925,0.8564092274793439
62.54,0.3219246610144498,0.8562067446515781
62.550000000000004,0.3304829608340108,0.8548643684045655
62.56,0.33902194838254107,0.8523067320171896
62.57,0.34752909547435457,0.8484592529179176
62.58,0.3559911334408994,0.8432487278983161
62.59,0.3643940700323209,0.8366039799534606
62.6,0.3727232130399686,0.8284565538711205
62.61,0.3809632011097433,0.8187414563528491
62.620000000000005,0.3890980421670256,0.8073979350051371
62.63,0.39711115980984607,0.7943702890126347
62.64,0.4049854479472783,0.7796087027306949
62.65,0.41270333386445995,0.7630700918513298
62.660000000000004,0.42024684978430493,0.7447189502526664
62.67,0.4275977128695133,0.7245281841913006
62.68,0.43473741346813094,0.7024799191991471
62.690000000000005,0.4416473112534962,0.6785662639647217
62.7,0.44830873874742533,0.6527900146779133
62.71,0.45470311154705445,0.6251652828605399
62.72,0.4608120444046361,0.595718029651177
62.730000000000004,0.466617472140078,0.5644864899128343
62.74,0.4721017742028928,0.5315214704255085
62.75,0.4772479015485882,0.4968865078370241
62.76,0.48203950435963333,0.4606578739813868
62.77,0.48646105902821596,0.4229244186200417
62.78,0.49049799273203415,0.3837872425815546
62.79,0.49413680387984704,0.34335919760993805
62.800000000000004,0.4973651766842329,0.3017642128993395
62.81,0.5001720881378339,0.25913645219080084
62.82,0.502547905728049,0.2156193093157332
62.83,0.5044844743241484,0.17136425405837197
62.84,0.5059751908092163,0.12652954403641947
62.85,0.5070150652048768,0.08127882182533608
62.86,0.507600767245723,0.03577961964347253
62.870000000000005,0.5077306575977463,-0.009798203548311284
62.88,0.5074048031747569,-0.055284065799001705
62.89,0.5066249762817664,-0.10050827889116185
62.9,0.5053946375969337,-0.14530364978823623
62.910000000000004,0.5037189032860017,-0.1895070389854163
62.92,0.5016044968172254,-0.23296084914921364
62.93,0.4990596863030174,-0.2755144193640506
62.940000000000005,0.4960942084299444,-0.3170253028869952
62.95,0.4927191802452775,-0.3573604094412699
62.96,0.488947000241119,-0.39639699663336236
62.97,0.4847912403126102,-0.43402349892292846
62.980000000000004,0.48026653026266036,-0.4701401865689966
62.99,0.47538843658123026,-0.5046596509812409
63.0,0.4701733372430355,-0.5375071167898112
63.01,0.464638294245434,-0.5686205845930221
63.02,0.4588009255511751,-0.5979508116482889
63.03,0.4526792780124682,-0.6254611406579272
63.04,0.4462917027380165,-0.6511271892101863
63.050000000000004,0.43965673422826446,-0.674936414332497
63.06,0.43279297445136655,-0.6968875679859523
63.07,0.42571898286854537,-0.7169900601854711
63.08,0.41845317324765713,-0.7352632467947287
63.09,0.41101371793265085,-0.7517356589592414
63.1,0.4034184600684723,-0.7664441906565993
63.11,0.3956848341195189,-0.7794332600190631
63.120000000000005,0.38782979486809105,-0.7907539589840834
63.13,0.37986975493983716,-0.8004632045173861
63.14,0.3718205307777433,-0.80862290319413
63.15,0.3636972968759546,-0.8152991393754717
63.160000000000004,0.3555145479902339,-0.8205613956343609
63.17,0.3472860689632674,-0.8244818125125424
63.18,0.3390249117399831,-0.8271344931701702
63.190000000000005,0.330743379099864,-0.8285948570521371
63.2,0.3224530145989403,-0.8289390453656513
63.21,0.314164598192551,-0.8282433799590947
63.22,0.30588814699975847,-0.8265838761236124
63.230000000000004,0.2976329206700788,-0.8240358089113136
63.24,0.28940743082153225,-0.8206733317776265
63.25,0.2812194540345263,-0.8165691457064375
63.26,0.27307604790740353,-0.8117942164582039
63.27,0.26498356970536224,-0.8064175371839469
63.28,0.2569476971637246,-0.8005059333609886
63.29,0.24897345103814247,-0.7941239068176067
63.300000000000004,0.24106521902737246,-0.7873335155111143
63.31,0.23322678072792016,-0.7801942856949626
63.32,0.22546133331347318,-0.772763153143405
63.33,0.21777151766505204,-0.7650944301858109
63.34,0.21015944470975695,-0.757239795426477
63.35,0.20262672175652252,-0.7492483031803336
63.36,0.1951744786461503,-0.7411664098318815
63.370000000000005,0.1878033935598849,-0.7330380145166895
63.38,0.1805137183558165,-0.7249045117255261
63.39,0.17330530332537436,-0.7168048536353878
63.4,0.16617762128310873,-0.7087756201749252
63.410000000000004,0.15912979092187585,-0.7008510950305264
63.42,0.1521605993824982,-0.6930633459908172
63.43,0.1452685240020595,-0.6854423082094782
63.440000000000005,0.13845175321830866,-0.6780158691375396
63.45,0.1317082066193087,-0.6708099540356869
63.46,0.1250355541375949,-0.6638486111239938
63.47,0.11843123439682883,-0.6571540955606631
63.480000000000004,0.11189247222638164,-0.6507469515628109
63.49,0.10541629536557261,-0.6446460920913792
63.5,0.09899955038455406,-0.6388688756192993
63.51,0.09263891785318663,-0.6334311795876517
63.52,0.08633092679280104,-0.6283474702294142
63.53,0.08007196844859836,-0.6236308685051809
63.54,0.07385830942269743,-0.6192932119507351
63.550000000000004,0.06768610420958367,-0.615345112283309
63.56,0.06155140717703125,-0.6117960086525603
63.57,0.055450184036532464,-0.6086542164544687
63.58,0.04937832284794188,-0.6059269716522482
63.59,0.0433316446034875,-0.6036204705686795
63.6,0.037305913436568285,-0.6017399051296676
63.61,0.03129684650089414,-0.6002894935499574
63.620000000000005,0.025300123565569134,-0.5992725064594037
63.63,0.019311396371706067,-0.5986912884725556
63.64,0.01332629779611802,-0.5985472752061449
63.65,0.007340450867583166,-0.5988410057488566
63.660000000000004,0.0013494776811408885,-0.5995721305860227
63.67,-0.004650991744137287,-0.6007394149790966
63.68,-0.010665310618441042,-0.6023407377963945
63.690000000000005,-0.01669780650006518,-0.6043730857881019
63.7,-0.022752772334203083,-0.6068325432953883
63.71,-0.028834457365972947,-0.6097142773811277
63.72,-0.034947057881825644,-0.6130125183686375
63.730000000000004,-0.0410947077333457,-0.616720535775522
63.74,-0.047281468597336083,-0.620830609632642
63.75,-0.05351131992599854,-0.6253339971839377
63.76,-0.05978814854101484,-0.6302208949718792
63.77,-0.06611573782543613,-0.6354803963262684
63.78,-0.07249775646754021,-0.6411004442915893
63.79,-0.07893774671126792,-0.6470677800507385
63.800000000000004,-0.08543911206855499,-0.653367886931439
63.81,-0.09200510444989671,-0.6599849301166418
63.82,-0.09863881067088782,-0.6669016922224978
63.83,-0.10534313829434666,-0.6740995049577546
63.84,-0.11212080077004292,-0.681558177137473
63.85,-0.11897430183709612,-0.6892559193925006
63.86,-0.12590591915789293,-0.6971692659949098
63.870000000000005,-0.1329176871569943,-0.705272994309282
63.88,-0.1400113790440786,-0.713540042480905
63.89,-0.14718848800661244,-0.7219414260851409
63.9,-0.1544502075657814,-0.7304461545877833
63.910000000000004,-0.1617974110983681,-0.7390211486042965
63.92,-0.16923063053786733,-0.7476311590963667
63.93,-0.17675003428029543,-0.7562386898067841
63.940000000000005,-0.18435540433400302,-0.7648039244075766
63.95,-0.19204611276844696,-0.773284660020321
63.96,-0.19982109753440944,-0.7816362489599513
63.97,-0.207678837747646,-0.7898115507518142
63.980000000000004,-0.21561732854944574,-0.7977608966731745
63.99,-0.2236340556811095,-0.8054320692710266
64.0,-0.23172596993486627,-0.8127702995032478
64.01,-0.23988946167117445,-0.8197182843342351
64.02,-0.24812033562155095,-0.8262162277825886
64.03,-0.2564137862268262,-0.8322019085595296
64.04,-0.2647643737927416,-0.8376107775439157
64.05,-0.27316600177770456,-0.8423760884032978
64.06,-0.2816118955608075,-0.8464290646799106
64.07000000000001,-0.29009458307130276,-0.8496991066044877
64.08,-0.2986058776928973,-0.8521140407675093
64.09,-0.30713686388665296,-0.8536004155548197
64.1,-0.31567788600399366,-0.854083844930539
64.11,-0.3242185407852637,-0.8534894027135119
64.12,-0.3327476740582639,-0.8517420689340275
64.13,-0.34125338216394424,-0.84876722916692
64.14,-0.34972301864160227,-0.8444912269097462
64.15,-0.3581432067021391,-0.8388419681082387
64.16,-0.366499858003767,-0.8317495758276755
64.17,-0.37477819821869257,-0.8231470918352702
64.18,-0.3829627998404723,-0.8129712205082108
64.19,-0.3910376226288568,-0.8011631090341872
64.2,-0.3989860620211561,-0.7876691563529419
64.21000000000001,-0.40679100575591565,-0.7724418417327579
64.22,-0.41443489885581125,-0.7554405623265127
64.23,-0.4218998170024459,-0.7366324675566155
64.24,-0.4291675482069436,-0.7159932767916045
64.25,-0.436219682538278,-0.6935080655590571
64.26,-0.4430377095181247,-0.6691720045523494
64.27,-0.44960312262932495,-0.6429910349959304
64.28,-0.45589753021804336,-0.6149824635961925
64.29,-0.46190277190124884,-0.5851754603784284
64.3,-0.46760103942561193,-0.5536114432417067
64.31,-0.472975000766083,-0.520344334087514
64.32000000000001,-0.47800792610736226,-0.48544067291390847
64.33,-0.4826838142243612,-0.44897957831550434
64.34,-0.4869875176736723,-0.4110525453709224
64.35,-0.4909048651317796,-0.3717630748913645
64.36,-0.49442277917149957,-0.3312261313822241
64.37,-0.49752938775942407,-0.2895674307481305
64.38,-0.5002141277864622,-0.24692256264525902
64.39,-0.5024678390123293,-0.2034359563320876
64.4,-0.504282846913104,-0.15925970275900392
64.41,-0.5056530330675094,-0.11455224933096174
64.42,-0.5065738918997232,-0.0694769871396058
64.43,-0.5070425728103015,-0.02420075336368492
64.44,-0.507057906966997,0.02110772613456143
64.45,-0.5066204182876104,0.06627942732714663
64.46000000000001,-0.5057323184204542,0.11114662403418445
64.47,-0.5043974858069268,0.15554446165975336
64.48,-0.5026214291872592,0.1993124814981098
64.49,-0.5004112361769646,0.24229606983395674
64.5,-0.49777550779058,0.28434780813278193
64.51,-0.4947242800143089,0.3253287033031287
64.52,-0.49126893372451735,0.36510928020589173
64.53,-0.487422094410191,0.4035705221631356
64.54,-0.4831975232812546,0.44060464904671687
64.55,-0.4786100014292567,0.4761157264675292
64.56,-0.47367520875190405,0.5100201035046089
64.57000000000001,-0.46840959935916454,0.5422466801835829
64.58,-0.4628302751482324,0.5727370094239486
64.59,-0.45695485917068557,0.6014452413303986
64.6,-0.45080137032162443,0.6283379204315879
64.61,-0.4443881007620538,0.6533936487193561
64.62,-0.4377334973472373,0.676602629083808
64.63,-0.4308560481803777,0.6979661049675487
64.64,-0.42377417524788635,0.7174957127879448
64.65,-0.41650613392461877,0.7352127639284106
64.66,-0.40906991996931813,0.7511474729209093
64.67,-0.40148318446620057,0.765338147884669
64.68,-0.39376315701162473,0.7778303584098742
64.69,-0.38592657729800306,0.7886760949424824
64.7,-0.37798963511277506,0.7979329324004977
64.71000000000001,-0.3699679186499931,0.805663209294053
64.72,-0.361876370926894,0.8119332320884256
64.73,-0.3537292540082246,0.8168125129918672
64.74,-0.34554012066705664,0.8203730478133505
64.75,-0.3373217930519576,0.8226886390562391
64.76,-0.3290863478859319,0.82383426802219
64.77,-0.3208451076915138,0.8238855184177396
64.78,-0.3126086375175771,0.8229180527996047
64.79,-0.30438674663552173,0.8210071421730999
64.8,-0.2961884946741151,0.8182272481752059
64.81,-0.2880222016720176,0.8146516565290253
64.82000000000001,-0.2798954615435346,0.8103521598452184
64.83,-0.2718151584751132,0.8053987873611945
64.84,-0.26378748579631073,0.7998595788408482
64.85,-0.2558179668982963,0.793800399595536
64.86,-0.2479114778044,0.7872847934190436
64.87,-0.2400722710299154,0.7803738701433861
64.88,-0.2323040004015323,0.7731262245064517
64.89,-0.22460974653978638,0.7655978830651881
64.9,-0.21699204274022854,0.75784227597837
64.91,-0.20945290102021896,0.749910230610982
64.92,-0.2019938381280089,0.7418499840688361
64.93,-0.19461590133884227,0.7337072119491987
64.94,-0.18731969388902492,0.7255250707839351
64.95,-0.18010539992316354,0.7173442518499787
64.96000000000001,-0.17297280885202532,0.7092030442227861
64.97,-0.16592133903870782,0.7011374051476827
64.98,-0.15895006074907167,0.6931810359983358
64.99,-0.1520577183187411,0.6853654622783827
65.0,-0.145242751503504,0.6777201162995719
65.01,-0.13850331599274965,0.6702724213362179
65.02,-0.13183730307677965,0.6630478762104282
65.03,-0.1252423584685411,0.6560701394049033
65.04,-0.11871590028868159,0.6493611119299477
65.05,-0.11225513622994214,0.6429410182887395
65.06,-0.1058570799229068,0.6368284849901864
65.07000000000001,-0.09951856653013842,0.6310406161522663
65.08,-0.09323626759986149,0.6255930658212114
65.09,-0.0870067052137142,0.6205001067038843
65.1,-0.0808262654657838,0.6157746950729078
65.11,-0.07469121131225603,0.6114285316573123
65.12,-0.06859769483263754,0.6074721183763789
65.13,-0.06254176894472845,0.6039148108117446
65.14,-0.05651939861640265,0.6007648663434226
65.15,-0.050526471617859996,0.5980294878998836
65.16,-0.04455880885840498,0.5957148632914194
65.17,-0.038612174352031604,0.593826200110333
65.18,-0.03268228485619831,0.5923677561916502
65.19,-0.0267648192281986,0.5913428656346418
65.2,-0.020855427543505476,0.5907539603890231
65.21000000000001,-0.014949740020418137,0.5906025874107573
65.22,-0.00904337579529033,0.5908894213914685
65.23,-0.0031319515925887684,0.5916142730630103
65.24,0.0027889096659698773,0.5927760930752054
65.25,0.00872357026891534,0.5943729714406181
65.26,0.014676369094782237,0.5964021325358839
65.27,0.020651612919633015,0.5988599256450233
65.28,0.026653567607682702,0.6017418110267663
65.29,0.03268644914016834,0.6050423414856377
65.3,0.03875441443739546,0.6087551394258779
65.31,0.044861551928685905,0.612872869368668
65.32000000000001,0.05101187182476882,0.6173872059170942
65.33,0.057209296047027784,0.6222887971603441
65.34,0.0634576477679757,0.6275672235193596
65.35,0.06976064051741497,0.6332109520511146
65.36,0.07612186680899799,0.6392072862485231
65.37,0.08254478624238544,0.64554231139832
65.38,0.08903271303696439,0.6522008355908041
65.39,0.09558880295420151,0.659166326513813
65.4,0.10221603956724065,0.6664208442094217
65.41,0.10891721983838995,0.6739449700264148
65.42,0.11569493896776895,0.6817177320653097
65.43,0.12255157447969614,0.6897165274863494
65.44,0.12948926951749595,0.6979170421351752
65.45,0.13650991532239967,0.7062931680364732
65.46000000000001,0.14361513287822542,0.7148169194133358
65.47,0.1508062537106664,0.7234583480098629
65.48,0.15808429983842268,0.7321854586269136
65.49,0.16544996288320465,0.7409641259259895
65.5,0.17290358235694245,0.7497580137137909
65.51,0.18044512315748046,0.7585284980895086
65.52,0.18807415231873262,0.7672345960174354
65.53,0.19578981507782917,0.7758329010776206
65.54,0.203590810340285,0.7842775283450106
65.55,0.21147536564472935,0.7925200705502117
65.56,0.21944121175128925,0.8005095678792747
65.57000000000001,0.22748555700231485,0.808192493971518
65.58,0.2356050616307196,0.8155127608682606
65.59,0.24379581221968005,0.8224117458453419
65.6,0.2520532965476264,0.8288283432213192
65.61,0.26037237908410643,0.834699044363119
65.62,0.2687472774348888,0.8399580492024612
65.63,0.27717154006815564,0.8445374126193996
65.64,0.2856380256872768,0.848367229032806
65.65,0.29413888464881177,0.8513758584498075
65.66,0.30266554285627295,0.8534901970549357
65.67,0.31120868858991046,0.854635995152783
65.68,0.31975826275932856,0.8547382249033485
65.69,0.3283034530879774,0.8537214997959526
65.7,0.33683269275524763,0.851510547185995
65.71000000000001,0.34533366403169735,0.8480307344615546
65.72,0.35379330744447873,0.8432086485094812
65.73,0.36219783700188696,0.8369727271126476
65.74,0.37053276198673163,0.8292539397355535
65.75,0.37878291579659795,0.8199865138541885
65.76,0.3869324922638154,0.8091087015740009
65.77,0.394965089828078,0.7965635797799673
65.78,0.40286376385941475,0.7822998755055408
65.79,0.41061108733818885,0.7662728066306683
65.8,0.4181892199920282,0.7484449264685201
65.81,0.4255799858675593,0.7287869593282793
65.82000000000001,0.4327649591785938,0.7072786128052247
65.83,0.4397255581236638,0.6839093514114929
65.84,0.4464431462068237,0.6586791152854286
65.85,0.4528991404293724,0.6315989671678737
65.86,0.45907512555018115,0.6026916506700442
65.87,0.4649529734427733,0.5719920431328018
65.88,0.4705149664128372,0.5395474871336898
65.89,0.47574392318544706,0.5054179859646746
65.9,0.48062332613213066,0.4696762501915932
65.91,0.4851374481892789,0.43240758470745394
65.92,0.4892714778262797,0.3937096084757991
65.93,0.4930116403587949,0.3536918023743724
65.94,0.4963453138737672,0.31247488411787194
65.95,0.4992611380411523,0.27019001306514834
65.96000000000001,0.5017491141350701,0.22697783168623709
65.97,0.503800694674877,0.18298735444956446
65.98,0.5054088612240613,0.13837471875238566
65.99,0.5065681890499246,0.09330181611840588
66.0,0.5072748975464294,0.04793482509032508
66.01,0.5075268855517311,0.0024426699276060768
66.02,0.5073237509449815,-0.043004568725335125
66.03,0.5066667941772244,-0.08823726369104823
66.04,0.5055590056711605,-0.1330878435428956
66.05,0.5040050373063665,-0.17739235944329051
66.06,0.5020111584822946,-0.22099198965012318
66.07000000000001,0.49958519751336394,-0.2637344565365458
66.08,0.4967364693515637,-0.3054753333703693
66.09,0.49347569084595655,-0.3460792210740034
66.1,0.4898148849300836,-0.3854207786175296
66.11,0.48576727527360597,-0.42338559445523094
66.12,0.481347173040979,-0.4598708903612908
66.13,0.47656985746638014,-0.49478605301431616
66.14,0.47145145198069266,-0.5280529925895585
66.15,0.46600879761458897,-0.5596063313205
66.16,0.46025932535428266,-0.5893934283824708
66.17,0.4542209290469395,-0.6173742504446039
66.18,0.44791184034539056,-0.6435210997691356
66.19,0.4413505070515568,-0.6678182137680471
66.2,0.43455547607002964,-0.6902612514379216
66.21000000000001,0.42754528202279835,-0.7108566830871194
66.22,0.4203383424082872,-0.7296211002659198
66.23,0.41295286001747994,-0.746580462846583
66.24,0.4054067331513555,-0.7617692998248667
66.25,0.39771747402098256,-0.7752298796845282
66.26,0.3899021355576649,-0.7870113651439723
66.27,0.38197724671810307,-0.7971689658536746
66.28,0.37395875624059144,-0.805763101197605
66.29,0.365861984694151,-0.8128585838317046
66.3,0.35770158456395734,-0.8185238330225632
66.31,0.34949150803369977,-0.8228301252784891
66.32000000000001,0.3412449820583876,-0.8258508882346619
66.33,0.33297449026900655,-0.8276610422979649
66.34,0.3246917612124283,-0.8283363932018426
66.35,0.3164077624049697,-0.8279530773863105
66.36,0.3081326996647021,-0.8265870610156418
66.37,0.29987602118465684,-0.8243136924828851
66.38,0.29164642581504435,-0.8212073074277648
66.39,0.28345187503610153,-0.8173408846099816
66.4,0.27529960812284476,-0.8127857504273506
66.41,0.26719616002755453,-0.8076113294389817
66.42,0.2591473815340651,-0.801884937937332
66.43,0.25115846126880786,-0.7956716173978708
66.44,0.2432339491861077,-0.7890340045091293
66.45,0.23537778117862532,-0.7820322344368008
66.46000000000001,0.2275933044973717,-0.7747238739913546
66.47,0.21988330369879824,-0.7671638814379397
66.48,0.2122500268686129,-0.7594045897995995
66.49,0.20469521190280623,-0.7514957106503171
66.5,0.19722011265560654,-0.7434843555645438
66.51,0.18982552479151535,-0.7354150725770038
66.52,0.18251181120406648,-0.7273298952041687
66.53,0.175278926887432,-0.7192684017812923
66.54,0.16812644316844064,-0.7112677830716482
66.55,0.16105357122599903,-0.7033629163038895
66.56,0.15405918484236286,-0.695586443986255
66.57000000000001,0.14714184234627395,-0.687968856030406
66.58,0.14029980772175477,-0.6805385738913209
66.59,0.13353107086844754,-0.6733220355917602
66.6,0.12683336700991954,-0.6663437806496114
66.61,0.1202041952554553,-0.6596265340636159
66.62,0.11364083632864722,-0.6531912886375176
66.63,0.10714036948270493,-0.6470573850347493
66.64,0.10069968862795223,-0.64124258905579
66.65,0.09431551770158914,-0.6357631657187873
66.66,0.08798442531357648,-0.6306339498015976
66.67,0.08170283870555718,-0.6258684125707362
66.68,0.07546705706216175,-0.621478724480585
66.69,0.06927326421594547,-0.6174758136753512
66.7,0.06311754078865472,-0.6138694201674665
66.71000000000001,0.056995875812596145,-0.610668145600103
66.72,0.05090417787665266,-0.6078794985290124
66.73,0.04483828584201589,-0.6055099351806745
66.74,0.03879397917303917,-0.6035648956604326
66.75,0.032766987928807244,-0.6020488355965661
66.76,0.02675300246110785,-0.6009652532147057
66.77,0.020747682864513128,-0.600316711842214
66.78,0.01474666822426357,-0.6001048578447028
66.79,0.008745585707619071,-0.600330433997246
66.8,0.0027400595443186505,-0.600993288291592
66.81,-0.0032742800582127715,-0.6020923781782742
66.82000000000001,-0.009301788019246833,-0.60362577023941
66.83,-0.015346795463000969,-0.6055906352846738
66.84,-0.02141360072494031,-0.6079832388598586
66.85,-0.027506460240198146,-0.6107989271550796
66.86,-0.0336295792680419,-0.6140321082985067
66.87,-0.03978710240616828,-0.6176762290220116
66.88,-0.04598310384848213,-0.6217237466877841
66.89,-0.052221577339923955,-0.6261660966703582
66.9,-0.05850642578188929,-0.6309936550971009
66.91,-0.06484145044186597,-0.6361956969626783
66.92,-0.07123033972114286,-0.6417603496499112
66.93,-0.0776766574348642,-0.6476745419114034
66.94,-0.08418383055937093,-0.6539239483940615
66.95,-0.09075513640274542,-0.6604929298228218
66.96000000000001,-0.09739368915582736,-0.6673644690012706
66.97,-0.10410242578277083,-0.6745201028361638
66.98,-0.11088409121255063,-0.6819398506508582
66.99,-0.117741222795788,-0.6896021391201088
67.0,-0.12467613399495281,-0.6974837242363197
67.01,-0.1316908972805144,-0.7055596108058214
67.02,-0.13878732621106926,-0.7138029700737297
67.03,-0.145966956681989,-0.7221850561879296
67.04,-0.15323102733482785,-0.7306751223371014
67.05,-0.16058045912873103,-0.7392403375346697
67.06,-0.16801583408552123,-0.7478457051700678
67.07000000000001,-0.17553737323213237,-0.756453984610418
67.08,-0.18314491377772957,-0.7650256173089518
67.09,-0.19083788557831138,-0.7735186590600852
67.1,-0.19861528695893127,-0.7818887202333593
67.11,-0.20647565998297857,-0.7900889160172134
67.12,-0.2144170652792755,-0.798069828905826
67.13,-0.22243705656109505,-0.8057794858643127
67.14,-0.23053265499656175,-0.8131633528048492
67.15,-0.23870032361719204,-0.8201643491932664
67.16,-0.2469359419804271,-0.8267228857758606
67.17,-0.25523478133270927,-0.832776928562051
67.18,-0.26359148055166814,-0.8382620923115229
67.19,-0.27200002317893973,-0.8431117668450717
67.2,-0.28045371588856954,-0.8472572795160065
67.21000000000001,-0.28894516876925985,-0.8506280971324023
67.22,-0.2974662778312176,-0.8531520704978449
67.23,-0.3060082101792167,-0.8547557245274459
67.24,-0.31456139232176644,-0.8553645965847229
67.25,-0.32311550211091117,-0.8549036252619436
67.26,-0.33165946482700537,-0.853297591281288
67.27,-0.3401814539365369,-0.8504716115180759
67.28,-0.34866889705736687,-0.8463516863342055
67.29,-0.35710848766322106,-0.8408652994570629
67.3,-0.36548620304650814,-0.8339420685478779
67.31,-0.3737873290341786,-0.8255144433802453
67.32000000000001,-0.381996491914113,-0.8155184472065591
67.33,-0.39009769797830973,-0.8038944554462887
67.34,-0.39807438102303877,-0.7905880043113318
67.35,-0.4059094580645364,-0.7755506204235573
67.36,-0.4135853934315099,-0.7587406609190416
67.37,-0.42108427128291726,-0.7401241520204732
67.38,-0.4283878764719194,-0.7196756126481544
67.39,-0.4354777835358803,-0.6973788483904498
67.4,-0.44233545343972835,-0.6732277001291334
67.41,-0.4489423375384629,-0.647226730877564
67.42,-0.4552799880572796,-0.6193918340018598
67.43,-0.4613301742185001,-0.58975074601413
67.44,-0.46707500297756216,-0.5583434476009296
67.45,-0.47249704317051866,-0.5252224375160793
67.46000000000001,-0.47757945172788374,-0.4904528654463163
67.47,-0.482306100479445,-0.45411251195413715
67.48,-0.4866617019669665,-0.41629160609730775
67.49,-0.49063193260139115,-0.37709247427931203
67.5,-0.49420355145255274,-0.3366290172373945
67.51,-0.49736451294613904,-0.2950260157408281
67.52,-0.5001040717673693,-0.2524182694478831
67.53,-0.5024128783350967,-0.20894957733559252
67.54,-0.5042830633140812,-0.16477157203999204
67.55,-0.5057083097758966,-0.12004242418821845
67.56,-0.5066839117978456,-0.07492543623018852
67.57000000000001,-0.5072068185005003,-0.029587548256210794
67.58,-0.5072756627629698,0.015802219298687192
67.59,-0.5068907741145265,0.06107435940914091
67.6,-0.5060541755747869,0.10606048099592438
67.61,-0.5047695644946081,0.1505948923194563
67.62,-0.5030422777283978,0.1945161378406346
67.63,-0.5008792417377954,0.23766846245647932
67.64,-0.4982889084792682,0.27990317902411965
67.65,-0.495281178157313,0.3210799177206443
67.66,-0.4918673101248553,0.3610677389437839
67.67,-0.48805982337843734,0.3997460950169794
67.68,-0.4838723882245158,0.4370056297883602
67.69,-0.47931971078267016,0.47274880916812834
67.7,-0.47441741204115323,0.5068903795964816
67.71000000000001,-0.46918190319074055,0.5393576552464058
67.72,-0.4636302589362251,0.5700906383278624
67.73,-0.4577800904241833,0.5990419800753035
67.74,-0.451649419334719,0.6261767927929206
67.75,-0.44525655456832486,0.6514723256477671
67.76,-0.4386199728217637,0.6749175187085864
67.77,-0.4317582041941532,0.6965124510182698
67.78,-0.4246897238013983,0.7162676992705894
67.79,-0.4174328502087414,0.734203623964605
67.8,-0.4100056513221062,0.7503495997743609
67.81,-0.40242585821325416,0.7647432063491783
67.82000000000001,-0.39471078719512265,0.7774293949100979
67.83,-0.38687727031505226,0.7884596448937314
67.84,-0.3789415942972481,0.7978911235795504
67.85,-0.37091944784346126,0.8057858601822367
67.86,-0.36282587709360337,0.8122099443549258
67.87,-0.35467524895636277,0.817232757484179
67.88,-0.34648122194391984,0.8209262436088421
67.89,-0.33825672408418594,0.82336422530077
67.9,-0.3300139374379044,0.8246217684364132
67.91,-0.3217642887154577,0.8247745984877737
67.92,-0.31351844546814894,0.8238985697856033
67.93,-0.30528631731974565,0.8220691881669678
67.94,-0.29707706170480963,0.8193611865179127
67.95,-0.2888990935893874,0.8158481519596935
67.96000000000001,-0.2807600986656158,0.8116022027997608
67.97,-0.2726670495333922,0.8066937128692897
67.98,-0.26462622440822997,0.8011910804881585
67.99,-0.25664322792362904,0.795160539025005
68.0,-0.24872301362772986,0.7886660058425664
68.01,-0.2408699078067777,0.7817689663247657
68.02,-0.23308763430123453,0.7745283896598842
68.03,-0.22537934001357998,0.76700067309197
68.04,-0.21774762083939514,0.7592396114393691
68.05,-0.21019454778479263,0.7512963888047842
68.06,-0.20272169306329946,0.7432195895563504
68.07000000000001,-0.1953301559936656,0.7350552258357025
68.08,-0.1880205885465854,0.726846779039751
68.09,-0.1807932204128706,0.7186352529217693
68.1,-0.17364788348815002,0.7104592361592569
68.11,-0.16658403568968544,0.7023549724366549
68.12,-0.1596007840394169,0.694356436286914
68.13,-0.15269690696394717,0.6864954131244847
68.14,-0.1458708757769272,0.6788015820814964
68.15,-0.13912087532231723,0.6713026004272492
68.16,-0.13244482376838224,0.6640241885077147
68.17,-0.12584039155216295,0.6569902142859662
68.18,-0.11930501948266292,0.6502227766961038
68.19,-0.11283593601824088,0.6437422871423886
68.2,-0.10643017373981516,0.6375675485822002
68.21000000000001,-0.10008458504659687,0.6317158317265353
68.22,-0.09379585710528444,0.6262029479756248
68.23,-0.08756052608708437,0.6210433187805351
68.24,-0.08137499072967373,0.6162500411850051
68.25,-0.07523552526338426,0.6118349493560378
68.26,-0.06913829174255297,0.6078086719576332
68.27,-0.06307935182423158,0.6041806852602911
68.28,-0.05705467803734714,0.6009593619102492
68.29,-0.051060164586026593,0.5981520153075769
68.3,-0.0450916377311956,0.5957649395618984
68.31,-0.039144865794788625,0.5938034450093334
68.32000000000001,-0.03321556883100893,0.5922718892848188
68.33,-0.02729942800909225,0.5911737039509212
68.34,-0.021392094751990505,0.5905114166881125
68.35000000000001,-0.015489199675329997,0.5902866690527737
68.36,-0.00958636137093503,0.5905002298084366
68.37,-0.0036791950791612645,0.5911520038334317
68.38,0.0022366787057336033,0.5922410366046388
68.39,0.008165625652931512,0.5937655142529008
68.4,0.01411198899079162,0.5957227591812712
68.41,0.020080080836556935,0.5981092212330805
68.42,0.02607417341545323,0.6009204643932559
68.43,0.032098490124422056,0.6041511490038384
68.44,0.03815719639553,0.6077950094737058
68.45,0.04425439031389617,0.6118448274635675
68.46000000000001,0.05039409294480135,0.6162924005308574
68.47,0.05658023832451332,0.6211285062257417
68.48,0.06281666306931617,0.6263428616396167
68.49,0.06910709555730565,0.6319240784217846
68.5,0.07545514463775188,0.6378596132990771
68.51,0.08186428782328721,0.6441357141576998
68.52,0.08833785892090588,0.6507373617771581
68.53,0.09487903505883037,0.6576482073435406
68.54,0.1014908230677767,0.6648505059143639
68.55,0.10817604517711764,0.6723250460604248
68.56,0.11493732398898518,0.6800510759723788
68.57000000000001,0.12177706669656523,0.6880062263918285
68.58,0.12869744851682174,0.6961664308092758
68.59,0.13570039531275072,0.7045058434650381
68.60000000000001,0.1427875653861225,0.7129967557947177
68.61,0.14996033042864507,0.7216095120785289
68.62,0.15721975562769305,0.7303124251840346
68.63,0.16456657893232574,0.7390716934347099
68.64,0.17200118949638724,0.7478513197921005
68.65,0.17952360532816775,0.756613034706673
68.66,0.18713345019052072,0.7653162241708896
68.67,0.19482992981158556,0.7739178646962398
68.68,0.20261180748444552,0.7823724671319966
68.69,0.21047737915422549,0.7906320314448225
68.7,0.21842444811334194,0.7986460147817344
68.71000000000001,0.22645029944986014,0.8063613153402662
68.72,0.23455167442014727,0.8137222747639835
68.73,0.24272474494513982,0.8206707019628459
68.74,0.2509650884594042,0.8271459214193438
68.75,0.2592676633735267,0.8330848491748671
68.76,0.2676267854429015,0.8384220997873653
68.77,0.27603610536927403,0.8430901276010421
68.78,0.2844885879949224,0.8470194056607024
68.79,0.29297649348248805,0.8501386455258426
68.8,0.30149136090543927,0.852375061080592
68.81,0.3100239947040999,0.8536546791829646
68.82000000000001,0.31856445448909854,0.853902699638611
68.83,0.3271020486968721,0.8530439065092431
68.84,0.33562533261928335,0.8510031321643458
68.85000000000001,0.344122111340159,0.8477057747490234
68.86,0.35257944811426384,0.8430783688660366
68.87,0.3609836787174797,0.8370492082551502
68.88,0.36932043227936684,0.8295490181012747
68.89,0.3775746590795052,0.8205116733234058
68.9,0.3857306657458349,0.8098749578040894
68.91,0.39377215823558703,0.7975813580359841
68.92,0.4016822929065546,0.7835788831173003
68.93,0.40944373589793304,0.7678219014582424
68.94,0.41703873093571947,0.7502719830102778
68.95,0.42444917555813855,0.7308987343501573
68.96000000000001,0.43165670562272257,0.7096806125980584
68.97,0.4386427878100997,0.6866057029853243
68.98,0.44538881968242905,0.6616724439756666
68.99,0.4518762366896131,0.6348902832478448
69.0,0.45808662534738603,0.6062802476280708
69.01,0.46400184164217456,0.5758754102705865
69.02,0.4696041335527978,0.5437212390690265
69.03,0.47487626642355507,0.5098758114699014
69.04,0.4798016497821958,0.47440988256681044
69.05,0.4843644640748913,0.4374067955743699
69.06,0.48854978569368324,0.39896222648747004
69.07000000000001,0.4923437086046407,0.3591837578748857
69.08,0.495733460851181,0.3181902802645175
69.09,0.4987075142099311,0.2761112233575026
69.10000000000001,0.501255685318331,0.23308562324845258
69.11,0.5033692266749001,0.18926103580298248
69.12,0.5050409060343907,0.14479231021591066
69.13,0.5062650728792184,0.09984024040510947
69.14,0.5070377108424929,0.05457011515134725
69.15,0.5073564751822454,0.009150190648070738
69.16,0.5072207146554543,-0.036249888731885435
69.17,0.5066314774076075,-0.0814606941994778
69.18,0.5055915007714646,-0.1263146128989336
69.19,0.5041051851496288,-0.17064741699368696
69.2,0.5021785524315908,-0.21429977451296692
69.21000000000001,0.4998191896593694,-0.2571186766017252
69.22,0.4970361788995563,-0.2989587581137348
69.23,0.49384001449709475,-0.33968349137137643
69.24,0.4902425090721288,-0.3791662362725091
69.25,0.48625668977164455,-0.41729113362637277
69.26,0.4818966863996013,-0.45395383250967075
69.27,0.4771776131214511,-0.48906204641212303
69.28,0.47211544547135886,-0.5225359368540154
69.29,0.4667268943843708,-0.5543083268834561
69.3,0.4610292789336897,-0.5843247502906364
69.31,0.45504039937855806,-0.6125433454221032
69.32000000000001,0.4487784120252477,-0.6389346050731963
69.33,0.4422617072770942,-0.6634809960373685
69.34,0.43550879210450033,-0.6861764634754381
69.35000000000001,0.42853817800758537,-0.7070258363353136
69.36,0.42136827537779403,-0.7260441506215919
69.37,0.41401729499515355,-0.7432559074187388
69.38,0.40650315722941927,-0.7586942822579521
69.39,0.3988434093499945,-0.7724003017420251
69.4,0.39105515119457873,-0.784422002365893
69.41,0.3831549693026766,-0.7948135852568141
69.42,0.37515887948944243,-0.8036345791705962
69.43,0.36708227771926466,-0.8109490225793302
69.44,0.3589398990378558,-0.816824674127403
69.45,0.3507457842367166,-0.8213322591656153
69.46000000000001,0.3425132538545435,-0.8245447585404836
69.47,0.33425488906590695,-0.8265367443522479
69.48,0.3259825189674986,-0.8273837660281995
69.49,0.31770721374534294,-0.8271617888079122
69.5,0.3094392831913403,-0.8259466856173165
69.51,0.3011882800329966,-0.8238137823267948
69.52,0.29296300754480437,-0.8208374555468722
69.53,0.2847715309220591,-0.8170907814115687
69.54,0.276621191916573,-0.8126452332284857
69.55,0.2685186262574894,-0.8075704254279896
69.56,0.2604697834080132,-0.8019339009112769
69.57000000000001,0.25247994823926384,-0.795800958667253
69.58,0.2445537642346681,-0.7892345183890115
69.59,0.2366952578714836,-0.7822950187600464
69.60000000000001,0.22890786385946718,-0.7750403460861893
69.61,0.2211944509497598,-0.7675257900102197
69.62,0.21355734805926277,-0.7598040231514501
69.63,0.2059983704867308,-0.7519251016525788
69.64,0.1985188460262112,-0.7439364837819556
69.65,0.19111964081109167,-0.7358830639233922
69.66,0.18380118474774332,-0.7278072194810475
69.67,0.1765634964214707,-0.7197488684280714
69.68,0.16940620737918188,-0.7117455354297892
69.69,0.16232858571287492,-0.7038324246714358
69.7,0.15532955888575317,-0.6960424977136752
69.71000000000001,0.14840773575860142,-0.6884065548840033
69.72,0.14156142778807312,-0.6809533188868743
69.73,0.13478866938086395,-0.6737095194787833
69.74,0.12808723739849748,-0.666699978205797
69.75,0.12145466981674803,-0.6599476923397709
69.76,0.11488828355170205,-0.6534739172756301
69.77,0.10838519147123542,-0.6472982467657736
69.78,0.10194231861638657,-0.6414386904692715
69.79,0.09555641766184998,-0.6359117483835217
69.8,0.08922408364871613,-0.6307324818050741
69.81,0.0829417680257485,-0.625914580535063
69.82000000000001,0.07670579203801488,-0.6214704261038606
69.83,0.0705123595036713,-0.6174111508399257
69.84,0.06435756902121637,-0.6137466926501379
69.85000000000001,0.058237425650668535,-0.6104858454139154
69.86,0.052147852112938056,-0.6076363049218679
69.87,0.04608469955223118,-0.6052047103123397
69.88,0.04004375790669126,-0.6031966809766124
69.89,0.034020765932698926,-0.6016168489164517
69.9,0.028011420928362226,-0.6004688865466705
69.91,0.022011388201765514,-0.599755529941056
69.92,0.016016310329541105,-0.5994785975229223
69.93,0.010021816251307068,-0.599639004202214
69.94,0.004023530245496824,-0.6002367709600294
69.95,-0.00198291916789352,-0.6012710298791347
69.96000000000001,-0.008001890352085872,-0.6027400246159653
69.97,-0.01403771966021283,-0.604641106306236
69.98,-0.020094712478210593,-0.6069707248930758
69.99,-0.026177134158074346,-0.6097244158639988
70.0,-0.03228920079549057,-0.6128967823815309
70.01,-0.03843506980570496,-0.6164814727923801
70.02,-0.04461883025133817,-0.6204711535021855
70.03,-0.05084449287574867,-0.6248574772076207
70.04,-0.05711597979549059,-0.6296310464854966
70.05,-0.06343711380545862,-0.6347813727500986
70.06,-0.06981160725049257,-0.6402968306058949
70.07000000000001,-0.07624305041757652,-0.6461646076435968
70.08,-0.08273489940336451,-0.6523706497540234
70.09,-0.08929046341265699,-0.6588996020670125
70.10000000000001,-0.09591289144470477,-0.6657347456624407
70.11,-0.10260515832590582,-0.6728579302480341
70.12,-0.10937005004966546,-0.6802495030548175
70.13,-0.11621014838700218,-0.6878882342665098
70.14,-0.12312781473499566,-0.6957512393746906
70.15,-0.13012517317449598,-0.7038138989378221
70.16,-0.13720409271375208,-0.7120497763198639
70.17,-0.14436616870089325,-0.7204305340938203
70.18,-0.15161270339562852,-0.728925849917507
70.19,-0.15894468569924342,-0.737503332823387
70.2,-0.16636277005209624,-0.7461284410115131
70.21000000000001,-0.17386725451947366,-0.7547644023941449
70.22,-0.18145805809997914,-0.7633721393118952
70.23,-0.18913469730571159,-0.7719101990232536
70.24,-0.19689626208044425,-0.780334691760489
70.25,-0.20474139114092138,-0.788599238343145
70.26,-0.21266824684730717,-0.7966549295428148
70.27,-0.2206744897317777,-0.8044502995960494
70.28,-0.22875725283922815,-0.8119313164617575
70.29,-0.23691311606101284,-0.8190413916099418
70.3,-0.245138080671427,-0.8257214123038297
70.31,-0.25342754430708947,-0.8319097994900586
70.32000000000001,-0.2617762766612282,-0.8375425945331988
70.33,-0.27017839619775347,-0.8425535781121745
70.34,-0.27862734822347174,-0.8468744246267378
70.35000000000001,-0.28711588469028826,-0.8504348954308761
70.36,-0.29563604613208927,-0.8531630741051217
70.37,-0.3041791461723907,-0.8549856467889928
70.38,-0.31273575906786916,-0.8558282303060564
70.39,-0.3212957107785118,-0.8556157504156249
70.4,-0.3298480740761816,-0.8542728720061366
70.41,-0.3383811682186345,-0.8517244823966751
70.42,-0.3468825637241151,-0.8478962281281125
70.43,-0.3553390927811968,-0.8427151047003669
70.44,-0.3637368658181224,-0.836110097647659
70.45,-0.37206129473414995,-0.828012872144682
70.46000000000001,-0.3802971232610161,-0.8183585070142178
70.47,-0.38842846487443433,-0.8070862675783653
70.48,-0.39643884861258344,-0.7941404102856687
70.49,-0.40431127308014775,-0.7794710104869471
70.5,-0.4120282688223224,-0.7630348031630306
70.51,-0.4195719691434084,-0.7447960248746179
70.52,-0.42692418931981474,-0.7247272437614312
70.53,-0.434066514018637,-0.7028101631234897
70.54,-0.44098039258228455,-0.6790363830340919
70.55,-0.44764724167931885,-0.6534081036259523
70.56,-0.4540485546548036,-0.6259387532216595
70.57000000000001,-0.460166016743752,-0.596653524405706
70.58,-0.4659816251429177,-0.5655898015086399
70.59,-0.4714778127739248,-0.5327974638341115
70.60000000000001,-0.4766375744195999,-0.498339050331826
70.61,-0.4814445937805613,-0.46228977331111537
70.62,-0.4858833698858222,-0.4247373711881705
70.63,-0.4899393412043247,-0.3857817931301196
70.64,-0.4935990057484246,-0.34553471174358547
70.65,-0.49685003543919637,-0.3041188635743607
70.66,-0.4996813830199118,-0.2616672210382582
70.67,-0.5020833798599615,-0.21832200337360808
70.68,-0.5040478230873839,-0.1742335381630094
70.69,-0.5055680506232216,-0.129558988778179
70.7,-0.5066390028629474,-0.08446096661839371
70.71000000000001,-0.5072572699555895,-0.03910605010713698
70.72,-0.5074211238650902,0.006336765037313001
70.73,-0.5071305346548433,0.05169765783504415
70.74,-0.5063871707083892,0.09680758877424184
70.75,-0.5051943828793584,0.1414998932156117
70.76,-0.503557172844077,0.185611833822135
70.77,-0.5014821462029156,0.22898608550922084
70.78,-0.4989774511338926,0.27147212827982203
70.79,-0.49605270363731924,0.31292752582795835
70.8,-0.4927189006173334,0.35321907086197096
70.81,-0.4889883222200798,0.39222378159612714
70.82000000000001,-0.4848744249854109,0.4298297376534535
70.83,-0.48039172746701075,0.4659367475753676
70.84,-0.4755556900339035,0.5004568441069599
70.85000000000001,-0.47038259058487153,0.533314607289837
70.86,-0.4648893978881068,0.564447319029061
70.87,-0.45909364420429033,0.5938049561057325
70.88,-0.45301329876599217,0.6213500315012855
70.89,-0.44666664357426467,0.6470572963248503
70.9,-0.4400721528394952,0.6709133165550671
70.91,-0.43324837724316334,0.6929159402085338
70.92,-0.42621383403532453,0.7130736714350188
70.93,-0.418986903814463,0.7314049684389107
70.94,-0.4115857346665464,0.7479374820760769
70.95,-0.4040281541729415,0.7627072515257137
70.96000000000001,-0.39633158963603216,0.7757578726460335
70.97,-0.3885129967200209,0.7871396535533817
70.98,-0.3805887965649645,0.7969087706805583
70.99,-0.3725748213064097,0.8051264371342921
71.0,-0.36448626782227866,0.811858093642979
71.01,-0.3563376594335501,0.8171726308175671
71.02,-0.34814281520592727,0.8211416498879704
71.03,-0.3399148264357907,0.8238387675644913
71.04,-0.3316660398546375,0.8253389692407263
71.05,-0.3234080470509762,0.8257180134262148
71.06,-0.31515167958611323,0.8250518890914175
71.07000000000001,-0.3069070092691479,0.8234163265357781
71.08,-0.29868335305539767,0.8208863614571764
71.09,-0.29048928204000435,0.8175359511086429
71.10000000000001,-0.28233263403322484,0.8134376407723547
71.11,-0.2742205292245573,0.8086622782550544
71.12,-0.26615938846812376,0.8032787737041065
71.13,-0.25815495375047515,0.797353901748749
71.14,-0.2502123104331488,0.7909521427750226
71.15,-0.2423359108949747,0.7841355600331938
71.16,-0.2345295992324849,0.7769637092410657
71.17,-0.22679663671015338,0.7694935773735694
71.18,-0.2191397276850135,0.7617795474072403
71.19,-0.21156104576200854,0.7538733859072414
71.2,-0.20406225996686866,0.7458242504950674
71.21000000000001,-0.1966445607521072,0.7376787144085244
71.22,-0.18930868567869819,0.729480805554679
71.23,-0.18205494464101363,0.721272057654857
71.24,-0.17488324452560106,0.7130915712830771
71.25,-0.1677931132153521,0.7049760828011177
71.26,-0.1607837228695787,0.6969600393911297
71.27,-0.15385391242752952,0.6890756785775015
71.28,-0.14700220929802868,0.6813531108114199
71.29,-0.14022685021130113,0.6738204038626662
71.3,-0.13352580122077537,0.6665036679226087
71.31,-0.12689677685284897,0.659427140469459
71.32000000000001,-0.1203372584113862,0.6526132700813612
71.33,-0.11384451145122175,0.646082798504813
71.34,-0.10741560244128995,0.6398548403954941
71.35000000000001,-0.10104741464331186,0.6339469602462066
71.36,-0.09473666323636581,0.6283752461028811
71.37,-0.08847990972125423,0.6231543797450979
71.38,-0.08227357564146384,0.6182977030730001
71.39,-0.07611395565979422,0.6138172804986117
71.4,-0.0699972300314916,0.609723957187138
71.41,-0.06391947651605145,0.6060274130335942
71.42,-0.05787668177081971,0.6027362122928202
71.43,-0.05186475227019505,0.5998578488073113
71.44,-0.045879524794673485,0.5973987867980264
71.45,-0.03991677653423452,0.5953644971990947
71.46000000000001,-0.03397223485069159,0.5937594895287419
71.47,-0.028041586743659683,0.5925873392964106
71.48,-0.02212048806476338,0.5918507109505184
71.49,-0.016204572524649314,0.5915513763731022
71.5,-0.010289460537301337,0.5916902289272609
71.51,-0.004370767946104097,0.5922672930613111
71.52,0.0015558853239248849,0.5932817294703676
71.53,0.0074948666433032555,0.5947318358121217
71.54,0.013450522040167322,0.5966150429693385
71.55,0.01942716750269003,0.5989279068474812
71.56,0.02542908017711695,0.6016660956923382
71.57000000000001,0.0314604894165368,0.6048243729100062
71.58,0.03752556763531707,0.6083965753705469
71.59,0.04362842092394773,0.6123755871775548
71.60000000000001,0.04977307937886817,0.616753308889234
71.61,0.05596348710173241,0.6215206221829159
71.62,0.06220349182252649,0.6266673499648056
71.63,0.06849683410102853,0.6321822119406805
71.64,0.07484713606134011,0.6380527756819314
71.65,0.08125788961466716,0.6442654032453327
71.66,0.08773244412624676,0.6508051934349722
71.67,0.0942739934833666,0.6576559198315491
71.68,0.10088556252287773,0.6647999647584808
71.69,0.1075699927785362,0.6722182494067263
71.7,0.11432992751101224,0.679890160401658
71.71000000000001,0.12116779598656936,0.6877934731664496
71.72,0.12808579697434125,0.695904272518016
71.73,0.1350858814369297,0.7041968710242151
71.74,0.14216973439482555,0.7126437257553625
71.75,0.14933875595203694,0.7212153541796301
71.76,0.15659404147841816,0.729880250080891
71.77,0.16393636095365477,0.7386048005191604
71.78,0.17136613748880136,0.7473532050078461
71.79,0.1788834250538117,0.7560873982480628
71.8,0.18648788545376263,0.7647669779374892
71.81,0.19417876461256148,0.773349139358295
71.82000000000001,0.20195486824092854,0.7817886186437121
71.83,0.2098145369854357,0.7900376468233642
71.84,0.2177556211773958,0.7980459169503104
71.85000000000001,0.2257754553244419,0.8057605668138679
71.86,0.23387083251367316,0.8131261799367849
71.87,0.2420379789231776,0.8200848077373786
71.88,0.2502725286684207,0.8265760158999677
71.89,0.2585694992411769,0.8325369581324542
71.9,0.26692326783106973,0.8379024805892943
71.91,0.27532754885296273,0.8426052602914571
71.92,0.2837753730368988,0.8465759808715184
71.93,0.29225906847039307,0.8497435489002368
71.94,0.30077024401490354,0.8520353538988396
71.95,0.30929977554836985,0.8533775748966089
71.96000000000001,0.3178377955128357,0.8536955360442756
71.97,0.32637368626925534,0.8529141133289853
71.98,0.3348960777794154,0.8509581938463544
71.99,0.34339285014618237,0.8477531883615121
72.0,0.3518511415466456,0.8432255970290056
72.01,0.3602573620867625,0.8373036271395925
72.02,0.36859721408943746,0.8299178606233193
72.03,0.3768557192992289,0.8210019677712652
72.04,0.3850172534448628,0.8104934622574367
72.05,0.3930655885443777,0.798334491068815
72.06,0.4009839432662391,0.7844726514140887
72.07000000000001,0.4087550415726594,0.7688618251162107
72.08,0.4163611797685633,0.7514630194441434
72.09,0.42378430196154226,0.732245201855377
72.10000000000001,0.4310060838056708,0.711186114759408
72.11,0.4380080242567304,0.6882730552341854
72.12,0.4447715449103545,0.6635036036959352
72.13,0.4512780963306491,0.6368862849011466
72.14,0.45750927060837737,0.6084411444083657
72.15,0.46344691921881637,0.5782002238011601
72.16,0.4690732750844006,0.5462079186169667
72.17,0.4743710775911557,0.5125212040712214
72.18,0.479323699165825,0.4772097153275714
72.19,0.4839152718977071,0.4403556712393249
72.2,0.4881308125906115,0.40205363314957654
72.21000000000001,0.4919563445606986,0.36241009344020125
72.22,0.49537901445941546,0.32154289199318054
72.23,0.4983872024005622,0.2795804624802906
72.24,0.5009706237090212,0.23666091431910088
72.25,0.5031204206869442,0.1929309600997042
72.26,0.5048292429110153,0.14854470216300078
72.27,0.5060913147302042,0.10366229565919746
72.28,0.5069024888241993,0.05844850869870298
72.29,0.5072602849041783,0.013071203000560312
72.3,0.5071639128842105,-0.03230023936416252
72.31,0.506614280116895,-0.07749651603309304
72.32000000000001,0.5056139825635486,-0.1223500033629287
72.33,0.5041672800496365,-0.16669632656237865
72.34,0.5022800560323012,-0.2103758739277337
72.35000000000001,0.4999597625710819,-0.2532352297149507
72.36,0.49721535143800216,-0.29512850241944044
72.37,0.4940571925226931,-0.33591852806573275
72.38,0.4904969808766875,-0.3754779314224268
72.39,0.4865476338942446,-0.4136900317262011
72.4,0.48222318024216354,-0.450449583385999
72.41,0.47753864222652465,-0.4856633461063973
72.42,0.4725099133200356,-0.5192504827834925
72.43,0.4671536325708548,-0.5511427872634862
72.44,0.4614870575747659,-0.5812847475047789
72.45,0.4555279376207592,-0.6096334527589814
72.46000000000001,0.4492943885195863,-0.6361583560164102
72.47,0.4428047705004311,-0.6608409051014638
72.48,0.43607757041755707,-0.683674057429289
72.49,0.4291312893518453,-0.7046616945449696
72.5,0.4219843365266576,-0.7238179531767085
72.51,0.4146549302883111,-0.741166489677851
72.52,0.40716100673310057,-0.7567396944546382
72.53,0.3995201363992183,-0.7705778723321917
72.54,0.3917494492864568,-0.7827284038612126
72.55,0.3838655683219941,-0.7932449013756864
72.56,0.3758845512589431,-0.8021863722407842
72.57000000000001,0.36782184087717845,-0.8096164002407008
72.58,0.3596922232541291,-0.8156023545043632
72.59,0.3515097937870912,-0.8202146338027247
72.60000000000001,0.3432879305780746,-0.823525952517716
72.61,0.3350392747367369,-0.8256106731154252
72.62,0.32677571711576614,-0.8265441885827864
72.63,0.3185083909650812,-0.8264023570287604
72.64,0.31024766997519093,-0.8252609895217776
72.65,0.30200317117464565,-0.8231953912430402
72.66,0.29378376215033014,-0.8202799551828842
72.67,0.28559757207098796,-0.8165878068930802
72.68,0.2774520060124685,-0.812190498226422
72.69,0.2693537621064595,-0.8071577475382364
72.7,0.2613088510617038,-0.8015572234825539
72.71000000000001,0.25332261763680847,-0.7954543692973347
72.72,0.2453997636757571,-0.7889122643264042
72.73,0.23754437235028036,-0.7819915194584196
72.74,0.22975993328658872,-0.7747502031633128
72.75,0.2220493682870141,-0.767243794862751
72.76,0.2144150573893337,-0.7595251624725237
72.77,0.20685886503756362,-0.7516445610915389
72.78,0.1993821661675029,-0.7436496499754826
72.79,0.19198587203805395,-0.735585525115321
72.8,0.18467045566519646,-0.727494764934952
72.81,0.1774359767393549,-0.7194174868226508
72.82000000000001,0.17028210592874343,-0.7113914124126848
72.83,0.1632081484911012,-0.7034519397326429
72.84,0.15621306713409058,-0.6956322205255012
72.85000000000001,0.14929550408059117,-0.6879632412407657
72.86,0.14245380230927526,-0.6804739063644122
72.87,0.13568602595330292,-0.6731911229215005
72.88,0.12898997985084523,-0.6661398851374485
72.89,0.12236322825055394,-0.6593433583836122
72.9,0.11580311268317298,-0.6528229616598926
72.91,0.10930676901735609,-0.6465984479817216
72.92,0.10287114372353855,-0.6406879821413244
72.93,0.09649300937452959,-0.6351082154040659
72.94,0.09016897941545722,-0.6298743567806001
72.95,0.08389552223891758,-0.6250002405851107
72.96000000000001,0.077668974603755,-0.6204983900498773
72.97,0.07148555443792004,-0.61638007681749
72.98,0.06534137306740521,-0.6126553761750181
72.99,0.05923244691441968,-0.6093332179300506
73.0,0.0531547087088042,-0.6064214328575318
73.01,0.047104018257269044,-0.6039267946693946
73.02,0.041076172815416305,-0.6018550574768452
73.03,0.03506691710773214,-0.6002109887284237
73.04,0.02907195304084783,-0.5989983976162562
73.05,0.023086949155407016,-0.5982201589488341
73.06,0.01710754986187115,-0.5978782324917482
73.07000000000001,0.011129384505572054,-0.5979736777785829
73.08,0.005148076306299492,-0.5985066643931756
73.09,-0.0008407487822914577,-0.5994764777221293
73.10000000000001,-0.006841453248143094,-0.6008815201733066
73.11,-0.012858379185757591,-0.6027193078524999
73.12,-0.018895839405193095,-0.6049864626870262
73.13,-0.024958108439498118,-0.60767869998207
73.14,-0.031049413404834497,-0.6107908113936921
73.15,-0.03717392466737196,-0.61431664330198
73.16,-0.043335746270874095,-0.6182490705693497
73.17,-0.04953890607875895,-0.62257996567302
73.18,-0.05578734558433449,-0.6273001632077012
73.19,-0.06208490934291297,-0.6323994197651509
73.2,-0.0684353339796375,-0.6378663692120267
73.21000000000001,-0.0748422367271535,-0.643688473407044
73.22,-0.08130910344777838,-0.6498519684234905
73.23,-0.0878392760956233,-0.6563418063743394
73.24,-0.09443593957526517,-0.6631415929752656
73.25,-0.10110210795512861,-0.6702335210265411
73.26,-0.10784060999579598,-0.6775983000488298
73.27,-0.1146540739561052,-0.6852150823710694
73.28,-0.12154491164321737,-0.6930613860416756
73.29,-0.12851530167693873,-0.7011130150179383
73.3,-0.13556717194357615,-0.709343977183374
73.31,-0.1427021812206062,-0.7177264008495202
73.32000000000001,-0.14992169996056653,-0.7262304505176672
73.33,-0.15722679023095953,-0.7348242428076105
73.34,-0.16461818481671875,-0.7434737636047598
73.35000000000001,-0.17209626550305474,-0.7521427876336594
73.36,-0.17966104056939192,-0.7607928018346498
73.37,-0.18731212153974772,-0.7693829341001106
73.38,-0.19504869925139412,-0.777869889116041
73.39,-0.20286951932206854,-0.7862078932517284
73.4,-0.21077285711642868,-0.7943486506422683
73.41,-0.21875649233491387,-0.802241312812407
73.42,-0.2268176833726768,-0.8098324643913772
73.43,-0.23495314162274142,-0.8170661276620266
73.44,-0.24315900592591735,-0.8238837888675253
73.45,-0.25143081740009193,-0.830224449358242
73.46000000000001,-0.2597634949130822,-0.836024704791843
73.47,-0.2681513114959288,-0.841218855692193
73.48,-0.2765878720269261,-0.8457390527170713
73.49,-0.28506609255027027,-0.8495154799700736
73.5,-0.2935781816263276,-0.8524765796066834
73.51,-0.30211562414240395,-0.8545493208162186
73.52,-0.31066916804265193,-0.8556595159979703
73.53,-0.31922881446236334,-0.855732186579433
73.54,-0.3277838117742406,-0.8546919804359875
73.55,-0.33632265407108314,-0.8524636422551493
73.56,-0.3448330846193436,-0.8489725374370685
73.57000000000001,-0.3533021048198245,-0.844145229231874
73.58,-0.36171598920398107,-0.8379101077830091
73.59,-0.37006030697548464,-0.8301980685778617
73.60000000000001,-0.3783199505755383,-0.8209432365122328
73.61,-0.3864791717057293,-0.8100837303692788
73.62,-0.3945216251829239,-0.7975624610192114
73.63,-0.40243042092611353,-0.7833279550933319
73.64,-0.41018818428479054,-0.7673351943125883
73.65,-0.41777712481236534,-0.7495464591018118
73.66,-0.4251791134668268,-0.7299321636479986
73.67,-0.43237576808532535,-0.7084716682220714
73.68,-0.4393485468312683,-0.6851540534402912
73.69,-0.4460788491541312,-0.6599788402578313
73.7,-0.4525481236364249,-0.6329566389264111
73.71000000000001,-0.4587379819326594,-0.6041097099702941
73.72,-0.4646303178358308,-0.5734724204935485
73.73,-0.4702074303425304,-0.5410915798691098
73.74,-0.47545214943321296,-0.5070266401059548
73.75,-0.48034796314464945,-0.47134974795668244
73.76,-0.48487914439234664,-0.4341456381063816
73.77,-0.48903087590677713,-0.3955113595455212
73.78,-0.4927893715832571,-0.35555583042275246
73.79,-0.4961419925152322,-0.31439922022346184
73.8,-0.49907735598772635,-0.27217216193114924
73.81,-0.5015854357538552,-0.2290148007875257
73.82000000000001,-0.5036576520034769,-0.18507569024582732
73.83,-0.5052869495587717,-0.14051054957363002
73.84,-0.5064678629949494,-0.0954809011671515
73.85000000000001,-0.5071965675821147,-0.05015260885340907
73.86,-0.5074709151720176,-0.004694341155311851
73.87,-0.5072904544052209,0.040724014429137714
73.88,-0.5066564348834348,0.08593295871262058
73.89,-0.5055717952309685,0.13076498164088501
73.9,-0.5040411352506171,0.1750561288031551
73.91,-0.5020706726549055,0.21864750674161873
73.92,-0.49966818511578476,0.2613867018711941
73.93,-0.4968429386174815,0.30312909019235185
73.94,-0.4936056033119377,0.343739017927826
73.95,-0.48996815825892504,0.3830908366229464
73.96000000000001,-0.4859437865794788,0.4210697799889216
73.97,-0.48154676265914664,0.45757267370079047
73.98,-0.47679233310546304,0.49250847334808073
73.99,-0.47169659319218504,0.5257986296431667
74.0,-0.46627636051259974,0.5573772836979506
74.01,-0.46054904751822606,0.5871912985779422
74.02,-0.45453253454104087,0.6152001363478874
74.03,-0.4482450447912683,0.6413755923704425
74.04,-0.44170502269363204,0.6657014006673991
74.05,-0.43493101677792034,0.6881727256823869
74.06,-0.42794156817998436,0.7087955567964468
74.07000000000001,-0.4207551056419914,0.7275860224635805
74.08,-0.4133898477307127,0.7445696408880926
74.09,-0.40586371282422956,0.7597805238072525
74.10000000000001,-0.39819423725456765,0.7732605492281563
74.11,-0.39039850183966646,0.7850585179586431
74.12,-0.3824930668953948,0.7952293075326833
74.13,-0.37449391568901275,0.8038330357240708
74.14,-0.36641640618091337,0.8109342443286263
74.15,-0.3582752308024402,0.8166011123296109
74.16,-0.3500843839343211,0.8209047059925255
74.17,-0.3418571366825897,0.8239182719056413
74.18,-0.3336060184962083,0.8257165775256908
74.19,-0.32534280513207586,0.8263753024308279
74.2,-0.3170785124475917,0.825970482244708
74.21000000000001,-0.3088233954871817,0.824578006089162
74.22,-0.3005869523258085,0.8222731674553001
74.23,-0.2923779321380757,0.8191302675557338
74.24,-0.2842043469746938,0.8152222695313883
74.25,-0.2760734867474479,0.8106205013291948
74.26,-0.2679919369481099,0.8053944046332454
74.27,-0.259965598654783,0.7996113269114188
74.28,-0.2519997104098815,0.7933363534205189
74.29,-0.2440988715863726,0.7866321758834807
74.3,-0.23626706689221189,0.7795589944999777
74.31,-0.22850769169637306,0.7721744499648523
74.32000000000001,-0.22082357789291485,0.7645335822357833
74.33,-0.2132170200516574,0.7566888129019176
74.34,-0.2056898016348765,0.7486899481491347
74.35000000000001,-0.1982432210886747,0.7405841994864983
74.36,-0.19087811764514653,0.7324162195846674
74.37,-0.18359489669698137,0.7242281507739822
74.38,-0.1763935546296669,0.7160596839520057
74.39,-0.16927370301794126,0.7079481258528488
74.4,-0.16223459211260993,0.6999284728298338
74.41,-0.1552751335613446,0.6920334894959593
74.42,-0.14839392232269075,0.6842937907509187
74.43,-0.1415892577463262,0.6767379258973791
74.44,-0.13485916380474314,0.6693924637117029
74.45,-0.12820140847209213,0.6622820774845454
74.46000000000001,-0.12161352225505223,0.6554296291844348
74.47,-0.11509281588840345,0.6488562520224888
74.48,-0.10863639721460246,0.642581430809028
74.49,-0.10224118727222288,0.6366230795933805
74.5,-0.09590393562273485,0.6309976161671628
74.51,-0.08962123494887962,0.625720033089383
74.52,-0.08338953496094718,0.6208039649595369
74.53,-0.07720515564968888,0.6162617517231933
74.54,-0.07106429992648332,0.6121044978441332
74.55,-0.06496306569280622,0.6083421272187028
74.56,-0.05889745738210926,0.6049834337423868
74.57000000000001,-0.052863397017958474,0.6020361274664461
74.58,-0.046856734832780335,0.5995068763045004
74.59,-0.04087325949186847,0.5974013432658447
74.60000000000001,-0.03490870796746344,0.5957242192046899
74.61,-0.028958775107774667,0.5944792510830514
74.62,-0.02301912294580241,0.5936692657502264
74.63,-0.01708538979277014,0.5932961892442403
74.64,-0.011153199160917605,0.5933610616208529
74.65,-0.005218168560353082,0.5938640473141459
74.66,0.0007240817853653134,0.5948044410298766
74.67,0.0066779202602444505,0.5961806691691134
74.68,0.012647695168747582,0.5979902867756189
74.69,0.01863772599575683,0.600229969996472
74.7,0.02465229456867702,0.6028955040419524
74.71000000000001,0.030695636076595874,0.6059817666282022
74.72,0.03677192990124107,0.6094827068850971
74.73,0.04288529021429782,0.613391319712573
74.74,0.04903975629549253,0.6176996155718616
74.75,0.05523928252573505,0.6223985857042114
74.76,0.061487728009576754,0.6274781627792573
74.77,0.06778884578132019,0.6329271769888302
74.78,0.07414627154935335,0.6387333076202816
74.79,0.08056351193372582,0.6448830301669737
74.8,0.08704393215269282,0.6513615590631389
74.81,0.09359074311498859,0.6581527861665469
74.82000000000001,0.10020698787602375,0.6652392151560514
74.83,0.10689552741810962,0.6726018920628835
74.84,0.11365902571728143,0.6802203322152661
74.85000000000001,0.12049993406241494,0.6880724439462754
74.86,0.12742047459620692,0.6961344494956038
74.87,0.134422623052327,0.7043808036276649
74.88,0.14150809066876022,0.7127841105918851
74.89,0.1486783052641647,0.7213150401665718
74.9,0.15593439147209165,0.7299422436557435
74.91,0.16327715013727956,0.7386322708488884
74.92,0.1707070368890694,0.7473494891066811
74.93,0.17822413991941316,0.7560560059007724
74.94,0.18582815700708485,0.7647115963120893
74.95,0.19351837184565499,0.7732736371783409
74.96000000000001,0.20129362975065168,0.7816970497758159
74.97,0.20915231284117128,0.7899342531206398
74.98,0.21709231481306446,0.7979351301772817
74.99,0.22511101544471693,0.8056470094633075
75.0,0.23320525500233064,0.81301466473435
75.01,0.24137130873940393,0.819980335616222
75.02,0.24960486171465507,0.8264837722152628
75.03,0.2579009841837092,0.8324623068755769
75.04,0.26625410785216663,0.8378509563539315
75.05,0.2746580033107878,0.8425825577399324
75.06,0.2831057590069653,0.8465879414499421
75.07000000000001,0.2915897621397867,0.8497961445565912
75.08,0.30010168189809716,0.8521346675697044
75.09,0.30863245549118085,0.8535297775468368
75.10000000000001,0.3171722774490339,0.8539068600704417
75.11,0.3257105926925897,0.8531908221726983
75.12,0.3342360938924879,0.8513065477082569
75.13,0.34273672364675484,0.8481794059615868
75.14,0.35119968201171964,0.843735813423995
75.15,0.35961143991523475,0.8379038476840045
75.16,0.36795775896539973,0.8306139112463503
75.17,0.37622371814016176,0.82179944183735
75.18,0.38439374780214675,0.8113976643818723
75.19,0.39245167142779924,0.7993503783703451
75.2,0.4003807553695537,0.7856047728012485
75.21000000000001,0.4081637668838242,0.7701142593208649
75.22,0.415783040555971,0.7528393126306454
75.23,0.4232205531364371,0.7337483057433389
75.24,0.4304580066708377,0.7128183262979121
75.25,0.4374769196623953,0.6900359589508429
75.26,0.44425872584985454,0.6653980179107732
75.27,0.45078488002061073,0.6389122130382006
75.28,0.45703697011061856,0.6105977326526469
75.29,0.4629968346736637,0.5804857263314331
75.3,0.4686466846372472,0.5486196715923517
75.31,0.47396922810551073,0.5150556094599015
75.32000000000001,0.4789477968264452,0.47986223553793556
75.33,0.4835664728162694,0.4431208353482934
75.34,0.4878102135334111,0.4049250553217877
75.35000000000001,0.49166497392270514,0.3653805038990148
75.36,0.49511782361139134,0.3246041806455389
75.37,0.4981570575356159,0.28272373501938086
75.38,0.500772298311779,0.2398765603397944
75.39,0.5029545887424118,0.1962087324712677
75.4,0.5046964729612043,0.15187380662153072
75.41,0.5059920648748424,0.10703148931878678
75.42,0.50683710274758,0.061846205945333174
75.43,0.507228988993749,0.016485587035154604
75.44,0.507166814488283,-0.028881101219446217
75.45,0.5066513669693601,-0.07408455525235974
75.46000000000001,0.5056851233832359,-0.11895703339070907
75.47,0.5042722263015459,-0.16333392826614285
75.48,0.502418444817913,-0.20705528528279835
75.49,0.5001311205958899,-0.2499672415546054
75.5,0.49741909998682093,-0.29192336191335716
75.51,0.4942926533576228,-0.3327858513782947
75.52,0.49076338295925503,-0.37242662675787735
75.53,0.48684412082246525,-0.4107282336988616
75.54,0.4825488182852778,-0.4475845993711611
75.55,0.47789242883504207,-0.4829016149408483
75.56,0.47289078598646084,-0.516597545903549
75.57000000000001,0.4675604779169711,-0.5486032721016353
75.58,0.4619187205444282,-0.5788623627211412
75.59,0.4559832306625483,-0.6073309946669803
75.60000000000001,0.4497721006510886,-0.6339777253778571
75.61,0.44330367615499117,-0.6587831333177304
75.62,0.43659643798473396,-0.6817393410437016
75.63,0.4296688893341171,-0.7028494368969271
75.64,0.42253944924679543,-0.7221268120088625
75.65,0.4152263530939399,-0.7395944294914506
75.66,0.40774756065696643,-0.7552840424314399
75.67,0.40012067224531106,-0.7692353766901436
75.68,0.39236285312316355,-0.7814952935810436
75.69,0.38449076637369023,-0.7921169463220398
75.7,0.3765205141967228,-0.8011589428001357
75.71000000000001,0.36846758751768754,-0.8086845257047331
75.72,0.36034682368262816,-0.814760779537822
75.73,0.3521723719269311,-0.8194578724455782
75.74,0.3439576662337166,-0.8228483392797215
75.75,0.3357154051413367,-0.8250064108245297
75.76,0.327457538017226,-0.8260073927452494
75.77,0.3191952572864317,-0.8259270965470893
75.78,0.3109389960862842,-0.8248413236955828
75.79,0.30269843081252,-0.8228254030472318
75.8,0.29448248802533955,-0.8199537808771141
75.81,0.28629935519497773,-0.8162996620661266
75.82000000000001,0.278156494784017,-0.8119347004197252
75.83,0.27006066118658323,-0.8069287356246045
75.84,0.2620179200715249,-0.8013495739998797
75.85000000000001,0.2540336697065856,-0.7952628099538032
75.86,0.24611266387244882,-0.7887316849039635
75.87,0.23825903600850634,-0.7818169803460954
75.88,0.23047632426552694,-0.774576941752094
75.89,0.22276749717346447,-0.7670672300300804
75.9,0.21513497966492534,-0.759340897377613
75.91,0.2075806792259122,-0.7514483844935016
75.92,0.2001060119750553,-0.7434375362752308
75.93,0.19271192850040755,-0.7353536333098618
75.94,0.185398939308858,-0.7272394366596044
75.95,0.17816713976721543,-0.7191352436431905
75.96000000000001,0.1710162344359942,-0.7110789525158405
75.97,0.16394556071689864,-0.7031061341499952
75.98,0.1569541117529943,-0.6952501090128804
75.99,0.15004055853664106,-0.6875420279228885
76.0,0.14320327119453655,-0.6800109552428605
76.01,0.13644033943178385,-0.6726839533333088
76.02,0.12974959212787038,-0.6655861672416048
76.03,0.12312861608695175,-0.6587409087437068
76.04,0.11657477395299623,-0.6521697389829779
76.05,0.11008522130729219,-0.6458925490661787
76.06,0.10365692297167267,-0.63992763808013
76.07000000000001,0.0972866685456896,-0.6342917880842927
76.08,0.09097108720998681,-0.6290003357152194
76.09,0.0847066618313852,-0.6240672401091518
76.10000000000001,0.07848974240780376,-0.6195051469096793
76.11,0.07231655889319161,-0.6153254481791111
76.12,0.06618323344422156,-0.6115383380757808
76.13,0.060085792131676,-0.608152864195652
76.14,0.05402017616030852,-0.6051769745060696
76.15,0.04798225264155462,-0.6026175598230106
76.16,0.041967824963848314,-0.6004804918013964
76.17,0.035972642805526686,-0.5987706564216169
76.18,0.029992411835415973,-0.5974919829649629
76.19,0.02402280314622743,-0.5966474684767862
76.2,0.01805946246588025,-0.5962391977194439
76.21000000000001,0.012098019191838552,-0.5962683586179562
76.22,0.006134095293521125,-0.5967352532003367
76.23,0.0001633141278318171,-0.597639304032213
76.24,-0.005818690787123135,-0.5989790561421029
76.25,-0.011816266995010241,-0.6007521744300282
76.26,-0.017833734275723698,-0.6029554365484633
76.27,-0.02387537572597951,-0.6055847212413971
76.28,-0.029945428700551644,-0.6086349921249874
76.29,-0.03604807556847926,-0.61210027689237
76.3,-0.04218743423839905,-0.6159736419261413
76.31,-0.048367548407002095,-0.6202471623053676
76.32000000000001,-0.054592377484506405,-0.624911887200198
76.33,-0.06086578615100606,-0.6299578006568476
76.34,-0.06719153349764337,-0.6353737777894444
76.35000000000001,-0.07357326170679496,-0.6411475364136122
76.36,-0.08001448422591562,-0.6472655841803574
76.37,-0.08651857339040211,-0.6537131612985073
76.38,-0.09308874745188576,-0.6604741789703277
76.39,-0.09972805696980866,-0.6675311537087679
76.4,-0.10643937052606113,-0.6748651377567901
76.41,-0.11322535972494448,-0.6824556458901949
76.42,-0.12008848344386504,-0.6902805789560204
76.43,-0.12703097130406488,-0.6983161445796673
76.44,-0.13405480633545835,-0.7065367755660994
76.45,-0.14116170681538684,-0.7149150466243555
76.46000000000001,-0.14835310726794548,-0.7234215901606924
76.47,-0.1556301386186007,-0.7320250120142852
76.48,-0.16299360750823116,-0.7406918081506864
76.49,-0.1704439747816144,-0.7493862834820572
76.5,-0.1779813331778723,-0.7580704741491121
76.51,-0.18560538426459663,-0.766704074776932
76.52,-0.19331541467341093,-0.77524437240402
76.53,-0.20111027171267704,-0.7836461889793781
76.54,-0.2089883384529985,-0.7918618345235043
76.55,-0.21694750840314714,-0.7998410732528891
76.56,-0.2249851599180563,-0.8075311051698487
76.57000000000001,-0.2330981305065441,-0.8148765658155025
76.58,-0.24128269123436633,-0.8218195470675798
76.59,-0.24953452144789567,-0.8282996420297011
76.60000000000001,-0.2578486840749603,-0.834254017196947
76.61,-0.26621960179183457,-0.8396175151850142
76.62,-0.27464103437866055,-0.8443227913671637
76.63,-0.28310605761917784,-0.848300487763686
76.64,-0.2916070441339343,-0.8514794474612163
76.65,-0.3001356465684022,-0.8537869726918795
76.66,-0.3086827835877719,-0.8551491294626801
76.67,-0.31723862915765577,-0.8554911012817483
76.68,-0.32579260561340684,-0.8547375940686764
76.69,-0.3343333810390293,-0.8528132937512014
76.7,-0.3428488714884309,-0.8496433773318895
76.71000000000001,-0.35132624858566713,-0.8451540773509635
76.72,-0.35975195303545016,-0.8392732986733197
76.73,-0.3681117145591335,-0.8319312853918853
76.74,-0.37639057874328785,-0.8230613343738351
76.75,-0.38457294124661023,-0.812600550595044
76.76,-0.3926425897551888,-0.8004906379324849
76.77,-0.40058275400525994,-0.786678717542389
76.78,-0.40837616410603655,-0.7711181643797372
76.79,-0.41600511729285466,-0.7537694508553535
76.8,-0.4234515531231436,-0.7346009851308655
76.81,-0.43069713699547196,-0.713589930175436
76.82000000000001,-0.43772335172665233,-0.6907229885124507
76.83,-0.444511596765721,-0.6659971366328946
76.84,-0.45104329445931024,-0.6394202924088022
76.85000000000001,-0.4573000026138971,-0.611011898565995
76.86,-0.4632635324306302,-0.5808034054254522
76.87,-0.4689160707224061,-0.5488386367427178
76.88,-0.4742403051654845,-0.5151740235974207
76.89,-0.4792195511943545,-0.47987869292667534
76.9,-0.48383787902401804,-0.44303439945414674
76.91,-0.48808023918343746,-0.4047352924168842
76.92,-0.49193258487235575,-0.36508751158812086
76.93,-0.4953819894151999,-0.32420861056688854
76.94,-0.4984167570836935,-0.28222680906382125
76.95,-0.5010265255964763,-0.23928007984721428
76.96000000000001,-0.5032023586806378,-0.19551507999941264
76.97,-0.5049368271964645,-0.15108594003588544
76.98,-0.5062240774813555,-0.10615292811868096
76.99,-0.5070598857588382,-0.0608810099155299
77.0,-0.5074416976796661,-0.015438327488110436
77.01,-0.5073686523086004,0.030005377173749216
77.02,-0.5068415901361911,0.07528036681062718
77.03,-0.5058630449723879,0.12021851379063583
77.04,-0.5044372198603784,0.1646548772822439
77.05,-0.502569947426743,0.20842922551577983
77.06,-0.5002686353500628,0.2513874774751726
77.07000000000001,-0.4975421978772396,0.2933830405804892
77.08,-0.49440097453845305,0.33427802374206833
77.09,-0.4908566374023982,0.3739443084772919
77.10000000000001,-0.4869220883689072,0.4122644644540078
77.11,-0.482611348113318,0.44913249972364044
77.12,-0.47793943837443437,0.48445443989285925
77.13,-0.4729222593154608,0.5181487344201385
77.14,-0.46757646368603156,0.550146491987497
77.15,-0.46191932947571085,0.5803915503780805
77.16,-0.45596863267847,0.6088403893959066
77.17,-0.4497425216877928,0.6354618980253303
77.18,-0.4432593947179634,0.6602370091975687
77.19,-0.43653778150384137,0.6831582171854387
77.2,-0.4295962303742546,0.7042289937821614
77.21000000000001,-0.4224532016281981,0.723463120051668
77.22,-0.4151269679732212,0.7408839505986616
77.23,-0.4076355226162248,0.7565236270421203
77.24,-0.39999649543237875,0.7704222567408795
77.25,-0.3922270774814073,0.7826270718754086
77.26,-0.38434395399487065,0.7931915827996595
77.27,-0.37636324582541414,0.8021747382045806
77.28,-0.36830045923077903,0.8096401031416067
77.29,-0.360170443762582,0.8156550643966269
77.3,-0.3519873579428465,0.8202900711330672
77.31,-0.34376464233992066,0.823617917180269
77.32000000000001,-0.33551499959924114,0.8257130698663182
77.33,-0.3272503809425943,0.8266510489113469
77.34,-0.3189819786210142,0.8265078576292442
77.35000000000001,-0.3107202237900094,0.8253594675470051
77.36,-0.3024747892700741,0.823281356549846
77.37,-0.2942545966590125,0.8203480997995963
77.38,-0.2860678272740822,0.8166330119521429
77.39,-0.27792193641996965,0.8122078386116772
77.4,-0.26982367050184863,0.8071424944971712
77.41,-0.26177908653002624,0.8015048454499225
77.42,-0.2537935735928502,0.7953605311688507
77.43,-0.24587187590664922,0.7887728254104677
77.44,-0.23801811708464085,0.7818025303208561
77.45,-0.23023582530023212,0.7745079015655247
77.46000000000001,-0.2225279590533304,0.766944600978096
77.47,-0.21489693328067022,0.7591656735496493
77.48,-0.2073446455823374,0.7512215457172505
77.49,-0.19987250236632517,0.7431600420738368
77.5,-0.19248144474086062,0.7350264178043119
77.51,-0.1851719740102389,0.7268634043476099
77.52,-0.1779441766539084,0.7187112659857493
77.53,-0.17079774869052392,0.7106078652636848
77.54,-0.1637320193486347,0.7025887353440451
77.55,-0.156745973983643,0.6946871575954711
77.56,-0.14983827619672527,0.6869342428997566
77.57000000000001,-0.14300728912564786,0.6793590153395087
77.58,-0.1362510958899351,0.6719884970933092
77.59,-0.12956751918378168,0.6648477935185424
77.60000000000001,-0.12295414001956424,0.657960177542709
77.61,-0.11640831563292749,0.6513471726120679
77.62,-0.10992719656732287,0.6450286335619642
77.63,-0.1035077429616882,0.6390228248765376
77.64,-0.09714674006979213,0.633346495897171
77.65,-0.09084081304374478,0.6280149526196146
77.66,-0.08458644101739984,0.6230421257898916
77.67,-0.07837997052794696,0.6184406350695896
77.68,-0.07221762831600806,0.614221849092703
77.69,-0.0660955335460929,0.6103959412795968
77.7,-0.060009709490416126,0.6069719413096503
77.71000000000001,-0.0539560947198999,0.6039577821834493
77.72,-0.04793055384674714,0.6013603428287422
77.73,-0.04192888786332506,0.5991854862224401
77.74,-0.035946844122298344,0.5974380930143682
77.75,-0.029980126003037698,0.5961220906478898
77.76,-0.024024402309340546,0.5952404779784982
77.77,-0.018075316443467732,0.5947953453945742
77.78,-0.012128495401449063,0.5947878904452452
77.79,-0.006179558634562829,0.5952184289791671
77.8,-0.00022412682186572118,0.5960864017955648
77.81,0.005742169401348467,0.5973903768054691
77.82000000000001,0.011723680714243663,0.5991280466972326
77.83,0.017724730335293117,0.6012962220965471
77.84,0.023749605156174605,0.6038908202077724
77.85000000000001,0.029802546739448568,0.6069068489208523
77.86,0.03588774213459165,0.6103383863669328
77.87,0.04200931446678722,0.614178555906465
77.88,0.04817131325272095,0.6184194965365706
77.89,0.054377704397518635,0.6230523287103021
77.9,0.060632359826926996,0.6280671155696816
77.91,0.06693904670891228,0.6334528196076298
77.92,0.0733014162190796,0.6391972547917192
77.93,0.07972299180474667,0.6452870342057301
77.94,0.08620715690319421,0.6517075132939407
77.95,0.09275714207062548,0.658442728828653
77.96000000000001,0.09937601147976725,0.6654753337643478
77.97,0.10606664874591243,0.6727865281928552
77.98,0.11283174204362435,0.6803559866737522
77.99,0.11967376847938746,0.6881617822836067
78.0,0.12659497768929648,0.6961803078074189
78.01,0.13359737463553584,0.7043861945863199
78.02,0.1406827015810229,0.7127522296378936
78.03,0.14785241922829373,0.7212492717798908
78.04,0.15510768701662073,0.7298461676149297
78.05,0.16244934258059235,0.7385096683732114
78.06,0.16987788038408497,0.74720434876221
78.07000000000001,0.17739342955583653,0.7558925291363207
78.08,0.18499573096681138,0.7645342024748082
78.09,0.19268411360533272,0.7730869678418437
78.10000000000001,0.20045747032364827,0.7815059721961932
78.11,0.2083142330492566,0.7897438626178538
78.12,0.21625234757600534,0.7977507512215393
78.13,0.22426924807368737,0.8054741952285099
78.14,0.23236183148057551,0.8128591948640987
78.15,0.24052643197096932,0.8198482119327044
78.16,0.2487587957192296,0.8263812120883199
78.17,0.2570540562127357,0.8323957339591338
78.18,0.26540671039841224,0.8378269883906098
78.19,0.2738105959805479,0.8426079911329996
78.2,0.28225887022107227,0.8466697323058023
78.21000000000001,0.290743990626664,0.8499413859118548
78.22,0.29925769793930945,0.8523505625355805
78.23,0.3077910018773757,0.8538236081312799
78.24,0.3163341701019351,0.8542859514761812
78.25,0.32487672090689934,0.8536625024179645
78.26,0.3334074201502944,0.8518781024774629
78.27,0.3419142829564486,0.8488580286660363
78.28,0.35038458072361517,0.8445285505381322
78.29,0.3588048539672113,0.8388175395207239
78.3,0.3671609315140297,0.8316551284449152
78.31,0.3754379565361096,0.8229744179584753
78.32000000000001,0.3836204198731992,0.8127122251348574
78.33,0.3916922010388068,0.8008098681345251
78.34,0.3996366172358897,0.7872139792454981
78.35000000000001,0.4074364806237168,0.7718773370667906
78.36,0.4150741639772255,0.7547597070431599
78.37,0.42253167476458,0.7358286780616107
78.38,0.42979073753845776,0.7150604814348905
78.39,0.43683288439327783,0.69244077738496
78.4,0.44363955308615705,0.6679653931632332
78.41,0.45019219225654256,0.6416409962678008
78.42,0.45647237301151306,0.6134856859020686
78.43,0.4624619059745839,0.5835294859198521
78.44,0.46814296272991013,0.5518147230655457
78.45,0.47349820043589486,0.5183962753786109
78.46000000000001,0.4785108882374824,0.48334167720754717
78.47,0.48316503398004584,0.44673106936928686
78.48,0.48744550962486816,0.4086569855741584
78.49,0.49133817369152905,0.36922396927047585
78.5,0.4948299890102777,0.32854801848013837
78.51,0.49790913406113185,0.28675585990952673
78.52,0.5005651062084683,0.24398405752138996
78.53,0.5027888152115596,0.20037796472069222
78.54,0.504572665502882,0.15609053320716954
78.55,0.5059106258757029,0.11128099524137836
78.56,0.5067982854077095,0.06611343942266454
78.57000000000001,0.5072328946641562,0.020755302958512786
78.58,0.5072133914668797,-0.024624194298017404
78.59,0.5067404107781958,-0.06985564714465538
78.60000000000001,0.5058162785239866,-0.11477106588228941
78.61,0.5044449894605499,-0.1592054528436564
78.62,0.5026321694671134,-0.20299832739874735
78.63,0.5003850229125749,-0.24599517367147747
78.64,0.49771226599368384,-0.28804878733195755
78.65,0.49462404716593583,-0.3290205005684334
78.66,0.4911318559823152,-0.3687812675843985
78.67,0.4872484218142478,-0.4072125965845959
78.68,0.48298760405062324,-0.4442073180735038
78.69,0.47836427545277777,-0.4796701832529772
78.7,0.47339420038556373,-0.5135182902367799
78.71000000000001,0.46809390964804215,-0.5456813395728521
78.72,0.46248057359410666,-0.5761017240678314
78.73,0.45657187516668557,-0.6047344610494537
78.74,0.4503858843731176,-0.6315469779089917
78.75,0.4439409356085057,-0.6565187639882234
78.76,0.43725550909335315,-0.679640903586447
78.77,0.43034811753677676,-0.700915506057049
78.78,0.4232371989722122,-0.7203550496537495
78.79,0.4159410165437018,-0.7379816560041452
78.8,0.4084775658521293,-0.7538263118762094
78.81,0.4008644903061776,-0.76792805431556
78.82000000000001,0.39311900476581807,-0.7803331343276083
78.83,0.3852578276196254,-0.7910941731223794
78.84,0.37729712130337045,-0.8002693235942847
78.85000000000001,0.36925244114773975,-0.8079214482355883
78.86,0.36113869233865875,-0.8141173231375638
78.87,0.3529700946849885,-0.8189268761684103
78.88,0.3447601548152906,-0.8224224658760362
78.89,0.3365216453674678,-0.8246782061836384
78.9,0.32826659069161784,-0.82576934055588
78.91,0.32000625855635023,-0.8257716680353642
78.92,0.3117511573309106,-0.8247610223981544
78.93,0.3035110381083872,-0.8228128046622202
78.94,0.2952949012376662,-0.820001568307436
78.95,0.2871110067422385,-0.8164006558291003
78.96000000000001,0.27896688812108417,-0.8120818846441179
78.97,0.2708693690493561,-0.8071152798924277
78.98,0.2628245825232356,-0.8015688513162452
78.99,0.25483799202303115,-0.79550841114513
79.0,0.24691441430033298,-0.7889974297539076
79.01,0.239058043427953,-0.7820969257809027
79.02,0.2312724757847149,-0.7748653873837501
79.03,0.22356073568027798,-0.7673587213576841
79.04,0.21592530135756122,-0.7596302269358005
79.05,0.20836813114156197,-0.7517305912223536
79.06,0.20089068953311412,-0.7437079033696993
79.07000000000001,0.19349397307416794,-0.7356076847890113
79.08,0.18617853583733388,-0.7274729328774724
79.09,0.1789445144166185,-0.7193441759443134
79.10000000000001,0.1717916523184476,-0.711259537219873
79.11,0.164719323672221,-0.7032548060316918
79.12,0.15772655619781373,-0.6953635144262734
79.13,0.15081205338369552,-0.6876170177019663
79.14,0.1439742158437744,-0.6800445774955697
79.15,0.13721116183378412,-0.6726734462313707
79.16,0.130520746919147,-0.6655289518954871
79.17,0.12390058279587439,-0.6586345822401672
79.18,0.11734805527434365,-0.652012067651877
79.19,0.11086034144283685,-0.6456814620337261
79.2,0.10443442603366913,-0.639661221157337
79.21000000000001,0.09806711701969012,-0.6339682780321045
79.22,0.09175506047302705,-0.628618114921524
79.23,0.08549475472125964,-0.6236248317075489
79.24,0.07928256383887607,-0.6190012103654651
79.25,0.07311473051395034,-0.6147587753643211
79.26,0.06698738833158965,-0.6109078498522613
79.27,0.06089657351690512,-0.6074576075229267
79.28,0.05483823618113112,-0.6044161200891673
79.29,0.04880825111512178,-0.6017904003143375
79.3,0.04280242817484438,-0.5995864405701244
79.31,0.03681652230371929,-0.5978092469038406
79.32000000000001,0.030846243236767566,-0.5964628686079906
79.33,0.024887264931559478,-0.5955504232913172
79.34,0.01893523477094122,-0.5950741174539812
79.35000000000001,0.012985782582479854,-0.5950352625705504
79.36,0.007034529519530212,-0.5954342866835973
79.37,0.001077096848807907,-0.5962707415083917
79.38,-0.004890885310637621,-0.5975433050458903
79.39,-0.010873769252109899,-0.599249779697448
79.4,-0.016875880904586582,-0.6013870858708239
79.41,-0.02290151096952638,-0.6039512510636036
79.42,-0.028954905925858657,-0.6069373944075488
79.43,-0.03504025885767736,-0.6103397066560748
79.44,-0.04116170005898015,-0.6141514255975348
79.45,-0.04732328736962805,-0.6183648068797474
79.46000000000001,-0.0535289961965751,-0.6229710902367552
79.47,-0.05978270917436316,-0.6279604611176992
79.48,-0.06608820541892908,-0.6333220077305208
79.49,-0.07244914932897356,-0.6390436735305483
79.5,-0.07886907888954003,-0.6451122052065499
79.51,-0.08535139343310455,-0.6515130962452078
79.52,-0.09189934081444419,-0.6582305261898799
79.53,-0.09851600395690216,-0.6652472957517257
79.54,-0.10520428672947871,-0.6725447579814937
79.55,-0.11196689911653203,-0.6801027457692841
79.56,-0.1188063416448644,-0.6878994960081631
79.57000000000001,-0.1257248890366953,-0.6959115708363242
79.58,-0.13272457306159088,-0.7041137764622832
79.59,-0.13980716456594097,-0.7124790801789638
79.60000000000001,-0.14697415466517016,-0.7209785262859766
79.61,-0.1542267350916605,-0.7295811517653209
79.62,-0.16156577770047656,-0.7382539026942951
79.63,-0.16899181314554637,-0.7469615525305447
79.64,-0.17650500875108743,-0.7556666235675378
79.65,-0.18410514561689711,-0.7643293130336061
79.66,-0.19179159501175955,-0.7729074254928375
79.67,-0.1995632941267539,-0.7813563133998644
79.68,-0.20741872127975686,-0.7896288278606229
79.69,-0.21535587068396633,-0.7976752818544737
79.7,-0.22337222691684633,-0.8054434283758614
79.71000000000001,-0.2314647392514836,-0.8128784561512818
79.72,-0.23962979603987197,-0.8199230057741272
79.73,-0.24786319936696613,-0.8265172092693833
79.74,-0.2561601402252596,-0.8325987562445093
79.75,-0.26451517449185624,-0.8381029898934758
79.76,-0.27292220002312906,-0.8429630361881746
79.77,-0.2813744352156197,-0.8471099696046358
79.78,-0.2898643994152218,-0.8504730186793098
79.79,-0.2983838955892059,-0.8529798145611364
79.8,-0.3069239957064445,-0.8545566855060113
79.81,-0.3154750292993262,-0.8551289999394674
79.82000000000001,-0.32402657570523397,-0.8546215602793961
79.83,-0.33256746050491415,-0.8529590491531017
79.84,-0.341085756688296,-0.8500665289534198
79.85000000000001,-0.34956879108398253,-0.8458699948510963
79.86,-0.3580031565853179,-0.8402969804126509
79.87,-0.3663747306922356,-0.8332772138662874
79.88,-0.37466870086264364,-0.8247433218199589
79.89,-0.3828695971286347,-0.8146315758783111
79.9,-0.39096133238020986,-0.8028826761484034
79.91,-0.3989272506516028,-0.7894425640945695
79.92,-0.40675018366210125,-0.7742632556347631
79.93,-0.414412515764298,-0.7573036838059715
79.94,-0.4218962573382206,-0.7385305388136617
79.95,-0.4291831265405712,-0.7179190918748831
79.96000000000001,-0.43625463917571833,-0.6954539880267006
79.97,-0.4430922063011053,-0.6711299920642836
79.98,-0.449677239017004,-0.6449526710601785
79.99,-0.45599125972230886,-0.6169389965599124
80.0,-0.46201601894820227,-0.5871178496057203
80.01,-0.4677336167144233,-0.5555304122577317
80.02,-0.47312662719335696,-0.5222304302960437
80.03,-0.4781782253203442,-0.48728433331784726
80.04,-0.48287231385971385,-0.4507712004926581
80.05,-0.48719364933019726,-0.4127825627863975
80.06,-0.4911279651154417,-0.37342203546985314
80.07000000000001,-0.4946620900395943,-0.3328047781245101
80.08,-0.49778406067793196,-0.291056783062634
80.09,-0.500483225700847,-0.2483139969829492
80.10000000000001,-0.5027503406175909,-0.2047212846663542
80.11,-0.5045776513941741,-0.1604312474446251
80.12,-0.5059589655664835,-0.11560291291023017
80.13,-0.5068897096523787,-0.07040031573944253
80.14,-0.5073669718812722,-0.024990992443931943
80.15,-0.5073895295012573,0.020455584767510415
80.16,-0.506957860185922,0.06576960814025332
80.17,-0.5060741373384522,0.11078254070618847
80.18,-0.5047422093717983,0.15532870078948208
80.19,-0.5029675633226626,0.1992467972887856
80.2,-0.5007572734260225,0.24238138971117873
80.21000000000001,-0.498119935528439,0.28458424901075197
80.22,-0.4950655884458075,0.3257155979840236
80.23,-0.49160562356875853,0.3656452131883963
80.24,-0.4877526841820396,0.4042533739542941
80.25,-0.48352055608967265,0.44143164792135514
80.26,-0.4789240512236125,0.4770835065049489
80.27,-0.47397888595957366,0.5111247676548978
80.28,-0.46870155587051454,0.5434838670759946
80.29,-0.46310920861805377,0.5741019626261916
80.3,-0.4572195166179907,0.6029328797978475
80.31,-0.45105055102209685,0.6299429089458402
80.32000000000001,-0.4446206584390739,0.655110467201809
80.33,-0.4379483416780606,0.6784256397770964
80.34,-0.43105214564353195,0.6998896166005617
80.35000000000001,-0.42395054934604937,0.7195140409734673
80.36,-0.4166618648240626,0.7373202871812028
80.37,-0.4092041436024253,0.7533386838235602
80.38,-0.40159509114759134,0.7676076990647268
80.39,-0.39385198962113077,0.7801731031210559
80.4,-0.38599162908517026,0.7910871221623788
80.41,-0.37803024717788325,0.8004075964649903
80.42,-0.3699834771558705,0.8081971541832079
80.43,-0.36186630409421905,0.8145224105591036
80.44,-0.35369302894468835,0.8194532008184483
80.45,-0.34547724007785,0.8230618534500644
80.46000000000001,-0.337231791875687,0.8254225090732399
80.47,-0.32896878989638517,0.8266104886936833
80.48,-0.3206995821018133,0.8267017138553362
80.49,-0.3124347556192784,0.8257721800289368
80.5,-0.30418413850123455,0.8238974835480184
80.51,-0.295956805948318,0.821152401512964
80.52,-0.28776109047097526,0.8176105233331202
80.53,-0.27960459548165567,0.8133439319613222
80.54,-0.2714942118317488,0.8084229323870283
80.55,-0.2634361368339151,0.8029158245840315
80.56,-0.2554358953400682,0.7968887178453137
80.57000000000001,-0.24749836247700882,0.7904053832691545
80.58,-0.23962778767468512,0.783527141074871
80.59,-0.23182781965551139,0.7763127794114446
80.60000000000001,-0.2241015320864562,0.7688185013661144
80.61,-0.21645144962818907,0.7610978969718131
80.62,-0.20887957414701994,0.7532019371419948
80.63,-0.20138741088534917,0.7451789866198004
80.64,-0.1939759944146239,0.737074833207555
80.65,-0.18664591422119806,0.728932730735216
80.66,-0.1793973397999196,0.7207934534265596
80.67,-0.17223004515266688,0.712695359524536
80.68,-0.16514343260942885,0.7046744622381684
80.69,-0.1581365559079035,0.6967645062692731
80.7,-0.15120814248404338,0.6889970483655319
80.71000000000001,-0.14435661494059282,0.6814015405250807
80.72,-0.13758011167354173,0.6740054146454039
80.73,-0.13087650664768471,0.6668341675650235
80.74,-0.12424342832224124,0.659911445589717
80.75,-0.11767827773589036,0.6532591277256252
80.76,-0.11117824576772874,0.6468974069596853
80.77,-0.10474032959669666,0.64084486903366
80.78,-0.09836134838705553,0.6351185682520732
80.79,-0.09203795823165518,0.6297340999471945
80.8,-0.08576666638811163,0.6247056692964947
80.81,-0.07954384484572528,0.6200461562504574
80.82000000000001,-0.07336574326310248,0.6157671763819919
80.83,-0.06722850131808546,0.6118791375137468
80.84,-0.06112816051282755,0.6083912920171103
80.85000000000001,-0.05506067547774325,0.605311784707329
80.86,-0.04902192481868097,0.6026476962837309
80.87,-0.04300772155206863,0.6004050822831648
80.88,-0.03701382317301768,0.5985890075291268
80.89,-0.0310359414014861,0.5972035760692725
80.9,-0.02506975165163223,0.5962519566006874
80.91,-0.019110902269472353,0.5957364033859739
80.92,-0.013155023583912753,0.5956582726644521
80.93,-0.007197736816183309,0.5960180345620477
80.94,-0.001234662892671798,0.5968152805012624
80.95,0.0047385687938419395,0.5980487261094569
80.96000000000001,0.01072631162951734,0.5997162096199607
80.97,0.016732892986241154,0.6018146857567368
80.98,0.02276260534465208,0.6043402150899109
80.99,0.028819697288039375,0.6072879488468677
81.0,0.03490836432158943,0.6106521091623054
81.01,0.04103273947128548,0.6144259647510891
81.02,0.047196883616611215,0.6186018019904455
81.03,0.05340477551109439,0.6231708914035355
81.04,0.05966030144468193,0.6281234495452453
81.05,0.0659672445019993,0.6334485963037451
81.06,0.07232927337075683,0.6391343076485924
81.07000000000001,0.07874993065497114,0.6451673638785095
81.08,0.08523262064832701,0.6515332934501543
81.09,0.09178059652397423,0.6582163125039111
81.10000000000001,0.09839694689840524,0.6651992602446738
81.11,0.10508458172886771,0.6724635303855482
81.12,0.11184621750611622,0.6799889989210964
81.13,0.11868436170728966,0.6877539485649447
81.14,0.12560129647741514,0.6957349902650033
81.15,0.13259906151258974,0.7039069822988988
81.16,0.13967943612339312,0.7122429475530884
81.17,0.14684392046365152,0.7207139897020582
81.18,0.1540937159174343,0.7292892091293406
81.19,0.16142970464623835,0.7379356195700227
81.2,0.16885242830883476,0.7466180666049071
81.21000000000001,0.17636206597833648,0.7552991492991377
81.22,0.1839584112948175,0.7639391464522296
81.23,0.19164084890738106,0.7724959491108521
81.24,0.19940833027703453,0.7809250011887087
81.25,0.20725934893115525,0.7891792502371713
81.26,0.21519191528177797,0.7972091106129258
81.27,0.22320353114341376,0.8049624414910345
81.28,0.23129116411159864,0.812384542368862
81.29,0.239451221990791,0.8194181688926802
81.3,0.24767952748945224,0.8260035720079025
81.31,0.25597129343094904,0.8320785635782093
81.32000000000001,0.26432109876101645,0.8375786117296571
81.33,0.2727228656655422,0.8424369692436219
81.34,0.28116983814588886,0.8465848383365184
81.35000000000001,0.28965456243227256,0.8499515751133482
81.36,0.29816886964815587,0.8524649368543565
81.37,0.3067038611693597,0.8540513750772524
81.38,0.3152498971497009,0.8546363769994862
81.39,0.3237965887093494,0.8541448575945303
81.4,0.33233279430159146,0.8525016038826106
81.41,0.3408466207870016,0.8496317724114115
81.42,0.3493254297498197,0.845461440059955
81.43,0.3577558495882007,0.8399182073365983
81.44,0.3661237938965517,0.8329318522415582
81.45,0.3744144866330319,0.8244350315323458
81.46000000000001,0.3826124945271986,0.8143640248796284
81.47,0.39070176713062443,0.802659515950654
81.48,0.3986656848462117,0.7892674029339167
81.49,0.4064871151893028,0.774139629456181
81.5,0.41414847743533534,0.7572350252827292
81.51,0.42163181569495745,0.738520144682316
81.52,0.4289188803289817,0.7179700889345929
81.53,0.43599121747364933,0.6955692982195262
81.54,0.44283026629337224,0.6713122971184519
81.55,0.4494174634160184,0.6452043772386498
81.56,0.45573435383814526,0.617262200109356
81.57000000000001,0.4617627074182055,0.5875143035435233
81.58,0.46748463990901573,0.5560014951643074
81.59,0.4728827373214917,0.522777117794052
81.60000000000001,0.4779401822648968,0.48790717291687147
81.61,0.4826408807798292,0.4514702904557776
81.62,0.48696958807401247,0.41355753563291675
81.63,0.4909120314924876,0.3742720466658812
81.64,0.49445502900733007,0.3337285004306347
81.65,0.49758660150110023,0.29205240690695683
81.66,0.5002960771454692,0.24937923711047966
81.67,0.5025741862433099,0.2058533931852599
81.68,0.5044131450091744,0.16162703324991656
81.69,0.5058067269083082,0.11685876732051866
81.7,0.5067503203555848,0.07171224403727883
81.71000000000001,0.5072409717890538,0.026354650869931967
81.72,0.5072774133729835,-0.01904484714703413
81.73,0.5068600748461132,-0.06431670338841067
81.74,0.5059910793052153,-0.1092925925869222
81.75,0.5046742229943747,-0.15380699282396124
81.76,0.5029149394487361,-0.19769871921595067
81.77,0.5007202486100557,-0.2408123832958977
81.78,0.4980986917828181,-0.2829997541407271
81.79,0.49506025352724115,-0.3241209999683239
81.8,0.49161627178345163,-0.3640457921179736
81.81,0.4877793376848817,-0.40265425691068646
81.82000000000001,0.48356318664523795,-0.43983776472734215
81.83,0.4789825823903349,-0.47549954960413193
81.84,0.47405319565315535,-0.5095551565902948
81.85000000000001,0.468791479258529,-0.541932717915161
81.86,0.46321454129485207,-0.5725730625564183
81.87,0.4573400180074006,-0.6014296669936944
81.88,0.45118594795497813,-0.6284684576962363
81.89,0.44477064885347584,-0.6536674781782735
81.9,0.4381125983914127,-0.6770164352307311
81.91,0.43123032014886126,-0.6985161401950939
81.92,0.42414227558751083,-0.7181778618958906
81.93,0.41686676291094343,-0.7360226081208984
81.94,0.4094218234250928,-0.7520803523750629
81.95,0.40182515586344214,-0.766389222087884
81.96000000000001,0.39409403898333517,-0.7789946635841577
81.97,0.386245262591759,-0.7899485979975505
81.98,0.3782950670233841,-0.7993085809791535
81.99,0.3702590909721759,-0.8071369775905165
82.0,0.3621523274715738,-0.8135001622302179
82.01,0.35398908772757154,-0.8184677518765976
82.02,0.3457829724340419,-0.8221118793819451
82.03,0.3375468501399327,-0.8245065120629373
82.04,0.3292928421927831,-0.8257268194286498
82.05,0.32103231375135965,-0.8258485925938867
82.06,0.31277587034090537,-0.8249477167578144
82.07000000000001,0.3045333594162034,-0.8230996970955665
82.08,0.2963138763989941,-0.8203792375177797
82.09,0.2881257746658478,-0.8168598709993662
82.10000000000001,0.2799766789790068,-0.8126136395598855
82.11,0.27187350187465015,-0.8077108214863531
82.12,0.26382246254927977,-0.802219703015701
82.13,0.25582910781433615,-0.7962063914274188
82.14,0.2478983347207314,-0.7897346663253201
82.15,0.24003441448782975,-0.7828658657987339
82.16,0.2322410174047567,-0.775658804135629
82.17,0.22452123840511717,-0.768169717801615
82.18,0.2168776230487244,-0.7604522364884366
82.19,0.20931219367534842,-0.7525573761634112
82.2,0.20182647552545616,-0.7445335512080945
82.21000000000001,0.1944215226511865,-0.736426602912186
82.22,0.18709794346721242,-0.72827984178024
82.23,0.1798559258155817,-0.7201341013080617
82.24,0.17269526144105118,-0.7120278010876457
82.25,0.1656153697938288,-0.7039970172999757
82.26,0.15861532109505166,-0.6960755588505703
82.27,0.1516938586168174,-0.6882950475907083
82.28,0.1448494201432375,-0.6806850012458056
82.29,0.13808015859190126,-0.6732729178400393
82.3,0.1313839617864367,-0.6660843605620793
82.31,0.12475847138065965,-0.6591430421601754
82.32000000000001,0.11820110094323319,-0.6524709080856383
82.33,0.1117090532189469,-0.6460882177220504
82.34,0.1052793365887922,-0.6400136231436048
82.35000000000001,0.09890878075607482,-0.6342642449402657
82.36,0.09259405168998687,-0.6288557447305294
82.37,0.08633166586146422,-0.623802394055116
82.38,0.08011800380888455,-0.6191171394076254
82.39,0.0739493230733117,-0.6148116632118168
82.4,0.0678217705446482,-0.6108964406004564
82.41,0.06173139426130257,-0.6073807918883839
82.42,0.05567415470688053,-0.6042729306633149
82.43,0.04964593564803628,-0.6015800074426289
82.44,0.043642554558027964,-0.5993081488636863
82.45,0.03765977267076256,-0.5974624923897356
82.46000000000001,0.03169330471023325,-0.5960472165238058
82.47,0.025738828340286443,-0.5950655665297611
82.48,0.01979199337963803,-0.5945198756634509
82.49,0.013848430827017425,-0.5944115819181567
82.5,0.007903761741274898,-0.5947412402878357
82.51,0.0019536060212607116,-0.5955085305494546
82.52,-0.004006408869714195,-0.5967122605624736
82.53,-0.009980639189988762,-0.5983503650797402
82.54,-0.015973416171309,-0.6004199000601118
82.55,-0.021989037191190997,-0.602917032469521
82.56,-0.028031756820699416,-0.6058370255543585
82.57000000000001,-0.03410577770227817,-0.6091742195694367
82.58,-0.04021524121208816,-0.6129220079428923
82.59,-0.046364217861136016,-0.6170728088626796
82.60000000000001,-0.052556697389341746,-0.621618032274298
82.61,-0.058796578506621976,-0.6265480422876455
82.62,-0.06508765823509466,-0.6318521150029568
82.63,-0.07143362080668111,-0.6375183917822663
82.64,-0.07783802607073997,-0.643533828014377
82.65,-0.08430429736696864,-0.6498841374485789
82.66,-0.09083570881971155,-0.6565537322060417
82.67,-0.09743537201108947,-0.6635256586186359
82.68,-0.10410622199208426,-0.6707815290936466
82.69,-0.11085100259296239,-0.6783014502602136
82.7,-0.11767225099728852,-0.6860639477200892
82.71000000000001,-0.12457228154736417,-0.6940458878022036
82.72,-0.1315531687533326,-0.7022223968082575
82.73,-0.13861672948352932,-0.7105667783357588
82.74,-0.14576450432004776,-0.7190504293761063
82.75,-0.15299773807105144,-0.7276427560089153
82.76,-0.16031735944022604,-0.7363110896499789
82.77,-0.167723959864051,-0.7450206049590598
82.78,-0.17521777153940724,-0.7537342406748054
82.79,-0.1827986446775471,-0.7624126248168092
82.8,-0.19046602403574342,-0.7710140058781028
82.81,-0.19821892479510916,-0.7794941918235796
82.82000000000001,-0.206055907872215,-0.7878064989087787
82.83,-0.2139750547732847,-0.7959017125362639
82.84,-0.22197394212294028,-0.8037280625698393
82.85000000000001,-0.23004961602468152,-0.8112312157255595
82.86,-0.23819856643745146,-0.8183542878474859
82.87,-0.24641670178163122,-0.8250378790490136
82.88,-0.2546993240184317,-0.8312201348498669
82.89,-0.26304110447862855,-0.8368368365560832
82.9,-0.2714360607495534,-0.8418215242059539
82.91,-0.27987753496274764,-0.8461056554285291
82.92,-0.288358173858124,-0.8496188035216774
82.93,-0.2968699110331812,-0.852288897941952
82.94,-0.305403951816963,-0.854042510196477
82.95,-0.31395076123711074,-0.854805187825584
82.96000000000001,-0.3225000555734747,-0.8545018387523443
82.97,-0.33104079801215763,-0.8530571677408896
82.98,-0.3395611989282925,-0.8503961660406016
82.99,-0.34804872133296966,-0.8464446544914613
83.0,-0.35649009201812176,-0.8411298794239088
83.01,-0.36487131892144786,-0.8343811596054218
83.02,-0.37317771521023024,-0.8261305812715721
83.03,-0.38139393054687937,-0.8163137369432956
83.04,-0.3895039899490962,-0.8048705022927373
83.05,-0.3974913405927341,-0.7917458438026946
83.06,-0.40533890682515006,-0.7768906484021998
83.07000000000001,-0.41302915356077813,-0.7602625646935327
83.08,-0.42054415811902074,-0.7418268438615204
83.09,-0.42786569043800854,-0.7215571669284054
83.10000000000001,-0.43497530145758884,-0.6994364437461124
83.11,-0.44185441931293074,-0.6754575680651626
83.12,-0.44848445281889204,-0.6496241122497098
83.13,-0.4548469015579249,-0.6219509447836005
83.14,-0.460923471714564,-0.592464753690735
83.15,-0.46669619663173956,-0.5612044594239718
83.16,-0.4721475609030434,-0.5282215016984432
83.17,-0.4772606266657084,-0.493579986180555
83.18,-0.48201916062665445,-0.45735667889815923
83.19,-0.48640776024367155,-0.41964083869501595
83.2,-0.4904119774005548,-0.3805338809761114
83.21000000000001,-0.4940184378631938,-0.34014886931941973
83.22,-0.4972149547869432,-0.298609835181952
83.23,-0.49999063456683285,-0.25605092980101213
83.24,-0.5023359733829634,-0.21261541636627163
83.25,-0.5042429428941583,-0.16845451448314644
83.26,-0.5057050636726265,-0.12372611272495816
83.27,-0.5067174651486575,-0.07859336854219443
83.28,-0.5072769310434703,-0.03322321783011036
83.29,-0.5073819295052597,0.012215181067493731
83.3,-0.5070326274221204,0.057552042319041374
83.31,-0.5062308886588789,0.10261855883875148
83.32000000000001,-0.5049802562453454,0.14724849178249758
83.33,-0.5032859188232289,0.19127971576348113
83.34,-0.5011546619300757,0.23455569348086086
83.35000000000001,-0.4985948049536117,0.2769268554071658
83.36,-0.49561612482193246,0.31825186277114387
83.37,-0.49222976769818877,0.35839873519866966
83.38,-0.48844815011795906,0.3972458279139884
83.39,-0.48428485113990904,0.4346826472234094
83.4,-0.47975449717349083,0.47061049696481894
83.41,-0.4748726412006126,0.5049429525718033
83.42,-0.4696556381220548,0.5376061632412549
83.43,-0.46412051793578757,0.5685389862917541
83.44,-0.4582848583962197,0.5976929610579798
83.45,-0.45216665871462797,0.6250321325056545
83.46000000000001,-0.44578421574610666,0.6505327371161277
83.47,-0.4391560039723055,0.6741827654463544
83.48,-0.4323005604371796,0.6959814171073674
83.49,-0.42523637563015815,0.715938464731055
83.5,-0.41798179114255857,0.7340735438373347
83.51,-0.4105549047534115,0.7504153854121904
83.52,-0.40297348343431477,0.7650010075129636
83.53,-0.3952548846031523,0.7778748813896118
83.54,-0.3874159858065226,0.7890880865122912
83.55,-0.37947312287290647,0.7986974675904734
83.56,-0.3714420364547131,0.8067648052190981
83.57000000000001,-0.3633378267685245,0.813356010251367
83.58,-0.3551749162496858,0.8185403504285959
83.59,-0.3469670197599526,0.8223897162413
83.60000000000001,-0.33872712192485976,0.8249779314913271
83.61,-0.33046746113012604,0.8263801126037845
83.62,-0.32219951967278404,0.8266720794236849
83.63,-0.3139340195416523,0.8259298190426212
83.64,-0.30568092329193164,0.8242290031459143
83.65,-0.29744943947873403,0.8216445584554669
83.66,-0.28924803212282235,0.818250289068083
83.67,-0.2810844336973724,0.8141185488494397
83.68,-0.27296566114583354,0.8093199615332608
83.69,-0.2648980344667072,0.8039231857842979
83.7,-0.25688719743014754,0.7979947222016505
83.71000000000001,-0.24893814002267414,0.7915987590539542
83.72,-0.24105522224906845,0.7847970534378791
83.73,-0.23324219895391654,0.7776488445240551
83.74,-0.22550224535858732,0.7702107955882113
83.75,-0.2178379830421523,0.7625369616088993
83.76,-0.2102515061264093,0.7546787793363817
83.77,-0.20274440745542463,0.7466850768908064
83.78,-0.19531780458859316,0.7386021001233798
83.79,-0.187972365452957,0.7304735531646362
83.8,-0.1807083335253004,0.7223406507828791
83.81,-0.17352555243729942,0.7142421803781903
83.82000000000001,-0.1664234899177366,0.7062145716387369
83.83,-0.15940126100452467,0.6982919720829728
83.84,-0.15245765047607715,0.6905063269009891
83.85000000000001,-0.1455911344665049,0.6828874616886361
83.86,-0.13879990124230443,0.6754631668376344
83.87,-0.13208187112975223,0.6682592825027126
83.88,-0.1254347155922502,0.6612997832122545
83.89,-0.11885587546550713,0.654606861321791
83.9,-0.11234257836581438,0.6482010086299581
83.91,-0.10589185529290798,0.6421010955845153
83.92,-0.09950055645412408,0.6363244476021365
83.93,-0.09316536634086525,0.6308869181104644
83.94,-0.0868828180919148,0.6258029579950534
83.95,-0.08064930718096419,0.6210856811979915
83.96000000000001,-0.07446110446795497,0.6167469262699428
83.97,-0.06831436865556534,0.6127973137238507
83.98,-0.06220515819347795,0.6092462990773415
83.99,-0.05612944267401851,0.6061022215027039
84.0,-0.05008311376342388,0.6033723480289309
84.01,-0.04406199571343989,0.6010629132603756
84.02,-0.03806185549821636,0.5991791545917551
84.03,-0.03207841262160479,0.5977253429101866
84.04,-0.026107348640012632,0.5967048087822181
84.05,-0.02014431644596043,0.5961199641280245
84.06,-0.014184949357452147,0.5959723193866016
84.07000000000001,-0.008224870058228402,0.5962624961754017
84.08,-0.002259699433944113,0.5969902354459358
84.09,0.0037149346506903137,0.5981544011338689
84.10000000000001,0.009703388588733266,0.5997529792985234
84.11,0.015709994236660783,0.6017830727429343
84.12,0.021739050043591952,0.6042408911021302
84.13,0.027794812058703388,0.6071217363845773
84.14,0.0338814847712835,0.610419983950207
84.15,0.04000321173770753,0.614129058908613
84.16,0.04616406594945576,0.6182414079233474
84.17,0.05236803989617447,0.6227484664132887
84.18,0.05861903527772153,0.6276406211503324
84.19,0.06492085231918111,0.632907168264739
84.2,0.0712771786430163,0.6385362666859894
84.21000000000001,0.0776915776529009,0.6445148870685324
84.22,0.08416747638438696,0.6508287562790889
84.23,0.09070815277848268,0.6574622975558562
84.24,0.09731672233550409,0.6643985664907784
84.25,0.10399612410829827,0.6716191830347595
84.26,0.11074910599619929,0.6791042597830423
84.27,0.11757820930395911,0.6868323268647207
84.28,0.1244857525334937,0.6947802538372274
84.29,0.13147381438070366,0.70292316907433
84.3,0.13854421591498028,0.7112343772353215
84.31,0.14569850192541006,0.7196852755142316
84.32000000000001,0.1529379214252649,0.7282452694913935
84.33,0.16026340731523794,0.7368816895458218
84.34,0.16767555521618135,0.7455597089355543
84.35000000000001,0.17517460149394903,0.7542422648140714
84.36,0.18276040051246278,0.7628899836234848
84.37,0.19043240116641874,0.771461112488275
84.38,0.1981896227622283,0.7799114584253352
84.39,0.20603063033492544,0.7881943373847727
84.4,0.21395350950992376,0.7962605353384221
84.41,0.22195584104169389,0.8040582838356931
84.42,0.23003467518663762,0.8115332526447206
84.43,0.2381865060945883,0.8186285622853472
84.44,0.24640724643234457,0.8252848194328666
84.45,0.25469220248324564,0.8314401783202257
84.46000000000001,0.2630360499987491,0.8370304313830392
84.47,0.27143281111090645,0.8419891324668365
84.48,0.2798758326480858,0.8462477559389827
84.49,0.28835776622968606,0.8497358950074693
84.5,0.2968705505482352,0.8523815024334026
84.51,0.3054053962783541,0.8541111766213758
84.52,0.3139527740806627,0.854850495769851
84.53,0.3225024061937511,0.8545244023506069
84.54,0.3310432621276748,0.8530576396516456
84.55,0.33956355898678403,0.8503752414528728
84.56,0.34805076695673226,0.8464030751019773
84.57000000000001,0.35649162048882355,0.8410684373160946
84.58,0.36487213570305416,0.8343007009540347
84.59,0.37317763450790425,0.8260320097900314
84.60000000000001,0.38139277589885473,0.8161980169848587
84.61,0.3895015948476014,0.8047386615120522
84.62,0.39748754912909573,0.7915989752812306
84.63,0.405333574353226,0.776729912139988
84.64,0.4130221473718955,0.7600891883708742
84.65,0.42053535812064347,0.7416421227781587
84.66,0.4278549898274587,0.7213624630343751
84.67,0.43496260738133097,0.6992331836882832
84.68,0.4418396535012244,0.6752472401864955
84.69,0.4484675521850609,0.6494082624944534
84.7,0.45482781875111344,0.6217311714809619
84.71000000000001,0.4609021756146801,0.592242701211707
84.72,0.4666726727753476,0.5609818107305837
84.73,0.4721218118292918,0.5279999698311952
84.74,0.47723267217197146,0.4933613047574792
84.75,0.48198903792444137,0.4571425917270389
84.76,0.48637552400651224,0.41943308862784484
84.77,0.4903776996969983,0.3803341981609085
84.78,0.4939822079697304,0.33995895902801515
84.79,0.49717687887755857,0.2984313654123189
84.8,0.4999508352779768,0.25588551886821187
84.81,0.5022945892549229,0.21246462070628655
84.82000000000001,0.5042001276921025,0.16831981689815614
84.83,0.505660985592886,0.1236089112965324
84.84,0.5066723059180333,0.07849496643024209
84.85000000000001,0.5072308849214908,0.033144814160312126
84.86,0.5073352022012395,-0.012272499046283226
84.87,0.5069854349405652,-0.05758730565269725
84.88,0.5061834560881856,-0.10263092173779141
84.89,0.5049328165058095,-0.14723723485574966
84.9,0.5032387113910707,-0.1912442475647023
84.91,0.5011079315545154,-0.23449555035605768
84.92,0.4985488003839495,-0.2768416996687041
84.93,0.4955710975611413,-0.3181414792615476
84.94,0.49218597079871856,-0.35826302634110335
84.95,0.4884058370343193,-0.3970848073767409
84.96000000000001,0.48424427465118375,-0.43449643235138996
84.97,0.4797159083872915,-0.4703993001515042
84.98,0.4748362886481537,-0.5047070717598476
84.99,0.46962176695209457,-0.5373459717489395
85.0,0.46408936921317495,-0.5682549221656981
85.01,0.4582566685087806,-0.5973855161503575
85.02,0.4521416588901678,-0.6247018414670453
85.03,0.4457626316794397,-0.6501801664836845
85.04,0.43913805556049407,-0.6738085029919488
85.05,0.4322864616196007,-0.6955860615925346
85.06,0.4252263343286434,-0.7155226161957308
85.07000000000001,0.4179760092956861,-0.7336377945283471
85.08,0.41055357843807644,-0.7499603114359762
85.09,0.4029768030669666,-0.7645271612757089
85.10000000000001,0.3952630352125623,-0.7773827848675403
85.11,0.3874291473696158,-0.7885782253756328
85.12,0.3794914707050497,-0.7981702861871137
85.13,0.3714657416458736,-0.8062207024083003
85.14,0.3633670566568837,-0.8127953360644544
85.15,0.3552098349245845,-0.8179634035221497
85.16,0.3470077885864407,-0.821796742099272
85.17,0.33877390008259906,-0.8243691213254216
85.18,0.3305204061599323,-0.825755602896397
85.19,0.3222587880246711,-0.8260319520544439
85.2,0.31399976711884336,-0.8252741019379729
85.21000000000001,0.30575330598591166,-0.8235576713910068
85.22,0.29752861369102324,-0.8209575358086191
85.23,0.28933415526973927,-0.8175474498201628
85.24,0.28117766469461997,-0.8133997199733067
85.25,0.27306616087027313,-0.8085849250718787
85.26,0.2650059661931824,-0.8031716814300126
85.27,0.25700272724167283,-0.7972264500233033
85.28,0.24906143719271628,-0.7908133823328393
85.29,0.24118645959501606,-0.783994201577932
85.3,0.23338155316115766,-0.7768281160059901
85.31,0.22564989727489626,-0.7693717609415437
85.32000000000001,0.21799411794232676,-0.761679166379823
85.33,0.2104163139472998,-0.7538017470332922
85.34,0.20291808300166092,-0.7457883118928408
85.35000000000001,0.19550054770944295,-0.7376850905406561
85.36,0.18816438119084777,-0.7295357736419273
85.37,0.1809098322366044,-0.7213815652412436
85.38,0.1737367498860229,-0.7132612446916072
85.39,0.16664460734277226,-0.7052112362450779
85.4,0.15963252516112134,-0.6972656845307019
85.41,0.1526992936521582,-0.6894565343348232
85.42,0.14584339447442488,-0.6818136132790598
85.43,0.13906302138657703,-0.6743647161606499
85.44,0.1323561001512119,-0.6671356898775411
85.45,0.12572030758902622,-0.6601505180059223
85.46000000000001,0.11915308979109346,-0.6534314042306331
85.47,0.11265167950441356,-0.646998853949083
85.48,0.1062131127121118,-0.64087175347722
85.49,0.09983424443486916,-0.6350674463821313
85.5,0.09351176378446917,-0.6296018065506093
85.51,0.08724220830385697,-0.6244893076771083
85.52,0.08102197763092701,-0.6197430889186569
85.53,0.07484734652548383,-0.6153750165192368
85.54,0.06871447730054227,-0.6113957412526179
85.55,0.06261943170043147,-0.6078147515714363
85.56,0.056558182269113536,-0.6046404223821413
85.57000000000001,0.05052662325278864,-0.6018800593910353
85.58,0.04452058108129283,-0.5995399389866927
85.59,0.03853582447305478,-0.597625343639227
85.60000000000001,0.03256807420850828,-0.596140592807789
85.61,0.026613012616899,-0.5950890693549454
85.62,0.020666292821409374,-0.5944732414707583
85.63,0.014723547787483832,-0.5942946801109763
85.64,0.00878039921918985,-0.5945540719533066
85.65,0.0028324663484177006,-0.5952512278737129
85.66,-0.0031246253382844085,-0.5963850869415638
85.67,-0.009095235390413575,-0.5979537159287002
85.68,-0.015083699656858412,-0.5999543043235297
85.69,-0.021094321476884167,-0.6023831548375568
85.7,-0.027131362753609545,-0.6052356693887606
85.71000000000001,-0.03319903486465938,-0.608506330544385
85.72,-0.039301489364497254,-0.6121886784054978
85.73,-0.04544280843276935,-0.6162752829175828
85.74,-0.05162699502284891,-0.6207577115959515
85.75,-0.05785796266468837,-0.6256264926624614
85.76,-0.06413952487609813,-0.6308710736014435
85.77,-0.07047538413671724,-0.6364797751584792
85.78,-0.07686912037926771,-0.6424397408263689
85.79,-0.08332417895324461,-0.6487368818889283
85.8,-0.08984385801704628,-0.6553558181258686
85.81,-0.09643129531576199,-0.6622798143216524
85.82000000000001,-0.10308945430347932,-0.6694907127686193
85.83,-0.10982110957113436,-0.6769688620106032
85.84,-0.11662883154369139,-0.6846930421384725
85.85000000000001,-0.1235149704139038,-0.6926403870242333
85.86,-0.13048163928417603,-0.7007863039662838
85.87,-0.13753069649322947,-0.7091043913157085
85.88,-0.14466372711049022,-0.717566354762708
85.89,-0.15188202358848366,-0.7261419230838199
85.9,-0.15918656557216662,-0.7347987642847077
85.91,-0.16657799887417782,-0.743502403220045
85.92,-0.17405661363656752,-0.752216141931114
85.93,-0.18162232171280007,-0.7609009841125849
85.94,-0.1892746333188192,-0.7695155653015235
85.95,-0.19701263301883054,-0.7780160905724698
85.96000000000001,-0.2048349551302686,-0.7863562817203344
85.97,-0.21273975865323722,-0.7944873361151238
85.98,-0.22072470185257106,-0.8023578996155936
85.99,-0.2287869166455491,-0.8099140561284921
86.0,-0.2369229829751409,-0.817099336590815
86.01,-0.24512890337736537,-0.823854750328201
86.02,-0.2534000779817049,-0.8301188418959697
86.03,-0.26173128021528475,-0.8358277766320351
86.04,-0.2701166335143456,-0.8409154582336621
86.05,-0.278549589379958,-0.845313681702503
86.06,-0.2870229071483957,-0.8489523249734096
86.07000000000001,-0.29552863587942624,-0.851759582440405
86.08,-0.3040580987972038,-0.8536622434057737
86.09,-0.3126018807475417,-0.8545860181933209
86.10000000000001,-0.3211498191610702,-0.8544559142727055
86.11,-0.3296909990329958,-0.8531966642276007
86.12,-0.33821375244562224,-0.8507332067570886
86.13,-0.34670566316813756,-0.846991221120295
86.14,-0.3551535768680281,-0.8418977145150905
86.15,-0.3635436174584394,-0.8353816608229635
86.16,-0.3718612100844874,-0.8273746879589674
86.17,-0.38009111121761874,-0.8178118097487166
86.18,-0.3882174462794617,-0.8066321968308899
86.19,-0.3962237551542365,-0.7937799795778139
86.2,-0.40409304587101796,-0.7792050744700392
86.21000000000001,-0.4118078566436373,-0.7628640237925657
86.22,-0.41935032634686925,-0.7447208369869455
86.23,-0.4267022733833762,-0.7247478205479536
86.24,-0.43384528275782835,-0.7029263820543514
86.25,-0.44076080102446324,-0.6792477928327533
86.26,-0.44743023861448344,-0.6537138929356002
86.27,-0.45383507888317526,-0.6263377216315384
86.28,-0.4599569930471142,-0.5971440565177224
86.29,-0.46577796001352967,-0.5661698447198333
86.3,-0.47128038994151084,-0.5334645104870213
86.31,-0.47644725022327006,-0.49909012484119836
86.32000000000001,-0.4812621924383348,-0.4631214248112289
86.33,-0.48570967871949466,-0.42564567216052984
86.34,-0.4897751058815454,-0.3867623443674603
86.35000000000001,-0.49344492560684383,-0.3465826538850087
86.36,-0.49670675895924554,-0.3052288953108297
86.37,-0.49954950351306043,-0.2628336239413174
86.38,-0.501963431438072,-0.21953867314741263
86.39,-0.5039402769760087,-0.1754940219655186
86.4,-0.5054733118773823,-0.13085652810694576
86.41,-0.5065574075381477,-0.08578854511515478
86.42,-0.5071890827796854,-0.04045644550859785
86.43,-0.5073665364483196,0.004970925682699738
86.44,-0.5070896642660314,0.05032384064875439
86.45,-0.5063600596353445,0.095433294249916
86.46000000000001,-0.505180998381033,0.14013259719285082
86.47,-0.5035574076914874,0.1842589292819847
86.48,-0.5014958197953933,0.22765482621106334
86.49,-0.49900431116726607,0.2701695752008845
86.5,-0.49609242829137556,0.31166049728258843
86.51,-0.4927711012216143,0.3519940970717451
86.52,-0.48905254634994066,0.3910470643580445
86.53,-0.4849501599344534,0.42870711561675956
86.54,-0.48047840403760544,0.46487366749307074
86.55,-0.475652686584592,0.4994583382810004
86.56,-0.47048923727198544,0.5323852772840996
86.57000000000001,-0.46500498103891,0.5635913255865034
86.58,-0.4592174107602554,0.5930260150787796
86.59,-0.45314446073733444,0.6206514154915229
86.60000000000001,-0.4468043824504249,0.646441841631352
86.61,-0.44021562390470736,0.6703834349520009
86.62,-0.4333967137513849,0.6924736350127676
86.63,-0.426366151204452,0.7127205572833117
86.64,-0.4191423026057186,0.7311422941712449
86.65,-0.4117433053210271,0.7477661561155386
86.66,-0.40418697948340787,0.7626278691543765
86.67,-0.3964907479379396,0.775770744598538
86.68,-0.38867156459143715,0.7872448353831455
86.69,-0.3807458512302767,0.7971060923954997
86.7,-0.37272944274352715,0.8054155326473664
86.71000000000001,-0.36463754057732933,0.8122384296355327
86.72,-0.35648467415081647,0.8176435346685321
86.73,-0.3482846698839587,0.8217023363774878
86.74,-0.3400506274232667,0.8244883641151237
86.75,-0.3317949026016562,0.826076539511765
86.76,-0.3235290966330314,0.8265425791256851
86.77,-0.31526405101914257,0.8259624499155124
86.78,-0.3070098476347212,0.8244118781860961
86.79,-0.29877581345542065,0.8219659117220038
86.8,-0.2905705294002811,0.8186985340254986
86.81,-0.28240184277491065,0.8146823289151525
86.82000000000001,-0.2742768828219781,0.8099881932106912
86.83,-0.26620207891069686,0.8046850948203247
86.84,-0.25818318092557163,0.798839873248081
86.85000000000001,-0.25022528144573525,0.7925170793388708
86.86,-0.2423328393387942,0.7857788509660475
86.87,-0.2345097044264143,0.7786848213279142
86.88,-0.22675914291223592,0.7712920565441356
86.89,-0.21908386329553162,0.7636550193191378
86.9,-0.21148604252585318,0.7558255555569053
86.91,-0.20396735218439352,0.7478529009606621
86.92,-0.19652898450663994,0.7397837048233077
86.93,-0.18917167808792737,0.7316620684027539
86.94,-0.18189574313858486,0.7235295954741137
86.95,-0.17470108617844507,0.7154254528526277
86.96000000000001,-0.16758723408153228,0.7073864388828109
86.97,-0.16055335740078883,0.6994470580869461
86.98,-0.15359829291979335,0.6916396003568972
86.99,-0.1467205653936509,0.683994223255073
87.0,-0.13991840845469192,0.6765390361616739
87.01,-0.13318978467041742,0.6693001851650242
87.02,-0.1265324047513914,0.6623019377391682
87.03,-0.11994374591563405,0.6555667663877265
87.04,-0.11342106942363689,0.6491154305552305
87.05,-0.10696143730452944,0.6429670562170416
87.06,-0.10056172829929605,0.6371392126568998
87.07000000000001,-0.09421865305139145,0.6316479860276732
87.08,-0.08792876857874259,0.6265080493666533
87.09,-0.08168849206405839,0.6217327288024308
87.10000000000001,-0.07549411400269398,0.6173340657467564
87.11,-0.06934181074912327,0.6133228749125773
87.12,-0.06322765650444244,0.6097087980394224
87.13,-0.05714763478833482,0.606500353240203
87.14,-0.051097649439638376,0.6037049799100589
87.15,-0.045073535190133636,0.6013290791587825
87.16,-0.03907106785646272,0.5993780497442824
87.17,-0.03308597419524798,0.5978563194961296
87.18,-0.02711394146654013,0.5967673722260617
87.19,-0.021150626750726747,0.5961137701269849
87.2,-0.015191666064000428,0.5958971716640468
87.21000000000001,-0.00923268331744581,0.5961183449612601
87.22,-0.003269299164775224,0.5967771766854493
87.23,0.0027028602162631763,0.5978726764264338
87.24,0.008688154363753453,0.5994029765688114
87.25,0.014690919747639404,0.6013653276469243
87.26,0.02071546091669194,0.6037560891710329
87.27,0.02676604153106006,0.6065707159098247
87.28,0.03284687523488843,0.6098037396126371
87.29,0.0389621163233128,0.6134487461546091
87.3,0.045115850157980614,0.6174983480899262
87.31,0.051312083285111325,0.6219441526028788
87.32000000000001,0.057554733210038185,0.6267767248541425
87.33,0.06384761778219417,0.6319855467311083
87.34,0.07019444414466033,0.6375589710268135
87.35000000000001,0.07659879720273043,0.6434841710926823
87.36,0.08306412756651399,0.649747086036559
87.37,0.08959373892346162,0.6563323615700839
87.38,0.09619077479791567,0.6632232866490467
87.39,0.10285820465644255,0.6704017260977014
87.4,0.10959880931986969,0.6778480494638959
87.41,0.11641516564572046,0.6855410564170026
87.42,0.12330963044820974,0.6934578990757969
87.43,0.13028432362723638,0.7015740017392884
87.44,0.1373411104829955,0.7098629785907431
87.45,0.14448158319905124,0.7182965500542785
87.46000000000001,0.15170704148408107,0.7268444586048782
87.47,0.1590184723711488,0.7354743849667358
87.48,0.16641652918341576,0.7441518657815058
87.49,0.17390150968677892,0.7528402139870594
87.5,0.18147333346315697,0.7615004433181243
87.51,0.18913151855314142,0.7700911985217056
87.52,0.19687515743359107,0.7785686930709153
87.53,0.20470289241455972,0.7868866563587065
87.54,0.2126128905607652,0.7949962925552234
87.55,0.22060281826566416,0.8028462535155442
87.56,0.22866981563107605,0.8103826283241528
87.57000000000001,0.23681047083214718,0.8175489522532381
87.58,0.2450207946761408,0.8242862380876604
87.59,0.25329619559390043,0.8305330329228576
87.60000000000001,0.261631455334598,0.8362255036647678
87.61,0.27002070566719577,0.8412975545437064
87.62,0.2784574064254721,0.8456809799867457
87.63,0.2869343252669307,0.8493056561643851
87.64,0.2954435195487598,0.8520997744254137
87.65,0.30397632075543896,0.8539901196466965
87.66,0.31252332194169374,0.8549023962399971
87.67,0.3210743686802389,0.8547616041641418
87.68,0.3296185540249766,0.853492466777028
87.69,0.3381442180157795,0.8510199117190188
87.7,0.346638952259357,0.8472696052402687
87.71000000000001,0.3550896101205849,0.8421685394657444
87.72,0.36348232304867184,0.8356456710333807
87.73,0.3718025235412524,0.8276326083479874
87.74,0.38003497521563157,0.818064343376914
87.75,0.3881638104087907,0.8068800224902442
87.76,0.39617257566543645,0.7940237493425766
87.77,0.40404428539564224,0.7794454112368765
87.78,0.411761483890174,0.7631015188425659
87.79,0.4193063157724936,0.744956047606397
87.8,0.426660604842302,0.7249812677487398
87.81,0.43380594112746845,0.7031585484382079
87.82000000000001,0.4407237758110662,0.6794791206462842
87.83,0.4473955235403942,0.653944782364682
87.84,0.45380267145835984,0.6265685293843584
87.85000000000001,0.45992689412808135,0.5973750947450502
87.86,0.46575017335326085,0.5664013803190702
87.87,0.47125492173446276,0.5336967648330175
87.88,0.47642410864992124,0.49932327398173537
87.89,0.4812413872140975,0.46335560015842514
87.9,0.48569122065308973,0.4258809617013442
87.91,0.4897590064481243,0.3869987944070544
87.92,0.4934311965412308,0.34682027132621496
87.93,0.49669541187464866,0.30546765046162233
87.94,0.49954054955046323,0.2630734538303273
87.95,0.5019568809512552,0.2197794853155457
87.96000000000001,0.5039361392567742,0.17573569869002817
87.97,0.5054715949250558,0.13109893100329612
87.98,0.50655811787684,0.08603152005209998
87.99,0.5071922253260976,0.04069982776347068
88.0,0.5073721144321094,-0.0047273061081063925
88.01,0.5070976792039354,-0.05008015363586159
88.02,0.5063705113593922,-0.09518970418099672
88.03,0.5051938851203156,-0.1398892576649372
88.04,0.5035727262060934,-0.18401597800088415
88.05,0.5015135655602979,-0.22741238014459278
88.06,0.4990244786032016,-0.26992772606362864
88.07000000000001,0.4961150110390254,-0.31141930741587764
88.08,0.49279609245488404,-0.3517535957724717
88.09,0.48907993912357595,-0.39080724469877337
88.10000000000001,0.4849799475609086,-0.4284679317877519
88.11,0.4805105804878209,-0.464635032684749
88.12,0.4756872469072136,-0.4992201231134447
88.13,0.47052617802555197,-0.5321473087787508
88.14,0.46504430073163855,-0.5633533866646956
88.15,0.4592591102922581,-0.5927878445623006
88.16,0.4531885438403926,-0.6204127085723149
88.17,0.4468508561208118,-0.6462022507708612
88.18,0.44026449882497537,-0.6701425711656316
88.19,0.43344800469749917,-0.6922310694914005
88.2,0.42641987743514737,-0.7124758233018701
88.21000000000001,0.4191984882314618,-0.7308948892337215
88.22,0.4118019796504729,-0.7475155442866073
88.23,0.4042481773457296,-0.7623734835295343
88.24,0.39655450997988223,-0.7755119898674734
88.25,0.38873793754838015,-0.786981090444515
88.26,0.3808148881709919,-0.7968367129853291
88.27,0.37280120328867355,-0.8051398539476884
88.28,0.3647120910920381,-0.8119557688344664
88.29,0.3565620879119842,-0.8173531934476457
88.3,0.3483650272230852,-0.8214036033068325
88.31,0.34013401584584757,-0.8241805169406933
88.32000000000001,0.33188141688427136,-0.8257588473242123
88.33,0.3236188388993633,-0.8262143044028748
88.34,0.31535713079621386,-0.825622850434856
88.35000000000001,0.30710638189066625,-0.8240602088055764
88.36,0.2988759266201024,-0.8216014260313501
88.37,0.2906743533700393,-0.8183204858711264
88.38,0.2825095169026799,-0.8142899738042412
88.39,0.2743885538939545,-0.8095807896011797
88.4,0.26631790111065634,-0.8042619053046763
88.41,0.258303315787861,-0.7984001656394442
88.42,0.2503498977978674,-0.7920601276687886
88.43,0.24246211323448516,-0.7853039364031675
88.44,0.23464381906980405,-0.778191233027265
88.45,0.22689828857393987,-0.7707790924365149
88.46000000000001,0.21922823722107376,-0.76312198685001
88.47,0.21163584883693967,-0.7552717723839836
88.48,0.2041228017733941,-0.7472776956190713
88.49,0.19669029492455822,-0.739186417366909
88.5,0.1893390734260559,-0.7310420510298945
88.51,0.18206945390396034,-0.7228862131457513
88.52,0.17488134916314088,-0.714758083910488
88.53,0.16777429222575058,-0.7066944756749863
88.54,0.16074745964964113,-0.6987299076081366
88.55,0.15379969407358782,-0.6908966849103383
88.56,0.14692952595143435,-0.6832249811431084
88.57000000000001,0.14013519445072567,-0.6757429224119008
88.58,0.13341466750319636,-0.6684766722989774
88.59,0.12676566100474612,-0.6614505165906243
88.60000000000001,0.12018565717138388,-0.6546869469778807
88.61,0.11367192206518852,-0.6482067430322545
88.62,0.1072215223107388,-0.6420290518678456
88.63,0.1008313410278316,-0.6361714649993049
88.64,0.0944980930107527,-0.6306500919916513
88.65,0.08821833918799858,-0.6254796305738027
88.66,0.08198850039927665,-0.620673432953421
88.67,0.07580487052893016,-0.6162435681271041
88.68,0.06966362903673456,-0.6122008800277873
88.69,0.06356085292837442,-0.6085550413912414
88.7,0.057492528208909745,-0.6053146032564999
88.71000000000001,0.051454560863244424,-0.6024870400416268
88.72,0.04544278740807721,-0.6000787901571761
88.73,0.0394529850601009,-0.5980952921356361
88.74,0.03348088156536449,-0.5965410162667321
88.75,0.027522164734766263,-0.5954194917362977
88.76,0.021572491730638535,-0.5947333292710644
88.77,0.015627498149344977,-0.5944842392937122
88.78,0.009682806944764292,-0.5946730455923924
88.79,0.003734037237497128,-0.5952996945071392
88.8,-0.002223186945378492,-0.596363259632634
88.81,-0.008193227955155553,-0.597861942033121
88.82000000000001,-0.014180425786040913,-0.5997930659613271
88.83,-0.020189089274382097,-0.6021530700694979
88.84,-0.026223487187430873,-0.6049374940975416
88.85000000000001,-0.03228783915633293,-0.608140961021238
88.86,-0.03838630640785564,-0.6117571546430013
88.87,-0.04452298224919296,-0.6157787926092527
88.88,-0.050701882260040694,-0.6201975948425732
88.89,-0.056926934146044425,-0.625004247384002
88.9,-0.06320196720772074,-0.6301883616516845
88.91,-0.06953070137907812,-0.6357384291371356
88.92,-0.07591673579046344,-0.6416417715803119
88.93,-0.08236353681068435,-0.6478844866901137
88.94,-0.08887442552426572,-0.6544513895085776
88.95,-0.0954525646008559,-0.6613259495555718
88.96000000000001,-0.10210094451537714,-0.6684902239370084
88.97,-0.10882236907959607,-0.675924786654207
88.98,-0.1156194402484613,-0.6836086544158226
88.99,-0.12249454216791253,-0.6915192093274319
89.0,-0.12944982443500994,-0.699632118918176
89.01,-0.13648718454627604,-0.7079212540594262
89.02,-0.14360824951619844,-0.7163586054378416
89.03,-0.15081435665503287,-0.7249141993648738
89.04,-0.15810653350349593,-0.7335560138370008
89.05,-0.16548547693177287,-0.74224989590583
89.06,-0.17295153142161251,-0.7509594815744653
89.07000000000001,-0.18050466656326217,-0.7596461196056428
89.08,-0.18814445381372535,-0.7682688008071605
89.09,-0.19587004257940535,-0.7767840945496098
89.10000000000001,-0.20368013570471752,-0.7851460944683464
89.11,-0.21157296446877227,-0.7933063755033749
89.12,-0.21954626321478501,-0.8012139646339437
89.13,-0.22759724376145113,-0.8088153278649242
89.14,-0.23572256977208347,-0.8160543762143666
89.15,-0.24391833128573845,-0.8228724936298565
89.16,-0.2521800196446806,-0.8292085899183316
89.17,-0.26050250308410505,-0.8349991819017007
89.18,-0.2688800032827146,-0.8401785060997304
89.19,-0.2773060732060997,-0.8446786662820958
89.2,-0.2857735766083565,-0.8484298192122147
89.21000000000001,-0.294274669590344,-0.8513604018148089
89.22,-0.3028007846446527,-0.8533974028249663
89.23,-0.31134261764684334,-0.854466681706641
89.24,-0.31989011827878555,-0.8544933372511573
89.25,-0.32843248439186645,-0.8534021277704695
89.26,-0.33695816083419494,-0.8511179441761799
89.27,-0.34545484327539006,-0.8475663364764183
89.28,-0.3539094875637233,-0.8426740933243926
89.29,-0.36230832514187794,-0.836369873214331
89.3,-0.37063688502800995,-0.8285848847469722
89.31,-0.37888002283681743,-0.8192536120875714
89.32000000000001,-0.3870219572697614,-0.808314580330744
89.33,-0.3950463144434323,-0.795711153991497
89.34,-0.40293618034959133,-0.7813923602910008
89.35000000000001,-0.4106741616492523,-0.7653137273370647
89.36,-0.4182424548963326,-0.7474381257582987
89.37,-0.42562292416441827,-0.727736600889669
89.38,-0.432797186914126,-0.7061891812833496
89.39,-0.4397467077900853,-0.6827856481942524
89.4,-0.44645289987801107,-0.6575262498281176
89.41,-0.4528972327866476,-0.6304223436046819
89.42,-0.4590613467501047,-0.6014969495386026
89.43,-0.4649271717774197,-0.5707851981289314
89.44,-0.47047705071268336,-0.5383346569158963
89.45,-0.4756938649157376,-0.5042055211395357
89.46000000000001,-0.48056116113547404,-0.4684706557291682
89.47,-0.485063278030321,-0.43121547815683503
89.48,-0.48918547069861074,-0.3925376744710481
89.49,-0.49291403151974195,-0.3525467440361672
89.5,-0.49623640557933413,-0.31136337206187176
89.51,-0.4991412989609794,-0.26911863282006654
89.52,-0.5016187782357355,-0.2259530303988272
89.53,-0.503660359568956,-0.18201538780659574
89.54,-0.5052590859918675,-0.1374615990782957
89.55,-0.506409591550522,-0.09245326260963102
89.56,-0.5071081512440601,-0.04715621712228256
89.57000000000001,-0.5073527158929676,-0.0017390043180003992
89.58,-0.5071429313304201,0.043628715691584545
89.59,-0.506480141579136,0.0887777687721045
89.60000000000001,-0.505367375954978,0.1335410630049601
89.61,-0.5038093203190368,0.1777551490384966
89.62,-0.5018122729742082,0.2212617178159062
89.63,-0.49938408596271866,0.26390901068143097
89.64,-0.4965340927605795,0.3055531192682356
89.65,-0.4932730235773539,0.34605915554138317
89.66,-0.4896129096497518,0.3853022757914105
89.67,-0.48556697806152566,0.4231685461177418
89.68,-0.48114953872739696,0.4595556408689228
89.69,-0.4763758652441472,0.4943733694801997
89.7,-0.47126207133779296,0.5275440310359787
89.71000000000001,-0.46582498462342764,0.559002599564471
89.72,-0.4600820193465035,0.5886967464399199
89.73,-0.4540510496946292,0.6165867092395235
89.74,-0.44775028516171306,0.642645018914671
89.75,-0.4411981493163358,0.666856099149223
89.76,-0.4344131631787286,0.6892157532733295
89.77,-0.4274138342508692,0.7097305550824193
89.78,-0.42021855207708014,0.7284171603986035
89.79,-0.4128454910428971,0.7453015562421994
89.8,-0.40531252095223613,0.7604182641027879
89.81,-0.3976371257608413,0.7738095130690206
89.82000000000001,-0.38983633069085577,0.7855243975561992
89.83,-0.3819266378097174,0.7956180331242663
89.84,-0.37392397002837047,0.8041507224691784
89.85000000000001,-0.3658436233603338,0.8111871421573552
89.86,-0.3577002271852234,0.8167955591106758
89.87,-0.3495077121781203,0.8210470842866466
89.88,-0.34127928549949044,0.8240149694760742
89.89,-0.3330274127885989,0.8257739516925419
89.9,-0.3247638064656396,0.8263996482804072
89.91,-0.31649941982299074,0.8259680046399525
89.92,-0.3082444463728406,0.8245547953721784
89.93,-0.30000832391554716,0.8222351786880814
89.94,-0.291799742799079,0.8190833031095959
89.95,-0.2836266578533553,0.8151719648090014
89.96000000000001,-0.27549630350289894,0.8105723133844199
89.97,-0.26741521158566683,0.8053536034424585
89.98,-0.25938923143404974,0.7995829890447036
89.99,-0.2514235518047727,0.7933253578610905
90.0,-0.2435227242768279,0.7866432017481017
90.01,-0.23569068776981067,0.7795965204210799
90.02,-0.22793079386840628,0.772242754905806
90.03,-0.22024583267169456,0.7646367475235646
90.04,-0.212638058917935,0.75683072527567
90.05,-0.20510921816618116,0.7488743036382612
90.06,-0.19766057284516977,0.7408145079475021
90.07000000000001,-0.19029292800723113,0.7326958097415643
90.08,-0.1830066566503385,0.7245601756224396
90.09,-0.17580172449478232,0.7164471264021581
90.10000000000001,-0.16867771412229532,0.7083938044997978
90.11,-0.16163384840478634,0.7004350477540191
90.12,-0.1546690131672149,0.6926034680077944
90.13,-0.14778177904463044,0.6849295330052337
90.14,-0.14097042250711023,0.6774416503133025
90.15,-0.13423294603836441,0.6701662521426127
90.16,-0.127567097464258,0.6631278800906547
90.17,-0.12097038843655133,0.6563492689674804
90.18,-0.1144401120849084,0.6498514289878966
90.19,-0.10797335985679339,0.643653725725896
90.2,-0.10156703757039047,0.6377739573267078
90.21000000000001,-0.09521788071025923,0.6322284285600172
90.22,-0.08892246899919014,0.6270320213752043
90.23,-0.08267724028275517,0.622198261686595
90.24,-0.07647850376545824,0.6177393821743971
90.25,-0.07032245263926722,0.6136663809360152
90.26,-0.06420517614673794,0.6099890758635133
90.27,-0.05812267112199696,0.6067161546568978
90.28,-0.052070853053599986,0.6038552204103483
90.29,-0.04604556671378999,0.6014128327302171
90.3,-0.04004259639899564,0.5993945443602444
90.31,-0.034057675826585095,0.5978049333016249
90.32000000000001,-0.02808649773296314,0.5966476304239012
90.33,-0.022124723218107073,0.5959253425677637
90.34,-0.01616799088160787,0.5956398711432104
90.35000000000001,-0.010211925795242867,0.5957921262267076
90.36,-0.004252148357073717,0.5963821361594761
90.37,0.0017157169279466567,0.5974090526462955
90.38,0.007696032695852195,0.5988711513507179
90.39,0.013693139954961017,0.6007658279787839
90.4,0.019711349255427873,0.6030895898396773
90.41,0.02575493175175456,0.605838042868694
90.42,0.03182811011280175,0.6090058740958998
90.43,0.03793504923367255,0.6125868295433704
90.44,0.04407984670366916,0.6165736875354418
90.45,0.05026652298438139,0.6209582274104594
90.46000000000001,0.05649901125187834,0.6257311936296134
90.47,0.06278114685697365,0.6308822552891793
90.48,0.06911665635766193,0.6363999610574074
90.49,0.0755091460781218,0.6422716895770663
90.5,0.08196209014920325,0.6484835953998958
90.51,0.08847881798611971,0.6550205505506514
90.52,0.09506250116021628,0.6618660818567411
90.53,0.10171613962325454,0.6690023042254137
90.54,0.10844254724472455,0.6764098501047957
90.55,0.11524433662535045,0.6840677954285587
90.56,0.12212390315329573,0.6919535824173777
90.57000000000001,0.12908340827369802,0.7000429396943081
90.58,0.1361247619471819,0.7083098002664406
90.59,0.14324960427902683,0.716726218032255
90.60000000000001,0.15045928630782698,0.7252622835934173
90.61,0.15775484995089517,0.7338860402816583
90.62,0.16513700711346016,0.7425634014558908
90.63,0.17260611798001296,0.7512580702816625
90.64,0.1801621685190934,0.7599314633738827
90.65,0.18780474724749063,0.7685426398635512
90.66,0.1955330213163644,0.7770482376385278
90.67,0.20334571200026116,0.7854024187052491
90.68,0.21124106969046938,0.7935568258200401
90.69,0.21921684851666198,0.8014605527419494
90.7,0.2272702807453084,0.8090601306596202
90.71000000000001,0.23539805112985437,0.8162995335374954
90.72,0.24359627141605827,0.8231202053055782
90.73,0.25186045523596595,0.8294611119749238
90.74,0.26018549365555677,0.8352588218898843
90.75,0.2685656316737636,0.8404476174187214
90.76,0.2769944460039312,0.8449596414263918
90.77,0.28546482450229144,0.8487250818561094
90.78,0.29396894764105336,0.8516723976580314
90.79,0.3024982724554521,0.8537285891319741
90.8,0.31104351942369285,0.85481951548427
90.81,0.3195946627651375,0.8548702620248414
90.82000000000001,0.3281409246641897,0.8538055589383017
90.83,0.33667077394390355,0.8515502529428788
90.84,0.3451719297230473,0.8480298323958587
90.85000000000001,0.3536313705918207,0.8431710055097208
90.86,0.36203534983324165,0.836902330308651
90.87,0.3703694171979937,0.8291548937848274
90.88,0.3786184477089382,0.8198630364174448
90.89,0.3867666779263426,0.8089651168108686
90.9,0.3947977500451556,0.7964043097144896
90.91,0.4026947641206324,0.7821294291360948
90.92,0.4104403386278775,0.7660957666907081
90.93,0.41801667945444654,0.7482659337830975
90.94,0.4254056573035394,0.7286106947564523
90.95,0.4325888933495756,0.7071097768097662
90.96000000000001,0.4395478528397348,0.6837526413539737
90.97,0.4462639461766551,0.6585392006056884
90.98,0.45271863685184854,0.6314804626706632
90.99,0.4588935554300684,0.6025990882064979
91.0,0.4647706186159785,0.5719298420283484
91.01,0.4703321522706353,0.5395199237747905
91.02,0.47556101709147425,0.5054291630120051
91.03,0.48044073553087535,0.46973006593450506
91.04,0.4849556184101643,0.4325077031113854
91.05,0.48909088959310304,0.3938594304985488
91.06,0.4928328070201353,0.35389443913690305
91.07000000000001,0.49616877837584117,0.3127331325091148
91.08,0.49908746967031764,0.2705063343372044
91.09,0.5015789050625852,0.22735433355612936
91.10000000000001,0.5036345563414402,0.18342577716669206
91.11,0.505247420605919,0.13887642551818696
91.12,0.5064120848518039,0.09386778815829538
91.13,0.5071247763690849,0.04856566158021433
91.14,0.5073833980834082,0.003138592871307161
91.15,0.507187548226511,-0.04224370468230941
91.16,0.506538523989762,-0.0874119566375768
91.17,0.5054393090937596,-0.13219892510349657
91.18,0.5038945454876921,-0.1764409713421748
91.19,0.5019104896669161,-0.21997955646803202
91.2,0.49949495435833147,-0.26266265516958154
91.21000000000001,0.49665723656352445,-0.3043460597637121
91.22,0.49340803316305726,-0.34489455484978104
91.23,0.4897593454665289,-0.3841829462441607
91.24,0.48572437423817405,-0.422096931615052
91.25,0.48131740683422786,-0.45853380416471395
91.26,0.4765536981548798,-0.4934029846833376
91.27,0.4714493471405611,-0.5266263811929277
91.28,0.4660211705310212,-0.5581385790895181
91.29,0.4602865755587707,-0.5878868680727894
91.3,0.4542634331695654,-0.615831115138312
91.31,0.44796995325600447,-0.6419434954356729
91.32000000000001,0.441424563260852,-0.6662080948248018
91.33,0.4346457913595085,-0.6886203994743036
91.34,0.4276521552713659,-0.7091866888417215
91.35000000000001,0.420462057582674,-0.7279233488770045
91.36,0.41309368829382587,-0.7448561223330985
91.37,0.4055649351360121,-0.7600193126996465
91.38,0.397893302039833,-0.7734549575539895
91.39,0.39009583598493236,-0.7852119861098807
91.4,0.3821890623176354,-0.7953453745024045
91.41,0.3741889284948843,-0.8039153109405434
91.42,0.3661107560988245,-0.8109863813465263
91.43,0.3579692008679537,-0.8166267845383647
91.44,0.34977822040805717,-0.8209075844474032
91.45,0.34155104917900564,-0.8239020053377094
91.46000000000001,0.333300180301303,-0.825684774542607
91.47,0.3250373536881535,-0.8263315158820739
91.48,0.31677354998366153,-0.8259181956923084
91.49,0.30851898977430736,-0.8245206222981435
91.5,0.3002831375376987,-0.8222139987968706
91.51,0.29207470979836997,-0.8190725282000414
91.52,0.28390168697369783,-0.8151690692953282
91.53,0.2757713284124634,-0.810574841037561
91.54,0.26769019015294665,-0.8053591728480463
91.55,0.2596641449555025,-0.7995892978838716
91.56,0.25169840419526923,-0.7933301861225718
91.57000000000001,0.24379754123305108,-0.7866444139801965
91.58,0.2359655159156653,-0.7795920671302787
91.59,0.2282056998904455,-0.7722306732055575
91.60000000000001,0.22052090245155417,-0.7646151611321844
91.61,0.21291339666780182,-0.7567978439570188
91.62,0.2053849455724138,-0.7488284221728297
91.63,0.19793682822434525,-0.7407540047151521
91.64,0.19056986547811078,-0.7326191449906061
91.65,0.1832844453245331,-0.7244658894931215
91.66,0.17608054768824832,-0.7163338367661446
91.67,0.16895776858921022,-0.7082602046709361
91.68,0.16191534359482962,-0.7002799041197101
91.69,0.15495217050681603,-0.6924256176246552
91.7,0.14806683124233652,-0.684727881197525
91.71000000000001,0.14125761288286554,-0.6772151683078008
91.72,0.1345225278761805,-0.6699139747692608
91.73,0.1278593333874803,-0.6628489035744317
91.74,0.12126554980469186,-0.6560427488334727
91.75,0.11473847841081085,-0.6495165780985335
91.76,0.1082752182427212,-0.6432898124667034
91.77,0.1018726821614768,-0.6373803039547145
91.78,0.09552761216362692,-0.6318044097271054
91.79,0.08923659396693469,-0.626577062837192
91.8,0.08299607090688307,-0.6217118392076446
91.81,0.07680235718278179,-0.6172210206354599
91.82000000000001,0.07065165049417388,-0.6131156536553791
91.83,0.06454004410967422,-0.6094056041371292
91.84,0.058463538411431294,-0.6060996075259786
91.85000000000001,0.052418051959154645,-0.6032053146637317
91.86,0.04639943211815666,-0.6007293331491481
91.87,0.040403465296171684,-0.5986772642135388
91.88,0.03442588683388589,-0.5970537350995824
91.89,0.02846239059418004,-0.5958624269398483
91.9,0.022508638295088923,-0.5951060981366767
91.91,0.016560268631446506,-0.5947866032474836
91.92,0.010612906230139253,-0.5949049073797704
91.93,0.004662170483851097,-0.5954610960985935
91.94,-0.0012963156918326185,-0.5964543808464794
91.95,-0.00726691713307849,-0.5978830998722233
91.96000000000001,-0.013253977689277085,-0.5997447146611102
91.97,-0.019261811426300696,-0.6020358018553214
91.98,-0.025294693726383512,-0.6047520406500783
91.99,-0.03135685223930226,-0.6078881956488708
92.0,-0.037452457639360934,-0.6114380951604048
92.01,-0.043585614142510366,-0.615394604921158
92.02,-0.04976034973778409,-0.6197495972311495
92.03,-0.05598060608713335,-0.6244939154972584
92.04,-0.062250228047729256,-0.6296173341886938
92.05,-0.06857295277090722,-0.6351085142236392
92.06,-0.07495239833220205,-0.6409549538252793
92.07000000000001,-0.08139205184741281,-0.6471429349100006
92.08,-0.08789525703040206,-0.6536574651012564
92.09,-0.09446520114943795,-0.6604822155000873
92.10000000000001,-0.1011049013404038,-0.6675994543883348
92.11,-0.10781719023720462,-0.674989977093933
92.12,-0.11460470088228245,-0.6826330323100691
92.13,-0.121469850883406,-0.6905062452321941
92.14,-0.12841482578692634,-0.6985855379595894
92.15,-0.1354415616425978,-0.7068450477020818
92.16,-0.14255172674096797,-0.7152570434381506
92.17,-0.1497467025113608,-0.723791841788548
92.18,-0.15702756357673892,-0.7324177229999432
92.19,-0.16439505697135964,-0.7411008480761184
92.2,-0.17184958053826127,-0.749805178249721
92.21000000000001,-0.17939116053635407,-0.758492398154994
92.22,-0.18701942850136116,-0.7671218442404046
92.23,-0.19473359742116217,-0.7756504401482912
92.24,-0.202532437304327,-0.7840326409846177
92.25,-0.2104142502408545,-0.7922203886031284
92.26,-0.21837684507638955,-0.8001630802313197
92.27,-0.2264175118454809,-0.8078075529665932
92.28,-0.2345329961357214,-0.8150980868647355
92.29,-0.2427194735827756,-0.8219764295235027
92.3,-0.25097252472619147,-0.8283818452246273
92.31,-0.2592871104872682,-0.8342511918299783
92.32000000000001,-0.26765754856279106,-0.839519028722859
92.33,-0.27607749106172536,-0.8441177591335102
92.34,-0.2845399037454613,-0.8479778101778948
92.35000000000001,-0.2930370472652833,-0.8510278538591788
92.36,-0.3015604608226448,-0.8531950721199408
92.37,-0.31010094870768207,-0.8544054687778355
92.38,-0.31864857019820153,-0.8545842308162939
92.39,-0.32719263332400794,-0.8536561410237566
92.4,-0.33572169301867666,-0.8515460433701928
92.41,-0.3442235541914118,-0.8481793617706481
92.42,-0.35268528025408963,-0.8434826720075901
92.43,-0.3610932076315636,-0.8373843255658463
92.44,-0.3694329667654066,-0.8298151229795734
92.45,-0.3776895100911551,-0.8207090330089354
92.46000000000001,-0.3858471474255853,-0.81000395257023
92.47,-0.3938895891425597,-0.7976425008591754
92.48,-0.40179999744276884,-0.7835728395623692
92.49,-0.4095610459338071,-0.7677495094835023
92.5,-0.41715498763243886,-0.7501342723631199
92.51,-0.42456373138106945,-0.7306969451947333
92.52,-0.4317689265363335,-0.7094162129929417
92.53,-0.4387520556409283,-0.6862804048122456
92.54,-0.4454945346325784,-0.6612882169120322
92.55,-0.4519778199791689,-0.6344493663771424
92.56,-0.45818352196012124,-0.6057851582946313
92.57000000000001,-0.4640935231450615,-0.5753289498094154
92.58,-0.46969010095630953,-0.5431264950781016
92.59,-0.4749560530466235,-0.5092361563415905
92.60000000000001,-0.4798748240831413,-0.47372896805651343
92.61,-0.4844306324077538,-0.43668854325725537
92.62,-0.48860859494828646,-0.39821081403678443
92.63,-0.49239484868848954,-0.3584036011857772
92.64,-0.495776666972002,-0.3173860115431386
92.65,-0.4987425689193523,-0.2752876653934089
92.66,-0.5012824202798701,-0.23224776018576454
92.67,-0.5033875241230675,-0.18841398081900027
92.68,-0.5050506998962502,-0.1439412706014142
92.69,-0.5062663495350959,-0.0989904806151351
92.7,-0.5070305095085529,-0.05372691845580504
92.71000000000001,-0.5073408879042121,-0.008318820055630512
92.72,-0.5071968859096656,0.03706422957757057
92.73,-0.5065996033126607,0.08225289944611176
92.74,-0.5055518279207435,0.12707971154335646
92.75,-0.5040580090817937,0.17138060791351425
92.76,-0.5021242157624731,0.21499645886639154
92.77,-0.4997580799044658,0.25777448705802203
92.78,-0.49696872602131276,0.2995695844589881
92.79,-0.4937666882152861,0.3402455021265583
92.8,-0.4901638159787816,0.37967589606082586
92.81,-0.48617317029406953,0.41774521613016274
92.82000000000001,-0.48180891165617834,0.454349428960483
92.83,-0.4770861817148599,0.4893965696575353
92.84,-0.47202098026302763,0.5228071211381803
92.85000000000001,-0.4666300392920963,0.5545142235626732
92.86,-0.46093069579177415,0.58446371977835
92.87,-0.4549407648965293,0.612614045718111
92.88,-0.44867841487741195,0.6389359772786388
92.89,-0.44216204535095655,0.6634122472899369
92.9,-0.43541016993161324,0.6860370477584159
92.91,-0.42844130439578826,0.7068154336202853
92.92,-0.42127386125920757,0.7257626447989891
92.93,-0.4139260514998085,0.7429033634542658
92.94,-0.40641579399012223,0.7582709229879497
92.95,-0.39876063304004944,0.7719064846887085
92.96000000000001,-0.39097766429634806,0.7838581969158874
92.97,-0.3830834691017317,0.7941803505052301
92.98,-0.37509405728624345,0.8029325426896148
92.99,-0.36702481824793937,0.8101788603263769
93.0,-0.35889048007971586,0.8159870916647277
93.01,-0.3507050764146448,0.8204279743215297
93.02,-0.3424819205932853,0.8235744856034889
93.03,-0.334233586702575,0.8255011798534599
93.04,-0.3259718969962161,0.8262835761352821
93.05,-0.3177079151798694,0.8259975983254438
93.06,-0.3094519450297072,0.8247190685642466
93.07000000000001,-0.30121353380858445,0.8225232540413698
93.08,-0.2930014799488798,0.8194844662529995
93.09,-0.28482384448352444,0.8156757111678253
93.10000000000001,-0.2766879657255233,0.8111683881715865
93.11,-0.26860047672009274,0.8060320352161897
93.12,-0.2605673250211995,0.8003341172695507
93.13,-0.2525937943747017,0.7941398549348173
93.14,-0.24468452792250314,0.7875120899704934
93.15,-0.23684355257529183,0.7805111843840009
93.16,-0.2290743042348231,0.7731949497784436
93.17,-0.22137965357972295,0.7656186036943594
93.18,-0.21376193216093592,0.7578347497944186
93.19,-0.20622295858383458,0.7498933788795996
93.2,-0.19876406458334395,0.7418418878916251
93.21000000000001,-0.1913861208260021,0.7337251142406318
93.22,-0.1840895622985313,0.7255853829925489
93.23,-0.1768744131661511,0.7174625646517641
93.24,-0.16974031100549603,0.7093941414766498
93.25,-0.16268653033661812,0.7014152804645564
93.26,-0.1557120053962049,0.6935589113358671
93.27,-0.14881535210990077,0.6858558080313109
93.28,-0.14199488923557868,0.6783346724111802
93.29,-0.13524865866167718,0.671022219008194
93.3,-0.1285744448554148,0.6639432598367134
93.31,-0.12196979346494291,0.6571207883994797
93.32000000000001,-0.11543202908742521,0.6505760621589003
93.33,-0.1089582722217649,0.6443286828533411
93.34,-0.1025454554303584,0.6383966741402507
93.35000000000001,-0.09619033873895988,0.6327965561377242
93.36,-0.0898895243076039,0.6275434165149558
93.37,-0.08363947040866077,0.6226509778505896
93.38,-0.07743650475059212,0.6181316610369876
93.39,-0.07127683718792104,0.6139966445586588
93.4,-0.06515657185941895,0.6102559195152778
93.41,-0.059071718797615476,0.6069183402946148
93.42,-0.053018205053526654,0.603991670829047
93.43,-0.04699188538103453,0.6014826263918078
93.44,-0.040988552525690496,0.5993969109064461
93.45,-0.03500394716290561,0.5977392497557626
93.46000000000001,-0.029033767530575245,0.5965134180853476
93.47,-0.023073678801198663,0.595722264602372
93.48,-0.01711932223852781,0.5953677308730211
93.49,-0.011166324183738245,0.5954508661224139
93.5,-0.005210304916079533,0.5959718375395427
93.51,0.0007531125670526104,0.5969299360871595
93.52,0.006728293805663657,0.5983235778130954
93.53,0.012719584123314519,0.6001503006556903
93.54,0.018731299818777466,0.602406756732262
93.55,0.02476771925795976,0.6050887000963289
93.56,0.030833073820704045,0.6081909699470683
93.57000000000001,0.03693153865690113,0.6117074692736948
93.58,0.043067223206177944,0.6156311389185867
93.59,0.04924416143527287,0.6199539270465679
93.60000000000001,0.05546630174710931,0.6246667540142814
93.61,0.0617374965155585,0.6297594726436456
93.62,0.06806149119998223,0.6352208239175487
93.63,0.07444191299390948,0.6410383881348054
93.64,0.08088225896267834,0.6471985315856605
93.65,0.08738588362562269,0.653686348839433
93.66,0.093955985939467,0.6604856007729688
93.67,0.10059559564108206,0.6675786485131635
93.68,0.10730755890973026,0.6749463835196464
93.69,0.11409452331147499,0.6825681540955787
93.7,0.12095892199164182,0.6904216886861331
93.71000000000001,0.12790295708519764,0.6984830164063155
93.72,0.13492858231976812,0.7067263853330352
93.73,0.14203748479185832,0.7151241792013128
93.74,0.14923106590379437,0.723646833261698
93.75,0.1565104214570923,0.7322627501856849
93.76,0.1638763209075081,0.7409382170482546
93.77,0.1713291857980574,0.7496373245715059
93.78,0.1788690673989382,0.7583218899801788
93.79,0.18649562359766098,0.7669513849978595
93.8,0.19420809509889542,0.7754828707004624
93.81,0.20200528101167023,0.7838709411393162
93.82000000000001,0.20988551392168173,0.7920676778473134
93.83,0.2178466345686165,0.8000226175448826
93.84,0.22588596627257937,0.8076827355639472
93.85000000000001,0.23400028927989544,0.8149924477025874
93.86,0.24218581522663113,0.8218936334049394
93.87,0.25043816194799423,0.8283256833230177
93.88,0.25875232889309147,0.8342255744516731
93.89,0.26712267343702767,0.8395279761258304
93.9,0.2755428884156081,0.8441653902204996
93.91,0.28400598124143767,0.8480683288879723
93.92,0.2925042549933675,0.8511655330915332
93.93,0.3010292919032684,0.8533842350388695
93.94,0.3095719396941449,0.8546504673689527
93.95,0.3181223012506474,0.8548894215915344
93.96000000000001,0.3266697281259756,0.8540258578073414
93.97,0.3352028184067942,0.8519845671397644
93.98,0.34370941946877087,0.8486908875775361
93.99,0.35217663615834494,0.8440712730576645
94.0,0.3605908449299242,0.8380539146074788
94.01,0.36893771445049456,0.8305694112173267
94.02,0.37720223315427076,0.8215514868399043
94.03,0.38536874418729267,0.810937748523233
94.04,0.3934209881247354,0.7986704792035991
94.05,0.4013421537713646,0.7846974571413394
94.06,0.40911493726756215,0.7689727924127274
94.07000000000001,0.4167216096196191,0.7514577693193507
94.08,0.4241440926539492,0.7321216820931189
94.09,0.43136404326148153,0.7109426499171866
94.10000000000001,0.4383629456522929,0.6879083961117989
94.11,0.4451222111837175,0.6630169754129813
94.12,0.45162328516055256,0.6362774326646279
94.13,0.4578477598370101,0.6077103760113581
94.14,0.4637774926807797,0.5773484478747053
94.15,0.46939472879450417,0.5452366776631166
94.16,0.47468222623404205,0.5114327013380144
94.17,0.4796233828212645,0.47600683464835497
94.18,0.4842023629270092,0.4390419890499818
94.19,0.4884042226022641,0.40063342201746643
94.2,0.4922150313673585,0.3608883165863533
94.21000000000001,0.49562198893399123,0.31992518846156
94.22,0.49861353513658974,0.27787312280064624
94.23,0.5011794513900042,0.23487084671766206
94.24,0.503310952070943,0.1910656475285298
94.25,0.5050007643405748,0.14661215063704092
94.26,0.5062431950836839,0.1016709746026231
94.27,0.5070341838326272,0.0564072842012032
94.28,0.5073713407677078,0.010989265062787891
94.29,0.507253969133883,-0.03441345436567031
94.3,0.5066830716803945,-0.07963140631306623
94.31,0.5056613410076217,-0.12449688469743428
94.32000000000001,0.5041931339864458,-0.16884551579225907
94.33,0.5022844306917765,-0.21251777152700688
94.34,0.4999427785559057,-0.2553603999979594
94.35000000000001,0.4971772226918173,-0.29722775004163116
94.36,0.49399822355507306,-0.33798296958925894
94.37,0.49041756330003217,-0.3774990608643108
94.38,0.4864482423377869,-0.41565977917753816
94.39,0.4821043677164814,-0.45236036597892554
94.4,0.47740103501820835,-0.48750811080420653
94.41,0.47235420550039725,-0.5210227406712913
94.42,0.4669805802047825,-0.5528366392154047
94.43,0.4612974727160892,-0.5828949012928201
94.44,0.45532268217892613,-0.6111552318428289
94.45,0.44907436807923257,-0.6375877004085905
94.46000000000001,0.4425709281707543,-0.6621743648349719
94.47,0.4358308807825331,-0.6849087792630539
94.48,0.4288727525854932,-0.7057954026253749
94.49,0.4217149727300256,-0.7248489244308387
94.5,0.4143757740968764,-0.7420935247471396
94.51,0.40687310223508283,-0.7575620849878438
94.52,0.3992245323971195,-0.7712953654464029
94.53,0.39144719492615476,-0.7833411645515751
94.54,0.38355770910608805,-0.7937534736117048
94.55,0.3755721254539207,-0.8025916394324212
94.56,0.36750587631743964,-0.8099195456941006
94.57000000000001,0.3593737345400387,-0.8158048224177296
94.58,0.351189779869085,-0.8203180912803311
94.59,0.342967372714432,-0.8235322530065755
94.60000000000001,0.3347191348089535,-0.8255218215968148
94.61,0.3264569362824957,-0.8263623087812778
94.62,0.318191888633328,-0.8261296608360025
94.63,0.3099343430657757,-0.8248997487719638
94.64,0.30169389365788873,-0.8227479119224881
94.65,0.293479384827326,-0.8197485541078419
94.66,0.2852989225757319,-0.8159747908479149
94.67,0.2771598890103677,-0.8114981455187159
94.68,0.26906895966535754,-0.8063882918977877
94.69,0.2610321231724119,-0.8007128402075387
94.7,0.2530547028612068,-0.7945371635325112
94.71000000000001,0.2451413799017617,-0.787924261344729
94.72,0.23729621763431222,-0.7809346568082988
94.73,0.22952268676559573,-0.7736263245383801
94.74,0.22182369114354464,-0.7660546455490344
94.75,0.21420159385461507,-0.7582723862286058
94.76,0.20665824341897251,-0.7503296983203803
94.77,0.19919499988820744,-0.7422741370514867
94.78,0.19181276067794276,-0.7341506947366074
94.79,0.18451198599347526,-0.7260018473782858
94.8,0.17729272373037705,-0.7178676119867494
94.81,0.1701546337537403,-0.7097856125444248
94.82000000000001,0.16309701147948855,-0.7017911527397769
94.83,0.15611881069894473,-0.6939172937886844
94.84,0.14921866560371483,-0.6861949358468392
94.85000000000001,0.14239491198200793,-0.6786529016918529
94.86,0.13564560756987776,-0.671318021517641
94.87,0.1289685515516551,-0.6642152178354354
94.88,0.12236130321316904,-0.6573675896150345
94.89,0.1158211997593544,-0.6507964949265616
94.9,0.10934537331463781,-0.6445216314571984
94.91,0.10293076713021043,-0.6385611143794557
94.92,0.0965741510270487,-0.6329315511380278
94.93,0.09027213610744989,-0.6276481128017561
94.94,0.08402118877101358,-0.6227246016963875
94.95,0.07781764407352214,-0.6181735150933814
94.96000000000001,0.07165771846914595,-0.6140061047807369
94.97,0.0655375219779074,-0.6102324323844528
94.98,0.0594530698214569,-0.6068614203445398
94.99,0.053400293571016604,-0.6039008984782053
95.0,0.047375051851892794,-0.6013576460856442
95.01,0.04137314064930372,-0.5992374295714668
95.02,0.035390303260463454,-0.597545035567815
95.03,0.029422239937947414,-0.596284299554301
95.04,0.023464617269377437,-0.595458129975578
95.05,0.017513077338435854,-0.5950685278602337
95.06,0.011563246712172764,-0.5951166019452532
95.07000000000001,0.005610745299530791,-0.5956025793090567
95.08,-0.00034880487400836934,-0.5965258115135459
95.09,-0.006319770930740127,-0.5978847762521701
95.10000000000001,-0.012306500399051769,-0.599677074497174
95.11,-0.018313312420683604,-0.6018994231353991
95.12,-0.024344488861759748,-0.6045476430787026
95.13,-0.030404265282257655,-0.6076166428326927
95.14,-0.036496821718413605,-0.6111003975065314
95.15,-0.04262627323238829,-0.614991923247495
95.16,-0.04879666018336351,-0.619283247087311
95.17,-0.055011938174134516,-0.6239653721935482
95.18,-0.06127596762723447,-0.6290282385290419
95.19,-0.06759250294471535,-0.634460678936114
95.2,-0.07396518120595674,-0.6402503706807849
95.21000000000001,-0.08039751035833104,-0.6463837825159207
95.22,-0.08689285685627515,-0.6528461173520069
95.23,-0.09345443270537118,-0.6596212506606954
95.24,-0.10008528186948908,-0.6666916647801474
95.25,-0.10678826600097413,-0.6740383793432769
95.26,-0.11356604945635461,-0.6816408781110117
95.27,-0.12042108356319436,-0.6894770325633937
95.28,-0.12735559010762248,-0.6975230226824647
95.29,-0.13437154401684365,-0.7057532554530841
95.3,-0.14147065521668414,-0.7141402817117076
95.31,-0.1486543496510778,-0.7226547120892105
95.32000000000001,-0.15592374945846835,-0.7312651329223675
95.33,-0.16327965230952513,-0.7399380231497683
95.34,-0.1707225099214637,-0.748637673361607
95.35000000000001,-0.17825240577675727,-0.757326108338491
95.36,-0.18586903208823352,-0.7659630145913597
95.37,-0.19357166606858445,-0.774505674601481
95.38,-0.20135914558026313,-0.7829089096544704
95.39,-0.20922984426167385,-0.791125033362903
95.4,-0.21718164624752118,-0.7991038181751758
95.41,-0.22521192062517736,-0.8067924773698435
95.42,-0.23331749579491806,-0.814135665229848
95.43,-0.24149463392977433,-0.8210754982740566
95.44,-0.2497390057603992,-0.8275516005875039
95.45,-0.25804566594152445,-0.8335011764288491
95.46000000000001,-0.2664090292889762,-0.8388591133948977
95.47,-0.2748228482094224,-0.8435581194777407
95.48,-0.28328019167853097,-0.8475288973493496
95.49,-0.29177342615640933,-0.8507003591398146
95.5,-0.3002941988613273,-0.8529998848268394
95.51,-0.30883342385294615,-0.8543536271133844
95.52,-0.317381271403595,-0.8546868653255134
95.53,-0.32592716115945647,-0.8539244104022768
95.54,-0.3344597596116406,-0.8519910624638807
95.55,-0.34296698240873413,-0.8488121217255131
95.56,-0.3514360020461509,-0.8443139526668101
95.57000000000001,-0.3598532614620703,-0.8384246003694396
95.58,-0.36820449405353967,-0.8310744568005308
95.59,-0.37647475059808094,-0.8221969735558176
95.60000000000001,-0.384648433524656,-0.8117294161976549
95.61,-0.392709338922034,-0.7996136538505642
95.62,-0.40064070660166723,-0.7857969761789646
95.63,-0.40842527844561327,-0.7702329283041159
95.64,-0.41604536516774954,-0.7528821526633048
95.65,-0.42348292149887934,-0.7337132253241997
95.66,-0.43071962967423355,-0.7127034728973165
95.67,-0.4377369909568257,-0.6898397550005058
95.68,-0.4445164247742437,-0.6651191962847078
95.69,-0.4510393748825199,-0.6385498513935072
95.7,-0.4572874218021138,-0.610151285961062
95.71000000000001,-0.4632424006017411,-0.5799550569085847
95.72,-0.4688865229402855,-0.5480050759240342
95.73,-0.4742025021202218,-0.5143578411354274
95.74000000000001,-0.4791736797629941,-0.4790825236312979
95.75,-0.48378415259284774,-0.44226089763940296
95.76,-0.4880188977157821,-0.40398710582259917
95.77,-0.49186389470929975,-0.36436725424224664
95.78,-0.4953062428006271,-0.32351883500534945
95.79,-0.4983342714094067,-0.2815699783613017
95.8,-0.5009376423678531,-0.23865853993810704
95.81,-0.5031074422081689,-0.19493103278172452
95.82000000000001,-0.5048362630234876,-0.15054141775115432
95.83,-0.5061182705631919,-0.10564976948727856
95.84,-0.5069492584132331,-0.060420838479054474
95.85000000000001,-0.5073266873327731,-0.015022532569432687
95.86,-0.5072497090646219,0.03037565653573597
95.87,-0.5067191742020585,0.07560425465875176
95.88,-0.5057376239714468,0.1204954065597684
95.89,-0.504309266070863,0.16488444948130457
95.9,-0.5024399349818207,0.20861143172301155
95.91,-0.5001370374364027,0.25152255067128554
95.92,-0.49740948396839496,0.29347148692506203
95.93,-0.49426760769790146,0.3343206139744337
95.94,-0.4907230716889063,0.37394206619164333
95.95,-0.4867887663740686,0.41221865155762827
95.96000000000001,-0.4824786986577537,0.4490445994354054
95.97,-0.4778078743853605,0.48432613767546756
95.98,-0.4727921759042444,0.5179818972633524
95.99000000000001,-0.4674482364400935,0.5499431464710245
96.0,-0.4617933129748239,0.5801538599420905
96.01,-0.4558451592412517,0.6085706312354319
96.02,-0.4496219003501153,0.6351624400032267
96.03,-0.4431419104411871,0.6599102871407669
96.04,-0.4364236946072999,0.6828067128926194
96.05,-0.4294857761833347,0.7038552140294466
96.06,-0.42234659032671096,0.7230695768382028
96.07000000000001,-0.41502438464657065,0.740473142827715
96.08,-0.4075371274701567,0.7560980237870891
96.09,-0.3999024241708289,0.7699842822006843
96.10000000000001,-0.39213744182614296,0.7821790920813386
96.11,-0.3842588423292021,0.792735894096668
96.12,-0.3762827239442096,0.8017135574950088
96.13,-0.3682245711793019,0.8091755598487655
96.14,-0.3600992127472343,0.8151891940798321
96.15,-0.35192078729770526,0.8198248106646445
96.16,-0.3437027165339414,0.823155101378617
96.17,-0.3354576852701329,0.8252544294671077
96.18,-0.3271976279445992,0.826198209751002
96.19,-0.31893372107511286,0.8260623409105918
96.2,-0.31067638112638735,0.824922691055958
96.21000000000001,-0.30243526725399367,0.8228546366937141
96.22,-0.29421928839251305,0.8199326543416458
96.23,-0.28603661416716075,0.8162299633228843
96.24000000000001,-0.27789468912605536,0.8118182176846301
96.25,-0.2698002498134681,0.806767244725134
96.26,-0.26175934423155267,0.801144827266727
96.27,-0.2537773532681336,0.7950165265708797
96.28,-0.2458590137001351,0.7884455426416141
96.29,-0.23800844241530134,0.7814926085938827
96.3,-0.23022916152825745,0.7742159157617555
96.31,-0.22252412410006622,0.7666710662759293
96.32000000000001,-0.21489574020273888,0.7589110499403889
96.33,-0.20734590310125844,0.7509862423741656
96.34,-0.19987601535525557,0.7429444215471254
96.35000000000001,-0.19248701467031593,0.7348308000207454
96.36,-0.18517939935484065,0.7266880703990577
96.37,-0.17795325326233477,0.7185564616955659
96.38,-0.17080827012092933,0.7104738045240755
96.39,-0.16374377717185326,0.7024756032210748
96.4,-0.15675875805650782,0.6945951132013624
96.41,-0.149851874907826,0.6868634220345848
96.42,-0.14302148961581612,0.6793095329064011
96.43,-0.13626568424969795,0.6719604492928138
96.44,-0.12958228062995983,0.6648412598290131
96.45,-0.1229688590531177,0.6579752224943956
96.46000000000001,-0.11642277618007191,0.6513838473631393
96.47,-0.1099411821058549,0.6450869772849661
96.48,-0.10352103663437259,0.6391028659638447
96.49000000000001,-0.09715912478657802,0.6334482529938447
96.5,-0.09085207157449571,0.6281384354917707
96.51,-0.08459635607674262,0.6231873360362383
96.52,-0.07838832485377095,0.618607566683227
96.53,-0.07222420474307809,0.614410488879622
96.54,-0.06610011507617851,0.6106062691395794
96.55,-0.0600120793602865,0.607203930384473
96.56,-0.05395603646848905,0.604211398876453
96.57000000000001,-0.04792785138275744,0.6016355466989484
96.58,-0.04192332553451008,0.5994822297554874
96.59,-0.03593820678764769,0.5977563212716281
96.60000000000001,-0.02996819910907752,0.5964617407941871
96.61,-0.024008971971763948,0.5956014786879359
96.62,-0.0180561695353188,0.5951776161330437
96.63,-0.012105419649103073,0.5951913406272915
96.64,-0.006152342722772969,0.5956429569959969
96.65,-0.0001925605091831347,0.5965318939101247
96.66,0.005778295155429525,0.5978567059096979
96.67,0.011764573609010821,0.5996150709258156
96.68,0.01777059657394584,0.6018037832907756
96.69,0.023800649274826335,0.6044187422224425
96.7,0.02985897141839469,0.6074549357665617
96.71000000000001,0.03594974799015757,0.6109064201796318
96.72,0.042077099821987325,0.6147662947357261
96.73,0.04824507388487209,0.6190266719437788
96.74000000000001,0.0544576332608629,0.6236786431678389
96.75,0.06071864674822887,0.6287122396522172
96.76,0.06703187805390724,0.6341163889668774
96.77,0.07340097452756641,0.6398788669064517
96.78,0.07982945539203627,0.6459862448995706
96.79,0.08632069942555781,0.6524238330144321
96.8,0.0928779320523249,0.6591756186824252
96.81,0.09950421179920632,0.6662242013048931
96.82000000000001,0.10620241607842278,0.673550722959511
96.83,0.11297522625839655,0.6811347954830421
96.84,0.11982511198808363,0.6889544242771519
96.85000000000001,0.12675431474393958,0.696985929264237
96.86,0.13376483057336835,0.7052038635115467
96.87,0.14085839201417052,0.7135809301448391
96.88,0.14803644917626513,0.7220878982879044
96.89,0.15530014997992858,0.7306935188918757
96.9,0.16265031955410264,0.7393644414584518
96.91,0.17008743880909763,0.7480651328138967
96.92,0.17761162221038057,0.756757799255538
96.93,0.18522259479420838,0.7654023135686552
96.94,0.19291966848175368,0.7739561485979052
96.95,0.2007017177661665,0.7823743192519642
96.96000000000001,0.20856715486679295,0.7906093350204776
96.97,0.21651390446657603,0.7986111652855843
96.98,0.22453937817250463,0.8063272199123054
96.99000000000001,0.23264044886482216,0.813702347798161
97.0,0.24081342512846787,0.8206788562467768
97.01,0.24905402598975768,0.8271965541962182
97.02,0.25735735621239225,0.8331928224725531
97.03,0.26571788243920874,0.8386027143439054
97.04,0.2741294104992703,0.8433590897101844
97.05,0.2825850642334124,0.8473927862680629
97.06,0.2910772662246316,0.8506328309281628
97.07000000000001,0.29959772085197567,0.8530066946197841
97.08,0.3081374001170273,0.854440593385701
97.09,0.3166865327196897,0.8548598383334913
97.10000000000001,0.32523459688369716,0.8541892365592151
97.11,0.3337703174508741,0.8523535445839153
97.12,0.3422816677753755,0.8492779751352146
97.13,0.3507558769535784,0.8448887572597619
97.14,0.35917944292057075,0.8391137487655229
97.15,0.3675381519288889,0.8318830988683512
97.16,0.3758171048979378,0.8231299576626179
97.17,0.3840007510821412,0.8127912276646707
97.18,0.3920729294512312,0.8008083512110025
97.19,0.40001691810636125,0.787128125957983
97.2,0.4078154919703908,0.7717035391621033
97.21000000000001,0.4154509888896033,0.7544946098616201
97.22,0.42290538416762324,0.7354692265820132
97.23,0.4301603734212436,0.7146039668046471
97.24000000000001,0.43719746350371613,0.6918848832310044
97.25,0.44399807108586364,0.667308240907206
97.26,0.45054362832186023,0.6408811886089695
97.27,0.456815694858043,0.6126223475868797
97.28,0.46279607527359784,0.5825623008913403
97.29,0.4684669408758698,0.5507439670820886
97.3,0.47381095461523964,0.5172228432122801
97.31,0.47881139774011544,0.4820671035794474
97.32000000000001,0.4834522966868286,0.4453575428538059
97.33,0.4877185485971916,0.40718735480598145
97.34,0.49159604378294824,0.367661740916431
97.35000000000001,0.4950717834155202,0.3268973465901395
97.36,0.498133990714751,0.28502152643358375
97.37,0.5007722139441919,0.2421714439682767
97.38,0.5029774195941166,0.19849301513282527
97.39,0.5047420742468485,0.1541397088292199
97.4,0.506060213770701,0.10927122146026366
97.41,0.5069274986760537,0.06405204574680542
97.42,0.5073412546856372,0.018649956977675367
97.43,0.5073004978156073,-0.02676555788075346
97.44,0.5068059435280221,-0.07202490119588048
97.45,0.5058599997916897,-0.11695996793523457
97.46000000000001,0.5044667441693175,-0.16140572325665137
97.47,0.5026318853265568,-0.20520172720931087
97.48,0.5003627096251313,-0.24819358080509749
97.49000000000001,0.4976680137104548,-0.29023426988633205
97.5,0.4945580242274047,-0.33118538598952346
97.51,0.49104430599066434,-0.3709182066758789
97.52,0.4871396600938871,-0.409314621441921
97.53,0.48285801356182595,-0.44626789320183985
97.54,0.47821430222985034,-0.48168324930825435
97.55,0.47322434857566087,-0.5154783000145504
97.56,0.46790473622955936,-0.5475832860541768
97.57000000000001,0.46227268285457734,-0.5779411605091809
97.58,0.4563459130193757,-0.6065075132694541
97.59,0.45014253258918824,-0.6332503490744791
97.60000000000001,0.4436809060378861,-0.6581497323321862
97.61,0.4369795379425445,-0.6811973135987628
97.62,0.43005695976591085,-0.7023957537742138
97.63,0.4229316228670602,-0.7217580627357543
97.64,0.41562179851119574,-0.739306869325865
97.65,0.40814548548054286,-0.75507363937844
97.66,0.4005203257236269,-0.7690978578590675
97.67,0.3927635283233615,-0.7814261902745886
97.68,0.3848918019181351,-0.792111637336166
97.69,0.37692129557663817,-0.8012126955027595
97.7,0.3688675480080799,-0.8087925345493028
97.71000000000001,0.36074544488565213,-0.8149182017527397
97.72,0.3525691839730251,-0.8196598607202443
97.73,0.3443522476712472,-0.8230900713413308
97.74000000000001,0.3361073825461985,-0.8252831158656643
97.75,0.3278465853539339,-0.8263143747201899
97.76,0.31958109505179466,-0.8262597544043505
97.77,0.3113213902658469,-0.8251951686554743
97.78,0.3030771916786852,-0.8231960730665407
97.79,0.2948574688045161,-0.8203370524687312
97.8,0.2866704506293105,-0.8166914596601814
97.81,0.27852363961131243,-0.8123311034652512
97.82000000000001,0.2704238285600055,-0.8073259836376401
97.83,0.2623771199385596,-0.8017440697659883
97.84,0.25438894716468574,-0.7956511210910235
97.85000000000001,0.24646409751673914,-0.7891105439868814
97.86,0.2386067362849481,-0.7821832837837539
97.87,0.23082043184106404,-0.7749277476024494
97.88,0.22310818133289909,-0.7673997549222149
97.89,0.21547243674261973,-0.7596525127004369
97.9,0.20791513107889034,-0.7517366119966347
97.91,0.20043770450268705,-0.7437000432145066
97.92,0.19304113021460023,-0.7355882272567537
97.93,0.185725939957552,-0.7274440600810599
97.94,0.17849224901297905,-0.7193079683460721
97.95,0.17133978059063057,-0.7112179740385611
97.96000000000001,0.16426788953220783,-0.7032097661730856
97.97,0.15727558526716887,-0.6953167778502183
97.98,0.15036155397520348,-0.6875702671461913
97.99000000000001,0.14352417992424502,-0.6799994004837979
98.0,0.13676156596552752,-0.6726313373002356
98.01,0.13007155317824032,-0.6654913149814239
98.02,0.12345173966589904,-0.6586027331737043
98.03,0.11689949851476622,-0.6519872367126043
98.04,0.11041199493164694,-0.645664796524618
98.05,0.10398620258427385,-0.639653787962055
98.06,0.09761891917240582,-0.6339710661234086
98.07000000000001,0.09130678126180568,-0.6286320377929764
98.08,0.0850462784165463,-0.6236507297043163
98.09,0.07883376666771934,-0.6190398528932528
98.10000000000001,0.07266548135868124,-0.6148108629582991
98.11,0.06653754940855336,-0.6109740160903149
98.12,0.06044600103687494,-0.6075384207697083
98.13,0.054386780993159196,-0.6045120850592542
98.14,0.048355759335689856,-0.6019019594443603
98.15,0.042348741804271985,-0.5997139751910447
98.16,0.03636147983186896,-0.5979530782056399
98.17,0.030389680240159186,-0.596623258389942
98.18,0.024429014664070117,-0.5957275744917462
98.19,0.018475128750324265,-0.5952681744540218
98.2,0.012523651174989681,-0.5952463112669083
98.21000000000001,0.006570202524986098,-0.595662354325741
98.22,0.0006104040884748612,-0.5965157962959549
98.23,-0.005360113400932999,-0.5978052554824119
98.24000000000001,-0.011345701021173377,-0.5995284736969074
98.25,-0.017350682874871147,-0.6016823096137974
98.26,-0.023379347213449326,-0.6042627276002964
98.27,-0.029435937426877078,-0.6072647820054616
98.28,-0.03552464285355856,-0.6106825968906983
98.29,-0.04164958936469104,-0.6145093411852418
98.3,-0.047814829677263394,-0.6187371992530131
98.31,-0.054024333349751305,-0.6233573368630161
98.32000000000001,-0.06028197641452372,-0.6283598625645965
98.33,-0.06659153060104324,-0.6337337844819958
98.34,-0.07295665210416365,-0.6394669625603211
98.35000000000001,-0.07938086985224967,-0.6455460563179456
98.36,-0.08586757323052256,-0.6519564681891394
98.37,-0.09241999921603246,-0.6586822825761167
98.38,-0.09904121888204488,-0.6657062007723817
98.39,-0.10573412323148007,-0.6730094719700356
98.4,-0.11250140832144559,-0.68057182062331
98.41,-0.11934555964394628,-0.6883713705097739
98.42,-0.12626883573164108,-0.6963845659101535
98.43,-0.13327325096214937,-0.7045860904181765
98.44,-0.14036055754000462,-0.712948783993929
98.45,-0.14753222664202797,-0.7214435589883876
98.46000000000001,-0.15478942871977242,-0.7300393159934144
98.47,-0.16213301296189628,-0.7387028605107514
98.48,-0.16956348592998743,-0.7473988215853393
98.49000000000001,-0.17708098939360306,-0.7560895737122151
98.5,-0.18468527740423174,-0.7647351635015588
98.51,-0.19237569266363425,-0.773293242771954
98.52,-0.20015114225967084,-0.7817190099358253
98.53,-0.20801007286235076,-0.7899651617410006
98.54,-0.21595044549449083,-0.7979818576353136
98.55,-0.223969710015057,-0.8057166992232876
98.56,-0.23206477947895657,-0.8131147274804895
98.57000000000001,-0.2402320045646668,-0.8201184405764439
98.58,-0.24846714829048547,-0.8266678353243949
98.59,-0.2567653612711547,-0.8327004754179963
98.60000000000001,-0.2651211577988454,-0.8381515897224465
98.61,-0.2735283930656036,-0.8429542039509531
98.62,-0.2819802418778644,-0.8470393090660467
98.63,-0.2904691792469245,-0.8503360696877574
98.64,-0.2989869632716195,-0.8527720756550715
98.65,-0.3075246207600259,-0.8542736396612013
98.66,-0.31607243606484353,-0.8547661435549718
98.67,-0.32461994363112534,-0.8541744354586518
98.68,-0.33315592477401657,-0.8524232792866134
98.69,-0.3416684092168576,-0.8494378575509928
98.7,-0.3501446819250364,-0.8451443275043663
98.71000000000001,-0.3585712957669449,-0.8394704296931416
98.72,-0.3669340905188992,-0.832346146881011
98.73,-0.3752182187045651,-0.8237044100567219
98.74000000000001,-0.38340817872003363,-0.8134818468778472
98.75,-0.391487855642122,-0.8016195664421892
98.76,-0.3994405700488774,-0.7880639727480849
98.77,-0.40724913509708377,-0.7727675976389125
98.78,-0.4148959220016557,-0.7556899424677076
98.79,-0.4223629339464379,-0.7367983162142067
98.8,-0.4296318883259398,-0.7160686563942719
98.81,-0.4366843070743233,-0.6934863178807652
98.82000000000001,-0.4435016146835551,-0.6690468137687066
98.83,-0.4500652433496975,-0.6427564917297169
98.84,-0.4563567445181495,-0.6146331289727676
98.85000000000001,-0.4623579059291529,-0.5847064290160616
98.86,-0.46805087309847077,-0.5530184040254886
98.87,-0.4734182740096627,-0.5196236275230783
98.88,-0.47844334564893237,-0.48458934383304547
98.89,-0.48311006088632363,-0.447995422713488
98.9,-0.4874032541032021,-0.4099341501977295
98.91,-0.4913087438902782,-0.37050984969749307
98.92,-0.49481345109715197,-0.3298383308347405
98.93,-0.497905510506973,-0.2880461671826239
98.94,-0.5005743744408044,-0.2452698080017442
98.95,-0.5028109066670079,-0.20165453303322334
98.96000000000001,-0.5046074651014689,-0.15735326332150099
98.97,-0.5059579719334379,-0.11252524474872701
98.98,-0.5068579699964435,-0.0673346243320273
98.99000000000001,-0.5073046644200785,-0.021948942235917777
99.0,-0.5072969488411618,0.023462435229201023
99.01,-0.5068354157154944,0.06872991470812678
99.02,-0.5059223505469992,0.11368527918580296
99.03,-0.5045617101317783,0.15816326771804087
99.04,-0.5027590851926385,0.2020031042315787
99.05,-0.5005216480471468,0.24504994953555598
99.06,-0.49785808620192734,0.28715625280402995
99.07000000000001,-0.4947785229910662,0.32818298152046543
99.08,-0.49129442657151806,0.36800071211219776
99.09,-0.48741850874882225,0.406490567120789
99.10000000000001,-0.48316461522910226,0.44354498861770686
99.11,-0.47854760897646814,0.47906834154504635
99.12,-0.4735832483982014,0.5129773446023883
99.13,-0.46828806208442036,0.5452013300868166
99.14,-0.46267922179646503,0.5756823376114363
99.15,-0.45677441533219165,0.6043750497846377
99.16,-0.45059172080077226,0.6312465806551157
99.17,-0.44414948371908936,0.6562761299660306
99.18,-0.43746619820145166,0.6794545179879847
99.19,-0.4305603933593296,0.7007836169084923
99.2,-0.4234505258632818,0.7202756954586144
99.21000000000001,-0.41615487945015733,0.7379526936854142
99.22,-0.4086914719895735,0.753845444575367
99.23,-0.40107797055864997,0.7679928586523508
99.24000000000001,-0.39333161481652645,0.7804410867744377
99.25,-0.38546914882316125,0.791242675199735
99.26,-0.3775067613125318,0.8004557256466198
99.27,-0.36946003431022884,0.8081430715992273
99.28,-0.36134389988054727,0.8143714805620914
99.29,-0.35317260469898704,0.8192108903996496
99.3,-0.34495968207255423,0.8227336863513317
99.31,-0.3367179309719604,0.8250140238282196
99.32000000000001,-0.3284594015959899,0.826127200702255
99.33,-0.32019538695791533,0.8261490815158903
99.34,-0.31193641996567206,0.8251555748841926
99.35000000000001,-0.3036922754602315,0.8232221643417892
99.36,-0.2954719766788363,0.8204234920073411
99.37,-0.28728380562008465,0.8168329936974775
99.38,-0.2791353168048868,0.8125225835156371
99.39,-0.27103335394977196,0.8075623854614795
99.4,-0.26298406909565725,0.8020205092437492
99.41,-0.254992943764897,0.795962867222598
99.42,-0.2470648117512053,0.7894530292445064
99.43,-0.23920388318000688,0.7825521120518749
99.44,-0.23141376951016782,0.775318699938042
99.45,-0.22369750918124606,0.7678087933653253
99.46000000000001,-0.2160575936428613,0.7600757823577501
99.47,-0.20849599353409107,0.7521704416114415
99.48,-0.2010141848106325,0.7441409444251283
99.49000000000001,-0.1936131746455885,0.7360328927328376
99.5,-0.18629352695597573,0.7278893607136674
99.51,-0.17905538743131513,0.719750949653547
99.52,-0.1718985079629048,0.7116558519361088
99.53,-0.16482227039259298,0.7036399222401218
99.54,-0.15782570951810238,0.6957367542160557
99.55,-0.15090753530827186,0.6879777611017014
99.56,-0.14406615429606834,0.680392258914453
99.57000000000001,-0.1372996901299828,0.6730075510244755
99.58,-0.1306060032755788,0.6658490130676671
99.59,-0.12398270986862944,0.6589401772995782
99.60000000000001,-0.11742719972958725,0.6523028156210902
99.61,-0.11093665355620763,0.645957020623802
99.62,-0.1045080593171112,0.6399212841080225
99.63,-0.09813822787404719,0.6342125726194686
99.64,-0.09182380786472183,0.6288463996328353
99.65,-0.08556129988139048,0.6238368940819743
99.66,-0.07934706998308236,0.6191968649982204
99.67,-0.07317736258142608,0.6149378620711915
99.68,-0.06704831274165854,0.6110702319909017
99.69,-0.06095595794160806,0.6076031704670345
99.7,-0.05489624933231785,0.6045447698514613
99.71000000000001,-0.04886506254457883,0.6019020623142577
99.72,-0.04285820808603268,0.5996810585422686
99.73,-0.03687144137373345,0.5978867819433552
99.74000000000001,-0.03090047244716558,0.5965232983494235
99.75,-0.024940975406744982,0.5955937412177982
99.76,-0.01898859762280962,0.5951003323340123
99.77,-0.01303896876006474,0.5950443980201523
99.78,-0.007087709662406575,0.5954263808520533
99.79,-0.0011304411430236728,0.5962458468863489
99.8,0.004837207275320402,0.5975014883951126
99.81,0.010819588624878581,0.5991911221020546
99.82000000000001,0.016821029717361498,0.6013116829103754
99.83,0.02284582228308609,0.6038592131089194
99.84,0.028898213979539886,0.6068288470406317
99.85000000000001,0.03498239922389872,0.6102147912159782
99.86,0.04110250980385945,0.6140102998544262
99.87,0.04726260522098724,0.6182076458397802
99.88,0.05346666272065505,0.6227980870806532
99.89,0.059718566962600306,0.6277718282761744
99.9,0.06602209928617854,0.6331179780997561
99.91,0.07238092652459543,0.6388245018309856
99.92,0.07879858932279825,0.644878169488103
99.93,0.08527848991435749,0.6512644995417446
99.94,0.09182387931363314,0.6579676983253849
99.95,0.09843784388086518,0.6649705952999219
99.96000000000001,0.10512329121963157,0.6722545743798601
99.97,0.11188293536846239,0.6797995015873247
99.98,0.11871928125137807,0.6875836493684305
99.99000000000001,0.125634608355831,0.6955836179850591
100.0,0.13263095361107927,0.7037742544845638
100.01,0.13971009344552227,0.712128569850941
100.02,0.14687352500809808,0.7206176550540737
100.03,0.15412244654660376,0.7292105968391746
100.04,0.16145773694488158,0.7378743942366817
100.05,0.1688799344313374,0.7465738769235557
100.06,0.17638921448335268,0.7552716267298293
100.07000000000001,0.18398536696593396,0.7639279037586307
100.08,0.19166777255852527,0.7725005787725946
100.09,0.19943537854138585,0.7809450736928738
100.10000000000001,0.20728667403238277,0.7892143122565817
100.11,0.2152196647865175,0.7972586830814324
100.12,0.22323184769401141,0.8050260175888301
100.13,0.2313201851382941,0.812461585434034
100.14,0.23948107940269212,0.8195081102787369
100.15,0.24771034734386885,0.8261058089108434
100.16,0.256003195580909,0.8321924568608309
100.17,0.2643541964810855,0.83770348377517
100.18,0.2727572652564124,0.8425721018752135
100.19,0.28120563851858976,0.8467294708441743
100.2,0.2896918546732959,0.8501049024339459
100.21000000000001,0.2982077365672687,0.8526261079556373
100.22,0.3067443768324087,0.8542194916006285
100.23,0.3152921263992813,0.8548104922205931
100.24000000000001,0.32384058667682053,0.8543239757637879
100.25,0.33237860591455703,0.8526846800106209
100.26,0.34089428027703295,0.8498177125655646
100.27,0.34937496016586833,0.8456491022389071
100.28,0.3578072623218111,0.8401064029880868
100.29,0.3661770882256301,0.8331193484860963
100.3,0.37446964929153304,0.8246205541504605
100.31,0.3826694993086393,0.8145462621132934
100.32000000000001,0.3907605745337989,0.8028371231602394
100.33,0.39872624177184407,0.7894390081402562
100.34,0.406549354696604,0.7743038397831864
100.35000000000001,0.4142123185675078,0.757390434299426
100.36,0.42169716338259255,0.7386653406243736
100.37,0.4289856253799953,0.7181036637646423
100.38,0.4360592366578854,0.6956898574631566
100.39,0.4428994225292584,0.6714184703892709
100.4,0.44948760606567084,0.6452948293417702
100.41,0.45580531911609384,0.6173356425888664
100.42,0.4618343189174482,0.5875695065167215
100.43,0.4675567092464283,0.5560372992645912
100.44,0.47295506490274,0.5227924460262959
100.45,0.47801255816695415,0.48790104221476166
100.46000000000001,0.4827130857470352,0.4514418227208023
100.47,0.48704139462137025,0.41350596803026396
100.48,0.49098320510764054,0.37419674095400846
100.49000000000001,0.49452532944045047,0.333628951109169
100.5,0.497655784129824,0.2919282479820639
100.51,0.5003638944000918,0.2492302472978546
100.52,0.502640389075781,0.20567949939810715
100.53,0.5044774843880538,0.16142831225209847
100.54,0.505868955320823,0.11663544546258506
100.55,0.5068101932973056,0.07146469503423425
100.56,0.5072982492215077,0.026083391623043767
100.57000000000001,0.5073318611297665,-0.019339162637775888
100.58,0.5069114659687521,-0.0646332919309195
100.59,0.506039195291148,-0.10963055139098528
100.60000000000001,0.5047188549409325,-0.15416531061293937
100.61,0.5029558890788893,-0.1980762886536263
100.62,0.50075732916786,-0.24120801449891005
100.63,0.4981317287889111,-0.28341218902686854
100.64,0.4950890853873226,-0.3245489271781564
100.65,0.491640750245348,-0.3644878622419805
100.66,0.487799328142483,-0.4031090977564086
100.67,0.48357856829021983,-0.44030399637028594
100.68,0.4789932482150773,-0.47597579898202014
100.69,0.4740590523105795,-0.5100400714216049
100.7,0.4687924467866453,-0.5424249797488354
100.71000000000001,0.4632105527156028,-0.5730713987889918
100.72,0.4573310188108654,-0.6019328617216996
100.73,0.4511718954811688,-0.6289753613044435
100.74000000000001,0.44475151158477655,-0.65417701559699
100.75,0.438088355169229,-0.6775276128270201
100.76,0.43120095932823616,-0.6990280512925198
100.77,0.42410779414337857,-0.7186896909445237
100.78,0.4168271655093456,-0.7365336335633078
100.79,0.4093771214721124,-0.7525899482745008
100.8,0.4017753665438556,-0.7668968586016329
100.81,0.3940391843000797,-0.7794999063780236
100.82000000000001,0.38618536841629514,-0.7904511067068186
100.83,0.37823016216594335,-0.7998081068271847
100.84,0.37018920627975144,-0.8076333602788335
100.85000000000001,0.36207749496036673,-0.813993326213756
100.86,0.35390933975547634,-0.8189577021351668
100.87,0.3456983409176634,-0.8225986967942817
100.88,0.33745736581959074,-0.8249903484834089
100.89,0.32919853394799525,-0.8262078925591356
100.9,0.3209332079684081,-0.826327180734938
100.91,0.3126719903332965,-0.8254241535142495
100.92,0.3044247248981231,-0.8235743661024789
100.93,0.29620050301124695,-0.8208525672437742
100.94,0.28800767355324763,-0.8173323296749019
100.95,0.2798538564177489,-0.8130857302700795
100.96000000000001,0.27174595894784603,-0.8081830774595845
100.97,0.2636901948685572,-0.8026926831319657
100.98,0.2556921052852067,-0.7966806759636696
100.99000000000001,0.2477565813492838,-0.7902108529490158
101.0,0.23988788822622636,-0.7833445658155171
101.01,0.23208969003297347,-0.7761406389924548
101.02,0.2243650754463773,-0.7686553158427114
101.03,0.21671658371611924,-0.7609422299581812
101.04,0.20914623084721365,-0.7530523984474824
101.05,0.2016555357471696,-0.745034234302061
101.06,0.19424554616117246,-0.7369335751049829
101.07000000000001,0.18691686424506995,-0.728793725538676
101.08,0.17966967165039893,-0.7206555113475571
101.09,0.17250375401811882,-0.7125573426137747
101.10000000000001,0.16541852479812344,-0.704535284405011
101.11,0.1584130483300186,-0.6966231330490663
101.12,0.15148606213714214,-0.6888524964781694
101.13,0.1446359984004552,-0.6812528772646264
101.14,0.1378610045918496,-0.673851757137142
101.15,0.13115896325771237,-0.6666746819229835
101.16,0.12452751095338992,-0.6597453460045805
101.17,0.11796405633762075,-0.6530856755099761
101.18,0.11146579744319039,-0.6467159095748366
101.19,0.10502973814612401,-0.6406546791197791
101.2,0.0986527038607948,-0.6349190826810515
101.21000000000001,0.09233135649250299,-0.6295247589156479
101.22,0.08606220868248185,-0.6244859554744512
101.23,0.07984163738301397,-0.6198155939996618
101.24000000000001,0.07366589680248863,-0.6155253310563387
101.25,0.0675311307618872,-0.6116256148531223
101.26,0.06143338450542618,-0.6081257376448693
101.27,0.05536861600898982,-0.6050338837407401
101.28,0.04933270683061138,-0.6023571730659798
101.29,0.04332147254767023,-0.6001017002448906
101.3,0.037330672825713576,-0.5982725691869668
101.31,0.031356021163930894,-0.5968739231684971
101.32000000000001,0.02539319436234364,-0.595908970408687
101.33,0.01943784175575716,-0.5953800051431143
101.34,0.013485594259481355,-0.5952884241986148
101.35000000000001,0.007532073271784864,-0.595634739073004
101.36,0.0015728994780212747,-0.5964185835208815
101.37,-0.004396298398632767,-0.5976387166435896
101.38,-0.01037987485485052,-0.5992930214776623
101.39,-0.016382158828186014,-0.6013784990722719
101.4,-0.022407444836295958,-0.6038912580426933
101.41,-0.02845998398903988,-0.6068264995841135
101.42,-0.034543974827978226,-0.6101784979286967
101.43,-0.04066355394761381,-0.6139405762291157
101.44,-0.046822786352560535,-0.6181050778543085
101.45,-0.053025655504699974,-0.622663333088513
101.46000000000001,-0.05927605301433079,-0.6276056212332125
101.47,-0.06557776792936422,-0.6329211281240782
101.48,-0.07193447557681235,-0.6385978990919227
101.49000000000001,-0.07834972591120266,-0.6446227874187074
101.5,-0.08482693132518648,-0.6509813983674632
101.51,-0.09136935387855191,-0.6576580288992824
101.52,-0.09798009190317213,-0.6646356032320412
101.53,-0.10466206594319274,-0.6718956044449698
101.54,-0.11141800399207152,-0.6794180023913594
101.55,-0.11825042599101993,-0.6871811782493209
101.56,-0.12516162755705795,-0.6951618461183435
101.57000000000001,-0.13215366291338682,-0.7033349721581069
101.58,-0.1392283270002201,-0.7116736918662256
101.59,-0.14638713675071133,-0.7201492262038581
101.60000000000001,-0.15363131152429726,-0.7287307974027719
101.61,-0.16096175269876675,-0.7373855454247356
101.62,-0.16837902243279196,-0.746078446193955
101.63,-0.17588332162264583,-0.7547722328853489
101.64,-0.18347446709049892,-0.7634273217250761
101.65,-0.19115186805714737,-0.7720017439437388
101.66,-0.1989145019693737,-0.7804510857154325
101.67,-0.20676088977145604,-0.7887284381150529
101.68,-0.21468907073167479,-0.7967843593290285
101.69,-0.2226965769580366,-0.8045668515572325
101.7,-0.2307804077628194,-0.8120213552416332
101.71000000000001,-0.23893700406286925,-0.8190907634447645
101.72,-0.2471622230317147,-0.8257154593718292
101.73,-0.25545131325030584,-0.8318333801766539
101.74000000000001,-0.2637988906352478,-0.8373801103052062
101.75,-0.27219891545641,-0.8422890077013961
101.76,-0.28064467078927574,-0.8464913662178898
101.77,-0.2891287427807678,-0.8499166175283548
101.78,-0.2976430031398428,-0.8524925757150605
101.79,-0.30617859429506894,-0.8541457274948708
101.8,-0.3147259176897402,-0.8548015707352994
101.81,-0.3232746257097749,-0.8543850034888911
101.82000000000001,-0.33181361775951795,-0.8528207652283021
101.83,-0.3403310410143409,-0.8500339312874233
101.84,-0.34881429638526645,-0.8459504606995812
101.85000000000001,-0.35725005022833256,-0.8404977966694354
101.86,-0.3656242523186552,-0.8336055178220719
101.87,-0.37392216058477407,-0.8252060371473704
101.88,-0.38212837306160263,-0.8152353442122942
101.89,-0.39022686746901997,-0.8036337847672079
101.9,-0.39820104875694684,-0.7903468703506842
101.91,-0.4060338048760337,-0.7753261089340445
101.92,-0.4137075709356277,-0.7585298460831181
101.93,-0.421204401797696,-0.7399241045985575
101.94,-0.4285060530275988,-0.7194834091820776
101.95,-0.43559406998133754,-0.6971915814237806
101.96000000000001,-0.44244988465607443,-0.6730424893781735
101.97,-0.449054919768901,-0.6470407352574319
101.98,-0.45539069936122306,-0.6192022643819247
101.99000000000001,-0.4614389650565395,-0.5895548785470465
102.0,-0.46718179693216394,-0.5581386374406598
102.01,-0.47260173780535264,-0.5250061327136893
102.02,-0.47768191958643774,-0.4902226207891274
102.03,-0.4824061902211352,-0.4538660024951507
102.04,-0.4867592396363407,-0.4160266401087559
102.05,-0.4907267230233103,-0.37680700535767914
102.06,-0.49429537974349425,-0.3363211552880596
102.07000000000001,-0.49745314612907143,-0.2946940365791252
102.08,-0.5001892604750767,-0.25206062277010866
102.09,-0.5024943585844736,-0.20856489283822857
102.10000000000001,-0.5043605583318412,-0.16435866349774508
102.11,-0.5057815318544284,-0.11960029134064368
102.12,-0.5067525641586542,-0.07445326437159946
102.13,-0.5072705971418605,-0.029084705472905516
102.14,-0.5073342582681123,0.01633618724770998
102.15,-0.5069438733969063,0.06163973651859625
102.16,-0.5061014635377404,0.10665739064595883
102.17,-0.5048107255839872,0.15122330896096436
102.18,-0.5030769973585212,0.1951759005368721
102.19,-0.5009072075732498,0.2383592900438838
102.2,-0.49830981155764353,0.2806246866225405
102.21000000000001,-0.495294713840799,0.32183163429851985
102.22,-0.49187317887167314,0.3618491256277913
102.23,-0.4880577313282432,0.40055656382856686
102.24000000000001,-0.4838620475951018,0.4378445624912335
102.25,-0.4793008400784185,0.47361557592074033
102.26,-0.47438973607668705,0.5077843571211058
102.27,-0.46914515293599646,0.5402782442504512
102.28,-0.46358417119167805,0.5710372799425222
102.29,-0.45772440733714603,0.6000141711101045
102.3,-0.451583887769476,0.6271740996409166
102.31,-0.44518092534432774,0.6524943967136408
102.32000000000001,-0.4385339998352032,0.6759640952695366
102.33,-0.431661643438937,0.697583376464119
102.34,-0.42458233230592085,0.7173629267040574
102.35000000000001,-0.4173143849048559,0.7353232221743512
102.36,-0.40987586786243385,0.7514937576215929
102.37,-0.4022845097524241,0.7659122356329204
102.38,-0.3945576231497755,0.7786237317963879
102.39,-0.3867120351164963,0.7896798500099897
102.4,-0.3787640261495757,0.7991378808872307
102.41,-0.37072927749875173,0.8070599747488185
102.42,-0.36262282665459933,0.8135123391506593
102.43,-0.3544590307157386,0.8185644693301044
102.44,-0.3462515372679973,0.8222884184009004
102.45,-0.33801326234772056,0.8247581126307507
102.46000000000001,-0.32975637501538224,0.826048715724476
102.47,-0.32149228803323104,0.8262360447337774
102.48,-0.31323165412070675,0.8253960390378821
102.49000000000001,-0.3049843672524734,0.8236042827978715
102.5,-0.29675956846474927,0.8209355803857137
102.51,-0.2885656556447591,0.8174635835266292
102.52,-0.2804102967942167,0.8132604682662665
102.53,-0.2723004462794338,0.8083966593750762
102.54,-0.26424236360671516,0.8029405994218335
102.55,-0.25624163429099717,0.7969585594755509
102.56,-0.24830319241720417,0.7905144882182287
102.57000000000001,-0.2404313445266326,0.7836698961578179
102.58,-0.23262979449404783,0.7764837716093321
102.59,-0.22490166909444595,0.7690125251505326
102.60000000000001,-0.21724954399103716,0.761309959345999
102.61,-0.20967546990752595,0.7534272606595286
102.62,-0.2021809987778466,0.7454130106304617
102.63,-0.19476720969491673,0.7373132135665217
102.64,-0.18743473450651618,0.7291713381969614
102.65,-0.1801837829309775,0.7210283709290849
102.66,-0.17301416708793446,0.7129228785534126
102.67,-0.16592532535990923,0.7048910784436518
102.68,-0.15891634551906142,0.6969669144937782
102.69,-0.15198598707003366,0.6891821372232819
102.7,-0.14513270277459578,0.681566386660954
102.71000000000001,-0.1383546593368146,0.67414727678603
102.72,-0.13164975723887518,0.6669504804621276
102.73,-0.12501564972757204,0.6599998139436496
102.74000000000001,-0.11844976096000219,0.6533173201659556
102.75,-0.11194930332425293,0.6469233501497059
102.76,-0.10551129395700808,0.6408366419566287
102.77,-0.09913257048512036,0.6350743967289729
102.78,-0.09280980602242862,0.6296523514286916
102.79,-0.08653952345654653,0.6245848479655719
102.8,-0.08031810906311719,0.6198848984668194
102.81,-0.07414182548721014,0.6155642464947587
102.82000000000001,-0.06800682413322201,0.6116334240650741
102.83,-0.06190915700590866,0.6081018043561527
102.84,-0.05584478804609896,0.6049776500313458
102.85000000000001,-0.04980960400528175,0.6022681571210375
102.86,-0.04379942490367821,0.599979494431005
102.87,-0.03781001411666165,0.5981168384583389
102.88,-0.031837088134511436,0.5966844038067595
102.89,-0.025876326040526462,0.5956854691001424
102.9,-0.01992337875250859,0.5951223983969998
102.91,-0.013973878072586468,0.5949966581100782
102.92,-0.008023445590307026,0.5953088294346612
102.93,-0.0020677014838932435,0.5960586162870598
102.94,0.003897726735434171,0.5972448487516314
102.95,0.009877195491139388,0.5988654820309418
102.96000000000001,0.015875036376053007,0.6009175908898016
102.97,0.021895547308935417,0.6033973595803525
102.98,0.02794298356766006,0.606300067232579
102.99000000000001,0.034021548653586996,0.6096200686930346
103.0,0.04013538494152075,0.6133507707946909
103.01,0.04628856406948082,0.6174846040431246
103.02,0.052485077022383246,0.6220129897092552
103.03,0.05872882386366592,0.6269263023271016
103.04,0.06502360306892527,0.6322138276070826
103.05,0.07137310041580756,0.6378637157918672
103.06,0.07778087738476261,0.6438629305033079
103.07000000000001,0.08425035902587373,0.6501971931562333
103.08,0.09078482124788728,0.6568509230485376
103.09,0.09738737748684449,0.66380717327781
103.10000000000001,0.10406096471344349,0.6710475626834227
103.11,0.11080832874051295,0.6785522040703289
103.12,0.11763200879485007,0.6862996290375387
103.13,0.12453432132126373,0.6942667098110853
103.14,0.1315173429910718,0.7024285785689678
103.15,0.13858289289264308,0.7107585448446869
103.16,0.14573251388796551,0.7192280117070979
103.17,0.15296745312678506,0.7278063915378153
103.18,0.16028864171872184,0.7364610223634991
103.19,0.16769667357405504,0.7451570858490477
103.2,0.1751917834357028,0.7538575282187006
103.21000000000001,0.18277382413842908,0.7625229855446405
103.22,0.1904422431465956,0.7711117150258122
103.23,0.1981960584389453,0.7795795340717141
103.24000000000001,0.2060338338280299,0.7878797692046855
103.25,0.21395365382303902,0.795963216996826
103.26,0.2219530981679664,0.8037781194604974
103.27,0.23002921621224895,0.8112701565098668
103.28,0.23817850129816373,0.8183824582997467
103.29,0.24639686537824387,0.8250556404206384
103.3,0.2546796141065765,0.8312278650779679
103.31,0.2630214226798032,0.8368349315005315
103.32000000000001,0.2714163127365871,0.8418103988986442
103.33,0.27985763065777614,0.8460857453159825
103.34,0.2883380276429068,0.8495905656793951
103.35000000000001,0.29684944197136404,0.8522528122361611
103.36,0.30538308388763,0.85399908036615
103.37,0.3139294235786871,0.8547549424549383
103.38,0.32247818273672885,0.8544453321015322
103.39,0.33101833022071775,0.8529949804003671
103.4,0.3395380823447362,0.8503289053728388
103.41,0.3480249083281745,0.8463729548223441
103.42,0.3564655414411831,0.8410544019455282
103.43,0.3648459963670851,0.8343025919520692
103.44,0.37315159328022446,0.8260496367318165
103.45,0.38136698910172145,0.8162311532731235
103.46000000000001,0.38947621634568697,0.8047870400980195
103.47,0.39746272990368187,0.7916622844637953
103.48,0.4053094620349629,0.776807791519432
103.49000000000001,0.41299888573407045,0.7601812250394295
103.5,0.4205130865357514,0.7417478478345066
103.51,0.4278338426907606,0.7214813485123623
103.52,0.4349427135059987,0.6993646399913965
103.53,0.44182113549058855,0.6753906141186771
103.54,0.44845052578837225,0.649562835974371
103.55,0.45481239221007597,0.6218961610206778
103.56,0.46088844900878584,0.5924172582316737
103.57000000000001,0.4666607373747095,0.5611650227710068
103.58,0.472111749464206,0.528190862705103
103.59,0.4772245546288115,0.4935588456735405
103.60000000000001,0.4819829263776768,0.45734569339057646
103.61,0.4863714684966231,0.41964061430706656
103.62,0.4903757386638182,0.38054496768269225
103.63,0.493982367850277,0.34017175564429813
103.64,0.4971791737767042,0.29864494345503423
103.65,0.49995526671937773,0.2560986120885773
103.66,0.5023011460184758,0.21267595117391982
103.67,0.5042087857428561,0.16852810431776497
103.68,0.5056717081048311,0.12381288258555047
103.69,0.5066850433945671,0.07869336539038693
103.7,0.5072455754126388,0.03333641107012673
103.71000000000001,0.5073517716159697,-0.012088898091950497
103.72,0.5070037974507997,-0.05741284982648495
103.73,0.5062035146194399,-0.1024667071483914
103.74000000000001,0.5049544633078319,-0.14708429694943403
103.75,0.5032618286804512,-0.19110355439053928
103.76,0.5011323922200212,-0.23436799680457118
103.77,0.49857446874435984,-0.2767281027700066
103.78,0.495597830164621,-0.31804257460336577
103.79,0.4922136172522925,-0.35817946564053255
103.8,0.48843424085181036,-0.39701715721293707
103.81,0.4842732741080338,-0.4344451740406209
103.82000000000001,0.47974533737099795,-0.47036483072185425
103.83,0.4748659774935967,-0.5046897059611006
103.84,0.46965154325177594,-0.5373459450143284
103.85000000000001,0.46411905859331015,-0.5682723944267195
103.86,0.45828609536324155,-0.5974205763939667
103.87,0.4521706470654308,-0.6247545129163756
103.88,0.44579100510491404,-0.6502504122789209
103.89,0.4391656388198524,-0.6738962322469609
103.9,0.4323130804599748,-0.6956911357050407
103.91,0.4252518161057515,-0.7156448552937545
103.92,0.41800018335409966,-0.7337769839431033
103.93,0.41057627642688943,-0.7501162081006126
103.94,0.40299785919208736,-0.7646994999600493
103.95,0.3952822864276884,-0.7775712841706622
103.96000000000001,0.38744643350867414,-0.7887825934103092
103.97,0.37950663455948225,-0.7983902259024565
103.98,0.371478628990625,-0.8064559165090192
103.99000000000001,0.36337751622930187,-0.8130455314966734
104.0,0.35521771836069155,-0.8182282955064867
104.01,0.3470129503191721,-0.8220760577017004
104.02,0.3387761972066576,-0.82466260256517
104.03,0.33051969826786876,-0.8260630093977458
104.04,0.3222549370187026,-0.8263530632557139
104.05,0.3139926370027544,-0.8256087188762785
104.06,0.305742762641177,-0.8239056180855278
104.07000000000001,0.29751452464104383,-0.8213186602682802
104.08,0.2893163894358114,-0.8179216247037935
104.09,0.28115609214696796,-0.8137868429316891
104.10000000000001,0.2730406525771776,-0.8089849188016688
104.11,0.26497639377093457,-0.8035844934694572
104.12,0.25696896270778846,-0.7976520523190737
104.13,0.24902335272455312,-0.791251770606251
104.14,0.24114392729566345,-0.784445394517428
104.15,0.23333444483420457,-0.777292154311103
104.16,0.22559808420944139,-0.7698487062416942
104.17,0.21793747070937067,-0.7621691000493399
104.18,0.2103547022084546,-0.7543047689219847
104.19,0.20285137533093098,-0.74630453898938
104.2,0.195428611428667,-0.7382146555839678
104.21000000000001,0.1880870822192516,-0.7300788236937813
104.22,0.18082703495479135,-0.7219382602312752
104.23,0.1736483170146261,-0.7138317559441499
104.24000000000001,0.16655039983590836,-0.7057957449954145
104.25,0.15953240211471784,-0.6978643804366774
104.26,0.15259311222717484,-0.6900696139882071
104.27,0.1457310098349537,-0.682441278719586
104.28,0.13894428665278313,-0.6750071733943155
104.29,0.1322308663670674,-0.6677931473994888
104.3,0.12558842370479334,-0.6608231853270693
104.31,0.119014402660526,-0.6541194904061354
104.32000000000001,0.11250603389667063,-0.6477025661057226
104.33,0.10606035133841156,-0.6415912953358716
104.34,0.0996742079899532,-0.6358030167706019
104.35000000000001,0.09334429100299953,-0.6303535979013313
104.36,0.08706713603192659,-0.625257504503397
104.37,0.08083914091293158,-0.6205278662625299
104.38,0.07465657870667598,-0.6161765383630947
104.39,0.06851561014566969,-0.612214158886438
104.4,0.062412295528947226,-0.6086502019064974
104.41,0.056342606107539744,-0.6054930262016898
104.42,0.05030243500491344,-0.6027499195277256
104.43,0.044287607716985235,-0.600427138416071
104.44,0.03829389223659202,-0.5985299434779824
104.45,0.03231700884742559,-0.5970626302049905
104.46000000000001,0.02635263963249221,-0.5960285552639928
104.47,0.02039643774214573,-0.5954301582893164
104.48,0.014444036466705876,-0.5952689791757597
104.49000000000001,0.008491058158630535,-0.5955456708762098
104.5,0.0025331230491816782,-0.5962600077054806
104.51,-0.0034341419954790776,-0.597410889148969
104.52,-0.009415094733797702,-0.598996339171052
104.53,-0.015414068778900116,-0.6010135010143038
104.54,-0.021435364754083776,-0.6034586274770379
104.55,-0.027483241328440874,-0.6063270666538291
104.56,-0.03356190608716036,-0.6096132431220168
104.57000000000001,-0.03967550619088121,-0.6133106345571834
104.58,-0.045828118778304026,-0.6174117437627531
104.59,-0.052023741066136275,-0.6219080661036787
104.60000000000001,-0.058266280100377606,-0.6267900523421928
104.61,-0.06455954211298014,-0.6320470668853988
104.62,-0.07090722143808557,-0.6376673414706429
104.63,-0.07731288894239298,-0.6436379243357723
104.64,-0.08377997992480102,-0.6499446249482362
104.65,-0.09031178144135771,-0.6565719544001895
104.66,-0.09691141901280481,-0.6635030616170591
104.67,-0.10358184267369888,-0.6707196655751753
104.68,-0.11032581232430831,-0.6782019837807819
104.69,-0.11714588234931453,-0.6859286573288138
104.7,-0.12404438547088459,-0.693876672935979
104.71000000000001,-0.1310234158080341,-0.7020212824296054
104.72,-0.13808481111947668,-0.7103359202720593
104.73,-0.14523013421347528,-0.7187921198108448
104.74000000000001,-0.1524606535156936,-0.7273594290671526
104.75,-0.15977732279481835,-0.7360053270108882
104.76,-0.16718076005591137,-0.7446951414180691
104.77,-0.17467122562317974,-0.7533919695666428
104.78,-0.18224859944724425,-0.7620566031986277
104.79,-0.1899123576871523,-0.7706474593589371
104.8,-0.19766154863442298,-0.7791205189127446
104.81,-0.2054947680654072,-0.7874292747416507
104.82000000000001,-0.213410134129256,-0.7955246918213537
104.83,-0.22140526190183427,-0.8033551815864508
104.84,-0.229477237760985,-0.8108665931869412
104.85000000000001,-0.23762259376557307,-0.8180022244306066
104.86,-0.2458372822495971,-0.8247028553793813
104.87,-0.2541166508731607,-0.8309068077187048
104.88,-0.26245541840397124,-0.8365500331382639
104.89,-0.270847651535926,-0.8415662340410666
104.9,-0.27928674308479257,-0.845887019925055
104.91,-0.28776539193442713,-0.849442102746278
104.92,-0.29627558513971813,-0.8521595344631884
104.93,-0.30480858262369087,-0.8539659897657468
104.94,-0.3133549049350331,-0.8547870966985476
104.95,-0.3219043245576618,-0.8545478174824703
104.96000000000001,-0.33044586128468245,-0.8531728813137142
104.97,-0.3389677821839361,-0.8505872702635208
104.98,-0.34745760668995285,-0.8467167586098214
104.99000000000001,-0.3559021173561325,-0.8414885050000462
105.0,-0.36428737678995377,-0.8348316957730696
105.01,-0.37259875127159386,-0.826678236563283
105.02,-0.3808209415212194,-0.816963487982381
105.03,-0.3889380210312415,-0.8056270397424069
105.04,-0.39693348231606757,-0.7926135160717832
105.05,-0.40479029135267713,-0.7778734037167663
105.06,-0.41249095039040284,-0.7613638922538416
105.07000000000001,-0.42001756919775396,-0.7430497149111023
105.08,-0.4273519446886249,-0.7229039766622207
105.09,-0.43447564873099837,-0.7009089550741449
105.10000000000001,-0.4413701237901078,-0.6770568583216271
105.11,-0.44801678589743094,-0.6513505239920053
105.12,-0.45439713426994793,-0.6238040418548314
105.13,-0.46049286673452755,-0.5944432837210515
105.14,-0.4662859999443689,-0.5633063239157455
105.15,-0.4717589932128425,-0.5304437347758197
105.16,-0.4768948746398854,-0.4959187429836927
105.17,-0.4816773680725164,-0.45980723446626026
105.18,-0.48609101932921056,-0.42219759801126694
105.19,-0.49012132003274167,-0.3831904006446436
105.2,-0.49375482734210346,-0.34289789111368757
105.21000000000001,-0.49697927785501544,-0.3014433314513517
105.22,-0.4997836939711305,-0.25896016045531794
105.23,-0.5021584810641218,-0.21559099688387623
105.24000000000001,-0.5040955139088079,-0.17148649411827116
105.25,-0.5055882109464871,-0.12680406183045984
105.26,-0.506631595145417,-0.08170647368780846
105.27,-0.5072223404202432,-0.036360383189885596
105.28,-0.5073588028092146,0.009065227752215424
105.29,-0.5070410358651988,0.05440064101689046
105.3,-0.5062707899888768,0.09947700763368832
105.31,-0.505051495712525,0.14412793831427625
105.32000000000001,-0.5033882312225912,0.18819105157587254
105.33,-0.5012876746810075,0.23150945306396145
105.34,-0.49875804216131203,0.2739331215854978
105.35000000000001,-0.49580901224929763,0.3153201799118991
105.36,-0.4924516385630741,0.3555380315015053
105.37,-0.48869825161926755,0.39446434780359374
105.38,-0.4845623516070023,0.4319878946077036
105.39,-0.4800584937271135,0.46800918985449774
105.4,-0.4752021678099123,0.5024409892902364
105.41,-0.47000967394130877,0.5352086001960804
105.42,-0.4644979958059907,0.5662500270386353
105.43,-0.4586846734005361,0.595515956169364
105.44,-0.45258767668260347,0.6229695895681137
105.45,-0.44622528160917385,0.6485863400225421
105.46000000000001,-0.43961594988215263,0.6723534020259174
105.47,-0.43277821356865553,0.6942692140477492
105.48,-0.4257305656011977,0.7143428286923847
105.49000000000001,-0.4184913569948079,0.732593207635095
105.5,-0.41107870144849584,0.7490484581529027
105.51,-0.40351038783174986,0.7637450275992109
105.52,-0.3958038008965116,0.7767268713655602
105.53,-0.3879758504044386,0.7880446087932582
105.54,-0.3800429087206464,0.7977546802060259
105.55,-0.37202075680031804,0.8059185167945364
105.56,-0.36392453838475564,0.8126017335534512
105.57000000000001,-0.355768722129249,0.8178733539045137
105.58,-0.34756707130666536,0.821805073082152
105.59,-0.33933262066760594,0.8244705658502852
105.60000000000001,-0.33107765998965966,0.8259448426925041
105.61,-0.3228137238137559,0.8263036572969811
105.62,-0.3145515868437201,0.8256229669597505
105.63,-0.30630126447456096,0.823978446466355
105.64,-0.29807201791439303,0.8214450550875475
105.65,-0.28987236337280997,0.8180966555401687
105.66,-0.2817100848035896,0.8140056831158979
105.67,-0.273592249710492,0.809242862661545
105.68,-0.2655252275503587,0.803876970695811
105.69,-0.25751471029657574,0.7979746396582683
105.7,-0.2495657347571933,0.7916002010949865
105.71000000000001,-0.24168270627467603,0.784815564479589
105.72,-0.23386942346760153,0.7776801283364391
105.73,-0.22612910370794725,0.7702507203623343
105.74000000000001,-0.21846440906035486,0.76258156332338
105.75,-0.21087747244147967,0.7547242636243132
105.76,-0.2033699237878686,0.7467278195990819
105.77,-0.19594291604949804,0.7386386467455928
105.78,-0.18859715085295675,0.7305006173169354
105.79,-0.18133290370315935,0.722355111879766
105.8,-0.17415004861536146,0.7142410806526026
105.81,-0.1670480820901073,0.7061951126381548
105.82000000000001,-0.16002614636259835,0.6982515107609328
105.83,-0.15308305187488863,0.6904423714114836
105.84,-0.14621729893436866,0.6827976669795575
105.85000000000001,-0.13942709853529747,0.6753453301287844
105.86,-0.13271039233179296,0.6681113387240062
105.87,-0.12606487176081735,0.6611198004686661
105.88,-0.11948799632241965,0.6543930364433117
105.89,-0.11297701103195111,0.6479516628573725
105.9,-0.1065289630652722,0.6418146704351584
105.91,-0.10014071762324794,0.6359995009539015
105.92,-0.09380897304619416,0.63052212053721
105.93,-0.08753027521250374,0.6253970893821219
105.94,-0.08130103125855173,0.6206376276627752
105.95,-0.07511752265924825,0.6162556774092829
105.96000000000001,-0.06897591771036608,0.6122619602074486
105.97,-0.06287228345509928,0.608666030604275
105.98,-0.05680259709828058,0.605476325136521
105.99000000000001,-0.05076275695236885,0.602700206925577
106.0,-0.04474859295976904,0.6003440058023605
106.01,-0.03875587683632164,0.5984130539414405
106.02,-0.032780331880940226,0.5969117169948013
106.03,-0.02681764249642561,0.5958434207231735
106.04,-0.020863463466476752,0.5952106731272402
106.05,-0.014913429033880803,0.5950150820828114
106.06,-0.008963161824820522,0.5952573684837741
106.07000000000001,-0.00300828166420532,0.5959373748947308
106.08,0.002955585673074094,0.597054069712239
106.09,0.00893279973003946,0.598605546829899
106.10000000000001,0.014927696609672074,0.6005890207986547
106.11,0.020944580146012554,0.6030008174700348
106.12,0.02698771295907277,0.6058363601071173
106.13,0.03306130734815489,0.6090901509461907
106.14,0.039169515977996575,0.6127557481919087
106.15,0.045316422311993065,0.6168257384306591
106.16,0.05150603074660976,0.6212917044514136
106.17,0.05774225640102134,0.6261441884710287
106.18,0.06402891451603034,0.6313726507723879
106.19,0.0703697094164691,0.6369654237795159
106.2,0.07676822299162066,0.6429096616144917
106.21000000000001,0.08322790264875894,0.6491912852072775
106.22,0.08975204869576622,0.6557949230621897
106.23,0.09634380111000274,0.6627038478243639
106.24000000000001,0.10300612565225349,0.6698999088369572
106.25,0.10974179928674188,0.6773634609357438
106.26,0.11655339487096837,0.6850732897929531
106.27,0.12344326508260095,0.693006534197394
106.28,0.13041352555491625,0.7011386057438388
106.29,0.13746603719747774,0.709443106501917
106.3,0.14460238768495462,0.7178917453439624
106.31,0.151823872104357,0.726454253732788
106.32000000000001,0.1591314727596104,0.735098301904464
106.33,0.1665258381424463,0.7437894165278913
106.34,0.1740072610901682,0.7524909010820344
106.35000000000001,0.18157565616408697,0.7611637603624839
106.36,0.1892305362974179,0.7697666307105673
106.37,0.19697098877829833,0.7782557177489836
106.38,0.20479565065239758,0.7865847436057964
106.39,0.21270268365041428,0.7947049058108362
106.4,0.22068974876861433,0.8025648502516001
106.41,0.22875398065544628,0.8101106607752397
106.42,0.2368919619841191,0.8172858682139327
106.43,0.24509969801972492,0.8240314817865652
106.44,0.2533725916198504,0.8302860459829629
106.45,0.26170541893938415,0.8359857261595606
106.46000000000001,0.2700923061430416,0.8410644261580599
106.47,0.2785267074625454,0.8454539412910137
106.48,0.2870013849688619,0.8490841500092573
106.49000000000001,0.29550839046273053,0.8518832474639164
106.5,0.3040390499181402,0.8537780239882241
106.51,0.31258395094249497,0.8546941912394046
106.52,0.32113293374292823,0.8545567583466797
106.53,0.32967508610942853,0.8532904598972633
106.54,0.33819874294087354,0.8508202369488322
106.55,0.3466914908484052,0.8470717714775639
106.56,0.35514017837042483,0.841972073751675
106.57000000000001,0.3635309323234387,0.8354501210617253
106.58,0.3718491807916593,0.827437545045839
106.59,0.3800796832243555,0.8178693635311931
106.60000000000001,0.38820656806228315,0.8066847513897747
106.61,0.39621337825215097,0.7938278434007253
106.62,0.4040831249302977,0.7792485605551864
106.63,0.41179834946325466,0.7629034496715834
106.64,0.4193411939237293,0.7447565246561882
106.65,0.4266934799563784,0.7247800962986074
106.66,0.4338367958497014,0.7029555761930517
106.67,0.44075259148023943,0.6792742392861089
106.68,0.4474222806354236,0.6537379287341079
106.69,0.4538273500549216,0.6263596862708125
106.7,0.4599494743608398,0.5971642911977233
106.71000000000001,0.465770635878876,0.5661886914657989
106.72,0.47127324819015576,0.5334823111590167
106.73,0.4764402821020563,0.49910722004251673
106.74000000000001,0.4812553925910061,0.46313815270918585
106.75,0.48570304515624,0.4256623672363968
106.76,0.489768639935734,0.3867793361152444
106.77,0.49343863187854486,0.34660026548139394
106.78,0.4967006452453619,0.30524744228072576
106.79,0.49954358072415944,0.26285341284500896
106.8,0.501957713502262,0.21956000031617584
106.81,0.5039347807304829,0.17551717231270114
106.82000000000001,0.505468056948516,0.1308817740408507
106.83,0.5065524162112999,0.08581614557861625
106.84,0.5071843798600884,0.040486645167909355
106.85000000000001,0.5073621491146582,-0.004937897079790289
106.86,0.5070856219184926,-0.05028776872984897
106.87,0.5063563937400611,-0.09539398027753576
106.88,0.5051777423129419,-0.14008985811921587
106.89,0.5035545965776768,-0.18421259759615777
106.9,0.5014934903610186,-0.22760474958038174
106.91,0.4990025015860691,-0.2701156159132766
106.92,0.49609117804275316,-0.31160253150078454
106.93,0.4927704509560535,-0.3519320139144068
106.94,0.48905253776446506,-0.3909807648263256
106.95,0.48495083565952696,-0.4286365113876843
106.96000000000001,0.4804798075367113,-0.46479867960329607
106.97,0.475654862067461,-0.4993788957259884
106.98,0.47049222962219156,-0.5323013155584515
106.99000000000001,0.465008835756292,-0.563502785191222
107.0,0.4592221739183671,-0.5929328400205803
107.01,0.45315017895588033,-0.6205535517980734
107.02,0.4468111028824056,-0.6463392359045693
107.03,0.44022339423778895,-0.6702760329793754
107.04,0.43340558222281805,-0.6923613804542084
107.05,0.4263761666287047,-0.7126033904483305
107.06,0.4191535144138514,-0.7310201508985106
107.07000000000001,0.4117557636107345,-0.7476389667640309
107.08,0.4042007350785708,-0.7624955577126331
107.09,0.39650585245648184,-0.7756332279158928
107.10000000000001,0.38868807052025295,-0.7871020225244488
107.11,0.38076381200599285,-0.7969578841186418
107.12,0.3727489128378801,-0.8052618210010231
107.13,0.36465857558597237,-0.8120790976729253
107.14,0.3565073308844216,-0.8174784562716622
107.15,0.34830900646053914,-0.8215313761852474
107.16,0.34007670336071666,-0.8243113775479042
107.17,0.33182277890958106,-0.8258933728846518
107.18,0.32355883590302364,-0.8263530698420261
107.19,0.31529571751274055,-0.8257664267325435
107.2,0.3070435073683727,-0.8242091615443875
107.21000000000001,0.29881153428185275,-0.8217563141307098
107.22,0.2906083810857585,-0.81848186049574
107.23,0.28244189707193795,-0.8144583774342989
107.24000000000001,0.27431921353707256,-0.8097567552508221
107.25,0.26624676196692154,-0.8044459558747086
107.26,0.25823029441957834,-0.7985928133901069
107.27,0.25027490569911937,-0.7922618737984773
107.28,0.2423850569436088,-0.7855152707193089
107.29,0.2345646002847332,-0.7784126336960485
107.3,0.22681680426968784,-0.7710110257987945
107.31,0.2191443797687573,-0.7633649072914098
107.32000000000001,0.21154950612385962,-0.7555261222480101
107.33,0.20403385732379709,-0.7475439051528333
107.34,0.19659862802080294,-0.7394649046898545
107.35000000000001,0.18924455922999997,-0.7313332221167543
107.36,0.18197196357846784,-0.7231904618156296
107.37,0.1747807499936874,-0.7150757918147447
107.38,0.16767044774217296,-0.7070260122771922
107.39,0.16064022974814354,-0.6990756301499632
107.4,0.15368893513917367,-0.6912569383577467
107.41,0.1468150909809886,-0.6836000981076289
107.42,0.14001693317702113,-0.6761332230421537
107.43,0.13329242652014556,-0.6688824641378609
107.44,0.12663928389426393,-0.6618720943937967
107.45,0.12005498463226963,-0.6551245924893024
107.46000000000001,0.11353679204447788,-0.6486607247126103
107.47,0.10708177013801742,-0.6424996245716634
107.48,0.10068679955304462,-0.6366588695965231
107.49000000000001,0.09434859274608696,-0.6311545549292562
107.5,0.08806370845445949,-0.6260013633729739
107.51,0.08182856547862748,-0.6212126316373953
107.52,0.07563945582171157,-0.6168004125746813
107.53,0.06949255722713384,-0.6127755332470844
107.54,0.06338394515676987,-0.6091476487079426
107.55,0.05730960425297499,-0.6059252914104528
107.56,0.05126543932856081,-0.6031159161852251
107.57000000000001,0.045247285929270485,-0.6007259407485214
107.58,0.03925092051359039,-0.598760781719015
107.59,0.03327207029489018,-0.5972248861324843
107.60000000000001,0.0273064227909407,-0.596121758451676
107.61,0.02134963512585666,-0.5954539830732285
107.62,0.01539734312947613,-0.595223242335552
107.63,0.009445170279145619,-0.5954303300314496
107.64,0.003488736528847137,-0.5960751604275121
107.65,-0.002476332929404622,-0.597156772789415
107.66,-0.008454398926941163,-0.5986733314086371
107.67,-0.014449799557577362,-0.600622121122267
107.68,-0.020466841349386502,-0.6029995383139133
107.69,-0.026509790323855625,-0.6058010773807313
107.7,-0.03258286289700113,-0.6090213126497012
107.71000000000001,-0.03869021657684965,-0.6126538757259804
107.72,-0.04483594041152074,-0.6166914282579249
107.73,-0.05102404514200815,-0.6211256301077223
107.74000000000001,-0.05725845301367519,-0.6259471029240403
107.75,-0.06354298720048897,-0.6311453891242361
107.76,-0.06988136079615992,-0.6367089063090925
107.77,-0.07627716532667082,-0.6426248971533594
107.78,-0.08273385873922712,-0.6488793748412616
107.79,-0.08925475282349607,-0.6554570641482678
107.8,-0.09584300002219248,-0.6623413383095161
107.81,-0.10250157958968639,-0.6695141518621177
107.82000000000001,-0.10923328305943483,-0.6769559697038365
107.83,-0.11604069898376312,-0.6846456926751565
107.84,-0.12292619691293796,-0.6925605800462201
107.85000000000001,-0.12989191058468752,-0.7006761693752616
107.86,-0.13693972030044319,-0.7089661943016226
107.87,-0.14407123447071996,-0.7174025009447805
107.88,-0.1512877703193388,-0.7259549637014623
107.89,-0.1585903337447492,-0.7345914013661432
107.9,-0.16597959834666165,-0.7432774946460659
107.91,-0.17345588363767053,-0.7519767063001308
107.92,-0.18101913247266427,-0.7606502053010405
107.93,-0.18866888774369134,-0.7692567966009158
107.94,-0.19640426840468259,-0.7777528582707863
107.95,-0.20422394490910706,-0.786092287981823
107.96000000000001,-0.21212611416431906,-0.7942264609982052
107.97,-0.22010847412907117,-0.8021042020546498
107.98,-0.22816819820541204,-0.8096717736915721
107.99000000000001,-0.2363019096029026,-0.8168728838123773
108.0,-0.2445056558816596,-0.8236487154043417
108.01,-0.25277488391098946,-0.8299379815197041
108.02,-0.26110441551205366,-0.8356770087387213
108.03,-0.26948842408576384,-0.8407998524222761
108.04,-0.27792041256049915,-0.8452384470979344
108.05,-0.28639319302772254,-0.8489227952990555
108.06,-0.2948988684664803,-0.8517811980799401
108.07000000000001,-0.30342881698932134,-0.8537405302489255
108.08,-0.3119736790714588,-0.854726563083619
108.09,-0.3205233482509937,-0.8546643369063307
108.10000000000001,-0.3290669658095854,-0.8534785853923188
108.11,-0.3375929199588401,-0.8510942128494231
108.12,-0.3460888500665739,-0.8474368249379596
108.13,-0.35454165645759933,-0.8424333123904173
108.14,-0.36293751631438226,-0.8360124862414747
108.15,-0.37126190618242877,-0.8281057618948301
108.16,-0.37949963155227884,-0.8186478880446438
108.17,-0.3876348639433217,-0.807577715052707
108.18,-0.39565118585333303,-0.7948389958814595
108.19,-0.4035316438609509,-0.780381211128779
108.2,-0.4112588100759086,-0.7641604081416841
108.21000000000001,-0.4188148520237846,-0.7461400426486718
108.22,-0.42618161092888207,-0.726291809896979
108.23,-0.4333406882217242,-0.7045964509697507
108.24000000000001,-0.4402735399482771,-0.6810445188510071
108.25,-0.4469615785987444,-0.6556370879672294
108.26,-0.45338628170762174,-0.6283863904263098
108.27,-0.45952930640727063,-0.5993163620565403
108.28,-0.46537260894875254,-0.568463081672006
108.29,-0.47089856804071073,-0.5358750877971877
108.3,-0.4760901107046963,-0.5016135583995219
108.31,-0.48093083920870117,-0.46575234101354196
108.32000000000001,-0.48540515752496716,-0.42837782298345084
108.33,-0.4894983956683702,-0.3895886343701788
108.34,-0.49319693021237077,-0.34949517930911256
108.35000000000001,-0.49648829925455246,-0.3082189951884163
108.36,-0.49936131011613905,-0.2658919428472263
108.37,-0.501806138111497,-0.2226552349523788
108.38,-0.5038144148151866,-0.17865831367275925
108.39,-0.5053793043849522,-0.1340575925948963
108.4,-0.5064955666670845,-0.089015081373375
108.41,-0.5071596060124196,-0.04369691475130111
108.42,-0.5073695049621105,0.0017281898025231432
108.43,-0.5071250422163692,0.04709051961557627
108.44,-0.5064276945697991,0.09222097200497381
108.45,-0.5052806227762697,0.13695264915625943
108.46000000000001,-0.5036886415866738,0.18112241498945733
108.47,-0.5016581744764805,0.22457238737609353
108.48,-0.49919719383915195,0.26715134086341513
108.49000000000001,-0.49631514765921225,0.30871599751252843
108.5,-0.4930228738889014,0.34913218646781824
108.51,-0.4893325039298559,0.3882758563281597
108.52,-0.4852573567623382,0.42603392815488267
108.53,-0.4808118253667582,0.46230498088919103
108.54,-0.4760112571445544,0.4969997649247231
108.55,-0.4708718300682638,0.5300415434574953
108.56,-0.4654104262754045,0.5613662648959415
108.57000000000001,-0.45964450477034496,0.5909225729550808
108.58,-0.45359197481630287,0.6186716639979355
108.59,-0.44727107149038625,0.6445870036630571
108.60000000000001,-0.44070023474304176,0.6686539167909588
108.61,-0.4338979931545671,0.6908690661181222
108.62,-0.42688285342067933,0.7112398361492988
108.63,-0.41967319643158113,0.7297836390694526
108.64,-0.41228718063929026,0.7465271595533816
108.65,-0.40474265324051345,0.7615055549229872
108.66,-0.3970570695408305,0.7747616263467423
108.67,-0.3892474207135786,0.7863449757353231
108.68,-0.381330170026124,0.7963111617254912
108.69,-0.3733211974790687,0.8047208667238832
108.7,-0.36523575269164626,0.8116390854627785
108.71000000000001,-0.3570884157698131,0.8171343439553754
108.72,-0.3488930658125387,0.821277956176443
108.73,-0.3406628566462842,0.8241433242760446
108.74000000000001,-0.3324101993270178,0.8258052866924621
108.75,-0.324146750912435,0.8263395171911275
108.76,-0.3158834089831953,0.8258219766378172
108.77,-0.3076303113796786,0.8243284182285047
108.78,-0.29939684061862515,0.8219339459512731
108.79,-0.2911916324606531,0.8187126252486638
108.8,-0.28302258811365183,0.8147371441787766
108.81,-0.27489688957707753,0.8100785228340587
108.82000000000001,-0.26682101765697064,0.8048058683592225
108.83,-0.2588007722098931,0.7989861726036327
108.84,-0.250841294204898,0.7926841492371827
108.85000000000001,-0.24294708922514943,0.7859621070400334
108.86,-0.2351220520640973,0.7788798560334352
108.87,-0.22736949210448074,0.7714946431393366
108.88,-0.21969215920131058,0.7638611141293371
108.89,-0.21209226982189397,0.7560312987382997
108.9,-0.20457153322654456,0.7480546159650784
108.91,-0.19713117750259238,0.739977896753816
108.92,-0.18977197529146822,0.7318454214366543
108.93,-0.18249426907385927,0.7236989695160209
108.94,-0.17529799590114778,0.7155778795664569
108.95,-0.16818271148253014,0.7075191172377105
108.96000000000001,-0.1611476135563936,0.6995573495388407
108.97,-0.15419156449175334,0.6917250237744842
108.98,-0.14731311308090392,0.6840524496869981
108.99000000000001,-0.14051051549801338,0.6765678835302761
109.0,-0.13378175541029838,0.6692976129615575
109.01,-0.1271245632387822,0.66226604178582
109.02,-0.12053643457458198,0.6554957737230455
109.03,-0.1140146477643213,0.6490076944917779
109.04,-0.10755628068474642,0.6428210516131393
109.05,-0.10115822673205851,0.6369535314382422
109.06,-0.09481721005598158,0.6314213329892716
109.07000000000001,-0.08852980007227308,0.6262392382810159
109.08,-0.08229242529036125,0.6214206788560219
109.09,-0.07610138649515265,0.6169777983235636
109.10000000000001,-0.06995286932388999,0.612921510740988
109.11,-0.06384295628033289,0.609261554716517
109.12,-0.057767638229559645,0.60600654314597
109.13,-0.05172282541741349,0.6031640085228543
109.14,-0.045704358059102564,0.6007404437825585
109.15,-0.03970801654176232,0.5987413386576417
109.16,-0.033729531285949736,0.5971712115330683
109.17,-0.027764592311100962,0.596033636798316
109.18,-0.021808858549983413,0.5953312676981265
109.19,-0.01585796695713843,0.5950658546858463
109.2,-0.009907541456266487,0.5952382592833197
109.21000000000001,-0.003953201771472034,0.5958484634496308
109.22,0.00200942781272613,0.5968955744581411
109.23,0.007984709717690788,0.5983778252776882
109.24000000000001,0.013976984318279893,0.6002925704499338
109.25,0.019990561126689465,0.6026362774511514
109.26,0.026029709867302925,0.605404513523665
109.27,0.03209865139716277,0.6085919279601288
109.28,0.038201548426505506,0.6121922298233862
109.29,0.04434249599363049,0.6161981610861976
109.3,0.05052551164822946,0.620601465179238
109.31,0.05675452529721525,0.6253928509429307
109.32000000000001,0.06303336866708807,0.6305619519894878
109.33,0.069365764337005,0.6360972814965469
109.34,0.075755314297019,0.6419861824736719
109.35000000000001,0.08220548798647843,0.6482147735683541
109.36,0.08871960976838607,0.6547678905097165
109.37,0.09530084579667275,0.6616290233266087
109.38,0.10195219023491824,0.6687802495228936
109.39,0.10867645078713062,0.6762021634472626
109.4,0.11547623350386348,0.6838738021585938
109.41,0.12235392683030248,0.6917725681614537
109.42,0.12931168486709255,0.6998741494705393
109.43,0.13635140981971328,0.708152437558315
109.44,0.14347473361825885,0.7165794438473904
109.45,0.15068299869666107,0.7251252155287579
109.46000000000001,0.157977237928834,0.7337577516191289
109.47,0.16535815372904367,0.7424429203153522
109.48,0.17282609633514107,0.7511443788610584
109.49000000000001,0.18038104130626484,0.7598234973096942
109.5,0.18802256628133496,0.7684392877480554
109.51,0.19574982706122596,0.7769483407338592
109.52,0.20356153309601216,0.7853047708978006
109.53,0.211455922479182,0.7934601738622745
109.54,0.21943073657325768,0.8013635968321168
109.55,0.22748319441582435,0.8089615254130847
109.56,0.23560996708151938,0.816197889406265
109.57000000000001,0.24380715220394963,0.8230140905050339
109.58,0.25207024889162005,0.8293490549785191
109.59,0.26039413330352,0.8351393145535504
109.60000000000001,0.2687730351826911,0.8403191187966647
109.61,0.27720051567945336,0.844820582338701
109.62,0.2856694468294651,0.8485738702658903
109.63,0.29417199308477116,0.8515074249114016
109.64,0.30269959532769314,0.8535482371079945
109.65,0.311242957826931,0.8546221646935064
109.66,0.31979203862156325,0.8546543006845719
109.67,0.3283360438406224,0.8535693930392436
109.68,0.33686342648234807,0.8512923173065735
109.69,0.3453618901867539,0.8477486027034865
109.7,0.3538183985364178,0.8428650112621332
109.71000000000001,0.3622191904119965,0.8365701686539181
109.72,0.3705498019094961,0.8287952441238318
109.73,0.37879509529447314,0.8194746756703617
109.74000000000001,0.38693929542290334,0.8085469351982305
109.75,0.3949660339984377,0.7959553268765742
109.76,0.4028584019604348,0.7816488103843652
109.77,0.41059901020612505,0.7655828391558841
109.78,0.4181700587435525,0.7477202021971808
109.79,0.4255534142500687,0.7280318565818076
109.8,0.4327306958751887,0.7064977364083792
109.81,0.4396833689782363,0.6831075228755213
109.82000000000001,0.4463928463326991,0.6578613592652589
109.83,0.45284059616354144,0.6307704940870182
109.84,0.45900825621443947,0.6018578354806395
109.85000000000001,0.46487775287315425,0.5711584002606306
109.86,0.4704314242196521,0.5387196417473739
109.87,0.47565214570810177,0.504601641802248
109.88,0.4805234570556971,0.4688771542736536
109.89,0.4850296887935749,0.43163148936098705
109.9,0.4891560868429169,0.39296223118323226
109.91,0.4928889334172395,0.3529787840449618
109.92,0.4962156625238161,0.3118017464497145
109.93,0.49912496834623377,0.2695621157226665
109.94,0.5016069048382694,0.22640033005702287
109.95,0.5036529749473742,0.1824651587636288
109.96000000000001,0.505256208013542,0.13791245534447086
109.97,0.5064112240542636,0.09290379158923476
109.98,0.5071142838453268,0.04760499407551593
109.99000000000001,0.507363323935774,0.002184607114457199
110.0,0.5071579759876158,-0.04318769178100184
110.01,0.5064995701001539,-0.08834269650055776
110.02,0.5053911220576047,-0.13311326904351534
110.03,0.5038373047192837,-0.17733590057803558
110.04,0.501844404046044,-0.22085221009855327
110.05,0.49942026051731264,-0.2635103556588851
110.06,0.4965741969328663,-0.3051663355553821
110.07000000000001,0.49331693380620495,-0.3456851598006831
110.08,0.4896604937368526,-0.3849418756480581
110.09,0.48561809629324376,-0.42282243466872266
110.10000000000001,0.48120404504347813,-0.4592243928121788
110.11,0.47643360843700017,-0.4940574388543216
110.12,0.4713228962663917,-0.5272437505273084
110.13,0.465888733426454,-0.5587181813081364
110.14,0.4601485326402289,-0.5884282842148962
110.15,0.454120167742156,-0.6163341819358616
110.16,0.4478218490015117,-0.6424082951338773
110.17,0.44127200183947846,-0.6666349427865425
110.18,0.4344891501457808,-0.6890098299232901
110.19,0.42749180524101266,-0.7095394391062131
110.2,0.42029836136365656,-0.7282403424933146
110.21000000000001,0.4129269983911464,-0.7451384513570557
110.22,0.40539559233651545,-0.7602682195559508
110.23,0.39772163400002736,-0.7736718167293292
110.24000000000001,0.38992215600192887,-0.7853982859671351
110.25,0.3820136682806846,-0.7955026994616065
110.26,0.3740121020126967,-0.8040453242387854
110.27,0.36593276179590895,-0.8110908085548112
110.28,0.35779028584160055,-0.8167073979795486
110.29,0.349598613836318,-0.8209661886267042
110.3,0.3413709620690665,-0.8239404234664425
110.31,0.3331198053669892,-0.825704836207394
110.32000000000001,0.32485686534491864,-0.8263350458861232
110.33,0.31659310444926675,-0.825907004072695
110.34,0.30833872526346473,-0.8244964955034588
110.35000000000001,0.3001031745391976,-0.8221786919931338
110.36,0.29189515142360206,-0.8190277586592908
110.37,0.2837226193660118,-0.8151165108106819
110.38,0.2755928212073884,-0.8105161193005257
110.39,0.26751229698000123,-0.8052958617182393
110.4,0.2594869039730236,-0.7995229164778179
110.41,0.25152183865044486,-0.7932621966465739
110.42,0.24362166004009214,-0.7865762202321898
110.43,0.23579031424580107,-0.779525013596798
110.44,0.22803115976815616,-0.7721660446822082
110.45,0.2203469933521569,-0.7645541827991151
110.46000000000001,0.21274007611217388,-0.756741681844611
110.47,0.20521215971526469,-0.7487781839569699
110.48,0.19776451243303447,-0.7407107407858928
110.49000000000001,0.1903979448995468,-0.7325838497425902
110.5,0.18311283543818266,-0.7244395027907421
110.51,0.17590915484373199,-0.7163172455409509
110.52,0.16878649052736364,-0.7082542446131772
110.53,0.16174406995146842,-0.7002853614301028
110.54,0.15478078329876158,-0.6924432307964072
110.55,0.14789520533554026,-0.6847583428023161
110.56,0.14108561644271525,-0.6772591267628059
110.57000000000001,0.13435002280028416,-0.6699720360653793
110.58,0.12768617572140764,-0.6629216329486531
110.59,0.12109159014131107,-0.6561306723707879
110.60000000000001,0.11456356227399189,-0.6496201842509731
110.61,0.10809918645629162,-0.6434095534789815
110.62,0.10169537120441226,-0.6375165971875894
110.63,0.09534885451253983,-0.6319576388709387
110.64,0.08905621842699347,-0.6267475790093402
110.65,0.08281390293235301,-0.6218999619282429
110.66,0.07661821918842861,-0.6174270386768872
110.67,0.07046536215881526,-0.613339825761252
110.68,0.06435142267320357,-0.609648159607063
110.69,0.058272398966674,-0.6063607466625976
110.7,0.05222420773995161,-0.603485209078539
110.71000000000001,0.04620269478510322,-0.6010281259238726
110.72,0.04020364522147416,-0.5989950699134924
110.73,0.03422279338683337,-0.5973906396353996
110.74000000000001,0.028255832428766166,-0.5962184872737503
110.75,0.022298423641358367,-0.59548134182912
110.76,0.016346205592183766,-0.5951810278397464
110.77,0.01039480308456344,-0.5953184796076829
110.78,0.004439836000030108,-0.5958937509322828
110.79,-0.0015230719340822154,-0.5969060203506622
110.8,-0.007498284406983136,-0.5983535918812656
110.81,-0.013490143771707527,-0.6002338912628075
110.82000000000001,-0.019502962232239286,-0.6025434576771395
110.83,-0.025541012925250316,-0.6052779309414572
110.84,-0.031608520851068425,-0.6084320341531635
110.85000000000001,-0.03770965360831358,-0.6119995517701033
110.86,-0.04384851188647049,-0.6159733031102883
110.87,-0.050029119670519345,-0.6203451112591225
110.88,-0.05625541411165294,-0.6251057673790581
110.89,-0.06253123501810051,-0.6302449904271211
110.9,-0.06886031392019537,-0.6357513823004303
110.91,-0.07524626266410912,-0.6416123784493104
110.92,-0.08169256148918158,-0.6478141940225433
110.93,-0.08820254654455999,-0.654341765640366
110.94,-0.09477939680198891,-0.6611786889287589
110.95,-0.10142612032313517,-0.6683071519940896
110.96000000000001,-0.1081455398418707,-0.6757078650710393
110.97,-0.11494027762455596,-0.6833599866397073
110.98,-0.12181273957466485,-0.6912410463806073
110.99000000000001,-0.1287650985521681,-0.6993268654196348
111.0,-0.13579927688305757,-0.7075914744096811
111.01,-0.14291692804036174,-0.7160070301019609
111.02,-0.15011941748509677,-0.7245437311787514
111.03,-0.15740780266393675,-0.7331697342504255
111.04,-0.16478281217010526,-0.7418510710634683
111.05,-0.1722448240852061,-0.7505515681224119
111.06,-0.1797938435325535,-0.7592327700968019
111.07000000000001,-0.18742947948714217,-0.7678538685634849
111.08,-0.19515092090382322,-0.776371637823306
111.09,-0.2029569122436083,-0.7847403797277615
111.10000000000001,-0.21084572849837843,-0.7929118796526555
111.11,-0.2188151498366614,-0.8008353759590378
111.12,-0.2268624360175592,-0.808457545482486
111.13,-0.23498430074631113,-0.8157225077850884
111.14,-0.24317688617326097,-0.8225718510842539
111.15,-0.2514357377679962,-0.8289446829317066
111.16,-0.25975577983189513,-0.8347777088466077
111.17,-0.26813129194492835,-0.8400053421996184
111.18,-0.2765558866758875,-0.8445598486897588
111.19,-0.28502248891872356,-0.8483715287422111
111.2,-0.2935233172507317,-0.851368941071114
111.21000000000001,-0.3020498677401458,-0.853479170484797
111.22,-0.3105929006604276,-0.85462814274964
111.23,-0.3191424305951386,-0.8547409889609058
111.24000000000001,-0.3276877204396457,-0.8537424613834216
111.25,-0.336217279822807,-0.8515574021122853
111.26,-0.3447188684818914,-0.8481112651563647
111.27,-0.3531795051259343,-0.8433306916607175
111.28,-0.3615854823151058,-0.837144136957435
111.29,-0.369922387865083,-0.8294825469716708
111.3,-0.3781751332545392,-0.8202800802201139
111.31,-0.3863279894694853,-0.8094748702385175
111.32000000000001,-0.3943646306593096,-0.797009821785614
111.33,-0.40226818590519764,-0.7828334326227161
111.34,-0.4100212993117639,-0.7669006310989372
111.35000000000001,-0.41760619852717634,-0.7491736182260563
111.36,-0.42500477167628503,-0.7296227014562074
111.37,-0.43219865255630047,-0.7082271060371468
111.38,-0.43916931379702795,-0.6849757486754064
111.39,-0.4458981675298086,-0.6598679573509021
111.4,-0.452366672944046,-0.6329141205608045
111.41,-0.45855644994102474,-0.6041362490856031
111.42,-0.46444939792575807,-0.5735684336194425
111.43,-0.4700278186134136,-0.54125718233296
111.44,-0.4752745415724173,-0.5072616236692875
111.45,-0.4801730510867993,-0.47165356142501946
111.46000000000001,-0.4847076128009176,-0.4345173714305961
111.47,-0.4888633985154112,-0.3959497318899444
111.48,-0.4926266074387165,-0.3560591826159838
111.49000000000001,-0.4959845821677309,-0.3149655119329349
111.5,-0.4989259176773752,-0.272798973813467
111.51,-0.5014405616440002,-0.22969934176555964
111.52,-0.5035199045126864,-0.18581480995339722
111.53,-0.5051568578430682,-0.14130075589259308
111.54,-0.5063459196305383,-0.09631838266370488
111.55,-0.5070832254963423,-0.05103326180436711
111.56,-0.5073665848666257,-0.00561380074514143
111.57000000000001,-0.5071955015112452,0.039770339259707396
111.58,-0.5065711780814316,0.08494984737193878
111.59,-0.5054965045638065,0.1297573616208147
111.60000000000001,-0.5039760308490152,0.17402903376821693
111.61,-0.502015923888442,0.21760603372814566
111.62,-0.49962391017445223,0.26033596835993783
111.63,-0.4968092045212432,0.3020741918046955
111.64,-0.4935824263383583,0.34268498746203657
111.65,-0.48995550477200245,0.38204260509452653
111.66,-0.4859415742364677,0.4200321402705597
111.67,-0.4815548619665912,0.456550247275652
111.68,-0.47681056929095467,0.4915056805985972
111.69,-0.47172474835461925,0.524819663999609
111.7,-0.4663141760109625,0.5564260898704847
111.71000000000001,-0.46059622655720955,0.5862715549959691
111.72,-0.45458874491104306,0.6143152418343839
111.73,-0.4483099217205218,0.6405286569894679
111.74000000000001,-0.44177817177125367,0.6648952406021365
111.75,-0.43501201690847907,0.6874098619307422
111.76,-0.4280299745326388,0.7080782174124823
111.77,-0.4208504525602294,0.7269161480264983
111.78,-0.4134916515721089,0.7439488928462302
111.79,-0.40597147470330486,0.7592102953222454
111.8,-0.398307445665664,0.7727419781333567
111.81,-0.3905166351406377,0.784592501445049
111.82000000000001,-0.382615595636763,0.794816518183796
111.83,-0.37462030477696184,0.8034739385369108
111.84,-0.36654611686602484,0.8106291143801738
111.85000000000001,-0.35840772248935837,0.8163500527747717
111.86,-0.3502191158105294,0.8207076661099939
111.87,-0.3419935691671585,0.8237750649404688
111.88,-0.33374361451172,0.8256268981108247
111.89,-0.325481031204942,0.8263387434033657
111.9,-0.3172168396436527,0.825986550705279
111.91,-0.30896130019083645,0.8246461385840174
111.92,-0.3007239168719724,0.8223927441898454
111.93,-0.29251344530703954,0.8193006255749816
111.94,-0.2843379043604728,0.815442714826908
111.95,-0.2762045910105014,0.8108903198534485
111.96000000000001,-0.2681200979634038,0.8057128722206859
111.97,-0.26009033356608763,0.7999777181214377
111.98,-0.252120543600975,0.793749949330376
111.99000000000001,-0.24421533457948014,0.7870922708698769
112.0,-0.23637869818357748,0.7800649020561455
112.01,-0.2286140365383572,0.7727255076061423
112.02,-0.22092418803145464,0.7651291555509494
112.03,-0.2133114534273382,0.7573282988098775
112.04,-0.20577762205525707,0.7493727774221208
112.05,-0.1983239978788958,0.7413098386004447
112.06,-0.19095142528324816,0.7331841719565968
112.07000000000001,-0.18366031443976383,0.7250379574442384
112.08,-0.1764506661343634,0.7169109237666079
112.09,-0.16932209596443168,0.7088404151981604
112.10000000000001,-0.16227385783040016,0.7008614649682726
112.11,-0.1553048666650662,0.693006873547746
112.12,-0.14841372035944525,0.6853072903629578
112.13,-0.14159872085780706,0.6777912976363729
112.14,-0.13485789440671778,0.670485495214584
112.15,-0.12818901095351537,0.6634145853953195
112.16,-0.12158960269881139,0.6566014569026084
112.17,-0.1150569818154632,0.6500672672844384
112.18,-0.10858825735312261,0.6438315231199696
112.19,-0.10218035135306379,0.6379121575240432
112.2,-0.09583001420264174,0.632325604525868
112.21000000000001,-0.08953383926254643,0.6270868699769745
112.22,-0.08328827680310226,0.6222095987115117
112.23,-0.0770896472883162,0.6177061377404385
112.24000000000001,-0.07093415404829348,0.6135875953108806
112.25,-0.06481789538209859,0.6098638957036603
112.26,-0.058736876134220274,0.6065438296764921
112.27,-0.05268701878856875,0.6036351004883073
112.28,-0.04666417412445413,0.6011443654623337
112.29,-0.04066413147932207,0.5990772730625834
112.3,-0.03468262866320246,0.5974384954709258
112.31,-0.02871536156990355,0.5962317566605774
112.32000000000001,-0.02275799352999091,0.5954598559671647
112.33,-0.016806164450560254,0.5951246871610917
112.34,-0.010855499786769076,0.5952272530252767
112.35000000000001,-0.0049016193900547214,0.5957676754408979
112.36,0.001059853722048882,0.5967452009811011
112.37,0.007033284629567301,0.5981582020091326
112.38,0.013023017762231536,0.6000041732735049
112.39,0.019033368095037397,0.6022797239890523
112.4,0.02506861224201258,0.6049805653895289
112.41,0.031132979402827977,0.6081014937351877
112.42,0.03723064211671634,0.6116363687580513
112.43,0.043365706777989003,0.6155780875287893
112.44,0.04954220386729212,0.6199185537327913
112.45,0.055764077852644825,0.6246486423496789
112.46000000000001,0.0620351767142857,0.6297581597406886
112.47,0.0683592410474586,0.635235799162678
112.48,0.07473989269753925,0.6410690917465788
112.49000000000001,0.08118062288239017,0.6472443530025769
112.5,0.08768477975759079,0.6537466249448523
112.51,0.09425555538128721,0.6605596139660523
112.52,0.10089597203691184,0.6676656246365427
112.53,0.10760886787401806,0.6750454896566358
112.54,0.11439688183004454,0.6826784962521945
112.55,0.12126243779906194,0.690542309375981
112.56,0.12820772801756417,0.6986128921596123
112.57000000000001,0.13523469564225418,0.7068644241546218
112.58,0.1423450165006566,0.7152692180065343
112.59,0.14954008000238486,0.7237976353234751
112.60000000000001,0.1568209692071261,0.7324180026309718
112.61,0.1641884400550043,0.7410965284473773
112.62,0.17164289977607364,0.749797222669575
112.63,0.17918438450839583,0.7584818196258369
112.64,0.1868125361685904,0.7671097063310156
112.65,0.19452657863501613,0.7756378576673078
112.66,0.20232529332193655,0.7840207804097148
112.67,0.21020699424321043,0.7922104682165161
112.68,0.2181695026862669,0.8001563699082623
112.69,0.2262101216413757,0.8078053735599308
112.7,0.2343256101574655,0.8151018091249672
112.71000000000001,0.24251215782387506,0.8219874724910271
112.72,0.2507653596072861,0.8284016740283843
112.73,0.25908019130444276,0.8342813148251986
112.74000000000001,0.26745098590379,0.8395609939001034
112.75,0.2758714111824448,0.8441731497318903
112.76,0.28433444889842785,0.8480482394375636
112.77,0.2928323759711961,0.8511149588520913
112.78,0.3013567480754697,0.8533005066037767
112.79,0.30989838610327164,0.8545308950260739
112.8,0.31844736597599116,0.8547313103879735
112.81,0.3269930123110311,0.8538265244496243
112.82000000000001,0.33552389646498365,0.8517413587478929
112.83,0.344027839485989,0.8484012022804244
112.84,0.35249192051059214,0.8437325823816642
112.85000000000001,0.3609024911336222,0.8376637875691266
112.86,0.36924519626197466,0.8301255399864242
112.87,0.37750500193335074,0.8210517137900797
112.88,0.38566623053777627,0.8103800944349941
112.89,0.3937126038220506,0.7980531723305877
112.9,0.401627293984388,0.7840189627953111
112.91,0.40939298307795685,0.7682318426682571
112.92,0.41699193083775316,0.7506533923871758
112.93,0.42440605092570033,0.7312532308633917
112.94,0.43161699545502097,0.7100098291328535
112.95,0.43860624750835736,0.6869112876001228
112.96000000000001,0.44535522120702337,0.6619560607821162
112.97,0.45184536872399966,0.6351536128642972
112.98,0.4580582934643093,0.6065249871640293
112.99000000000001,0.4639758684672803,0.5761032728077866
113.0,0.46958035892046507,0.5439339526147796
113.01,0.47485454751957584,0.5100751173698265
113.02,0.4797818612678616,0.47459753337687616
113.03,0.4843464981871134,0.43758455240596644
113.04,0.48853355231598095,0.39913185585362376
113.05,0.49232913530418587,0.3593470280802795
113.06,0.4957204928775865,0.31834895739618707
113.07000000000001,0.4986961144521096,0.2762670669464174
113.08,0.5012458342165149,0.23324038168414155
113.09,0.5033609220857925,0.18941644159342305
113.10000000000001,0.5050341630483834,0.14495007519261577
113.11,0.5062599235896449,0.10000205097834372
113.12,0.5070342040679503,0.05473762772240204
113.13,0.5073546761440929,0.00932502728436451
113.14,0.5072207046136377,-0.03606614425747693
113.15,0.5066333532589434,-0.08126649991111715
113.16,0.5055953746154154,-0.1261084715785324
113.17,0.5041111838273729,-0.17042787852907548
113.18,0.5021868170448338,-0.21406543757768878
113.19,0.49982987507581894,-0.2568681896270765
113.2,0.4970494532522922,-0.29869081953106064
113.21000000000001,0.4938560586851977,-0.33939684912035134
113.22,0.4902615162698852,-0.3788596865885528
113.23,0.4862788649534267,-0.41696351913690743
113.24000000000001,0.48192224588714705,-0.4536040396840903
113.25,0.4772067841597449,-0.4886890024236811
113.26,0.4721484658386734,-0.5221386059230043
113.27,0.46676401204128476,-0.5538857061798046
113.28,0.46107075171507733,-0.5838758654802755
113.29,0.4550864947316793,-0.6120672459451085
113.3,0.44882940679617517,-0.638430359242898
113.31,0.44231788754682133,-0.6629476860484798
113.32000000000001,0.4355704530752056,-0.6856131804060228
113.33,0.42860562393870083,-0.7064316752223877
113.34,0.4214418195707578,-0.725418205683641
113.35000000000001,0.41409725982502804,-0.7425972674907774
113.36,0.4065898742209422,-0.7580020264962942
113.37,0.3989372192951021,-0.7716734956470004
113.38,0.3911564043080022,-0.7836596941616321
113.39,0.38326402541186944,-0.7940148026582191
113.4,0.37527610825483776,-0.8027983265589267
113.41,0.36720805888069086,-0.8100742785996754
113.42,0.35907462268284424,-0.8159103897138174
113.43,0.35088985108641446,-0.8203773559929698
113.44,0.3426670755629848,-0.8235481278962058
113.45,0.33441888852849033,-0.8254972464161178
113.46000000000001,0.32615713063466245,-0.8263002295442321
113.47,0.31789288393760573,-0.8260330111290786
113.48,0.3096364704120809,-0.8247714331013851
113.49000000000001,0.30139745527557804,-0.8225907910598544
113.5,0.29318465459088383,-0.8195654323700631
113.51,0.2850061466281768,-0.8157684052261248
113.52,0.27686928648636133,-0.8112711565542996
113.53,0.2687807234970908,-0.8061432761914821
113.54,0.2607464209625317,-0.8004522844393039
113.55,0.25277167780830473,-0.7942634598650566
113.56,0.24486115176523057,-0.7876397040817487
113.57000000000001,0.23701888372666974,-0.7806414401791522
113.58,0.22924832296164752,-0.7733265414837127
113.59,0.22155235289699549,-0.7657502873862582
113.60000000000001,0.21393331721392236,-0.7579653430818687
113.61,0.20639304603535813,-0.7500217602063145
113.62,0.19893288200979609,-0.741966995519347
113.63,0.1915537061249712,-0.7338459449691188
113.64,0.1842559631104137,-0.7257009906674196
113.65,0.17703968631162278,-0.717572058506542
113.66,0.16990452194028285,-0.7094966843506993
113.67,0.1628497526246088,-0.7015100869341206
113.68,0.15587432020160044,-0.6936452457911687
113.69,0.14897684770878541,-0.6859329827286852
113.7,0.14215566054702675,-0.6784020455255132
113.71000000000001,0.13540880679827516,-0.6710791927075382
113.72,0.12873407669287598,-0.663989278397869
113.73,0.12212902123031778,-0.657155336380546
113.74000000000001,0.11559096996526505,-0.6505986626423258
113.75,0.10911704797747127,-0.644338895770814
113.76,0.10270419204984878,-0.6383940946888619
113.77,0.09634916608369404,-0.6327808132951885
113.78,0.09004857578394501,-0.627514171660277
113.79,0.08379888265048849,-0.6226079234953751
113.8,0.0775964173140375,-0.6180745196716546
113.81,0.0714373922570554,-0.6139251676169964
113.82000000000001,0.06531791396169757,-0.6101698864602195
113.83,0.059233994527851004,-0.6068175578276248
113.84,0.05318156280514508,-0.6038759722252064
113.85000000000001,0.04715647508334688,-0.6013518709624885
113.86,0.041154525385895306,-0.5992509835913691
113.87,0.035171455411519496,-0.5975780608462308
113.88,0.02920296416897069,-0.5963369030805151
113.89,0.02324471734990919,-0.5955303842005445
113.9,0.017292356484959796,-0.5951604711001559
113.91,0.01134150792790607,-0.5952282386002034
113.92,0.005387791712955729,-0.5957338798956985
113.93,-0.0005731696700079004,-0.5966767125107538
113.94,-0.006545742537259348,-0.5980551797580512
113.95,-0.012534273265168925,-0.5998668476957288
113.96000000000001,-0.018543079491173925,-0.6021083975707981
113.97,-0.02457644121658489,-0.6047756137349409
113.98,-0.030638591765872743,-0.6078633670162368
113.99000000000001,-0.03673370855690962,-0.6113655935294962
114.0,-0.042865903636462664,-0.6152752689089183
114.01,-0.049039213935087984,-0.6195843779502505
114.02,-0.05525759119546767,-0.6242838796560185
114.03,-0.06152489152820836,-0.6293636676872901
114.04,-0.06784486454921348,-0.634812526239405
114.05,-0.07422114205299646,-0.6406180813777667
114.06,-0.0806572261767688,-0.6467667478938097
114.07000000000001,-0.08715647701087265,-0.6532436717712882
114.08,-0.09372209961219456,-0.6600326683898086
114.09,-0.10035713037866881,-0.6671161566367861
114.10000000000001,-0.10706442274493029,-0.6744750891514651
114.11,-0.11384663216169812,-0.6820888789861003
114.12,-0.12070620032465229,-0.6899353230405789
114.13,-0.1276453386225097,-0.6979905227083828
114.14,-0.13466601077881996,-0.7062288022645397
114.15,-0.14176991466780048,-0.7146226256306667
114.16,-0.14895846329143328,-0.7231425122688473
114.17,-0.15623276491317745,-0.7317569530852364
114.18,-0.16359360235313802,-0.7404323273660611
114.19,-0.17104141146049867,-0.7491328219229569
114.2,-0.17857625879159716,-0.7578203537908824
114.21000000000001,-0.18619781853631634,-0.7664544979993425
114.22,-0.19390534875158402,-0.7749924221250137
114.23,-0.2016976669788166,-0.7833888295292439
114.24000000000001,-0.2095731253421689,-0.7915959133847918
114.25,-0.21752958524651245,-0.7995633237993792
114.26,-0.2255643918181565,-0.8072381505451224
114.27,-0.2336743482574149,-0.8145649240977819
114.28,-0.24185569030011214,-0.8214856378721671
114.29,-0.25010406101485827,-0.8279397947030804
114.3,-0.2584144861941738,-0.8338644807569701
114.31,-0.2667813506299977,-0.8391944701590544
114.32000000000001,-0.2751983755973549,-0.8438623636741392
114.33,-0.2836585979034805,-0.8477987647758688
114.34,-0.29215435089287234,-0.8509324963671867
114.35000000000001,-0.3006772478308243,-0.8531908612622966
114.36,-0.30921816811811825,-0.8544999492952016
114.37,-0.3177672468167283,-0.8547849935700026
114.38,-0.3263138679895183,-0.8539707779023008
114.39,-0.3348466623747743,-0.8519820969094072
114.4,-0.3433535099277064,-0.8487442694817435
114.41,-0.35182154776440916,-0.8441837055037649
114.42,-0.3602371840377817,-0.8382285246885313
114.43,-0.36858611825817983,-0.8308092252487643
114.44,-0.37685336854275703,-0.8218593988572684
114.45,-0.38502330623532516,-0.8113164869655329
114.46000000000001,-0.3930796982820677,-0.7991225720725209
114.47,-0.4010057576767756,-0.7852251959947756
114.48,-0.4087842022019632,-0.7695781956202352
114.49000000000001,-0.4163973215891803,-0.7521425450751744
114.5,-0.4238270531034667,-0.7328871917470486
114.51,-0.4310550654241213,-0.7117898722422301
114.52,-0.43806285054831134,-0.6888378931776983
114.53,-0.4448318232876753,-0.6640288607732177
114.54,-0.4513434277637757,-0.637371342588945
114.55,-0.45757925013945416,-0.6088854445034073
114.56,-0.4635211366538438,-0.578603286202857
114.57000000000001,-0.4691513158635113,-0.5465693590999774
114.58,-0.47445252383584335,-0.5128407517495057
114.59,-0.47940813089850143,-0.47748722949588135
114.60000000000001,-0.484002268425761,-0.44059115726965115
114.61,-0.48821995404389446,-0.4022472571198572
114.62,-0.49204721356815817,-0.3625621951813026
114.63,-0.49547119794752054,-0.3216539962581703
114.64,-0.49848029349332157,-0.2796512879673922
114.65,-0.5010642237068684,-0.23669238031610323
114.66,-0.5032141410996437,-0.1929241905622716
114.67,-0.5049227075181139,-0.14850102709115806
114.68,-0.5061841616414668,-0.10358324969378108
114.69,-0.5069943725119895,-0.05833582692098541
114.7,-0.5073508781798866,-0.012926813981565095
114.71000000000001,-0.5072529087916208,0.032474223155082624
114.72,-0.5067013937167848,0.07769781029022521
114.73,-0.5056989525858162,0.1225761662504641
114.74000000000001,-0.5042498703917755,0.1669447749891496
114.75,-0.5023600570860332,0.21064390147319953
114.76,-0.5000369923623116,0.25352002585729755
114.77,-0.4972896565688873,0.29542717269515517
114.78,-0.49412844890840846,0.33622811477938863
114.79,-0.4905650942732995,0.3757954345256937
114.8,-0.4866125402178946,0.4140124294958505
114.81,-0.4822848456833824,0.45077385255109503
114.82000000000001,-0.4775970631668726,0.4859864811037898
114.83,-0.47256511606130663,0.5195695138567306
114.84,-0.467205672889738,0.551454797161746
114.85000000000001,-0.46153602011807177,0.5815868865836324
114.86,-0.4555739351580654,0.6099229523321089
114.87,-0.4493375610714295,0.6364325398550198
114.88,-0.442845284360965,0.6610971990247093
114.89,-0.4361156170909354,0.6839099969730263
114.9,-0.4291670844215045,0.704874930736655
114.91,-0.4220181184762023,0.7240062564802547
114.92,-0.4146869592918994,0.7413277522032029
114.93,-0.40719156343213825,0.7568719305523451
114.94,-0.39954952068085253,0.7706792177132172
114.95,-0.39177797907787393,0.7827971133967015
114.96000000000001,-0.38389357841291855,0.7932793457406664
114.97,-0.37591239216306066,0.8021850335701963
114.98,-0.3678498777415146,0.809577866966247
114.99000000000001,-0.3597208348237357,0.8155253155369798
115.0,-0.351539371430775,0.8200978722186603
115.01,-0.3433188773793625,0.823368338896823
115.02,-0.33507200465283854,0.8254111586689673
115.03,-0.32681065420598315,0.8263017981953856
115.04,-0.31854596868893087,0.8261161823255927
115.05,-0.3102883305594713,0.8249301820582141
115.06,-0.3020473650477666,0.8228191559000426
115.07000000000001,-0.29383194744147045,0.8198575438379199
115.08,-0.28565021417100817,0.8161185124233896
115.09,-0.2775095771930026,0.8116736488893715
115.10000000000001,-0.2694167411932207,0.8065927017623518
115.11,-0.26137772315775554,0.8009433650927626
115.12,-0.2533978738913654,0.794791103189012
115.13,-0.2454819010939753,0.788199012595011
115.14,-0.2376338936394652,0.7812277179848522
115.15,-0.22985734673427824,0.7739352986494962
115.16,-0.22215518766647524,0.7663772423074566
115.17,-0.21452980188812912,0.7586064230738008
115.18,-0.20698305920499924,0.7506731005594398
115.19,-0.1995163398769403,0.7426249372368533
115.2,-0.19213056046026217,0.7345070313912393
115.21000000000001,-0.1848261992491155,0.7263619631708346
115.22,-0.17760332119684544,0.7182298514510436
115.23,-0.17046160222009463,0.7101484194292226
115.24000000000001,-0.163400352808261,0.7021530670665436
115.25,-0.15641854087876378,0.6942769486871745
115.26,-0.1495148138345175,0.686551054230631
115.27,-0.14268751979415115,0.6790042928287577
115.28,-0.13593472797794234,0.6716635775431474
115.29,-0.12925424824328818,0.6645539102510714
115.3,-0.12264364977292092,0.6576984658077696
115.31,-0.11610027892713279,0.6511186747401185
115.32000000000001,-0.10962127627811855,0.644834303841396
115.33,-0.10320359285030486,0.6388635341394493
115.34,-0.09684400559532955,0.6332230358015329
115.35000000000001,-0.0905391321342742,0.6279280396190008
115.36,-0.08428544480294953,0.6229924047846239
115.37,-0.07807928403858172,0.6184286827352592
115.38,-0.07191687114824435,0.6142481768836704
115.39,-0.06579432050090832,0.6104609981062766
115.4,-0.059707651186118815,0.6070761158892022
115.41,-0.053652798183124274,0.6041014050639741
115.42,-0.047625623084839336,0.6015436880872698
115.43,-0.041621924421378874,0.599408772836916
115.44,-0.03563744762810101,0.5977014859095594
115.45,-0.029667894703187682,0.5964257014146603
115.46000000000001,-0.023708933599807802,0.5955843652652855
115.47,-0.017756207397881973,0.5951795149691613
115.48,-0.011805343300424577,0.5952122949241104
115.49000000000001,-0.005851961499399766,0.5956829672208163
115.5,0.00010831604399174826,0.5965909179533547
115.51,0.0060798568596673284,0.5979346590345385
115.52,0.012067009224682516,0.599711825509295
115.53,0.018074093369853227,0.6019191683555107
115.54,0.02410539259179273,0.604552542758447
115.55,0.03016514422502217,0.6076068918424431
115.56,0.03625753042864159,0.6110762258426216
115.57000000000001,0.0423866687418746,0.6149535967001833
115.58,0.04855660236264525,0.6192310680681254
115.59,0.0547712901032371,0.6238996807203671
115.60000000000001,0.06103459597705259,0.6289494133668573
115.61,0.06735027837057424,0.6343691388908685
115.62,0.07372197875486995,0.640146576042956
115.63,0.08015320989143336,0.6462682366496247
115.64,0.08664734348786245,0.652719368424289
115.65,0.09320759725991913,0.6594838935043276
115.66,0.09983702135794899,0.6665443428816685
115.67,0.1065384841175525,0.6738817869461405
115.68,0.11331465709687179,0.6814757624215342
115.69,0.12016799936598317,0.6893041960447078
115.7,0.12710074101776594,0.6973433254188511
115.71000000000001,0.1341148658743602,0.7055676175638558
115.72,0.14121209336904308,0.7139496857902589
115.73,0.14839385959016538,0.7224602056388845
115.74000000000001,0.15566129748182075,0.731067830756458
115.75,0.16301521620529452,0.7397391097182444
115.76,0.17045607967618562,0.748438404962054
115.77,0.1779839843045356,0.7571278151633227
115.78,0.1855986359794521,0.7657671025576135
115.79,0.19329932635568786,0.7743136269035158
115.8,0.2010849085175224,0.7827222879737261
115.81,0.20895377211516236,0.7909454786626475
115.82000000000001,0.2169038180907753,0.798933051001976
115.83,0.22493243313520186,0.8066322975775131
115.84,0.2330364640423256,0.8139879510360168
115.85000000000001,0.2412121921559222,0.8209422045544832
115.86,0.24945530813341524,0.8274347563090662
115.87,0.25776088728210356,0.8334028811190617
115.88,0.2661233657557965,0.8387815325441293
115.89,0.27453651793298617,0.8435034787703741
115.9,0.282993435331204,0.847499475622292
115.91,0.29148650744543203,0.8506984799714102
115.92,0.30000740493063227,0.8530279066667303
115.93,0.3085470655787667,0.8544139318745911
115.94,0.3170956835681241,0.8547818453743163
115.95,0.325642702486253,0.8540564538996922
115.96000000000001,0.3341768126461179,0.8521625370348992
115.97,0.342685953226951,0.849025356458977
115.98,0.35115731977529746,0.8445712184799152
115.99000000000001,0.3595773775965493,0.8387280888062932
116.0,0.36793188155142337,0.8314262573737409
116.01,0.37620590274402416,0.8225990497833132
116.02,0.3843838625470896,0.8121835805332173
116.03,0.39244957435468847,0.8001215417550138
116.04,0.40038629338218984,0.7863600196285194
116.05,0.4081767747472588,0.7708523290817662
116.06,0.4158033399638251,0.7535588558265947
116.07000000000001,0.42324795186379066,0.7344478932868009
116.08,0.4304922978295611,0.7134964606003212
116.09,0.43751788107579703,0.6906910866804441
116.10000000000001,0.44430611956316995,0.6660285443668837
116.11,0.45083845196313466,0.6395165180493774
116.12,0.4570964499241575,0.6111741878652648
116.13,0.46306193572043997,0.5810327137133426
116.14,0.46871710419842433,0.5491356029348816
116.15,0.4740446477791376,0.5155389466219146
116.16,0.4790278831308626,0.4803115111394722
116.17,0.48365087800192696,0.4435346735900835
116.18,0.4878985766026642,0.4053021925820969
116.19,0.4917569218535689,0.3657198087423101
116.2,0.4952129727775104,0.32490467286951
116.21000000000001,0.49825501531095906,0.28298460336886244
116.22,0.5008726648448877,0.2400971785286878
116.23,0.5030569588815329,0.19638867317684128
116.24000000000001,0.5048004383084245,0.15201285314924276
116.25,0.5060972159445177,0.10712964467932423
116.26,0.506943031202011,0.061903699137761455
116.27,0.5073352899272731,0.016502876389388715
116.28,0.5072730887297989,-0.028903327723088984
116.29,0.5067572233728114,-0.07414538270112003
116.3,0.5057901810757766,-0.11905532564101351
116.31,0.5043761168599911,-0.16346833650817036
116.32000000000001,0.5025208143456131,-0.2072242592842117
116.33,0.5002316316743068,-0.2501690433425867
116.34,0.49751743347876143,-0.29215608160479023
116.35000000000001,0.49438851004221107,-0.3330474248279139
116.36,0.49085648498220313,-0.3727148546645189
116.37,0.4869342129489207,-0.41104080179121744
116.38,0.4826356689463788,-0.44791909928679485
116.39,0.47797583096318486,-0.4832555654153956
116.4,0.47297055763807094,-0.5169684139002753
116.41,0.46763646268517933,-0.5489884935338233
116.42,0.46199078776739444,-0.5792593624497929
116.43,0.45605127543618346,-0.6077372054925235
116.44,0.449836043657544,-0.6343906057853212
116.45,0.443363463320477,-0.6592001837785392
116.46000000000001,0.43665203998197316,-0.6821581187222133
116.47,0.4297203009460327,-0.7032675686546427
116.48,0.42258668860888027,-0.7225420056424857
116.49000000000001,0.415269460833183,-0.7400044831815918
116.5,0.40778659894524844,-0.7556868524157975
116.51,0.400155723784867,-0.7696289432078041
116.52,0.3923940200810923,-0.7818777251626686
116.53,0.38451816928161364,-0.7924864625239236
116.54,0.37654429083061386,-0.8015138754983888
116.55,0.36848789177164587,-0.8090233190793131
116.56,0.36036382444902765,-0.8150819888850592
116.57000000000001,0.35218625199394477,-0.819760161962606
116.58,0.34396862120977556,-0.8231304789652775
116.59,0.3357236424146392,-0.8252672726384419
116.60000000000001,0.32746327575700673,-0.8262459461640727
116.61,0.31919872349135775,-0.8261424036463447
116.62,0.3109404276840798,-0.8250325338803594
116.63,0.30269807281375055,-0.8229917475430188
116.64,0.29448059273321947,-0.8200945670820569
116.65,0.28629618147210945,-0.8164142678548132
116.66,0.2781523073761232,-0.8120225684774496
116.67,0.27005573010256045,-0.806989367880073
116.68,0.26201252001852177,-0.8013825262137475
116.69,0.25402807957828555,-0.7952676865104298
116.7,0.2461071662883132,-0.7887081338444708
116.71000000000001,0.23825391690139613,-0.7817646886722872
116.72,0.23047187251486745,-0.7744956310231117
116.73,0.2227640042809339,-0.7669566522668351
116.74000000000001,0.21513273946953076,-0.7592008312840552
116.75,0.20757998765525282,-0.7512786319986382
116.76,0.20010716682955798,-0.7432379193954459
116.77,0.19271522926734388,-0.7351239913274908
116.78,0.18540468700300816,-0.7269796236107952
116.79,0.17817563679512796,-0.7188451261058035
116.8,0.17102778448089206,-0.7107584076864335
116.81,0.16396046864139927,-0.702755048197742
116.82000000000001,0.15697268351693722,-0.6948683756975285
116.83,0.15006310112744872,-0.6871295474635117
116.84,0.14323009256766703,-0.6795676334241606
116.85000000000001,0.13647174845896554,-0.6722097008365038
116.86,0.12978589855093695,-0.665080899187479
116.87,0.12317013047521595,-0.6582045444361395
116.88,0.11662180766221417,-0.6516022018421816
116.89,0.11013808643837232,-0.6452937667419345
116.9,0.10371593232737547,-0.6392975427364664
116.91,0.09735213558364299,-0.6336303168483124
116.92,0.09104332599040922,-0.6283074312840987
116.93,0.08478598695796101,-0.6233428515107016
116.94,0.07857646896019518,-0.6187492304132644
116.95,0.07241100234969572,-0.6145379683551518
116.96000000000001,0.06628570959309216,-0.6107192690034937
116.97,0.06019661696962586,-0.607302190820127
116.98,0.05413966577668962,-0.6042946941472205
116.99000000000001,0.04811072308668145,-0.6017036838403477
117.0,0.04210559209988267,-0.5995350474199791
117.01,0.03612002213828187,-0.5977936887259155
117.02,0.030149718325364356,-0.5964835570687028
117.03,0.024190350996907813,-0.5956076718781509
117.04,0.018237564887801337,-0.5951681428522643
117.05,0.012286988139862525,-0.5951661856107121
117.06,0.0063342411755870935,-0.5956021328559259
117.07000000000001,0.0003749454827440056,-0.5964754410424826
117.08,-0.00559526764526256,-0.5977846925520907
117.09,-0.011580748368297807,-0.599527593367695
117.10000000000001,-0.01758581951261646,-0.6017009662363951
117.11,-0.02361476769302571,-0.6043007393074937
117.12,-0.029671834298766336,-0.6073219302295088
117.13,-0.03576120629761589,-0.610758625688842
117.14,-0.041887006812543176,-0.614603956373504
117.15,-0.04805328542508597,-0.6188500673483286
117.16,-0.05426400815950974,-0.6234880838339952
117.17,-0.06052304710176586,-0.6285080723914764
117.18,-0.06683416960733927,-0.6338989975267978
117.19,-0.07320102705230183,-0.6396486737488708
117.2,-0.07962714308231669,-0.6457437131362747
117.21000000000001,-0.08611590131502732,-0.6521694684978813
117.22,-0.09267053245227432,-0.658909972247873
117.23,-0.09929410075998478,-0.6659478711587045
117.24000000000001,-0.10598948987544841,-0.6732643572066606
117.25,-0.112759387904118,-0.6808390947846265
117.26,-0.11960627177114094,-0.6886501446262635
117.27,-0.12653239079664325,-0.6966738848656808
117.28,-0.13353974946845454,-0.704884929747625
117.29,-0.14063008939159577,-0.7132560466057464
117.3,-0.14780487040056947,-0.7217580718411657
117.31,-0.15506525082841907,-0.7303598267606952
117.32000000000001,-0.1624120669357834,-0.7390280342738235
117.33,-0.16984581151389555,-0.7477272375998598
117.34,-0.1773666116877806,-0.7564197223010599
117.35000000000001,-0.18497420595991676,-0.7650654431333154
117.36,-0.1926679205504469,-0.7736219573918841
117.37,-0.20044664510775445,-0.7820443666238776
117.38,-0.20830880788292447,-0.7902852687794214
117.39,-0.2162523504833429,-0.7982947230764891
117.4,-0.2242747023444543,-0.8060202300564726
117.41,-0.2323727550844724,-0.8134067295038527
117.42,-0.24054283693453135,-0.8203966190881559
117.43,-0.2487806874662355,-0.8269297967530244
117.44,-0.25708143286959184,-0.8329437300179506
117.45,-0.26543956206659447,-0.8383735554642469
117.46000000000001,-0.27384890397887673,-0.8431522117383686
117.47,-0.28230260630136184,-0.8472106094121019
117.48,-0.2907931161671188,-0.8504778409789191
117.49000000000001,-0.2993121631209402,-0.852881434127033
117.5,-0.30785074484965946,-0.8543476512001306
117.51,-0.31639911614494287,-0.8548018374244132
117.52,-0.3249467815981477,-0.8541688200340095
117.53,-0.333482492545623,-0.8523733598559268
117.54,-0.34199424879526624,-0.8493406562122239
117.55,-0.3504693056698675,-0.8449969051554628
117.56,-0.3588941868983755,-0.8392699100716747
117.57000000000001,-0.367254703871301,-0.8320897425653376
117.58,-0.3755359817496823,-0.823389450290728
117.59,-0.38372249287711563,-0.8131058070269934
117.60000000000001,-0.3917980978902222,-0.8011800988306368
117.61,-0.3997460948537284,-0.7875589385662841
117.62,-0.40754927666154794,-0.7721950995496334
117.63,-0.4151899968447211,-0.7550483574777941
117.64,-0.4226502438111038,-0.7360863283213532
117.65,-0.42991172341114814,-0.7152852884650799
117.66,-0.4369559495804054,-0.6926309621706215
117.67,-0.44376434265456055,-0.6681192604581363
117.68,-0.4503183347895681,-0.6417569548282626
117.69,-0.4565994817511258,-0.613562268932482
117.7,-0.4625895801682177,-0.5835653714044823
117.71000000000001,-0.46827078917921544,-0.551808753634168
117.72,-0.4736257552409011,-0.5183474773335718
117.73,-0.4786377387258869,-0.48324927832822145
117.74000000000001,-0.48329074080746554,-0.446594515107901
117.75,-0.4875696290280449,-0.4084759532655067
117.76,-0.4914602598727757,-0.3689983799977974
117.77,-0.49494959662800087,-0.32827804627056134
117.78,-0.4980258207981869,-0.28644193797478634
117.79,-0.5006784353874967,-0.2436268813122731
117.8,-0.5028983584244324,-0.1999784916256535
117.81,-0.5046780052200097,-0.1556499787951457
117.82000000000001,-0.5060113580003354,-0.11080082602393863
117.83,-0.5068940217404885,-0.06559536218888481
117.84,-0.507323265244113,-0.020201250814741778
117.85000000000001,-0.5072980467567832,0.02521207897473489
117.86,-0.5068190236646183,0.0704750325590088
117.87,-0.5058885461056031,0.11541945313417387
117.88,-0.5045106346019348,0.15988020030319422
117.89,-0.5026909420995391,0.2036966767001862
117.9,-0.500436701067931,0.2467142768529707
117.91,-0.49775665656247975,0.2887857346315957
117.92,-0.4946609863752991,0.3297723483841944
117.93,-0.49116120959479587,0.3695450661165965
117.94,-0.4872700850529672,0.40798541670308
117.95,-0.48300150126073427,0.444986276986966
117.96000000000001,-0.47837035951322787,0.48045246860255697
117.97,-0.4733924518886832,0.5143011822887014
117.98,-0.4680843358674539,0.5464622312429382
117.99000000000001,-0.4624632072638244,0.5768781385721546
118.0,-0.45654677309601077,0.605504067037926
118.01,-0.45035312592306587,0.6323076020003061
118.02,-0.4439006210560047,0.6572684006833897
118.03,-0.4372077579093981,0.680377722592657
118.04,-0.4302930666041515,0.7016378571025053
118.05,-0.423175000767348,0.7210614649164692
118.06,-0.41587183730582217,0.73867085031304
118.07000000000001,-0.4084015837610872,0.7544971808706524
118.08,-0.40078189368840916,0.7685796707702163
118.09,-0.3930299903456829,0.7809647428627947
118.10000000000001,-0.3851625988311533,0.7917051835271002
118.11,-0.3771958866751409,0.8008593029899996
118.12,-0.3691454127713533,0.8084901123044533
118.13,-0.3610260844290519,0.814664526630144
118.14,-0.3528521222387504,0.8194526028935314
118.15,-0.3446370323711812,0.8229268183603424
118.16,-0.33639358587154355,0.8251613951713374
118.17,-0.3281338044677545,0.8262316745008035
118.18,-0.31986895238152746,0.8262135427185044
118.19,-0.31160953361338434,0.8251829107848025
118.2,-0.30336529416583136,0.8232152470942196
118.21000000000001,-0.2951452286714999,0.8203851631082367
118.22,-0.28695759090366657,0.8167660503825542
118.23,-0.2788099076638488,0.8124297669925179
118.24000000000001,-0.2707089955638162,0.8074463708852881
118.25,-0.26266098024614304,0.8018838973288334
118.26,-0.2546713176172396,0.7958081773748164
118.27,-0.24674481669864676,0.7892826940929778
118.28,-0.23888566373538006,0.7823684732565144
118.29,-0.2310974472335165,0.7751240051491447
118.3,-0.22338318363239718,0.7676051942134678
118.31,-0.21574534334924717,0.7598653333559857
118.32000000000001,-0.2081858769652775,0.7519550998567757
118.33,-0.20070624135211165,0.7439225699922675
118.34,-0.19330742556543215,0.7358132496599111
118.35000000000001,-0.18598997635891343,0.7276701184867741
118.36,-0.17875402319569667,0.7195336851043589
118.37,-0.17159930265682627,0.7114420514742126
118.38,-0.16452518216621242,0.7034309843491205
118.39,-0.15753068296984385,0.6955339921495941
118.4,-0.15061450232322054,0.6877824057224174
118.41,-0.1437750348553955,0.6802054616253267
118.42,-0.137010393090714,0.6728303867481059
118.43,-0.1303184271204334,0.6656824832346188
118.44,-0.12369674342602165,0.658785212812082
118.45,-0.11714272286419176,0.652160279763073
118.46000000000001,-0.11065353783076019,0.6458277118924358
118.47,-0.10422616862634305,0.6398059389457511
118.48,-0.09785741905184518,0.6341118680288147
118.49000000000001,-0.09154393126576676,0.6287609556592131
118.5,-0.08528219993866092,0.6237672761522756
118.51,-0.07906858574272126,0.6191435861051294
118.52,-0.07289932821655833,0.6149013847950305
118.53,-0.06677055804682065,0.6110509703523616
118.54,-0.060678308809511104,0.6076014916054207
118.55,-0.05461852821471224,0.6045609955241075
118.56,-0.048587088899028956,0.6019364702135711
118.57000000000001,-0.04257979881044082,0.5997338834274812
118.58,-0.03659241123047933,0.597958216584493
118.59,-0.030620634478750956,0.5966134942813074
118.60000000000001,-0.024660141344853177,0.5957028093020622
118.61,-0.018706578292709712,0.5952283431271906
118.62,-0.012755574482309366,0.5951913819458876
118.63,-0.00680275065379196,0.5955923281754065
118.64,-0.0008437279188012352,0.5964307074880869
118.65,0.005125863495969779,0.5977051713437301
118.66,0.011110375508073367,0.5994134950211573
118.67,0.017114133396392926,0.6015525711389637
118.68,0.02314142693085264,0.604118398652049
118.69,0.029196501369433903,0.6071060673079367
118.7,0.03528354827701138,0.6105097375456463
118.71000000000001,0.04140669612034683,0.6143226158204199
118.72,0.04757000059341977,0.6185369253404426
118.73,0.05377743462715568,0.6231438722073517
118.74000000000001,0.0600328780375668,0.6281336069613305
118.75,0.06634010676638229,0.6334951815445334
118.76,0.07270278166845748,0.6392165017140872
118.77,0.07912443680066404,0.6452842749585843
118.78,0.08560846716762917,0.6516839540005389
118.79,0.09215811588067481,0.6583996760023785
118.8,0.09877646068767673,0.6654141976359541
118.81,0.1054663998333939,0.6727088262260027
118.82000000000001,0.11223063721219678,0.6802633472372394
118.83,0.11907166677813869,0.6880559484435621
118.84,0.12599175618106803,0.6960631411969327
118.85000000000001,0.13299292960207734,0.7042596793035386
118.86,0.1400769497671388,0.7126184761164639
118.87,0.14724529912440662,0.7211105205678078
118.88,0.15449916017849497,0.7297047929893362
118.89,0.16183939498419334,0.7383681817095311
118.9,0.16926652381268556,0.7470654015662243
118.91,0.17678070301551782,0.7557589156374982
118.92,0.18438170212543553,0.7644088616684633
118.93,0.1920688802488871,0.7729729848566669
118.94,0.1998411618225689,0.7814065788525552
118.95,0.20769701182593822,0.7896624370312431
118.96000000000001,0.21563441056319377,0.7976908162948158
118.97,0.22365082815183454,0.805439415866679
118.98,0.23174319888052736,0.8128533737363988
118.99000000000001,0.23990789562656253,0.8198752835993884
119.0,0.24814070455251513,0.8264452353041005
119.01,0.25643680033264454,0.8325008819623934
119.02,0.26479072219176303,0.837977536987762
119.03,0.2731963510723998,0.8428083043914715
119.04,0.2816468882795925,0.846924245677667
119.05,0.2901348359859532,0.8502545866238914
119.06,0.29865198001207033,0.8527269671011661
119.07000000000001,0.30718937532797647,0.8542677368656868
119.08,0.31573733474938404,0.8548022999301929
119.09,0.32428542132658034,0.8542555096857285
119.10000000000001,0.33282244494309865,0.85255211638355
119.11,0.34133646365425135,0.8496172678939551
119.12,0.34981479030097773,0.845377063828015
119.13,0.35824400493081165,0.8397591621372079
119.14,0.3666099735437219,0.8326934361967275
119.15,0.37489787365474625,0.8241126791378326
119.16,0.3830922271264786,0.8139533508360463
119.17,0.3911769406714672,0.8021563615050149
119.18,0.3991353543565789,0.7886678843172878
119.19,0.40695029835781293,0.7734401879076019
119.2,0.41460415811473095,0.7564324780533405
119.21000000000001,0.4220789479188798,0.737611736319663
119.22,0.42935639284112426,0.7169535420585951
119.23,0.43641801876005176,0.69444286292222
119.24000000000001,0.44324525009956867,0.6700747980531625
119.25,0.449819514721115,0.6438552574145814
119.26,0.4561223552478603,0.6158015603785169
119.27,0.46213554592868533,0.5859429367619015
119.28,0.46784121398309836,0.5543209140312936
119.29,0.47322196420931123,0.520989575425555
119.3,0.4782610054916095,0.48601567528977113
119.31,0.48294227771510667,0.449478599974602
119.32000000000001,0.4872505774911015,0.4114701652129684
119.33,0.49117168101936604,0.37209424389820434
119.34,0.49469246236906556,0.331466221589591
119.35000000000001,0.49780100545115785,0.2897122807758374
119.36,0.5004867079845824,0.24696851882842022
119.37,0.5027403758277262,0.20337990855267898
119.38,0.5045543061556359,0.15909911416198608
119.39,0.505922358110966,0.11428517922068637
119.4,0.5068400097400496,0.06910210648749016
119.41,0.5073044002407158,0.023717352513266697
119.42,0.5073143567903149,-0.02169973780894391
119.43,0.5068704054845368,-0.06697952987226474
119.44,0.5059747661928695,-0.11195370336177199
119.45,0.5046313314173013,-0.15645683368373883
119.46000000000001,0.5028456295191948,-0.20032792349586406
119.47,0.500624772947384,-0.24341185840625848
119.48,0.4979773923510695,-0.28556076300120947
119.49000000000001,0.4949135576873598,-0.32663523607168965
119.5,0.4914446876296358,-0.3665054471289747
119.51,0.4875834487447803,-0.4050520799061817
119.52,0.48334364603151214,-0.44216711240000545
119.53,0.4787401064967802,-0.47775442697658504
119.54,0.47378855749198046,-0.5117302480112926
119.55,0.46850550153655435,-0.5440234083272854
119.56,0.4629080893254347,-0.5745754492290644
119.57000000000001,0.45701399255197306,-0.6033405621004253
119.58,0.4508412780834262,-0.6302853822774842
119.59,0.44440828490642337,-0.6553886481657735
119.60000000000001,0.4377335051201107,-0.678640740317141
119.61,0.4308354701000805,-0.7000431164103809
119.62,0.42373264279190304,-0.7196076588017298
119.63,0.41644331692404585,-0.7373559515570028
119.64,0.40898552376076297,-0.753318503689281
119.65,0.4013769468502602,-0.767533934757909
119.66,0.39363484506560475,-0.7800481380960262
119.67,0.38577598408833963,-0.7909134357882347
119.68,0.37781657634984,-0.8001877381809653
119.69,0.3697722293247203,-0.8079337192371759
119.7,0.3616579019650965,-0.8142180175014826
119.71000000000001,0.3534878689746907,-0.8191104708732109
119.72,0.3452756925476323,-0.8226833918378835
119.73,0.337034201137933,-0.8250108883196652
119.74000000000001,0.3287754747812389,-0.8261682339180543
119.75,0.32051083645957185,-0.8262312900041138
119.76,0.3122508489811566,-0.8252759809902951
119.77,0.3040053168397659,-0.8233778230627369
119.78,0.2957832925199018,-0.8206115057796461
119.79,0.28759308672417294,-0.8170505251931943
119.8,0.2794422820160379,-0.8127668665407239
119.81,0.2713377493933584,-0.8078307340664963
119.82000000000001,0.263285667334708,-0.802310325168071
119.83,0.255291542889997,-0.7962716458006529
119.84,0.2473602344186949,-0.7897783639064727
119.85000000000001,0.23949597561186753,-0.7828916975522884
119.86,0.23170240046764912,-0.775670334444339
119.87,0.22398256892298074,-0.7681703795349205
119.88,0.2163389928769507,-0.760445327527243
119.89,0.2087736623724359,-0.7525460572153214
119.9,0.20128807173264426,-0.7445208447542473
119.91,0.19388324547735092,-0.7364153931352314
119.92,0.18655976386993964,-0.7282728753322765
119.93,0.1793177879707054,-0.7201339887872255
119.94,0.17215708409419514,-0.7120370191021971
119.95,0.16507704758866149,-0.7040179110089274
119.96000000000001,0.1580767258740166,-0.6961103448799447
119.97,0.1511548406910626,-0.6883458172342424
119.98,0.14430980952933178,-0.6807537238682256
119.99000000000001,0.13753976621369812,-0.6733614444098042
120.0,0.13084258064113571,-0.6661944272486847
120.01,0.12421587766872443,-0.6592762739386773
120.02,0.11765705516236216,-0.6526288222979733
120.03,0.11116330122276495,-0.6462722275509991
120.04,0.10473161061134217,-0.6402250409608632
120.05,0.09835880040354768,-0.6345042854950812
120.06,0.09204152490144055,-0.6291255281497541
120.07000000000001,0.08577628984055259,-0.6241029486293369
120.08,0.07955946592885381,-0.6194494041413153
120.09,0.07338730175772629,-0.6151764901182257
120.10000000000001,0.0672559361264893,-0.6112945967242782
120.11,0.061161409823240726,-0.6078129610411277
120.12,0.055099676905666736,-0.6047397148578246
120.13,0.04906661552608423,-0.6020819280143642
120.14,0.043058038345379454,-0.5998456472672536
120.15,0.037069702580739154,-0.5980359306597607
120.16,0.031097319732184235,-0.5966568773896279
120.17,0.025136565032946596,-0.5957116531736304
120.18,0.019183086668711626,-0.5952025111119562
120.19,0.013232514810707472,-0.5951308080565546
120.2,0.007280470507580534,-0.5954970164868214
120.21000000000001,0.0013225744809710444,-0.5963007318937438
120.22,-0.004645544130294343,-0.5975406756704057
120.23,-0.01062823903243707,-0.5992146935029922
120.24000000000001,-0.016629838000354183,-0.6013197492525826
120.25,-0.02265463401748872,-0.6038519143145452
120.26,-0.02870687628664509,-0.6068063524396861
120.27,-0.03479076106628244,-0.6101772999999204
120.28,-0.040910422286643496,-0.6139580416816136
120.29,-0.04706992189991471,-0.6181408815923657
120.3,-0.053273239918490804,-0.6227171097724099
120.31,-0.059524264095362905,-0.6276769641105118
120.32000000000001,-0.06582677920070104,-0.6330095876768503
120.33,-0.0721844558488999,-0.6387029815024632
120.34,-0.0786008388307503,-0.64474395285707
120.35000000000001,-0.0850793349060413,-0.6511180591051219
120.36,-0.09162320001285272,-0.6578095472544707
120.37,-0.0982355258511307,-0.6648012893538356
120.38,-0.10491922579992942,-0.6720747139450005
120.39,-0.11167702013003071,-0.6796097338341803
120.4,-0.11851142047661303,-0.6873846705149829
120.41,-0.12542471354033036,-0.6953761756536024
120.42,-0.13241894398968507,-0.7035591501360113
120.43,-0.13949589654305058,-0.7119066612775584
120.44,-0.14665707721523624,-0.7203898589080922
120.45,-0.1539036937212124,-0.7289778911708507
120.46000000000001,-0.16123663503865324,-0.7376378210110973
120.47,-0.16865645014143435,-0.7463345444807911
120.48,-0.17616332592826905,-0.7550307121481059
120.49000000000001,-0.18375706438439646,-0.7636866550746383
120.5,-0.1914370590297618,-0.7722603170075163
120.51,-0.19920227072454677,-0.7807071946266783
120.52,-0.20705120292229537,-0.7889802878870159
120.53,-0.21498187648228712,-0.7970300626979386
120.54,-0.22299180417625417,-0.8048044283854321
120.55,-0.23107796504999578,-0.8122487325792506
120.56,-0.2392367788278392,-0.8193057763549568
120.57000000000001,-0.2474640805770949,-0.8259158526305446
120.58,-0.25575509588045003,-0.8320168109627878
120.59,-0.2641044167963506,-0.8375441520006426
120.60000000000001,-0.27250597892046285,-0.8424311549223447
120.61,-0.2809530398947975,-0.8466090411987758
120.62,-0.2894381597444384,-0.8500071779768726
120.63,-0.29795318345433497,-0.8525533242514061
120.64,-0.3064892262294665,-0.8541739227792016
120.65,-0.31503666190991897,-0.8547944403746836
120.66,-0.3235851150369602,-0.8543397587979963
120.67,-0.3321234570858789,-0.852734617896488
120.68,-0.34063980739488997,-0.8499041119784507
120.69,-0.3491215393254479,-0.8457742395786566
120.7,-0.3575552921864631,-0.8402725058157398
120.71000000000001,-0.3659269894417628,-0.8333285754433791
120.72,-0.3742218636953307,-0.8248749734671694
120.73,-0.3824244889111062,-0.8148478288495374
120.74000000000001,-0.3905188202723215,-0.8031876553751854
120.75,-0.39848824201860994,-0.7898401622256435
120.76,-0.40631562351683437,-0.7747570852473569
120.77,-0.41398338372355703,-0.7578970283346288
120.78,-0.42147356408352693,-0.7392263028351034
120.79,-0.42876790978025914,-0.718719751476063
120.8,-0.43584795911304824,-0.6963615420643884
120.81,-0.4426951406215469,-0.6721459151945615
120.82000000000001,-0.44929087741693946,-0.6460778694714125
120.83,-0.45561669801097515,-0.6181737673793378
120.84,-0.4616543527645262,-0.5884618449642596
120.85000000000001,-0.46738593491026037,-0.5569826089869592
120.86,-0.47279400494426543,-0.523789106192866
120.87,-0.47786171703411773,-0.48894705084482865
120.88,-0.482572945961162,-0.45253479868435764
120.89,-0.48691241300780486,-0.41464315800509954
120.9,-0.490865809121264,-0.3753750314994364
120.91,-0.4944199136377936,-0.33484488591197686
120.92,-0.49756270683950354,-0.29317805021734833
120.93,-0.5002834746421405,-0.2505098469294227
120.94,-0.5025729037780919,-0.20698456512397784
120.95,-0.5044231659446201,-0.1627542876843351
120.96000000000001,-0.5058279895317787,-0.1179775890214062
120.97,-0.5067827177250481,-0.07281812293815301
120.98,-0.5072843519905417,-0.027443123273446175
120.99000000000001,-0.507331580190517,0.017978157644412483
121.0,-0.5069247888376534,0.06327604597444417
121.01,-0.5060660592710281,0.10828205101586032
121.02,-0.5047591478173361,0.15283044956519182
121.03,-0.5030094502797243,0.1967598225735161
121.04,-0.5008239513658659,0.2399145180293582
121.05,-0.49821115991913717,0.2821460160303561
121.06,-0.49518103104525873,0.32331417466987206
121.07000000000001,-0.4917448764257397,0.36328833854782144
121.08,-0.48791526427430226,0.40194829529484516
121.09,-0.48370591051984274,0.4391850693411536
121.10000000000001,-0.47913156288747916,0.4749015461271332
121.11,-0.4742078795973001,0.5090129239056781
121.12,-0.4689513044093656,0.5414469940982182
121.13,-0.4633789397153357,0.572144254723384
121.14,-0.45750841931489794,0.6010578646229514
121.15,-0.4513577824228767,0.6281534489887571
121.16,-0.44494535033512284,0.6534087689936553
121.17,-0.4382896070430036,0.6768132701189
121.18,-0.4314090849327448,0.6983675250408831
121.19,-0.42432225654218597,0.7180825877029945
121.2,-0.4170474331786849,0.7359792754816643
121.21000000000001,-0.4096026710325527,0.7520873962014432
121.22,-0.4020056852546561,0.7664449362148188
121.23,-0.39427377230825633,0.7790972248978333
121.24000000000001,-0.38642374075669944,0.7900960897855789
121.25,-0.3784718505125447,0.7994990152460836
121.26,-0.3704337604517777,0.8073683161287154
121.27,-0.36232448418997043,0.8137703362817438
121.28,-0.35415835372614285,0.8187746802651573
121.29,-0.34594899058466727,0.8224534850345334
121.3,-0.33770928402545214,0.8248807368776534
121.31,-0.32945137584711415,0.8261316374780714
121.32000000000001,-0.3211866512758907,0.8262820216820049
121.33,-0.312925735413474,0.8254078283728213
121.34,-0.3046784947084342,0.823584624820825
121.35000000000001,-0.2964540429170575,0.8208871839792469
121.36,-0.2882607510288493,0.8173891134398641
121.37,-0.2801062606482602,0.8131625341392409
121.38,-0.2719975003460645,0.8082778064119168
121.39,-0.26394070452002194,0.8028033006104972
121.4,-0.2559414343338546,0.7968052092435536
121.41,-0.24800460033515087,0.790347397408676
121.42,-0.24013448638568108,0.7834912882077573
121.43,-0.23233477457099574,0.7762957798125145
121.44,-0.2246085707894308,0.7688171908887127
121.45,-0.2169584307532215,0.7611092311765375
121.46000000000001,-0.20938638616590005,0.7532229941519276
121.47,-0.20189397087018293,0.7452069688502597
121.48,-0.19448224678889484,0.7371070681114313
121.49000000000001,-0.1871518295079543,0.7289666706969954
121.5,-0.17990291337495495,0.720826674929487
121.51,-0.17273529600936458,0.7127255617063338
121.52,-0.16564840214082827,0.7046994649415205
121.53,-0.15864130671053414,0.696782247684127
121.54,-0.1517127571871457,0.6890055823513085
121.55,-0.14486119506350795,0.6813990336922439
121.56,-0.1380847765133008,0.6739901432676315
121.57000000000001,-0.13138139219815534,0.6668045143854897
121.58,-0.12474868622559103,0.6598658965778098
121.59,-0.11818407426659913,0.6531962688338002
121.60000000000001,-0.11168476084891502,0.6468159209241106
121.61,-0.10524775584811691,0.6407435322568353
121.62,-0.0988698902037783,0.6349962478007101
121.63,-0.09254783089210271,0.6295897506942842
121.64,-0.08627809518989261,0.6245383312326699
121.65,-0.08005706426744931,0.6198549519864085
121.66,-0.07388099615016444,0.615551308860835
121.67,-0.06774603809023262,0.611637887949796
121.68,-0.061648238391168536,0.6081240180754528
121.69,-0.055583557728723566,0.6050179189369098
121.7,-0.04954788001243034,0.6023267448152866
121.71000000000001,-0.04353702283241783,0.6000566238022506
121.72,-0.03754674753638532,0.5982126925336485
121.73,-0.03157276898174486,0.5967991264203137
121.74000000000001,-0.025610765007979045,0.5958191653749764
121.75,-0.01965638567424533,0.5952751350380429
121.76,-0.01370526230721819,0.5951684635063577
121.77,-0.007753016404118179,0.5954996935684184
121.78,-0.0017952684358498226,0.5962684904473843
121.79,0.004172353404829508,0.59747364505006
121.8,0.010154204465151377,0.5991130727162988
121.81,0.016154614859155484,0.6011838074594303
121.82000000000001,0.022177880614339986,0.6036819916847871
121.83,0.028228254692851226,0.6066028613706721
121.84,0.03430993784175343,0.609940726694617
121.85000000000001,0.040427069226743564,0.6136889480880009
121.86,0.04658371680351344,0.6178399077045378
121.87,0.05278386738083432,0.6223849762933104
121.88,0.05903141632937965,0.6273144754754566
121.89,0.06533015689034345,0.6326176354359013
121.9,0.07168376903809769,0.638282548058249
121.91,0.07809580785150844,0.6442961155527627
121.92,0.08456969134915293,0.6506439946549225
121.93,0.09110868774460688,0.6573105365060671
121.94,0.09771590207927427,0.6642787223688159
121.95,0.10439426219198321,0.6715300953790929
121.96000000000001,0.11114650398685613,0.6790446885943611
121.97,0.11797515596387043,0.68680094966491
121.98,0.12488252298015434,0.6947756625324365
121.99000000000001,0.13187066921451918,0.7029438666484076
122.0,0.13894140031312252,0.7112787743044392
122.01,0.14609624470060797,0.7197516867786787
122.02,0.15333643404869607,0.728331910126327
122.03,0.1606628829031345,0.7369866715792057
122.04,0.1680761674802802,0.7456810376686114
122.05,0.17557650365650673,0.7543778353472993
122.06,0.18316372418722618,0.7630375775596132
122.07000000000001,0.190837255207699,0.771618394892399
122.08,0.19859609208507417,0.7800759751317894
122.09,0.20643877471033478,0.7883635127499876
122.10000000000001,0.21436336234007392,0.7964316705488845
122.11,0.22236740812131245,0.8042285558900386
122.12,0.23044793345787465,0.811699714138687
122.13,0.23860140240408617,0.8187881421375467
122.14,0.2468236963006256,0.8254343246977671
122.15,0.25511008889804154,0.8315762972419951
122.16,0.26345522224546547,0.8371497378495847
122.17,0.2718530836550332,0.8420880920269846
122.18,0.2802969840860051,0.8463227335467796
122.19,0.28877953832596875,0.8497831646554765
122.2,0.29729264737911465,0.8523972588310467
122.21000000000001,0.30582748350258965,0.8540915490642617
122.22,0.31437447836039983,0.8547915643309016
122.23,0.32292331478920766,0.8544222165033618
122.24000000000001,0.33146292269046707,0.8529082394095379
122.25,0.33998147957739844,0.8501746810753965
122.26,0.348466416311975,0.8461474493790508
122.27,0.35690442856497945,0.8407539103955053
122.28,0.3652814945198851,0.833923537623697
122.29,0.3735828993174534,0.8255886090672301
122.3,0.38179326670122976,0.8156849477993149
122.31,0.38989659827343975,0.8041527001994759
122.32000000000001,0.39787632070521933,0.7909371445303118
122.33,0.405715341164046,0.7759895209601823
122.34,0.4133961111244229,0.7592678725728885
122.35000000000001,0.4209006986155037,0.7407378853860873
122.36,0.42821086883214465,0.720373713980653
122.37,0.4353081728951168,0.6981587780829033
122.38,0.44217404439380276,0.674086514403324
122.39,0.4487899031831833,0.6481610672830415
122.4,0.4551372657394636,0.6203979012949559
122.41,0.46119786120908246,0.5908243189474987
122.42,0.4669537521184136,0.5594798670944914
122.43,0.4723874585509723,0.526416616601886
122.44,0.47748208445045137,0.4916993012834644
122.45,0.4822214445766416,0.4554053040969032
122.46000000000001,0.4865901905323894,0.41762448107242944
122.47,0.4905739341980902,0.3784588163899044
122.48,0.4941593668601875,0.338021905365198
122.49000000000001,0.4973343723053942,0.2964382657698087
122.5,0.5000881321755837,0.2538424817855798
122.51,0.5024112219411058,0.21037818886922663
122.52,0.5042956959529683,0.16619691173744522
122.53,0.5057351601758547,0.12145677144453763
122.54,0.5067248313818591,0.0763210809727979
122.55,0.5072615817953107,0.030956851760271617
122.56,0.5073439684170644,-0.014466763966502073
122.57000000000001,0.5069722465159806,-0.05978006840309072
122.58,0.5061483670490026,-0.10481442321663656
122.59,0.5048759580516479,-0.1494038364512965
122.60000000000001,0.5031602903199767,-0.1933865038141649
122.61,0.5010082279753646,-0.23660627813857743
122.62,0.49842816475720514,-0.2789140428070906
122.63,0.4954299471192228,-0.3201689675346456
122.64,0.49202478540651223,-0.36023962805950843
122.65,0.48822515455803256,-0.39900497484342645
122.66,0.48404468590964367,-0.4363551397092664
122.67,0.47949805176384724,-0.4721920733055167
122.68,0.47460084444353334,-0.5064300102455728
122.69,0.4693694515589358,-0.5389957625968658
122.7,0.463820929191596,-0.5698288459752269
122.71000000000001,0.4579728746394312,-0.5988814457356729
122.72,0.4518433002768825,-0.62611823356498
122.73,0.44545050996813157,-0.6515160471192187
122.74000000000001,0.43881297933449814,-0.6750634471787266
122.75,0.43194924102455706,-0.6967601681034672
122.76,0.4248777759724288,-0.7166164781730039
122.77,0.417616911461097,-0.7346524667143184
122.78,0.4101847266381424,-0.7508972747985723
122.79,0.4025989659651255,-0.7653882857764523
122.8,0.3948769609226134,-0.7781702910800484
122.81,0.3870355601435246,-0.7892946456102405
122.82000000000001,0.3790910680104086,-0.7988184257161175
122.83,0.37105919162920226,-0.8068036013190361
122.84,0.3629549959840279,-0.8133162321966378
122.85000000000001,0.3547928669852695,-0.8184256968739922
122.86,0.34658648204654807,-0.8222039610158873
122.87,0.33834878776495175,-0.8247248907146795
122.88,0.33009198423225444,-0.8260636146530226
122.89,0.3218275154718913,-0.8262959378138411
122.9,0.31356606547597765,-0.8254978082276764
122.91,0.3053175593073378,-0.8237448372002809
122.92,0.29709116873197206,-0.8211118725557034
122.93,0.28889532185622374,-0.8176726236619669
122.94,0.2807377162587327,-0.8134993363738054
122.95,0.2726253351287476,-0.8086625155227
122.96000000000001,0.26456446594827865,-0.8032306921993133
122.97,0.2565607212847613,-0.7972702327964989
122.98,0.24861906129234868,-0.7908451866005496
122.99000000000001,0.24074381755275032,-0.7840171686220764
123.0,0.23293871791990717,-0.7768452743337623
123.01,0.2252069120660751,-0.7693860230184938
123.02,0.2175509974595373,-0.7616933265169699
123.03,0.20997304553573568,-0.753818480288631
123.04,0.20247462785376463,-0.7458101738543764
123.05,0.19505684205864812,-0.7377145178658212
123.06,0.1877203374964482,-0.7295750852366105
123.07000000000001,0.1804653403539159,-0.7214329639703769
123.08,0.17329167821704064,-0.7133268195221181
123.09,0.16619880396347353,-0.7052929647308082
123.10000000000001,0.15918581892242448,-0.6973654355574692
123.11,0.15225149525232412,-0.6895760710520392
123.12,0.14539429750138366,-0.6819545961521296
123.13000000000001,0.1386124033292815,-0.6745287060856868
123.14,0.13190372337966993,-0.6673241513067026
123.15,0.12526592030314748,-0.6603648220378765
123.16,0.11869642693891241,-0.653672831626291
123.17,0.11219246367062166,-0.6472685980377821
123.18,0.10575105497815676,-0.6411709229230277
123.19,0.09936904521216111,-0.6353970677838757
123.2,0.09304311362247926,-0.6299628268526682
123.21000000000001,0.08676978867510775,-0.6248825963709069
123.22,0.08054546169506112,-0.6201694400172966
123.23,0.07436639987476182,-0.6158351502897172
123.24000000000001,0.06822875868926677,-0.6118903056917673
123.25,0.062128593760926464,-0.608344323612958
123.26,0.056061872217007605,-0.6052055088231632
123.27,0.0500244835844632,-0.6024810975272369
123.28,0.04401225026646287,-0.6001772969455292
123.29,0.038020937645552616,-0.5982993204009874
123.3,0.032046263858443114,-0.5968514179042691
123.31,0.02608390928746723,-0.5958369022354101
123.32000000000001,0.02012952581373491,-0.5952581705246329
123.33,0.014178745876974572,-0.5951167213363994
123.34,0.008227191387006927,-0.5954131672603147
123.35000000000001,0.0022704825317682795,-0.5961472430104438
123.36,-0.00369575347320195,-0.5973178090315042
123.37,-0.009675873648861806,-0.598922850606696
123.38000000000001,-0.01567421048533587,-0.600959472458061
123.39,-0.021695063098023024,-0.6034238888266997
123.4,-0.02774268826186986,-0.6063114090173558
123.41,-0.033821291278370136,-0.6096164183902547
123.42,-0.039935016629674955,-0.6133323547831537
123.43,-0.046087938374033216,-0.6174516803487947
123.44,-0.05228405023665086,-0.6219658487978702
123.45,-0.05852725534999063,-0.6268652680457666
123.46000000000001,-0.0648213555975662,-0.6321392582732853
123.47,-0.07117004051545635,-0.637776005427884
123.48,-0.07757687570612389,-0.6437625102133572
123.49000000000001,-0.08404529071972348,-0.6500845326429325
123.5,-0.09057856635898252,-0.6567265322642301
123.51,-0.09717982136500808,-0.6636716042051087
123.52,-0.1038519984430847,-0.6709014112378664
123.53,-0.1105978495897654,-0.6783961121163197
123.54,-0.11741992068541109,-0.6861342865067223
123.55,-0.12432053531989984,-0.694092856910017
123.56,-0.1313017778236114,-0.7022470080602656
123.57000000000001,-0.13836547548110514,-0.710570104382876
123.58,-0.14551317991126894,-0.719033606207004
123.59,-0.1527461476052452,-0.7276069855496418
123.60000000000001,-0.16006531962226175,-0.7362576424246298
123.61,-0.1674713004537378,-0.7449508227781517
123.62,-0.17496433607782477,-0.7536495393128966
123.63000000000001,-0.18254429123999574,-0.7623144966353242
123.64,-0.1902106260105313,-0.7709040223433025
123.65,-0.1979623716868618,-0.7793740058631846
123.66,-0.20579810612779498,-0.7876778470439936
123.67,-0.21371592862774166,-0.7957664167189163
123.68,-0.2217134344621733,-0.8035880316471674
123.69,-0.229787689260685,-0.8110884464479766
123.7,-0.2379352033911328,-0.818210865327604
123.71000000000001,-0.24615190656723707,-0.8248959765734946
123.72,-0.2544331229226027,-0.8310820129395505
123.73,-0.26277354682602805,-0.8367048411645783
123.74000000000001,-0.2711672197458942,-0.8416980839427766
123.75,-0.27960750850488353,-0.8459932776902844
123.76,-0.28808708529969984,-0.8495200694140823
123.77,-0.29659790989316515,-0.8522064558770848
123.78,-0.30513121441724156,-0.8539790680539407
123.79,-0.313677491254244,-0.8547635035737071
123.8,-0.3222264844887157,-0.854484709436536
123.81,-0.33076718544297473,-0.853067416761213
123.82000000000001,-0.33928783282394,-0.8504366286598648
123.83,-0.347775918016172,-0.8465181615389367
123.84,-0.3562181960547187,-0.8412392391883555
123.85000000000001,-0.36460070279993917,-0.8345291379444421
123.86,-0.37290877881360757,-0.8263198800023883
123.87,-0.38112710039998693,-0.816546970622495
123.88000000000001,-0.38923971822605746,-0.8051501735388913
123.89,-0.39723010387076474,-0.7920743173652846
123.9,-0.40508120457336316,-0.7772701242319897
123.91,-0.4127755063554045,-0.760695050322175
123.92,-0.42029510557980665,-0.7423141264502816
123.93,-0.42762178888441016,-0.7221007853957324
123.94,-0.43473712128772135,-0.7000376614294243
123.95,-0.4416225421129987,-0.6761173464116947
123.96000000000001,-0.4482594682159552,-0.6503430860623433
123.97,-0.4546294038342455,-0.6227293995682814
123.98,-0.46071405620732087,-0.593302605660354
123.99000000000001,-0.4664954559474526,-0.5621012387076672
124.0,-0.47195608098147424,-0.5291763392838312
124.01,-0.47707898273312926,-0.4945916050784058
124.02,-0.4818479130830423,-0.458423389964159
124.03,-0.4862474505324124,-0.42076054147173375
124.04,-0.49026312391247695,-0.38170406983109484
124.05,-0.4938815319290343,-0.34136664505417585
124.06,-0.49709045681356046,-0.29987192217385245
124.07000000000001,-0.49987897037251133,-0.25735369861898516
124.08,-0.5022375307859401,-0.2139549116751678
124.09,-0.5041580686060146,-0.16982648792498847
124.10000000000001,-0.5056340605444398,-0.12512606034225623
124.11,-0.5066605898128597,-0.0800165721935461
124.12,-0.5072343919883107,-0.03466478994566411
124.13000000000001,-0.5073538856117729,0.010760250129556628
124.14,-0.5070191869857195,0.05608883512074472
124.15,-0.5062321089093579,0.10115218076581092
124.16,-0.5049961433704032,0.14578402087459189
124.17,-0.503316428491866,0.18982215333935704
124.18,-0.5011997003036159,0.23310991639863934
124.19,-0.49865423016389315,0.2754975707496279
124.2,-0.4956897488886234,0.31684356567446736
124.21000000000001,-0.4923173588504038,0.3570156704540327
124.22,-0.48854943547954277,0.3958919558682411
124.23,-0.48439951973303896,0.43336161439164184
124.24000000000001,-0.4798822031917099,0.46932561164833914
124.25,-0.47501300750007214,0.5036971656540062
124.26,-0.46980825987862973,0.5364020542151414
124.27,-0.46428496641576933,0.5673787544601171
124.28,-0.45846068478942736,0.5965784217436845
124.29,-0.45235339798089563,0.6239647180175698
124.3,-0.445981390429076,0.6495135021380214
124.31,-0.4393631279381352,0.6732123964526814
124.32000000000001,-0.4325171425000224,0.695060245361912
124.33,-0.42546192303089697,0.7150664823917825
124.34,-0.4182158128521867,0.7332504226729721
124.35000000000001,-0.4107969145774375,0.749640497631927
124.36,-0.40322300289954816,0.7642734482188315
124.37,-0.39551144561306084,0.7771934921799282
124.38000000000001,-0.3876791330559496,0.7884514797921881
124.39,-0.3797424160172171,0.7981040511801553
124.4,-0.3717170520323465,0.8062128068902024
124.41,-0.3636181598794131,0.8128435018649052
124.42,-0.3554601819950484,0.8180652713928184
124.43,-0.3472568544515567,0.8219498960530222
124.44,-0.33902118407398796,0.8245711111685667
124.45,-0.3307654322281854,0.8260039648599761
124.46000000000001,-0.32250110477678845,0.8263242274734675
124.47,-0.314238947678716,0.82560785396566
124.48,-0.30598894769747526,0.8239304997680267
124.49000000000001,-0.2977603376833555,0.8213670897352412
124.5,-0.2895616059027704,0.8179914390021524
124.51,-0.2814005089033125,0.8138759239306341
124.52,-0.2732840874241578,0.8090912008131641
124.53,-0.2652186848870492,0.8037059696055129
124.54,-0.2572099680320475,0.7977867796755855
124.55,-0.24926294929353748,0.7913978743675225
124.56,-0.24138201054469705,0.7846010710774733
124.57000000000001,-0.23357092787198802,0.7774556735078549
124.58,-0.22583289707453996,0.7700184127986501
124.59,-0.218170559616015,0.7623434143162721
124.60000000000001,-0.2105860287882145,0.7544821870024104
124.61,-0.20308091587596677,0.7464836323377843
124.62,-0.1956563561414588,0.7383940701505253
124.63000000000001,-0.18831303447295628,0.7302572786887329
124.64,-0.18105121056768414,0.7221145465753418
124.65,-0.17387074354144944,0.7140047344655528
124.66,-0.16677111587837307,0.7059643444283368
124.67,-0.15975145665288268,0.6980275952704303
124.68,-0.15281056397296444,0.6902265022110288
124.69,-0.1459469266086621,0.682590959495958
124.7,-0.1391587447830453,0.6751488247099662
124.71000000000001,-0.13244395011446278,0.6679260037038837
124.72,-0.12580022470896762,0.6609465351991839
124.73,-0.11922501941047911,0.6542326742656699
124.74000000000001,-0.11271557122365423,0.6478049739886402
124.75,-0.10626891993070631,0.6416823647502207
124.76,-0.09988192392864982,0.6358822306459971
124.77,-0.09355127531778637,0.6304204826432055
124.78,-0.08727351427578571,0.6253116281611766
124.79,-0.08104504275456283,0.6205688368192025
124.8,-0.07486213753940166,0.616204002152219
124.81,-0.06872096271151844,0.6122277991414614
124.82000000000001,-0.06261758155657242,0.6086497374462757
124.83,-0.05654796796259293,0.6054782102553296
124.84,-0.05050801735146583,0.6027205387012643
124.85000000000001,-0.04449355718856764,0.6003830118030603
124.86,-0.03850035711540462,0.598470921915723
124.87,-0.03252413875025317,0.5969885956779626
124.88000000000001,-0.026560585201845368,0.5959394204559204
124.89,-0.020605350341134764,0.5953258662852796
124.9,-0.014654067876139775,0.5951495033158032
124.91,-0.0087023602748187,0.595411014761984
124.92,-0.0027458475809000937,0.596110205361568
124.93,0.0032198438324126605,0.5972460053406808
124.94,0.009199072525913522,0.598816469880616
124.95,0.01519617323002498,0.6008187740774871
124.96000000000001,0.021215448007463267,0.6032492033823357
124.97,0.027261157297671697,0.6061031395063953
124.98,0.033337510797591174,0.6093750417744932
124.99000000000001,0.03944865813316156,0.6130584239094796
125.0,0.04559867927578077,0.6171458262326293
125.01,0.05179157465781414,0.6216287832696552
125.02,0.058031254941173865,0.6264977867598465
125.03,0.06432153039301107,0.6317422440774706
125.04,0.07066609982272329,0.6373504320905563
125.05,0.0770685390348222,0.6433094465031243
125.06,0.08353228875278577,0.6496051467535379
125.07000000000001,0.09006064196989295,0.6562220965745763
125.08,0.0966567306842773,0.6631435003608344
125.09,0.10332351197710965,0.6703511355368578
125.10000000000001,0.11006375339501445,0.6778252811757773
125.11,0.11688001760062519,0.6855446431838813
125.12,0.12377464625869208,0.6934862764422933
125.13000000000001,0.13074974312947107,0.7016255043833959
125.14,0.13780715634636,0.7099358365775099
125.15,0.14494845986102128,0.71838888501515
125.16,0.15217493404666302,0.726954279892325
125.17,0.15948754545886779,0.7355995858411036
125.18,0.1668869257634851,0.744290219695011
125.19,0.17437334985276803,0.7529893710384993
125.2,0.1819467131842551,0.7616579269611288
125.21000000000001,0.18960650839199059,0.7702544026191427
125.22,0.19735180123663792,0.7787348793982973
125.23,0.2051812059799565,0.7870529526699749
125.24000000000001,0.2130928602900374,0.7951596913349545
125.25,0.2210843998066556,0.8030036115522016
125.26,0.22915293252108146,0.8105306672492447
125.27,0.2372950131516405,0.8176842602008134
125.28,0.24550661772509771,0.8244052726371263
125.29,0.253783118604383,0.8306321254951976
125.3,0.26211926023500165,0.8363008655474121
125.31,0.27050913591533127,0.8413452847220212
125.32000000000001,0.2789461659294421,0.8456970749597836
125.33,0.28742307741452694,0.8492860219185707
125.34,0.29593188636781353,0.852040240731572
125.35000000000001,0.3044638822291584,0.8538864568326205
125.36,0.31300961550446593,0.8547503345719566
125.37,0.32155888892059753,0.8545568559457543
125.38000000000001,0.330100752623381,0.8532307512422211
125.39,0.33862350394544194,0.8506969827569857
125.4,0.34711469227852076,0.8468812819440827
125.41,0.3555611295843237,0.8417107394425861
125.42,0.36394890706737254,0.8351144463532918
125.43,0.3722634185113895,0.8270241839401524
125.44,0.38048939074617555,0.8173751576084621
125.45,0.38861092166355876,0.8061067695835904
125.46000000000001,0.3966115261378474,0.7931634232049217
125.47,0.40447419012765723,0.7784953501915814
125.48,0.41218143314167904,0.7620594506690518
125.49000000000001,0.41971537914103824,0.7438201342156865
125.5,0.42705783582599277,0.7237501487487843
125.51,0.43419038211601396,0.701831382779991
125.52,0.4410944634815926,0.6780556254917722
125.53,0.4477514946258494,0.6524252682844032
125.54,0.45414296884728067,0.624953930978995
125.55,0.4602505732454293,0.5956669957948517
125.56,0.4660563087631777,0.5646020325995541
125.57000000000001,0.4715426138974204,0.531809099797037
125.58,0.47669249075911846,0.49735090659739606
125.59,0.4814896320293683,0.4613028243093476
125.60000000000001,0.48591854724530537,0.42375273669905245
125.61,0.4899646867633493,0.3848007223322947
125.62,0.4936145616919513,0.3445585651030167
125.63000000000001,0.49685585806540966,0.3031490927700046
125.64,0.4996775435473514,0.26070534717481775
125.65,0.502069965008906,0.21736959378039344
125.66,0.5040249354229592,0.17329218212090663
125.67,0.5055358086513242,0.12863027255193044
125.68,0.5065975408739979,0.0835464481972935
125.69,0.50720673761527,0.03820723407261912
125.7,0.5073616855554502,-0.007218452094690346
125.71000000000001,0.5070623685733762,-0.052560890934411714
125.72,0.5063104677367619,-0.09765116680354231
125.73,0.5051093452373052,-0.14232275946590273
125.74000000000001,0.5034640125474438,-0.18641309447229842
125.75,0.5013810833478592,-0.22976502578521552
125.76,0.49886871203173944,-0.27222822606830466
125.77,0.4959365188264931,-0.3136604625845414
125.78,0.4925955027800486,-0.35392873971742866
125.79,0.48885794403214455,-0.39291029262730826
125.8,0.48473729692750245,-0.4304934203473917
125.81,0.48024807562519667,-0.4665781505731498
125.82000000000001,0.4754057339160394,-0.5010767323666084
125.83,0.47022654097786454,-0.5339139568534044
125.84,0.46472745477897137,-0.5650273096172838
125.85000000000001,0.4589259947855189,-0.5943669617932855
125.86,0.45284011554310566,-0.6218956097466347
125.87,0.44648808259058614,-0.6475881756409868
125.88000000000001,0.43988835203028587,-0.6714313831113993
125.89,0.4330594549283582,-0.6934232236505665
125.9,0.42601988755727455,-0.7135723301980283
125.91,0.4187880083243976,-0.7318972748156284
125.92,0.411381942060962,-0.748425807277541
125.93,0.4038194921788468,-0.7631940509500568
125.94,0.39611806104196084,-0.7762456715431688
125.95,0.3882945787479834,-0.7876310332453949
125.96000000000001,0.38036544037705294,-0.7974063554690446
125.97,0.3723464516386025,-0.8056328819977779
125.98,0.36425278273709744,-0.8123760728006146
125.99000000000001,0.35609893018259026,-0.817704827210057
126.0,0.34789868619289627,-0.8216907456036525
126.01,0.3396651152705172,-0.8244074352178739
126.02,0.3314105374885388,-0.8259298642928274
126.03,0.32314651798466065,-0.826333767420781
126.04,0.31488386214012315,-0.8256951037685035
126.05,0.30663261590929053,-0.8240895687741498
126.06,0.29840207076464015,-0.8215921589893915
126.07000000000001,0.2902007727295027,-0.8182767889472582
126.08,0.282036534985695,-0.8142159582822864
126.09,0.27391645356385697,-0.8094804668054247
126.10000000000001,0.2658469256495865,-0.8041391748326846
126.11,0.2578336700672033,-0.7982588057731047
126.12,0.24988174953412443,-0.7919037877865058
126.13000000000001,0.2419955943114732,-0.7851361312126119
126.14,0.23417902690987216,-0.7780153384382547
126.15,0.22643528754270809,-0.7705983428967565
126.16,0.21876706005193705,-0.7629394739720203
126.17,0.2111764980632677,-0.7550904446989943
126.18,0.20366525115795717,-0.7471003593026185
126.19,0.1962344908772153,-0.7390157377906962
126.2,0.18888493640214324,-0.7308805550050291
126.21000000000001,0.18161687977711474,-0.7227362917332741
126.22,0.17443021056747776,-0.7146219956859827
126.23,0.1673244398633951,-0.7065743503447609
126.24000000000001,0.16029872356058256,-0.6986277498848368
126.25,0.15335188486569837,-0.6908143785657572
126.26,0.1464824359892674,-0.6831642931652956
126.27,0.13968859900239244,-0.6757055072023828
126.28,0.13296832584521975,-0.6684640758539382
126.29,0.12631931748531366,-0.6614641806172293
126.3,0.11973904223287514,-0.6547282129035661
126.31,0.11322475322724233,-0.6482768558707472
126.32000000000001,0.1067735051154602,-0.6421291639109462
126.33,0.10038216994902341,-0.636302639308085
126.34,0.0940474523292985,-0.6308133056647315
126.35000000000001,0.08776590383572877,-0.6256757777738012
126.36,0.08153393677382247,-0.6209033276755628
126.37,0.07534783728221751,-0.6165079466963799
126.38000000000001,0.06920377783989486,-0.6125004033130031
126.39,0.06309782921595744,-0.608890296725837
126.4,0.057025971905378114,-0.6056861060571869
126.41,0.0509841070948137,-0.6028952351167405
126.42,0.0449680672030433,-0.6005240526971936
126.43,0.038973626040869826,-0.5985779283786125
126.44,0.03299650863547105,-0.5970612638315038
126.45,0.02703240076423975,-0.5959775196162156
126.46000000000001,0.021076958243146735,-0.5953292374807895
126.47,0.015125816014623957,-0.5951180581612742
126.48,0.00917459707992125,-0.5953447346882992
126.49000000000001,0.0032189213208579726,-0.5960091412018783
126.5,-0.002745585744116317,-0.5971102772734536
126.51,-0.0087232842246111,-0.5986462677305533
126.52,-0.014718511098727386,-0.6006143579755676
126.53,-0.020735571384122454,-0.603010904786502
126.54,-0.026778729194457427,-0.6058313625846021
126.55,-0.0328521986358145,-0.6090702651519011
126.56,-0.03896013449749545,-0.6127212027815109
126.57000000000001,-0.04510662269144472,-0.6167767948453318
126.58,-0.05129567039440209,-0.6212286577683159
126.59,-0.05753119584681103,-0.6260673684060224
126.60000000000001,-0.06381701776252252,-0.6312824228334954
126.61,-0.07015684430348093,-0.636862190569102
126.62,-0.07655426157390455,-0.6427938642774942
126.63000000000001,-0.0830127215890308,-0.6490634050219742
126.64,-0.08953552967434403,-0.6556554831689408
126.65,-0.09612583125240962,-0.6625534150864993
126.66,-0.102786597976074,-0.6697390958264543
126.67,-0.1095206131689387,-0.6771929280345484
126.68,-0.11633045653676498,-0.6848937473987035
126.69,-0.12321848811691276,-0.6928187450199007
126.7,-0.13018683143716298,-0.7009433871759295
126.71000000000001,-0.13723735586043131,-0.7092413330451485
126.72,-0.14437165809806593,-0.7176843510662307
126.73,-0.15159104288175593,-0.7262422347310135
126.74000000000001,-0.1588965027926862,-0.734882718741285
126.75,-0.1662886972565816,-0.7435713966066825
126.76,-0.1737679307248198,-0.7522716409195709
126.77,-0.181334130074973,-0.7609445277132406
126.78,-0.18898682127908464,-0.7695487664910043
126.79,-0.19672510540479313,-0.7780406377042762
126.8,-0.2045476340331702,-0.7863739396554051
126.81,-0.21245258419790125,-0.7944999470031694
126.82000000000001,-0.22043763297323357,-0.8023673832519131
126.83,-0.22849993186293951,-0.8099224098049997
126.84,-0.23663608116933357,-0.8171086343543214
126.85000000000001,-0.24484210455002595,-0.823867141553807
126.86,-0.2531134240004097,-0.8301365490789857
126.87,-0.26144483553160563,-0.8358530922983901
126.88000000000001,-0.2698304858463775,-0.8409507408666228
126.89,-0.2782638503489381,-0.8453613505829942
126.9,-0.2867377128580374,-0.8490148538326755
126.91,-0.29524414742559163,-0.8518394918275347
126.92,-0.3037745026945881,-0.8537620916791145
126.93,-0.31231938925917396,-0.8547083910543836
126.94,-0.3208686705156758,-0.8546034127741923
126.95,-0.3294114575146578,-0.8533718912039717
126.96000000000001,-0.33793610833975524,-0.8509387516468845
126.97,-0.3464302325475955,-0.8472296431744467
126.98,-0.35488070120324416,-0.8421715244147507
126.99000000000001,-0.36327366303589054,-0.8356933007639267
127.0,-0.37159456721852274,-0.8277265102973183
127.01,-0.37982819324183686,-0.8182060543435588
127.02,-0.3879586883053939,-0.807070967264275
127.03,-0.3959696125871223,-0.7942652184785
127.04,-0.40384399267496385,-0.7797385382154238
127.05,-0.4115643833514308,-0.7634472569107835
127.06,-0.4191129378131795,-0.7453551466272194
127.07000000000001,-0.42647148628397513,-0.7254342514301528
127.08,-0.4336216228417825,-0.7036656923465198
127.09,-0.4405448001309056,-0.6800404314361985
127.10000000000001,-0.4472224314705065,-0.6545599786790398
127.11,-0.45363599970448637,-0.6272370248868929
127.12,-0.4597671719682444,-0.5980959837487212
127.13000000000001,-0.46559791937946077,-0.5671734264591898
127.14,-0.4711106404974281,-0.5345183932074661
127.15,-0.47628828724361005,-0.5001925671395262
127.16,-0.4811144918402186,-0.4642702982626658
127.17,-0.4855736932088633,-0.4268384671237648
127.18,-0.48965126118269386,-0.3879961809298682
127.19,-0.49333361682746063,-0.34785429803488294
127.2,-0.4966083471433915,-0.3065347803114582
127.21000000000001,-0.4994643124336898,-0.2641698767636834
127.22,-0.5018917446786653,-0.22090114569787694
127.23,-0.5038823353476474,-0.1768783267260725
127.24000000000001,-0.5054293112131867,-0.13225807769270792
127.25,-0.5065274969015016,-0.08720259515088004
127.26,-0.5071733631162043,-0.041878140136992065
127.27,-0.5073650597042415,0.0035465064196322296
127.28,-0.5071024329878118,0.04890163236541784
127.29,-0.5063870270569332,0.09401819954896781
127.3,-0.5052220689968323,0.1387294376177789
127.31,-0.5036124383045775,0.1828723987168404
127.32000000000001,-0.5015646210224955,0.22628944651268373
127.33,-0.49908664937432384,0.26882965478663373
127.34,-0.49618802792676286,0.3103500933156602
127.35000000000001,-0.49287964750801067,0.350716981789621
127.36,-0.48917368829097047,0.3898066959815356
127.37,-0.4850835135883799,0.4275066141612387
127.38000000000001,-0.48062355600774564,0.463715795684199
127.39,-0.4758091976746959,0.49834548765856457
127.4,-0.4706566462545744,0.5313194594633196
127.41,-0.46518280848542953,0.562574168539748
127.42,-0.4594051628837794,0.5920587642048843
127.43,-0.45334163320133186,0.6197349391570615
127.44,-0.44701046410063816,0.6455766407998116
127.45,-0.44043010038533564,0.6695696564637286
127.46000000000001,-0.4336190709713636,0.6917110880409948
127.47,-0.4265958786245157,0.7120087324691793
127.48,-0.41937889632198,0.7304803849326551
127.49000000000001,-0.41198627092586265,0.747153081629583
127.5,-0.4044358346893884,0.7620622985294334
127.51,-0.39674502495527403,0.7752511217781273
127.52,-0.3889308122538259,0.7867694043573686
127.53,-0.3810096368681267,0.7966729223354871
127.54,-0.3729973538071162,0.8050225426217604
127.55,-0.3649091860156915,0.8118834126139387
127.56,-0.3567596855548374,0.8173241805635394
127.57000000000001,-0.3485627024044207,0.8214162539229387
127.58,-0.34033136047637863,0.8242331014226985
127.59,-0.3320780403759667,0.8258496031897374
127.60000000000001,-0.3238143684125839,0.8263414518822235
127.61,-0.31555121133832226,0.8257846066036788
127.62,-0.3072986762805103,0.8242548002784542
127.63000000000001,-0.2990661153327531,0.821827100229358
127.64,-0.2908621342759231,0.8185755208967737
127.65,-0.2826946049148177,0.8145726869739168
127.66,-0.2745706805364448,0.8098895446985435
127.67,-0.2664968140208468,0.8045951186285873
127.68,-0.25847877816387305,0.7987563109272989
127.69,-0.25052168780230083,0.7924377399808565
127.7,-0.2426300233642559,0.7857016150560022
127.71000000000001,-0.23480765550118077,0.7786076436648413
127.72,-0.22705787049095905,0.7712129683267057
127.73,-0.21938339613464664,0.7635721294916814
127.74000000000001,-0.2117864279011254,0.7557370515065961
127.75,-0.2042686551045147,0.7477570486524909
127.76,-0.19683128692807556,0.7396788484543705
127.77,-0.18947507813542727,0.7315466296518938
127.78,-0.18220035433503767,0.7234020724172561
127.79,-0.17500703668708215,0.7152844186083704
127.8,-0.16789466596287028,0.7072305400471078
127.81,-0.16086242588614,0.6992750130101592
127.82000000000001,-0.1539091657026671,0.691450197311152
127.83,-0.14703342193991695,0.6837863185348094
127.84,-0.14023343933197088,0.6763115521555808
127.85000000000001,-0.13350719089680532,0.6690521084331956
127.86,-0.12685239716330698,0.662032317125358
127.87,-0.12026654455429817,0.6552747111929982
127.88000000000001,-0.11374690293944703,0.6488001087961057
127.89,-0.10729054237837606,0.6426276929884344
127.9,-0.10089434907967833,0.6367750886176697
127.91,-0.09455504060602266,0.6312584360245261
127.92,-0.08826918035918781,0.6260924612103383
127.93,-0.08203319138181589,0.6212905422087106
127.94,-0.0758433695150136,0.6168647714534354
127.95,-0.06969589595274717,0.6128260139829509
127.96000000000001,-0.06358684923535457,0.609183961361807
127.97,-0.05751221672551104,0.6059471812327324
127.98,-0.05146790561069993,0.6031231624396395
127.99000000000001,-0.04544975347671825,0.6007183556829724
128.0,-0.039453538497040475,0.5987382096848757
128.01,-0.03347498928302073,0.5971872028533621
128.02,-0.02750979443997323,0.5960688704425884
128.03,-0.02155361187416896,0.5953858272110791
128.04,-0.015602077895751645,0.5951397855818299
128.05,-0.00965081616253236,0.5953315693081527
128.06,-0.0036954465095885916,0.5959611226474105
128.07,0.0022684062904158504,0.597027515041917
128.08,0.008245103791249748,0.598528941302668
128.09,0.01423898511646921,0.6004627172877066
128.1,0.02025435813700388,0.6028252710632572
128.11,0.026295490537734355,0.6056121295327229
128.12,0.03236660072765833,0.6088179005166879
128.13,0.03847184854806811,0.6124362502667047
128.14000000000001,0.04461532573299243,0.6164598763973124
128.15,0.05080104607601436,0.620880476224964
128.16,0.05703293525749171,0.625688710509882
128.17000000000002,0.06331482028621199,0.6308741626078442
128.18,0.06965041850964859,0.6364252930541365
128.19,0.07604332614729473,0.6423293896220313
128.2,0.08249700630208923,0.6485725129238038
128.21,0.08901477640577081,0.6551394376541655
128.22,0.09559979505517255,0.662013589614825
128.23,0.10225504819806733,0.66917697870539
128.24,0.10898333462928035,0.6766101281207667
128.25,0.11578725076048266,0.6842920000593449
128.26,0.12266917463046724,0.6921999183203354
128.27,0.12963124912688936,0.7003094882533428
128.28,0.1366753643955341,0.7085945146192554
128.29,0.14380313941927447,0.7170269180294196
128.3,0.1510159027561225,0.7255766507502196
128.31,0.15831467243427888,0.734211612792904
128.32,0.16570013501198058,0.7428975693538657
128.33,0.17317262382135618,0.7515980708283074
128.34,0.18073209642854673,0.7602743767898057
128.35,0.1883781113571523,0.7688853855087326
128.36,0.1961098041387214,0.7773875707723357
128.37,0.20392586277259903,0.7857349279664895
128.38,0.21182450269805117,0.7938789315810463
128.39000000000001,0.21980344140421992,0.8017685065038611
128.4,0.2278598728281284,0.8093500156687051
128.41,0.23599044171759403,0.8165672668142524
128.42000000000002,0.24419121816441344,0.8233615412889534
128.43,0.25245767254337315,0.829671647992752
128.44,0.2607846511242685,0.8354340056730639
128.45,0.2691663526568344,0.840582756879967
128.46,0.2775963062618678,0.8450499169239689
128.47,0.2860673509953138,0.8487655611579954
128.48,0.29457161748502775,0.8516580538116467
128.49,0.30310051207154676,0.8536543214281996
128.5,0.3116447039135918,0.8546801736810926
128.51,0.32019411554516863,0.8546606739649285
128.52,0.3287379173928904,0.8535205616554182
128.53,0.337264526778277,0.8511847273038025
128.54,0.34576161193896643,0.8475787412669864
128.55,0.3542161016036167,0.8426294353707753
128.56,0.3626142006463819,0.836265536159982
128.57,0.3709414123268163,0.8284183471103067
128.58,0.379182567588588,0.8190224758728201
128.59,0.3873218618442727,0.8080166012090657
128.6,0.3953428996127693,0.7953442727766311
128.61,0.40322874729980535,0.7809547353723109
128.62,0.4109619943202156,0.7648037676710441
128.63,0.41852482265322627,0.7468545239593256
128.64000000000001,0.42589908479940214,0.7270783659041252
128.65,0.4330663899713088,0.70545567008047
128.66,0.4400081982010115,0.68197659586471
128.67000000000002,0.446705921888603,0.6566417974498837
128.68,0.4531410341500092,0.6294630632175722
128.69,0.4592951831529545,0.6004638655664185
128.7,0.4651503114613376,0.569679804603178
128.71,0.47068877924501806,0.5371589298892199
128.72,0.475893490059122,0.5029619257312047
128.73,0.48074801775964215,0.46716214731935213
128.74,0.48523673300550907,0.42984549734053384
128.75,0.4893449277064529,0.39111013549487045
128.76,0.49305893571540654,0.3510660165694239
128.77,0.49636624803784135,0.30983425629446765
128.78,0.4992556208412959,0.26754632802947925
128.79,0.501717174598431,0.22434309728244498
128.8,0.5037424827869448,0.18037370502875832
128.81,0.5053246486990061,0.13579431462819452
128.82,0.5064583690795086,0.09076674070142207
128.83,0.5071399835130345,0.04545698148724028
128.84,0.5073675087092533,3.3678835702329046e-05
128.85,0.5071406570897483,-0.04533346800403817
128.86,0.5064608393491724,-0.09047530734983375
128.87,0.5053311509427516,-0.13522483082677392
128.88,0.5037563427326369,-0.17941873215890697
128.89000000000001,0.5017427762995734,-0.2228989023221392
128.9,0.4992983646861941,-0.26551383613316937
128.91,0.49643249957691005,-0.30711992777575203
128.92000000000002,0.4931559661306791,-0.3475826357563452
128.93,0.48948084686178317,-0.38677750121931653
128.94,0.4854204161062928,-0.4245910073065652
128.95,0.4809890267156519,-0.4609212711797945
128.96,0.4762019906826969,-0.4956785642975863
128.97,0.4710754554297002,-0.5287856604218591
128.98,0.4656262774742597,-0.5601780144990252
128.99,0.45987189513971966,-0.5898037789164251
129.0,0.4538302018959312,-0.6176236665905084
129.01,0.4475194218079095,-0.6436106728377483
129.02,0.4409579884391763,-0.6677496699731222
129.03,0.4341644284084471,-0.6900368900570085
129.04,0.4271572506380361,-0.710479312173082
129.05,0.4199548421649854,-0.729093971088937
129.06,0.41257537121625737,-0.7459072041646997
129.07,0.40503669808169146,-0.7609538529816083
129.08,0.3973562941566252,-0.7742764354195607
129.09,0.3895511693733002,-0.7859243028820339
129.1,0.38163780809898445,-0.7959527961124166
129.11,0.37363211345105185,-0.804422411630493
129.12,0.3655493598663746,-0.811397989301118
129.13,0.3574041536650295,-0.8169479299834996
129.14000000000001,0.3492104012667046,-0.8211434506469965
129.15,0.3409812846520896,-0.8240578828188766
129.16,0.3327292436103271,-0.8257660187844884
129.17000000000002,0.3244659642763998,-0.8263435086166563
129.18,0.31620237343799396,-0.8258663098876339
129.19,0.3079486380786471,-0.8244101908258337
129.2,0.29971416962147723,-0.8220502867271192
129.21,0.29150763234410465,-0.8188607086180263
129.22,0.2833369554491167,-0.8149142024930079
129.23,0.27520934829424454,-0.8102818569034851
129.24,0.26713131831104703,-0.8050328562544403
129.25,0.25910869116915575,-0.7992342768540536
129.26,0.2511466327739659,-0.7929509225519038
129.27,0.24324967271811762,-0.7862451966794158
129.28,0.2354217288403776,-0.7791770069603463
129.29,0.2276661325789107,-0.7718037000773211
129.3,0.21998565483883117,-0.7641800226514328
129.31,0.212382532125882,-0.7563581055051968
129.32,0.2048584927287272,-0.7483874682252069
129.33,0.19741478276137786,-0.7403150412110264
129.34,0.19005219190450667,-0.7321852025837076
129.35,0.18277107870970372,-0.7240398275243709
129.36,0.17557139535401928,-0.7159183478149798
129.37,0.16845271175340412,-0.7078578195552533
129.38,0.1614142389629142,-0.6998929972278951
129.39000000000001,0.15445485180884624,-0.6920564124760064
129.4,0.1475731107133941,-0.6843784561394722
129.41,0.1407672826860568,-0.6768874622696367
129.42000000000002,0.13403536146800135,-0.6696097930025505
129.43,0.12737508682600576,-0.6625699233198199
129.44,0.12078396300160493,-0.6557905248622844
129.45,0.11425927632876007,-0.6492925480853521
129.46,0.10779811203989789,-0.6430953021560387
129.47,0.1013973702856393,-0.6372165320909876
129.48,0.09505378139807814,-0.6316724927225089
129.49,0.08876392043118912,-0.6264780191565945
129.5,0.08252422101494626,-0.6216465934536282
129.51,0.07633098856211656,-0.6171904073198827
129.52,0.0701804128685486,-0.6131204206465919
129.53,0.06406858014918473,-0.6094464157741778
129.54,0.057991484553065055,-0.6061770473928781
129.55,0.051945039201327176,-0.6033198880182293
129.56,0.04592508679270047,-0.6008814690013525
129.57,0.03992740982130012,-0.5988673170504405
129.58,0.03394774045169166,-0.5972819862518599
129.59,0.027981770096262928,-0.5961290855874831
129.6,0.022025158739942,-0.5954113019498459
129.61,0.01607354405726601,-0.5951304186589889
129.62,0.010122550366762222,-0.5952873294849235
129.63,0.00416779746756754,-0.5958820481780792
129.64000000000001,-0.0017950905967993617,-0.5969137135072685
129.65,-0.007770476802577831,-0.5983805898011418
129.66,-0.013762702392822198,-0.600280062985256
129.67000000000002,-0.019776078062282952,-0.6026086321031675
129.68,-0.025814875034885547,-0.6053618963068444
129.69,-0.03188331598841984,-0.6085345372996612
129.7,-0.03798556578087877,-0.6121202972147057
129.71,-0.044125721932713954,-0.6161119519126232
129.72,-0.05030780481913124,-0.6205012796872329
129.73,-0.05653574752645862,-0.6252790253742192
129.74,-0.06281338532661562,-0.6304348598688715
129.75,-0.06914444472383605,-0.6359573350737149
129.76,-0.07553253202808993,-0.6418338343165881
129.77,-0.08198112141016782,-0.6480505183049028
129.78,-0.088493542394188,-0.6545922667131643
129.79,-0.09507296674443111,-0.6614426155390865
129.8,-0.10172239470496972,-0.668583690409487
129.81,-0.10844464055262085,-0.6759961360713845
129.82,-0.11524231742639741,-0.6836590423671051
129.83,-0.12211782139996295,-0.6915498670654429
129.84,-0.12907331476770628,-0.6996443560047603
129.85,-0.1361107085200582,-0.7079164610990007
129.86,-0.14323164398968632,-0.7163382568644857
129.87,-0.15043747365734791,-0.7248798562445237
129.88,-0.15772924111457678,-0.7335093266405883
129.89000000000001,-0.16510766019015966,-0.7421926072031517
129.9,-0.17257309325863981,-0.7508934285920181
129.91,-0.180125528762,-0.75957323658467
129.92000000000002,-0.1877645579903332,-0.7681911210907475
129.93,-0.19548935118381494,-0.7767037523199312
129.94,-0.20329863303673182,-0.7850653260472238
129.95,-0.21119065770475942,-0.793227520121257
129.96,-0.21916318343915694,-0.8011394645644447
129.97,-0.2272134469960483,-0.808747727814362
129.98,-0.2353381379954442,-0.8159963218485525
129.99,-0.24353337343301937,-0.8228267291139938
130.0,-0.2517946725777241,-0.8291779543405904
130.01,-0.2601169325198312,-0.8349866044472279
130.02,-0.2684944046666687,-0.8401869998399222
130.03,-0.27692067251662966,-0.844711320444339
130.04,-0.28538863107555545,-0.8484897897984733
130.05,-0.29389046831259913,-0.8514509004438702
130.06,-0.3024176490844328,-0.8535216836833691
130.07,-0.3109609019862664,-0.8546280265077677
130.08,-0.31951020961458815,-0.854695038121146
130.09,-0.32805480274868937,-0.8536474680038828
130.1,-0.3365831589746658,-0.8514101768340891
130.11,-0.34508300628537114,-0.8479086608349241
130.12,-0.35354133219136424,-0.8430696292226633
130.13,-0.3619443988698244,-0.8368216333978953
130.14000000000001,-0.3702777648593221,-0.8290957453538998
130.15,-0.3785263137769023,-0.8198262814817283
130.16,-0.3866742904889567,-0.8089515665466733
130.17000000000002,-0.3947053451078358,-0.796414731118472
130.18,-0.40260258511132613,-0.7821645341879588
130.19,-0.410348635791595,-0.7661562011337002
130.2,-0.4179257091340001,-0.7483522656584933
130.21,-0.4253156811047648,-0.7287234028493693
130.22,-0.4325001771909875,-0.7072492391834725
130.23,-0.43946066588843424,-0.6839191241675967
130.24,-0.4461785596743394,-0.6587328474249783
130.25,-0.4526353228369338,-0.631701284492381
130.26,-0.458812585364187,-0.6028469544232297
130.27,-0.4646922619253984,-0.5722044725613284
130.28,-0.4702566748154136,-0.5398208825969908
130.29,-0.47548867957733826,-0.5057558532718361
130.3,-0.4803717918808504,-0.4700817268716961
130.31,-0.48489031411477224,-0.4328834089309398
130.32,-0.4890294600594692,-0.39425809133636114
130.33,-0.49277547594149945,-0.3543148042122208
130.34,-0.4961157561437136,-0.3131737955153767
130.35,-0.49903895185180697,-0.2709657410750278
130.36,-0.5015350709652142,-0.22783079176172769
130.37,-0.5035955676870416,-0.18391746843737955
130.38,-0.5052134203339618,-0.1393814191855963
130.39000000000001,-0.5063831960707534,-0.09438405691129388
130.4,-0.5071011014721876,-0.04909109859502708
130.41,-0.5073650180426539,-0.003671030167706396
130.42000000000002,-0.5071745220755416,0.04170647697124251
130.43,-0.506530888503229,0.08687217041747049
130.44,-0.5054370786671922,0.13165881424134462
130.45,-0.5038977122184022,0.17590275171215833
130.46,-0.5019190236329492,0.21944540646679564
130.47,-0.49950880408906634,0.26213469703143594
130.48,-0.49667632969232045,0.3038263419815585
130.49,-0.4934322772494351,0.3443850359750732
130.5,-0.4897886289728189,0.3836854803002747
130.51,-0.4857585676434296,0.42161325531457716
130.52,-0.48135636386652736,0.45806552607407436
130.53,-0.4765972571219481,0.492951576429519
130.54,-0.471497332337937,0.5261931707585937
130.55,-0.46607339370677625,0.5577247461960084
130.56,-0.4603428374140168,0.5874934416067772
130.57,-0.45432352487464067,0.6154589725384267
130.58,-0.4480336579632483,0.6415933639210536
130.59,-0.4414916575962196,0.6658805543189658
130.6,-0.434716046876869,0.6883158870552609
130.61,-0.4277253398551144,0.7089055045330193
130.62,-0.4205379367862086,0.7276656625842136
130.63,-0.4131720266034301,0.744621981725828
130.64000000000001,-0.405645497151692,0.7598086518399761
130.65,-0.39797585356663057,0.7732676060776316
130.66,-0.39018014503013937,0.7850476787757253
130.67000000000002,-0.3822748999911161,0.7952037609386137
130.68,-0.37427606981136713,0.8037959654302991
130.69,-0.3661989806825101,0.810888812513184
130.7,-0.35805829356110347,0.8165504448074388
130.71,-0.34986797178636136,0.8208518791809051
130.72,-0.34164125597748535,0.8238663015543387
130.73,-0.3333906457552746,0.8256684091547267
130.74,-0.32512788779439084,0.8263338033969063
130.75,-0.3168639696873365,0.8259384353401004
130.76,-0.3086091190875888,0.8245581045639777
130.77,-0.3003728075960569,0.822268011345215
130.78,-0.29216375886068446,0.8191423611919639
130.79,-0.2839899603722176,0.815254020107575
130.8,-0.27585867845853296,0.8106742184004153
130.81,-0.2677764760042093,0.8054723004251462
130.82,-0.25974923245003007,0.7997155173220569
130.83,-0.2517821656577681,0.793468859603477
130.84,-0.2438798552579605,0.7867949263078239
130.85,-0.23604626713161164,0.7797538273903322
130.86,-0.22828477871015385,0.7724031160329962
130.87,-0.22059820481095171,0.7647977476234169
130.88,-0.21298882375768552,0.7569900622625231
130.89000000000001,-0.20545840356570128,0.74902978780486
130.9,-0.19800822800158832,0.7409640606036838
130.91,-0.1906391223536276,0.7328374613188839
130.92000000000002,-0.18335147877521066,0.7246920633421725
130.93,-0.17614528108678415,0.7165674915954828
130.94,-0.16902012894330098,0.708500989660478
130.95,-0.16197526129357456,0.7005274933956869
130.96,-0.15500957907538723,0.6926797093900898
130.97,-0.14812166710577276,0.6849881967856717
130.98,-0.1413098151396738,0.6774814511748551
130.99,-0.13457203808227566,0.6701859894406527
131.0,-0.12790609535086075,0.6631264345571104
131.01,-0.12130950939113347,0.6563255995048286
131.02,-0.11477958336076419,0.6498045695809422
131.03,-0.10831341799951463,0.6435827824951392
131.04,-0.1019079277108614,0.6376781057434762
131.05,-0.0955598558846451,0.6321069108403975
131.06,-0.08926578949405345,0.626884144067123
131.07,-0.08302217300330264,0.6220233934621332
131.08,-0.07682532162481079,0.6175369518375654
131.09,-0.07067143396655134,0.6134358756546903
131.1,-0.06455660411171699,0.6097300396330594
131.11,-0.05847683317389015,0.6064281870021013
131.12,-0.05242804037167496,0.6035379753316454
131.13,-0.04640607366725725,0.6010660178997967
131.14000000000001,-0.04040672001367902,0.5990179205733971
131.15,-0.0344257152557893,0.5973983141886559
131.16,-0.028458753729905906,0.596210882428037
131.17000000000002,-0.02250149760722856,0.5954583851946909
131.18,-0.01654958602601209,0.595142677488178
131.19,-0.010598644057465002,0.5952647237854919
131.2,-0.004644291550302252,0.595824607929899
131.21,0.001317848101132978,0.5968215385273811
131.22,0.00729213922024537,0.5982538498469534
131.23,0.013282925098072046,0.6001189982172817
131.24,0.019294519184591005,0.6024135539082819
131.25,0.025331196176237688,0.6051331884832125
131.26,0.03139718295425526,0.6082726576046272
131.27,0.03749664932833023,0.6118257792768951
131.28,0.04363369853979315,0.6157854075092989
131.29,0.04981235747851621,0.6201434013875291
131.3,0.05603656656754374,0.6248905895481828
131.31,0.06231016926947986,0.6300167300612385
131.32,0.0686369011687685,0.6355104657400071
131.33,0.07502037858428,0.6413592749173486
131.34,0.08146408666711547,0.6475494177516596
131.35,0.08797136693931319,0.6540658781569895
131.36,0.09454540423025526,0.6608923014892935
131.37,0.10118921296909907,0.6680109281660638
131.38,0.10790562279357654,0.675402523450129
131.39000000000001,0.11469726343810165,0.6830463036910301
131.4,0.12156654886739715,0.6909198593898128
131.41,0.12851566062589792,0.6989990755360566
131.42000000000002,0.13554653037811829,0.7072580497601264
131.43,0.14266082162110044,0.7156690089495695
131.44,0.14985991055710968,0.7242022250967665
131.45,0.1571448661230358,0.732825931275656
131.46,0.1645164291826228,0.7415062387886884
131.47,0.17197499089880955,0.7502070566809562
131.48,0.17952057031624194,0.7588900149861977
131.49,0.1871527911985335,0.7675143932481533
131.5,0.194870858181205,0.7760370560492196
131.51,0.2026735323195179,0.7844123974745537
131.52,0.2105591061306961,0.7925922966411453
131.53,0.2185253782523408,0.800526086624582
131.54,0.2265696278631877,0.8081605393171936
131.55,0.23468858903868467,0.8154398689449031
131.56,0.24287842524208578,0.8223057571504853
131.57,0.25113470418169437,0.8286974027110386
131.58,0.25945237329630655,0.8345515990892576
131.59,0.2678257361634795,0.8398028431124903
131.6,0.2762484301585563,0.8443834781205573
131.61,0.28471340572589066,0.8482238749119374
131.62,0.2932129076567951,0.8512526537366075
131.63,0.3017384588006228,0.8533969504204767
131.64000000000001,0.3102808466652046,0.8545827294487746
131.65,0.31883011338959827,0.8547351464720278
131.66,0.32737554959464515,0.8537789622173134
131.67000000000002,0.33590569263394454,0.8516390091796084
131.68,0.3444083297782373,0.8482407117257155
131.69,0.3528705068684589,0.8435106593618079
131.7,0.3612785429654735,0.8373772318941551
131.71,0.36961805150634197,0.8297712740547746
131.72,0.377873968446569,0.8206268158787493
131.73,0.38603058782391697,0.8098818337231088
131.74,0.3940716051210312,0.7974790453307554
131.75,0.4019801687305321,0.783366730796524
131.76,0.4097389397369617,0.7674995697232453
131.77,0.417330160124997,0.7498394833081478
131.78,0.4247357294031246,0.7303564686254541
131.79,0.43193728949750604,0.7090294110267834
131.8,0.43891631762366023,0.6858468594283761
131.81,0.4456542266860735,0.6608077483569039
131.82,0.4521324725907983,0.6339220500470653
131.83,0.45833266768701486,0.6052113396843406
131.84,0.46423669938448514,0.5747092571186764
131.85,0.4698268528293884,0.5424618490828657
131.86,0.47508593636614244,0.5085277771628454
131.87,0.47999740837264526,0.4729783784991195
131.88,0.4845455039361248,0.435897568442625
131.89000000000001,0.4887153597414977,0.3973815771166133
131.9,0.492493135478457,0.3575385149980087
131.91,0.49586613004145785,0.3164877661542278
131.92000000000002,0.4988228908015415,0.27435921156053134
131.93,0.5013533142726684,0.2312922888662311
131.94,0.5034487365788661,0.18743489894878756
131.95,0.5051020122516442,0.14294217345717816
131.96,0.5063075800480098,0.09797512116103826
131.97,0.5070615146748652,0.052699174154742005
131.98,0.5073615635311047,0.007282657691003641
131.99,0.5072071678286851,-0.03810479047106589
132.0,0.5065994677216834,-0.08329382390822432
132.01,0.5055412913505207,-0.12811698661775528
132.02,0.5040371279893283,-0.17241027952826773
132.03,0.5020930857599554,-0.2160146675310397
132.04,0.4997168346387075,-0.2587775017786074
132.05,0.4969175357243832,-0.30055383432410226
132.06,0.49370575795222543,-0.3412076050829291
132.07,0.49009338362272464,-0.38061268447359237
132.08,0.4860935042627536,-0.4186537588077725
132.09,0.48172030844656916,-0.4552270494139409
132.1,0.47698896327447476,-0.4902408604553268
132.11,0.4719154912374626,-0.523615954308497
132.12,0.4665166441883048,-0.5552857570807443
132.13,0.4608097760958477,-0.5851964002562622
132.14000000000001,0.4548127161831796,-0.6133066074854316
132.15,0.4485436439461391,-0.6395874381029183
132.16,0.44202096742112124,-0.6640219010357212
132.17000000000002,0.4352632059254247,-0.6866044543212526
132.18,0.4282888783346962,-0.7073404064982991
132.19,0.4211163977954588,-0.7262452366793584
132.2,0.4137639736011091,-0.7433438501960794
132.21,0.4062495207915372,-0.7586697863775136
132.22,0.3985905778735588,-0.7722643943296429
132.23,0.3908042329049443,-0.7841759915956926
132.24,0.38290705804164493,-0.7944590193538127
132.25,0.3749150525178681,-0.8031732064149886
132.26,0.3668435939133452,-0.8103827527797437
132.27,0.35870739746227326,-0.8161555419526497
132.28,0.35052048307429223,-0.8205623896480447
132.29,0.3422961496693124,-0.8236763349907661
132.3,0.33404695637447696,-0.8255719788567275
132.31,0.32578471009217785,-0.8263248726369226
132.32,0.31752045892173847,-0.8260109594648127
132.33,0.30926449090288155,-0.824706068834245
132.34,0.30102633754505354,-0.8224854645602729
132.35,0.29281478161167607,-0.8194234452005951
132.36,0.2846378686410416,-0.8155929953585017
132.37,0.2765029217045061,-0.8110654857235302
132.38,0.26841655892657107,-0.8059104192651436
132.39000000000001,0.2603847133192032,-0.800195220667424
132.4,0.2524126545132226,-0.7939850658675863
132.41,0.24450501200185148,-0.7873427484260394
132.42000000000002,0.2366657995447018,-0.7803285793985246
132.43,0.22889844041388097,-0.7730003173896108
132.44,0.22120579319690956,-0.7654131255301356
132.45,0.21359017790327825,-0.7576195522283927
132.46,0.20605340215234172,-0.7496695326862661
132.47,0.19859678724955293,-0.7416104083383915
132.48,0.19122119398557386,-0.7334869615570897
132.49,0.18392704801841112,-0.7253414631616146
132.5,0.17671436472234156,-0.7172137304715427
132.51,0.1695827734089803,-0.7091411938462062
132.52,0.16253154084541746,-0.7011589698510823
132.53,0.15555959401195865,-0.6932999393849434
132.54,0.14866554205771862,-0.6855948292860414
132.55,0.14184769742623785,-0.6780722961098516
132.56,0.13510409613552157,-0.6707590109337733
132.57,0.12843251720756235,-0.663679744194922
132.58,0.12183050125162312,-0.6568574497053488
132.59,0.11529536821345537,-0.650313347114617
132.6,0.10882423430933078,-0.6440670022028586
132.61,0.1024140281693982,-0.638136404488531
132.62,0.09606150621956015,-0.6325380417246419
132.63,0.08976326733490535,-0.6272869709358223
132.64000000000001,0.08351576680084369,-0.6223968857169676
132.65,0.07731532962056599,-0.6178801795729666
132.66,0.07115816320938437,-0.6137480051290871
132.67000000000002,0.06504036951798425,-0.6100103290835891
132.68,0.05895795662771258,-0.606675982808872
132.69,0.05290684986180681,-0.6037527085356732
132.7,0.046882902456999116,-0.6012472010771912
132.71,0.04088190584026299,-0.5991651450672077
132.72,0.03489959955565496,-0.5975112476989709
132.73,0.028931680886283572,-0.5962892669603819
132.74,0.022973814216447327,-0.5955020353664723
132.75,0.01702164017895413,-0.5951514791928191
132.76,0.011070784632590949,-0.5952386332139568
132.77,0.005116867514674993,-0.5957636509494829
132.78,-0.0008444883863987114,-0.5967258104178961
132.79,-0.006817648693682929,-0.5981235153947467
132.8,-0.012806958694293647,-0.5999542921678364
132.81,-0.018816734537039657,-0.6022147817784287
132.82,-0.02485125432986222,-0.6049007277342202
132.83,-0.03091474909172406,-0.6080069591775609
132.84,-0.03701139351341344,-0.6115273694916152
132.85,-0.043145296481556364,-0.6154548903283062
132.86,-0.04932049131997956,-0.6197814610454515
132.87,-0.05554092570246539,-0.6244979935470383
132.88,-0.061810451190920324,-0.6295943325306552
132.89000000000001,-0.0681328123530785,-0.6350592111602612
132.9,-0.07451163541412556,-0.6408802022013543
132.91,-0.0809504163971056,-0.6470436646798845
132.92000000000002,-0.08745250870772325,-0.6535346861565714
132.93,-0.09402111012023703,-0.6603370207453774
132.94,-0.10065924912263081,-0.6674330230494974
132.95,-0.10736977058122699,-0.6748035782410783
132.96,-0.11415532068745239,-0.6824280285727463
132.97,-0.12101833115268192,-0.6902840966806556
132.98,-0.1279610026210655,-0.6983478061208808
132.99,-0.13498528727509954,-0.7065933996742291
133.0,-0.1420928706145501,-0.714993256059529
133.01,-0.14928515239629012,-0.7235178058126531
133.02,-0.15656322673080314,-0.7321354472182371
133.03,-0.16392786134065487,-0.7408124633233858
133.04,-0.17137947599727088,-0.749512941217483
133.05,-0.17891812016500455,-0.7581986949290315
133.06,-0.18654344989585153,-0.7668291934683984
133.07,-0.19425470403437253,-0.7753614957331082
133.08,-0.20205067981051372,-0.783750194187987
133.09,-0.2099297079181323,-0.7919473694335224
133.1,-0.21788962719918417,-0.7999025579790173
133.11,-0.22592775907771265,-0.8075627357384032
133.12,-0.23404088191395225,-0.8148723199610091
133.13,-0.24222520547693285,-0.8217731924912579
133.14000000000001,-0.2504763457637774,-0.8282047474132425
133.15,-0.2587893004251977,-0.834103966270479
133.16,-0.26715842508918697,-0.8394055241488713
133.17000000000002,-0.2755774109081751,-0.8440419299620475
133.18,-0.2840392636884279,-0.8479437042719192
133.19,-0.29253628499361345,-0.8510395979019971
133.2,-0.3010600556464678,-0.8532568544446106
133.21,-0.3096014220825057,-0.8545215195135298
133.22,-0.31815048603673846,-0.8547587992386326
133.23,-0.3266965980672783,-0.8538934700280063
133.24,-0.3352283554372985,-0.8518503410254112
133.25,-0.3437336048877865,-0.8485547699596095
133.26,-0.3521994508364907,-0.8439332322117793
133.27,-0.3606122695320221,-0.8379139419168352
133.28,-0.3689577296748274,-0.8304275227672564
133.29,-0.3772208199873672,-0.8214077249126788
133.3,-0.3853858841730809,-0.8107921829598552
133.31,-0.39343666364656427,-0.7985232085973365
133.32,-0.40135634834502765,-0.7845486098263753
133.33,-0.40912763584309175,-0.7688225272106424
133.34,-0.41673279888924053,-0.7513062760063193
133.35,-0.4241537613632182,-0.731969181551865
133.36,-0.43137218252027787,-0.710789393939968
133.37,-0.4383695492420176,-0.687754666824082
133.38,-0.44512727585675954,-0.6628630842920761
133.39000000000001,-0.4516268109278591,-0.63612371913338
133.4,-0.45784975023942714,-0.6075572055940189
133.41,-0.4637779550397395,-0.5771962099102237
133.42000000000002,-0.46939367443763164,-0.5450857825801868
133.43,-0.47467967069134326,-0.5112835775060658
133.44,-0.47961934598775297,-0.475859924829037
133.45,-0.48419686918792404,-0.43889774648428026
133.46,-0.4883973009174386,-0.40049230619403964
133.47,-0.4922067153118048,-0.36075078874663896
133.48,-0.4956123166923714,-0.31979170690629105
133.49,-0.49860254944993065,-0.2777441380702538
133.5,-0.5011671994537765,-0.23474679672528165
133.51,-0.5032974853844364,-0.19094695272865903
133.52,-0.5049861385083497,-0.14649920931507004
133.53,-0.5062274695707377,-0.10156415837030738
133.54,-0.5070174216757558,-0.0563069337805826
133.55,-0.5073536082463493,-0.010895686436102982
133.56,-0.5072353354044778,0.03449999336975421
133.57,-0.5066636083789543,0.07971067893591857
133.58,-0.5056411218257595,0.12456870761966457
133.59,-0.504172234226561,0.16890975091819108
133.6,-0.5022629268073957,0.21257432716036517
133.61,-0.49992074768335376,0.2554092313986211
133.62,-0.4971547421794233,0.29726885936721476
133.63,-0.4939753704960094,0.3380164052387807
133.64000000000001,-0.4903944140746477,0.3775249162536985
133.65,-0.4864248721709355,0.41567819098806713
133.66,-0.48208085025488634,0.4523715119293175
133.67000000000002,-0.47737744193234916,0.48751220700496795
133.68,-0.472330606114787,0.521020038625712
133.69,-0.4669570411598349,0.5528274225354275
133.7,-0.4612740576640784,0.5828794821997466
133.71,-0.45529945151583995,0.6111339475226352
133.72,-0.4490513787136257,0.6375609092896548
133.73,-0.44254823333004684,0.66214244285248
133.74,-0.4358085298565761,0.6848721161694864
133.75,-0.4288507910066571,0.7057543984005761
133.76,-0.42169344188856456,0.7248039858385025
133.77,-0.41435471128988705,0.7420450620773943
133.78,-0.40685254064701665,0.7575105090182429
133.79,-0.39920450110952216,0.7712410846462744
133.8,-0.3914277189540912,0.7832845825475492
133.81,-0.38353880945857116,0.7936949869255057
133.82,-0.375553819215581,0.8025316354958153
133.83,-0.3674881767486548,0.8098584011403336
133.84,-0.3593566511927743,0.8157429016439242
133.85,-0.35117331871577634,0.8202557452712016
133.86,-0.3429515362873503,0.8234698184064331
133.87,-0.33470392234764773,0.8254596200141793
133.88,-0.3264423438870668,0.8263006463084464
133.89000000000001,-0.3181779094214788,0.8260688277645841
133.9,-0.30992096733177504,0.8248400194846236
133.91,-0.3016811090317863,0.822689544940881
133.92000000000002,-0.29346717643295744,0.819691792276885
133.93,-0.28528727318624864,0.8159198616370673
133.94,-0.27714877920021613,0.8114452614217502
133.95,-0.2690583679578136,0.8063376509135799
133.96,-0.26102202618194453,0.8006646263855992
133.97,-0.25304507543010163,0.7944915475682911
133.98,-0.2451321952305787,0.7878814012111162
133.99,-0.23728744740587931,0.7808946984111149
134.0,-0.22951430126235642,0.7735894023850723
134.01,-0.22181565935817787,0.7660208834211115
134.02,-0.21419388359393418,0.7582418978496619
134.03,-0.20665082140118463,0.7503025880127553
134.04,-0.19918783183367905,0.7422505003757555
134.05,-0.1918058113936695,0.7341306191091183
134.06,-0.18450521945149667,0.7259854126629073
134.07,-0.17728610314041135,0.7178548910578294
134.08,-0.1701481216303401,0.7097766718187047
134.09,-0.16309056970403726,0.701786052675651
134.1,-0.15611240057682707,0.693916089351754
134.11,-0.1492122479170022,0.6861976769411835
134.12,-0.1423884470380034,0.6786596335568278
134.13,-0.13563905524586564,0.6713287850903422
134.14000000000001,-0.12896187133619658,0.6642300500792147
134.15,-0.12235445424428135,0.6573865238146472
134.16,-0.11581414085990363,0.6508195609506683
134.17000000000002,-0.10933806302526798,0.6445488559890352
134.18,-0.10292316374012292,0.6385925211165324
134.19,-0.09656621260293734,0.6329671609617288
134.2,-0.09026382052088835,0.6276879439177007
134.21,-0.08401245372458332,0.6227686697463561
134.22,-0.07780844712596123,0.6182218332395405
134.23,-0.07164801705979251,0.6140586837628081
134.24,-0.06552727345070507,0.6102892805503652
134.25,-0.05944223144878521,0.6069225436549722
134.26,-0.05338882257760562,0.6039663004853012
134.27,-0.04736290543907918,0.6014273278860379
134.28,-0.04136027601988486,0.5993113897336025
134.29,-0.03537667764440713,0.5976232700333973
134.3,-0.02940781061921691,0.5963668015135483
134.31,-0.023449341614136164,0.5955448897157962
134.32,-0.01749691282490099,0.5951595325870692
134.33,-0.011546150962394783,0.5952118355758289
134.34,-0.005592676113384413,0.5957020222360375
134.35,0.0003678894823259672,0.5966294403390415
134.36,0.006339912693396417,0.5979925634902401
134.37,0.01232774075213077,0.5997889882435701
134.38,0.01833569245826782,0.602015426703068
134.39000000000001,0.02436804928619213,0.6046676945974712
134.4,0.030429046350217242,0.6077406948114705
134.41,0.036522863182421546,0.6112283963563104
134.42000000000002,0.04265361427734346,0.6151238087633905
134.43,0.04882533935768936,0.6194189518878812
134.44,0.05504199331510108,0.6241048211156597
134.45,0.06130743578000255,0.6291713479766242
134.46,0.06762542027463356,0.6346073561812604
134.47,0.07399958290362775,0.6404005131158245
134.48,0.08043343053695004,0.6465372768553239
134.49,0.08693032844073423,0.6530028387832894
134.5,0.09349348731261584,0.6597810619438506
134.51,0.10012594967961125,0.6668544152956151
134.52,0.10683057561852814,0.6742039040890114
134.53,0.11361002776139148,0.6818089966498739
134.54,0.12046675555152563,0.6896475479228826
134.55,0.12740297871984912,0.697695720209711
134.56,0.13442066995571986,0.7059279016290714
134.57,0.14152153675243057,0.7143166229298881
134.58,0.1487070024143176,0.7228324734050291
134.59,0.15597818622053117,0.7314440167817187
134.6,0.163335882749952,0.7401177081060982
134.61,0.1707805403826531,0.7488178127932261
134.62,0.1783122390058165,0.7575063291796869
134.63,0.18593066696624683,0.7661429160930991
134.64000000000001,0.19363509732767847,0.7746848271398429
134.65,0.2014243635090437,0.783086853607443
134.66,0.20929683439982733,0.7913012780788029
134.67000000000002,0.21725038907061975,0.7992778410586489
134.68,0.2252823912210003,0.8069637231141626
134.69,0.233389663532903,0.8143035452269778
134.7,0.24156846212553987,0.8212393902366406
134.71,0.24981445133763583,0.8277108484194785
134.72,0.2581226790939295,0.8336550903836965
134.73,0.2664875531453098,0.8390069705625387
134.74,0.2749028185051803,0.8436991646425976
134.75,0.28336153643816175,0.8476623442630516
134.76,0.2918560653904413,0.8508253922522531
134.77,0.3003780442832068,0.8531156615186333
134.78,0.30891837862081395,0.8544592804711377
134.79,0.31746722989262954,0.8547815074983879
134.8,0.3260140087707817,0.8540071365741932
134.81,0.3345473726241134,0.852060955469971
134.82,0.34305522788018106,0.8488682573341414
134.83,0.3515247377707962,0.8443554055394668
134.84,0.35994233599097036,0.8384504507000301
134.85,0.36829374678479676,0.8310837976230243
134.86,0.37656401194343087,0.8221889186949306
134.87,0.3847375251586954,0.8117031088213504
134.88,0.3927980741198579,0.7995682755658425
134.89000000000001,0.40072889067001227,0.7857317565939997
134.9,0.40851270925173794,0.7701471549606227
134.91,0.41613183376922475,0.7527751812235977
134.92000000000002,0.4235682128762099,0.7335844898782701
134.93,0.43080352356679014,0.712552496237069
134.94,0.43781926280095124,0.6896661586917678
134.95,0.44459684674062544,0.6649227103535207
134.96,0.4511177170080216,0.6383303234322933
134.97,0.4573634532092713,0.6099086894533164
134.98,0.4633158907970879,0.5796894985684619
134.99,0.4689572431806405,0.5477168018502243
135.0,0.4742702268340924,0.5140472415875054
135.01,0.47923818801239065,0.47875013625161367
135.02,0.48384522955912473,0.4419074089646377
135.03,0.48807633619168345,0.40361335095620254
135.04,0.4919174965782488,0.3639742145916842
135.05,0.4953558204835171,0.32310763402574677
135.06,0.49837964925876377,0.28114187528873746
135.07,0.5009786579892919,0.23821492154030877
135.08,0.5031439476895699,0.19447340319988302
135.09,0.5048681260532896,0.15007138655248323
135.1,0.5061453754206197,0.10516903809221168
135.11,0.5069715068151338,0.05993118516799507
135.12,0.5073439991239795,0.014525796310226616
135.13,0.5072620227413384,-0.0308775931683117
135.14000000000001,0.5067264472606133,-0.0761094831773558
135.15,0.5057398330777912,-0.12100201056389784
135.16,0.5043064070493354,-0.16539052264690413
135.17000000000002,0.5024320226248532,-0.20911509547030524
135.18,0.5001241051399293,-0.25202197121035996
135.19,0.4973915832006461,-0.2939648913983736
135.2,0.49424480731196185,-0.33480630544232726
135.21,0.4906954570917995,-0.37441843724003365
135.22,0.4867564385671612,-0.41268419634487513
135.23,0.48244177316490205,-0.44949792403665034
135.24,0.4777664800864282,-0.4847659686257664
135.25,0.47274645379238667,-0.5184070882443269
135.26,0.4673983383215416,-0.5503526831280481
135.27,0.4617394001298257,-0.5805468628589331
135.28,0.45578740106436294,-0.6089463571297188
135.29,0.4495604729872313,-0.6355202812381575
135.3,0.4430769954395998,-0.660249769675648
135.31,0.43635547759371834,-0.6831274928165028
135.32,0.4294144455832697,-0.7041570728383892
135.33,0.4222723361369505,-0.7233524156274195
135.34,0.4149473972707212,-0.7407369755754455
135.35,0.4074575966254415,-0.7563429699077449
135.36,0.3998205378725663,-0.7702105585412978
135.37,0.39205338545461554,-0.782387004528117
135.38,0.38417279778200397,-0.7929258289482024
135.39000000000001,0.3761948688756515,-0.8018859727460784
135.4,0.36813507832708237,-0.8093309765143435
135.41,0.3600082493453646,-0.8153281876734747
135.42000000000002,0.35182851457361286,-0.819948002929479
135.43,0.34360928928677503,-0.823263152353127
135.44,0.33536325152655033,-0.8253480299522777
135.45,0.3271023286877295,-0.8262780742304625
135.46,0.31883769004194107,-0.8261292009614666
135.47,0.31057974466850014,-0.8249772892753566
135.48,0.3023381442564339,-0.8228977211543663
135.49,0.2941217902454128,-0.819964973580102
135.5,0.2859388447848319,-0.8162522618550292
135.51,0.27779674500831225,-0.8118312320359594
135.52,0.26970222014411277,-0.8067716999572674
135.53,0.26166131100916695,-0.8011414339768756
135.54,0.2536793914645753,-0.795005978337388
135.55,0.24576119144241923,-0.7884285138861125
135.56,0.23791082118685306,-0.7814697528289088
135.57,0.23013179638584105,-0.7741878641918232
135.58,0.22242706390301661,-0.7666384267198089
135.59,0.2147990278514449,-0.7588744060427124
135.6,0.20724957578216238,-0.750946153075278
135.61,0.19978010478993935,-0.7429014207812745
135.62,0.19239154736653688,-0.7347853966141399
135.63,0.1850843968576565,-0.7266407481409786
135.64000000000001,0.1778587324037173,-0.7185076795574894
135.65,0.17071424326650672,-0.7104239970036212
135.66,0.16365025246364487,-0.702425180789483
135.67000000000002,0.15666573965071706,-0.6945444628350818
135.68,0.14975936320694322,-0.6868129078133853
135.69,0.14292948149444934,-0.6792594966621974
135.7,0.13617417327369927,-0.6719112112950776
135.71,0.1294912572685478,-0.6647931194942345
135.72,0.12287831088381457,-0.6579284591085367
135.73,0.11633268808637705,-0.6513387208073954
135.74,0.10985153646766666,-0.6450437287564063
135.75,0.10343181351124892,-0.6390617186836356
135.76,0.09707030209399395,-0.6334094128967989
135.77,0.09076362525331295,-0.6281020918918792
135.78,0.08450826025615638,-0.6231536622636568
135.79,0.07830055200803983,-0.6185767206889126
135.8,0.07213672584237812,-0.6143826138044438
135.81,0.06601289973195094,-0.6105814938452637
135.82,0.05992509596547285,-0.6071823699442189
135.83,0.053869252333066574,-0.6041931550234452
135.84,0.047841232865003955,-0.6016207082313249
135.85,0.041836838168440076,-0.5994708728966026
135.86,0.0358518154070719,-0.597748509984673
135.87,0.029881867968746617,-0.596457527050409
135.88,0.02392266486606372,-0.5956009026878544
135.89000000000001,0.01796984991498953,-0.5951807064801682
135.9,0.012019050736460358,-0.5951981144539352
135.91,0.006065887625910827,-0.5956534200408552
135.92000000000002,0.00010598233564325442,-0.5965460405473451
135.93,-0.005865033185036074,-0.5978745191292102
135.94,-0.01185150804694095,-0.5996365222647417
135.95,-0.017857763630330908,-0.6018288327157858
135.96,-0.023888084701256664,-0.604447337962982
135.97,-0.029946710389590545,-0.6074870140989357
135.98,-0.03603782498323538,-0.6109419051620333
135.99,-0.04216554849283121,-0.6148050978944058
136.0,-0.04833392694112349,-0.6190686919106919
136.01,-0.05454692233104504,-0.6237237652702963
136.02,-0.06080840224652941,-0.628760335455297
136.03,-0.06712212904015098,-0.6341673157696193
136.04,-0.0734917485619218,-0.6399324671932038
136.05,-0.07992077838401505,-0.646042345748257
136.06,-0.08641259547688693,-0.6524822454639773
136.07,-0.0929704232932946,-0.659236137062133
136.08,-0.09959731821812959,-0.6662866025292172
136.09,-0.10629615534387894,-0.6736147657923868
136.1,-0.11306961353397733,-0.6812002197767961
136.11,-0.11992015973941487,-0.689020950191951
136.12,-0.12685003253781635,-0.6970532564751
136.13,-0.13386122486891686,-0.7052716704111313
136.14000000000001,-0.14095546594603897,-0.7136488730515204
136.15,-0.14813420232994726,-0.7221556106700916
136.16,-0.1553985781594408,-0.7307606106210718
136.17000000000002,-0.16274941454236871,-0.7394304981052363
136.18,-0.17018718812154554,-0.7481297150027937
136.19,-0.17771200884242458,-0.7568204420966179
136.2,-0.1853235969634779,-0.765462526185692
136.21,-0.19302125936613843,-0.7740134137749268
136.22,-0.20080386523897642,-0.7824280932220895
136.23,-0.2086698212305802,-0.7906590474229742
136.24,-0.21661704618743588,-0.7986562193190665
136.25,-0.2246429456169615,-0.8063669927138492
136.26,-0.23274438604171285,-0.8137361910798045
136.27,-0.2409176694385576,-0.8207060972223009
136.28,-0.2491585079861589,-0.8272164968321675
136.29,-0.257461999375201,-0.8332047490981005
136.3,-0.2658226029681209,-0.8386058876542335
136.31,-0.2742341171282856,-0.8433527551974597
136.32,-0.28268965807207,-0.8473761751126947
136.33,-0.2911816406305395,-0.8506051633807239
136.34,-0.2997017613396845,-0.8529671839006108
136.35,-0.3082409843085517,-0.8543884501246629
136.36,-0.3167895303421777,-0.8547942755666073
136.37,-0.32533686981988374,-0.8541094752915985
136.38,-0.3338717198480097,-0.8522588199198964
136.39000000000001,-0.3423820462182817,-0.8491675429663553
136.4,-0.35085507070733685,-0.8447619014898701
136.41,-0.35927728424807914,-0.8389697890387313
136.42000000000002,-0.36763446648811143,-0.831721398751972
136.43,-0.37591171222311853,-0.8229499332209941
136.44,-0.3840934651525313,-0.8125923563438838
136.45,-0.3921635593499962,-0.8005901809373971
136.46,-0.4001052687712792,-0.7868902843364495
136.47,-0.4079013650367252,-0.771445742643421
136.48,-0.4155341836241477,-0.7542166727324782
136.49,-0.4229856984913748,-0.7351710696172292
136.5,-0.4302376050164923,-0.7142856254092643
136.51,-0.43727141099956013,-0.6915465148910829
136.52,-0.444068535314314,-0.66695013176292
136.53,-0.4506104136348186,-0.6405037589627289
136.54,-0.4568786104935686,-0.6122261561632155
136.55,-0.46285493675808287,-0.5821480476746714
136.56,-0.46852157144706197,-0.5503124945735595
136.57,-0.473861186649554,-0.5167751359677358
136.58,-0.47885707416641665,-0.4816042859172187
136.59,-0.48349327236789835,-0.44488087465296033
136.6,-0.4877546916594758,-0.4066982253524862
136.61,-0.491627236874948,-0.3671616607954128
136.62,-0.49509792487538407,-0.3263879376660418
136.63,-0.4981549956282688,-0.28450451000522053
136.64000000000001,-0.5007880150754884,-0.24164862723111047
136.65,-0.5029879681728909,-0.19796627612469492
136.66,-0.5047473405979822,-0.15361098007662033
136.67000000000002,-0.5060601877744233,-0.10874247257857558
136.68,-0.5069221900495536,-0.06352526527815625
136.69,-0.5073306930799864,-0.01812713377314166
136.70000000000002,-0.5072847327250164,0.027282453413095716
136.71,-0.5067850440117244,0.07253393564964394
136.72,-0.5058340540120235,0.11745926294701732
136.73,-0.5044358587527841,0.1618934727182118
136.74,-0.5025961845576593,0.20567621335995084
136.75,-0.500322334485585,0.24865318894250354
136.76,-0.49762312077880927,0.29067750146979293
136.77,-0.4945087844561892,0.3316108699504924
136.78,-0.4909909033797994,0.37132470879574253
136.79,-0.4870822902802743,0.40970105170393745
136.8,-0.4827968823457206,0.4466333110718539
136.81,-0.4781496240588372,0.4820268669453965
136.82,-0.4731563450068127,0.5157994834572142
136.83,-0.46783363438969294,0.5478815544668695
136.84,-0.46219871391747536,0.5782161836113161
136.85,-0.4562693107174666,0.6067591070970315
136.86,-0.45006353177553465,0.6334784702493651
136.87,-0.4435997413124793,0.6583544710311472
136.88,-0.4368964423549117,0.6813788854255395
136.89000000000001,-0.4299721636039685,0.7025544907430079
136.9,-0.42284535254005157,0.7218944035739774
136.91,-0.415534275532489,0.7394213492984764
136.92000000000002,-0.4080569255540821,0.7551668798263742
136.93,-0.4004309379359615,0.7691705556308936
136.94,-0.3926735144414642,0.7814791072144525
136.95000000000002,-0.3848013557916725,0.7921455899730291
136.96,-0.37683060264200363,0.8012285450667013
136.97,-0.36877678489033844,0.8087911774208909
136.98,-0.3606547790935858,0.8149005604317953
136.99,-0.3524787736817025,0.8196268753812437
137.0,-0.34426224158596086,0.8230426920246167
137.01,-0.33601791984121016,0.8252222953369117
137.02,-0.32775779567922264,0.8262410620154149
137.03,-0.31949309860090186,0.8261748890643005
137.04,-0.3112342978979366,0.8250996756415985
137.05,-0.30299110508806987,0.8230908583408887
137.06,-0.29477248073111884,0.8202229992120336
137.07,-0.2865866451038292,0.8165694250959532
137.08,-0.27844109222919977,0.8122019162528908
137.09,-0.27034260677877137,0.8071904417940434
137.1,-0.2622972833933189,0.8016029390730117
137.11,-0.2543105479973112,0.79550513394504
137.12,-0.24638718071441812,0.7889603986465256
137.13,-0.23853134002438064,0.782029643972598
137.14000000000001,-0.23074658783496615,0.7747712424246337
137.15,-0.22303591517588794,0.7672409790508441
137.16,-0.21540176825394927,0.7594920268007294
137.17000000000002,-0.2078460746398734,0.7515749433482591
137.18,-0.2003702693869841,0.7435376865001628
137.19,-0.19297532090987016,0.7354256454867805
137.20000000000002,-0.1856617564772485,0.7272816856266066
137.21,-0.178429687197338,0.7191462040560924
137.22,-0.17127883239612665,0.7110571944185404
137.23,-0.1642085433089672,0.7030503186059628
137.24,-0.15721782602400738,0.6951589838423713
137.25,-0.15030536363211974,0.6874144235836134
137.26,-0.1434695375523351,0.6798457808856926
137.27,-0.1367084480144059,0.6724801930591857
137.28,-0.1300199336911514,0.6653428765810349
137.29,-0.1234015904827852,0.6584572113762154
137.3,-0.11685078946362709,0.6518448237103767
137.31,-0.11036469400857768,0.6455256670506632
137.32,-0.10394027612261383,0.6395181003558822
137.33,-0.09757433200146004,0.6338389633494331
137.34,-0.09126349685562517,0.6285036484095656
137.35,-0.08500425903326872,0.6235261687822691
137.36,-0.07879297347997978,0.6189192228831106
137.37,-0.07262587457560651,0.6146942545063886
137.38,-0.06649908838985201,0.610861508803841
137.39000000000001,-0.06040864439952969,0.6074300839315484
137.4,-0.054350486711221044,0.6044079782933606
137.41,-0.04832048483366248,0.6018021333328829
137.42000000000002,-0.04231444404456339,0.5996184718444265
137.43,-0.036328115396773955,0.5978619317870267
137.44,-0.030357205408822852,0.5965364955953045
137.45000000000002,-0.024397385484867862,0.5956452149871287
137.46,-0.018444301109080276,0.5951902312713141
137.47,-0.01249358085944158,0.5951727911594971
137.48,-0.006540845285890333,0.5955932580853426
137.49,-0.0005817156977347269,0.5964511190318476
137.5,0.005388177094746619,0.5977449868641935
137.51,0.011373184039549143,0.5994725981618098
137.52,0.017377629057982815,0.6016308065394833
137.53,0.023405800170338813,0.6042155714439452
137.54,0.029461940486861724,0.6072219424098496
137.55,0.03555023901853581,0.6106440387578684
137.56,0.041674821262019095,0.6144750247182507
137.57,0.047839739512900825,0.6187070799661523
137.58,0.05404896286134214,0.6233313655608193
137.59,0.060306366824117205,0.6283379852898655
137.6,0.06661572256713945,0.6337159424330311
137.61,0.07298068567277784,0.639453091977501
137.62,0.07940478440668948,0.6455360883397795
137.63,0.08589140743957342,0.6519503286779387
137.64000000000001,0.09244379098024824,0.658679891913463
137.65,0.09906500527784268,0.6657074736246416
137.66,0.10575794045274106,0.6730143170242866
137.67000000000002,0.1125252916183284,0.6805801402941932
137.68,0.11936954325862492,0.6883830606179807
137.69,0.126292952830688,0.6963995153335047
137.70000000000002,0.133297533565295,0.7046041807165568
137.71,0.14038503644501912,0.7129698890096948
137.72,0.1475569313454889,0.721467544424295
137.73,0.15481438733350503,0.7300660389706083
137.74,0.16215825212490106,0.7387321691099195
137.75,0.16958903071570344,0.7474305543747687
137.76,0.17710686321239646,0.7561235592672104
137.77,0.18471150190104765,0.7647712199204718
137.78,0.19240228761080588,0.7733311771949313
137.79,0.20017812544494626,0.7817586180733309
137.8,0.2080374599722725,0.7900062274201706
137.81,0.21597824999334966,0.7980241523732615
137.82,0.22399794301973772,0.8057599818375938
137.83,0.23209344963010153,0.813158743748245
137.84,0.24026111789470264,0.8201629229543678
137.85,0.24849670808918892,0.8267125027436837
137.86,0.2567953679495763,0.8327450331686502
137.87,0.26515160875256194,0.8381957294428224
137.88,0.27355928253843276,0.842997603739182
137.89000000000001,0.2820115608273456,0.8470816337306636
137.9,0.29050091521304605,0.850376971155377
137.91,0.2990191002504531,0.8528111935531519
137.92000000000002,0.3075571390841091,0.8543106020937975
137.93,0.3161053122923291,0.8548005680888322
137.94,0.3246531504458857,0.8542059303359891
137.95000000000002,0.33318943089904884,0.8524514448793246
137.96,0.34170217934347225,0.8494622880689402
137.97,0.3501786766604277,0.84516461296753
137.98,0.35860547160282286,0.839486158173955
137.99,0.36696839982390683,0.8323569070189828
138.0,0.37525260974320257,0.8237097938425116
138.01,0.3834425957007571,0.8134814526983392
138.02,0.3915222387971694,0.8016130023718223
138.03,0.3994748557481936,0.7880508600648413
138.04,0.40728325599846626,0.7727475745360605
138.05,0.4149298072389148,0.7556626679247825
138.06,0.42239650935696194,0.7367634739829843
138.07,0.4296650767185745,0.716025959047883
138.08,0.4367170285379196,0.6934355108668605
138.09,0.4435337869359117,0.6689876794009944
138.1,0.4500967821259395,0.6426888530465789
138.11,0.4563875639968433,0.6145568533872897
138.12,0.46238791919368527,0.5846214316790228
138.13,0.46807999263042377,0.5529246508218894
138.14000000000001,0.47344641221012307,0.51952113762391
138.15,0.4784704153829019,0.48447819172737316
138.16,0.48313597604467046,0.4478757396516656
138.17000000000002,0.4874279301759352,0.40980612498469904
138.18,0.4913320985443645,0.37037372878558084
138.19,0.4948354047516469,0.32969441767797075
138.20000000000002,0.49792598689792394,0.28789482082905704
138.21,0.500593301168228,0.2451114409163322
138.22,0.5028282157162506,0.2014896081607
138.23,0.5046230933314421,0.1571822904163558
138.24,0.5059718615245777,0.11234877601676271
138.25,0.5068700688517773,0.06715324944476532
138.26,0.507314926513473,0.021763282794591547
138.27,0.5073053345076691,-0.023651731689709354
138.28,0.5068418918796788,-0.06892218107379688
138.29,0.5059268908861931,-0.11387983536635066
138.3,0.5045642951723518,-0.15835942738268155
138.31,0.5027597023385395,-0.2022001815600729
138.32,0.5005202915411503,-0.24524726586810386
138.33,0.49785475702117743,-0.2873531430779634
138.34,0.49477322867959106,-0.32837880038906
138.35,0.49128718101339625,-0.3681948396509545
138.36,0.48740933188657193,-0.4066824140387895
138.37,0.48315353273262046,-0.44373400090561965
138.38,0.47853465186845956,-0.4792540045065231
138.39000000000001,0.47356845264249,-0.5131591862313658
138.4,0.46827146814383225,-0.5453789237690901
138.41,0.4626608741671082,-0.5758553041442827
138.42000000000002,0.4567543620609466,-0.6045430587227746
138.43,0.45057001299265276,-0.6314093510045098
138.44,0.44412617504085644,-0.6564334302587015
138.45000000000002,0.4374413443874787,-0.6796061657807796
138.46,0.4305340517252409,-0.7009294777566933
138.47,0.42342275483234487,-0.720415681421148
138.48,0.4161257380968179,-0.7380867614223849
138.49,0.40866101960389717,-0.7539735931007305
138.5,0.4010462662348033,-0.7681151268049217
138.51,0.39329871706779873,-0.7805575504692943
138.52,0.3854351152254174,-0.7913534445196417
138.53,0.37747164817740586,-0.8005609418295632
138.54,0.3694238963888261,-0.8082429039738143
138.55,0.36130679009792954,-0.8144661234775907
138.56,0.3531345739192742,-0.819300560192089
138.57,0.34492077889408773,-0.8228186183815114
138.58,0.336678201551644,-0.8250944696219078
138.59,0.3284188895016496,-0.8262034252173619
138.6,0.3201541330472968,-0.8262213605561889
138.61,0.3118944622905258,-0.8252241926742515
138.62,0.30364964919381177,-0.8232874112732818
138.63,0.2954287140650602,-0.8204856625628443
138.64000000000001,0.2872399359425549,-0.8168923845542868
138.65,0.2790908663739745,-0.8125794918290159
138.66,0.2709883461059746,-0.8076171073241288
138.67000000000002,0.262938524227492,-0.8020733383161015
138.68,0.25494687933965265,-0.7960140935267809
138.69,0.24701824235695638,-0.7895029381134596
138.70000000000002,0.23915682057738347,-0.7826009832240983
138.71,0.23136622269247442,-0.7753668067877575
138.72,0.2236494844416283,-0.7678564022574185
138.73,0.21600909464732604,-0.7601231521166828
138.74,0.20844702139929466,-0.7522178230933385
138.75,0.2009647381854593,-0.7441885801824217
138.76,0.1935632497956462,-0.7360810167611671
138.77,0.18624311785023592,-0.7279381982711464
138.78,0.17900448583022327,-0.7198007171429802
138.79,0.1718471035073763,-0.7117067568412935
138.8,0.1647703506933974,-0.7036921631079286
138.81,0.15777326024521776,-0.6957905206765636
138.82,0.15085454027986614,-0.688033233919248
138.83,0.1440125955668328,-0.6804496100630338
138.84,0.13724554807860548,-0.6730669437814707
138.85,0.1305512566912034,-0.6659106021204085
138.86,0.12392733603619731,-0.6590041088597586
138.87,0.11737117451400823,-0.6523692275424701
138.88,0.11087995148534793,-0.6460260425190975
138.89000000000001,0.1044506536636263,-0.6399930374612326
138.9,0.09808009073612328,-0.6342871708902406
138.91,0.09176491024582148,-0.6289239483497728
138.92000000000002,0.08550161176912782,-0.6239174909220567
138.93,0.07928656042738035,-0.6192805998497253
138.94,0.07311599977213332,-0.6150248170777086
138.95000000000002,0.06698606408582618,-0.6111604815741903
138.96,0.06089279014064951,-0.6076967813266011
138.97,0.05483212845929415,-0.604641800938842
138.98,0.04879995412187267,-0.6020025647800704
138.99,0.042792077163692745,-0.5997850756541553
139.0,0.03680425260878956,-0.5979943489729709
139.01,0.030832190184233325,-0.596634442426656
139.02,0.024871563760256444,-0.5957084811504153
139.03,0.018918020561225022,-0.5952186783909248
139.04,0.01296719019243795,-0.5951663516764845
139.05,0.007014693527695333,-0.595551934494207
139.06,0.0010561515025538104,-0.5963749834752322
139.07,-0.004912806141809311,-0.5976341810857156
139.08,-0.010896532119160505,-0.5993273338175578
139.09,-0.01689935281816047,-0.6014513658690004
139.1,-0.022925559436540514,-0.6040023083017808
139.11,-0.028979398984196086,-0.6069752836589136
139.12,-0.03506506510971878,-0.610364486025858
139.13,-0.04118668870471324,-0.6141631565183078
139.14000000000001,-0.04734832824008493,-0.6183635541825798
139.15,-0.05355395978836484,-0.6229569223001094
139.16,-0.05980746668608713,-0.6279334500964482
139.17000000000002,-0.06611262879029381,-0.6332822298679516
139.18,-0.07247311128344616,-0.6389912095566501
139.19,-0.0788924529814268,-0.6450471408262975
139.20000000000002,-0.0853740540999721,-0.6514355227208979
139.21,-0.09192116343584475,-0.658140541021871
139.22,-0.09853686492040951,-0.6651450034621549
139.23,-0.10522406350508784,-0.6724302710056821
139.24,-0.11198547034052315,-0.6799761854595849
139.25,-0.11882358721427955,-0.687760993754926
139.26,-0.12574069021562168,-0.6957612693104525
139.27,-0.1327388126004886,-0.7039518309835058
139.28,-0.13981972683529179,-0.7123056602134077
139.29,-0.14698492580475675,-0.7207938170759155
139.3,-0.1542356031768101,-0.7293853560930348
139.31,-0.16157263292661744,-0.7380472427807899
139.32,-0.1689965480324259,-0.7467442720684405
139.33,-0.17650751836798625,-0.7554389898856931
139.34,-0.18410532783013975,-0.7640916193889825
139.35,-0.1917893507557659,-0.7726599934827201
139.36,-0.19955852769979415,-0.7810994954847916
139.37,-0.2074113406654617,-0.7893630099852472
139.38,-0.2153457878994991,-0.7974008861500581
139.39000000000001,-0.22335935838846288,-0.80516091592421
139.4,-0.2314490062179833,-0.8125883297856078
139.41,-0.23961112498417506,-0.8196258128877153
139.42000000000002,-0.2478415224757376,-0.8262135445979155
139.43,-0.2561353958761333,-0.8322892645826522
139.44,-0.2644873077673906,-0.837788368700848
139.45000000000002,-0.2728911632501503,-0.8426440380342048
139.46,-0.28134018852807474,-0.8467874043961922
139.47,-0.28982691133807414,-0.8501477556094917
139.48,-0.2983431436402646,-0.8526527837124097
139.49,-0.3068799670123224,-0.8542288790361423
139.5,-0.31542772122098744,-0.8548014727746885
139.51,-0.32397599646781616,-0.8542954302361585
139.52,-0.33251362982571064,-0.8526354964079069
139.53,-0.34102870639597427,-0.8497467947798368
139.54,-0.34950856572130734,-0.8455553795444822
139.55,-0.3579398139868639,-0.839988840326564
139.56,-0.36630834252783867,-0.8329769574903906
139.57,-0.37459935313667175,-0.8244524048376238
139.58,-0.3827973906245911,-0.8143514951533309
139.59,-0.3908863830397384,-0.8026149626043604
139.6,-0.39884968987667835,-0.78918877446755
139.61,-0.4066701585290894,-0.774024963100222
139.62,-0.4143301891386828,-0.7570824675034825
139.63,-0.42181180787915906,-0.7383279723187661
139.64000000000001,-0.4290967485850581,-0.7177367306948408
139.65,-0.4361665424930558,-0.6952933562260913
139.66,-0.4430026157095799,-0.6709925681563804
139.67000000000002,-0.44958639385618343,-0.6448398733299592
139.68,-0.4558994131761791,-0.61685216801351
139.69,-0.4619234372164536,-0.5870582427679664
139.70000000000002,-0.4676405780315384,-0.5554991740630726
139.71,-0.4730334206977151,-0.5222285873373691
139.72,-0.4780851497782858,-0.48731277773154713
139.73,-0.482779676252346,-0.4508306767655091
139.74,-0.48710176331359595,-0.4128736557698171
139.75,-0.49103714936774234,-0.37354515987901027
139.76,-0.4945726665111762,-0.3329601697833796
139.77,-0.49769635276341,-0.2912444921312738
139.78,-0.5003975563538018,-0.24853388337034998
139.79,-0.5026670304308171,-0.2049730157918146
139.8,-0.504497016669638,-0.16071429846373358
139.81,-0.5058813164000917,-0.11591656946951104
139.82,-0.5068153480590283,-0.07074367926814766
139.83,-0.5072961899854547,-0.02536298793413895
139.84,-0.5073226078177111,0.020056198598455456
139.85,-0.5068950660134857,0.06534422646585777
139.86,-0.506015723288394,0.11033269819725669
139.87,-0.5046884120495405,0.15485605546761488
139.88,-0.5029186021790417,0.19875311292124473
139.89000000000001,-0.5007133497911157,0.24186851707037704
139.9,-0.4980812318376342,0.28405410634110584
139.91,-0.49503226766429353,0.32517015102845676
139.92000000000002,-0.491577828817065,0.36508645512637483
139.93,-0.48773053856176607,0.40368330559326626
139.94,-0.48350416270519975,0.44085225846460135
139.95000000000002,-0.478913493392474,0.4764967551921606
139.96,-0.4739742276013565,0.5105325665385957
139.97,-0.4687028420617021,0.5428880651586376
139.98,-0.46311646629818376,0.5735043315410795
139.99,-0.45723275543088054,0.6023351011732616
140.0,-0.4510697642747185,0.629346563547821
140.01,-0.4446458241599241,0.654517025907944
140.02,-0.4379794237565597,0.6778364563929234
140.03,-0.4310890950320657,0.6993059224927071
140.04,-0.4239933053067056,0.7189369414602537
140.05,-0.4167103562028607,0.736750759592741
140.06,-0.40925829011485076,0.7527775771196212
140.07,-0.4016548046604682,0.7670557348801161
140.08,-0.3939171754172484,0.7796308780946988
140.09,-0.3860621870985742,0.7905551113976529
140.1,-0.37810607318929534,0.7998861579646517
140.11,-0.37006446393928116,0.8076865341020804
140.12,-0.3619523425072537,0.8140227491210229
140.13,-0.3537840089568607,0.8189645387502095
140.14000000000001,-0.3455730517322495,0.8225841387937355
140.15,-0.33733232618098596,0.8249556042486296
140.16,-0.32907393964727694,0.8261541776944562
140.17000000000002,-0.32080924262709687,0.8262557094747689
140.18,-0.31254882545778156,0.8253361310241788
140.19,-0.3043025200066133,0.8234709816646014
140.20000000000002,-0.2960794058244895,0.82073498830387
140.21,-0.2878878202405359,0.8172016967187363
140.22,-0.27973537189011477,0.812943152487888
140.23,-0.27162895719077806,0.8080296291515867
140.24,-0.263574779307083,0.8025294008033258
140.25,-0.25557836917471155,0.7965085560544977
140.26,-0.24764460818599304,0.7900308501435864
140.27,-0.2397777521718398,0.7831575918746536
140.28,-0.23198145634849998,0.7759475620537916
140.29,-0.224258800930764,0.7684569601351383
140.3,-0.21661231714579723,0.760739375878997
140.31,-0.20904401341318407,0.7528457829534946
140.32,-0.20155540148672732,0.7448245515689405
140.33,-0.19414752238180524,0.7367214774124728
140.34,-0.18682097193847788,0.7285798243426763
140.35,-0.17957592589495172,0.7204403785035777
140.36,-0.1724121643684063,0.7123415117196857
140.37,-0.165329095660558,0.7043192522343676
140.38,-0.15832577932371897,0.6964073610495158
140.39000000000001,-0.15140094843956767,0.6886374123125085
140.4,-0.14455303107746875,0.6810388763749472
140.41,-0.1377801709120687,0.6736392043151868
140.42000000000002,-0.13108024699116502,0.6664639128722929
140.43,-0.12445089265462285,0.6595366688822676
140.44,-0.11788951361351968,0.6528793724380062
140.45000000000002,-0.11139330520586274,0.6465122381125298
140.46,-0.10495926885126909,0.6404538736908874
140.47,-0.098584227732045,0.6347213559502181
140.48,-0.09226484173226474,0.6293303031103332
140.49,-0.08599762166983833,0.6242949436495207
140.5,-0.07977894285927431,0.6196281812427866
140.51,-0.07360505804498259,0.6153416556331925
140.52,-0.06747210974661046,0.6114457992920511
140.53,-0.06137614205914156,0.6079498897612865
140.54,-0.055313111951384726,0.6048620976019916
140.55,-0.04927890010710173,0.6021895298978116
140.56,-0.04326932135342849,0.599938269280955
140.57,-0.03728013472148262,0.5981134084630535
140.58,-0.03130705318416741,0.596719080263349
140.59,-0.02534575311621564,0.595758483133381
140.6,-0.01939188352149979,0.5952339021810753
140.61,-0.013441075072594136,0.5951467256983638
140.62,-0.007488949007532515,0.5954974571957476
140.63,-0.0015311259286791825,0.5962857229450332
140.64000000000001,0.004436765451368149,0.597510275028265
140.65,0.010419079571886118,0.5991689898871271
140.66,0.01642014524911069,0.6012588623632477
140.67000000000002,0.02244425681915107,0.603775995216338
140.68,0.028495665153437447,0.6067155841043949
140.69,0.034578568501238964,0.610071898008778
140.70000000000002,0.040697103113613006,0.6138382550872742
140.71,0.046855333602984446,0.6180069939407996
140.72,0.053057242992429,0.6225694402846963
140.73,0.059306722408678375,0.6275158690241626
140.74,0.06560756037291225,0.6328354617458128
140.75,0.07196343164359464,0.6385162596542997
140.76,0.07837788556599826,0.6445451120049751
140.77,0.08485433388369415,0.6509076201113955
140.78,0.09139603796822618,0.6575880770407778
140.79,0.0980060954245097,0.6645694031520468
140.8,0.10468742603126711,0.6718330776805821
140.81,0.11144275697812137,0.6793590666319589
140.82,0.1182746073639063,0.6871257473146388
140.83,0.12518527192441414,0.6951098299194125
140.84,0.13217680396229456,0.7032862766421281
140.85,0.13925099745725672,0.7116282189465007
140.86,0.1464093683412246,0.7201068736760734
140.87,0.1536531349307782,0.7286914588490885
140.88,0.16098319751820636,0.7373491101073499
140.89000000000001,0.1684001171329252,0.7460447989400295
140.9,0.17590409349700695,0.75474125396548
140.91,0.18349494221223478,0.7633988867277779
140.92000000000002,0.1911720712315625,0.7719757236487595
140.93,0.19893445668520998,0.7804273459690884
140.94,0.20678061815094428,0.7887068397111662
140.95000000000002,0.21470859347943333,0.7967647578994879
140.96,0.22271591330893406,0.8045490974766312
140.97,0.23079957542896595,0.8120052935509062
140.98,0.23895601917995216,0.8190762337992094
140.99,0.24718110010495012,0.8257022960193512
141.0,0.2554700651003392,0.831821411972511
141.01,0.26381752834440036,0.8373691607699363
141.02,0.2722174483157379,0.8422788951289576
141.03,0.2806631062469795,0.8464819038413169
141.04,0.28914708639256426,0.8499076137504141
141.05,0.29766125852198777,0.8524838344114531
141.06,0.3061967630807933,0.8541370483974335
141.07,0.3147439994899365,0.8547927499024
141.08,0.32329261807884135,0.8543758338697494
141.09,0.3318315161673315,0.8528110373272733
141.1,0.3403488388253868,0.850023433933341
141.11,0.34883198484599826,0.8459389819240354
141.12,0.3572676184638675,0.8404851246963511
141.13,0.3656416873399253,0.8335914421691452
141.14000000000001,0.3739394473072504,0.825190349837805
141.15,0.38214549433668143,0.815217841092875
141.16,0.3902438041291079,0.8036142669260709
141.17000000000002,0.39821777967520283,0.7903251456252289
141.18,0.40605030704161255,0.7753019934963326
141.19,0.4137238195451295,0.7585031660868768
141.20000000000002,0.42122037036335,0.739894697868651
141.21,0.42852171350250245,0.7194511269240979
141.22,0.4356093929018319,0.697156289928375
141.23,0.44246483930106995,0.6730040716919785
141.24,0.4490694743356715,0.6469990927901452
141.25,0.45540482115687286,0.619157318417263
141.26,0.46145262070401677,0.5895065716242216
141.27,0.4671949525893573,0.5580869345726828
141.28,0.4726143593954704,0.5249510224093722
141.29,0.4776939730375447,0.49016411584718744
141.3,0.48241764171241414,0.45380414054135954
141.31,0.48677005584837185,0.4159614838506367
141.32,0.49073687138942684,0.3767386425358059
141.33,0.494304828699088,0.33624969830847146
141.34,0.4974618653555963,0.2946196218176243
141.35,0.5001972211354404,0.25198340954609805
141.36,0.5025015335465182,0.20848506206306394
141.37,0.5043669223767017,0.16427641601009804
141.38,0.5057870618667202,0.11951584594884901
141.39000000000001,0.5067572392956787,0.07436685563012455
141.4,0.5072743989793227,0.028996581226679856
141.41,0.5073371709202124,-0.016425768511578953
141.42000000000002,0.5069458836090912,-0.06173050846743279
141.43,0.5061025607508638,-0.10674908199860703
141.44,0.5048109019691192,-0.15131564643528322
141.45000000000002,0.5030762478221582,-0.19526861179674862
141.46,0.5009055297331841,-0.23845210659548166
141.47,0.4983072056902485,-0.2807173466114919
141.48,0.4952911828009543,-0.32192388516304427
141.49,0.4918687279869876,-0.3619407265671386
141.5,0.4880523682696115,-0.4006472880515493
141.51,0.48385578222595665,-0.4379341992157143
141.52,0.4792936842852973,-0.4737039321015475
141.53,0.47438170358392573,-0.5078712588906963
141.54,0.46913625910748336,-0.5403635380635302
141.55,0.4635744328226551,-0.5711208334224955
141.56,0.4577138424390334,-0.6000958736015157
141.57,0.45157251535062476,-0.627253862477728
141.58,0.44516876518947884,-0.6525721532182254
141.59,0.4385210722862603,-0.6760398005014664
141.6,0.4316479691794496,-0.6976570067412056
141.61,0.42456793215143623,-0.717434478920609
141.62,0.4172992796010374,-0.7353927129432659
141.63,0.4098600778925709,-0.75156122226776
141.64000000000001,0.4022680551556822,-0.7659777270655086
141.65,0.3945405233512607,-0.7786873192870479
141.66,0.38669430876994126,-0.7897416179028901
141.67000000000002,0.37874569099320293,-0.7991979272652673
141.68,0.37071035022463594,-0.8071184100784052
141.69,0.3626033227916349,-0.8135692849253126
141.70000000000002,0.3544389645261297,-0.8186200567306768
141.71,0.34623092165702135,-0.822342786987877
141.72,0.33799210878637215,-0.8248114090815732
141.73,0.32973469347538986,-0.8261010926264767
141.74,0.32147008693384266,-0.8262876594410207
141.75,0.3132089402865695,-0.8254470525980786
141.76,0.3049611458818811,-0.8236548589535811
141.77,0.2967358431074979,-0.8209858846522964
141.78,0.28854142818883516,-0.8175137823478483
141.79,0.2803855674605409,-0.8133107282471171
141.8,0.2722752136238928,-0.8084471465902741
141.81,0.2642166245287354,-0.8029914787974631
141.82,0.25621538404794353,-0.7970099942406257
141.83,0.24827642464392288,-0.7905666394223323
141.84,0.24040405125949688,-0.7837229222505695
141.85,0.2326019661989115,-0.7765378280771298
141.86,0.2248732946979543,-0.7690677642058554
141.87,0.2172206109147944,-0.7613665296644735
141.88,0.20964596410466485,-0.75348530715998
141.89000000000001,0.2021509047715948,-0.7454726742932488
141.9,0.19473651061879987,-0.7373746312855839
141.91,0.18740341214588313,-0.7292346426611845
141.92000000000002,0.1801518177655762,-0.7210936905287942
141.93,0.17298153833530724,-0.7129903373080203
141.94,0.16589201101941578,-0.70496079594672
141.95000000000002,0.15888232241637285,-0.6970390058719984
141.96,0.1519512309019758,-0.6892567131060968
141.97,0.1450971881542509,-0.6816435531577765
141.98,0.13831835983882027,-0.6742271354682297
141.99,0.1316126454448863,-0.6670331283471508
142.0,0.12497769727187724,-0.6600853434788174
142.01,0.11841093857530995,-0.6534058192096536
142.02,0.11190958088768418,-0.6470149019478244
142.03,0.10547064053635347,-0.6409313251122267
142.04,0.09909095438543965,-0.6351722851632536
142.05,0.0927671948330884,-0.6297535143314603
142.06,0.08649588409881045,-0.6246893497334073
142.07,0.08027340783842027,-0.6199927986272449
142.08,0.07409602812626556,-0.6156755996147278
142.09,0.06795989584612572,-0.6117482796420961
142.1,0.06186106253342365,-0.6082202066903902
142.11,0.055795491712317916,-0.605099638077002
142.12,0.04975906977188361,-0.6023937643153185
142.13,0.04374761642601154,-0.6001087484989204
142.14000000000001,0.0377568948019052,-0.5982497611915506
142.15,0.031782621202180526,-0.5968210108146415
142.16,0.02582047458561237,-0.5958257695311618
142.17000000000002,0.01986610581155729,-0.5952663946284753
142.18,0.013915146693042864,-0.5951443454043096
142.19,0.007963218903471096,-0.5954601955593761
142.20000000000002,0.0020059427818553397,-0.5962136410980776
142.21,-0.0039610539184904555,-0.5974035037356024
142.22,-0.009942127292856708,-0.5990277298059965
142.23,-0.01594160851461039,-0.6010833846619408
142.24,-0.021963794986095523,-0.6035666425534174
142.25,-0.028012941365678737,-0.6064727719696786
142.26,-0.0340932504254891,-0.6097961164273829
142.27,-0.040208863694226396,-0.6135300706879162
142.28,-0.046363851839247426,-0.6176670523892575
142.29,-0.05256220474201155,-0.6221984690828126
142.3,-0.05880782122090368,-0.6271146806739489
142.31,-0.06510449835549052,-0.6324049572770799
142.32,-0.07145592036644528,-0.6380574325127212
142.33,-0.07786564700574496,-0.6440590522955454
142.34,-0.08433710141235619,-0.6503955191898015
142.35,-0.09087355738954099,-0.6570512324422457
142.36,-0.09747812606120111,-0.6640092238436456
142.37,-0.10415374186641391,-0.6712510896187328
142.38,-0.11090314785357577,-0.6787569186019579
142.39000000000001,-0.11772888023845307,-0.6865052170232719
142.4,-0.12463325219404121,-0.6944728303051696
142.41,-0.13161833684455645,-0.7026348623600885
142.42000000000002,-0.13868594944124296,-0.7109645929765713
142.43,-0.14583762870408787,-0.7194333939939005
142.44,-0.153074617321121,-0.7280106450886291
142.45000000000002,-0.16039784160586046,-0.7366636501327296
142.46,-0.16780789032377558,-0.7453575552319676
142.47,-0.17530499271049982,-0.7540552697142849
142.48,-0.18288899571806128,-0.762717391510739
142.49,-0.1905593405407146,-0.7713021385548158
142.5,-0.1983150384891576,-0.7797652880181022
142.51,-0.20615464630107666,-0.7880601253991519
142.52,-0.21407624099714065,-0.7961374056850121
142.53,-0.22207739441477692,-0.8039453290076463
142.54,-0.2301551475772936,-0.8114295334158864
142.55,-0.23830598508309467,-0.8185331075721107
142.56,-0.24652580972873583,-0.8251966263551597
142.57,-0.2548099176101979,-0.8313582124996256
142.58,-0.2631529739787284,-0.8369536275180581
142.59,-0.27154899016055906,-0.8419163952273231
142.6,-0.2799913018832748,-0.8461779612229037
142.61,-0.2884725493850171,-0.8496678916040591
142.62,-0.296984659715356,-0.8523141141366213
142.63,-0.3055188316677495,-0.854043204836648
142.64000000000001,-0.3140655238120889,-0.8547807226550108
142.65,-0.3226144461208497,-0.8544515945286717
142.66,-0.33115455570266233,-0.8529805525283571
142.67000000000002,-0.33967405717141685,-0.8502926241657175
142.68,-0.3481604081859767,-0.8463136761195121
142.69,-0.35660033069380714,-0.840971010696791
142.70000000000002,-0.36497982839991255,-0.8341940132624532
142.71,-0.3732842109590562,-0.8259148476549633
142.72,-0.3814981253530118,-0.8160691952692102
142.73,-0.38960559486444035,-0.8045970320478337
142.74,-0.39759006599396846,-0.7914434361052877
142.75,-0.4054344635865461,-0.7765594171473997
142.76,-0.41312125433691643,-0.7599027572836653
142.77,-0.4206325187322194,-0.7414388513076289
142.78,-0.42795003136306903,-0.7211415330965479
142.79,-0.43505534939415036,-0.69899387351439
142.8,-0.4419299088333568,-0.6749889341547746
142.81,-0.44855512807724585,-0.6491304604966224
142.82,-0.45491251804328925,-0.6214334976273004
142.83,-0.46098379802979184,-0.5919249116734986
142.84,-0.4667510162767592,-0.560643800518399
142.85,-0.4721966740401598,-0.5276417783127061
142.86,-0.47730385184301327,-0.49298311972960474
142.87,-0.4820563364347519,-0.4567447518744392
142.88,-0.4864387468805021,-0.41901608422311143
142.89000000000001,-0.4904366581192141,-0.3798986698909876
142.9,-0.49403672027832185,-0.33950569486591925
142.91,-0.49722677201653254,-0.2979612954922599
142.92000000000002,-0.499995946188167,-0.2553997083648809
142.93,-0.5023347661838301,-0.2119642607638662
142.94,-0.5042352314034443,-0.16780621370034948
142.95000000000002,-0.505690890457837,-0.12308347341389003
142.96,-0.506696900871722,-0.07795919062377459
142.97,-0.5072500742703125,-0.032600269859234886
142.98,-0.5073489062689068,0.012824186341263151
142.99,-0.5069935905434872,0.05814447176214359
143.0,-0.5061860168336639,0.1031918816945243
143.01,-0.5049297529095969,0.1478003009851082
143.02,-0.5032300108139618,0.1918077474426919
143.03,-0.5010935979607429,0.2350578443402357
143.04,-0.498528853927157,0.2774011977112594
143.05,-0.4955455740065177,0.3186966567363199
143.06,-0.49215492079243056,0.3588124386453001
143.07,-0.48836932523361165,0.39762710310264926
143.08,-0.4842023787303776,0.43503036486207386
143.09,-0.4796687179363702,0.4709237374358516
143.1,-0.4747839039816606,0.5052210044848973
143.11,-0.4695642978466723,0.53784851946972
143.12,-0.4640269335922662,0.5687453376935069
143.13,-0.4581893910928022,0.5978631881183208
143.14000000000001,-0.4520696698298998,0.6251662951659465
143.15,-0.4456860651894833,0.6506310630706671
143.16,-0.4390570485684865,0.6742456371992874
143.17000000000002,-0.4322011524454975,0.6960093580829243
143.18,-0.425136861406828,0.7159321247244219
143.19,-0.41788250995100906,0.7340336840810837
143.20000000000002,-0.4104561877252063,0.7503428635153961
143.21,-0.40287565268070114,0.7648967625080605
143.22,-0.3951582524750451,0.7777399190968332
143.23,-0.3873208542987645,0.7889234654042592
143.24,-0.37937978316695997,0.7985042853111944
143.25,-0.3713507685925406,0.8065441858831778
143.26,-0.3632488994492964,0.8131090926214835
143.27,-0.35508858674011096,0.818268277042811
143.28,-0.3468835339084402,0.8220936235371524
143.29,-0.33864671426936793,0.8246589409512457
143.3,-0.3303903550894153,0.8260393229264157
143.31,-0.32212592781083965,0.8263105597083892
143.32,-0.3138641438952475,0.8255486029597174
143.33,-0.30561495575164527,0.8238290840531762
143.34,-0.297387562214184,0.8212268854117938
143.35,-0.28919041804340945,0.8178157636880289
143.36,-0.2810312469404234,0.8136680229371749
143.37,-0.27291705758466595,0.8088542354313372
143.38,-0.2648541622317967,0.8034430073710735
143.39000000000001,-0.25684819743724446,0.7975007864711385
143.4,-0.2489041465023739,0.7910917082129768
143.41,-0.24102636327298493,0.784277477457512
143.42000000000002,-0.23321859695322367,0.777117282085221
143.43,-0.2254840176312805,0.7696677353647445
143.44,-0.21782524224592878,0.7619828438352927
143.45000000000002,-0.21024436075457464,0.7541139976115917
143.46,-0.20274296229369695,0.7461099801738029
143.47,-0.1953221611510986,0.7380169948804903
143.48,-0.18798262239608712,0.7298787056330593
143.49,-0.18072458703843738,0.7217362893189532
143.5,-0.17354789660970807,0.7136284978630552
143.51,-0.1664520170811763,0.7055917279178863
143.52,-0.15943606205135033,0.6976600964198213
143.53,-0.15249881515277985,0.6898655204279548
143.54,-0.14563875164279125,0.6822377998423773
143.55,-0.13885405915593232,0.6748047017679581
143.56,-0.13214265760743207,0.6675920454472892
143.57,-0.1255022182469865,0.6606237868316683
143.58,-0.11893018187079869,0.6539221019916107
143.59,-0.1124237762071543,0.6475074686884424
143.6,-0.10598003249702985,0.6413987455363179
143.61,-0.09959580129642795,0.6356132482799203
143.62,-0.09326776753143144,0.6301668227977196
143.63,-0.08699246484047356,0.62507391451465
143.64000000000001,-0.08076628924113845,0.6203476339720888
143.65,-0.07458551216103178,0.6159998183578481
143.66,-0.06844629287398148,0.6120410888452887
143.67000000000002,-0.062344690384125996,0.6084809036293602
143.68,-0.05627667480139427,0.6053276065791217
143.69,-0.050238138252543564,0.6025884714518381
143.70000000000002,-0.0442249053723575,0.6002697416337428
143.71,-0.0382327434198687,0.5983766653876684
143.72,-0.032257372064604134,0.5969135265986513
143.73,-0.02629447288789568,0.595883671015835
143.74,-0.020339698644287436,0.5952895279931493
143.75,-0.014388682328032695,0.5951326277328434
143.76,-0.008437046089630569,0.5954136140355175
143.77,-0.0024804100473223437,0.5961322525583068
143.78,0.003485598961535568,0.597287434579793
143.79,0.009465338644273518,0.5988771762665435
143.8,0.015463142486866439,0.6008986134323072
143.81,0.021483310912919662,0.6033479917773097
143.82,0.02753010232241263,0.6062206525922438
143.83,0.03360772396476454,0.6095110139098888
143.84,0.039720322600610404,0.6132125470872778
143.85,0.04587197490651009,0.617317748803502
143.86,0.052066677576680445,0.621818108463056
143.87,0.05830833707577121,0.6267040710026462
143.88,0.06460075899673336,0.6319649951112037
143.89000000000001,0.07094763697799526,0.6375891068890114
143.9,0.07735254113451358,0.6435634489930393
143.91,0.08381890595785606,0.6498738253424521
143.92000000000002,0.09035001764136262,0.6565047414914783
143.93,0.09694900078768562,0.6634393408171467
143.94,0.10361880445770556,0.6706593367175678
143.95000000000002,0.11036218752203698,0.6781449410731819
143.96,0.1171817032791692,0.6858747892894863
143.97,0.12407968330782672,0.6938258623159455
143.98,0.13105822052548813,0.7019734061227423
143.99,0.13811915143028156,0.7102908492154054
144.0,0.14526403750979622,0.7187497188776867
144.01,0.1524941458078353,0.7273195569557643
144.02,0.1598104286489115,0.7359678361321433
144.03,0.16721350253047815,0.7446598777855093
144.04,0.17470362620462168,0.7533587726930077
144.05,0.1822806779843383,0.7620253060032902
144.06,0.18994413232468751,0.7706178880911543
144.07,0.19769303574616143,0.7790924930961333
144.08,0.2055259821866102,0.7874026071458018
144.09,0.21344108788907745,0.7954991884670136
144.1,0.22143596595595047,0.8033306417912098
144.11,0.22950770072490165,0.8108428096588588
144.12,0.23765282214912764,0.817978983417657
144.13,0.2458672803932548,0.8246799368830078
144.14000000000001,0.2541464208867878,0.8308839857800958
144.15,0.2624849601088567,0.8365270762061856
144.16,0.27087696241091147,0.8415429054301888
144.17000000000002,0.27931581821746043,0.8458630783736475
144.18,0.2877942239783844,0.8494173030819013
144.19,0.29630416427909845,0.8521336283845405
144.20000000000002,0.30483689654607515,0.8539387267481019
144.21,0.3133829388140605,0.8547582250292152
144.22,0.3219320610466595,0.8545170854313808
144.23,0.3304732805226881,0.8531400384425737
144.24,0.338994861815511,0.8505520688749535
144.25,0.3474843219001872,0.8466789553355167
144.26,0.3559284409222213,0.84144786252416
144.27,0.36431327915067035,0.8347879846839908
144.28,0.3726242006159011,0.826631237323397
144.29,0.38084590389713835,0.8169129930016907
144.3,0.38896246047593497,0.8055728555378618
144.31,0.3969573610078956,0.7925554654899987
144.32,0.4048135697857349,0.7778113281935931
144.33,0.4125135875717674,0.7612976540800908
144.34,0.42003952286733676,0.7429791994697731
144.35,0.4273731715611629,0.7228290945989906
144.36,0.4344961047593166,0.7008296443598069
144.37,0.4413897644483591,0.6769730861627906
144.38,0.4480355664825724,0.6512622885448721
144.39000000000001,0.4544150102192565,0.6237113736963864
144.4,0.4605097939565001,0.5943462470327093
144.41,0.4663019351599107,0.5632050173364885
144.42000000000002,0.4717738943032299,0.53033829188523
144.43,0.4769087009976153,0.4958093323800531
144.44,0.481690080950831,0.4596940594110617
144.45000000000002,0.4861025821858366,0.4220808956189325
144.46,0.4901316988632097,0.383070440604928
144.47,0.4937639909979351,0.3427749739438317
144.48,0.49698719834208627,0.30131778628541195
144.49,0.49979034672364336,0.2588323423888416
144.5,0.5021638451898631,0.21546128390291142
144.51,0.5040995724017016,0.17135528365221167
144.52,0.5055909508629073,0.12667176697805663
144.53,0.5066330077412626,0.08157351917445589
144.54,0.5072224212463964,0.03622720112167651
144.55,0.5073575517636961,-0.009198202266473096
144.56,0.5070384572010669,-0.05453297430072236
144.57,0.5062668922776816,-0.09960827185838907
144.58,0.505046291763899,-0.14425771581849559
144.59,0.5033817379613117,-0.18831893901569008
144.6,0.5012799129835853,-0.23163506532439268
144.61,0.49874903665482395,-0.27405609539082143
144.62,0.4957987910757689,-0.3154401770802319
144.63,0.4924402331132193,-0.35565474179836354
144.64000000000001,0.4886856962398016,-0.3945774913594086
144.65,0.4845486832860311,-0.4320972238750335
144.66,0.48004375176230096,-0.46811449109161557
144.67000000000002,0.47518639346419883,-0.5025420835685016
144.68,0.4699929100909309,-0.5353053439386966
144.69,0.4644802865854249,-0.5663423121077493
144.70000000000002,0.45866606384877595,-0.5956037095267509
144.71,0.4525682123948899,-0.6230527725417172
144.72,0.4462050083979417,-0.6486649472168077
144.73,0.4395949134505538,-0.6724274599180875
144.74,0.4327564591995799,-0.694338779315106
144.75,0.42570813786425166,-0.7144079863168649
144.76,0.4184682994732426,-0.7326540688318748
144.77,0.41105505648761415,-0.7491051581685825
144.78,0.4034861963098709,-0.7637977234232631
144.79,0.39577910201914884,-0.7767757393959395
144.8,0.3879506815219521,-0.7880898424936571
144.81,0.38001730516927573,-0.7977964877883792
144.82,0.3719947517661846,-0.8059571189562069
144.83,0.3638981627901516,-0.8126373612942065
144.84,0.3557420045403004,-0.8179062464440703
144.85,0.34754003786127013,-0.8218354758948422
144.86,0.33930529502240353,-0.824498728829376
144.87,0.3310500632846826,-0.8259710184529462
144.88,0.3227858746533446,-0.8263280996219492
144.89000000000001,0.3145235012922436,-0.8256459293932807
144.9,0.30627295606547894,-0.8240001810517097
144.91,0.29804349767120936,-0.8214658112486596
144.92000000000002,0.2898436398405057,-0.818116679101618
144.93,0.281681164089177,-0.8140252154553306
144.94,0.2735631355313991,-0.8092621399872575
144.95000000000002,0.26549592128943184,-0.8038962234413386
144.96,0.2574852110625724,-0.7979940919852132
144.97,0.24953603944972763,-0.7916200704949682
144.98,0.24165280965267302,-0.7848360614660579
144.99,0.2338393182204065,-0.7777014562171296
145.0,0.22609878052833043,-0.7702730750833148
145.01,0.2184338567187402,-0.7626051333759619
145.02,0.2108466778608112,-0.7547492300064764
145.03,0.20333887211861065,-0.746754355823522
145.04,0.19591159074434075,-0.7386669188870093
145.05,0.18856553374087046,-0.7305307840917068
145.06,0.18130097506250661,-0.7223873247516965
145.07,0.17411778724583651,-0.71427548395897
145.08,0.1670154653833272,-0.7062318437308135
145.09,0.15999315037122025,-0.6982907001577315
145.1,0.1530496513801726,-0.6904841429537407
145.11,0.14618346751214548,-0.6828421379917832
145.12,0.13939280862033696,-0.6753926115772481
145.13,0.13267561528060054,-0.6681615353711302
145.14000000000001,0.12602957791291436,-0.6611730110205605
145.15,0.11945215506018932,-0.654449353688062
145.16,0.11294059083915312,-0.6480111737919613
145.17000000000002,0.1064919315843501,-0.6418774563791224
145.18,0.10010304171157068,-0.6360656376480177
145.19,0.09377061883138975,-0.6305916782256604
145.20000000000002,0.08749120814705748,-0.6254701328767183
145.21,0.08126121617385539,-0.6207142163879167
145.22,0.07507692381929913,-0.6163358654263917
145.23,0.06893449886532754,-0.6123457962176798
145.24,0.06283000789494554,-0.6087535579283169
145.25,0.056759427706761206,-0.6055675816703049
145.26,0.050718656261539444,-0.6027952250707092
145.27,0.044703523205347026,-0.6004428123700607
145.28,0.038709800014138235,-0.5985156700287243
145.29,0.032733209804772546,-0.597018157831601
145.3,0.026769436857506216,-0.5959536954890342
145.31,0.020814135894991863,-0.5953247847361574
145.32,0.014862941162783071,-0.5951330269347181
145.33,0.0089114753562975,-0.5953791361811175
145.34,0.002955358439160721,-0.5960629479225107
145.35,-0.003009783602152713,-0.5971834230798314
145.36,-0.008988310022435907,-0.5987386476729368
145.37,-0.014984556555611449,-0.6007258279391994
145.38,-0.021002826581219894,-0.603141280933264
145.39000000000001,-0.02704738217427673,-0.6059804205927528
145.4,-0.033122434993074955,-0.6092377392529196
145.41,-0.03923213695933512,-0.6129067845931178
145.42000000000002,-0.04538057068493731,-0.6169801319999026
145.43,-0.05157173959933318,-0.6214493523361727
145.44,-0.057809557731660764,-0.626304975113519
145.45000000000002,-0.06409783910160356,-0.6315364470764278
145.46,-0.07044028667318933,-0.6371320862227814
145.47,-0.0768404808260592,-0.6430790313058823
145.48,-0.08330186729930697,-0.6493631868895994
145.49,-0.08982774456385118,-0.655969164060935
145.5,-0.09642125058052567,-0.6628802169440431
145.51,-0.10308534890273205,-0.6700781752072422
145.52,-0.10982281408467053,-0.6775433728106046
145.53,-0.11663621635894414,-0.6852545733070227
145.54,-0.12352790555081097,-0.6931888920850173
145.55,-0.13049999420064448,-0.7013217160276284
145.56,-0.13755433987136353,-0.7096266211591687
145.57,-0.14469252662382784,-0.7180752889610073
145.58,-0.15191584565058366,-0.7266374221592454
145.59,-0.15922527506701276,-0.7352806609214382
145.6,-0.16662145886901245,-0.7439705005464199
145.61,-0.17410468507794116,-0.7526702118905334
145.62,-0.1816748631068231,-0.761340765944538
145.63,-0.18933150039683191,-0.7699407641571766
145.64000000000001,-0.19707367838996664,-0.7784263762922549
145.65,-0.204900027922677,-0.7867512878040372
145.66,-0.21280870414604738,-0.7948666589180333
145.67000000000002,-0.22079736110103768,-0.80272109780727
145.68,-0.22886312610219278,-0.8102606504535687
145.69,-0.23700257411010903,-0.8174288099738929
145.70000000000002,-0.24521170230167064,-0.8241665483672103
145.71,-0.2534859050774532,-0.8304123737902398
145.72,-0.2618199497774754,-0.8361024165926206
145.73,-0.27020795340930565,-0.8411705474240551
145.74,-0.27864336072595647,-0.8455485307575648
145.75,-0.28711892402445693,-0.8491662171430187
145.76,-0.29562668506881684,-0.8519517774017644
145.77,-0.3041579595724922,-0.8538319817843744
145.78,-0.31270332470450435,-0.8547325268270396
145.79,-0.321252610109033,-0.8545784122462902
145.8,-0.3297948929494302,-0.8532943696957029
145.81,-0.33831849750294707,-0.8508053445629412
145.82,-0.346810999840689,-0.8470370312040554
145.83,-0.3552592381270282,-0.8419164610907504
145.84,-0.363649329062504,-0.8353726422856261
145.85,-0.3719666909727407,-0.8273372474653671
145.86,-0.3801960740118113,-0.8177453463933123
145.87,-0.38832159790060694,-0.8065361773180496
145.88,-0.39632679755817235,-0.7936539502679523
145.89000000000001,-0.404194676905966,-0.7790486736546272
145.9,-0.41190777103126486,-0.7626769940303445
145.91,-0.41944821678657285,-0.7445030373122198
145.92000000000002,-0.42679783177750924,-0.7244992383423323
145.93,-0.43393820155341944,-0.7026471443566592
145.94,-0.4408507746646424,-0.6789381768489857
145.95000000000002,-0.4475169650903992,-0.6533743355026664
145.96,-0.4539182613746957,-0.6259688273860033
145.97,-0.46003634163811924,-0.5967466045246183
145.98,-0.46585319346518805,-0.5657447933274815
145.99,-0.47135123750466884,-0.5330130001921289
146.0,-0.4765134534690306,-0.49861347897445923
146.01,-0.481323507084158,-0.46262114788716174
146.02,-0.4857658764267738,-0.4251234457759169
146.03,-0.4898259759996763,-0.3862200205797456
146.04,-0.49349027683836877,-0.34602224605430865
146.05,-0.4967464209207625,-0.30465256644539496
146.06,-0.49958332816727663,-0.26224367264469906
146.07,-0.5019912943736564,-0.21893751732435723
146.08,-0.5039620785137637,-0.1748841805007204
146.09,-0.5054889779836709,-0.13024060078416755
146.1,-0.5065668905294471,-0.08516919109188065
146.11,-0.5071923618055085,-0.039836360701448255
146.12,-0.5073636177434762,0.005589031915678437
146.13,-0.507080581167195,0.050937269122382785
146.14000000000001,-0.5063448723610285,0.0960393794470861
146.15,-0.5051597935782532,0.14072873022754412
146.16,-0.5035302977564776,0.18484257993119618
146.17000000000002,-0.5014629419796293,0.2282235636419684
146.18,-0.4989658264836382,0.2707210870548787
146.19,-0.49604852023853174,0.31219260682177197
146.20000000000002,-0.4927219743472028,0.35250477814430503
146.21,-0.48899842467564564,0.39153445399486364
146.22,-0.4848912852673055,0.4291695241304039
146.23,-0.4804150341930376,0.4653095860099854
146.24,-0.4755850935471058,0.49986644369628236
146.25,-0.4704177053191119,0.5327644346837663
146.26,-0.46492980485343044,0.5639405882331516
146.27,-0.4591388935544488,0.5933446221016071
146.28,-0.4530629124113983,0.6209387874598911
146.29,-0.446720117805251,0.6466975742217627
146.3,-0.440128960926963,0.6706072909412422
146.31,-0.4333079719864261,0.6926655348450582
146.32,-0.4262756502300618,0.7128805684668524
146.33,-0.41905036061708906,0.7312706197601914
146.34,-0.41165023783485793,0.7478631225277651
146.35,-0.4040930981665337,0.7626939135643653
146.36,-0.3963963595635706,0.7758064021292389
146.37,-0.38857697012394893,0.787250726301668
146.38,-0.3806513450375372,0.7970829094960004
146.39000000000001,-0.3726353119340289,0.8053640289813779
146.4,-0.36454406445790966,0.8121594067260922
146.41,-0.356392123799507,0.8175378313205547
146.42000000000002,-0.34819330783149854,0.8215708181735215
146.43,-0.33996070743603657,0.8243319136634458
146.44,-0.33170666955822964,0.8258960474931389
146.45000000000002,-0.3234427864861738,0.8263389361662914
146.46,-0.3151798908349038,0.8257365392967845
146.47,-0.3069280557002381,0.8241645693875465
146.48,-0.2986965994471529,0.8216980547806388
146.49,-0.29049409460462533,0.8184109546850464
146.5,-0.2823283803534519,0.8143758245299809
146.51,-0.27420657811402566,0.8096635293628464
146.52,-0.2661351097661949,0.8043430026034059
146.53,-0.2581197180619575,0.798481047168501
146.54,-0.25016548882282486,0.7921421757832742
146.55,-0.24227687454629196,0.7853884871830547
146.56,-0.23445771907916374,0.7782795748727517
146.57,-0.22671128304883695,0.7708724651359448
146.58,-0.21904026977644486,0.7632215810626414
146.59,-0.2114468514275841,0.7553787294825114
146.6,-0.2039326951867946,0.7473931078398804
146.61,-0.1964989892707865,0.7393113282194056
146.62,-0.1891464686224065,0.7311774559198005
146.63,-0.18187544015239046,0.723033060170873
146.64000000000001,-0.17468580741898904,0.7149172747910766
146.65,-0.16757709465656892,0.7068668667843292
146.66,-0.16054847008330245,0.6989163110724163
146.67000000000002,-0.1535987684351206,0.6910978697500099
146.68,-0.14672651268830225,0.6834416744310423
146.69,-0.13992993494649975,0.6759758104263213
146.70000000000002,-0.1332069964797758,0.6687264016517577
146.71,-0.12655540691346456,0.6617176953137739
146.72,-0.11997264257350031,0.6549721455531026
146.73,-0.11345596400240252,0.6485104953502325
146.74,-0.10700243266649566,0.6423518561054701
146.75,-0.10060892688029312,0.6365137844043619
146.76,-0.09427215697840842,0.63101235556561
146.77,-0.0879886797689809,0.6258622336442319
146.78,-0.08175491230552377,0.621076737628276
146.79,-0.07556714501641539,0.6166679036236619
146.8,-0.06942155423305053,0.612646542869392
146.81,-0.06331421415902753,0.6090222954652493
146.82,-0.057241108323745536,0.6058036797269225
146.83,-0.051198140564489084,0.6029981371099675
146.84,-0.045181145581546185,0.6006120726648438
146.85,-0.039185899111192204,0.5986508910011326
146.86,-0.03320812776152353,0.5971190277505573
146.87,-0.02724351855618106,0.5960199765261962
146.88,-0.021287728230999604,0.5953563113798938
146.89000000000001,-0.015336392328583182,0.5951297047618432
146.9,-0.00938513413576274,0.5953409409861623
146.91,-0.003429573508859937,0.59598992520452
146.92000000000002,0.0025346643683276607,0.5970756878869408
146.93,0.008511940248878878,0.5985963848052821
146.94,0.014506592064433303,0.6005492925110306
146.95000000000002,0.020522926099099493,0.602930799295398
146.96,0.026565208050341266,0.6057363916166898
146.97,0.03263765393143329,0.6089606359780514
146.98,0.03874442076990229,0.612597156238386
146.99,0.04488959705620101,0.6166386063410192
147.0,0.051077192896722676,0.6210766384490451
147.01,0.05731112982518191,0.6259018664837718
147.02,0.06359523022639811,0.6311038250738453
147.03,0.06993320632665881,0.6366709239380657
147.04,0.07632864870515942,0.6425903977452628
147.05,0.08278501428156407,0.6488482515205108
147.06,0.08930561373556963,0.655429201699116
147.07,0.09589359831554638,0.6623166129689749
147.08,0.10255194599494911,0.6694924310887511
147.09,0.1092834469373214,0.676937111924647
147.1,0.11609068823344205,0.6846295470131172
147.11,0.12297603787758374,0.69254698603139
147.12,0.12994162795406985,0.7006649566428585
147.13,0.1369893370104409,0.7089571822809352
147.14000000000001,0.14412077159968856,0.7173954985433598
147.15,0.1513372469813081,0.7259497689896579
147.16,0.15863976697948173,0.7345878012677387
147.17000000000002,0.1660290030066629,0.7432752646415178
147.18,0.1735052722723121,0.7519756101497176
147.19,0.18106851520965728,0.7606499947960891
147.20000000000002,0.1887182721682339,0.769257211352181
147.21,0.1964536594367009,0.777753625543991
147.22,0.20427334467911373,0.786093122591329
147.23,0.2121755218885275,0.7942270652707498
147.24,0.22015788598452876,0.8021042658760248
147.25,0.22821760720604803,0.8096709746500209
147.26,0.2363513054775292,0.8168708874533184
147.27,0.24455502495511441,0.8236451756117392
147.28,0.252824208989764,0.8299325410399687
147.29,0.26115367577591375,0.8356692998633973
147.3,0.2695375949870319,0.840789497845893
147.31,0.2779694657328316,0.8452250609672157
147.32,0.2864420962063762,0.8489059844691449
147.33,0.29494758542221444,0.8517605635923451
147.34,0.30347730747822305,0.8537156690444395
147.35,0.31202189880310327,0.8546970699615161
147.36,0.3205712488774534,0.8546298067385589
147.37,0.3291144949378745,0.8534386155982209
147.38,0.3376400211894179,0.8510484061326434
147.39000000000001,0.34613546306052734,0.8473847922826357
147.4,0.3545877170350706,0.8423746763084996
147.41,0.3629829565866973,0.8359468842570981
147.42000000000002,0.3713066547202125,0.8280328502451227
147.43,0.37954361359159977,0.8185673455692789
147.44,0.38767800163159805,0.8074892472370069
147.45000000000002,0.3956933985363399,0.7947423390100998
147.46,0.4035728484118001,0.7802761364992977
147.47,0.41129892126632583,0.7640467262793111
147.48,0.4188537829373863,0.7460176074567244
147.49,0.4262192734154603,0.7261605226704894
147.5,0.433376993390796,0.7044562641944383
147.51,0.440308398699349,0.6808954397054816
147.52,0.4469949021849056,0.6554791814437431
147.53,0.45341798232822383,0.6282197819847565
147.54,0.4595592978246007,0.5991412397280017
147.55,0.46540080712278387,0.5682796975321811
147.56,0.4709248917752443,0.5356837587366472
147.57,0.4761144822975168,0.5014146661269787
147.58,0.4809531850977839,0.4655463312401615
147.59,0.48542540892232006,0.4281652037505026
147.6,0.489516489172794,0.3893699734987793
147.61,0.49321280839229564,0.34927110096905006
147.62,0.49650191119217496,0.30799017560259107
147.63,0.49937261190434745,0.2656591051685031
147.64000000000001,0.5018150932955451,0.2224191433699808
147.65,0.5038209947717471,0.17841976682503055
147.66,0.5053834886320457,0.1338174163836145
147.67000000000002,0.5064973430994195,0.08877412129111029
147.68,0.507158971057868,0.04345602784695626
147.69,0.5073664636563586,-0.001968143184445284
147.70000000000002,0.507119608194179,-0.047328684179675104
147.71,0.5064198899727651,-0.09245650578850795
147.72,0.5052704780784089,-0.13718473160770206
147.73,0.503676195340611,-0.1813502547034841
147.74,0.5016434729843392,-0.22479522935555502
147.75,0.4991802907534999,-0.267368473191429
147.76,0.49629610352051057,-0.3089267573333854
147.77,0.4930017556068322,-0.3493359651933254
147.78,0.48930938421664405,-0.3884721040056614
147.79,0.485232313526719,-0.42622215695379795
147.8,0.48078494107756814,-0.46248476768374513
147.81,0.4759826181730441,-0.49717075297094415
147.82,0.47084152601814927,-0.5302034431818559
147.83,0.46537854930940703,-0.5615188538306916
147.84,0.4596111489415355,-0.5910656948708981
147.85,0.4535572354119891,-0.6188052272976747
147.86,0.44723504439558204,-0.6447109791108907
147.87,0.4406630158297713,-0.6687683346589794
147.88,0.4338596777024024,-0.6909740128375254
147.89000000000001,0.42684353557302074,-0.7113354505556956
147.9,0.41963296869128847,-0.7298701083318713
147.91,0.41224613340638333,-0.7466047148743583
147.92000000000002,0.4047008743938013,-0.7615744670931246
147.93,0.3970146440645208,-0.7748222012315517
147.94,0.3892044303691703,-0.7863975497654195
147.95000000000002,0.3812866930692124,-0.796356097453601
147.96,0.37327730842009826,-0.8047585485039735
147.97,0.3651915220991329,-0.8116699152982277
147.98,0.35704391011413367,-0.8171587375547253
147.99,0.34884834734803843,-0.8212963392471239
148.0,0.3406179833291912,-0.8241561290787296
148.01,0.3323652247664638,-0.8258129488715268
148.02,0.3241017243517606,-0.8263424728901664
148.03,0.31583837530866044,-0.8258206599033464
148.04,0.30758531115369364,-0.8243232586999326
148.05,0.2993519101346618,-0.821925366830917
148.06,0.2911468038170753,-0.8187010415420258
148.07,0.28297788930382123,-0.8147229611924485
148.08,0.2748523445932263,-0.8100621349164272
148.09,0.26677664660549266,-0.8047876578675556
148.1,0.2587565914358752,-0.7989665090800756
148.11,0.2507973164238912,-0.7926633887756139
148.12,0.24290332366036296,-0.7859405918255475
148.13,0.23507850458738025,-0.7788579140363913
148.14000000000001,0.22732616537963515,-0.771472587946353
148.15,0.2196490528284532,-0.7638392448942738
148.16,0.21204938048174968,-0.7560099002371095
148.17000000000002,0.20452885482371103,-0.7480339587393667
148.18,0.19708870130696235,-0.7399582373289859
148.19,0.1897296900771313,-0.731827002601605
148.20000000000002,0.18245216125493027,-0.7236820206524778
148.21,0.1752560496640818,-0.7155626170171077
148.22,0.16814090891458813,-0.7075057447033983
148.23,0.1611059347700138,-0.699546058496104
148.24,0.15414998774466604,-0.6917159939057087
148.25,0.14727161489189963,-0.684045849316365
148.26,0.14046907075833875,-0.6765638700595471
148.27,0.1337403374907087,-0.6692963333005197
148.28,0.12708314409232835,-0.662267632772915
148.29,0.12049498483525041,-0.6555003625323532
148.3,0.1139731368416813,-0.6490153990230932
148.31,0.10751467685478854,-0.6428319808623707
148.32,0.10111649722443387,-0.6369677858458068
148.33,0.09477532113787239,-0.6314390047645306
148.34,0.08848771712914325,-0.6262604117011077
148.35,0.08225011290385023,-0.6214454305377207
148.36,0.07605880851838884,-0.6170061974670042
148.37,0.06990998895451014,-0.6129536193442654
148.38,0.06379973613150353,-0.6092974277603058
148.39000000000001,0.05772404039930403,-0.6060462287474047
148.4,0.05167881155655543,-0.6032075480579673
148.41,0.04565988943814468,-0.6007878719766192
148.42000000000002,0.03966305411702305,-0.5987926836427476
148.43,0.033684035765289735,-0.597226494872329
148.44,0.02771852421957647,-0.5960928734759471
148.45000000000002,0.02176217829577079,-0.5953944660747353
148.46,0.01581063489808176,-0.5951330164181378
148.47,0.009859517967408034,-0.5953093792073955
148.48,0.003904447313933849,-0.5959235294270009
148.49,-0.0020589526211319833,-0.5969745671835043
148.5,-0.008035044029736236,-0.5984607180474792
148.51,-0.014028166982081569,-0.6003793288905928
148.52,-0.020042630607548094,-0.6027268592060341
148.53,-0.02608270416620225,-0.6054988678974804
148.54,-0.0321526079654977,-0.608689995519799
148.55,-0.03825650407659823,-0.612293941954238
148.56,-0.044398486804582464,-0.6163034395024459
148.57,-0.050582572866647156,-0.6207102213878053
148.58,-0.05681269123233858,-0.6255049856597757
148.59,-0.06309267257984268,-0.6306773545077788
148.6,-0.06942623832249416,-0.6362158290062496
148.61,-0.07581698915996767,-0.6421077393324047
148.62,-0.08226839310914225,-0.6483391905237126
148.63,-0.08878377297044192,-0.6548950038737104
148.64000000000001,-0.09536629318661646,-0.6617586541033661
148.65,-0.10201894605250925,-0.6689122024913992
148.66,-0.10874453723644445,-0.6763362262016147
148.67000000000002,-0.11554567057654155,-0.6840097441090978
148.68,-0.12242473211862641,-0.6919101395008134
148.69,-0.12938387336655782,-0.7000130801104977
148.70000000000002,-0.13642499372083638,-0.7082924360433162
148.71,-0.14354972208742417,-0.7167201962531999
148.72,-0.1507593976459004,-0.7252663843555
148.73,-0.1580550497745342,-0.7338989746898733
148.74,-0.16543737713969786,-0.7425838096932109
148.75,-0.1729067259683984,-0.7512845197997277
148.76,-0.1804630675356924,-0.7599624472545073
148.77,-0.18810597491348854,-0.7685765754068677
148.78,-0.19583459904382977,-0.7770834652394463
148.79,-0.20364764421827747,-0.7854372010859136
148.8,-0.21154334306554806,-0.7935893476920051
148.81,-0.21951943117211759,-0.8014889209777313
148.82,-0.22757312148510267,-0.8090823750589705
148.83,-0.23570107867329698,-0.8163136082789848
148.84,-0.24389939365068236,-0.8231239911786598
148.85,-0.25216355849687017,-0.8294524194913142
148.86,-0.2604884420405087,-0.835235395375582
148.87,-0.2688682664043819,-0.8404071401889465
148.88,-0.27729658484428765,-0.8448997421448646
148.89000000000001,-0.2857662612472792,-0.8486433421770179
148.9,-0.2942694516878281,-0.8515663612433828
148.91,-0.30279758847214694,-0.8535957721284484
148.92000000000002,-0.31134136713039706,-0.8546574185317866
148.93,-0.31989073684278263,-0.8546763838534992
148.94,-0.328434894807467,-0.8535774115908641
148.95000000000002,-0.3369622850745999,-0.8512853786363115
148.96,-0.34546060238019327,-0.8477258220074599
148.97,-0.35391680151474914,-0.8428255186410931
148.98,-0.36231711275301515,-0.8365131168442722
148.99,-0.3706470638516346,-0.8287198168215747
149.0,-0.3788915090894467,-0.8193800963976081
149.01,-0.3870346657795868,-0.8084324766446513
149.02,-0.3950601586223397,-0.7958203206296688
149.03,-0.4029510721921801,-0.781492656943562
149.04,-0.4106900117612109,-0.7654050181064397
149.05,-0.4182591725543089,-0.7475202824013144
149.06,-0.4256404174092372,-0.7278095062271105
149.07,-0.4328153626788511,-0.7062527327380115
149.08,-0.4397654720639974,-0.6828397614117898
149.09,-0.44647215790708694,-0.6575708623286474
149.1,-0.4529168893105704,-0.630457418407366
149.11,-0.45908130627523425,-0.601522478696633
149.12,-0.464947338884503,-0.5708012061086873
149.13,-0.470497330397408,-0.5383412037518236
149.14000000000001,-0.4757141629595395,-0.5042027052957263
149.15,-0.4805813845033225,-0.4684586165998842
149.16,-0.48508333529153713,-0.4311943981414589
149.17000000000002,-0.48920527246615164,-0.3925077805642181
149.18,-0.49293349090282146,-0.35250830888115714
149.19,-0.49625543864377475,-0.3113167144245087
149.20000000000002,-0.49915982519131163,-0.26906411745146064
149.21,-0.5016367209928039,-0.22589106726764907
149.22,-0.5036776465366645,-0.1819464306952283
149.23,-0.5052756496067083,-0.13738614355149806
149.24,-0.5064253694076944,-0.09237184337891158
149.25,-0.5071230864742866,-0.047069404843495324
149.26,-0.5073667575045643,-0.001647401873245219
149.27,-0.5071560345117515,0.043724477364344635
149.28,-0.5064922679572774,0.08887703522764208
149.29,-0.5053784938071987,0.13364316113494057
149.3,-0.5038194047345786,0.17785939212230303
149.31,-0.5018213059647526,0.2213674106855666
149.32,-0.49939205652086727,0.2640154549070622
149.33,-0.49654099686661135,0.3056596182720338
149.34,-0.4932788641554266,0.34616501955231715
149.35,-0.48961769647556497,0.3854068265591979
149.36,-0.4855707276242426,0.4232711213130982
149.37,-0.481152274049303,0.4596555981071048
149.38,-0.4763776156621005,0.49447008991610175
149.39000000000001,-0.471262872250981,0.5276369224910522
149.4,-0.4658248772122795,0.5590910991580745
149.41,-0.4600810502678195,0.5887803227099647
149.42000000000002,-0.45404927075808016,0.6166648637490637
149.43,-0.4477477529928382,0.6427172873520679
149.44,-0.4411949250110388,0.6669220519394223
149.45000000000002,-0.43440931195404975,0.6892749957264104
149.46,-0.42740942509651064,0.7097827271127732
149.47,-0.42021365741179434,0.728461935853805
149.48,-0.4128401863794346,0.7453386418848242
149.49,-0.4053068845740979,0.7604473982911598
149.5,-0.3976312384136114,0.7738304641842166
149.51,-0.3898302752904136,0.7855369622227384
149.52,-0.38192049916915666,0.7956220342708986
149.53,-0.3739178346049956,0.8041460072742368
149.54,-0.3658375790236719,0.8111735799204289
149.55,-0.3576943630065871,0.8167730390890643
149.56,-0.3495021182418907,0.8210155135313276
149.57,-0.34127405273596056,0.8239742706979397
149.58,-0.3330226328279319,0.8257240611855455
149.59,-0.3247595715122496,0.8263405139241498
149.6,-0.31649582254944886,0.8258995840002258
149.61,-0.30824157983224504,0.8244770539141594
149.62,-0.30000628147116565,0.8221480881132854
149.63,-0.29179861806997937,0.8189868398244228
149.64000000000001,-0.28362654467467724,0.8150661085297488
149.65,-0.27549729589938443,0.810457045881025
149.66,-0.26741740375705675,0.8052289074209705
149.67000000000002,-0.259392717750965,0.7994488471665683
149.68,-0.2514284268137254,0.7931817518957353
149.69,-0.24352908271305032,0.7864901118540363
149.70000000000002,-0.23569862457664467,0.7794339245497394
149.71,-0.22794040422205555,0.77207062832163
149.72,-0.2202572120102121,0.7644550624333193
149.73,-0.21265130297338916,0.756639450559736
149.74,-0.20512442299901734,0.7486734046765053
149.75,-0.19767783487985902,0.740603946532395
149.76,-0.19031234406836942,0.7324755440713965
149.77,-0.18302832399843108,0.7243301603677701
149.78,-0.17582574086101402,0.7162073128389999
149.79,-0.16870417774165106,0.708144140703492
149.8,-0.16166285804694414,0.7001754788482478
149.81,-0.15470066816468608,0.6923339364637052
149.82,-0.14781617931767005,0.6846499789862212
149.83,-0.14100766858496167,0.677152012061569
149.84,-0.13427313907643867,0.6698664664042148
149.85,-0.1276103392568774,0.6628178825763386
149.86,-0.12101678142491192,0.6560289948471996
149.87,-0.11448975935993341,0.6495208134174845
149.88,-0.10802636515656223,0.643312704404948
149.89000000000001,-0.10162350527183445,0.6374224670872918
149.9,-0.09527791581481639,0.6318664079863777
149.91,-0.08898617711210689,0.6266594114551775
149.92000000000002,-0.08274472758571284,0.6218150064959715
149.93,-0.07654987698218747,0.6173454295959859
149.94,-0.07039781899379313,0.6132616834156642
149.95000000000002,-0.06428464331387419,0.6095735912058341
149.96,-0.05820634716967645,0.6062898468639111
149.97,-0.052158846376595965,0.6034180605667324
149.98,-0.0461379859583418,0.6009647999392937
149.99,-0.04013955037781009,0.5989356267352676
