beta,omega,steady_time
0.0,0.5,149.99
0.0,0.5918367346938775,149.99
0.0,0.6836734693877551,149.99
0.0,0.7755102040816326,149.99
0.0,0.8673469387755102,149.99
0.0,0.9591836734693877,149.99
0.0,1.0510204081632653,149.99
0.0,1.1428571428571428,149.99
0.0,1.2346938775510203,149.99
0.0,1.3265306122448979,149.99
0.0,1.4183673469387754,149.99
0.0,1.5102040816326532,149.99
0.0,1.6020408163265307,149.99
0.0,1.6938775510204083,149.99
0.0,1.7857142857142858,149.99
0.0,1.8775510204081634,149.99
0.0,1.969387755102041,149.99
0.0,2.0612244897959187,149.99
0.0,2.1530612244897958,149.99
0.0,2.2448979591836737,149.99
0.0,2.336734693877551,149.99
0.0,2.428571428571429,149.99
0.0,2.5204081632653064,149.99
0.0,2.612244897959184,149.99
0.0,2.7040816326530615,149.99
0.0,2.795918367346939,149.99
0.0,2.8877551020408165,149.99
0.0,2.979591836734694,149.99
0.0,3.0714285714285716,149.99
0.0,3.163265306122449,149.99
0.0,3.2551020408163267,149.99
0.0,3.3469387755102042,149.99
0.0,3.438775510204082,149.99
0.0,3.5306122448979593,149.99
0.0,3.622448979591837,149.99
0.0,3.7142857142857144,149.99
0.0,3.806122448979592,149.99
0.0,3.8979591836734695,149.99
0.0,3.989795918367347,149.99
0.0,4.081632653061225,149.99
0.0,4.173469387755102,149.99
0.0,4.26530612244898,149.99
0.0,4.357142857142858,149.99
0.0,4.448979591836735,149.99
0.0,4.540816326530613,149.99
0.0,4.63265306122449,149.99
0.0,4.724489795918368,149.99
0.0,4.816326530612245,149.99
0.0,4.908163265306123,149.99
0.0,5.0,149.99
0.030612244897959183,0.5,149.99
0.030612244897959183,0.5918367346938775,149.99
0.030612244897959183,0.6836734693877551,96.2
0.030612244897959183,0.7755102040816326,66.8
0.030612244897959183,0.8673469387755102,71.2
0.030612244897959183,0.9591836734693877,61.08
0.030612244897959183,1.0510204081632653,149.99
0.030612244897959183,1.1428571428571428,149.99
0.030612244897959183,1.2346938775510203,149.99
0.030612244897959183,1.3265306122448979,149.99
0.030612244897959183,1.4183673469387754,149.99
0.030612244897959183,1.5102040816326532,149.99
0.030612244897959183,1.6020408163265307,53.33
0.030612244897959183,1.6938775510204083,115.82000000000001
0.030612244897959183,1.7857142857142858,67.44
0.030612244897959183,1.8775510204081634,47.44
0.030612244897959183,1.969387755102041,57.88
0.030612244897959183,2.0612244897959187,43.1
0.030612244897959183,2.1530612244897958,36.83
0.030612244897959183,2.2448979591836737,38.730000000000004
0.030612244897959183,2.336734693877551,32.230000000000004
0.030612244897959183,2.428571428571429,44.85
0.030612244897959183,2.5204081632653064,104.62
0.030612244897959183,2.612244897959184,99.53
0.030612244897959183,2.7040816326530615,118.57000000000001
0.030612244897959183,2.795918367346939,98.75
0.030612244897959183,2.8877551020408165,31.76
0.030612244897959183,2.979591836734694,46.94
0.030612244897959183,3.0714285714285716,38.37
0.030612244897959183,3.163265306122449,40.57
0.030612244897959183,3.2551020408163267,41.14
0.030612244897959183,3.3469387755102042,40.87
0.030612244897959183,3.438775510204082,41.19
0.030612244897959183,3.5306122448979593,41.45
0.030612244897959183,3.622448979591837,41.17
0.030612244897959183,3.7142857142857144,41.06
0.030612244897959183,3.806122448979592,40.77
0.030612244897959183,3.8979591836734695,38.78
0.030612244897959183,3.989795918367347,38.79
0.030612244897959183,4.081632653061225,40.99
0.030612244897959183,4.173469387755102,41.09
0.030612244897959183,4.26530612244898,38.97
0.030612244897959183,4.357142857142858,38.99
0.030612244897959183,4.448979591836735,38.94
0.030612244897959183,4.540816326530613,38.93
0.030612244897959183,4.63265306122449,38.910000000000004
0.030612244897959183,4.724489795918368,38.910000000000004
0.030612244897959183,4.816326530612245,38.92
0.030612244897959183,4.908163265306123,38.96
0.030612244897959183,5.0,38.99
0.061224489795918366,0.5,86.38
0.061224489795918366,0.5918367346938775,149.99
0.061224489795918366,0.6836734693877551,70.57000000000001
0.061224489795918366,0.7755102040816326,75.32000000000001
0.061224489795918366,0.8673469387755102,55.94
0.061224489795918366,0.9591836734693877,67.98
0.061224489795918366,1.0510204081632653,63.910000000000004
0.061224489795918366,1.1428571428571428,55.730000000000004
0.061224489795918366,1.2346938775510203,106.72
0.061224489795918366,1.3265306122448979,149.99
0.061224489795918366,1.4183673469387754,149.99
0.061224489795918366,1.5102040816326532,149.99
0.061224489795918366,1.6020408163265307,149.99
0.061224489795918366,1.6938775510204083,149.99
0.061224489795918366,1.7857142857142858,149.99
0.061224489795918366,1.8775510204081634,149.99
0.061224489795918366,1.969387755102041,149.99
0.061224489795918366,2.0612244897959187,149.99
0.061224489795918366,2.1530612244897958,134.76
0.061224489795918366,2.2448979591836737,60.27
0.061224489795918366,2.336734693877551,49.050000000000004
0.061224489795918366,2.428571428571429,43.480000000000004
0.061224489795918366,2.5204081632653064,149.99
0.061224489795918366,2.612244897959184,149.99
0.061224489795918366,2.7040816326530615,149.99
0.061224489795918366,2.795918367346939,149.99
0.061224489795918366,2.8877551020408165,149.99
0.061224489795918366,2.979591836734694,54.39
0.061224489795918366,3.0714285714285716,37.54
0.061224489795918366,3.163265306122449,38.11
0.061224489795918366,3.2551020408163267,35.67
0.061224489795918366,3.3469387755102042,37.85
0.061224489795918366,3.438775510204082,35.94
0.061224489795918366,3.5306122448979593,36.47
0.061224489795918366,3.622448979591837,38.64
0.061224489795918366,3.7142857142857144,38.61
0.061224489795918366,3.806122448979592,38.54
0.061224489795918366,3.8979591836734695,36.28
0.061224489795918366,3.989795918367347,35.99
0.061224489795918366,4.081632653061225,33.980000000000004
0.061224489795918366,4.173469387755102,36.22
0.061224489795918366,4.26530612244898,36.230000000000004
0.061224489795918366,4.357142857142858,36.22
0.061224489795918366,4.448979591836735,36.25
0.061224489795918366,4.540816326530613,36.26
0.061224489795918366,4.63265306122449,36.24
0.061224489795918366,4.724489795918368,34.19
0.061224489795918366,4.816326530612245,34.18
0.061224489795918366,4.908163265306123,34.160000000000004
0.061224489795918366,5.0,34.19
0.09183673469387754,0.5,149.99
0.09183673469387754,0.5918367346938775,36.09
0.09183673469387754,0.6836734693877551,149.99
0.09183673469387754,0.7755102040816326,149.99
0.09183673469387754,0.8673469387755102,52.160000000000004
0.09183673469387754,0.9591836734693877,60.94
0.09183673469387754,1.0510204081632653,64.49
0.09183673469387754,1.1428571428571428,60.33
0.09183673469387754,1.2346938775510203,52.300000000000004
0.09183673469387754,1.3265306122448979,107.24000000000001
0.09183673469387754,1.4183673469387754,149.99
0.09183673469387754,1.5102040816326532,149.99
0.09183673469387754,1.6020408163265307,149.99
0.09183673469387754,1.6938775510204083,149.99
0.09183673469387754,1.7857142857142858,149.99
0.09183673469387754,1.8775510204081634,149.99
0.09183673469387754,1.969387755102041,149.99
0.09183673469387754,2.0612244897959187,149.99
0.09183673469387754,2.1530612244897958,149.99
0.09183673469387754,2.2448979591836737,149.99
0.09183673469387754,2.336734693877551,149.99
0.09183673469387754,2.428571428571429,149.99
0.09183673469387754,2.5204081632653064,149.99
0.09183673469387754,2.612244897959184,149.99
0.09183673469387754,2.7040816326530615,149.99
0.09183673469387754,2.795918367346939,149.99
0.09183673469387754,2.8877551020408165,149.99
0.09183673469387754,2.979591836734694,52.14
0.09183673469387754,3.0714285714285716,35.65
0.09183673469387754,3.163265306122449,37.88
0.09183673469387754,3.2551020408163267,35.34
0.09183673469387754,3.3469387755102042,31.43
0.09183673469387754,3.438775510204082,33.660000000000004
0.09183673469387754,3.5306122448979593,31.63
0.09183673469387754,3.622448979591837,33.93
0.09183673469387754,3.7142857142857144,36.21
0.09183673469387754,3.806122448979592,36.37
0.09183673469387754,3.8979591836734695,36.13
0.09183673469387754,3.989795918367347,33.910000000000004
0.09183673469387754,4.081632653061225,33.5
0.09183673469387754,4.173469387755102,31.560000000000002
0.09183673469387754,4.26530612244898,33.78
0.09183673469387754,4.357142857142858,33.75
0.09183673469387754,4.448979591836735,33.8
0.09183673469387754,4.540816326530613,33.84
0.09183673469387754,4.63265306122449,33.88
0.09183673469387754,4.724489795918368,33.85
0.09183673469387754,4.816326530612245,31.76
0.09183673469387754,4.908163265306123,31.720000000000002
0.09183673469387754,5.0,31.720000000000002
0.12244897959183673,0.5,149.99
0.12244897959183673,0.5918367346938775,113.32000000000001
0.12244897959183673,0.6836734693877551,149.99
0.12244897959183673,0.7755102040816326,33.49
0.12244897959183673,0.8673469387755102,90.06
0.12244897959183673,0.9591836734693877,62.14
0.12244897959183673,1.0510204081632653,59.53
0.12244897959183673,1.1428571428571428,52.5
0.12244897959183673,1.2346938775510203,60.1
0.12244897959183673,1.3265306122448979,56.86
0.12244897959183673,1.4183673469387754,68.57000000000001
0.12244897959183673,1.5102040816326532,149.99
0.12244897959183673,1.6020408163265307,107.72
0.12244897959183673,1.6938775510204083,149.99
0.12244897959183673,1.7857142857142858,149.99
0.12244897959183673,1.8775510204081634,149.99
0.12244897959183673,1.969387755102041,58.75
0.12244897959183673,2.0612244897959187,149.99
0.12244897959183673,2.1530612244897958,149.99
0.12244897959183673,2.2448979591836737,149.99
0.12244897959183673,2.336734693877551,149.99
0.12244897959183673,2.428571428571429,127.18
0.12244897959183673,2.5204081632653064,149.99
0.12244897959183673,2.612244897959184,149.99
0.12244897959183673,2.7040816326530615,149.99
0.12244897959183673,2.795918367346939,149.99
0.12244897959183673,2.8877551020408165,149.99
0.12244897959183673,2.979591836734694,107.88
0.12244897959183673,3.0714285714285716,41.97
0.12244897959183673,3.163265306122449,38.61
0.12244897959183673,3.2551020408163267,35.300000000000004
0.12244897959183673,3.3469387755102042,31.19
0.12244897959183673,3.438775510204082,33.19
0.12244897959183673,3.5306122448979593,31.150000000000002
0.12244897959183673,3.622448979591837,31.48
0.12244897959183673,3.7142857142857144,31.720000000000002
0.12244897959183673,3.806122448979592,34.09
0.12244897959183673,3.8979591836734695,36.01
0.12244897959183673,3.989795918367347,33.83
0.12244897959183673,4.081632653061225,31.43
0.12244897959183673,4.173469387755102,31.150000000000002
0.12244897959183673,4.26530612244898,31.400000000000002
0.12244897959183673,4.357142857142858,31.39
0.12244897959183673,4.448979591836735,31.43
0.12244897959183673,4.540816326530613,31.46
0.12244897959183673,4.63265306122449,31.54
0.12244897959183673,4.724489795918368,31.54
0.12244897959183673,4.816326530612245,31.53
0.12244897959183673,4.908163265306123,31.490000000000002
0.12244897959183673,5.0,31.46
0.15306122448979592,0.5,149.99
0.15306122448979592,0.5918367346938775,143.38
0.15306122448979592,0.6836734693877551,149.99
0.15306122448979592,0.7755102040816326,49.410000000000004
0.15306122448979592,0.8673469387755102,73.54
0.15306122448979592,0.9591836734693877,53.18
0.15306122448979592,1.0510204081632653,56.64
0.15306122448979592,1.1428571428571428,55.86
0.15306122448979592,1.2346938775510203,51.5
0.15306122448979592,1.3265306122448979,66.36
0.15306122448979592,1.4183673469387754,57.56
0.15306122448979592,1.5102040816326532,149.99
0.15306122448979592,1.6020408163265307,149.99
0.15306122448979592,1.6938775510204083,149.99
0.15306122448979592,1.7857142857142858,149.99
0.15306122448979592,1.8775510204081634,17.93
0.15306122448979592,1.969387755102041,149.99
0.15306122448979592,2.0612244897959187,149.99
0.15306122448979592,2.1530612244897958,149.99
0.15306122448979592,2.2448979591836737,149.99
0.15306122448979592,2.336734693877551,149.99
0.15306122448979592,2.428571428571429,149.99
0.15306122448979592,2.5204081632653064,149.99
0.15306122448979592,2.612244897959184,149.99
0.15306122448979592,2.7040816326530615,149.99
0.15306122448979592,2.795918367346939,149.99
0.15306122448979592,2.8877551020408165,149.99
0.15306122448979592,2.979591836734694,34.800000000000004
0.15306122448979592,3.0714285714285716,38.35
0.15306122448979592,3.163265306122449,38.45
0.15306122448979592,3.2551020408163267,35.22
0.15306122448979592,3.3469387755102042,31.13
0.15306122448979592,3.438775510204082,28.900000000000002
0.15306122448979592,3.5306122448979593,30.89
0.15306122448979592,3.622448979591837,28.89
0.15306122448979592,3.7142857142857144,31.17
0.15306122448979592,3.806122448979592,33.7
0.15306122448979592,3.8979591836734695,33.99
0.15306122448979592,3.989795918367347,33.77
0.15306122448979592,4.081632653061225,31.36
0.15306122448979592,4.173469387755102,29.060000000000002
0.15306122448979592,4.26530612244898,29.1
0.15306122448979592,4.357142857142858,31.14
0.15306122448979592,4.448979591836735,29.150000000000002
0.15306122448979592,4.540816326530613,29.240000000000002
0.15306122448979592,4.63265306122449,29.27
0.15306122448979592,4.724489795918368,29.330000000000002
0.15306122448979592,4.816326530612245,29.330000000000002
0.15306122448979592,4.908163265306123,29.3
0.15306122448979592,5.0,29.27
0.18367346938775508,0.5,149.99
0.18367346938775508,0.5918367346938775,149.99
0.18367346938775508,0.6836734693877551,149.99
0.18367346938775508,0.7755102040816326,149.99
0.18367346938775508,0.8673469387755102,70.14
0.18367346938775508,0.9591836734693877,47.18
0.18367346938775508,1.0510204081632653,51.65
0.18367346938775508,1.1428571428571428,56.06
0.18367346938775508,1.2346938775510203,54.21
0.18367346938775508,1.3265306122448979,52.65
0.18367346938775508,1.4183673469387754,56.4
0.18367346938775508,1.5102040816326532,61.56
0.18367346938775508,1.6020408163265307,98.31
0.18367346938775508,1.6938775510204083,149.99
0.18367346938775508,1.7857142857142858,149.99
0.18367346938775508,1.8775510204081634,149.99
0.18367346938775508,1.969387755102041,149.99
0.18367346938775508,2.0612244897959187,25.62
0.18367346938775508,2.1530612244897958,149.99
0.18367346938775508,2.2448979591836737,73.27
0.18367346938775508,2.336734693877551,149.99
0.18367346938775508,2.428571428571429,149.99
0.18367346938775508,2.5204081632653064,149.99
0.18367346938775508,2.612244897959184,149.99
0.18367346938775508,2.7040816326530615,149.99
0.18367346938775508,2.795918367346939,149.99
0.18367346938775508,2.8877551020408165,149.99
0.18367346938775508,2.979591836734694,149.99
0.18367346938775508,3.0714285714285716,56.01
0.18367346938775508,3.163265306122449,44.27
0.18367346938775508,3.2551020408163267,33.84
0.18367346938775508,3.3469387755102042,31.09
0.18367346938775508,3.438775510204082,28.740000000000002
0.18367346938775508,3.5306122448979593,30.71
0.18367346938775508,3.622448979591837,28.64
0.18367346938775508,3.7142857142857144,28.95
0.18367346938775508,3.806122448979592,29.330000000000002
0.18367346938775508,3.8979591836734695,31.720000000000002
0.18367346938775508,3.989795918367347,33.71
0.18367346938775508,4.081632653061225,31.3
0.18367346938775508,4.173469387755102,28.94
0.18367346938775508,4.26530612244898,28.900000000000002
0.18367346938775508,4.357142857142858,29.02
0.18367346938775508,4.448979591836735,28.95
0.18367346938775508,4.540816326530613,28.990000000000002
0.18367346938775508,4.63265306122449,29.05
0.18367346938775508,4.724489795918368,29.11
0.18367346938775508,4.816326530612245,29.150000000000002
0.18367346938775508,4.908163265306123,29.150000000000002
0.18367346938775508,5.0,29.13
0.21428571428571427,0.5,149.99
0.21428571428571427,0.5918367346938775,149.99
0.21428571428571427,0.6836734693877551,42.72
0.21428571428571427,0.7755102040816326,70.68
0.21428571428571427,0.8673469387755102,149.99
0.21428571428571427,0.9591836734693877,67.5
0.21428571428571427,1.0510204081632653,62.17
0.21428571428571427,1.1428571428571428,52.15
0.21428571428571427,1.2346938775510203,55.11
0.21428571428571427,1.3265306122448979,48.45
0.21428571428571427,1.4183673469387754,67.71000000000001
0.21428571428571427,1.5102040816326532,81.23
0.21428571428571427,1.6020408163265307,149.99
0.21428571428571427,1.6938775510204083,149.99
0.21428571428571427,1.7857142857142858,149.99
0.21428571428571427,1.8775510204081634,149.99
0.21428571428571427,1.969387755102041,149.99
0.21428571428571427,2.0612244897959187,149.99
0.21428571428571427,2.1530612244897958,149.99
0.21428571428571427,2.2448979591836737,149.99
0.21428571428571427,2.336734693877551,149.99
0.21428571428571427,2.428571428571429,149.99
0.21428571428571427,2.5204081632653064,149.99
0.21428571428571427,2.612244897959184,149.99
0.21428571428571427,2.7040816326530615,149.99
0.21428571428571427,2.795918367346939,149.99
0.21428571428571427,2.8877551020408165,20.900000000000002
0.21428571428571427,2.979591836734694,149.99
0.21428571428571427,3.0714285714285716,37.88
0.21428571428571427,3.163265306122449,43.15
0.21428571428571427,3.2551020408163267,39.65
0.21428571428571427,3.3469387755102042,31.150000000000002
0.21428571428571427,3.438775510204082,28.73
0.21428571428571427,3.5306122448979593,30.6
0.21428571428571427,3.622448979591837,28.5
0.21428571428571427,3.7142857142857144,26.47
0.21428571428571427,3.806122448979592,28.92
0.21428571428571427,3.8979591836734695,31.46
0.21428571428571427,3.989795918367347,33.63
0.21428571428571427,4.081632653061225,31.25
0.21428571428571427,4.173469387755102,28.85
0.21428571428571427,4.26530612244898,26.810000000000002
0.21428571428571427,4.357142857142858,28.86
0.21428571428571427,4.448979591836735,28.79
0.21428571428571427,4.540816326530613,26.77
0.21428571428571427,4.63265306122449,26.79
0.21428571428571427,4.724489795918368,26.87
0.21428571428571427,4.816326530612245,26.900000000000002
0.21428571428571427,4.908163265306123,29.01
0.21428571428571427,5.0,26.93
0.24489795918367346,0.5,149.99
0.24489795918367346,0.5918367346938775,149.99
0.24489795918367346,0.6836734693877551,48.74
0.24489795918367346,0.7755102040816326,149.99
0.24489795918367346,0.8673469387755102,29.990000000000002
0.24489795918367346,0.9591836734693877,149.99
0.24489795918367346,1.0510204081632653,53.25
0.24489795918367346,1.1428571428571428,52.83
0.24489795918367346,1.2346938775510203,55.49
0.24489795918367346,1.3265306122448979,50.97
0.24489795918367346,1.4183673469387754,50.27
0.24489795918367346,1.5102040816326532,61.24
0.24489795918367346,1.6020408163265307,73.17
0.24489795918367346,1.6938775510204083,149.99
0.24489795918367346,1.7857142857142858,149.99
0.24489795918367346,1.8775510204081634,149.99
0.24489795918367346,1.969387755102041,149.99
0.24489795918367346,2.0612244897959187,149.99
0.24489795918367346,2.1530612244897958,149.99
0.24489795918367346,2.2448979591836737,21.05
0.24489795918367346,2.336734693877551,149.99
0.24489795918367346,2.428571428571429,149.99
0.24489795918367346,2.5204081632653064,149.99
0.24489795918367346,2.612244897959184,149.99
0.24489795918367346,2.7040816326530615,149.99
0.24489795918367346,2.795918367346939,149.99
0.24489795918367346,2.8877551020408165,149.99
0.24489795918367346,2.979591836734694,149.99
0.24489795918367346,3.0714285714285716,44.4
0.24489795918367346,3.163265306122449,34.71
0.24489795918367346,3.2551020408163267,38.06
0.24489795918367346,3.3469387755102042,36.17
0.24489795918367346,3.438775510204082,28.88
0.24489795918367346,3.5306122448979593,30.560000000000002
0.24489795918367346,3.622448979591837,28.41
0.24489795918367346,3.7142857142857144,26.240000000000002
0.24489795918367346,3.806122448979592,26.75
0.24489795918367346,3.8979591836734695,31.17
0.24489795918367346,3.989795918367347,31.560000000000002
0.24489795918367346,4.081632653061225,31.21
0.24489795918367346,4.173469387755102,26.69
0.24489795918367346,4.26530612244898,26.7
0.24489795918367346,4.357142857142858,26.7
0.24489795918367346,4.448979591836735,26.61
0.24489795918367346,4.540816326530613,26.62
0.24489795918367346,4.63265306122449,26.64
0.24489795918367346,4.724489795918368,26.7
0.24489795918367346,4.816326530612245,26.75
0.24489795918367346,4.908163265306123,26.8
0.24489795918367346,5.0,26.830000000000002
0.2755102040816326,0.5,149.99
0.2755102040816326,0.5918367346938775,149.99
0.2755102040816326,0.6836734693877551,54.02
0.2755102040816326,0.7755102040816326,149.99
0.2755102040816326,0.8673469387755102,149.99
0.2755102040816326,0.9591836734693877,58.94
0.2755102040816326,1.0510204081632653,47.17
0.2755102040816326,1.1428571428571428,46.300000000000004
0.2755102040816326,1.2346938775510203,52.620000000000005
0.2755102040816326,1.3265306122448979,56.34
0.2755102040816326,1.4183673469387754,46.9
0.2755102040816326,1.5102040816326532,59.43
0.2755102040816326,1.6020408163265307,83.34
0.2755102040816326,1.6938775510204083,59.81
0.2755102040816326,1.7857142857142858,46.980000000000004
0.2755102040816326,1.8775510204081634,149.99
0.2755102040816326,1.969387755102041,149.99
0.2755102040816326,2.0612244897959187,149.99
0.2755102040816326,2.1530612244897958,149.99
0.2755102040816326,2.2448979591836737,149.99
0.2755102040816326,2.336734693877551,149.99
0.2755102040816326,2.428571428571429,149.99
0.2755102040816326,2.5204081632653064,149.99
0.2755102040816326,2.612244897959184,72.04
0.2755102040816326,2.7040816326530615,149.99
0.2755102040816326,2.795918367346939,149.99
0.2755102040816326,2.8877551020408165,149.99
0.2755102040816326,2.979591836734694,149.99
0.2755102040816326,3.0714285714285716,37.62
0.2755102040816326,3.163265306122449,35.07
0.2755102040816326,3.2551020408163267,38.03
0.2755102040816326,3.3469387755102042,36.43
0.2755102040816326,3.438775510204082,33.3
0.2755102040816326,3.5306122448979593,30.6
0.2755102040816326,3.622448979591837,28.36
0.2755102040816326,3.7142857142857144,26.11
0.2755102040816326,3.806122448979592,24.32
0.2755102040816326,3.8979591836734695,26.88
0.2755102040816326,3.989795918367347,31.42
0.2755102040816326,4.081632653061225,31.18
0.2755102040816326,4.173469387755102,26.63
0.2755102040816326,4.26530612244898,26.61
0.2755102040816326,4.357142857142858,26.62
0.2755102040816326,4.448979591836735,26.51
0.2755102040816326,4.540816326530613,26.490000000000002
0.2755102040816326,4.63265306122449,26.51
0.2755102040816326,4.724489795918368,26.55
0.2755102040816326,4.816326530612245,26.61
0.2755102040816326,4.908163265306123,26.67
0.2755102040816326,5.0,26.72
0.30612244897959184,0.5,149.99
0.30612244897959184,0.5918367346938775,149.99
0.30612244897959184,0.6836734693877551,69.96000000000001
0.30612244897959184,0.7755102040816326,149.99
0.30612244897959184,0.8673469387755102,149.99
0.30612244897959184,0.9591836734693877,52.15
0.30612244897959184,1.0510204081632653,40.03
0.30612244897959184,1.1428571428571428,53.56
0.30612244897959184,1.2346938775510203,48.09
0.30612244897959184,1.3265306122448979,61.56
0.30612244897959184,1.4183673469387754,49.57
0.30612244897959184,1.5102040816326532,64.12
0.30612244897959184,1.6020408163265307,56.58
0.30612244897959184,1.6938775510204083,64.11
0.30612244897959184,1.7857142857142858,149.99
0.30612244897959184,1.8775510204081634,149.99
0.30612244897959184,1.969387755102041,149.99
0.30612244897959184,2.0612244897959187,130.13
0.30612244897959184,2.1530612244897958,149.99
0.30612244897959184,2.2448979591836737,149.99
0.30612244897959184,2.336734693877551,149.99
0.30612244897959184,2.428571428571429,149.99
0.30612244897959184,2.5204081632653064,149.99
0.30612244897959184,2.612244897959184,149.99
0.30612244897959184,2.7040816326530615,11.09
0.30612244897959184,2.795918367346939,149.99
0.30612244897959184,2.8877551020408165,149.99
0.30612244897959184,2.979591836734694,149.99
0.30612244897959184,3.0714285714285716,100.88
0.30612244897959184,3.163265306122449,32.5
0.30612244897959184,3.2551020408163267,30.5
0.30612244897959184,3.3469387755102042,41.5
0.30612244897959184,3.438775510204082,33.6
0.30612244897959184,3.5306122448979593,30.7
0.30612244897959184,3.622448979591837,28.35
0.30612244897959184,3.7142857142857144,26.03
0.30612244897959184,3.806122448979592,24.11
0.30612244897959184,3.8979591836734695,26.57
0.30612244897959184,3.989795918367347,31.240000000000002
0.30612244897959184,4.081632653061225,31.14
0.30612244897959184,4.173469387755102,26.57
0.30612244897959184,4.26530612244898,26.53
0.30612244897959184,4.357142857142858,26.560000000000002
0.30612244897959184,4.448979591836735,26.43
0.30612244897959184,4.540816326530613,26.39
0.30612244897959184,4.63265306122449,26.400000000000002
0.30612244897959184,4.724489795918368,26.42
0.30612244897959184,4.816326530612245,26.490000000000002
0.30612244897959184,4.908163265306123,26.560000000000002
0.30612244897959184,5.0,26.62
0.336734693877551,0.5,149.99
0.336734693877551,0.5918367346938775,149.99
0.336734693877551,0.6836734693877551,128.42000000000002
0.336734693877551,0.7755102040816326,149.99
0.336734693877551,0.8673469387755102,149.99
0.336734693877551,0.9591836734693877,99.25
0.336734693877551,1.0510204081632653,44.67
0.336734693877551,1.1428571428571428,58.870000000000005
0.336734693877551,1.2346938775510203,51.17
0.336734693877551,1.3265306122448979,54.68
0.336734693877551,1.4183673469387754,49.49
0.336734693877551,1.5102040816326532,55.42
0.336734693877551,1.6020408163265307,53.370000000000005
0.336734693877551,1.6938775510204083,56.74
0.336734693877551,1.7857142857142858,149.99
0.336734693877551,1.8775510204081634,149.99
0.336734693877551,1.969387755102041,84.7
0.336734693877551,2.0612244897959187,149.99
0.336734693877551,2.1530612244897958,73.53
0.336734693877551,2.2448979591836737,149.99
0.336734693877551,2.336734693877551,96.87
0.336734693877551,2.428571428571429,149.99
0.336734693877551,2.5204081632653064,149.99
0.336734693877551,2.612244897959184,149.99
0.336734693877551,2.7040816326530615,104.01
0.336734693877551,2.795918367346939,149.99
0.336734693877551,2.8877551020408165,21.52
0.336734693877551,2.979591836734694,149.99
0.336734693877551,3.0714285714285716,149.99
0.336734693877551,3.163265306122449,29.09
0.336734693877551,3.2551020408163267,29.85
0.336734693877551,3.3469387755102042,41.62
0.336734693877551,3.438775510204082,33.75
0.336734693877551,3.5306122448979593,30.82
0.336734693877551,3.622448979591837,28.37
0.336734693877551,3.7142857142857144,25.98
0.336734693877551,3.806122448979592,23.98
0.336734693877551,3.8979591836734695,26.28
0.336734693877551,3.989795918367347,29.17
0.336734693877551,4.081632653061225,31.11
0.336734693877551,4.173469387755102,26.52
0.336734693877551,4.26530612244898,24.47
0.336734693877551,4.357142857142858,26.51
0.336734693877551,4.448979591836735,26.37
0.336734693877551,4.540816326530613,24.32
0.336734693877551,4.63265306122449,24.32
0.336734693877551,4.724489795918368,24.35
0.336734693877551,4.816326530612245,24.34
0.336734693877551,4.908163265306123,24.46
0.336734693877551,5.0,24.51
0.36734693877551017,0.5,61.56
0.36734693877551017,0.5918367346938775,149.99
0.36734693877551017,0.6836734693877551,149.99
0.36734693877551017,0.7755102040816326,149.99
0.36734693877551017,0.8673469387755102,98.11
0.36734693877551017,0.9591836734693877,60.27
0.36734693877551017,1.0510204081632653,55.96
0.36734693877551017,1.1428571428571428,57.04
0.36734693877551017,1.2346938775510203,51.83
0.36734693877551017,1.3265306122448979,49.94
0.36734693877551017,1.4183673469387754,67.21000000000001
0.36734693877551017,1.5102040816326532,49.11
0.36734693877551017,1.6020408163265307,50.52
0.36734693877551017,1.6938775510204083,40.93
0.36734693877551017,1.7857142857142858,149.99
0.36734693877551017,1.8775510204081634,149.99
0.36734693877551017,1.969387755102041,149.99
0.36734693877551017,2.0612244897959187,149.99
0.36734693877551017,2.1530612244897958,149.99
0.36734693877551017,2.2448979591836737,28.38
0.36734693877551017,2.336734693877551,140.89000000000001
0.36734693877551017,2.428571428571429,149.99
0.36734693877551017,2.5204081632653064,149.99
0.36734693877551017,2.612244897959184,149.99
0.36734693877551017,2.7040816326530615,149.99
0.36734693877551017,2.795918367346939,149.99
0.36734693877551017,2.8877551020408165,149.99
0.36734693877551017,2.979591836734694,18.490000000000002
0.36734693877551017,3.0714285714285716,149.99
0.36734693877551017,3.163265306122449,28.89
0.36734693877551017,3.2551020408163267,35.82
0.36734693877551017,3.3469387755102042,34.83
0.36734693877551017,3.438775510204082,37.0
0.36734693877551017,3.5306122448979593,30.94
0.36734693877551017,3.622448979591837,28.42
0.36734693877551017,3.7142857142857144,25.96
0.36734693877551017,3.806122448979592,23.89
0.36734693877551017,3.8979591836734695,22.03
0.36734693877551017,3.989795918367347,28.97
0.36734693877551017,4.081632653061225,29.02
0.36734693877551017,4.173469387755102,26.48
0.36734693877551017,4.26530612244898,24.400000000000002
0.36734693877551017,4.357142857142858,26.46
0.36734693877551017,4.448979591836735,26.32
0.36734693877551017,4.540816326530613,24.25
0.36734693877551017,4.63265306122449,24.22
0.36734693877551017,4.724489795918368,24.25
0.36734693877551017,4.816326530612245,24.240000000000002
0.36734693877551017,4.908163265306123,24.35
0.36734693877551017,5.0,24.42
0.3979591836734694,0.5,57.550000000000004
0.3979591836734694,0.5918367346938775,149.99
0.3979591836734694,0.6836734693877551,149.99
0.3979591836734694,0.7755102040816326,29.7
0.3979591836734694,0.8673469387755102,149.99
0.3979591836734694,0.9591836734693877,149.99
0.3979591836734694,1.0510204081632653,101.75
0.3979591836734694,1.1428571428571428,49.53
0.3979591836734694,1.2346938775510203,45.44
0.3979591836734694,1.3265306122448979,49.64
0.3979591836734694,1.4183673469387754,49.45
0.3979591836734694,1.5102040816326532,47.75
0.3979591836734694,1.6020408163265307,78.2
0.3979591836734694,1.6938775510204083,54.81
0.3979591836734694,1.7857142857142858,72.95
0.3979591836734694,1.8775510204081634,149.99
0.3979591836734694,1.969387755102041,149.99
0.3979591836734694,2.0612244897959187,149.99
0.3979591836734694,2.1530612244897958,149.99
0.3979591836734694,2.2448979591836737,149.99
0.3979591836734694,2.336734693877551,149.99
0.3979591836734694,2.428571428571429,149.99
0.3979591836734694,2.5204081632653064,149.99
0.3979591836734694,2.612244897959184,149.99
0.3979591836734694,2.7040816326530615,149.99
0.3979591836734694,2.795918367346939,149.99
0.3979591836734694,2.8877551020408165,149.99
0.3979591836734694,2.979591836734694,149.99
0.3979591836734694,3.0714285714285716,149.99
0.3979591836734694,3.163265306122449,30.310000000000002
0.3979591836734694,3.2551020408163267,39.59
0.3979591836734694,3.3469387755102042,27.69
0.3979591836734694,3.438775510204082,38.94
0.3979591836734694,3.5306122448979593,31.09
0.3979591836734694,3.622448979591837,28.490000000000002
0.3979591836734694,3.7142857142857144,25.97
0.3979591836734694,3.806122448979592,23.82
0.3979591836734694,3.8979591836734695,21.82
0.3979591836734694,3.989795918367347,26.71
0.3979591836734694,4.081632653061225,28.95
0.3979591836734694,4.173469387755102,26.44
0.3979591836734694,4.26530612244898,24.34
0.3979591836734694,4.357142857142858,26.41
0.3979591836734694,4.448979591836735,26.28
0.3979591836734694,4.540816326530613,24.2
0.3979591836734694,4.63265306122449,24.14
0.3979591836734694,4.724489795918368,24.17
0.3979591836734694,4.816326530612245,24.150000000000002
0.3979591836734694,4.908163265306123,24.240000000000002
0.3979591836734694,5.0,24.330000000000002
0.42857142857142855,0.5,59.83
0.42857142857142855,0.5918367346938775,149.99
0.42857142857142855,0.6836734693877551,37.88
0.42857142857142855,0.7755102040816326,36.69
0.42857142857142855,0.8673469387755102,91.66
0.42857142857142855,0.9591836734693877,35.24
0.42857142857142855,1.0510204081632653,71.78
0.42857142857142855,1.1428571428571428,44.87
0.42857142857142855,1.2346938775510203,44.47
0.42857142857142855,1.3265306122448979,47.18
0.42857142857142855,1.4183673469387754,50.56
0.42857142857142855,1.5102040816326532,47.38
0.42857142857142855,1.6020408163265307,56.45
0.42857142857142855,1.6938775510204083,100.87
0.42857142857142855,1.7857142857142858,120.43
0.42857142857142855,1.8775510204081634,149.99
0.42857142857142855,1.969387755102041,149.99
0.42857142857142855,2.0612244897959187,149.99
0.42857142857142855,2.1530612244897958,149.99
0.42857142857142855,2.2448979591836737,149.99
0.42857142857142855,2.336734693877551,84.28
0.42857142857142855,2.428571428571429,149.99
0.42857142857142855,2.5204081632653064,149.99
0.42857142857142855,2.612244897959184,149.99
0.42857142857142855,2.7040816326530615,149.99
0.42857142857142855,2.795918367346939,149.99
0.42857142857142855,2.8877551020408165,149.99
0.42857142857142855,2.979591836734694,149.99
0.42857142857142855,3.0714285714285716,149.99
0.42857142857142855,3.163265306122449,34.29
0.42857142857142855,3.2551020408163267,53.07
0.42857142857142855,3.3469387755102042,25.94
0.42857142857142855,3.438775510204082,38.83
0.42857142857142855,3.5306122448979593,31.5
0.42857142857142855,3.622448979591837,28.57
0.42857142857142855,3.7142857142857144,25.990000000000002
0.42857142857142855,3.806122448979592,23.79
0.42857142857142855,3.8979591836734695,21.67
0.42857142857142855,3.989795918367347,24.55
0.42857142857142855,4.081632653061225,28.88
0.42857142857142855,4.173469387755102,26.41
0.42857142857142855,4.26530612244898,24.27
0.42857142857142855,4.357142857142858,24.36
0.42857142857142855,4.448979591836735,26.240000000000002
0.42857142857142855,4.540816326530613,24.16
0.42857142857142855,4.63265306122449,24.080000000000002
0.42857142857142855,4.724489795918368,24.09
0.42857142857142855,4.816326530612245,24.07
0.42857142857142855,4.908163265306123,24.150000000000002
0.42857142857142855,5.0,24.240000000000002
0.45918367346938777,0.5,65.39
0.45918367346938777,0.5918367346938775,149.99
0.45918367346938777,0.6836734693877551,149.99
0.45918367346938777,0.7755102040816326,36.2
0.45918367346938777,0.8673469387755102,59.69
0.45918367346938777,0.9591836734693877,27.37
0.45918367346938777,1.0510204081632653,111.5
0.45918367346938777,1.1428571428571428,42.46
0.45918367346938777,1.2346938775510203,49.550000000000004
0.45918367346938777,1.3265306122448979,46.2
0.45918367346938777,1.4183673469387754,51.800000000000004
0.45918367346938777,1.5102040816326532,48.31
0.45918367346938777,1.6020408163265307,51.89
0.45918367346938777,1.6938775510204083,49.25
0.45918367346938777,1.7857142857142858,60.17
0.45918367346938777,1.8775510204081634,149.99
0.45918367346938777,1.969387755102041,149.99
0.45918367346938777,2.0612244897959187,149.99
0.45918367346938777,2.1530612244897958,149.99
0.45918367346938777,2.2448979591836737,149.99
0.45918367346938777,2.336734693877551,149.99
0.45918367346938777,2.428571428571429,149.99
0.45918367346938777,2.5204081632653064,149.99
0.45918367346938777,2.612244897959184,149.99
0.45918367346938777,2.7040816326530615,149.99
0.45918367346938777,2.795918367346939,10.290000000000001
0.45918367346938777,2.8877551020408165,149.99
0.45918367346938777,2.979591836734694,149.99
0.45918367346938777,3.0714285714285716,149.99
0.45918367346938777,3.163265306122449,37.29
0.45918367346938777,3.2551020408163267,49.410000000000004
0.45918367346938777,3.3469387755102042,31.26
0.45918367346938777,3.438775510204082,32.14
0.45918367346938777,3.5306122448979593,35.95
0.45918367346938777,3.622448979591837,28.66
0.45918367346938777,3.7142857142857144,26.02
0.45918367346938777,3.806122448979592,23.77
0.45918367346938777,3.8979591836734695,21.56
0.45918367346938777,3.989795918367347,24.32
0.45918367346938777,4.081632653061225,28.8
0.45918367346938777,4.173469387755102,26.39
0.45918367346938777,4.26530612244898,24.21
0.45918367346938777,4.357142857142858,24.310000000000002
0.45918367346938777,4.448979591836735,26.21
0.45918367346938777,4.540816326530613,24.12
0.45918367346938777,4.63265306122449,24.02
0.45918367346938777,4.724489795918368,24.02
0.45918367346938777,4.816326530612245,21.89
0.45918367346938777,4.908163265306123,21.97
0.45918367346938777,5.0,22.04
0.4897959183673469,0.5,75.33
0.4897959183673469,0.5918367346938775,149.99
0.4897959183673469,0.6836734693877551,149.99
0.4897959183673469,0.7755102040816326,35.71
0.4897959183673469,0.8673469387755102,149.99
0.4897959183673469,0.9591836734693877,30.47
0.4897959183673469,1.0510204081632653,46.28
0.4897959183673469,1.1428571428571428,37.58
0.4897959183673469,1.2346938775510203,54.61
0.4897959183673469,1.3265306122448979,49.03
0.4897959183673469,1.4183673469387754,50.0
0.4897959183673469,1.5102040816326532,69.22
0.4897959183673469,1.6020408163265307,47.51
0.4897959183673469,1.6938775510204083,56.800000000000004
0.4897959183673469,1.7857142857142858,51.57
0.4897959183673469,1.8775510204081634,39.77
0.4897959183673469,1.969387755102041,149.99
0.4897959183673469,2.0612244897959187,149.99
0.4897959183673469,2.1530612244897958,149.99
0.4897959183673469,2.2448979591836737,149.99
0.4897959183673469,2.336734693877551,149.99
0.4897959183673469,2.428571428571429,141.5
0.4897959183673469,2.5204081632653064,149.99
0.4897959183673469,2.612244897959184,149.99
0.4897959183673469,2.7040816326530615,149.99
0.4897959183673469,2.795918367346939,46.51
0.4897959183673469,2.8877551020408165,149.99
0.4897959183673469,2.979591836734694,149.99
0.4897959183673469,3.0714285714285716,149.99
0.4897959183673469,3.163265306122449,33.02
0.4897959183673469,3.2551020408163267,40.03
0.4897959183673469,3.3469387755102042,149.99
0.4897959183673469,3.438775510204082,31.73
0.4897959183673469,3.5306122448979593,36.14
0.4897959183673469,3.622448979591837,28.78
0.4897959183673469,3.7142857142857144,26.07
0.4897959183673469,3.806122448979592,23.77
0.4897959183673469,3.8979591836734695,21.48
0.4897959183673469,3.989795918367347,22.04
0.4897959183673469,4.081632653061225,28.71
0.4897959183673469,4.173469387755102,26.37
0.4897959183673469,4.26530612244898,24.150000000000002
0.4897959183673469,4.357142857142858,24.25
0.4897959183673469,4.448979591836735,24.29
0.4897959183673469,4.540816326530613,24.09
0.4897959183673469,4.63265306122449,23.97
0.4897959183673469,4.724489795918368,21.87
0.4897959183673469,4.816326530612245,21.830000000000002
0.4897959183673469,4.908163265306123,21.88
0.4897959183673469,5.0,21.97
0.5204081632653061,0.5,65.71000000000001
0.5204081632653061,0.5918367346938775,149.99
0.5204081632653061,0.6836734693877551,149.99
0.5204081632653061,0.7755102040816326,34.88
0.5204081632653061,0.8673469387755102,149.99
0.5204081632653061,0.9591836734693877,149.99
0.5204081632653061,1.0510204081632653,149.99
0.5204081632653061,1.1428571428571428,40.77
0.5204081632653061,1.2346938775510203,58.410000000000004
0.5204081632653061,1.3265306122448979,49.370000000000005
0.5204081632653061,1.4183673469387754,46.68
0.5204081632653061,1.5102040816326532,48.31
0.5204081632653061,1.6020408163265307,46.34
0.5204081632653061,1.6938775510204083,52.95
0.5204081632653061,1.7857142857142858,55.1
0.5204081632653061,1.8775510204081634,54.980000000000004
0.5204081632653061,1.969387755102041,149.99
0.5204081632653061,2.0612244897959187,149.99
0.5204081632653061,2.1530612244897958,149.99
0.5204081632653061,2.2448979591836737,149.99
0.5204081632653061,2.336734693877551,18.03
0.5204081632653061,2.428571428571429,149.99
0.5204081632653061,2.5204081632653064,149.99
0.5204081632653061,2.612244897959184,48.480000000000004
0.5204081632653061,2.7040816326530615,149.99
0.5204081632653061,2.795918367346939,149.99
0.5204081632653061,2.8877551020408165,149.99
0.5204081632653061,2.979591836734694,20.62
0.5204081632653061,3.0714285714285716,149.99
0.5204081632653061,3.163265306122449,61.31
0.5204081632653061,3.2551020408163267,39.53
0.5204081632653061,3.3469387755102042,41.03
0.5204081632653061,3.438775510204082,29.89
0.5204081632653061,3.5306122448979593,34.910000000000004
0.5204081632653061,3.622448979591837,28.97
0.5204081632653061,3.7142857142857144,26.12
0.5204081632653061,3.806122448979592,23.79
0.5204081632653061,3.8979591836734695,21.42
0.5204081632653061,3.989795918367347,21.740000000000002
0.5204081632653061,4.081632653061225,28.6
0.5204081632653061,4.173469387755102,26.35
0.5204081632653061,4.26530612244898,24.09
0.5204081632653061,4.357142857142858,24.19
0.5204081632653061,4.448979591836735,24.26
0.5204081632653061,4.540816326530613,24.060000000000002
0.5204081632653061,4.63265306122449,23.93
0.5204081632653061,4.724489795918368,21.82
0.5204081632653061,4.816326530612245,21.77
0.5204081632653061,4.908163265306123,21.81
0.5204081632653061,5.0,21.89
0.5510204081632653,0.5,60.9
0.5510204081632653,0.5918367346938775,149.99
0.5510204081632653,0.6836734693877551,149.99
0.5510204081632653,0.7755102040816326,32.71
0.5510204081632653,0.8673469387755102,149.99
0.5510204081632653,0.9591836734693877,149.99
0.5510204081632653,1.0510204081632653,149.99
0.5510204081632653,1.1428571428571428,42.15
0.5510204081632653,1.2346938775510203,57.96
0.5510204081632653,1.3265306122448979,48.77
0.5510204081632653,1.4183673469387754,47.480000000000004
0.5510204081632653,1.5102040816326532,48.68
0.5510204081632653,1.6020408163265307,46.03
0.5510204081632653,1.6938775510204083,68.58
0.5510204081632653,1.7857142857142858,50.29
0.5510204081632653,1.8775510204081634,52.620000000000005
0.5510204081632653,1.969387755102041,149.99
0.5510204081632653,2.0612244897959187,149.99
0.5510204081632653,2.1530612244897958,149.99
0.5510204081632653,2.2448979591836737,149.99
0.5510204081632653,2.336734693877551,149.99
0.5510204081632653,2.428571428571429,149.99
0.5510204081632653,2.5204081632653064,149.99
0.5510204081632653,2.612244897959184,15.23
0.5510204081632653,2.7040816326530615,18.37
0.5510204081632653,2.795918367346939,123.42
0.5510204081632653,2.8877551020408165,149.99
0.5510204081632653,2.979591836734694,20.61
0.5510204081632653,3.0714285714285716,149.99
0.5510204081632653,3.163265306122449,32.78
0.5510204081632653,3.2551020408163267,39.94
0.5510204081632653,3.3469387755102042,149.99
0.5510204081632653,3.438775510204082,29.900000000000002
0.5510204081632653,3.5306122448979593,34.730000000000004
0.5510204081632653,3.622448979591837,33.39
0.5510204081632653,3.7142857142857144,26.19
0.5510204081632653,3.806122448979592,23.830000000000002
0.5510204081632653,3.8979591836734695,21.38
0.5510204081632653,3.989795918367347,21.5
0.5510204081632653,4.081632653061225,26.580000000000002
0.5510204081632653,4.173469387755102,26.32
0.5510204081632653,4.26530612244898,21.95
0.5510204081632653,4.357142857142858,24.13
0.5510204081632653,4.448979591836735,24.22
0.5510204081632653,4.540816326530613,24.04
0.5510204081632653,4.63265306122449,21.84
0.5510204081632653,4.724489795918368,21.77
0.5510204081632653,4.816326530612245,21.71
0.5510204081632653,4.908163265306123,21.740000000000002
0.5510204081632653,5.0,21.830000000000002
0.5816326530612245,0.5,103.02
0.5816326530612245,0.5918367346938775,149.99
0.5816326530612245,0.6836734693877551,149.99
0.5816326530612245,0.7755102040816326,32.77
0.5816326530612245,0.8673469387755102,149.99
0.5816326530612245,0.9591836734693877,149.99
0.5816326530612245,1.0510204081632653,64.05
0.5816326530612245,1.1428571428571428,65.63
0.5816326530612245,1.2346938775510203,52.97
0.5816326530612245,1.3265306122448979,44.160000000000004
0.5816326530612245,1.4183673469387754,46.86
0.5816326530612245,1.5102040816326532,52.84
0.5816326530612245,1.6020408163265307,46.17
0.5816326530612245,1.6938775510204083,53.52
0.5816326530612245,1.7857142857142858,46.980000000000004
0.5816326530612245,1.8775510204081634,68.51
0.5816326530612245,1.969387755102041,146.38
0.5816326530612245,2.0612244897959187,149.99
0.5816326530612245,2.1530612244897958,149.99
0.5816326530612245,2.2448979591836737,149.99
0.5816326530612245,2.336734693877551,149.99
0.5816326530612245,2.428571428571429,30.41
0.5816326530612245,2.5204081632653064,149.99
0.5816326530612245,2.612244897959184,149.99
0.5816326530612245,2.7040816326530615,149.99
0.5816326530612245,2.795918367346939,149.99
0.5816326530612245,2.8877551020408165,149.99
0.5816326530612245,2.979591836734694,149.99
0.5816326530612245,3.0714285714285716,149.99
0.5816326530612245,3.163265306122449,69.13
0.5816326530612245,3.2551020408163267,70.97
0.5816326530612245,3.3469387755102042,27.7
0.5816326530612245,3.438775510204082,28.330000000000002
0.5816326530612245,3.5306122448979593,29.84
0.5816326530612245,3.622448979591837,33.59
0.5816326530612245,3.7142857142857144,26.26
0.5816326530612245,3.806122448979592,23.87
0.5816326530612245,3.8979591836734695,21.36
0.5816326530612245,3.989795918367347,19.6
0.5816326530612245,4.081632653061225,24.330000000000002
0.5816326530612245,4.173469387755102,26.3
0.5816326530612245,4.26530612244898,21.89
0.5816326530612245,4.357142857142858,22.07
0.5816326530612245,4.448979591836735,24.18
0.5816326530612245,4.540816326530613,24.02
0.5816326530612245,4.63265306122449,21.81
0.5816326530612245,4.724489795918368,21.740000000000002
0.5816326530612245,4.816326530612245,21.66
0.5816326530612245,4.908163265306123,21.68
0.5816326530612245,5.0,21.76
0.6122448979591837,0.5,86.42
0.6122448979591837,0.5918367346938775,149.99
0.6122448979591837,0.6836734693877551,149.99
0.6122448979591837,0.7755102040816326,35.730000000000004
0.6122448979591837,0.8673469387755102,149.99
0.6122448979591837,0.9591836734693877,149.99
0.6122448979591837,1.0510204081632653,149.99
0.6122448979591837,1.1428571428571428,51.04
0.6122448979591837,1.2346938775510203,47.81
0.6122448979591837,1.3265306122448979,41.19
0.6122448979591837,1.4183673469387754,44.29
0.6122448979591837,1.5102040816326532,51.49
0.6122448979591837,1.6020408163265307,47.03
0.6122448979591837,1.6938775510204083,47.13
0.6122448979591837,1.7857142857142858,7.03
0.6122448979591837,1.8775510204081634,55.92
0.6122448979591837,1.969387755102041,66.71000000000001
0.6122448979591837,2.0612244897959187,149.99
0.6122448979591837,2.1530612244897958,149.99
0.6122448979591837,2.2448979591836737,149.99
0.6122448979591837,2.336734693877551,149.99
0.6122448979591837,2.428571428571429,149.99
0.6122448979591837,2.5204081632653064,149.99
0.6122448979591837,2.612244897959184,149.99
0.6122448979591837,2.7040816326530615,149.99
0.6122448979591837,2.795918367346939,149.99
0.6122448979591837,2.8877551020408165,149.99
0.6122448979591837,2.979591836734694,149.99
0.6122448979591837,3.0714285714285716,15.65
0.6122448979591837,3.163265306122449,32.06
0.6122448979591837,3.2551020408163267,33.93
0.6122448979591837,3.3469387755102042,32.68
0.6122448979591837,3.438775510204082,44.410000000000004
0.6122448979591837,3.5306122448979593,29.46
0.6122448979591837,3.622448979591837,33.71
0.6122448979591837,3.7142857142857144,26.35
0.6122448979591837,3.806122448979592,23.93
0.6122448979591837,3.8979591836734695,21.35
0.6122448979591837,3.989795918367347,19.42
0.6122448979591837,4.081632653061225,24.18
0.6122448979591837,4.173469387755102,26.27
0.6122448979591837,4.26530612244898,21.84
0.6122448979591837,4.357142857142858,22.0
0.6122448979591837,4.448979591836735,24.150000000000002
0.6122448979591837,4.540816326530613,21.88
0.6122448979591837,4.63265306122449,21.78
0.6122448979591837,4.724489795918368,21.7
0.6122448979591837,4.816326530612245,21.62
0.6122448979591837,4.908163265306123,21.62
0.6122448979591837,5.0,21.7
0.6428571428571428,0.5,84.87
0.6428571428571428,0.5918367346938775,149.99
0.6428571428571428,0.6836734693877551,149.99
0.6428571428571428,0.7755102040816326,36.57
0.6428571428571428,0.8673469387755102,143.12
0.6428571428571428,0.9591836734693877,52.25
0.6428571428571428,1.0510204081632653,149.99
0.6428571428571428,1.1428571428571428,57.21
0.6428571428571428,1.2346938775510203,45.31
0.6428571428571428,1.3265306122448979,42.22
0.6428571428571428,1.4183673469387754,43.29
0.6428571428571428,1.5102040816326532,48.45
0.6428571428571428,1.6020408163265307,57.2
0.6428571428571428,1.6938775510204083,45.44
0.6428571428571428,1.7857142857142858,56.72
0.6428571428571428,1.8775510204081634,62.190000000000005
0.6428571428571428,1.969387755102041,77.04
0.6428571428571428,2.0612244897959187,149.99
0.6428571428571428,2.1530612244897958,149.99
0.6428571428571428,2.2448979591836737,149.99
0.6428571428571428,2.336734693877551,149.99
0.6428571428571428,2.428571428571429,74.26
0.6428571428571428,2.5204081632653064,145.27
0.6428571428571428,2.612244897959184,149.99
0.6428571428571428,2.7040816326530615,40.230000000000004
0.6428571428571428,2.795918367346939,149.99
0.6428571428571428,2.8877551020408165,9.790000000000001
0.6428571428571428,2.979591836734694,19.8
0.6428571428571428,3.0714285714285716,18.2
0.6428571428571428,3.163265306122449,42.57
0.6428571428571428,3.2551020408163267,31.73
0.6428571428571428,3.3469387755102042,34.79
0.6428571428571428,3.438775510204082,35.5
0.6428571428571428,3.5306122448979593,29.150000000000002
0.6428571428571428,3.622448979591837,33.78
0.6428571428571428,3.7142857142857144,26.48
0.6428571428571428,3.806122448979592,23.990000000000002
0.6428571428571428,3.8979591836734695,21.35
0.6428571428571428,3.989795918367347,17.080000000000002
0.6428571428571428,4.081632653061225,24.03
0.6428571428571428,4.173469387755102,26.240000000000002
0.6428571428571428,4.26530612244898,21.79
0.6428571428571428,4.357142857142858,21.94
0.6428571428571428,4.448979591836735,21.990000000000002
0.6428571428571428,4.540816326530613,21.86
0.6428571428571428,4.63265306122449,21.76
0.6428571428571428,4.724489795918368,21.67
0.6428571428571428,4.816326530612245,21.59
0.6428571428571428,4.908163265306123,21.57
0.6428571428571428,5.0,21.64
0.673469387755102,0.5,84.82000000000001
0.673469387755102,0.5918367346938775,149.99
0.673469387755102,0.6836734693877551,149.99
0.673469387755102,0.7755102040816326,38.04
0.673469387755102,0.8673469387755102,149.99
0.673469387755102,0.9591836734693877,52.99
0.673469387755102,1.0510204081632653,149.99
0.673469387755102,1.1428571428571428,98.77
0.673469387755102,1.2346938775510203,41.74
0.673469387755102,1.3265306122448979,46.49
0.673469387755102,1.4183673469387754,46.24
0.673469387755102,1.5102040816326532,49.85
0.673469387755102,1.6020408163265307,17.900000000000002
0.673469387755102,1.6938775510204083,45.07
0.673469387755102,1.7857142857142858,57.02
0.673469387755102,1.8775510204081634,48.11
0.673469387755102,1.969387755102041,13.790000000000001
0.673469387755102,2.0612244897959187,149.99
0.673469387755102,2.1530612244897958,123.0
0.673469387755102,2.2448979591836737,149.99
0.673469387755102,2.336734693877551,149.99
0.673469387755102,2.428571428571429,149.99
0.673469387755102,2.5204081632653064,51.89
0.673469387755102,2.612244897959184,149.99
0.673469387755102,2.7040816326530615,149.99
0.673469387755102,2.795918367346939,26.560000000000002
0.673469387755102,2.8877551020408165,9.57
0.673469387755102,2.979591836734694,149.99
0.673469387755102,3.0714285714285716,149.99
0.673469387755102,3.163265306122449,45.6
0.673469387755102,3.2551020408163267,26.17
0.673469387755102,3.3469387755102042,9.98
0.673469387755102,3.438775510204082,35.43
0.673469387755102,3.5306122448979593,27.46
0.673469387755102,3.622448979591837,33.730000000000004
0.673469387755102,3.7142857142857144,26.64
0.673469387755102,3.806122448979592,25.62
0.673469387755102,3.8979591836734695,21.37
0.673469387755102,3.989795918367347,16.93
0.673469387755102,4.081632653061225,23.88
0.673469387755102,4.173469387755102,26.2
0.673469387755102,4.26530612244898,21.75
0.673469387755102,4.357142857142858,21.87
0.673469387755102,4.448979591836735,21.95
0.673469387755102,4.540816326530613,21.830000000000002
0.673469387755102,4.63265306122449,21.73
0.673469387755102,4.724489795918368,21.650000000000002
0.673469387755102,4.816326530612245,21.55
0.673469387755102,4.908163265306123,21.53
0.673469387755102,5.0,21.59
0.7040816326530612,0.5,78.54
0.7040816326530612,0.5918367346938775,149.99
0.7040816326530612,0.6836734693877551,149.99
0.7040816326530612,0.7755102040816326,43.480000000000004
0.7040816326530612,0.8673469387755102,139.36
0.7040816326530612,0.9591836734693877,149.99
0.7040816326530612,1.0510204081632653,149.99
0.7040816326530612,1.1428571428571428,100.0
0.7040816326530612,1.2346938775510203,40.49
0.7040816326530612,1.3265306122448979,50.44
0.7040816326530612,1.4183673469387754,47.160000000000004
0.7040816326530612,1.5102040816326532,45.25
0.7040816326530612,1.6020408163265307,46.03
0.7040816326530612,1.6938775510204083,44.83
0.7040816326530612,1.7857142857142858,53.33
0.7040816326530612,1.8775510204081634,46.32
0.7040816326530612,1.969387755102041,71.4
0.7040816326530612,2.0612244897959187,13.35
0.7040816326530612,2.1530612244897958,56.68
0.7040816326530612,2.2448979591836737,149.99
0.7040816326530612,2.336734693877551,149.99
0.7040816326530612,2.428571428571429,149.99
0.7040816326530612,2.5204081632653064,149.99
0.7040816326530612,2.612244897959184,149.99
0.7040816326530612,2.7040816326530615,149.99
0.7040816326530612,2.795918367346939,35.38
0.7040816326530612,2.8877551020408165,51.07
0.7040816326530612,2.979591836734694,149.99
0.7040816326530612,3.0714285714285716,149.99
0.7040816326530612,3.163265306122449,51.65
0.7040816326530612,3.2551020408163267,27.69
0.7040816326530612,3.3469387755102042,9.950000000000001
0.7040816326530612,3.438775510204082,39.2
0.7040816326530612,3.5306122448979593,27.28
0.7040816326530612,3.622448979591837,33.57
0.7040816326530612,3.7142857142857144,30.91
0.7040816326530612,3.806122448979592,25.72
0.7040816326530612,3.8979591836734695,23.22
0.7040816326530612,3.989795918367347,16.82
0.7040816326530612,4.081632653061225,21.8
0.7040816326530612,4.173469387755102,26.16
0.7040816326530612,4.26530612244898,21.71
0.7040816326530612,4.357142857142858,21.81
0.7040816326530612,4.448979591836735,21.92
0.7040816326530612,4.540816326530613,21.81
0.7040816326530612,4.63265306122449,21.71
0.7040816326530612,4.724489795918368,21.62
0.7040816326530612,4.816326530612245,21.52
0.7040816326530612,4.908163265306123,21.490000000000002
0.7040816326530612,5.0,19.52
0.7346938775510203,0.5,114.91
0.7346938775510203,0.5918367346938775,149.99
0.7346938775510203,0.6836734693877551,149.99
0.7346938775510203,0.7755102040816326,37.94
0.7346938775510203,0.8673469387755102,29.98
0.7346938775510203,0.9591836734693877,149.99
0.7346938775510203,1.0510204081632653,30.330000000000002
0.7346938775510203,1.1428571428571428,44.39
0.7346938775510203,1.2346938775510203,38.230000000000004
0.7346938775510203,1.3265306122448979,54.29
0.7346938775510203,1.4183673469387754,47.03
0.7346938775510203,1.5102040816326532,44.63
0.7346938775510203,1.6020408163265307,51.59
0.7346938775510203,1.6938775510204083,44.86
0.7346938775510203,1.7857142857142858,58.800000000000004
0.7346938775510203,1.8775510204081634,90.08
0.7346938775510203,1.969387755102041,56.38
0.7346938775510203,2.0612244897959187,75.71000000000001
0.7346938775510203,2.1530612244897958,149.99
0.7346938775510203,2.2448979591836737,149.99
0.7346938775510203,2.336734693877551,149.99
0.7346938775510203,2.428571428571429,149.99
0.7346938775510203,2.5204081632653064,149.99
0.7346938775510203,2.612244897959184,149.99
0.7346938775510203,2.7040816326530615,15.83
0.7346938775510203,2.795918367346939,149.99
0.7346938775510203,2.8877551020408165,149.99
0.7346938775510203,2.979591836734694,149.99
0.7346938775510203,3.0714285714285716,149.99
0.7346938775510203,3.163265306122449,51.09
0.7346938775510203,3.2551020408163267,29.71
0.7346938775510203,3.3469387755102042,50.07
0.7346938775510203,3.438775510204082,24.990000000000002
0.7346938775510203,3.5306122448979593,25.94
0.7346938775510203,3.622448979591837,27.310000000000002
0.7346938775510203,3.7142857142857144,31.01
0.7346938775510203,3.806122448979592,25.830000000000002
0.7346938775510203,3.8979591836734695,23.25
0.7346938775510203,3.989795918367347,16.740000000000002
0.7346938775510203,4.081632653061225,19.54
0.7346938775510203,4.173469387755102,26.11
0.7346938775510203,4.26530612244898,21.68
0.7346938775510203,4.357142857142858,21.740000000000002
0.7346938775510203,4.448979591836735,21.88
0.7346938775510203,4.540816326530613,21.79
0.7346938775510203,4.63265306122449,21.69
0.7346938775510203,4.724489795918368,21.6
0.7346938775510203,4.816326530612245,21.5
0.7346938775510203,4.908163265306123,21.45
0.7346938775510203,5.0,19.47
0.7653061224489796,0.5,93.62
0.7653061224489796,0.5918367346938775,149.99
0.7653061224489796,0.6836734693877551,149.99
0.7653061224489796,0.7755102040816326,37.54
0.7653061224489796,0.8673469387755102,26.6
0.7653061224489796,0.9591836734693877,39.7
0.7653061224489796,1.0510204081632653,33.32
0.7653061224489796,1.1428571428571428,54.63
0.7653061224489796,1.2346938775510203,35.910000000000004
0.7653061224489796,1.3265306122448979,55.97
0.7653061224489796,1.4183673469387754,46.93
0.7653061224489796,1.5102040816326532,47.7
0.7653061224489796,1.6020408163265307,50.5
0.7653061224489796,1.6938775510204083,45.13
0.7653061224489796,1.7857142857142858,48.04
0.7653061224489796,1.8775510204081634,6.69
0.7653061224489796,1.969387755102041,30.35
0.7653061224489796,2.0612244897959187,67.8
0.7653061224489796,2.1530612244897958,149.99
0.7653061224489796,2.2448979591836737,149.99
0.7653061224489796,2.336734693877551,149.99
0.7653061224489796,2.428571428571429,30.18
0.7653061224489796,2.5204081632653064,149.99
0.7653061224489796,2.612244897959184,149.99
0.7653061224489796,2.7040816326530615,69.02
0.7653061224489796,2.795918367346939,149.99
0.7653061224489796,2.8877551020408165,149.99
0.7653061224489796,2.979591836734694,149.99
0.7653061224489796,3.0714285714285716,21.84
0.7653061224489796,3.163265306122449,21.26
0.7653061224489796,3.2551020408163267,27.86
0.7653061224489796,3.3469387755102042,25.990000000000002
0.7653061224489796,3.438775510204082,45.14
0.7653061224489796,3.5306122448979593,31.01
0.7653061224489796,3.622448979591837,27.04
0.7653061224489796,3.7142857142857144,31.080000000000002
0.7653061224489796,3.806122448979592,25.94
0.7653061224489796,3.8979591836734695,23.28
0.7653061224489796,3.989795918367347,16.69
0.7653061224489796,4.081632653061225,19.400000000000002
0.7653061224489796,4.173469387755102,24.07
0.7653061224489796,4.26530612244898,21.650000000000002
0.7653061224489796,4.357142857142858,21.67
0.7653061224489796,4.448979591836735,21.84
0.7653061224489796,4.540816326530613,21.76
0.7653061224489796,4.63265306122449,21.68
0.7653061224489796,4.724489795918368,21.580000000000002
0.7653061224489796,4.816326530612245,21.47
0.7653061224489796,4.908163265306123,21.41
0.7653061224489796,5.0,19.43
0.7959183673469388,0.5,59.2
0.7959183673469388,0.5918367346938775,149.99
0.7959183673469388,0.6836734693877551,149.99
0.7959183673469388,0.7755102040816326,149.99
0.7959183673469388,0.8673469387755102,26.44
0.7959183673469388,0.9591836734693877,29.0
0.7959183673469388,1.0510204081632653,33.36
0.7959183673469388,1.1428571428571428,149.99
0.7959183673469388,1.2346938775510203,37.730000000000004
0.7959183673469388,1.3265306122448979,57.59
0.7959183673469388,1.4183673469387754,46.36
0.7959183673469388,1.5102040816326532,47.17
0.7959183673469388,1.6020408163265307,59.26
0.7959183673469388,1.6938775510204083,50.0
0.7959183673469388,1.7857142857142858,45.04
0.7959183673469388,1.8775510204081634,53.57
0.7959183673469388,1.969387755102041,48.78
0.7959183673469388,2.0612244897959187,124.19
0.7959183673469388,2.1530612244897958,149.99
0.7959183673469388,2.2448979591836737,96.54
0.7959183673469388,2.336734693877551,149.99
0.7959183673469388,2.428571428571429,139.98
0.7959183673469388,2.5204081632653064,149.99
0.7959183673469388,2.612244897959184,149.99
0.7959183673469388,2.7040816326530615,52.26
0.7959183673469388,2.795918367346939,149.99
0.7959183673469388,2.8877551020408165,149.99
0.7959183673469388,2.979591836734694,149.99
0.7959183673469388,3.0714285714285716,19.240000000000002
0.7959183673469388,3.163265306122449,24.490000000000002
0.7959183673469388,3.2551020408163267,41.43
0.7959183673469388,3.3469387755102042,27.29
0.7959183673469388,3.438775510204082,9.72
0.7959183673469388,3.5306122448979593,149.99
0.7959183673469388,3.622448979591837,26.830000000000002
0.7959183673469388,3.7142857142857144,31.12
0.7959183673469388,3.806122448979592,26.080000000000002
0.7959183673469388,3.8979591836734695,23.32
0.7959183673469388,3.989795918367347,16.65
0.7959183673469388,4.081632653061225,19.27
0.7959183673469388,4.173469387755102,23.98
0.7959183673469388,4.26530612244898,21.61
0.7959183673469388,4.357142857142858,19.62
0.7959183673469388,4.448979591836735,21.8
0.7959183673469388,4.540816326530613,21.740000000000002
0.7959183673469388,4.63265306122449,21.66
0.7959183673469388,4.724489795918368,21.57
0.7959183673469388,4.816326530612245,21.45
0.7959183673469388,4.908163265306123,19.43
0.7959183673469388,5.0,19.39
0.826530612244898,0.5,106.81
0.826530612244898,0.5918367346938775,149.99
0.826530612244898,0.6836734693877551,55.120000000000005
0.826530612244898,0.7755102040816326,36.36
0.826530612244898,0.8673469387755102,28.1
0.826530612244898,0.9591836734693877,27.11
0.826530612244898,1.0510204081632653,25.11
0.826530612244898,1.1428571428571428,149.99
0.826530612244898,1.2346938775510203,37.95
0.826530612244898,1.3265306122448979,56.75
0.826530612244898,1.4183673469387754,44.95
0.826530612244898,1.5102040816326532,44.04
0.826530612244898,1.6020408163265307,48.65
0.826530612244898,1.6938775510204083,50.36
0.826530612244898,1.7857142857142858,43.95
0.826530612244898,1.8775510204081634,52.69
0.826530612244898,1.969387755102041,45.84
0.826530612244898,2.0612244897959187,149.99
0.826530612244898,2.1530612244897958,149.99
0.826530612244898,2.2448979591836737,149.99
0.826530612244898,2.336734693877551,149.99
0.826530612244898,2.428571428571429,149.99
0.826530612244898,2.5204081632653064,149.99
0.826530612244898,2.612244897959184,149.99
0.826530612244898,2.7040816326530615,149.99
0.826530612244898,2.795918367346939,149.99
0.826530612244898,2.8877551020408165,149.99
0.826530612244898,2.979591836734694,149.99
0.826530612244898,3.0714285714285716,18.1
0.826530612244898,3.163265306122449,24.94
0.826530612244898,3.2551020408163267,31.66
0.826530612244898,3.3469387755102042,86.54
0.826530612244898,3.438775510204082,9.78
0.826530612244898,3.5306122448979593,32.94
0.826530612244898,3.622448979591837,26.62
0.826530612244898,3.7142857142857144,31.12
0.826530612244898,3.806122448979592,26.23
0.826530612244898,3.8979591836734695,23.36
0.826530612244898,3.989795918367347,16.63
0.826530612244898,4.081632653061225,19.150000000000002
0.826530612244898,4.173469387755102,23.900000000000002
0.826530612244898,4.26530612244898,21.59
0.826530612244898,4.357142857142858,19.580000000000002
0.826530612244898,4.448979591836735,21.76
0.826530612244898,4.540816326530613,21.72
0.826530612244898,4.63265306122449,21.64
0.826530612244898,4.724489795918368,21.55
0.826530612244898,4.816326530612245,19.42
0.826530612244898,4.908163265306123,19.400000000000002
0.826530612244898,5.0,19.36
0.8571428571428571,0.5,68.62
0.8571428571428571,0.5918367346938775,149.99
0.8571428571428571,0.6836734693877551,149.99
0.8571428571428571,0.7755102040816326,149.99
0.8571428571428571,0.8673469387755102,32.18
0.8571428571428571,0.9591836734693877,104.85000000000001
0.8571428571428571,1.0510204081632653,27.830000000000002
0.8571428571428571,1.1428571428571428,149.99
0.8571428571428571,1.2346938775510203,39.0
0.8571428571428571,1.3265306122448979,54.04
0.8571428571428571,1.4183673469387754,40.910000000000004
0.8571428571428571,1.5102040816326532,42.25
0.8571428571428571,1.6020408163265307,46.7
0.8571428571428571,1.6938775510204083,57.120000000000005
0.8571428571428571,1.7857142857142858,43.44
0.8571428571428571,1.8775510204081634,57.31
0.8571428571428571,1.969387755102041,81.4
0.8571428571428571,2.0612244897959187,81.14
0.8571428571428571,2.1530612244897958,75.9
0.8571428571428571,2.2448979591836737,149.99
0.8571428571428571,2.336734693877551,149.99
0.8571428571428571,2.428571428571429,149.99
0.8571428571428571,2.5204081632653064,149.99
0.8571428571428571,2.612244897959184,149.99
0.8571428571428571,2.7040816326530615,43.76
0.8571428571428571,2.795918367346939,12.82
0.8571428571428571,2.8877551020408165,21.14
0.8571428571428571,2.979591836734694,149.99
0.8571428571428571,3.0714285714285716,17.87
0.8571428571428571,3.163265306122449,28.41
0.8571428571428571,3.2551020408163267,56.120000000000005
0.8571428571428571,3.3469387755102042,63.64
0.8571428571428571,3.438775510204082,9.88
0.8571428571428571,3.5306122448979593,44.11
0.8571428571428571,3.622448979591837,26.42
0.8571428571428571,3.7142857142857144,31.07
0.8571428571428571,3.806122448979592,26.39
0.8571428571428571,3.8979591836734695,23.400000000000002
0.8571428571428571,3.989795918367347,16.62
0.8571428571428571,4.081632653061225,17.04
0.8571428571428571,4.173469387755102,23.81
0.8571428571428571,4.26530612244898,21.56
0.8571428571428571,4.357142857142858,19.54
0.8571428571428571,4.448979591836735,21.72
0.8571428571428571,4.540816326530613,21.69
0.8571428571428571,4.63265306122449,21.62
0.8571428571428571,4.724489795918368,19.5
0.8571428571428571,4.816326530612245,19.400000000000002
0.8571428571428571,4.908163265306123,19.37
0.8571428571428571,5.0,19.32
0.8877551020408163,0.5,55.49
0.8877551020408163,0.5918367346938775,149.99
0.8877551020408163,0.6836734693877551,149.99
0.8877551020408163,0.7755102040816326,149.99
0.8877551020408163,0.8673469387755102,32.1
0.8877551020408163,0.9591836734693877,149.99
0.8877551020408163,1.0510204081632653,47.26
0.8877551020408163,1.1428571428571428,149.99
0.8877551020408163,1.2346938775510203,50.660000000000004
0.8877551020408163,1.3265306122448979,49.410000000000004
0.8877551020408163,1.4183673469387754,38.75
0.8877551020408163,1.5102040816326532,41.0
0.8877551020408163,1.6020408163265307,44.67
0.8877551020408163,1.6938775510204083,49.370000000000005
0.8877551020408163,1.7857142857142858,43.26
0.8877551020408163,1.8775510204081634,54.07
0.8877551020408163,1.969387755102041,68.14
0.8877551020408163,2.0612244897959187,73.71000000000001
0.8877551020408163,2.1530612244897958,149.99
0.8877551020408163,2.2448979591836737,149.99
0.8877551020408163,2.336734693877551,149.99
0.8877551020408163,2.428571428571429,149.99
0.8877551020408163,2.5204081632653064,115.93
0.8877551020408163,2.612244897959184,149.99
0.8877551020408163,2.7040816326530615,149.99
0.8877551020408163,2.795918367346939,149.99
0.8877551020408163,2.8877551020408165,114.77
0.8877551020408163,2.979591836734694,8.08
0.8877551020408163,3.0714285714285716,17.82
0.8877551020408163,3.163265306122449,33.32
0.8877551020408163,3.2551020408163267,33.07
0.8877551020408163,3.3469387755102042,30.3
0.8877551020408163,3.438775510204082,9.96
0.8877551020408163,3.5306122448979593,36.2
0.8877551020408163,3.622448979591837,25.01
0.8877551020408163,3.7142857142857144,30.970000000000002
0.8877551020408163,3.806122448979592,28.61
0.8877551020408163,3.8979591836734695,23.44
0.8877551020408163,3.989795918367347,16.62
0.8877551020408163,4.081632653061225,16.89
0.8877551020408163,4.173469387755102,21.740000000000002
0.8877551020408163,4.26530612244898,21.53
0.8877551020408163,4.357142857142858,19.5
0.8877551020408163,4.448979591836735,21.68
0.8877551020408163,4.540816326530613,21.67
0.8877551020408163,4.63265306122449,21.61
0.8877551020408163,4.724489795918368,19.48
0.8877551020408163,4.816326530612245,19.38
0.8877551020408163,4.908163265306123,19.35
0.8877551020408163,5.0,19.29
0.9183673469387755,0.5,149.99
0.9183673469387755,0.5918367346938775,149.99
0.9183673469387755,0.6836734693877551,149.99
0.9183673469387755,0.7755102040816326,149.99
0.9183673469387755,0.8673469387755102,31.86
0.9183673469387755,0.9591836734693877,149.99
0.9183673469387755,1.0510204081632653,149.99
0.9183673469387755,1.1428571428571428,149.99
0.9183673469387755,1.2346938775510203,61.77
0.9183673469387755,1.3265306122448979,47.26
0.9183673469387755,1.4183673469387754,39.410000000000004
0.9183673469387755,1.5102040816326532,42.12
0.9183673469387755,1.6020408163265307,48.08
0.9183673469387755,1.6938775510204083,47.44
0.9183673469387755,1.7857142857142858,43.230000000000004
0.9183673469387755,1.8775510204081634,50.59
0.9183673469387755,1.969387755102041,6.37
0.9183673469387755,2.0612244897959187,57.04
0.9183673469387755,2.1530612244897958,135.93
0.9183673469387755,2.2448979591836737,127.39
0.9183673469387755,2.336734693877551,149.99
0.9183673469387755,2.428571428571429,149.99
0.9183673469387755,2.5204081632653064,65.24
0.9183673469387755,2.612244897959184,149.99
0.9183673469387755,2.7040816326530615,149.99
0.9183673469387755,2.795918367346939,149.99
0.9183673469387755,2.8877551020408165,149.99
0.9183673469387755,2.979591836734694,8.08
0.9183673469387755,3.0714285714285716,17.89
0.9183673469387755,3.163265306122449,13.49
0.9183673469387755,3.2551020408163267,30.71
0.9183673469387755,3.3469387755102042,46.12
0.9183673469387755,3.438775510204082,9.97
0.9183673469387755,3.5306122448979593,36.87
0.9183673469387755,3.622448979591837,24.92
0.9183673469387755,3.7142857142857144,29.36
0.9183673469387755,3.806122448979592,28.7
0.9183673469387755,3.8979591836734695,23.490000000000002
0.9183673469387755,3.989795918367347,16.62
0.9183673469387755,4.081632653061225,16.75
0.9183673469387755,4.173469387755102,21.66
0.9183673469387755,4.26530612244898,21.5
0.9183673469387755,4.357142857142858,19.47
0.9183673469387755,4.448979591836735,19.6
0.9183673469387755,4.540816326530613,21.64
0.9183673469387755,4.63265306122449,21.59
0.9183673469387755,4.724489795918368,19.47
0.9183673469387755,4.816326530612245,19.36
0.9183673469387755,4.908163265306123,19.32
0.9183673469387755,5.0,19.26
0.9489795918367346,0.5,82.94
0.9489795918367346,0.5918367346938775,33.64
0.9489795918367346,0.6836734693877551,149.99
0.9489795918367346,0.7755102040816326,28.5
0.9489795918367346,0.8673469387755102,23.87
0.9489795918367346,0.9591836734693877,76.34
0.9489795918367346,1.0510204081632653,149.99
0.9489795918367346,1.1428571428571428,149.99
0.9489795918367346,1.2346938775510203,62.08
0.9489795918367346,1.3265306122448979,43.6
0.9489795918367346,1.4183673469387754,42.46
0.9489795918367346,1.5102040816326532,44.39
0.9489795918367346,1.6020408163265307,43.72
0.9489795918367346,1.6938775510204083,48.870000000000005
0.9489795918367346,1.7857142857142858,43.300000000000004
0.9489795918367346,1.8775510204081634,53.480000000000004
0.9489795918367346,1.969387755102041,53.21
0.9489795918367346,2.0612244897959187,47.86
0.9489795918367346,2.1530612244897958,149.99
0.9489795918367346,2.2448979591836737,149.99
0.9489795918367346,2.336734693877551,20.11
0.9489795918367346,2.428571428571429,149.99
0.9489795918367346,2.5204081632653064,137.55
0.9489795918367346,2.612244897959184,149.99
0.9489795918367346,2.7040816326530615,149.99
0.9489795918367346,2.795918367346939,149.99
0.9489795918367346,2.8877551020408165,149.99
0.9489795918367346,2.979591836734694,8.22
0.9489795918367346,3.0714285714285716,18.79
0.9489795918367346,3.163265306122449,14.8
0.9489795918367346,3.2551020408163267,29.12
0.9489795918367346,3.3469387755102042,40.84
0.9489795918367346,3.438775510204082,9.91
0.9489795918367346,3.5306122448979593,24.650000000000002
0.9489795918367346,3.622448979591837,25.05
0.9489795918367346,3.7142857142857144,26.73
0.9489795918367346,3.806122448979592,28.76
0.9489795918367346,3.8979591836734695,23.53
0.9489795918367346,3.989795918367347,18.67
0.9489795918367346,4.081632653061225,16.64
0.9489795918367346,4.173469387755102,21.580000000000002
0.9489795918367346,4.26530612244898,21.47
0.9489795918367346,4.357142857142858,19.44
0.9489795918367346,4.448979591836735,19.55
0.9489795918367346,4.540816326530613,21.61
0.9489795918367346,4.63265306122449,21.57
0.9489795918367346,4.724489795918368,19.46
0.9489795918367346,4.816326530612245,19.35
0.9489795918367346,4.908163265306123,19.3
0.9489795918367346,5.0,19.240000000000002
0.9795918367346939,0.5,78.17
0.9795918367346939,0.5918367346938775,33.26
0.9795918367346939,0.6836734693877551,149.99
0.9795918367346939,0.7755102040816326,149.99
0.9795918367346939,0.8673469387755102,31.220000000000002
0.9795918367346939,0.9591836734693877,149.99
0.9795918367346939,1.0510204081632653,149.99
0.9795918367346939,1.1428571428571428,149.99
0.9795918367346939,1.2346938775510203,65.8
0.9795918367346939,1.3265306122448979,42.4
0.9795918367346939,1.4183673469387754,44.84
0.9795918367346939,1.5102040816326532,44.82
0.9795918367346939,1.6020408163265307,42.15
0.9795918367346939,1.6938775510204083,14.030000000000001
0.9795918367346939,1.7857142857142858,47.36
0.9795918367346939,1.8775510204081634,45.71
0.9795918367346939,1.969387755102041,67.34
0.9795918367346939,2.0612244897959187,46.4
0.9795918367346939,2.1530612244897958,149.99
0.9795918367346939,2.2448979591836737,149.99
0.9795918367346939,2.336734693877551,149.99
0.9795918367346939,2.428571428571429,149.99
0.9795918367346939,2.5204081632653064,149.99
0.9795918367346939,2.612244897959184,149.99
0.9795918367346939,2.7040816326530615,149.99
0.9795918367346939,2.795918367346939,149.99
0.9795918367346939,2.8877551020408165,149.99
0.9795918367346939,2.979591836734694,8.89
0.9795918367346939,3.0714285714285716,21.72
0.9795918367346939,3.163265306122449,14.91
0.9795918367346939,3.2551020408163267,45.49
0.9795918367346939,3.3469387755102042,27.8
0.9795918367346939,3.438775510204082,9.81
0.9795918367346939,3.5306122448979593,27.400000000000002
0.9795918367346939,3.622448979591837,28.400000000000002
0.9795918367346939,3.7142857142857144,26.48
0.9795918367346939,3.806122448979592,28.8
0.9795918367346939,3.8979591836734695,23.57
0.9795918367346939,3.989795918367347,18.67
0.9795918367346939,4.081632653061225,16.54
0.9795918367346939,4.173469387755102,19.42
0.9795918367346939,4.26530612244898,21.44
0.9795918367346939,4.357142857142858,19.41
0.9795918367346939,4.448979591836735,19.490000000000002
0.9795918367346939,4.540816326530613,21.59
0.9795918367346939,4.63265306122449,21.56
0.9795918367346939,4.724489795918368,19.45
0.9795918367346939,4.816326530612245,19.330000000000002
0.9795918367346939,4.908163265306123,19.28
0.9795918367346939,5.0,17.04
1.010204081632653,0.5,149.99
1.010204081632653,0.5918367346938775,37.26
1.010204081632653,0.6836734693877551,149.99
1.010204081632653,0.7755102040816326,149.99
1.010204081632653,0.8673469387755102,30.14
1.010204081632653,0.9591836734693877,149.99
1.010204081632653,1.0510204081632653,149.99
1.010204081632653,1.1428571428571428,149.99
1.010204081632653,1.2346938775510203,77.08
1.010204081632653,1.3265306122448979,41.75
1.010204081632653,1.4183673469387754,47.44
1.010204081632653,1.5102040816326532,44.89
1.010204081632653,1.6020408163265307,45.12
1.010204081632653,1.6938775510204083,48.86
1.010204081632653,1.7857142857142858,48.53
1.010204081632653,1.8775510204081634,43.980000000000004
1.010204081632653,1.969387755102041,57.18
1.010204081632653,2.0612244897959187,53.84
1.010204081632653,2.1530612244897958,54.95
1.010204081632653,2.2448979591836737,149.99
1.010204081632653,2.336734693877551,149.99
1.010204081632653,2.428571428571429,142.5
1.010204081632653,2.5204081632653064,149.99
1.010204081632653,2.612244897959184,149.99
1.010204081632653,2.7040816326530615,149.99
1.010204081632653,2.795918367346939,149.99
1.010204081632653,2.8877551020408165,47.02
1.010204081632653,2.979591836734694,9.46
1.010204081632653,3.0714285714285716,149.99
1.010204081632653,3.163265306122449,15.48
1.010204081632653,3.2551020408163267,35.9
1.010204081632653,3.3469387755102042,23.45
1.010204081632653,3.438775510204082,9.700000000000001
1.010204081632653,3.5306122448979593,149.99
1.010204081632653,3.622448979591837,64.92
1.010204081632653,3.7142857142857144,24.75
1.010204081632653,3.806122448979592,28.810000000000002
1.010204081632653,3.8979591836734695,23.62
1.010204081632653,3.989795918367347,18.69
1.010204081632653,4.081632653061225,16.44
1.010204081632653,4.173469387755102,19.32
1.010204081632653,4.26530612244898,21.42
1.010204081632653,4.357142857142858,19.39
1.010204081632653,4.448979591836735,19.44
1.010204081632653,4.540816326530613,21.56
1.010204081632653,4.63265306122449,21.54
1.010204081632653,4.724489795918368,19.43
1.010204081632653,4.816326530612245,19.32
1.010204081632653,4.908163265306123,19.26
1.010204081632653,5.0,17.02
1.0408163265306123,0.5,149.99
1.0408163265306123,0.5918367346938775,41.550000000000004
1.0408163265306123,0.6836734693877551,149.99
1.0408163265306123,0.7755102040816326,149.99
1.0408163265306123,0.8673469387755102,27.41
1.0408163265306123,0.9591836734693877,33.17
1.0408163265306123,1.0510204081632653,47.85
1.0408163265306123,1.1428571428571428,149.99
1.0408163265306123,1.2346938775510203,91.41
1.0408163265306123,1.3265306122448979,38.660000000000004
1.0408163265306123,1.4183673469387754,50.550000000000004
1.0408163265306123,1.5102040816326532,44.62
1.0408163265306123,1.6020408163265307,45.82
1.0408163265306123,1.6938775510204083,50.910000000000004
1.0408163265306123,1.7857142857142858,55.050000000000004
1.0408163265306123,1.8775510204081634,42.980000000000004
1.0408163265306123,1.969387755102041,53.59
1.0408163265306123,2.0612244897959187,58.95
1.0408163265306123,2.1530612244897958,76.64
1.0408163265306123,2.2448979591836737,149.99
1.0408163265306123,2.336734693877551,38.53
1.0408163265306123,2.428571428571429,149.99
1.0408163265306123,2.5204081632653064,149.99
1.0408163265306123,2.612244897959184,22.89
1.0408163265306123,2.7040816326530615,64.13
1.0408163265306123,2.795918367346939,149.99
1.0408163265306123,2.8877551020408165,53.45
1.0408163265306123,2.979591836734694,149.99
1.0408163265306123,3.0714285714285716,149.99
1.0408163265306123,3.163265306122449,16.92
1.0408163265306123,3.2551020408163267,40.97
1.0408163265306123,3.3469387755102042,23.52
1.0408163265306123,3.438775510204082,9.61
1.0408163265306123,3.5306122448979593,9.4
1.0408163265306123,3.622448979591837,49.17
1.0408163265306123,3.7142857142857144,24.57
1.0408163265306123,3.806122448979592,28.8
1.0408163265306123,3.8979591836734695,23.66
1.0408163265306123,3.989795918367347,18.7
1.0408163265306123,4.081632653061225,16.36
1.0408163265306123,4.173469387755102,19.22
1.0408163265306123,4.26530612244898,21.38
1.0408163265306123,4.357142857142858,19.36
1.0408163265306123,4.448979591836735,19.39
1.0408163265306123,4.540816326530613,21.53
1.0408163265306123,4.63265306122449,21.52
1.0408163265306123,4.724489795918368,19.42
1.0408163265306123,4.816326530612245,19.31
1.0408163265306123,4.908163265306123,19.25
1.0408163265306123,5.0,17.0
1.0714285714285714,0.5,61.92
1.0714285714285714,0.5918367346938775,41.050000000000004
1.0714285714285714,0.6836734693877551,149.99
1.0714285714285714,0.7755102040816326,149.99
1.0714285714285714,0.8673469387755102,26.810000000000002
1.0714285714285714,0.9591836734693877,149.99
1.0714285714285714,1.0510204081632653,47.230000000000004
1.0714285714285714,1.1428571428571428,149.99
1.0714285714285714,1.2346938775510203,80.29
1.0714285714285714,1.3265306122448979,37.74
1.0714285714285714,1.4183673469387754,51.77
1.0714285714285714,1.5102040816326532,44.4
1.0714285714285714,1.6020408163265307,45.7
1.0714285714285714,1.6938775510204083,48.7
1.0714285714285714,1.7857142857142858,51.35
1.0714285714285714,1.8775510204081634,42.62
1.0714285714285714,1.969387755102041,55.39
1.0714285714285714,2.0612244897959187,60.63
1.0714285714285714,2.1530612244897958,70.58
1.0714285714285714,2.2448979591836737,31.55
1.0714285714285714,2.336734693877551,149.99
1.0714285714285714,2.428571428571429,149.99
1.0714285714285714,2.5204081632653064,149.99
1.0714285714285714,2.612244897959184,131.01
1.0714285714285714,2.7040816326530615,149.99
1.0714285714285714,2.795918367346939,9.84
1.0714285714285714,2.8877551020408165,149.99
1.0714285714285714,2.979591836734694,149.99
1.0714285714285714,3.0714285714285716,149.99
1.0714285714285714,3.163265306122449,17.34
1.0714285714285714,3.2551020408163267,36.4
1.0714285714285714,3.3469387755102042,25.13
1.0714285714285714,3.438775510204082,9.55
1.0714285714285714,3.5306122448979593,9.43
1.0714285714285714,3.622448979591837,25.53
1.0714285714285714,3.7142857142857144,24.41
1.0714285714285714,3.806122448979592,28.77
1.0714285714285714,3.8979591836734695,23.69
1.0714285714285714,3.989795918367347,18.72
1.0714285714285714,4.081632653061225,16.3
1.0714285714285714,4.173469387755102,19.13
1.0714285714285714,4.26530612244898,21.35
1.0714285714285714,4.357142857142858,19.34
1.0714285714285714,4.448979591836735,19.34
1.0714285714285714,4.540816326530613,21.5
1.0714285714285714,4.63265306122449,19.57
1.0714285714285714,4.724489795918368,19.41
1.0714285714285714,4.816326530612245,19.3
1.0714285714285714,4.908163265306123,19.23
1.0714285714285714,5.0,16.98
1.1020408163265305,0.5,59.370000000000005
1.1020408163265305,0.5918367346938775,40.4
1.1020408163265305,0.6836734693877551,149.99
1.1020408163265305,0.7755102040816326,149.99
1.1020408163265305,0.8673469387755102,26.5
1.1020408163265305,0.9591836734693877,62.49
1.1020408163265305,1.0510204081632653,42.36
1.1020408163265305,1.1428571428571428,149.99
1.1020408163265305,1.2346938775510203,49.56
1.1020408163265305,1.3265306122448979,36.89
1.1020408163265305,1.4183673469387754,54.21
1.1020408163265305,1.5102040816326532,44.410000000000004
1.1020408163265305,1.6020408163265307,44.78
1.1020408163265305,1.6938775510204083,45.15
1.1020408163265305,1.7857142857142858,11.5
1.1020408163265305,1.8775510204081634,42.410000000000004
1.1020408163265305,1.969387755102041,51.31
1.1020408163265305,2.0612244897959187,6.09
1.1020408163265305,2.1530612244897958,53.02
1.1020408163265305,2.2448979591836737,34.52
1.1020408163265305,2.336734693877551,33.3
1.1020408163265305,2.428571428571429,31.470000000000002
1.1020408163265305,2.5204081632653064,149.99
1.1020408163265305,2.612244897959184,149.99
1.1020408163265305,2.7040816326530615,46.550000000000004
1.1020408163265305,2.795918367346939,67.78
1.1020408163265305,2.8877551020408165,89.28
1.1020408163265305,2.979591836734694,149.99
1.1020408163265305,3.0714285714285716,149.99
1.1020408163265305,3.163265306122449,17.47
1.1020408163265305,3.2551020408163267,51.89
1.1020408163265305,3.3469387755102042,25.330000000000002
1.1020408163265305,3.438775510204082,27.02
1.1020408163265305,3.5306122448979593,9.48
1.1020408163265305,3.622448979591837,47.75
1.1020408163265305,3.7142857142857144,24.27
1.1020408163265305,3.806122448979592,28.72
1.1020408163265305,3.8979591836734695,23.73
1.1020408163265305,3.989795918367347,18.740000000000002
1.1020408163265305,4.081632653061225,16.25
1.1020408163265305,4.173469387755102,19.04
1.1020408163265305,4.26530612244898,21.32
1.1020408163265305,4.357142857142858,19.31
1.1020408163265305,4.448979591836735,19.3
1.1020408163265305,4.540816326530613,21.47
1.1020408163265305,4.63265306122449,19.55
1.1020408163265305,4.724489795918368,19.400000000000002
1.1020408163265305,4.816326530612245,19.29
1.1020408163265305,4.908163265306123,19.22
1.1020408163265305,5.0,16.96
1.1326530612244898,0.5,64.35
1.1326530612244898,0.5918367346938775,39.9
1.1326530612244898,0.6836734693877551,149.99
1.1326530612244898,0.7755102040816326,149.99
1.1326530612244898,0.8673469387755102,26.42
1.1326530612244898,0.9591836734693877,149.99
1.1326530612244898,1.0510204081632653,45.37
1.1326530612244898,1.1428571428571428,149.99
1.1326530612244898,1.2346938775510203,36.37
1.1326530612244898,1.3265306122448979,35.49
1.1326530612244898,1.4183673469387754,54.92
1.1326530612244898,1.5102040816326532,44.26
1.1326530612244898,1.6020408163265307,43.85
1.1326530612244898,1.6938775510204083,45.160000000000004
1.1326530612244898,1.7857142857142858,49.74
1.1326530612244898,1.8775510204081634,42.300000000000004
1.1326530612244898,1.969387755102041,47.51
1.1326530612244898,2.0612244897959187,51.39
1.1326530612244898,2.1530612244897958,77.24
1.1326530612244898,2.2448979591836737,149.99
1.1326530612244898,2.336734693877551,149.99
1.1326530612244898,2.428571428571429,149.99
1.1326530612244898,2.5204081632653064,149.99
1.1326530612244898,2.612244897959184,149.99
1.1326530612244898,2.7040816326530615,86.04
1.1326530612244898,2.795918367346939,149.99
1.1326530612244898,2.8877551020408165,149.99
1.1326530612244898,2.979591836734694,149.99
1.1326530612244898,3.0714285714285716,149.99
1.1326530612244898,3.163265306122449,17.37
1.1326530612244898,3.2551020408163267,24.51
1.1326530612244898,3.3469387755102042,31.1
1.1326530612244898,3.438775510204082,24.6
1.1326530612244898,3.5306122448979593,9.53
1.1326530612244898,3.622448979591837,34.32
1.1326530612244898,3.7142857142857144,20.01
1.1326530612244898,3.806122448979592,28.63
1.1326530612244898,3.8979591836734695,23.76
1.1326530612244898,3.989795918367347,20.89
1.1326530612244898,4.081632653061225,16.21
1.1326530612244898,4.173469387755102,17.0
1.1326530612244898,4.26530612244898,21.29
1.1326530612244898,4.357142857142858,19.29
1.1326530612244898,4.448979591836735,19.26
1.1326530612244898,4.540816326530613,19.55
1.1326530612244898,4.63265306122449,19.53
1.1326530612244898,4.724489795918368,19.39
1.1326530612244898,4.816326530612245,19.28
1.1326530612244898,4.908163265306123,17.04
1.1326530612244898,5.0,16.94
1.163265306122449,0.5,77.68
1.163265306122449,0.5918367346938775,39.67
1.163265306122449,0.6836734693877551,149.99
1.163265306122449,0.7755102040816326,149.99
1.163265306122449,0.8673469387755102,26.66
1.163265306122449,0.9591836734693877,149.99
1.163265306122449,1.0510204081632653,42.19
1.163265306122449,1.1428571428571428,149.99
1.163265306122449,1.2346938775510203,53.230000000000004
1.163265306122449,1.3265306122448979,35.1
1.163265306122449,1.4183673469387754,55.19
1.163265306122449,1.5102040816326532,43.25
1.163265306122449,1.6020408163265307,40.730000000000004
1.163265306122449,1.6938775510204083,43.11
1.163265306122449,1.7857142857142858,46.480000000000004
1.163265306122449,1.8775510204081634,42.31
1.163265306122449,1.969387755102041,48.57
1.163265306122449,2.0612244897959187,54.67
1.163265306122449,2.1530612244897958,53.160000000000004
1.163265306122449,2.2448979591836737,149.99
1.163265306122449,2.336734693877551,149.99
1.163265306122449,2.428571428571429,149.99
1.163265306122449,2.5204081632653064,149.99
1.163265306122449,2.612244897959184,107.10000000000001
1.163265306122449,2.7040816326530615,149.99
1.163265306122449,2.795918367346939,149.99
1.163265306122449,2.8877551020408165,11.72
1.163265306122449,2.979591836734694,149.99
1.163265306122449,3.0714285714285716,149.99
1.163265306122449,3.163265306122449,17.22
1.163265306122449,3.2551020408163267,29.82
1.163265306122449,3.3469387755102042,38.160000000000004
1.163265306122449,3.438775510204082,31.86
1.163265306122449,3.5306122448979593,9.56
1.163265306122449,3.622448979591837,27.22
1.163265306122449,3.7142857142857144,18.01
1.163265306122449,3.806122448979592,26.55
1.163265306122449,3.8979591836734695,23.78
1.163265306122449,3.989795918367347,20.91
1.163265306122449,4.081632653061225,16.18
1.163265306122449,4.173469387755102,16.91
1.163265306122449,4.26530612244898,21.26
1.163265306122449,4.357142857142858,19.26
1.163265306122449,4.448979591836735,17.14
1.163265306122449,4.540816326530613,19.51
1.163265306122449,4.63265306122449,19.51
1.163265306122449,4.724489795918368,19.37
1.163265306122449,4.816326530612245,19.27
1.163265306122449,4.908163265306123,17.02
1.163265306122449,5.0,16.93
1.193877551020408,0.5,81.74
1.193877551020408,0.5918367346938775,39.65
1.193877551020408,0.6836734693877551,149.99
1.193877551020408,0.7755102040816326,149.99
1.193877551020408,0.8673469387755102,28.1
1.193877551020408,0.9591836734693877,149.99
1.193877551020408,1.0510204081632653,48.43
1.193877551020408,1.1428571428571428,35.5
1.193877551020408,1.2346938775510203,149.99
1.193877551020408,1.3265306122448979,35.17
1.193877551020408,1.4183673469387754,55.15
1.193877551020408,1.5102040816326532,41.94
1.193877551020408,1.6020408163265307,39.77
1.193877551020408,1.6938775510204083,45.92
1.193877551020408,1.7857142857142858,46.28
1.193877551020408,1.8775510204081634,46.18
1.193877551020408,1.969387755102041,25.18
1.193877551020408,2.0612244897959187,56.22
1.193877551020408,2.1530612244897958,53.85
1.193877551020408,2.2448979591836737,149.99
1.193877551020408,2.336734693877551,149.99
1.193877551020408,2.428571428571429,149.99
1.193877551020408,2.5204081632653064,149.99
1.193877551020408,2.612244897959184,149.99
1.193877551020408,2.7040816326530615,149.99
1.193877551020408,2.795918367346939,84.65
1.193877551020408,2.8877551020408165,149.99
1.193877551020408,2.979591836734694,149.99
1.193877551020408,3.0714285714285716,7.66
1.193877551020408,3.163265306122449,17.09
1.193877551020408,3.2551020408163267,20.04
1.193877551020408,3.3469387755102042,82.34
1.193877551020408,3.438775510204082,35.84
1.193877551020408,3.5306122448979593,9.57
1.193877551020408,3.622448979591837,149.99
1.193877551020408,3.7142857142857144,18.330000000000002
1.193877551020408,3.806122448979592,24.27
1.193877551020408,3.8979591836734695,23.8
1.193877551020408,3.989795918367347,20.94
1.193877551020408,4.081632653061225,16.15
1.193877551020408,4.173469387755102,14.68
1.193877551020408,4.26530612244898,21.22
1.193877551020408,4.357142857142858,19.240000000000002
1.193877551020408,4.448979591836735,17.1
1.193877551020408,4.540816326530613,19.47
1.193877551020408,4.63265306122449,19.490000000000002
1.193877551020408,4.724489795918368,19.36
1.193877551020408,4.816326530612245,19.26
1.193877551020408,4.908163265306123,17.01
1.193877551020408,5.0,16.91
1.2244897959183674,0.5,149.99
1.2244897959183674,0.5918367346938775,39.69
1.2244897959183674,0.6836734693877551,149.99
1.2244897959183674,0.7755102040816326,127.02
1.2244897959183674,0.8673469387755102,29.46
1.2244897959183674,0.9591836734693877,149.99
1.2244897959183674,1.0510204081632653,42.24
1.2244897959183674,1.1428571428571428,27.54
1.2244897959183674,1.2346938775510203,149.99
1.2244897959183674,1.3265306122448979,35.27
1.2244897959183674,1.4183673469387754,54.6
1.2244897959183674,1.5102040816326532,38.64
1.2244897959183674,1.6020408163265307,39.0
1.2244897959183674,1.6938775510204083,45.84
1.2244897959183674,1.7857142857142858,47.22
1.2244897959183674,1.8775510204081634,46.480000000000004
1.2244897959183674,1.969387755102041,45.38
1.2244897959183674,2.0612244897959187,49.93
1.2244897959183674,2.1530612244897958,138.16
1.2244897959183674,2.2448979591836737,149.99
1.2244897959183674,2.336734693877551,95.49
1.2244897959183674,2.428571428571429,47.76
1.2244897959183674,2.5204081632653064,115.35000000000001
1.2244897959183674,2.612244897959184,149.99
1.2244897959183674,2.7040816326530615,149.99
1.2244897959183674,2.795918367346939,149.99
1.2244897959183674,2.8877551020408165,87.58
1.2244897959183674,2.979591836734694,149.99
1.2244897959183674,3.0714285714285716,7.55
1.2244897959183674,3.163265306122449,17.0
1.2244897959183674,3.2551020408163267,20.82
1.2244897959183674,3.3469387755102042,86.28
1.2244897959183674,3.438775510204082,35.0
1.2244897959183674,3.5306122448979593,9.56
1.2244897959183674,3.622448979591837,38.980000000000004
1.2244897959183674,3.7142857142857144,22.71
1.2244897959183674,3.806122448979592,24.17
1.2244897959183674,3.8979591836734695,23.8
1.2244897959183674,3.989795918367347,20.96
1.2244897959183674,4.081632653061225,16.13
1.2244897959183674,4.173469387755102,14.61
1.2244897959183674,4.26530612244898,21.19
1.2244897959183674,4.357142857142858,19.22
1.2244897959183674,4.448979591836735,17.05
1.2244897959183674,4.540816326530613,19.42
1.2244897959183674,4.63265306122449,19.47
1.2244897959183674,4.724489795918368,19.35
1.2244897959183674,4.816326530612245,19.25
1.2244897959183674,4.908163265306123,17.0
1.2244897959183674,5.0,16.9
1.2551020408163265,0.5,149.99
1.2551020408163265,0.5918367346938775,39.79
1.2551020408163265,0.6836734693877551,149.99
1.2551020408163265,0.7755102040816326,149.99
1.2551020408163265,0.8673469387755102,31.88
1.2551020408163265,0.9591836734693877,149.99
1.2551020408163265,1.0510204081632653,42.94
1.2551020408163265,1.1428571428571428,29.82
1.2551020408163265,1.2346938775510203,149.99
1.2551020408163265,1.3265306122448979,35.38
1.2551020408163265,1.4183673469387754,52.85
1.2551020408163265,1.5102040816326532,36.980000000000004
1.2551020408163265,1.6020408163265307,41.09
1.2551020408163265,1.6938775510204083,44.4
1.2551020408163265,1.7857142857142858,54.22
1.2551020408163265,1.8775510204081634,46.86
1.2551020408163265,1.969387755102041,43.6
1.2551020408163265,2.0612244897959187,11.38
1.2551020408163265,2.1530612244897958,60.230000000000004
1.2551020408163265,2.2448979591836737,149.99
1.2551020408163265,2.336734693877551,149.99
1.2551020408163265,2.428571428571429,149.99
1.2551020408163265,2.5204081632653064,149.99
1.2551020408163265,2.612244897959184,19.330000000000002
1.2551020408163265,2.7040816326530615,149.99
1.2551020408163265,2.795918367346939,149.99
1.2551020408163265,2.8877551020408165,118.72
1.2551020408163265,2.979591836734694,149.99
1.2551020408163265,3.0714285714285716,7.49
1.2551020408163265,3.163265306122449,16.94
1.2551020408163265,3.2551020408163267,21.91
1.2551020408163265,3.3469387755102042,29.85
1.2551020408163265,3.438775510204082,27.62
1.2551020408163265,3.5306122448979593,9.52
1.2551020408163265,3.622448979591837,28.37
1.2551020408163265,3.7142857142857144,26.23
1.2551020408163265,3.806122448979592,24.060000000000002
1.2551020408163265,3.8979591836734695,23.8
1.2551020408163265,3.989795918367347,20.98
1.2551020408163265,4.081632653061225,16.12
1.2551020408163265,4.173469387755102,14.55
1.2551020408163265,4.26530612244898,19.240000000000002
1.2551020408163265,4.357142857142858,19.19
1.2551020408163265,4.448979591836735,17.01
1.2551020408163265,4.540816326530613,19.38
1.2551020408163265,4.63265306122449,19.45
1.2551020408163265,4.724489795918368,19.34
1.2551020408163265,4.816326530612245,19.240000000000002
1.2551020408163265,4.908163265306123,16.990000000000002
1.2551020408163265,5.0,16.89
1.2857142857142856,0.5,149.99
1.2857142857142856,0.5918367346938775,39.99
1.2857142857142856,0.6836734693877551,149.99
1.2857142857142856,0.7755102040816326,149.99
1.2857142857142856,0.8673469387755102,32.980000000000004
1.2857142857142856,0.9591836734693877,149.99
1.2857142857142856,1.0510204081632653,54.120000000000005
1.2857142857142856,1.1428571428571428,30.71
1.2857142857142856,1.2346938775510203,149.99
1.2857142857142856,1.3265306122448979,36.07
1.2857142857142856,1.4183673469387754,50.21
1.2857142857142856,1.5102040816326532,36.82
1.2857142857142856,1.6020408163265307,41.980000000000004
1.2857142857142856,1.6938775510204083,41.14
1.2857142857142856,1.7857142857142858,48.34
1.2857142857142856,1.8775510204081634,49.51
1.2857142857142856,1.969387755102041,42.410000000000004
1.2857142857142856,2.0612244897959187,8.38
1.2857142857142856,2.1530612244897958,85.62
1.2857142857142856,2.2448979591836737,149.99
1.2857142857142856,2.336734693877551,149.99
1.2857142857142856,2.428571428571429,149.99
1.2857142857142856,2.5204081632653064,126.46000000000001
1.2857142857142856,2.612244897959184,149.99
1.2857142857142856,2.7040816326530615,149.99
1.2857142857142856,2.795918367346939,149.99
1.2857142857142856,2.8877551020408165,84.93
1.2857142857142856,2.979591836734694,149.99
1.2857142857142856,3.0714285714285716,7.48
1.2857142857142856,3.163265306122449,16.92
1.2857142857142856,3.2551020408163267,22.240000000000002
1.2857142857142856,3.3469387755102042,44.88
1.2857142857142856,3.438775510204082,36.67
1.2857142857142856,3.5306122448979593,9.47
1.2857142857142856,3.622448979591837,22.09
1.2857142857142856,3.7142857142857144,36.36
1.2857142857142856,3.806122448979592,23.96
1.2857142857142856,3.8979591836734695,23.79
1.2857142857142856,3.989795918367347,20.990000000000002
1.2857142857142856,4.081632653061225,16.11
1.2857142857142856,4.173469387755102,14.49
1.2857142857142856,4.26530612244898,19.17
1.2857142857142856,4.357142857142858,19.17
1.2857142857142856,4.448979591836735,16.97
1.2857142857142856,4.540816326530613,17.18
1.2857142857142856,4.63265306122449,19.43
1.2857142857142856,4.724489795918368,19.32
1.2857142857142856,4.816326530612245,17.07
1.2857142857142856,4.908163265306123,16.98
1.2857142857142856,5.0,16.87
1.316326530612245,0.5,149.99
1.316326530612245,0.5918367346938775,40.61
1.316326530612245,0.6836734693877551,65.36
1.316326530612245,0.7755102040816326,149.99
1.316326530612245,0.8673469387755102,34.38
1.316326530612245,0.9591836734693877,26.72
1.316326530612245,1.0510204081632653,42.37
1.316326530612245,1.1428571428571428,30.82
1.316326530612245,1.2346938775510203,149.99
1.316326530612245,1.3265306122448979,40.56
1.316326530612245,1.4183673469387754,46.99
1.316326530612245,1.5102040816326532,38.02
1.316326530612245,1.6020408163265307,42.39
1.316326530612245,1.6938775510204083,40.26
1.316326530612245,1.7857142857142858,48.63
1.316326530612245,1.8775510204081634,54.9
1.316326530612245,1.969387755102041,42.11
1.316326530612245,2.0612244897959187,81.83
1.316326530612245,2.1530612244897958,5.83
1.316326530612245,2.2448979591836737,66.35
1.316326530612245,2.336734693877551,149.99
1.316326530612245,2.428571428571429,149.99
1.316326530612245,2.5204081632653064,149.99
1.316326530612245,2.612244897959184,149.99
1.316326530612245,2.7040816326530615,149.99
1.316326530612245,2.795918367346939,40.51
1.316326530612245,2.8877551020408165,149.99
1.316326530612245,2.979591836734694,149.99
1.316326530612245,3.0714285714285716,7.5
1.316326530612245,3.163265306122449,16.94
1.316326530612245,3.2551020408163267,23.53
1.316326530612245,3.3469387755102042,48.26
1.316326530612245,3.438775510204082,29.36
1.316326530612245,3.5306122448979593,9.41
1.316326530612245,3.622448979591837,20.12
1.316326530612245,3.7142857142857144,61.54
1.316326530612245,3.806122448979592,23.85
1.316326530612245,3.8979591836734695,23.77
1.316326530612245,3.989795918367347,21.01
1.316326530612245,4.081632653061225,16.11
1.316326530612245,4.173469387755102,14.43
1.316326530612245,4.26530612244898,19.12
1.316326530612245,4.357142857142858,16.91
1.316326530612245,4.448979591836735,16.93
1.316326530612245,4.540816326530613,17.150000000000002
1.316326530612245,4.63265306122449,19.41
1.316326530612245,4.724489795918368,19.31
1.316326530612245,4.816326530612245,17.06
1.316326530612245,4.908163265306123,16.97
1.316326530612245,5.0,16.86
1.346938775510204,0.5,149.99
1.346938775510204,0.5918367346938775,42.37
1.346938775510204,0.6836734693877551,149.99
1.346938775510204,0.7755102040816326,149.99
1.346938775510204,0.8673469387755102,41.92
1.346938775510204,0.9591836734693877,24.53
1.346938775510204,1.0510204081632653,63.24
1.346938775510204,1.1428571428571428,26.47
1.346938775510204,1.2346938775510203,149.99
1.346938775510204,1.3265306122448979,47.69
1.346938775510204,1.4183673469387754,45.15
1.346938775510204,1.5102040816326532,40.29
1.346938775510204,1.6020408163265307,42.730000000000004
1.346938775510204,1.6938775510204083,42.68
1.346938775510204,1.7857142857142858,49.08
1.346938775510204,1.8775510204081634,50.69
1.346938775510204,1.969387755102041,41.92
1.346938775510204,2.0612244897959187,49.79
1.346938775510204,2.1530612244897958,5.83
1.346938775510204,2.2448979591836737,107.03
1.346938775510204,2.336734693877551,149.99
1.346938775510204,2.428571428571429,149.99
1.346938775510204,2.5204081632653064,149.99
1.346938775510204,2.612244897959184,149.99
1.346938775510204,2.7040816326530615,30.95
1.346938775510204,2.795918367346939,24.54
1.346938775510204,2.8877551020408165,31.55
1.346938775510204,2.979591836734694,149.99
1.346938775510204,3.0714285714285716,7.5600000000000005
1.346938775510204,3.163265306122449,17.01
1.346938775510204,3.2551020408163267,13.14
1.346938775510204,3.3469387755102042,27.490000000000002
1.346938775510204,3.438775510204082,37.14
1.346938775510204,3.5306122448979593,9.35
1.346938775510204,3.622448979591837,29.79
1.346938775510204,3.7142857142857144,51.74
1.346938775510204,3.806122448979592,21.98
1.346938775510204,3.8979591836734695,23.75
1.346938775510204,3.989795918367347,21.02
1.346938775510204,4.081632653061225,16.1
1.346938775510204,4.173469387755102,14.38
1.346938775510204,4.26530612244898,16.93
1.346938775510204,4.357142857142858,16.88
1.346938775510204,4.448979591836735,16.9
1.346938775510204,4.540816326530613,17.12
1.346938775510204,4.63265306122449,17.18
1.346938775510204,4.724489795918368,19.3
1.346938775510204,4.816326530612245,17.06
1.346938775510204,4.908163265306123,16.96
1.346938775510204,5.0,16.85
1.3775510204081631,0.5,149.99
1.3775510204081631,0.5918367346938775,44.03
1.3775510204081631,0.6836734693877551,149.99
1.3775510204081631,0.7755102040816326,149.99
1.3775510204081631,0.8673469387755102,53.13
1.3775510204081631,0.9591836734693877,24.05
1.3775510204081631,1.0510204081632653,25.25
1.3775510204081631,1.1428571428571428,23.17
1.3775510204081631,1.2346938775510203,149.99
1.3775510204081631,1.3265306122448979,54.94
1.3775510204081631,1.4183673469387754,43.93
1.3775510204081631,1.5102040816326532,41.94
1.3775510204081631,1.6020408163265307,42.980000000000004
1.3775510204081631,1.6938775510204083,43.49
1.3775510204081631,1.7857142857142858,8.950000000000001
1.3775510204081631,1.8775510204081634,12.92
1.3775510204081631,1.969387755102041,41.77
1.3775510204081631,2.0612244897959187,73.47
1.3775510204081631,2.1530612244897958,49.59
1.3775510204081631,2.2448979591836737,132.0
1.3775510204081631,2.336734693877551,149.99
1.3775510204081631,2.428571428571429,149.99
1.3775510204081631,2.5204081632653064,149.99
1.3775510204081631,2.612244897959184,149.99
1.3775510204081631,2.7040816326530615,145.59
1.3775510204081631,2.795918367346939,20.01
1.3775510204081631,2.8877551020408165,84.96000000000001
1.3775510204081631,2.979591836734694,149.99
1.3775510204081631,3.0714285714285716,7.65
1.3775510204081631,3.163265306122449,17.150000000000002
1.3775510204081631,3.2551020408163267,12.76
1.3775510204081631,3.3469387755102042,27.68
1.3775510204081631,3.438775510204082,45.9
1.3775510204081631,3.5306122448979593,9.290000000000001
1.3775510204081631,3.622448979591837,9.03
1.3775510204081631,3.7142857142857144,31.330000000000002
1.3775510204081631,3.806122448979592,19.51
1.3775510204081631,3.8979591836734695,23.72
1.3775510204081631,3.989795918367347,21.03
1.3775510204081631,4.081632653061225,16.1
1.3775510204081631,4.173469387755102,14.34
1.3775510204081631,4.26530612244898,16.88
1.3775510204081631,4.357142857142858,16.86
1.3775510204081631,4.448979591836735,16.86
1.3775510204081631,4.540816326530613,17.080000000000002
1.3775510204081631,4.63265306122449,17.16
1.3775510204081631,4.724489795918368,17.11
1.3775510204081631,4.816326530612245,17.05
1.3775510204081631,4.908163265306123,16.95
1.3775510204081631,5.0,16.84
1.4081632653061225,0.5,149.99
1.4081632653061225,0.5918367346938775,46.02
1.4081632653061225,0.6836734693877551,149.99
1.4081632653061225,0.7755102040816326,149.99
1.4081632653061225,0.8673469387755102,75.5
1.4081632653061225,0.9591836734693877,23.96
1.4081632653061225,1.0510204081632653,24.78
1.4081632653061225,1.1428571428571428,24.39
1.4081632653061225,1.2346938775510203,149.99
1.4081632653061225,1.3265306122448979,57.84
1.4081632653061225,1.4183673469387754,40.72
1.4081632653061225,1.5102040816326532,44.26
1.4081632653061225,1.6020408163265307,43.03
1.4081632653061225,1.6938775510204083,43.72
1.4081632653061225,1.7857142857142858,47.550000000000004
1.4081632653061225,1.8775510204081634,54.96
1.4081632653061225,1.969387755102041,45.03
1.4081632653061225,2.0612244897959187,49.29
1.4081632653061225,2.1530612244897958,50.19
1.4081632653061225,2.2448979591836737,55.31
1.4081632653061225,2.336734693877551,149.99
1.4081632653061225,2.428571428571429,149.99
1.4081632653061225,2.5204081632653064,149.99
1.4081632653061225,2.612244897959184,149.99
1.4081632653061225,2.7040816326530615,149.99
1.4081632653061225,2.795918367346939,69.2
1.4081632653061225,2.8877551020408165,84.97
1.4081632653061225,2.979591836734694,149.99
1.4081632653061225,3.0714285714285716,7.78
1.4081632653061225,3.163265306122449,17.42
1.4081632653061225,3.2551020408163267,12.6
1.4081632653061225,3.3469387755102042,41.96
1.4081632653061225,3.438775510204082,19.75
1.4081632653061225,3.5306122448979593,9.24
1.4081632653061225,3.622448979591837,9.03
1.4081632653061225,3.7142857142857144,27.84
1.4081632653061225,3.806122448979592,17.44
1.4081632653061225,3.8979591836734695,23.68
1.4081632653061225,3.989795918367347,21.03
1.4081632653061225,4.081632653061225,16.1
1.4081632653061225,4.173469387755102,14.3
1.4081632653061225,4.26530612244898,16.84
1.4081632653061225,4.357142857142858,16.830000000000002
1.4081632653061225,4.448979591836735,16.830000000000002
1.4081632653061225,4.540816326530613,17.05
1.4081632653061225,4.63265306122449,17.13
1.4081632653061225,4.724489795918368,17.1
1.4081632653061225,4.816326530612245,17.04
1.4081632653061225,4.908163265306123,16.95
1.4081632653061225,5.0,16.830000000000002
1.4387755102040816,0.5,149.99
1.4387755102040816,0.5918367346938775,46.980000000000004
1.4387755102040816,0.6836734693877551,149.99
1.4387755102040816,0.7755102040816326,149.99
1.4387755102040816,0.8673469387755102,120.04
1.4387755102040816,0.9591836734693877,23.990000000000002
1.4387755102040816,1.0510204081632653,68.19
1.4387755102040816,1.1428571428571428,33.84
1.4387755102040816,1.2346938775510203,149.99
1.4387755102040816,1.3265306122448979,61.88
1.4387755102040816,1.4183673469387754,39.93
1.4387755102040816,1.5102040816326532,45.57
1.4387755102040816,1.6020408163265307,42.72
1.4387755102040816,1.6938775510204083,43.64
1.4387755102040816,1.7857142857142858,43.08
1.4387755102040816,1.8775510204081634,49.300000000000004
1.4387755102040816,1.969387755102041,44.76
1.4387755102040816,2.0612244897959187,47.550000000000004
1.4387755102040816,2.1530612244897958,49.370000000000005
1.4387755102040816,2.2448979591836737,80.81
1.4387755102040816,2.336734693877551,149.99
1.4387755102040816,2.428571428571429,149.99
1.4387755102040816,2.5204081632653064,149.99
1.4387755102040816,2.612244897959184,149.99
1.4387755102040816,2.7040816326530615,126.39
1.4387755102040816,2.795918367346939,149.99
1.4387755102040816,2.8877551020408165,118.57000000000001
1.4387755102040816,2.979591836734694,149.99
1.4387755102040816,3.0714285714285716,7.99
1.4387755102040816,3.163265306122449,18.39
1.4387755102040816,3.2551020408163267,12.63
1.4387755102040816,3.3469387755102042,46.800000000000004
1.4387755102040816,3.438775510204082,21.04
1.4387755102040816,3.5306122448979593,9.200000000000001
1.4387755102040816,3.622448979591837,9.03
1.4387755102040816,3.7142857142857144,38.42
1.4387755102040816,3.806122448979592,17.400000000000002
1.4387755102040816,3.8979591836734695,23.63
1.4387755102040816,3.989795918367347,21.04
1.4387755102040816,4.081632653061225,16.1
1.4387755102040816,4.173469387755102,14.26
1.4387755102040816,4.26530612244898,16.8
1.4387755102040816,4.357142857142858,16.81
1.4387755102040816,4.448979591836735,16.8
1.4387755102040816,4.540816326530613,17.02
1.4387755102040816,4.63265306122449,17.11
1.4387755102040816,4.724489795918368,17.080000000000002
1.4387755102040816,4.816326530612245,17.03
1.4387755102040816,4.908163265306123,16.94
1.4387755102040816,5.0,16.82
1.4693877551020407,0.5,100.02
1.4693877551020407,0.5918367346938775,47.81
1.4693877551020407,0.6836734693877551,149.99
1.4693877551020407,0.7755102040816326,149.99
1.4693877551020407,0.8673469387755102,149.99
1.4693877551020407,0.9591836734693877,25.19
1.4693877551020407,1.0510204081632653,55.1
1.4693877551020407,1.1428571428571428,33.5
1.4693877551020407,1.2346938775510203,149.99
1.4693877551020407,1.3265306122448979,64.41
1.4693877551020407,1.4183673469387754,39.53
1.4693877551020407,1.5102040816326532,47.82
1.4693877551020407,1.6020408163265307,42.32
1.4693877551020407,1.6938775510204083,43.28
1.4693877551020407,1.7857142857142858,46.160000000000004
1.4693877551020407,1.8775510204081634,45.76
1.4693877551020407,1.969387755102041,44.97
1.4693877551020407,2.0612244897959187,57.89
1.4693877551020407,2.1530612244897958,49.39
1.4693877551020407,2.2448979591836737,149.99
1.4693877551020407,2.336734693877551,149.99
1.4693877551020407,2.428571428571429,149.99
1.4693877551020407,2.5204081632653064,149.99
1.4693877551020407,2.612244897959184,149.99
1.4693877551020407,2.7040816326530615,149.99
1.4693877551020407,2.795918367346939,81.82000000000001
1.4693877551020407,2.8877551020408165,75.92
1.4693877551020407,2.979591836734694,149.99
1.4693877551020407,3.0714285714285716,8.65
1.4693877551020407,3.163265306122449,18.84
1.4693877551020407,3.2551020408163267,12.780000000000001
1.4693877551020407,3.3469387755102042,28.64
1.4693877551020407,3.438775510204082,21.2
1.4693877551020407,3.5306122448979593,9.16
1.4693877551020407,3.622448979591837,9.040000000000001
1.4693877551020407,3.7142857142857144,53.61
1.4693877551020407,3.806122448979592,17.47
1.4693877551020407,3.8979591836734695,23.580000000000002
1.4693877551020407,3.989795918367347,21.03
1.4693877551020407,4.081632653061225,16.1
1.4693877551020407,4.173469387755102,14.22
1.4693877551020407,4.26530612244898,16.76
1.4693877551020407,4.357142857142858,16.79
1.4693877551020407,4.448979591836735,16.77
1.4693877551020407,4.540816326530613,16.98
1.4693877551020407,4.63265306122449,17.09
1.4693877551020407,4.724489795918368,17.07
1.4693877551020407,4.816326530612245,17.02
1.4693877551020407,4.908163265306123,16.93
1.4693877551020407,5.0,16.81
1.5,0.5,149.99
1.5,0.5918367346938775,48.77
1.5,0.6836734693877551,149.99
1.5,0.7755102040816326,149.99
1.5,0.8673469387755102,149.99
1.5,0.9591836734693877,26.01
1.5,1.0510204081632653,111.65
1.5,1.1428571428571428,149.99
1.5,1.2346938775510203,149.99
1.5,1.3265306122448979,70.60000000000001
1.5,1.4183673469387754,39.17
1.5,1.5102040816326532,48.76
1.5,1.6020408163265307,42.09
1.5,1.6938775510204083,42.410000000000004
1.5,1.7857142857142858,42.04
1.5,1.8775510204081634,45.050000000000004
1.5,1.969387755102041,45.050000000000004
1.5,2.0612244897959187,23.42
1.5,2.1530612244897958,54.51
1.5,2.2448979591836737,57.94
1.5,2.336734693877551,149.99
1.5,2.428571428571429,149.99
1.5,2.5204081632653064,149.99
1.5,2.612244897959184,149.99
1.5,2.7040816326530615,137.33
1.5,2.795918367346939,149.99
1.5,2.8877551020408165,149.99
1.5,2.979591836734694,149.99
1.5,3.0714285714285716,8.89
1.5,3.163265306122449,19.36
1.5,3.2551020408163267,13.98
1.5,3.3469387755102042,15.22
1.5,3.438775510204082,21.32
1.5,3.5306122448979593,22.32
1.5,3.622448979591837,9.040000000000001
1.5,3.7142857142857144,48.29
1.5,3.806122448979592,17.71
1.5,3.8979591836734695,23.52
1.5,3.989795918367347,21.03
1.5,4.081632653061225,16.1
1.5,4.173469387755102,14.19
1.5,4.26530612244898,16.72
1.5,4.357142857142858,16.76
1.5,4.448979591836735,16.740000000000002
1.5,4.540816326530613,16.95
1.5,4.63265306122449,17.07
1.5,4.724489795918368,17.05
1.5,4.816326530612245,17.01
1.5,4.908163265306123,16.92
1.5,5.0,16.81
