gamma,omega,steady_time
1.5,0.5,38.800000000000004
1.5,0.5918367346938775,149.99
1.5,0.6836734693877551,123.27
1.5,0.7755102040816326,149.99
1.5,0.8673469387755102,56.32
1.5,0.9591836734693877,47.5
1.5,1.0510204081632653,67.88
1.5,1.1428571428571428,53.370000000000005
1.5,1.2346938775510203,47.230000000000004
1.5,1.3265306122448979,45.89
1.5,1.4183673469387754,47.18
1.5,1.5102040816326532,44.34
1.5,1.6020408163265307,51.21
1.5,1.6938775510204083,98.05
1.5,1.7857142857142858,66.53
1.5,1.8775510204081634,149.99
1.5,1.969387755102041,149.99
1.5,2.0612244897959187,149.99
1.5,2.1530612244897958,149.99
1.5,2.2448979591836737,149.99
1.5,2.336734693877551,62.410000000000004
1.5,2.428571428571429,149.99
1.5,2.5204081632653064,53.08
1.5,2.612244897959184,66.4
1.5,2.7040816326530615,103.32000000000001
1.5,2.795918367346939,24.650000000000002
1.5,2.8877551020408165,149.99
1.5,2.979591836734694,16.29
1.5,3.0714285714285716,42.13
1.5,3.163265306122449,26.84
1.5,3.2551020408163267,25.990000000000002
1.5,3.3469387755102042,32.46
1.5,3.438775510204082,30.27
1.5,3.5306122448979593,24.3
1.5,3.622448979591837,21.66
1.5,3.7142857142857144,19.61
1.5,3.806122448979592,19.19
1.5,3.8979591836734695,17.61
1.5,3.989795918367347,24.41
1.5,4.081632653061225,24.44
1.5,4.173469387755102,21.94
1.5,4.26530612244898,19.91
1.5,4.357142857142858,19.87
1.5,4.448979591836735,21.8
1.5,4.540816326530613,19.8
1.5,4.63265306122449,19.69
1.5,4.724489795918368,19.71
1.5,4.816326530612245,19.78
1.5,4.908163265306123,19.830000000000002
1.5,5.0,19.91
1.5408163265306123,0.5,54.800000000000004
1.5408163265306123,0.5918367346938775,149.99
1.5408163265306123,0.6836734693877551,149.99
1.5408163265306123,0.7755102040816326,33.37
1.5408163265306123,0.8673469387755102,149.99
1.5408163265306123,0.9591836734693877,119.52
1.5408163265306123,1.0510204081632653,85.03
1.5408163265306123,1.1428571428571428,50.39
1.5408163265306123,1.2346938775510203,45.35
1.5408163265306123,1.3265306122448979,44.0
1.5408163265306123,1.4183673469387754,58.65
1.5408163265306123,1.5102040816326532,42.69
1.5408163265306123,1.6020408163265307,48.31
1.5408163265306123,1.6938775510204083,73.49
1.5408163265306123,1.7857142857142858,76.55
1.5408163265306123,1.8775510204081634,149.99
1.5408163265306123,1.969387755102041,149.99
1.5408163265306123,2.0612244897959187,149.99
1.5408163265306123,2.1530612244897958,36.57
1.5408163265306123,2.2448979591836737,149.99
1.5408163265306123,2.336734693877551,78.44
1.5408163265306123,2.428571428571429,149.99
1.5408163265306123,2.5204081632653064,149.99
1.5408163265306123,2.612244897959184,149.99
1.5408163265306123,2.7040816326530615,149.99
1.5408163265306123,2.795918367346939,149.99
1.5408163265306123,2.8877551020408165,149.99
1.5408163265306123,2.979591836734694,16.11
1.5408163265306123,3.0714285714285716,149.99
1.5408163265306123,3.163265306122449,26.95
1.5408163265306123,3.2551020408163267,24.79
1.5408163265306123,3.3469387755102042,25.76
1.5408163265306123,3.438775510204082,30.46
1.5408163265306123,3.5306122448979593,24.52
1.5408163265306123,3.622448979591837,21.73
1.5408163265306123,3.7142857142857144,21.25
1.5408163265306123,3.806122448979592,19.17
1.5408163265306123,3.8979591836734695,17.43
1.5408163265306123,3.989795918367347,24.3
1.5408163265306123,4.081632653061225,24.43
1.5408163265306123,4.173469387755102,21.94
1.5408163265306123,4.26530612244898,19.900000000000002
1.5408163265306123,4.357142857142858,19.87
1.5408163265306123,4.448979591836735,21.8
1.5408163265306123,4.540816326530613,19.79
1.5408163265306123,4.63265306122449,19.67
1.5408163265306123,4.724489795918368,19.67
1.5408163265306123,4.816326530612245,19.740000000000002
1.5408163265306123,4.908163265306123,19.79
1.5408163265306123,5.0,19.87
1.5816326530612246,0.5,53.6
1.5816326530612246,0.5918367346938775,149.99
1.5816326530612246,0.6836734693877551,149.99
1.5816326530612246,0.7755102040816326,28.240000000000002
1.5816326530612246,0.8673469387755102,149.99
1.5816326530612246,0.9591836734693877,89.04
1.5816326530612246,1.0510204081632653,101.22
1.5816326530612246,1.1428571428571428,45.03
1.5816326530612246,1.2346938775510203,40.02
1.5816326530612246,1.3265306122448979,47.25
1.5816326530612246,1.4183673469387754,44.050000000000004
1.5816326530612246,1.5102040816326532,42.410000000000004
1.5816326530612246,1.6020408163265307,63.79
1.5816326530612246,1.6938775510204083,47.97
1.5816326530612246,1.7857142857142858,149.99
1.5816326530612246,1.8775510204081634,149.99
1.5816326530612246,1.969387755102041,149.99
1.5816326530612246,2.0612244897959187,149.99
1.5816326530612246,2.1530612244897958,149.99
1.5816326530612246,2.2448979591836737,149.99
1.5816326530612246,2.336734693877551,149.99
1.5816326530612246,2.428571428571429,149.99
1.5816326530612246,2.5204081632653064,149.99
1.5816326530612246,2.612244897959184,149.99
1.5816326530612246,2.7040816326530615,120.26
1.5816326530612246,2.795918367346939,28.8
1.5816326530612246,2.8877551020408165,149.99
1.5816326530612246,2.979591836734694,149.99
1.5816326530612246,3.0714285714285716,16.9
1.5816326530612246,3.163265306122449,28.240000000000002
1.5816326530612246,3.2551020408163267,35.81
1.5816326530612246,3.3469387755102042,25.51
1.5816326530612246,3.438775510204082,30.580000000000002
1.5816326530612246,3.5306122448979593,28.900000000000002
1.5816326530612246,3.622448979591837,21.81
1.5816326530612246,3.7142857142857144,21.29
1.5816326530612246,3.806122448979592,19.150000000000002
1.5816326530612246,3.8979591836734695,17.28
1.5816326530612246,3.989795918367347,22.23
1.5816326530612246,4.081632653061225,24.42
1.5816326530612246,4.173469387755102,21.94
1.5816326530612246,4.26530612244898,19.89
1.5816326530612246,4.357142857142858,19.86
1.5816326530612246,4.448979591836735,21.8
1.5816326530612246,4.540816326530613,19.78
1.5816326530612246,4.63265306122449,19.650000000000002
1.5816326530612246,4.724489795918368,19.63
1.5816326530612246,4.816326530612245,19.7
1.5816326530612246,4.908163265306123,19.75
1.5816326530612246,5.0,19.82
1.6224489795918366,0.5,53.92
1.6224489795918366,0.5918367346938775,149.99
1.6224489795918366,0.6836734693877551,34.730000000000004
1.6224489795918366,0.7755102040816326,27.18
1.6224489795918366,0.8673469387755102,113.36
1.6224489795918366,0.9591836734693877,30.91
1.6224489795918366,1.0510204081632653,52.120000000000005
1.6224489795918366,1.1428571428571428,40.27
1.6224489795918366,1.2346938775510203,39.300000000000004
1.6224489795918366,1.3265306122448979,43.08
1.6224489795918366,1.4183673469387754,54.99
1.6224489795918366,1.5102040816326532,42.35
1.6224489795918366,1.6020408163265307,47.52
1.6224489795918366,1.6938775510204083,67.48
1.6224489795918366,1.7857142857142858,79.78
1.6224489795918366,1.8775510204081634,149.99
1.6224489795918366,1.969387755102041,47.15
1.6224489795918366,2.0612244897959187,149.99
1.6224489795918366,2.1530612244897958,149.99
1.6224489795918366,2.2448979591836737,149.99
1.6224489795918366,2.336734693877551,149.99
1.6224489795918366,2.428571428571429,135.05
1.6224489795918366,2.5204081632653064,113.91
1.6224489795918366,2.612244897959184,149.99
1.6224489795918366,2.7040816326530615,81.82000000000001
1.6224489795918366,2.795918367346939,10.56
1.6224489795918366,2.8877551020408165,19.53
1.6224489795918366,2.979591836734694,149.99
1.6224489795918366,3.0714285714285716,33.95
1.6224489795918366,3.163265306122449,30.57
1.6224489795918366,3.2551020408163267,33.67
1.6224489795918366,3.3469387755102042,25.21
1.6224489795918366,3.438775510204082,30.560000000000002
1.6224489795918366,3.5306122448979593,29.14
1.6224489795918366,3.622448979591837,21.900000000000002
1.6224489795918366,3.7142857142857144,21.330000000000002
1.6224489795918366,3.806122448979592,19.150000000000002
1.6224489795918366,3.8979591836734695,17.16
1.6224489795918366,3.989795918367347,22.080000000000002
1.6224489795918366,4.081632653061225,24.400000000000002
1.6224489795918366,4.173469387755102,21.94
1.6224489795918366,4.26530612244898,19.88
1.6224489795918366,4.357142857142858,19.85
1.6224489795918366,4.448979591836735,21.8
1.6224489795918366,4.540816326530613,21.66
1.6224489795918366,4.63265306122449,19.63
1.6224489795918366,4.724489795918368,19.6
1.6224489795918366,4.816326530612245,19.66
1.6224489795918366,4.908163265306123,19.71
1.6224489795918366,5.0,19.78
1.663265306122449,0.5,57.81
1.663265306122449,0.5918367346938775,149.99
1.663265306122449,0.6836734693877551,149.99
1.663265306122449,0.7755102040816326,25.62
1.663265306122449,0.8673469387755102,31.16
1.663265306122449,0.9591836734693877,23.96
1.663265306122449,1.0510204081632653,149.99
1.663265306122449,1.1428571428571428,39.550000000000004
1.663265306122449,1.2346938775510203,43.160000000000004
1.663265306122449,1.3265306122448979,41.12
1.663265306122449,1.4183673469387754,69.52
1.663265306122449,1.5102040816326532,42.51
1.663265306122449,1.6020408163265307,59.38
1.663265306122449,1.6938775510204083,60.88
1.663265306122449,1.7857142857142858,111.74000000000001
1.663265306122449,1.8775510204081634,149.99
1.663265306122449,1.969387755102041,149.99
1.663265306122449,2.0612244897959187,86.61
1.663265306122449,2.1530612244897958,149.99
1.663265306122449,2.2448979591836737,149.99
1.663265306122449,2.336734693877551,107.60000000000001
1.663265306122449,2.428571428571429,118.22
1.663265306122449,2.5204081632653064,149.99
1.663265306122449,2.612244897959184,24.650000000000002
1.663265306122449,2.7040816326530615,32.72
1.663265306122449,2.795918367346939,8.790000000000001
1.663265306122449,2.8877551020408165,149.99
1.663265306122449,2.979591836734694,149.99
1.663265306122449,3.0714285714285716,43.47
1.663265306122449,3.163265306122449,32.63
1.663265306122449,3.2551020408163267,18.3
1.663265306122449,3.3469387755102042,23.69
1.663265306122449,3.438775510204082,30.41
1.663265306122449,3.5306122448979593,29.35
1.663265306122449,3.622448979591837,22.02
1.663265306122449,3.7142857142857144,21.38
1.663265306122449,3.806122448979592,19.16
1.663265306122449,3.8979591836734695,17.06
1.663265306122449,3.989795918367347,19.94
1.663265306122449,4.081632653061225,24.37
1.663265306122449,4.173469387755102,21.94
1.663265306122449,4.26530612244898,19.86
1.663265306122449,4.357142857142858,19.84
1.663265306122449,4.448979591836735,21.8
1.663265306122449,4.540816326530613,21.650000000000002
1.663265306122449,4.63265306122449,19.62
1.663265306122449,4.724489795918368,19.57
1.663265306122449,4.816326530612245,19.62
1.663265306122449,4.908163265306123,19.67
1.663265306122449,5.0,19.740000000000002
1.7040816326530612,0.5,61.27
1.7040816326530612,0.5918367346938775,149.99
1.7040816326530612,0.6836734693877551,38.480000000000004
1.7040816326530612,0.7755102040816326,25.19
1.7040816326530612,0.8673469387755102,149.99
1.7040816326530612,0.9591836734693877,26.32
1.7040816326530612,1.0510204081632653,66.29
1.7040816326530612,1.1428571428571428,38.27
1.7040816326530612,1.2346938775510203,47.68
1.7040816326530612,1.3265306122448979,44.42
1.7040816326530612,1.4183673469387754,47.63
1.7040816326530612,1.5102040816326532,47.26
1.7040816326530612,1.6020408163265307,44.47
1.7040816326530612,1.6938775510204083,47.51
1.7040816326530612,1.7857142857142858,48.92
1.7040816326530612,1.8775510204081634,61.06
1.7040816326530612,1.969387755102041,149.99
1.7040816326530612,2.0612244897959187,149.99
1.7040816326530612,2.1530612244897958,149.99
1.7040816326530612,2.2448979591836737,149.99
1.7040816326530612,2.336734693877551,45.83
1.7040816326530612,2.428571428571429,44.83
1.7040816326530612,2.5204081632653064,149.99
1.7040816326530612,2.612244897959184,149.99
1.7040816326530612,2.7040816326530615,149.99
1.7040816326530612,2.795918367346939,8.85
1.7040816326530612,2.8877551020408165,149.99
1.7040816326530612,2.979591836734694,149.99
1.7040816326530612,3.0714285714285716,149.99
1.7040816326530612,3.163265306122449,34.230000000000004
1.7040816326530612,3.2551020408163267,37.7
1.7040816326530612,3.3469387755102042,28.94
1.7040816326530612,3.438775510204082,30.150000000000002
1.7040816326530612,3.5306122448979593,29.59
1.7040816326530612,3.622448979591837,22.18
1.7040816326530612,3.7142857142857144,21.45
1.7040816326530612,3.806122448979592,19.18
1.7040816326530612,3.8979591836734695,16.990000000000002
1.7040816326530612,3.989795918367347,19.81
1.7040816326530612,4.081632653061225,24.330000000000002
1.7040816326530612,4.173469387755102,21.94
1.7040816326530612,4.26530612244898,19.85
1.7040816326530612,4.357142857142858,19.830000000000002
1.7040816326530612,4.448979591836735,21.8
1.7040816326530612,4.540816326530613,21.650000000000002
1.7040816326530612,4.63265306122449,19.61
1.7040816326530612,4.724489795918368,19.55
1.7040816326530612,4.816326530612245,19.59
1.7040816326530612,4.908163265306123,19.63
1.7040816326530612,5.0,19.7
1.7448979591836735,0.5,69.15
1.7448979591836735,0.5918367346938775,149.99
1.7448979591836735,0.6836734693877551,149.99
1.7448979591836735,0.7755102040816326,31.150000000000002
1.7448979591836735,0.8673469387755102,149.99
1.7448979591836735,0.9591836734693877,27.71
1.7448979591836735,1.0510204081632653,41.86
1.7448979591836735,1.1428571428571428,33.85
1.7448979591836735,1.2346938775510203,51.24
1.7448979591836735,1.3265306122448979,45.18
1.7448979591836735,1.4183673469387754,45.45
1.7448979591836735,1.5102040816326532,64.18
1.7448979591836735,1.6020408163265307,42.24
1.7448979591836735,1.6938775510204083,55.7
1.7448979591836735,1.7857142857142858,50.17
1.7448979591836735,1.8775510204081634,149.99
1.7448979591836735,1.969387755102041,149.99
1.7448979591836735,2.0612244897959187,149.99
1.7448979591836735,2.1530612244897958,149.99
1.7448979591836735,2.2448979591836737,149.99
1.7448979591836735,2.336734693877551,149.99
1.7448979591836735,2.428571428571429,36.75
1.7448979591836735,2.5204081632653064,149.99
1.7448979591836735,2.612244897959184,114.58
1.7448979591836735,2.7040816326530615,82.36
1.7448979591836735,2.795918367346939,10.42
1.7448979591836735,2.8877551020408165,149.99
1.7448979591836735,2.979591836734694,149.99
1.7448979591836735,3.0714285714285716,27.78
1.7448979591836735,3.163265306122449,32.31
1.7448979591836735,3.2551020408163267,45.26
1.7448979591836735,3.3469387755102042,45.68
1.7448979591836735,3.438775510204082,25.28
1.7448979591836735,3.5306122448979593,29.900000000000002
1.7448979591836735,3.622448979591837,26.560000000000002
1.7448979591836735,3.7142857142857144,21.54
1.7448979591836735,3.806122448979592,19.21
1.7448979591836735,3.8979591836734695,16.94
1.7448979591836735,3.989795918367347,19.69
1.7448979591836735,4.081632653061225,24.28
1.7448979591836735,4.173469387755102,21.95
1.7448979591836735,4.26530612244898,19.84
1.7448979591836735,4.357142857142858,19.81
1.7448979591836735,4.448979591836735,21.8
1.7448979591836735,4.540816326530613,21.650000000000002
1.7448979591836735,4.63265306122449,19.6
1.7448979591836735,4.724489795918368,19.52
1.7448979591836735,4.816326530612245,19.56
1.7448979591836735,4.908163265306123,19.6
1.7448979591836735,5.0,19.66
1.7857142857142856,0.5,99.19
1.7857142857142856,0.5918367346938775,149.99
1.7857142857142856,0.6836734693877551,149.99
1.7857142857142856,0.7755102040816326,30.560000000000002
1.7857142857142856,0.8673469387755102,149.99
1.7857142857142856,0.9591836734693877,149.99
1.7857142857142856,1.0510204081632653,72.88
1.7857142857142856,1.1428571428571428,36.56
1.7857142857142856,1.2346938775510203,54.02
1.7857142857142856,1.3265306122448979,45.61
1.7857142857142856,1.4183673469387754,43.53
1.7857142857142856,1.5102040816326532,54.04
1.7857142857142856,1.6020408163265307,41.74
1.7857142857142856,1.6938775510204083,59.2
1.7857142857142856,1.7857142857142858,64.2
1.7857142857142856,1.8775510204081634,111.57000000000001
1.7857142857142856,1.969387755102041,149.99
1.7857142857142856,2.0612244897959187,38.35
1.7857142857142856,2.1530612244897958,149.99
1.7857142857142856,2.2448979591836737,149.99
1.7857142857142856,2.336734693877551,149.99
1.7857142857142856,2.428571428571429,149.99
1.7857142857142856,2.5204081632653064,149.99
1.7857142857142856,2.612244897959184,149.99
1.7857142857142856,2.7040816326530615,149.99
1.7857142857142856,2.795918367346939,57.980000000000004
1.7857142857142856,2.8877551020408165,149.99
1.7857142857142856,2.979591836734694,20.52
1.7857142857142856,3.0714285714285716,26.42
1.7857142857142856,3.163265306122449,62.71
1.7857142857142856,3.2551020408163267,45.410000000000004
1.7857142857142856,3.3469387755102042,36.63
1.7857142857142856,3.438775510204082,23.150000000000002
1.7857142857142856,3.5306122448979593,34.230000000000004
1.7857142857142856,3.622448979591837,26.72
1.7857142857142856,3.7142857142857144,21.64
1.7857142857142856,3.806122448979592,19.25
1.7857142857142856,3.8979591836734695,16.91
1.7857142857142856,3.989795918367347,19.57
1.7857142857142856,4.081632653061225,24.23
1.7857142857142856,4.173469387755102,21.95
1.7857142857142856,4.26530612244898,19.830000000000002
1.7857142857142856,4.357142857142858,19.79
1.7857142857142856,4.448979591836735,21.8
1.7857142857142856,4.540816326530613,21.650000000000002
1.7857142857142856,4.63265306122449,19.6
1.7857142857142856,4.724489795918368,19.5
1.7857142857142856,4.816326530612245,19.53
1.7857142857142856,4.908163265306123,19.57
1.7857142857142856,5.0,19.62
1.8265306122448979,0.5,149.99
1.8265306122448979,0.5918367346938775,149.99
1.8265306122448979,0.6836734693877551,135.55
1.8265306122448979,0.7755102040816326,30.02
1.8265306122448979,0.8673469387755102,91.9
1.8265306122448979,0.9591836734693877,149.99
1.8265306122448979,1.0510204081632653,149.99
1.8265306122448979,1.1428571428571428,39.550000000000004
1.8265306122448979,1.2346938775510203,54.49
1.8265306122448979,1.3265306122448979,45.76
1.8265306122448979,1.4183673469387754,42.76
1.8265306122448979,1.5102040816326532,46.46
1.8265306122448979,1.6020408163265307,41.21
1.8265306122448979,1.6938775510204083,48.7
1.8265306122448979,1.7857142857142858,86.83
1.8265306122448979,1.8775510204081634,46.42
1.8265306122448979,1.969387755102041,149.99
1.8265306122448979,2.0612244897959187,149.99
1.8265306122448979,2.1530612244897958,149.99
1.8265306122448979,2.2448979591836737,149.99
1.8265306122448979,2.336734693877551,122.21000000000001
1.8265306122448979,2.428571428571429,33.24
1.8265306122448979,2.5204081632653064,149.99
1.8265306122448979,2.612244897959184,149.99
1.8265306122448979,2.7040816326530615,149.99
1.8265306122448979,2.795918367346939,149.99
1.8265306122448979,2.8877551020408165,149.99
1.8265306122448979,2.979591836734694,18.71
1.8265306122448979,3.0714285714285716,149.99
1.8265306122448979,3.163265306122449,36.57
1.8265306122448979,3.2551020408163267,52.17
1.8265306122448979,3.3469387755102042,36.44
1.8265306122448979,3.438775510204082,22.97
1.8265306122448979,3.5306122448979593,34.2
1.8265306122448979,3.622448979591837,26.86
1.8265306122448979,3.7142857142857144,21.78
1.8265306122448979,3.806122448979592,19.29
1.8265306122448979,3.8979591836734695,16.9
1.8265306122448979,3.989795918367347,19.44
1.8265306122448979,4.081632653061225,24.16
1.8265306122448979,4.173469387755102,21.95
1.8265306122448979,4.26530612244898,21.64
1.8265306122448979,4.357142857142858,19.77
1.8265306122448979,4.448979591836735,21.8
1.8265306122448979,4.540816326530613,21.650000000000002
1.8265306122448979,4.63265306122449,19.6
1.8265306122448979,4.724489795918368,19.490000000000002
1.8265306122448979,4.816326530612245,19.5
1.8265306122448979,4.908163265306123,17.37
1.8265306122448979,5.0,19.580000000000002
1.8673469387755102,0.5,60.370000000000005
1.8673469387755102,0.5918367346938775,149.99
1.8673469387755102,0.6836734693877551,56.52
1.8673469387755102,0.7755102040816326,29.72
1.8673469387755102,0.8673469387755102,149.99
1.8673469387755102,0.9591836734693877,149.99
1.8673469387755102,1.0510204081632653,149.99
1.8673469387755102,1.1428571428571428,42.39
1.8673469387755102,1.2346938775510203,53.9
1.8673469387755102,1.3265306122448979,44.65
1.8673469387755102,1.4183673469387754,45.800000000000004
1.8673469387755102,1.5102040816326532,49.53
1.8673469387755102,1.6020408163265307,44.99
1.8673469387755102,1.6938775510204083,47.58
1.8673469387755102,1.7857142857142858,48.19
1.8673469387755102,1.8775510204081634,72.08
1.8673469387755102,1.969387755102041,149.99
1.8673469387755102,2.0612244897959187,149.99
1.8673469387755102,2.1530612244897958,149.99
1.8673469387755102,2.2448979591836737,103.7
1.8673469387755102,2.336734693877551,143.68
1.8673469387755102,2.428571428571429,149.99
1.8673469387755102,2.5204081632653064,149.99
1.8673469387755102,2.612244897959184,19.490000000000002
1.8673469387755102,2.7040816326530615,149.99
1.8673469387755102,2.795918367346939,21.79
1.8673469387755102,2.8877551020408165,149.99
1.8673469387755102,2.979591836734694,18.55
1.8673469387755102,3.0714285714285716,149.99
1.8673469387755102,3.163265306122449,33.67
1.8673469387755102,3.2551020408163267,59.25
1.8673469387755102,3.3469387755102042,40.15
1.8673469387755102,3.438775510204082,23.29
1.8673469387755102,3.5306122448979593,29.78
1.8673469387755102,3.622448979591837,27.0
1.8673469387755102,3.7142857142857144,24.22
1.8673469387755102,3.806122448979592,19.35
1.8673469387755102,3.8979591836734695,16.91
1.8673469387755102,3.989795918367347,17.26
1.8673469387755102,4.081632653061225,24.09
1.8673469387755102,4.173469387755102,21.95
1.8673469387755102,4.26530612244898,21.62
1.8673469387755102,4.357142857142858,19.75
1.8673469387755102,4.448979591836735,21.8
1.8673469387755102,4.540816326530613,21.650000000000002
1.8673469387755102,4.63265306122449,19.59
1.8673469387755102,4.724489795918368,19.47
1.8673469387755102,4.816326530612245,19.47
1.8673469387755102,4.908163265306123,17.34
1.8673469387755102,5.0,17.39
1.9081632653061225,0.5,103.47
1.9081632653061225,0.5918367346938775,149.99
1.9081632653061225,0.6836734693877551,149.99
1.9081632653061225,0.7755102040816326,30.0
1.9081632653061225,0.8673469387755102,149.99
1.9081632653061225,0.9591836734693877,149.99
1.9081632653061225,1.0510204081632653,63.46
1.9081632653061225,1.1428571428571428,63.13
1.9081632653061225,1.2346938775510203,50.980000000000004
1.9081632653061225,1.3265306122448979,42.42
1.9081632653061225,1.4183673469387754,45.1
1.9081632653061225,1.5102040816326532,48.980000000000004
1.9081632653061225,1.6020408163265307,45.52
1.9081632653061225,1.6938775510204083,49.52
1.9081632653061225,1.7857142857142858,46.45
1.9081632653061225,1.8775510204081634,79.39
1.9081632653061225,1.969387755102041,40.19
1.9081632653061225,2.0612244897959187,25.98
1.9081632653061225,2.1530612244897958,149.99
1.9081632653061225,2.2448979591836737,149.99
1.9081632653061225,2.336734693877551,149.99
1.9081632653061225,2.428571428571429,131.19
1.9081632653061225,2.5204081632653064,149.99
1.9081632653061225,2.612244897959184,149.99
1.9081632653061225,2.7040816326530615,149.99
1.9081632653061225,2.795918367346939,149.99
1.9081632653061225,2.8877551020408165,149.99
1.9081632653061225,2.979591836734694,149.99
1.9081632653061225,3.0714285714285716,149.99
1.9081632653061225,3.163265306122449,46.14
1.9081632653061225,3.2551020408163267,43.65
1.9081632653061225,3.3469387755102042,27.19
1.9081632653061225,3.438775510204082,26.63
1.9081632653061225,3.5306122448979593,29.44
1.9081632653061225,3.622448979591837,27.16
1.9081632653061225,3.7142857142857144,25.88
1.9081632653061225,3.806122448979592,21.39
1.9081632653061225,3.8979591836734695,16.93
1.9081632653061225,3.989795918367347,17.1
1.9081632653061225,4.081632653061225,22.080000000000002
1.9081632653061225,4.173469387755102,21.95
1.9081632653061225,4.26530612244898,21.6
1.9081632653061225,4.357142857142858,19.72
1.9081632653061225,4.448979591836735,21.79
1.9081632653061225,4.540816326530613,21.650000000000002
1.9081632653061225,4.63265306122449,19.59
1.9081632653061225,4.724489795918368,19.46
1.9081632653061225,4.816326530612245,19.45
1.9081632653061225,4.908163265306123,19.48
1.9081632653061225,5.0,17.35
1.9489795918367347,0.5,144.06
1.9489795918367347,0.5918367346938775,149.99
1.9489795918367347,0.6836734693877551,149.99
1.9489795918367347,0.7755102040816326,32.61
1.9489795918367347,0.8673469387755102,149.99
1.9489795918367347,0.9591836734693877,149.99
1.9489795918367347,1.0510204081632653,149.99
1.9489795918367347,1.1428571428571428,54.51
1.9489795918367347,1.2346938775510203,46.99
1.9489795918367347,1.3265306122448979,37.87
1.9489795918367347,1.4183673469387754,41.04
1.9489795918367347,1.5102040816326532,49.53
1.9489795918367347,1.6020408163265307,46.11
1.9489795918367347,1.6938775510204083,46.93
1.9489795918367347,1.7857142857142858,68.57000000000001
1.9489795918367347,1.8775510204081634,53.32
1.9489795918367347,1.969387755102041,134.92000000000002
1.9489795918367347,2.0612244897959187,80.52
1.9489795918367347,2.1530612244897958,149.99
1.9489795918367347,2.2448979591836737,149.99
1.9489795918367347,2.336734693877551,149.99
1.9489795918367347,2.428571428571429,68.5
1.9489795918367347,2.5204081632653064,149.99
1.9489795918367347,2.612244897959184,149.99
1.9489795918367347,2.7040816326530615,149.99
1.9489795918367347,2.795918367346939,28.490000000000002
1.9489795918367347,2.8877551020408165,149.99
1.9489795918367347,2.979591836734694,18.57
1.9489795918367347,3.0714285714285716,15.26
1.9489795918367347,3.163265306122449,31.7
1.9489795918367347,3.2551020408163267,48.58
1.9489795918367347,3.3469387755102042,25.71
1.9489795918367347,3.438775510204082,32.22
1.9489795918367347,3.5306122448979593,29.150000000000002
1.9489795918367347,3.622448979591837,27.38
1.9489795918367347,3.7142857142857144,26.0
1.9489795918367347,3.806122448979592,21.48
1.9489795918367347,3.8979591836734695,18.85
1.9489795918367347,3.989795918367347,16.96
1.9489795918367347,4.081632653061225,21.98
1.9489795918367347,4.173469387755102,21.95
1.9489795918367347,4.26530612244898,21.580000000000002
1.9489795918367347,4.357142857142858,19.69
1.9489795918367347,4.448979591836735,21.79
1.9489795918367347,4.540816326530613,21.650000000000002
1.9489795918367347,4.63265306122449,19.59
1.9489795918367347,4.724489795918368,19.45
1.9489795918367347,4.816326530612245,19.43
1.9489795918367347,4.908163265306123,17.29
1.9489795918367347,5.0,17.32
1.989795918367347,0.5,77.68
1.989795918367347,0.5918367346938775,149.99
1.989795918367347,0.6836734693877551,149.99
1.989795918367347,0.7755102040816326,34.83
1.989795918367347,0.8673469387755102,149.99
1.989795918367347,0.9591836734693877,40.39
1.989795918367347,1.0510204081632653,149.99
1.989795918367347,1.1428571428571428,49.480000000000004
1.989795918367347,1.2346938775510203,42.29
1.989795918367347,1.3265306122448979,40.09
1.989795918367347,1.4183673469387754,40.43
1.989795918367347,1.5102040816326532,48.67
1.989795918367347,1.6020408163265307,15.860000000000001
1.989795918367347,1.6938775510204083,45.160000000000004
1.989795918367347,1.7857142857142858,50.370000000000005
1.989795918367347,1.8775510204081634,63.06
1.989795918367347,1.969387755102041,74.29
1.989795918367347,2.0612244897959187,149.99
1.989795918367347,2.1530612244897958,149.99
1.989795918367347,2.2448979591836737,149.99
1.989795918367347,2.336734693877551,149.99
1.989795918367347,2.428571428571429,77.9
1.989795918367347,2.5204081632653064,149.99
1.989795918367347,2.612244897959184,149.99
1.989795918367347,2.7040816326530615,12.82
1.989795918367347,2.795918367346939,58.45
1.989795918367347,2.8877551020408165,8.35
1.989795918367347,2.979591836734694,18.47
1.989795918367347,3.0714285714285716,15.790000000000001
1.989795918367347,3.163265306122449,54.24
1.989795918367347,3.2551020408163267,53.18
1.989795918367347,3.3469387755102042,9.8
1.989795918367347,3.438775510204082,32.35
1.989795918367347,3.5306122448979593,27.34
1.989795918367347,3.622448979591837,31.76
1.989795918367347,3.7142857142857144,26.14
1.989795918367347,3.806122448979592,23.59
1.989795918367347,3.8979591836734695,18.86
1.989795918367347,3.989795918367347,16.84
1.989795918367347,4.081632653061225,21.88
1.989795918367347,4.173469387755102,24.03
1.989795918367347,4.26530612244898,21.57
1.989795918367347,4.357142857142858,19.66
1.989795918367347,4.448979591836735,21.78
1.989795918367347,4.540816326530613,21.650000000000002
1.989795918367347,4.63265306122449,19.6
1.989795918367347,4.724489795918368,19.44
1.989795918367347,4.816326530612245,19.41
1.989795918367347,4.908163265306123,19.43
1.989795918367347,5.0,17.29
2.0306122448979593,0.5,84.57000000000001
2.0306122448979593,0.5918367346938775,149.99
2.0306122448979593,0.6836734693877551,149.99
2.0306122448979593,0.7755102040816326,36.56
2.0306122448979593,0.8673469387755102,149.99
2.0306122448979593,0.9591836734693877,51.85
2.0306122448979593,1.0510204081632653,149.99
2.0306122448979593,1.1428571428571428,74.06
2.0306122448979593,1.2346938775510203,41.19
2.0306122448979593,1.3265306122448979,42.18
2.0306122448979593,1.4183673469387754,42.82
2.0306122448979593,1.5102040816326532,46.230000000000004
2.0306122448979593,1.6020408163265307,61.74
2.0306122448979593,1.6938775510204083,44.39
2.0306122448979593,1.7857142857142858,64.43
2.0306122448979593,1.8775510204081634,51.49
2.0306122448979593,1.969387755102041,106.01
2.0306122448979593,2.0612244897959187,149.99
2.0306122448979593,2.1530612244897958,149.99
2.0306122448979593,2.2448979591836737,149.99
2.0306122448979593,2.336734693877551,149.99
2.0306122448979593,2.428571428571429,111.92
2.0306122448979593,2.5204081632653064,50.2
2.0306122448979593,2.612244897959184,149.99
2.0306122448979593,2.7040816326530615,149.99
2.0306122448979593,2.795918367346939,149.99
2.0306122448979593,2.8877551020408165,8.43
2.0306122448979593,2.979591836734694,20.28
2.0306122448979593,3.0714285714285716,149.99
2.0306122448979593,3.163265306122449,44.19
2.0306122448979593,3.2551020408163267,22.66
2.0306122448979593,3.3469387755102042,9.81
2.0306122448979593,3.438775510204082,149.99
2.0306122448979593,3.5306122448979593,22.67
2.0306122448979593,3.622448979591837,31.79
2.0306122448979593,3.7142857142857144,26.3
2.0306122448979593,3.806122448979592,23.69
2.0306122448979593,3.8979591836734695,18.89
2.0306122448979593,3.989795918367347,16.740000000000002
2.0306122448979593,4.081632653061225,19.66
2.0306122448979593,4.173469387755102,24.01
2.0306122448979593,4.26530612244898,21.55
2.0306122448979593,4.357142857142858,19.64
2.0306122448979593,4.448979591836735,21.77
2.0306122448979593,4.540816326530613,21.650000000000002
2.0306122448979593,4.63265306122449,19.6
2.0306122448979593,4.724489795918368,19.44
2.0306122448979593,4.816326530612245,19.39
2.0306122448979593,4.908163265306123,17.240000000000002
2.0306122448979593,5.0,17.26
2.071428571428571,0.5,91.64
2.071428571428571,0.5918367346938775,149.99
2.071428571428571,0.6836734693877551,149.99
2.071428571428571,0.7755102040816326,37.76
2.071428571428571,0.8673469387755102,149.99
2.071428571428571,0.9591836734693877,46.58
2.071428571428571,1.0510204081632653,149.99
2.071428571428571,1.1428571428571428,111.15
2.071428571428571,1.2346938775510203,40.42
2.071428571428571,1.3265306122448979,46.29
2.071428571428571,1.4183673469387754,43.89
2.071428571428571,1.5102040816326532,46.28
2.071428571428571,1.6020408163265307,45.84
2.071428571428571,1.6938775510204083,44.15
2.071428571428571,1.7857142857142858,13.16
2.071428571428571,1.8775510204081634,46.34
2.071428571428571,1.969387755102041,61.300000000000004
2.071428571428571,2.0612244897959187,149.99
2.071428571428571,2.1530612244897958,149.99
2.071428571428571,2.2448979591836737,149.99
2.071428571428571,2.336734693877551,149.99
2.071428571428571,2.428571428571429,142.74
2.071428571428571,2.5204081632653064,56.88
2.071428571428571,2.612244897959184,149.99
2.071428571428571,2.7040816326530615,36.97
2.071428571428571,2.795918367346939,149.99
2.071428571428571,2.8877551020408165,8.73
2.071428571428571,2.979591836734694,149.99
2.071428571428571,3.0714285714285716,149.99
2.071428571428571,3.163265306122449,42.29
2.071428571428571,3.2551020408163267,25.78
2.071428571428571,3.3469387755102042,9.82
2.071428571428571,3.438775510204082,37.660000000000004
2.071428571428571,3.5306122448979593,22.79
2.071428571428571,3.622448979591837,31.73
2.071428571428571,3.7142857142857144,26.48
2.071428571428571,3.806122448979592,23.79
2.071428571428571,3.8979591836734695,18.92
2.071428571428571,3.989795918367347,16.66
2.071428571428571,4.081632653061225,19.55
2.071428571428571,4.173469387755102,23.98
2.071428571428571,4.26530612244898,21.54
2.071428571428571,4.357142857142858,19.61
2.071428571428571,4.448979591836735,21.76
2.071428571428571,4.540816326530613,21.650000000000002
2.071428571428571,4.63265306122449,19.6
2.071428571428571,4.724489795918368,19.43
2.071428571428571,4.816326530612245,19.38
2.071428571428571,4.908163265306123,17.22
2.071428571428571,5.0,17.23
2.1122448979591835,0.5,58.86
2.1122448979591835,0.5918367346938775,149.99
2.1122448979591835,0.6836734693877551,149.99
2.1122448979591835,0.7755102040816326,38.14
2.1122448979591835,0.8673469387755102,149.99
2.1122448979591835,0.9591836734693877,149.99
2.1122448979591835,1.0510204081632653,39.67
2.1122448979591835,1.1428571428571428,68.79
2.1122448979591835,1.2346938775510203,39.06
2.1122448979591835,1.3265306122448979,50.15
2.1122448979591835,1.4183673469387754,45.980000000000004
2.1122448979591835,1.5102040816326532,43.51
2.1122448979591835,1.6020408163265307,45.59
2.1122448979591835,1.6938775510204083,44.03
2.1122448979591835,1.7857142857142858,61.0
2.1122448979591835,1.8775510204081634,47.51
2.1122448979591835,1.969387755102041,68.24
2.1122448979591835,2.0612244897959187,40.83
2.1122448979591835,2.1530612244897958,149.99
2.1122448979591835,2.2448979591836737,149.99
2.1122448979591835,2.336734693877551,149.99
2.1122448979591835,2.428571428571429,64.88
2.1122448979591835,2.5204081632653064,149.99
2.1122448979591835,2.612244897959184,149.99
2.1122448979591835,2.7040816326530615,149.99
2.1122448979591835,2.795918367346939,35.300000000000004
2.1122448979591835,2.8877551020408165,149.99
2.1122448979591835,2.979591836734694,149.99
2.1122448979591835,3.0714285714285716,149.99
2.1122448979591835,3.163265306122449,43.93
2.1122448979591835,3.2551020408163267,27.64
2.1122448979591835,3.3469387755102042,9.8
2.1122448979591835,3.438775510204082,31.89
2.1122448979591835,3.5306122448979593,25.5
2.1122448979591835,3.622448979591837,27.29
2.1122448979591835,3.7142857142857144,26.69
2.1122448979591835,3.806122448979592,23.88
2.1122448979591835,3.8979591836734695,18.95
2.1122448979591835,3.989795918367347,16.6
2.1122448979591835,4.081632653061225,19.45
2.1122448979591835,4.173469387755102,23.95
2.1122448979591835,4.26530612244898,21.53
2.1122448979591835,4.357142857142858,19.580000000000002
2.1122448979591835,4.448979591836735,21.75
2.1122448979591835,4.540816326530613,21.650000000000002
2.1122448979591835,4.63265306122449,19.6
2.1122448979591835,4.724489795918368,19.43
2.1122448979591835,4.816326530612245,19.37
2.1122448979591835,4.908163265306123,19.37
2.1122448979591835,5.0,17.2
2.1530612244897958,0.5,87.55
2.1530612244897958,0.5918367346938775,149.99
2.1530612244897958,0.6836734693877551,149.99
2.1530612244897958,0.7755102040816326,37.26
2.1530612244897958,0.8673469387755102,27.46
2.1530612244897958,0.9591836734693877,149.99
2.1530612244897958,1.0510204081632653,29.82
2.1530612244897958,1.1428571428571428,38.36
2.1530612244897958,1.2346938775510203,36.22
2.1530612244897958,1.3265306122448979,53.61
2.1530612244897958,1.4183673469387754,45.92
2.1530612244897958,1.5102040816326532,44.21
2.1530612244897958,1.6020408163265307,53.94
2.1530612244897958,1.6938775510204083,44.11
2.1530612244897958,1.7857142857142858,51.5
2.1530612244897958,1.8775510204081634,64.17
2.1530612244897958,1.969387755102041,131.87
2.1530612244897958,2.0612244897959187,149.99
2.1530612244897958,2.1530612244897958,149.99
2.1530612244897958,2.2448979591836737,149.99
2.1530612244897958,2.336734693877551,149.99
2.1530612244897958,2.428571428571429,37.51
2.1530612244897958,2.5204081632653064,149.99
2.1530612244897958,2.612244897959184,149.99
2.1530612244897958,2.7040816326530615,72.23
2.1530612244897958,2.795918367346939,149.99
2.1530612244897958,2.8877551020408165,25.37
2.1530612244897958,2.979591836734694,149.99
2.1530612244897958,3.0714285714285716,149.99
2.1530612244897958,3.163265306122449,30.37
2.1530612244897958,3.2551020408163267,29.32
2.1530612244897958,3.3469387755102042,9.78
2.1530612244897958,3.438775510204082,25.03
2.1530612244897958,3.5306122448979593,25.7
2.1530612244897958,3.622448979591837,27.03
2.1530612244897958,3.7142857142857144,29.240000000000002
2.1530612244897958,3.806122448979592,23.98
2.1530612244897958,3.8979591836734695,19.0
2.1530612244897958,3.989795918367347,16.56
2.1530612244897958,4.081632653061225,19.34
2.1530612244897958,4.173469387755102,21.87
2.1530612244897958,4.26530612244898,21.52
2.1530612244897958,4.357142857142858,19.55
2.1530612244897958,4.448979591836735,21.73
2.1530612244897958,4.540816326530613,21.650000000000002
2.1530612244897958,4.63265306122449,19.61
2.1530612244897958,4.724489795918368,19.43
2.1530612244897958,4.816326530612245,19.36
2.1530612244897958,4.908163265306123,19.35
2.1530612244897958,5.0,17.17
2.193877551020408,0.5,78.46000000000001
2.193877551020408,0.5918367346938775,149.99
2.193877551020408,0.6836734693877551,149.99
2.193877551020408,0.7755102040816326,37.67
2.193877551020408,0.8673469387755102,26.29
2.193877551020408,0.9591836734693877,66.34
2.193877551020408,1.0510204081632653,22.26
2.193877551020408,1.1428571428571428,55.67
2.193877551020408,1.2346938775510203,34.5
2.193877551020408,1.3265306122448979,55.1
2.193877551020408,1.4183673469387754,45.93
2.193877551020408,1.5102040816326532,44.7
2.193877551020408,1.6020408163265307,47.51
2.193877551020408,1.6938775510204083,44.46
2.193877551020408,1.7857142857142858,46.74
2.193877551020408,1.8775510204081634,48.31
2.193877551020408,1.969387755102041,55.370000000000005
2.193877551020408,2.0612244897959187,149.99
2.193877551020408,2.1530612244897958,149.99
2.193877551020408,2.2448979591836737,92.14
2.193877551020408,2.336734693877551,149.99
2.193877551020408,2.428571428571429,149.99
2.193877551020408,2.5204081632653064,149.99
2.193877551020408,2.612244897959184,149.99
2.193877551020408,2.7040816326530615,149.99
2.193877551020408,2.795918367346939,149.99
2.193877551020408,2.8877551020408165,149.99
2.193877551020408,2.979591836734694,149.99
2.193877551020408,3.0714285714285716,19.67
2.193877551020408,3.163265306122449,20.82
2.193877551020408,3.2551020408163267,26.23
2.193877551020408,3.3469387755102042,25.52
2.193877551020408,3.438775510204082,44.99
2.193877551020408,3.5306122448979593,31.04
2.193877551020408,3.622448979591837,26.830000000000002
2.193877551020408,3.7142857142857144,30.89
2.193877551020408,3.806122448979592,24.080000000000002
2.193877551020408,3.8979591836734695,21.25
2.193877551020408,3.989795918367347,16.53
2.193877551020408,4.081632653061225,19.240000000000002
2.193877551020408,4.173469387755102,21.84
2.193877551020408,4.26530612244898,21.51
2.193877551020408,4.357142857142858,19.52
2.193877551020408,4.448979591836735,21.71
2.193877551020408,4.540816326530613,21.64
2.193877551020408,4.63265306122449,19.61
2.193877551020408,4.724489795918368,19.43
2.193877551020408,4.816326530612245,19.35
2.193877551020408,4.908163265306123,19.34
2.193877551020408,5.0,17.150000000000002
2.2346938775510203,0.5,57.84
2.2346938775510203,0.5918367346938775,149.99
2.2346938775510203,0.6836734693877551,149.99
2.2346938775510203,0.7755102040816326,149.99
2.2346938775510203,0.8673469387755102,26.13
2.2346938775510203,0.9591836734693877,27.650000000000002
2.2346938775510203,1.0510204081632653,25.07
2.2346938775510203,1.1428571428571428,149.99
2.2346938775510203,1.2346938775510203,37.28
2.2346938775510203,1.3265306122448979,55.68
2.2346938775510203,1.4183673469387754,45.58
2.2346938775510203,1.5102040816326532,44.2
2.2346938775510203,1.6020408163265307,54.09
2.2346938775510203,1.6938775510204083,46.64
2.2346938775510203,1.7857142857142858,44.7
2.2346938775510203,1.8775510204081634,54.300000000000004
2.2346938775510203,1.969387755102041,47.86
2.2346938775510203,2.0612244897959187,72.7
2.2346938775510203,2.1530612244897958,149.99
2.2346938775510203,2.2448979591836737,149.99
2.2346938775510203,2.336734693877551,127.41
2.2346938775510203,2.428571428571429,149.99
2.2346938775510203,2.5204081632653064,149.99
2.2346938775510203,2.612244897959184,149.99
2.2346938775510203,2.7040816326530615,149.99
2.2346938775510203,2.795918367346939,149.99
2.2346938775510203,2.8877551020408165,149.99
2.2346938775510203,2.979591836734694,149.99
2.2346938775510203,3.0714285714285716,18.77
2.2346938775510203,3.163265306122449,24.23
2.2346938775510203,3.2551020408163267,44.46
2.2346938775510203,3.3469387755102042,27.2
2.2346938775510203,3.438775510204082,9.64
2.2346938775510203,3.5306122448979593,149.99
2.2346938775510203,3.622448979591837,26.64
2.2346938775510203,3.7142857142857144,30.96
2.2346938775510203,3.806122448979592,24.18
2.2346938775510203,3.8979591836734695,21.330000000000002
2.2346938775510203,3.989795918367347,16.52
2.2346938775510203,4.081632653061225,17.18
2.2346938775510203,4.173469387755102,21.8
2.2346938775510203,4.26530612244898,21.5
2.2346938775510203,4.357142857142858,19.5
2.2346938775510203,4.448979591836735,21.69
2.2346938775510203,4.540816326530613,21.64
2.2346938775510203,4.63265306122449,21.55
2.2346938775510203,4.724489795918368,19.43
2.2346938775510203,4.816326530612245,19.34
2.2346938775510203,4.908163265306123,19.32
2.2346938775510203,5.0,17.13
2.2755102040816326,0.5,106.57000000000001
2.2755102040816326,0.5918367346938775,149.99
2.2755102040816326,0.6836734693877551,149.99
2.2755102040816326,0.7755102040816326,35.86
2.2755102040816326,0.8673469387755102,26.22
2.2755102040816326,0.9591836734693877,50.800000000000004
2.2755102040816326,1.0510204081632653,24.98
2.2755102040816326,1.1428571428571428,149.99
2.2755102040816326,1.2346938775510203,37.67
2.2755102040816326,1.3265306122448979,55.35
2.2755102040816326,1.4183673469387754,43.79
2.2755102040816326,1.5102040816326532,42.95
2.2755102040816326,1.6020408163265307,47.870000000000005
2.2755102040816326,1.6938775510204083,58.46
2.2755102040816326,1.7857142857142858,43.65
2.2755102040816326,1.8775510204081634,52.69
2.2755102040816326,1.969387755102041,45.59
2.2755102040816326,2.0612244897959187,149.99
2.2755102040816326,2.1530612244897958,59.82
2.2755102040816326,2.2448979591836737,149.99
2.2755102040816326,2.336734693877551,149.99
2.2755102040816326,2.428571428571429,149.99
2.2755102040816326,2.5204081632653064,111.76
2.2755102040816326,2.612244897959184,149.99
2.2755102040816326,2.7040816326530615,149.99
2.2755102040816326,2.795918367346939,149.99
2.2755102040816326,2.8877551020408165,64.78
2.2755102040816326,2.979591836734694,149.99
2.2755102040816326,3.0714285714285716,17.87
2.2755102040816326,3.163265306122449,24.78
2.2755102040816326,3.2551020408163267,28.68
2.2755102040816326,3.3469387755102042,47.95
2.2755102040816326,3.438775510204082,9.72
2.2755102040816326,3.5306122448979593,33.02
2.2755102040816326,3.622448979591837,26.45
2.2755102040816326,3.7142857142857144,30.98
2.2755102040816326,3.806122448979592,26.1
2.2755102040816326,3.8979591836734695,23.25
2.2755102040816326,3.989795918367347,16.52
2.2755102040816326,4.081632653061225,17.05
2.2755102040816326,4.173469387755102,21.76
2.2755102040816326,4.26530612244898,21.490000000000002
2.2755102040816326,4.357142857142858,19.48
2.2755102040816326,4.448979591836735,19.67
2.2755102040816326,4.540816326530613,21.63
2.2755102040816326,4.63265306122449,21.55
2.2755102040816326,4.724489795918368,19.43
2.2755102040816326,4.816326530612245,19.330000000000002
2.2755102040816326,4.908163265306123,19.31
2.2755102040816326,5.0,17.11
2.316326530612245,0.5,67.53
2.316326530612245,0.5918367346938775,149.99
2.316326530612245,0.6836734693877551,51.92
2.316326530612245,0.7755102040816326,149.99
2.316326530612245,0.8673469387755102,28.78
2.316326530612245,0.9591836734693877,48.46
2.316326530612245,1.0510204081632653,27.8
2.316326530612245,1.1428571428571428,149.99
2.316326530612245,1.2346938775510203,38.87
2.316326530612245,1.3265306122448979,53.4
2.316326530612245,1.4183673469387754,40.410000000000004
2.316326530612245,1.5102040816326532,41.550000000000004
2.316326530612245,1.6020408163265307,46.230000000000004
2.316326530612245,1.6938775510204083,19.57
2.316326530612245,1.7857142857142858,43.24
2.316326530612245,1.8775510204081634,55.84
2.316326530612245,1.969387755102041,55.31
2.316326530612245,2.0612244897959187,124.01
2.316326530612245,2.1530612244897958,149.99
2.316326530612245,2.2448979591836737,149.99
2.316326530612245,2.336734693877551,40.7
2.316326530612245,2.428571428571429,50.1
2.316326530612245,2.5204081632653064,149.99
2.316326530612245,2.612244897959184,66.5
2.316326530612245,2.7040816326530615,149.99
2.316326530612245,2.795918367346939,12.56
2.316326530612245,2.8877551020408165,21.0
2.316326530612245,2.979591836734694,149.99
2.316326530612245,3.0714285714285716,17.75
2.316326530612245,3.163265306122449,28.080000000000002
2.316326530612245,3.2551020408163267,67.63
2.316326530612245,3.3469387755102042,31.990000000000002
2.316326530612245,3.438775510204082,9.82
2.316326530612245,3.5306122448979593,149.99
2.316326530612245,3.622448979591837,24.98
2.316326530612245,3.7142857142857144,30.95
2.316326530612245,3.806122448979592,26.27
2.316326530612245,3.8979591836734695,23.31
2.316326530612245,3.989795918367347,16.53
2.316326530612245,4.081632653061225,16.92
2.316326530612245,4.173469387755102,21.72
2.316326530612245,4.26530612244898,21.48
2.316326530612245,4.357142857142858,19.46
2.316326530612245,4.448979591836735,19.63
2.316326530612245,4.540816326530613,21.62
2.316326530612245,4.63265306122449,21.55
2.316326530612245,4.724489795918368,19.43
2.316326530612245,4.816326530612245,19.330000000000002
2.316326530612245,4.908163265306123,19.3
2.316326530612245,5.0,17.09
2.357142857142857,0.5,56.21
2.357142857142857,0.5918367346938775,149.99
2.357142857142857,0.6836734693877551,149.99
2.357142857142857,0.7755102040816326,149.99
2.357142857142857,0.8673469387755102,31.650000000000002
2.357142857142857,0.9591836734693877,106.5
2.357142857142857,1.0510204081632653,45.75
2.357142857142857,1.1428571428571428,139.75
2.357142857142857,1.2346938775510203,50.63
2.357142857142857,1.3265306122448979,49.11
2.357142857142857,1.4183673469387754,37.56
2.357142857142857,1.5102040816326532,40.7
2.357142857142857,1.6020408163265307,44.47
2.357142857142857,1.6938775510204083,49.04
2.357142857142857,1.7857142857142858,43.12
2.357142857142857,1.8775510204081634,55.83
2.357142857142857,1.969387755102041,61.54
2.357142857142857,2.0612244897959187,78.59
2.357142857142857,2.1530612244897958,149.99
2.357142857142857,2.2448979591836737,149.99
2.357142857142857,2.336734693877551,78.38
2.357142857142857,2.428571428571429,149.99
2.357142857142857,2.5204081632653064,36.88
2.357142857142857,2.612244897959184,149.99
2.357142857142857,2.7040816326530615,149.99
2.357142857142857,2.795918367346939,149.99
2.357142857142857,2.8877551020408165,149.99
2.357142857142857,2.979591836734694,7.98
2.357142857142857,3.0714285714285716,17.73
2.357142857142857,3.163265306122449,32.76
2.357142857142857,3.2551020408163267,34.92
2.357142857142857,3.3469387755102042,30.21
2.357142857142857,3.438775510204082,9.9
2.357142857142857,3.5306122448979593,36.26
2.357142857142857,3.622448979591837,24.87
2.357142857142857,3.7142857142857144,29.47
2.357142857142857,3.806122448979592,26.45
2.357142857142857,3.8979591836734695,23.38
2.357142857142857,3.989795918367347,16.55
2.357142857142857,4.081632653061225,16.81
2.357142857142857,4.173469387755102,21.66
2.357142857142857,4.26530612244898,21.47
2.357142857142857,4.357142857142858,19.44
2.357142857142857,4.448979591836735,19.59
2.357142857142857,4.540816326530613,21.61
2.357142857142857,4.63265306122449,21.55
2.357142857142857,4.724489795918368,19.43
2.357142857142857,4.816326530612245,19.330000000000002
2.357142857142857,4.908163265306123,19.29
2.357142857142857,5.0,17.07
2.3979591836734695,0.5,149.99
2.3979591836734695,0.5918367346938775,149.99
2.3979591836734695,0.6836734693877551,149.99
2.3979591836734695,0.7755102040816326,149.99
2.3979591836734695,0.8673469387755102,24.11
2.3979591836734695,0.9591836734693877,149.99
2.3979591836734695,1.0510204081632653,149.99
2.3979591836734695,1.1428571428571428,149.99
2.3979591836734695,1.2346938775510203,61.75
2.3979591836734695,1.3265306122448979,47.02
2.3979591836734695,1.4183673469387754,39.22
2.3979591836734695,1.5102040816326532,41.58
2.3979591836734695,1.6020408163265307,47.88
2.3979591836734695,1.6938775510204083,44.050000000000004
2.3979591836734695,1.7857142857142858,43.12
2.3979591836734695,1.8775510204081634,51.85
2.3979591836734695,1.969387755102041,6.37
2.3979591836734695,2.0612244897959187,76.22
2.3979591836734695,2.1530612244897958,107.53
2.3979591836734695,2.2448979591836737,149.99
2.3979591836734695,2.336734693877551,149.99
2.3979591836734695,2.428571428571429,149.99
2.3979591836734695,2.5204081632653064,77.32000000000001
2.3979591836734695,2.612244897959184,149.99
2.3979591836734695,2.7040816326530615,149.99
2.3979591836734695,2.795918367346939,149.99
2.3979591836734695,2.8877551020408165,105.42
2.3979591836734695,2.979591836734694,8.0
2.3979591836734695,3.0714285714285716,17.82
2.3979591836734695,3.163265306122449,13.42
2.3979591836734695,3.2551020408163267,30.66
2.3979591836734695,3.3469387755102042,48.04
2.3979591836734695,3.438775510204082,9.92
2.3979591836734695,3.5306122448979593,36.43
2.3979591836734695,3.622448979591837,24.85
2.3979591836734695,3.7142857142857144,26.94
2.3979591836734695,3.806122448979592,28.63
2.3979591836734695,3.8979591836734695,23.44
2.3979591836734695,3.989795918367347,16.57
2.3979591836734695,4.081632653061225,16.7
2.3979591836734695,4.173469387755102,21.61
2.3979591836734695,4.26530612244898,21.46
2.3979591836734695,4.357142857142858,19.43
2.3979591836734695,4.448979591836735,19.56
2.3979591836734695,4.540816326530613,21.6
2.3979591836734695,4.63265306122449,21.55
2.3979591836734695,4.724489795918368,19.43
2.3979591836734695,4.816326530612245,19.32
2.3979591836734695,4.908163265306123,19.28
2.3979591836734695,5.0,17.06
2.4387755102040813,0.5,80.47
2.4387755102040813,0.5918367346938775,33.47
2.4387755102040813,0.6836734693877551,149.99
2.4387755102040813,0.7755102040816326,29.36
2.4387755102040813,0.8673469387755102,23.78
2.4387755102040813,0.9591836734693877,149.99
2.4387755102040813,1.0510204081632653,149.99
2.4387755102040813,1.1428571428571428,149.99
2.4387755102040813,1.2346938775510203,61.99
2.4387755102040813,1.3265306122448979,43.35
2.4387755102040813,1.4183673469387754,42.45
2.4387755102040813,1.5102040816326532,44.32
2.4387755102040813,1.6020408163265307,43.21
2.4387755102040813,1.6938775510204083,49.03
2.4387755102040813,1.7857142857142858,43.230000000000004
2.4387755102040813,1.8775510204081634,69.27
2.4387755102040813,1.969387755102041,54.85
2.4387755102040813,2.0612244897959187,47.56
2.4387755102040813,2.1530612244897958,100.63
2.4387755102040813,2.2448979591836737,149.99
2.4387755102040813,2.336734693877551,149.99
2.4387755102040813,2.428571428571429,149.99
2.4387755102040813,2.5204081632653064,149.99
2.4387755102040813,2.612244897959184,149.99
2.4387755102040813,2.7040816326530615,63.14
2.4387755102040813,2.795918367346939,149.99
2.4387755102040813,2.8877551020408165,149.99
2.4387755102040813,2.979591836734694,8.17
2.4387755102040813,3.0714285714285716,18.77
2.4387755102040813,3.163265306122449,14.73
2.4387755102040813,3.2551020408163267,29.01
2.4387755102040813,3.3469387755102042,36.6
2.4387755102040813,3.438775510204082,9.88
2.4387755102040813,3.5306122448979593,24.6
2.4387755102040813,3.622448979591837,23.41
2.4387755102040813,3.7142857142857144,26.67
2.4387755102040813,3.806122448979592,28.73
2.4387755102040813,3.8979591836734695,23.51
2.4387755102040813,3.989795918367347,16.6
2.4387755102040813,4.081632653061225,16.6
2.4387755102040813,4.173469387755102,21.54
2.4387755102040813,4.26530612244898,21.45
2.4387755102040813,4.357142857142858,19.41
2.4387755102040813,4.448979591836735,19.52
2.4387755102040813,4.540816326530613,21.59
2.4387755102040813,4.63265306122449,21.55
2.4387755102040813,4.724489795918368,19.43
2.4387755102040813,4.816326530612245,19.32
2.4387755102040813,4.908163265306123,19.28
2.4387755102040813,5.0,17.05
2.479591836734694,0.5,80.88
2.479591836734694,0.5918367346938775,33.26
2.479591836734694,0.6836734693877551,149.99
2.479591836734694,0.7755102040816326,149.99
2.479591836734694,0.8673469387755102,31.080000000000002
2.479591836734694,0.9591836734693877,89.77
2.479591836734694,1.0510204081632653,149.99
2.479591836734694,1.1428571428571428,149.99
2.479591836734694,1.2346938775510203,68.29
2.479591836734694,1.3265306122448979,42.29
2.479591836734694,1.4183673469387754,45.71
2.479591836734694,1.5102040816326532,44.81
2.479591836734694,1.6020408163265307,42.13
2.479591836734694,1.6938775510204083,60.28
2.479591836734694,1.7857142857142858,47.44
2.479591836734694,1.8775510204081634,45.11
2.479591836734694,1.969387755102041,75.98
2.479591836734694,2.0612244897959187,46.46
2.479591836734694,2.1530612244897958,149.99
2.479591836734694,2.2448979591836737,103.13
2.479591836734694,2.336734693877551,149.99
2.479591836734694,2.428571428571429,33.65
2.479591836734694,2.5204081632653064,67.63
2.479591836734694,2.612244897959184,149.99
2.479591836734694,2.7040816326530615,149.99
2.479591836734694,2.795918367346939,149.99
2.479591836734694,2.8877551020408165,149.99
2.479591836734694,2.979591836734694,8.93
2.479591836734694,3.0714285714285716,149.99
2.479591836734694,3.163265306122449,14.96
2.479591836734694,3.2551020408163267,66.94
2.479591836734694,3.3469387755102042,28.82
2.479591836734694,3.438775510204082,9.790000000000001
2.479591836734694,3.5306122448979593,27.48
2.479591836734694,3.622448979591837,28.51
2.479591836734694,3.7142857142857144,26.44
2.479591836734694,3.806122448979592,28.79
2.479591836734694,3.8979591836734695,23.57
2.479591836734694,3.989795918367347,18.66
2.479591836734694,4.081632653061225,16.51
2.479591836734694,4.173469387755102,19.39
2.479591836734694,4.26530612244898,21.43
2.479591836734694,4.357142857142858,19.400000000000002
2.479591836734694,4.448979591836735,19.48
2.479591836734694,4.540816326530613,21.580000000000002
2.479591836734694,4.63265306122449,21.55
2.479591836734694,4.724489795918368,19.44
2.479591836734694,4.816326530612245,19.32
2.479591836734694,4.908163265306123,19.27
2.479591836734694,5.0,17.03
2.520408163265306,0.5,149.99
2.520408163265306,0.5918367346938775,41.58
2.520408163265306,0.6836734693877551,102.11
2.520408163265306,0.7755102040816326,149.99
2.520408163265306,0.8673469387755102,30.07
2.520408163265306,0.9591836734693877,149.99
2.520408163265306,1.0510204081632653,149.99
2.520408163265306,1.1428571428571428,149.99
2.520408163265306,1.2346938775510203,80.51
2.520408163265306,1.3265306122448979,41.58
2.520408163265306,1.4183673469387754,47.77
2.520408163265306,1.5102040816326532,44.9
2.520408163265306,1.6020408163265307,45.59
2.520408163265306,1.6938775510204083,50.5
2.520408163265306,1.7857142857142858,49.07
2.520408163265306,1.8775510204081634,43.87
2.520408163265306,1.969387755102041,55.410000000000004
2.520408163265306,2.0612244897959187,52.2
2.520408163265306,2.1530612244897958,107.52
2.520408163265306,2.2448979591836737,26.76
2.520408163265306,2.336734693877551,149.99
2.520408163265306,2.428571428571429,149.99
2.520408163265306,2.5204081632653064,149.99
2.520408163265306,2.612244897959184,149.99
2.520408163265306,2.7040816326530615,149.99
2.520408163265306,2.795918367346939,36.64
2.520408163265306,2.8877551020408165,33.75
2.520408163265306,2.979591836734694,9.6
2.520408163265306,3.0714285714285716,149.99
2.520408163265306,3.163265306122449,15.700000000000001
2.520408163265306,3.2551020408163267,39.44
2.520408163265306,3.3469387755102042,23.45
2.520408163265306,3.438775510204082,9.69
2.520408163265306,3.5306122448979593,29.900000000000002
2.520408163265306,3.622448979591837,81.29
2.520408163265306,3.7142857142857144,24.73
2.520408163265306,3.806122448979592,28.82
2.520408163265306,3.8979591836734695,23.63
2.520408163265306,3.989795918367347,18.7
2.520408163265306,4.081632653061225,16.44
2.520408163265306,4.173469387755102,19.31
2.520408163265306,4.26530612244898,21.42
2.520408163265306,4.357142857142858,19.39
2.520408163265306,4.448979591836735,19.44
2.520408163265306,4.540816326530613,21.56
2.520408163265306,4.63265306122449,21.54
2.520408163265306,4.724489795918368,19.44
2.520408163265306,4.816326530612245,19.32
2.520408163265306,4.908163265306123,19.27
2.520408163265306,5.0,17.02
2.561224489795918,0.5,130.65
2.561224489795918,0.5918367346938775,41.84
2.561224489795918,0.6836734693877551,149.99
2.561224489795918,0.7755102040816326,149.99
2.561224489795918,0.8673469387755102,27.310000000000002
2.561224489795918,0.9591836734693877,149.99
2.561224489795918,1.0510204081632653,42.9
2.561224489795918,1.1428571428571428,149.99
2.561224489795918,1.2346938775510203,92.46000000000001
2.561224489795918,1.3265306122448979,38.6
2.561224489795918,1.4183673469387754,51.21
2.561224489795918,1.5102040816326532,44.660000000000004
2.561224489795918,1.6020408163265307,45.92
2.561224489795918,1.6938775510204083,52.53
2.561224489795918,1.7857142857142858,53.09
2.561224489795918,1.8775510204081634,42.910000000000004
2.561224489795918,1.969387755102041,55.2
2.561224489795918,2.0612244897959187,91.36
2.561224489795918,2.1530612244897958,62.61
2.561224489795918,2.2448979591836737,149.99
2.561224489795918,2.336734693877551,149.99
2.561224489795918,2.428571428571429,95.47
2.561224489795918,2.5204081632653064,149.99
2.561224489795918,2.612244897959184,149.99
2.561224489795918,2.7040816326530615,149.99
2.561224489795918,2.795918367346939,37.14
2.561224489795918,2.8877551020408165,149.99
2.561224489795918,2.979591836734694,149.99
2.561224489795918,3.0714285714285716,149.99
2.561224489795918,3.163265306122449,17.150000000000002
2.561224489795918,3.2551020408163267,31.720000000000002
2.561224489795918,3.3469387755102042,23.78
2.561224489795918,3.438775510204082,9.61
2.561224489795918,3.5306122448979593,9.42
2.561224489795918,3.622448979591837,34.14
2.561224489795918,3.7142857142857144,24.560000000000002
2.561224489795918,3.806122448979592,28.830000000000002
2.561224489795918,3.8979591836734695,23.7
2.561224489795918,3.989795918367347,18.740000000000002
2.561224489795918,4.081632653061225,16.38
2.561224489795918,4.173469387755102,19.22
2.561224489795918,4.26530612244898,21.400000000000002
2.561224489795918,4.357142857142858,19.38
2.561224489795918,4.448979591836735,19.400000000000002
2.561224489795918,4.540816326530613,21.55
2.561224489795918,4.63265306122449,21.54
2.561224489795918,4.724489795918368,19.44
2.561224489795918,4.816326530612245,19.32
2.561224489795918,4.908163265306123,19.26
2.561224489795918,5.0,17.01
2.6020408163265305,0.5,50.21
2.6020408163265305,0.5918367346938775,41.02
2.6020408163265305,0.6836734693877551,149.99
2.6020408163265305,0.7755102040816326,149.99
2.6020408163265305,0.8673469387755102,26.76
2.6020408163265305,0.9591836734693877,149.99
2.6020408163265305,1.0510204081632653,40.1
2.6020408163265305,1.1428571428571428,149.99
2.6020408163265305,1.2346938775510203,68.49
2.6020408163265305,1.3265306122448979,37.58
2.6020408163265305,1.4183673469387754,52.39
2.6020408163265305,1.5102040816326532,44.61
2.6020408163265305,1.6020408163265307,45.660000000000004
2.6020408163265305,1.6938775510204083,50.02
2.6020408163265305,1.7857142857142858,66.54
2.6020408163265305,1.8775510204081634,42.62
2.6020408163265305,1.969387755102041,70.8
2.6020408163265305,2.0612244897959187,90.5
2.6020408163265305,2.1530612244897958,129.67000000000002
2.6020408163265305,2.2448979591836737,149.99
2.6020408163265305,2.336734693877551,149.99
2.6020408163265305,2.428571428571429,149.99
2.6020408163265305,2.5204081632653064,149.99
2.6020408163265305,2.612244897959184,149.99
2.6020408163265305,2.7040816326530615,149.99
2.6020408163265305,2.795918367346939,149.99
2.6020408163265305,2.8877551020408165,149.99
2.6020408163265305,2.979591836734694,149.99
2.6020408163265305,3.0714285714285716,149.99
2.6020408163265305,3.163265306122449,17.63
2.6020408163265305,3.2551020408163267,51.59
2.6020408163265305,3.3469387755102042,25.34
2.6020408163265305,3.438775510204082,9.56
2.6020408163265305,3.5306122448979593,9.47
2.6020408163265305,3.622448979591837,66.69
2.6020408163265305,3.7142857142857144,24.41
2.6020408163265305,3.806122448979592,28.810000000000002
2.6020408163265305,3.8979591836734695,23.76
2.6020408163265305,3.989795918367347,20.900000000000002
2.6020408163265305,4.081632653061225,16.330000000000002
2.6020408163265305,4.173469387755102,19.14
2.6020408163265305,4.26530612244898,21.38
2.6020408163265305,4.357142857142858,19.38
2.6020408163265305,4.448979591836735,19.36
2.6020408163265305,4.540816326530613,21.53
2.6020408163265305,4.63265306122449,21.53
2.6020408163265305,4.724489795918368,19.44
2.6020408163265305,4.816326530612245,19.330000000000002
2.6020408163265305,4.908163265306123,19.26
2.6020408163265305,5.0,17.0
2.642857142857143,0.5,46.2
2.642857142857143,0.5918367346938775,40.34
2.642857142857143,0.6836734693877551,149.99
2.642857142857143,0.7755102040816326,58.6
2.642857142857143,0.8673469387755102,26.51
2.642857142857143,0.9591836734693877,149.99
2.642857142857143,1.0510204081632653,44.28
2.642857142857143,1.1428571428571428,149.99
2.642857142857143,1.2346938775510203,40.68
2.642857142857143,1.3265306122448979,36.56
2.642857142857143,1.4183673469387754,54.99
2.642857142857143,1.5102040816326532,45.32
2.642857142857143,1.6020408163265307,44.56
2.642857142857143,1.6938775510204083,48.17
2.642857142857143,1.7857142857142858,53.18
2.642857142857143,1.8775510204081634,46.35
2.642857142857143,1.969387755102041,53.0
2.642857142857143,2.0612244897959187,6.09
2.642857142857143,2.1530612244897958,125.9
2.642857142857143,2.2448979591836737,149.99
2.642857142857143,2.336734693877551,149.99
2.642857142857143,2.428571428571429,149.99
2.642857142857143,2.5204081632653064,146.24
2.642857142857143,2.612244897959184,149.99
2.642857142857143,2.7040816326530615,145.70000000000002
2.642857142857143,2.795918367346939,149.99
2.642857142857143,2.8877551020408165,110.27
2.642857142857143,2.979591836734694,149.99
2.642857142857143,3.0714285714285716,149.99
2.642857142857143,3.163265306122449,17.740000000000002
2.642857142857143,3.2551020408163267,51.870000000000005
2.642857142857143,3.3469387755102042,25.42
2.642857142857143,3.438775510204082,23.2
2.642857142857143,3.5306122448979593,9.55
2.642857142857143,3.622448979591837,149.99
2.642857142857143,3.7142857142857144,24.29
2.642857142857143,3.806122448979592,28.76
2.642857142857143,3.8979591836734695,26.060000000000002
2.642857142857143,3.989795918367347,20.95
2.642857142857143,4.081632653061225,16.29
2.642857142857143,4.173469387755102,19.06
2.642857142857143,4.26530612244898,21.36
2.642857142857143,4.357142857142858,19.37
2.642857142857143,4.448979591836735,19.330000000000002
2.642857142857143,4.540816326530613,21.51
2.642857142857143,4.63265306122449,21.52
2.642857142857143,4.724489795918368,19.44
2.642857142857143,4.816326530612245,19.330000000000002
2.642857142857143,4.908163265306123,19.26
2.642857142857143,5.0,19.17
2.683673469387755,0.5,55.76
2.683673469387755,0.5918367346938775,39.96
2.683673469387755,0.6836734693877551,149.99
2.683673469387755,0.7755102040816326,149.99
2.683673469387755,0.8673469387755102,26.69
2.683673469387755,0.9591836734693877,40.94
2.683673469387755,1.0510204081632653,44.78
2.683673469387755,1.1428571428571428,149.99
2.683673469387755,1.2346938775510203,46.93
2.683673469387755,1.3265306122448979,35.43
2.683673469387755,1.4183673469387754,55.76
2.683673469387755,1.5102040816326532,44.34
2.683673469387755,1.6020408163265307,43.59
2.683673469387755,1.6938775510204083,43.730000000000004
2.683673469387755,1.7857142857142858,47.24
2.683673469387755,1.8775510204081634,46.24
2.683673469387755,1.969387755102041,52.370000000000005
2.683673469387755,2.0612244897959187,51.300000000000004
2.683673469387755,2.1530612244897958,58.99
2.683673469387755,2.2448979591836737,149.99
2.683673469387755,2.336734693877551,149.99
2.683673469387755,2.428571428571429,149.99
2.683673469387755,2.5204081632653064,69.27
2.683673469387755,2.612244897959184,149.99
2.683673469387755,2.7040816326530615,28.97
2.683673469387755,2.795918367346939,149.99
2.683673469387755,2.8877551020408165,12.48
2.683673469387755,2.979591836734694,149.99
2.683673469387755,3.0714285714285716,149.99
2.683673469387755,3.163265306122449,17.48
2.683673469387755,3.2551020408163267,28.29
2.683673469387755,3.3469387755102042,53.56
2.683673469387755,3.438775510204082,24.810000000000002
2.683673469387755,3.5306122448979593,9.61
2.683673469387755,3.622448979591837,30.34
2.683673469387755,3.7142857142857144,22.54
2.683673469387755,3.806122448979592,28.68
2.683673469387755,3.8979591836734695,28.0
2.683673469387755,3.989795918367347,21.0
2.683673469387755,4.081632653061225,16.27
2.683673469387755,4.173469387755102,18.98
2.683673469387755,4.26530612244898,21.34
2.683673469387755,4.357142857142858,19.36
2.683673469387755,4.448979591836735,19.29
2.683673469387755,4.540816326530613,21.490000000000002
2.683673469387755,4.63265306122449,21.51
2.683673469387755,4.724489795918368,19.44
2.683673469387755,4.816326530612245,19.330000000000002
2.683673469387755,4.908163265306123,19.26
2.683673469387755,5.0,19.17
2.724489795918367,0.5,38.68
2.724489795918367,0.5918367346938775,39.94
2.724489795918367,0.6836734693877551,149.99
2.724489795918367,0.7755102040816326,149.99
2.724489795918367,0.8673469387755102,28.92
2.724489795918367,0.9591836734693877,149.99
2.724489795918367,1.0510204081632653,48.34
2.724489795918367,1.1428571428571428,35.65
2.724489795918367,1.2346938775510203,98.98
2.724489795918367,1.3265306122448979,35.42
2.724489795918367,1.4183673469387754,55.94
2.724489795918367,1.5102040816326532,42.81
2.724489795918367,1.6020408163265307,42.64
2.724489795918367,1.6938775510204083,46.1
2.724489795918367,1.7857142857142858,46.410000000000004
2.724489795918367,1.8775510204081634,46.32
2.724489795918367,1.969387755102041,50.26
2.724489795918367,2.0612244897959187,56.74
2.724489795918367,2.1530612244897958,81.47
2.724489795918367,2.2448979591836737,149.99
2.724489795918367,2.336734693877551,149.99
2.724489795918367,2.428571428571429,149.99
2.724489795918367,2.5204081632653064,44.64
2.724489795918367,2.612244897959184,149.99
2.724489795918367,2.7040816326530615,131.33
2.724489795918367,2.795918367346939,28.0
2.724489795918367,2.8877551020408165,149.99
2.724489795918367,2.979591836734694,149.99
2.724489795918367,3.0714285714285716,149.99
2.724489795918367,3.163265306122449,17.3
2.724489795918367,3.2551020408163267,20.16
2.724489795918367,3.3469387755102042,65.73
2.724489795918367,3.438775510204082,57.65
2.724489795918367,3.5306122448979593,9.65
2.724489795918367,3.622448979591837,43.94
2.724489795918367,3.7142857142857144,22.55
2.724489795918367,3.806122448979592,28.560000000000002
2.724489795918367,3.8979591836734695,28.05
2.724489795918367,3.989795918367347,21.05
2.724489795918367,4.081632653061225,16.25
2.724489795918367,4.173469387755102,16.96
2.724489795918367,4.26530612244898,21.31
2.724489795918367,4.357142857142858,21.150000000000002
2.724489795918367,4.448979591836735,19.26
2.724489795918367,4.540816326530613,21.47
2.724489795918367,4.63265306122449,21.5
2.724489795918367,4.724489795918368,19.44
2.724489795918367,4.816326530612245,19.330000000000002
2.724489795918367,4.908163265306123,19.26
2.724489795918367,5.0,19.16
2.7653061224489797,0.5,74.97
2.7653061224489797,0.5918367346938775,40.07
2.7653061224489797,0.6836734693877551,149.99
2.7653061224489797,0.7755102040816326,149.99
2.7653061224489797,0.8673469387755102,30.490000000000002
2.7653061224489797,0.9591836734693877,149.99
2.7653061224489797,1.0510204081632653,42.300000000000004
2.7653061224489797,1.1428571428571428,28.03
2.7653061224489797,1.2346938775510203,149.99
2.7653061224489797,1.3265306122448979,35.800000000000004
2.7653061224489797,1.4183673469387754,55.13
2.7653061224489797,1.5102040816326532,40.21
2.7653061224489797,1.6020408163265307,39.88
2.7653061224489797,1.6938775510204083,46.21
2.7653061224489797,1.7857142857142858,47.75
2.7653061224489797,1.8775510204081634,46.69
2.7653061224489797,1.969387755102041,49.300000000000004
2.7653061224489797,2.0612244897959187,50.31
2.7653061224489797,2.1530612244897958,65.24
2.7653061224489797,2.2448979591836737,64.32000000000001
2.7653061224489797,2.336734693877551,149.99
2.7653061224489797,2.428571428571429,149.99
2.7653061224489797,2.5204081632653064,149.99
2.7653061224489797,2.612244897959184,149.99
2.7653061224489797,2.7040816326530615,81.3
2.7653061224489797,2.795918367346939,110.51
2.7653061224489797,2.8877551020408165,64.04
2.7653061224489797,2.979591836734694,149.99
2.7653061224489797,3.0714285714285716,7.68
2.7653061224489797,3.163265306122449,17.19
2.7653061224489797,3.2551020408163267,21.12
2.7653061224489797,3.3469387755102042,62.25
2.7653061224489797,3.438775510204082,43.84
2.7653061224489797,3.5306122448979593,9.65
2.7653061224489797,3.622448979591837,39.39
2.7653061224489797,3.7142857142857144,22.830000000000002
2.7653061224489797,3.806122448979592,24.29
2.7653061224489797,3.8979591836734695,28.080000000000002
2.7653061224489797,3.989795918367347,21.1
2.7653061224489797,4.081632653061225,16.240000000000002
2.7653061224489797,4.173469387755102,16.88
2.7653061224489797,4.26530612244898,21.29
2.7653061224489797,4.357142857142858,21.13
2.7653061224489797,4.448979591836735,19.23
2.7653061224489797,4.540816326530613,21.45
2.7653061224489797,4.63265306122449,21.490000000000002
2.7653061224489797,4.724489795918368,19.44
2.7653061224489797,4.816326530612245,19.34
2.7653061224489797,4.908163265306123,19.27
2.7653061224489797,5.0,19.16
2.8061224489795915,0.5,149.99
2.8061224489795915,0.5918367346938775,40.38
2.8061224489795915,0.6836734693877551,149.99
2.8061224489795915,0.7755102040816326,149.99
2.8061224489795915,0.8673469387755102,32.410000000000004
2.8061224489795915,0.9591836734693877,149.99
2.8061224489795915,1.0510204081632653,42.81
2.8061224489795915,1.1428571428571428,30.21
2.8061224489795915,1.2346938775510203,149.99
2.8061224489795915,1.3265306122448979,36.09
2.8061224489795915,1.4183673469387754,53.7
2.8061224489795915,1.5102040816326532,37.550000000000004
2.8061224489795915,1.6020408163265307,42.17
2.8061224489795915,1.6938775510204083,45.07
2.8061224489795915,1.7857142857142858,56.980000000000004
2.8061224489795915,1.8775510204081634,47.52
2.8061224489795915,1.969387755102041,47.27
2.8061224489795915,2.0612244897959187,53.24
2.8061224489795915,2.1530612244897958,61.82
2.8061224489795915,2.2448979591836737,149.99
2.8061224489795915,2.336734693877551,149.99
2.8061224489795915,2.428571428571429,149.99
2.8061224489795915,2.5204081632653064,149.99
2.8061224489795915,2.612244897959184,149.99
2.8061224489795915,2.7040816326530615,119.43
2.8061224489795915,2.795918367346939,149.99
2.8061224489795915,2.8877551020408165,149.99
2.8061224489795915,2.979591836734694,149.99
2.8061224489795915,3.0714285714285716,7.63
2.8061224489795915,3.163265306122449,17.150000000000002
2.8061224489795915,3.2551020408163267,22.22
2.8061224489795915,3.3469387755102042,38.9
2.8061224489795915,3.438775510204082,27.86
2.8061224489795915,3.5306122448979593,9.61
2.8061224489795915,3.622448979591837,28.43
2.8061224489795915,3.7142857142857144,27.97
2.8061224489795915,3.806122448979592,24.18
2.8061224489795915,3.8979591836734695,28.1
2.8061224489795915,3.989795918367347,23.05
2.8061224489795915,4.081632653061225,16.240000000000002
2.8061224489795915,4.173469387755102,16.79
2.8061224489795915,4.26530612244898,21.26
2.8061224489795915,4.357142857142858,21.12
2.8061224489795915,4.448979591836735,19.2
2.8061224489795915,4.540816326530613,21.42
2.8061224489795915,4.63265306122449,21.48
2.8061224489795915,4.724489795918368,19.44
2.8061224489795915,4.816326530612245,19.34
2.8061224489795915,4.908163265306123,19.27
2.8061224489795915,5.0,19.16
2.8469387755102042,0.5,149.99
2.8469387755102042,0.5918367346938775,42.5
2.8469387755102042,0.6836734693877551,149.99
2.8469387755102042,0.7755102040816326,149.99
2.8469387755102042,0.8673469387755102,33.82
2.8469387755102042,0.9591836734693877,149.99
2.8469387755102042,1.0510204081632653,33.99
2.8469387755102042,1.1428571428571428,31.27
2.8469387755102042,1.2346938775510203,149.99
2.8469387755102042,1.3265306122448979,39.07
2.8469387755102042,1.4183673469387754,50.18
2.8469387755102042,1.5102040816326532,38.18
2.8469387755102042,1.6020408163265307,42.72
2.8469387755102042,1.6938775510204083,41.33
2.8469387755102042,1.7857142857142858,47.35
2.8469387755102042,1.8775510204081634,58.300000000000004
2.8469387755102042,1.969387755102041,46.14
2.8469387755102042,2.0612244897959187,62.18
2.8469387755102042,2.1530612244897958,5.83
2.8469387755102042,2.2448979591836737,57.36
2.8469387755102042,2.336734693877551,149.99
2.8469387755102042,2.428571428571429,31.41
2.8469387755102042,2.5204081632653064,149.99
2.8469387755102042,2.612244897959184,149.99
2.8469387755102042,2.7040816326530615,149.99
2.8469387755102042,2.795918367346939,136.34
2.8469387755102042,2.8877551020408165,149.99
2.8469387755102042,2.979591836734694,149.99
2.8469387755102042,3.0714285714285716,7.66
2.8469387755102042,3.163265306122449,17.16
2.8469387755102042,3.2551020408163267,23.580000000000002
2.8469387755102042,3.3469387755102042,57.14
2.8469387755102042,3.438775510204082,50.97
2.8469387755102042,3.5306122448979593,9.55
2.8469387755102042,3.622448979591837,26.68
2.8469387755102042,3.7142857142857144,48.01
2.8469387755102042,3.806122448979592,24.07
2.8469387755102042,3.8979591836734695,28.11
2.8469387755102042,3.989795918367347,23.09
2.8469387755102042,4.081632653061225,16.240000000000002
2.8469387755102042,4.173469387755102,14.61
2.8469387755102042,4.26530612244898,21.23
2.8469387755102042,4.357142857142858,21.1
2.8469387755102042,4.448979591836735,19.17
2.8469387755102042,4.540816326530613,21.400000000000002
2.8469387755102042,4.63265306122449,21.46
2.8469387755102042,4.724489795918368,19.43
2.8469387755102042,4.816326530612245,19.34
2.8469387755102042,4.908163265306123,19.27
2.8469387755102042,5.0,19.150000000000002
2.887755102040816,0.5,149.99
2.887755102040816,0.5918367346938775,44.0
2.887755102040816,0.6836734693877551,149.99
2.887755102040816,0.7755102040816326,149.99
2.887755102040816,0.8673469387755102,41.88
2.887755102040816,0.9591836734693877,26.64
2.887755102040816,1.0510204081632653,40.050000000000004
2.887755102040816,1.1428571428571428,32.38
2.887755102040816,1.2346938775510203,115.61
2.887755102040816,1.3265306122448979,46.92
2.887755102040816,1.4183673469387754,48.120000000000005
2.887755102040816,1.5102040816326532,40.730000000000004
2.887755102040816,1.6020408163265307,43.77
2.887755102040816,1.6938775510204083,43.51
2.887755102040816,1.7857142857142858,56.78
2.887755102040816,1.8775510204081634,66.29
2.887755102040816,1.969387755102041,45.78
2.887755102040816,2.0612244897959187,76.49
2.887755102040816,2.1530612244897958,5.83
2.887755102040816,2.2448979591836737,56.9
2.887755102040816,2.336734693877551,149.99
2.887755102040816,2.428571428571429,149.99
2.887755102040816,2.5204081632653064,134.77
2.887755102040816,2.612244897959184,106.57000000000001
2.887755102040816,2.7040816326530615,149.99
2.887755102040816,2.795918367346939,149.99
2.887755102040816,2.8877551020408165,67.78
2.887755102040816,2.979591836734694,149.99
2.887755102040816,3.0714285714285716,7.7700000000000005
2.887755102040816,3.163265306122449,17.26
2.887755102040816,3.2551020408163267,24.22
2.887755102040816,3.3469387755102042,75.29
2.887755102040816,3.438775510204082,42.050000000000004
2.887755102040816,3.5306122448979593,9.47
2.887755102040816,3.622448979591837,25.07
2.887755102040816,3.7142857142857144,58.45
2.887755102040816,3.806122448979592,23.96
2.887755102040816,3.8979591836734695,28.11
2.887755102040816,3.989795918367347,23.12
2.887755102040816,4.081632653061225,16.25
2.887755102040816,4.173469387755102,14.56
2.887755102040816,4.26530612244898,21.2
2.887755102040816,4.357142857142858,21.080000000000002
2.887755102040816,4.448979591836735,19.150000000000002
2.887755102040816,4.540816326530613,19.44
2.887755102040816,4.63265306122449,21.44
2.887755102040816,4.724489795918368,19.43
2.887755102040816,4.816326530612245,19.34
2.887755102040816,4.908163265306123,19.27
2.887755102040816,5.0,19.150000000000002
2.9285714285714284,0.5,106.59
2.9285714285714284,0.5918367346938775,46.12
2.9285714285714284,0.6836734693877551,149.99
2.9285714285714284,0.7755102040816326,149.99
2.9285714285714284,0.8673469387755102,58.09
2.9285714285714284,0.9591836734693877,24.51
2.9285714285714284,1.0510204081632653,86.81
2.9285714285714284,1.1428571428571428,25.41
2.9285714285714284,1.2346938775510203,149.99
2.9285714285714284,1.3265306122448979,55.06
2.9285714285714284,1.4183673469387754,45.06
2.9285714285714284,1.5102040816326532,43.5
2.9285714285714284,1.6020408163265307,45.06
2.9285714285714284,1.6938775510204083,44.06
2.9285714285714284,1.7857142857142858,9.11
2.9285714285714284,1.8775510204081634,58.29
2.9285714285714284,1.969387755102041,45.51
2.9285714285714284,2.0612244897959187,56.2
2.9285714285714284,2.1530612244897958,50.31
2.9285714285714284,2.2448979591836737,105.63
2.9285714285714284,2.336734693877551,149.99
2.9285714285714284,2.428571428571429,149.99
2.9285714285714284,2.5204081632653064,149.99
2.9285714285714284,2.612244897959184,149.99
2.9285714285714284,2.7040816326530615,149.99
2.9285714285714284,2.795918367346939,143.19
2.9285714285714284,2.8877551020408165,149.99
2.9285714285714284,2.979591836734694,149.99
2.9285714285714284,3.0714285714285716,7.99
2.9285714285714284,3.163265306122449,17.54
2.9285714285714284,3.2551020408163267,13.01
2.9285714285714284,3.3469387755102042,45.75
2.9285714285714284,3.438775510204082,42.88
2.9285714285714284,3.5306122448979593,9.41
2.9285714285714284,3.622448979591837,149.99
2.9285714285714284,3.7142857142857144,33.7
2.9285714285714284,3.806122448979592,23.85
2.9285714285714284,3.8979591836734695,28.080000000000002
2.9285714285714284,3.989795918367347,23.150000000000002
2.9285714285714284,4.081632653061225,16.26
2.9285714285714284,4.173469387755102,14.51
2.9285714285714284,4.26530612244898,21.17
2.9285714285714284,4.357142857142858,21.07
2.9285714285714284,4.448979591836735,19.12
2.9285714285714284,4.540816326530613,19.400000000000002
2.9285714285714284,4.63265306122449,21.43
2.9285714285714284,4.724489795918368,19.42
2.9285714285714284,4.816326530612245,19.34
2.9285714285714284,4.908163265306123,19.28
2.9285714285714284,5.0,19.150000000000002
2.9693877551020407,0.5,149.99
2.9693877551020407,0.5918367346938775,47.4
2.9693877551020407,0.6836734693877551,149.99
2.9693877551020407,0.7755102040816326,149.99
2.9693877551020407,0.8673469387755102,90.33
2.9693877551020407,0.9591836734693877,25.3
2.9693877551020407,1.0510204081632653,46.01
2.9693877551020407,1.1428571428571428,25.44
2.9693877551020407,1.2346938775510203,149.99
2.9693877551020407,1.3265306122448979,61.86
2.9693877551020407,1.4183673469387754,43.87
2.9693877551020407,1.5102040816326532,45.53
2.9693877551020407,1.6020408163265307,45.480000000000004
2.9693877551020407,1.6938775510204083,47.01
2.9693877551020407,1.7857142857142858,48.52
2.9693877551020407,1.8775510204081634,12.5
2.9693877551020407,1.969387755102041,45.38
2.9693877551020407,2.0612244897959187,65.38
2.9693877551020407,2.1530612244897958,50.480000000000004
2.9693877551020407,2.2448979591836737,149.99
2.9693877551020407,2.336734693877551,149.99
2.9693877551020407,2.428571428571429,149.99
2.9693877551020407,2.5204081632653064,149.99
2.9693877551020407,2.612244897959184,149.99
2.9693877551020407,2.7040816326530615,38.11
2.9693877551020407,2.795918367346939,69.49
2.9693877551020407,2.8877551020408165,67.81
2.9693877551020407,2.979591836734694,149.99
2.9693877551020407,3.0714285714285716,8.81
2.9693877551020407,3.163265306122449,18.56
2.9693877551020407,3.2551020408163267,12.82
2.9693877551020407,3.3469387755102042,51.21
2.9693877551020407,3.438775510204082,19.75
2.9693877551020407,3.5306122448979593,9.370000000000001
2.9693877551020407,3.622448979591837,149.99
2.9693877551020407,3.7142857142857144,29.69
2.9693877551020407,3.806122448979592,22.01
2.9693877551020407,3.8979591836734695,28.05
2.9693877551020407,3.989795918367347,23.18
2.9693877551020407,4.081632653061225,16.27
2.9693877551020407,4.173469387755102,14.48
2.9693877551020407,4.26530612244898,21.14
2.9693877551020407,4.357142857142858,21.05
2.9693877551020407,4.448979591836735,19.1
2.9693877551020407,4.540816326530613,19.36
2.9693877551020407,4.63265306122449,21.41
2.9693877551020407,4.724489795918368,19.42
2.9693877551020407,4.816326530612245,19.34
2.9693877551020407,4.908163265306123,19.28
2.9693877551020407,5.0,19.150000000000002
3.010204081632653,0.5,124.78
3.010204081632653,0.5918367346938775,48.870000000000005
3.010204081632653,0.6836734693877551,149.99
3.010204081632653,0.7755102040816326,149.99
3.010204081632653,0.8673469387755102,149.99
3.010204081632653,0.9591836734693877,26.3
3.010204081632653,1.0510204081632653,42.93
3.010204081632653,1.1428571428571428,35.27
3.010204081632653,1.2346938775510203,149.99
3.010204081632653,1.3265306122448979,64.28
3.010204081632653,1.4183673469387754,40.7
3.010204081632653,1.5102040816326532,48.46
3.010204081632653,1.6020408163265307,45.17
3.010204081632653,1.6938775510204083,46.44
3.010204081632653,1.7857142857142858,46.5
3.010204081632653,1.8775510204081634,47.59
3.010204081632653,1.969387755102041,45.36
3.010204081632653,2.0612244897959187,51.64
3.010204081632653,2.1530612244897958,49.24
3.010204081632653,2.2448979591836737,62.85
3.010204081632653,2.336734693877551,60.45
3.010204081632653,2.428571428571429,149.99
3.010204081632653,2.5204081632653064,21.34
3.010204081632653,2.612244897959184,149.99
3.010204081632653,2.7040816326530615,149.99
3.010204081632653,2.795918367346939,149.99
3.010204081632653,2.8877551020408165,149.99
3.010204081632653,2.979591836734694,149.99
3.010204081632653,3.0714285714285716,9.03
3.010204081632653,3.163265306122449,19.13
3.010204081632653,3.2551020408163267,13.0
3.010204081632653,3.3469387755102042,34.9
3.010204081632653,3.438775510204082,21.36
3.010204081632653,3.5306122448979593,57.870000000000005
3.010204081632653,3.622448979591837,9.17
3.010204081632653,3.7142857142857144,41.15
3.010204081632653,3.806122448979592,17.61
3.010204081632653,3.8979591836734695,23.82
3.010204081632653,3.989795918367347,23.2
3.010204081632653,4.081632653061225,16.29
3.010204081632653,4.173469387755102,14.44
3.010204081632653,4.26530612244898,19.11
3.010204081632653,4.357142857142858,21.03
3.010204081632653,4.448979591836735,19.080000000000002
3.010204081632653,4.540816326530613,19.330000000000002
3.010204081632653,4.63265306122449,21.39
3.010204081632653,4.724489795918368,19.41
3.010204081632653,4.816326530612245,19.35
3.010204081632653,4.908163265306123,19.29
3.010204081632653,5.0,19.16
3.0510204081632653,0.5,149.99
3.0510204081632653,0.5918367346938775,49.96
3.0510204081632653,0.6836734693877551,149.99
3.0510204081632653,0.7755102040816326,149.99
3.0510204081632653,0.8673469387755102,149.99
3.0510204081632653,0.9591836734693877,31.470000000000002
3.0510204081632653,1.0510204081632653,149.99
3.0510204081632653,1.1428571428571428,43.12
3.0510204081632653,1.2346938775510203,149.99
3.0510204081632653,1.3265306122448979,70.66
3.0510204081632653,1.4183673469387754,40.34
3.0510204081632653,1.5102040816326532,51.370000000000005
3.0510204081632653,1.6020408163265307,44.93
3.0510204081632653,1.6938775510204083,45.980000000000004
3.0510204081632653,1.7857142857142858,46.28
3.0510204081632653,1.8775510204081634,45.9
3.0510204081632653,1.969387755102041,45.43
3.0510204081632653,2.0612244897959187,72.42
3.0510204081632653,2.1530612244897958,61.81
3.0510204081632653,2.2448979591836737,89.05
3.0510204081632653,2.336734693877551,149.99
3.0510204081632653,2.428571428571429,149.99
3.0510204081632653,2.5204081632653064,149.99
3.0510204081632653,2.612244897959184,149.99
3.0510204081632653,2.7040816326530615,149.99
3.0510204081632653,2.795918367346939,149.99
3.0510204081632653,2.8877551020408165,18.43
3.0510204081632653,2.979591836734694,149.99
3.0510204081632653,3.0714285714285716,9.31
3.0510204081632653,3.163265306122449,21.26
3.0510204081632653,3.2551020408163267,14.31
3.0510204081632653,3.3469387755102042,15.98
3.0510204081632653,3.438775510204082,22.62
3.0510204081632653,3.5306122448979593,20.78
3.0510204081632653,3.622448979591837,9.18
3.0510204081632653,3.7142857142857144,149.99
3.0510204081632653,3.806122448979592,17.84
3.0510204081632653,3.8979591836734695,23.76
3.0510204081632653,3.989795918367347,23.22
3.0510204081632653,4.081632653061225,16.3
3.0510204081632653,4.173469387755102,14.42
3.0510204081632653,4.26530612244898,19.05
3.0510204081632653,4.357142857142858,21.02
3.0510204081632653,4.448979591836735,19.06
3.0510204081632653,4.540816326530613,19.29
3.0510204081632653,4.63265306122449,21.37
3.0510204081632653,4.724489795918368,19.400000000000002
3.0510204081632653,4.816326530612245,19.35
3.0510204081632653,4.908163265306123,19.29
3.0510204081632653,5.0,19.16
3.091836734693877,0.5,100.62
3.091836734693877,0.5918367346938775,50.6
3.091836734693877,0.6836734693877551,149.99
3.091836734693877,0.7755102040816326,149.99
3.091836734693877,0.8673469387755102,149.99
3.091836734693877,0.9591836734693877,31.21
3.091836734693877,1.0510204081632653,122.06
3.091836734693877,1.1428571428571428,149.99
3.091836734693877,1.2346938775510203,149.99
3.091836734693877,1.3265306122448979,77.97
3.091836734693877,1.4183673469387754,39.54
3.091836734693877,1.5102040816326532,52.6
3.091836734693877,1.6020408163265307,44.82
3.091836734693877,1.6938775510204083,42.86
3.091836734693877,1.7857142857142858,44.36
3.091836734693877,1.8775510204081634,46.03
3.091836734693877,1.969387755102041,45.64
3.091836734693877,2.0612244897959187,48.56
3.091836734693877,2.1530612244897958,58.92
3.091836734693877,2.2448979591836737,5.59
3.091836734693877,2.336734693877551,96.19
3.091836734693877,2.428571428571429,149.99
3.091836734693877,2.5204081632653064,35.18
3.091836734693877,2.612244897959184,143.31
3.091836734693877,2.7040816326530615,118.75
3.091836734693877,2.795918367346939,149.99
3.091836734693877,2.8877551020408165,149.99
3.091836734693877,2.979591836734694,12.18
3.091836734693877,3.0714285714285716,9.65
3.091836734693877,3.163265306122449,25.37
3.091836734693877,3.2551020408163267,14.530000000000001
3.091836734693877,3.3469387755102042,50.4
3.091836734693877,3.438775510204082,22.78
3.091836734693877,3.5306122448979593,24.64
3.091836734693877,3.622448979591837,9.18
3.091836734693877,3.7142857142857144,65.57000000000001
3.091836734693877,3.806122448979592,20.69
3.091836734693877,3.8979591836734695,23.69
3.091836734693877,3.989795918367347,23.240000000000002
3.091836734693877,4.081632653061225,16.32
3.091836734693877,4.173469387755102,14.4
3.091836734693877,4.26530612244898,19.0
3.091836734693877,4.357142857142858,21.0
3.091836734693877,4.448979591836735,19.04
3.091836734693877,4.540816326530613,19.25
3.091836734693877,4.63265306122449,21.35
3.091836734693877,4.724489795918368,19.400000000000002
3.091836734693877,4.816326530612245,19.35
3.091836734693877,4.908163265306123,19.3
3.091836734693877,5.0,19.16
3.13265306122449,0.5,102.59
3.13265306122449,0.5918367346938775,51.52
3.13265306122449,0.6836734693877551,149.99
3.13265306122449,0.7755102040816326,149.99
3.13265306122449,0.8673469387755102,149.99
3.13265306122449,0.9591836734693877,30.78
3.13265306122449,1.0510204081632653,149.99
3.13265306122449,1.1428571428571428,149.99
3.13265306122449,1.2346938775510203,149.99
3.13265306122449,1.3265306122448979,85.06
3.13265306122449,1.4183673469387754,38.76
3.13265306122449,1.5102040816326532,54.18
3.13265306122449,1.6020408163265307,44.78
3.13265306122449,1.6938775510204083,41.83
3.13265306122449,1.7857142857142858,44.95
3.13265306122449,1.8775510204081634,50.64
3.13265306122449,1.969387755102041,47.01
3.13265306122449,2.0612244897959187,46.59
3.13265306122449,2.1530612244897958,66.01
3.13265306122449,2.2448979591836737,5.59
3.13265306122449,2.336734693877551,149.99
3.13265306122449,2.428571428571429,149.99
3.13265306122449,2.5204081632653064,74.5
3.13265306122449,2.612244897959184,149.99
3.13265306122449,2.7040816326530615,149.99
3.13265306122449,2.795918367346939,149.99
3.13265306122449,2.8877551020408165,9.040000000000001
3.13265306122449,2.979591836734694,11.26
3.13265306122449,3.0714285714285716,11.57
3.13265306122449,3.163265306122449,149.99
3.13265306122449,3.2551020408163267,14.77
3.13265306122449,3.3469387755102042,36.410000000000004
3.13265306122449,3.438775510204082,29.95
3.13265306122449,3.5306122448979593,59.93
3.13265306122449,3.622448979591837,9.18
3.13265306122449,3.7142857142857144,24.75
3.13265306122449,3.806122448979592,22.93
3.13265306122449,3.8979591836734695,23.62
3.13265306122449,3.989795918367347,23.240000000000002
3.13265306122449,4.081632653061225,16.330000000000002
3.13265306122449,4.173469387755102,14.38
3.13265306122449,4.26530612244898,18.95
3.13265306122449,4.357142857142858,20.98
3.13265306122449,4.448979591836735,19.02
3.13265306122449,4.540816326530613,19.21
3.13265306122449,4.63265306122449,19.44
3.13265306122449,4.724489795918368,19.39
3.13265306122449,4.816326530612245,19.34
3.13265306122449,4.908163265306123,19.3
3.13265306122449,5.0,19.16
3.1734693877551017,0.5,149.99
3.1734693877551017,0.5918367346938775,50.63
3.1734693877551017,0.6836734693877551,149.99
3.1734693877551017,0.7755102040816326,149.99
3.1734693877551017,0.8673469387755102,149.99
3.1734693877551017,0.9591836734693877,30.400000000000002
3.1734693877551017,1.0510204081632653,149.99
3.1734693877551017,1.1428571428571428,149.99
3.1734693877551017,1.2346938775510203,149.99
3.1734693877551017,1.3265306122448979,64.76
3.1734693877551017,1.4183673469387754,37.69
3.1734693877551017,1.5102040816326532,55.620000000000005
3.1734693877551017,1.6020408163265307,44.38
3.1734693877551017,1.6938775510204083,41.36
3.1734693877551017,1.7857142857142858,47.58
3.1734693877551017,1.8775510204081634,74.94
3.1734693877551017,1.969387755102041,54.79
3.1734693877551017,2.0612244897959187,45.81
3.1734693877551017,2.1530612244897958,21.39
3.1734693877551017,2.2448979591836737,60.61
3.1734693877551017,2.336734693877551,149.99
3.1734693877551017,2.428571428571429,149.99
3.1734693877551017,2.5204081632653064,138.98
3.1734693877551017,2.612244897959184,149.99
3.1734693877551017,2.7040816326530615,149.99
3.1734693877551017,2.795918367346939,149.99
3.1734693877551017,2.8877551020408165,149.99
3.1734693877551017,2.979591836734694,12.15
3.1734693877551017,3.0714285714285716,149.99
3.1734693877551017,3.163265306122449,149.99
3.1734693877551017,3.2551020408163267,15.01
3.1734693877551017,3.3469387755102042,33.7
3.1734693877551017,3.438775510204082,61.81
3.1734693877551017,3.5306122448979593,27.82
3.1734693877551017,3.622448979591837,9.18
3.1734693877551017,3.7142857142857144,36.46
3.1734693877551017,3.806122448979592,28.01
3.1734693877551017,3.8979591836734695,23.55
3.1734693877551017,3.989795918367347,23.240000000000002
3.1734693877551017,4.081632653061225,16.35
3.1734693877551017,4.173469387755102,14.370000000000001
3.1734693877551017,4.26530612244898,16.84
3.1734693877551017,4.357142857142858,20.96
3.1734693877551017,4.448979591836735,19.01
3.1734693877551017,4.540816326530613,19.18
3.1734693877551017,4.63265306122449,19.42
3.1734693877551017,4.724489795918368,19.38
3.1734693877551017,4.816326530612245,19.34
3.1734693877551017,4.908163265306123,19.3
3.1734693877551017,5.0,19.17
3.2142857142857144,0.5,149.99
3.2142857142857144,0.5918367346938775,50.42
3.2142857142857144,0.6836734693877551,149.99
3.2142857142857144,0.7755102040816326,149.99
3.2142857142857144,0.8673469387755102,149.99
3.2142857142857144,0.9591836734693877,30.07
3.2142857142857144,1.0510204081632653,149.99
3.2142857142857144,1.1428571428571428,60.75
3.2142857142857144,1.2346938775510203,149.99
3.2142857142857144,1.3265306122448979,43.37
3.2142857142857144,1.4183673469387754,37.35
3.2142857142857144,1.5102040816326532,56.07
3.2142857142857144,1.6020408163265307,43.01
3.2142857142857144,1.6938775510204083,40.78
3.2142857142857144,1.7857142857142858,43.9
3.2142857142857144,1.8775510204081634,49.52
3.2142857142857144,1.969387755102041,50.13
3.2142857142857144,2.0612244897959187,45.18
3.2142857142857144,2.1530612244897958,65.24
3.2142857142857144,2.2448979591836737,52.2
3.2142857142857144,2.336734693877551,149.99
3.2142857142857144,2.428571428571429,149.99
3.2142857142857144,2.5204081632653064,149.99
3.2142857142857144,2.612244897959184,149.99
3.2142857142857144,2.7040816326530615,149.99
3.2142857142857144,2.795918367346939,115.66
3.2142857142857144,2.8877551020408165,149.99
3.2142857142857144,2.979591836734694,149.99
3.2142857142857144,3.0714285714285716,149.99
3.2142857142857144,3.163265306122449,149.99
3.2142857142857144,3.2551020408163267,15.25
3.2142857142857144,3.3469387755102042,72.13
3.2142857142857144,3.438775510204082,43.79
3.2142857142857144,3.5306122448979593,40.72
3.2142857142857144,3.622448979591837,9.17
3.2142857142857144,3.7142857142857144,149.99
3.2142857142857144,3.806122448979592,35.85
3.2142857142857144,3.8979591836734695,21.64
3.2142857142857144,3.989795918367347,23.240000000000002
3.2142857142857144,4.081632653061225,16.36
3.2142857142857144,4.173469387755102,14.36
3.2142857142857144,4.26530612244898,16.8
3.2142857142857144,4.357142857142858,20.94
3.2142857142857144,4.448979591836735,18.990000000000002
3.2142857142857144,4.540816326530613,19.150000000000002
3.2142857142857144,4.63265306122449,19.400000000000002
3.2142857142857144,4.724489795918368,19.37
3.2142857142857144,4.816326530612245,19.34
3.2142857142857144,4.908163265306123,19.31
3.2142857142857144,5.0,19.17
3.2551020408163263,0.5,149.99
3.2551020408163263,0.5918367346938775,57.96
3.2551020408163263,0.6836734693877551,149.99
3.2551020408163263,0.7755102040816326,149.99
3.2551020408163263,0.8673469387755102,149.99
3.2551020408163263,0.9591836734693877,29.59
3.2551020408163263,1.0510204081632653,149.99
3.2551020408163263,1.1428571428571428,42.02
3.2551020408163263,1.2346938775510203,149.99
3.2551020408163263,1.3265306122448979,40.27
3.2551020408163263,1.4183673469387754,37.160000000000004
3.2551020408163263,1.5102040816326532,56.57
3.2551020408163263,1.6020408163265307,40.63
3.2551020408163263,1.6938775510204083,40.79
3.2551020408163263,1.7857142857142858,42.81
3.2551020408163263,1.8775510204081634,58.07
3.2551020408163263,1.969387755102041,53.04
3.2551020408163263,2.0612244897959187,44.89
3.2551020408163263,2.1530612244897958,50.02
3.2551020408163263,2.2448979591836737,49.97
3.2551020408163263,2.336734693877551,133.67000000000002
3.2551020408163263,2.428571428571429,149.99
3.2551020408163263,2.5204081632653064,149.99
3.2551020408163263,2.612244897959184,136.86
3.2551020408163263,2.7040816326530615,149.99
3.2551020408163263,2.795918367346939,149.99
3.2551020408163263,2.8877551020408165,149.99
3.2551020408163263,2.979591836734694,22.13
3.2551020408163263,3.0714285714285716,149.99
3.2551020408163263,3.163265306122449,7.44
3.2551020408163263,3.2551020408163267,15.9
3.2551020408163263,3.3469387755102042,23.7
3.2551020408163263,3.438775510204082,97.98
3.2551020408163263,3.5306122448979593,94.32000000000001
3.2551020408163263,3.622448979591837,9.15
3.2551020408163263,3.7142857142857144,43.54
3.2551020408163263,3.806122448979592,50.68
3.2551020408163263,3.8979591836734695,21.52
3.2551020408163263,3.989795918367347,23.22
3.2551020408163263,4.081632653061225,16.37
3.2551020408163263,4.173469387755102,14.36
3.2551020408163263,4.26530612244898,16.76
3.2551020408163263,4.357142857142858,20.93
3.2551020408163263,4.448979591836735,18.98
3.2551020408163263,4.540816326530613,19.11
3.2551020408163263,4.63265306122449,19.38
3.2551020408163263,4.724489795918368,19.35
3.2551020408163263,4.816326530612245,19.34
3.2551020408163263,4.908163265306123,21.26
3.2551020408163263,5.0,19.17
3.2959183673469385,0.5,149.99
3.2959183673469385,0.5918367346938775,61.13
3.2959183673469385,0.6836734693877551,149.99
3.2959183673469385,0.7755102040816326,149.99
3.2959183673469385,0.8673469387755102,149.99
3.2959183673469385,0.9591836734693877,29.51
3.2959183673469385,1.0510204081632653,132.73
3.2959183673469385,1.1428571428571428,44.09
3.2959183673469385,1.2346938775510203,149.99
3.2959183673469385,1.3265306122448979,61.410000000000004
3.2959183673469385,1.4183673469387754,36.94
3.2959183673469385,1.5102040816326532,56.06
3.2959183673469385,1.6020408163265307,38.980000000000004
3.2959183673469385,1.6938775510204083,43.43
3.2959183673469385,1.7857142857142858,42.11
3.2959183673469385,1.8775510204081634,35.300000000000004
3.2959183673469385,1.969387755102041,12.200000000000001
3.2959183673469385,2.0612244897959187,44.77
3.2959183673469385,2.1530612244897958,74.88
3.2959183673469385,2.2448979591836737,64.68
3.2959183673469385,2.336734693877551,74.4
3.2959183673469385,2.428571428571429,114.78
3.2959183673469385,2.5204081632653064,149.99
3.2959183673469385,2.612244897959184,149.99
3.2959183673469385,2.7040816326530615,149.99
3.2959183673469385,2.795918367346939,149.99
3.2959183673469385,2.8877551020408165,149.99
3.2959183673469385,2.979591836734694,37.230000000000004
3.2959183673469385,3.0714285714285716,149.99
3.2959183673469385,3.163265306122449,7.36
3.2959183673469385,3.2551020408163267,16.02
3.2959183673469385,3.3469387755102042,25.87
3.2959183673469385,3.438775510204082,40.42
3.2959183673469385,3.5306122448979593,46.88
3.2959183673469385,3.622448979591837,18.35
3.2959183673469385,3.7142857142857144,31.52
3.2959183673469385,3.806122448979592,50.5
3.2959183673469385,3.8979591836734695,17.17
3.2959183673469385,3.989795918367347,23.2
3.2959183673469385,4.081632653061225,16.38
3.2959183673469385,4.173469387755102,16.16
3.2959183673469385,4.26530612244898,16.72
3.2959183673469385,4.357142857142858,20.91
3.2959183673469385,4.448979591836735,18.96
3.2959183673469385,4.540816326530613,19.080000000000002
3.2959183673469385,4.63265306122449,19.36
3.2959183673469385,4.724489795918368,19.34
3.2959183673469385,4.816326530612245,19.330000000000002
3.2959183673469385,4.908163265306123,21.26
3.2959183673469385,5.0,19.18
3.336734693877551,0.5,43.74
3.336734693877551,0.5918367346938775,68.22
3.336734693877551,0.6836734693877551,149.99
3.336734693877551,0.7755102040816326,149.99
3.336734693877551,0.8673469387755102,36.92
3.336734693877551,0.9591836734693877,29.5
3.336734693877551,1.0510204081632653,149.99
3.336734693877551,1.1428571428571428,37.2
3.336734693877551,1.2346938775510203,149.99
3.336734693877551,1.3265306122448979,149.99
3.336734693877551,1.4183673469387754,36.62
3.336734693877551,1.5102040816326532,55.1
3.336734693877551,1.6020408163265307,38.18
3.336734693877551,1.6938775510204083,43.82
3.336734693877551,1.7857142857142858,42.65
3.336734693877551,1.8775510204081634,48.78
3.336734693877551,1.969387755102041,54.11
3.336734693877551,2.0612244897959187,44.75
3.336734693877551,2.1530612244897958,50.22
3.336734693877551,2.2448979591836737,10.42
3.336734693877551,2.336734693877551,5.37
3.336734693877551,2.428571428571429,149.99
3.336734693877551,2.5204081632653064,149.99
3.336734693877551,2.612244897959184,42.99
3.336734693877551,2.7040816326530615,149.99
3.336734693877551,2.795918367346939,149.99
3.336734693877551,2.8877551020408165,13.3
3.336734693877551,2.979591836734694,112.42
3.336734693877551,3.0714285714285716,149.99
3.336734693877551,3.163265306122449,7.33
3.336734693877551,3.2551020408163267,16.080000000000002
3.336734693877551,3.3469387755102042,17.97
3.336734693877551,3.438775510204082,15.25
3.336734693877551,3.5306122448979593,37.6
3.336734693877551,3.622448979591837,40.27
3.336734693877551,3.7142857142857144,26.54
3.336734693877551,3.806122448979592,40.61
3.336734693877551,3.8979591836734695,17.19
3.336734693877551,3.989795918367347,21.21
3.336734693877551,4.081632653061225,16.39
3.336734693877551,4.173469387755102,16.15
3.336734693877551,4.26530612244898,16.68
3.336734693877551,4.357142857142858,20.89
3.336734693877551,4.448979591836735,18.95
3.336734693877551,4.540816326530613,19.05
3.336734693877551,4.63265306122449,19.34
3.336734693877551,4.724489795918368,19.330000000000002
3.336734693877551,4.816326530612245,19.330000000000002
3.336734693877551,4.908163265306123,21.27
3.336734693877551,5.0,19.18
3.377551020408163,0.5,41.2
3.377551020408163,0.5918367346938775,59.18
3.377551020408163,0.6836734693877551,149.99
3.377551020408163,0.7755102040816326,149.99
3.377551020408163,0.8673469387755102,149.99
3.377551020408163,0.9591836734693877,29.55
3.377551020408163,1.0510204081632653,79.36
3.377551020408163,1.1428571428571428,34.160000000000004
3.377551020408163,1.2346938775510203,149.99
3.377551020408163,1.3265306122448979,149.99
3.377551020408163,1.4183673469387754,36.43
3.377551020408163,1.5102040816326532,52.42
3.377551020408163,1.6020408163265307,38.75
3.377551020408163,1.6938775510204083,44.14
3.377551020408163,1.7857142857142858,45.57
3.377551020408163,1.8775510204081634,47.07
3.377551020408163,1.969387755102041,49.79
3.377551020408163,2.0612244897959187,44.85
3.377551020408163,2.1530612244897958,50.9
3.377551020408163,2.2448979591836737,55.08
3.377551020408163,2.336734693877551,5.37
3.377551020408163,2.428571428571429,149.99
3.377551020408163,2.5204081632653064,149.99
3.377551020408163,2.612244897959184,149.99
3.377551020408163,2.7040816326530615,149.99
3.377551020408163,2.795918367346939,149.99
3.377551020408163,2.8877551020408165,149.99
3.377551020408163,2.979591836734694,149.99
3.377551020408163,3.0714285714285716,149.99
3.377551020408163,3.163265306122449,7.34
3.377551020408163,3.2551020408163267,16.12
3.377551020408163,3.3469387755102042,19.56
3.377551020408163,3.438775510204082,27.740000000000002
3.377551020408163,3.5306122448979593,27.84
3.377551020408163,3.622448979591837,149.99
3.377551020408163,3.7142857142857144,26.25
3.377551020408163,3.806122448979592,30.59
3.377551020408163,3.8979591836734695,17.32
3.377551020408163,3.989795918367347,21.17
3.377551020408163,4.081632653061225,16.4
3.377551020408163,4.173469387755102,16.14
3.377551020408163,4.26530612244898,16.64
3.377551020408163,4.357142857142858,20.87
3.377551020408163,4.448979591836735,18.94
3.377551020408163,4.540816326530613,19.02
3.377551020408163,4.63265306122449,19.31
3.377551020408163,4.724489795918368,19.32
3.377551020408163,4.816326530612245,19.32
3.377551020408163,4.908163265306123,21.27
3.377551020408163,5.0,19.19
3.4183673469387754,0.5,45.2
3.4183673469387754,0.5918367346938775,65.68
3.4183673469387754,0.6836734693877551,149.99
3.4183673469387754,0.7755102040816326,149.99
3.4183673469387754,0.8673469387755102,149.99
3.4183673469387754,0.9591836734693877,29.830000000000002
3.4183673469387754,1.0510204081632653,149.99
3.4183673469387754,1.1428571428571428,33.68
3.4183673469387754,1.2346938775510203,41.31
3.4183673469387754,1.3265306122448979,149.99
3.4183673469387754,1.4183673469387754,36.67
3.4183673469387754,1.5102040816326532,50.43
3.4183673469387754,1.6020408163265307,40.85
3.4183673469387754,1.6938775510204083,44.4
3.4183673469387754,1.7857142857142858,45.74
3.4183673469387754,1.8775510204081634,44.9
3.4183673469387754,1.969387755102041,47.74
3.4183673469387754,2.0612244897959187,45.25
3.4183673469387754,2.1530612244897958,65.94
3.4183673469387754,2.2448979591836737,56.02
3.4183673469387754,2.336734693877551,5.37
3.4183673469387754,2.428571428571429,149.99
3.4183673469387754,2.5204081632653064,149.99
3.4183673469387754,2.612244897959184,54.370000000000005
3.4183673469387754,2.7040816326530615,149.99
3.4183673469387754,2.795918367346939,11.84
3.4183673469387754,2.8877551020408165,95.18
3.4183673469387754,2.979591836734694,149.99
3.4183673469387754,3.0714285714285716,149.99
3.4183673469387754,3.163265306122449,7.38
3.4183673469387754,3.2551020408163267,16.15
3.4183673469387754,3.3469387755102042,19.81
3.4183673469387754,3.438775510204082,46.65
3.4183673469387754,3.5306122448979593,36.54
3.4183673469387754,3.622448979591837,20.23
3.4183673469387754,3.7142857142857144,26.060000000000002
3.4183673469387754,3.806122448979592,27.47
3.4183673469387754,3.8979591836734695,17.61
3.4183673469387754,3.989795918367347,21.12
3.4183673469387754,4.081632653061225,16.41
3.4183673469387754,4.173469387755102,16.13
3.4183673469387754,4.26530612244898,16.61
3.4183673469387754,4.357142857142858,19.05
3.4183673469387754,4.448979591836735,18.92
3.4183673469387754,4.540816326530613,18.990000000000002
3.4183673469387754,4.63265306122449,19.29
3.4183673469387754,4.724489795918368,19.3
3.4183673469387754,4.816326530612245,19.31
3.4183673469387754,4.908163265306123,21.27
3.4183673469387754,5.0,19.19
3.4591836734693877,0.5,62.92
3.4591836734693877,0.5918367346938775,80.23
3.4591836734693877,0.6836734693877551,149.99
3.4591836734693877,0.7755102040816326,149.99
3.4591836734693877,0.8673469387755102,104.54
3.4591836734693877,0.9591836734693877,30.11
3.4591836734693877,1.0510204081632653,149.99
3.4591836734693877,1.1428571428571428,33.65
3.4591836734693877,1.2346938775510203,35.08
3.4591836734693877,1.3265306122448979,149.99
3.4591836734693877,1.4183673469387754,39.77
3.4591836734693877,1.5102040816326532,46.89
3.4591836734693877,1.6020408163265307,43.36
3.4591836734693877,1.6938775510204083,44.82
3.4591836734693877,1.7857142857142858,45.52
3.4591836734693877,1.8775510204081634,48.27
3.4591836734693877,1.969387755102041,47.63
3.4591836734693877,2.0612244897959187,46.1
3.4591836734693877,2.1530612244897958,47.26
3.4591836734693877,2.2448979591836737,60.97
3.4591836734693877,2.336734693877551,58.31
3.4591836734693877,2.428571428571429,149.99
3.4591836734693877,2.5204081632653064,149.99
3.4591836734693877,2.612244897959184,149.99
3.4591836734693877,2.7040816326530615,149.99
3.4591836734693877,2.795918367346939,11.78
3.4591836734693877,2.8877551020408165,116.99000000000001
3.4591836734693877,2.979591836734694,149.99
3.4591836734693877,3.0714285714285716,11.98
3.4591836734693877,3.163265306122449,7.46
3.4591836734693877,3.2551020408163267,16.18
3.4591836734693877,3.3469387755102042,19.990000000000002
3.4591836734693877,3.438775510204082,79.27
3.4591836734693877,3.5306122448979593,24.150000000000002
3.4591836734693877,3.622448979591837,22.14
3.4591836734693877,3.7142857142857144,21.740000000000002
3.4591836734693877,3.806122448979592,61.63
3.4591836734693877,3.8979591836734695,20.09
3.4591836734693877,3.989795918367347,21.07
3.4591836734693877,4.081632653061225,16.41
3.4591836734693877,4.173469387755102,16.13
3.4591836734693877,4.26530612244898,16.580000000000002
3.4591836734693877,4.357142857142858,19.02
3.4591836734693877,4.448979591836735,18.91
3.4591836734693877,4.540816326530613,16.87
3.4591836734693877,4.63265306122449,19.26
3.4591836734693877,4.724489795918368,19.29
3.4591836734693877,4.816326530612245,19.31
3.4591836734693877,4.908163265306123,21.27
3.4591836734693877,5.0,19.19
3.5,0.5,62.35
3.5,0.5918367346938775,81.60000000000001
3.5,0.6836734693877551,149.99
3.5,0.7755102040816326,149.99
3.5,0.8673469387755102,28.52
3.5,0.9591836734693877,31.57
3.5,1.0510204081632653,149.99
3.5,1.1428571428571428,46.51
3.5,1.2346938775510203,26.37
3.5,1.3265306122448979,89.25
3.5,1.4183673469387754,44.15
3.5,1.5102040816326532,46.1
3.5,1.6020408163265307,45.61
3.5,1.6938775510204083,44.89
3.5,1.7857142857142858,45.07
3.5,1.8775510204081634,43.42
3.5,1.969387755102041,48.5
3.5,2.0612244897959187,50.53
3.5,2.1530612244897958,45.84
3.5,2.2448979591836737,53.17
3.5,2.336734693877551,69.33
3.5,2.428571428571429,149.99
3.5,2.5204081632653064,149.99
3.5,2.612244897959184,101.19
3.5,2.7040816326530615,149.99
3.5,2.795918367346939,130.96
3.5,2.8877551020408165,149.99
3.5,2.979591836734694,149.99
3.5,3.0714285714285716,11.51
3.5,3.163265306122449,8.67
3.5,3.2551020408163267,16.21
3.5,3.3469387755102042,20.1
3.5,3.438775510204082,62.82
3.5,3.5306122448979593,18.84
3.5,3.622448979591837,29.38
3.5,3.7142857142857144,19.66
3.5,3.806122448979592,68.57000000000001
3.5,3.8979591836734695,20.34
3.5,3.989795918367347,21.02
3.5,4.081632653061225,16.41
3.5,4.173469387755102,16.13
3.5,4.26530612244898,14.35
3.5,4.357142857142858,18.990000000000002
3.5,4.448979591836735,18.900000000000002
3.5,4.540816326530613,16.84
3.5,4.63265306122449,19.23
3.5,4.724489795918368,19.27
3.5,4.816326530612245,19.3
3.5,4.908163265306123,21.27
3.5,5.0,19.2
