time,x,v
0.0,0.0,0.0
0.01,0.000125,0.024973125083322455
0.02,0.0004994625016664492,0.04988882943654252
0.03,0.0011227765887308503,0.07473975534352048
0.04,0.0019942576085368586,0.09951853810915214
0.05,0.003113147350913893,0.12421783247920884
0.06,0.0044786142581210355,0.14883031574205605
0.07,0.006089753665755014,0.17334869078940424
0.08,0.007945588073909122,0.19776568909901507
0.09,0.010045067447735317,0.22207407362613718
0.1,0.012387069546431866,0.24626664159096107
0.11,0.01497040027955454,0.2703362271499661
0.12,0.01779379408943119,0.294275703939661
0.13,0.02085591435834776,0.3180779874818885
0.14,0.02415535383906896,0.341736037440573
0.15,0.027690635107159224,0.365242859720537
0.16,0.0314602110334797,0.38859150839978845
0.17,0.03546246527515499,0.411775087487496
0.18,0.039695712783229614,0.43478675250070553
0.19,0.044158200325169095,0.4576197118537178
0.2,0.04884810702030397,0.48026722805493754
0.21,0.05376354488626785,0.5027226187069097
0.22,0.05890255939444217,0.5249792573061888
0.23,0.06426313003239163,0.5470305738406247
0.24,0.06984317087125468,0.5688700551826043
0.25,0.07564053113604373,0.5904912452777457
0.26,0.0816529957768096,0.611887745129514
0.27,0.087878286038634,0.633053212581195
0.28,0.09431406002843348,0.6539813618976351
0.29,0.1009579132765867,0.6746659631501283
0.3,0.10780737929143605,0.6951008414087918
0.31,0.11485993010476253,0.7152798757477331
0.32,0.1221129768063907,0.7351969980692585
0.33,0.1295638700661477,0.7548461917543101
0.34,0.1372099006414769,0.77422149014724
0.35000000000000003,0.14504829986909248,0.7933169748839392
0.36,0.1530762401391557,0.812126774073224
0.37,0.161290835350557,0.8306450603422515
0.38,0.16968914134600074,0.8488660487575811
0.39,0.17826815632570864,0.8667839946343205
0.4,0.18702482123868716,0.8843931912465879
0.41000000000000003,0.1959560201506404,0.9016879674532894
0.42,0.20505858058775298,0.9186626852539503
0.43,0.21432927385571943,0.9353117372900415
0.44,0.22376481533355383,0.951629544307916
0.45,0.23336186474187778,0.9676105526001116
0.46,0.24311702638555607,0.9832492314423723
0.47000000000000003,0.2530268493707252,0.9985400705443097
0.48,0.26308782779644224,1.0134775775321463
0.49,0.27329640092136814,1.0280562754824656
0.5,0.2836489533060916,1.0422707005263354
0.51,0.2941418149318949,1.056115399543561
0.52,0.30477126129696286,1.0695849279671759
0.53,0.3155335134912384,1.0826738477185724
0.54,0.32642473825133433,1.0953767252939275
0.55,0.337441047997117,1.1076881300227661
0.56,0.34857850085178965,1.1196026325196533
0.5700000000000001,0.35983310064751006,1.13111480335008
0.58,0.37120079691879126,1.1422192119316357
0.59,0.3826774848861428,1.1529104256915204
0.6,0.39425900543262166,1.1631830095013422
0.61,0.40594114507616963,1.1730315254099797
0.62,0.41771963594082123,1.1824505326950419
0.63,0.4295901557300704,1.191434588253151
0.64,0.4415483277058842,1.1999782473488794
0.65,0.453589720677048,1.2080760647417048
0.66,0.4657098490007183,1.2157225962098042
0.67,0.4779041726012441,1.2229124004888672
0.68,0.4901680970104957,1.2296400416433981
0.6900000000000001,0.502496973434112,1.2359000918871603
0.7000000000000001,0.5148860988482389,1.24168713486852
0.71,0.5273307161314824,1.2469957694354483
0.72,0.5398260142369478,1.251820613893851
0.73,0.5523671284093594,1.256156310771697
0.74,0.5649491404523816,1.2599975321001284
0.75,0.577567079051362,1.263338985221336
0.76,0.5902159201568085,1.266175419131482
0.77,0.6028905874339916,1.2685016313653474
0.78,0.6155859527841154,1.270312475427666
0.79,0.628296836942545,1.271602868774291
0.8,0.6410180101596012,1.272367801344417
0.81,0.6537441929694333,1.2726023446430481
0.8200000000000001,0.6664700570524622,1.2723016613707772
0.8300000000000001,0.6791902261968489,1.2714610155957082
0.84,0.6918992773643764,1.270075783460027
0.85,0.7045917418660493,1.2681414644113052
0.86,0.7172621066526025,1.2656536929461177
0.87,0.7299048157249718,1.2626082508509608
0.88,0.7425142716696217,1.2590010799227984
0.89,0.7550848373234277,1.2548282951488294
0.9,0.7676108375725982,1.2500861983222844
0.91,0.7800865612898733,1.2447712920682181
0.92,0.7925062634139625,1.2388802942503956
0.93,0.8048641671748812,1.2324101527274658
0.9400000000000001,0.8171544664685119,1.2253580604237093
0.9500000000000001,0.8293713283833554,1.2177214706767372
0.96,0.8415088958820466,1.209498112821628
0.97,0.8535612906397879,1.2006860079681319
0.98,0.8655226160414092,1.191283484924769
0.99,0.8773869603382833,1.1812891962209109
1.0,0.8891483999658275,1.1707021341752848
1.01,0.9008010030217891,1.1595216469568088
1.02,0.9123388329049636,1.147747454581244
1.03,0.923755952113414,1.1353796647848986
1.04,0.9350464262006617,1.122418788714518
1.05,0.9462043278877044,1.1088657563706017
1.06,0.9572237413280738,1.0947219317396948
1.07,0.9680987665224983,1.0799891275497533
1.08,0.9788235238790688,1.0646696195814782
1.09,0.9893921589141279,1.0487661604675949
1.1,0.9997988470884208,1.0322819929114218
1.11,1.0100377987723563,1.015220862255759
1.12,1.020103264333536,0.9975870283331425
1.1300000000000001,1.0299895393390193,0.9793852765288694
1.1400000000000001,1.0396909698641135,0.9606209279889282
1.1500000000000001,1.0492019578987979,0.9412998489060592
1.16,1.0585169668422345,0.9214284588186574
1.17,1.067630527075171,0.9010137378590991
1.18,1.0765372415994163,0.8800632328903499
1.19,1.085231791732978,0.8585850624723828
1.2,1.0937089428488642,0.8365879206030091
1.21,1.1019635501450382,0.8140810791812017
1.22,1.1099905644324883,0.7910743891448501
1.23,1.1177850379279353,0.7675782802391434
1.24,1.1253421300372712,0.7436037593763907
1.25,1.132657113115463,0.7191624075530675
1.26,1.1397253781883325,0.6942663752951896
1.27,1.146542440621367,0.6689283766087374
1.28,1.1531039457205075,0.643161681417768
1.29,1.1594056742497223,0.6169801064790277
1.3,1.165443547850088,0.5903980047682721
1.31,1.1712136343450879,0.5634302533400963
1.32,1.17671215291689,0.5360922396698239
1.33,1.1819354791384842,0.5083998464928647
1.34,1.1868801498467472,0.480369435163891
1.35,1.191542867841762,0.45201782756514375
1.36,1.19592050639805,0.4233622866001366
1.37,1.2000101135737649,0.3944204953159141
1.3800000000000001,1.2038089163043684,0.3652105347038047
1.3900000000000001,1.2073143242678408,0.3357508602352389
1.4000000000000001,1.210523933509073,0.3060602771956319
1.41,1.2134355298117534,0.2761579148855113
1.42,1.2160470918067832,0.24606319976396127
1.43,1.2183567938070325,0.2157958276150086
1.44,1.2203630083590835,0.18537573482275554
1.45,1.222064308503488,0.15482306884582633
1.46,1.223459469736,0.12415815798600517
1.47,1.2245474716632079,0.09340148054976989
1.48,1.2253274993469954,0.06257363350473583
1.49,1.2257989443333024,0.031695300735796
1.5,1.225961405361711,0.0007872210079518417
1.51,1.2258146887534613,-0.030129844255541986
1.52,1.2253588084766,-0.061035143270058226
1.53,1.2245939858880601,-0.09190796615140676
1.54,1.223520649153572,-0.12272767703264462
1.55,1.222139432347407,-0.15347374592672836
1.56,1.2204511742350372,-0.18412578022721773
1.57,1.2184569167428627,-0.21466355574119328
1.58,1.2161579031202132,-0.24506704715107352
1.59,1.213555575799841,-0.27531645780509234
1.6,1.2106515739641113,-0.3053922487397984
1.61,1.207447730825045,-0.3352751668420379
1.62,1.2039460706272704,-0.3649462720624503
1.6300000000000001,1.2001488053837959,-0.39438696359750575
1.6400000000000001,1.1960583313553204,-0.4235790049625079
1.6500000000000001,1.1916772252845458,-0.4525045478837334
1.6600000000000001,1.1870082403976456,-0.48114615494394114
1.67,1.1820543021856669,-0.5094868209218101
1.68,1.1768185039792094,-0.5375099927724153
1.69,1.1713041023302184,-0.5651995882025754
1.7,1.1655145122151576,-0.5925400128017594
1.71,1.159453302074183,-0.6195161756961739
1.72,1.153124188701234,-0.6461135037006253
1.73,1.1465310320001705,-0.672317953949709
1.74,1.1396778296222398,-0.6981160249967875
1.75,1.1325687115002347,-0.7234947663760276
1.76,1.1252079342947192,-0.7484417866294384
1.77,1.117599875767646,-0.7729452598073526
1.78,1.109749029098572,-0.7969939304570746
1.79,1.1016599971585044,-0.8205771171204622
1.8,1.0933374867561627,-0.8436847143669743
1.81,1.0847863028711646,-0.8663071933941789
1.82,1.076011342888279,-0.8884356012328558
1.83,1.0670175908465074,-0.9100615585986181
1.84,1.0578101117163066,-0.9311772564364057
1.85,1.0483940457177792,-0.9517754512082509
1.86,1.0387746026921414,-0.9718494589783836
1.87,1.0289570565382113,-0.9913931483530025
1.8800000000000001,1.0189467397250813,-1.0104009323349115
1.8900000000000001,1.0087490378915132,-1.0288677591556827
1.9000000000000001,0.9983693845419676,-1.0467891021500755
1.9100000000000001,0.9878132558485115,-1.0641609487391128
1.92,0.9770861655671852,-1.0809797885895007
1.93,0.9661936600767215,-1.0972426010179863
1.94,0.9551413135468254,-1.1129468417097874
1.95,0.9439347232425257,-1.1280904288204192
1.96,0.9325795049704171,-1.1426717285300927
1.97,0.9210812886719238,-1.1566895401193922
1.98,0.9094457141680292,-1.1701430806341704
1.99,0.8976784270592405,-1.183031969206543
2.0,0.8857850747838985,-1.1953562110975524
2.0100000000000002,0.8737713028372894,-1.2071161815255096
2.02,0.8616427511533882,-1.218312609342246
2.0300000000000002,0.8494050506504446,-1.2289465606175283
2.04,0.8370638199410377,-1.2390194221897286
2.05,0.8246246622066501,-1.2485328852385364
2.06,0.812093162236267,-1.2574889289330375
2.07,0.7994748836279894,-1.2658898042059263
2.08,0.7867753661521486,-1.2737380177019524
2.09,0.7740001232739504,-1.2810363159459641
2.1,0.7611546398332294,-1.287787669773113
2.11,0.7482443698784882,-1.2939952590609434
2.12,0.7352747346520105,-1.2996624578002343
2.13,0.7222511207224835,-1.30479281953858
2.14,0.7091788782612389,-1.3093900632278401
2.15,0.6960633194579267,-1.3134580595037353
2.16,0.6829097170711642,-1.3170008174230572
2.17,0.6697233031094656,-1.3200224716811848
2.18,0.6565092676375406,-1.3225272703298856
2.19,0.6432727577028678,-1.324519563012721
2.2,0.6300188763772862,-1.3260037897327932
2.21,0.6167526819082121,-1.326984470165063
2.22,0.603479186973985,-1.3274661935230412
2.23,0.5902033580377513,-1.3274536089873268
2.24,0.5769301147942384,-1.3269514167012175
2.25,0.5636643297037269,-1.3259643593364747
2.2600000000000002,0.5504108276075089,-1.3244972142302782
2.27,0.5371743854191213,-1.3225547860924562
2.2800000000000002,0.5239597318856598,-1.3201419002802346
2.29,0.5107715474135166,-1.3172633966360017
2.3000000000000003,0.4976144639529397,-1.3139241238819455
2.31,0.4844930649358777,-1.3101289345638802
2.32,0.4714118852616621,-1.3058826805351345
2.33,0.458375411325175,-1.3011902089700347
2.34,0.44538808108226147,-1.2960563588952696
2.35,0.43245428414726966,-1.2904859582262704
2.36,0.419578361917736,-1.2844838212946796
2.37,0.406764607721376,-1.2780547468520136
2.38,0.3940172669806957,-1.2712035165337356
2.39,0.3813405373907013,-1.2639348937671602
2.4,0.3687385691053525,-1.2562536231058805
2.41,0.3562154649285837,-1.2481644299727774
2.42,0.343775280505897,-1.2396720207930905
2.43,0.3314220245127219,-1.230781083498536
2.44,0.31915965883592623,-1.221496288383031
2.45,0.3069920987450613,-1.2118222892902089
2.46,0.2949232130501221,-1.2017637251126194
2.47,0.2829568242428089,-1.1913252215822536
2.48,0.271096708618477,-1.1805113933318556
2.49,0.25934659637617175,-1.169326846206346
2.5,0.24771017169435008,-1.1577761798036057
2.5100000000000002,0.23619107278009965,-1.1458639902238372
2.52,0.22479289188987336,-1.1335948730067393
2.5300000000000002,0.21351917531996487,-1.1209734262357918
2.54,0.2023734233651575,-1.1080042537890604
2.5500000000000003,0.19135909024418365,-1.0946919687160754
2.56,0.180479583990836,-1.0810411967205322
2.57,0.169738266309773,-1.0670565797287903
2.58,0.1591384523962602,-1.0527427795244155
2.59,0.1486834107192847,-1.0381044814293168
2.6,0.13837636276767387,-1.0231463980123663
2.61,0.12822048275903739,-1.0078732728067719
2.62,0.11821889731153842,-0.9922898840178744
2.63,0.10837468507867988,-0.9764010482034935
2.64,0.09869087634746855,-0.9602116239094116
2.65,0.08917045260049165,-0.9437265152430996
2.66,0.07981634604260655,-0.9269506753693204
2.67,0.07063143909310524,-0.9098891099118173
2.68,0.06161856384437021,-0.8925468802458888
2.69,0.05278050148818746,-0.874929106667278
2.7,0.04411998171102465,-0.8570409714234568
2.71,0.03563968205971833,-0.8388877215940668
2.72,0.02734222727914332,-0.820474671807983
2.73,0.01923018862355868,-0.801807206785198
2.74,0.011306083143439363,-0.7828907836924808
2.75,0.0035723729497090634,-0.7637309343025374
2.7600000000000002,-0.003968535542611385,-0.7443332669472063
2.77,-0.01131429238923506,-0.7247034682560339
2.7800000000000002,-0.01846260490773206,-0.7048473046724185
2.79,-0.025411238482683427,-0.6847706237403612
2.8000000000000003,-0.03215801738253929,-0.6644793551557374
2.81,-0.038700825585798175,-0.6439795115768803
2.82,-0.04503760761407689,-0.6232771891901666
2.83,-0.051166369369601505,-0.6023785680271982
2.84,-0.05708517897462085,-0.581289912031082
2.85,-0.06279216761022315,-0.5600175688702292
2.86,-0.06828553035202543,-0.5385679694990128
2.87,-0.0735635270002034,-0.5169476274655386
2.88,-0.07862448290133621,-0.49516313796770217
2.89,-0.08346678975955744,-0.4732211766596124
2.9,-0.08808890643452845,-0.45112849821136397
2.91,-0.09248935972378472,-0.42889193462603165
2.92,-0.09666674512704908,-0.4065183933186339
2.93,-0.10061972759015739,-0.38401485496267307
2.94,-0.10434704222630253,-0.3613883711106985
2.95,-0.10784749501237136,-0.33864606159615324
2.96,-0.1111199634582256,-0.3157951117245574
2.97,-0.1141633972468625,-0.2928427692628401
2.98,-0.11697681884348239,-0.269796341236364
2.99,-0.11955932407158977,-0.24666319054387978
3.0,-0.12191008265435999,-0.22345073240130786
3.0100000000000002,-0.12402833871961592,-0.20016643062586245
3.02,-0.12591341126687725,-0.17681779377261034
3.0300000000000002,-0.12756469459506814,-0.1534123711360889
3.04,-0.12898165868959902,-0.12995774863009374
3.0500000000000003,-0.13016384956767002,-0.1064615445591833
3.06,-0.13111088958078268,-0.08293140529583534
3.0700000000000003,-0.13182247767358674,-0.05937500087752429
3.08,-0.13229838959833318,-0.0358000205382704
3.09,-0.13253847808435215,-0.012214168189438379
3.1,-0.13254267296212197,0.01137484213526594
3.11,-0.13231098124164684,0.034959290855537124
3.12,-0.1318434871450112,0.05853145742582863
3.13,-0.13114035209313024,0.0820836249072061
3.14,-0.1302018146468671,0.10560808451463
3.15,-0.12902819040283764,0.12909714012471585
3.16,-0.12761987184437276,0.15254311272919024
3.17,-0.12597732814825385,0.17593834481948742
3.18,-0.12410110494798303,0.19927520468821194
3.19,-0.12199182405448962,0.22254609063352856
3.2,-0.11965018313531246,0.24574343505292737
3.21,-0.11707695535343109,0.2688597084132515
3.22,-0.11427298896704743,0.2918874230843621
3.23,-0.11123920689174382,0.31481913702435
3.24,-0.10797660622656043,0.3376474573047845
3.25,-0.10448625774564813,0.3603650434651116
3.2600000000000002,-0.10076930535725818,0.38296461068597787
3.27,-0.09682696553192857,0.4054389327719575
3.2800000000000002,-0.09266052670181903,0.4277808449348957
3.29,-0.08827134863323065,0.4499832463698507
3.3000000000000003,-0.08366086177442202,0.47203910261641485
3.31,-0.07883056658090236,0.49394144769901954
3.3200000000000003,-0.07378203282044163,0.5156833860406774
3.33,-0.06851689886008881,0.537258094145484
3.34,-0.06303687093753196,0.5586588220460876
3.35,-0.057343722419167076,0.5798788945132372
3.36,-0.05143929304726722,0.6009117120254307
3.37,-0.04532548817865846,0.6217507514976083
3.38,-0.039004278017315056,0.6423895667687599
3.39,-0.03247769684328326,0.6628217888492499
3.4,-0.025747842240330058,0.6830411259295878
3.41,-0.018816874324691504,0.7030413631533039
3.42,-0.011687014977263977,0.7228163621575104
3.43,-0.004360547081541293,0.7423600603856421
3.44,0.0031601862304488646,0.7616664701777752
3.45,0.010872782322014211,0.7807296776448164
3.46,0.018774779783345193,0.7995438413337274
3.47,0.02686365914868876,0.8181031906918157
3.48,0.03513684359718151,0.8364020243389598
3.49,0.04359169963546796,0.8544347081574607
3.5,0.052225537760330724,0.8721956732100089
3.5100000000000002,0.061035613099668144,0.8896794134970342
3.52,0.07001912603027143,0.9068804835654507
3.5300000000000002,0.07917322277097717,0.9237934959815379
3.54,0.08849499594990219,0.9404131186813879
3.5500000000000003,0.09798148514460493,0.9567340722130196
3.56,0.10762967739416258,0.9727511268848925
3.5700000000000003,0.11743650768230278,0.9884590998361565
3.58,0.12739885939088572,1.0038528520445464
3.59,0.1375135647231937,1.018927285288365
3.6,0.147777405096653,1.0336773390795018
3.61,0.15818711150478373,1.0480979875849017
3.62,0.16873936484835103,1.0621842365543273
3.63,0.1794307962358703,1.0759311202726503
3.64,0.19025798725380405,1.0893336985552649
3.65,0.20121747020697558,1.1023870538055254
3.66,0.21230572832991457,1.115086288153389
3.67,0.22351919597004338,1.1274265206946736
3.68,0.23485425874380805,1.1394028848505309
3.69,0.24630725366705403,1.1510105258668801
3.7,0.25787446926114566,1.1622445984736467
3.71,0.2695521456365269,1.1731002647237037
3.72,0.28133647455561966,1.1835726920314158
3.73,0.2932235994771552,1.193657051430643
3.74,0.30520961558423254,1.2033485160719604
3.75,0.31729056979859444,1.2126422599786997
3.7600000000000002,0.3294624607838066,1.2215334570812142
3.77,0.3417212389402188,1.2300172805485
3.7800000000000002,0.3540628063947766,1.2380889024359851
3.79,0.3664830169889385,1.2457434936679146
3.8000000000000003,0.37897767626813494,1.252976224372304
3.81,0.3915425414763846,1.2597822645859236
3.8200000000000003,0.4041733215598534,1.2661567853461906
3.83,0.4168656771833084,1.2720949601861857
3.84,0.42961522076357717,1.2775919670482911
3.85,0.4424175165242743,1.2826429906311347
3.86,0.4552680805761999,1.2872432251836476
3.87,0.46816238102794727,1.291387877759081
3.88,0.4810958381313815,1.2950721719407816
3.89,0.4940638244667629,1.2982913520504014
3.9,0.5070616651723896,1.3010406878480019
3.91,0.520084638223723,1.3033154797322144
3.92,0.5331279747670339,1.3051110644472315
3.93,0.5461868595126675,1.306422821301926
3.94,0.5592564311930723,1.3072461789048315
3.95,0.5723317830907642,1.307576622417059
3.96,0.5854079636414136,1.307409701323486
3.97,0.5984799771172339,1.3067410377207171
3.98,0.6115427843958279,1.3055663351184035
3.99,0.6245913038196019,1.3038813877484983
4.0,0.6376204121507978,1.3016820903749509
4.01,0.650624945627101,1.2989644485941725
4.0200000000000005,0.6635997011226814,1.2957245896143759
4.03,0.6765394374193886,1.2919587734995863
4.04,0.6894388765926731,1.2876634048617541
4.05,0.7022927055166236,1.2828350449819745
4.0600000000000005,0.7150955774923126,1.2774704243393544
4.07,0.7278421140034107,1.2715664555235457
4.08,0.7405269066027834,1.2651202465044338
4.09,0.7531445189334994,1.2581291142298963
4.1,0.7656894888873814,1.250590598519984
4.11,0.7781563309038991,1.2425024762233072
4.12,0.7905395384118475,1.2338627755988518
4.13,0.8028335864158761,1.2246697908839388
4.14,0.8150329342295263,1.2149220970065564
4.15,0.8271320283560072,1.2046185643978795
4.16,0.8391253055174838,1.1937583738584547
4.17,0.8510071958331762,1.1823410314292804
4.18,0.8627721261460694,1.1703663832168765
4.19,0.8744145234975138,1.1578346301194349
4.2,0.8859288187484582,1.1447463423992785
4.21,0.8973094503454995,1.1311024740451652
4.22,0.9085508682293615,1.1169043768664613
4.23,0.9196475378828286,1.1021538142599006
4.24,0.9305939445145595,1.0868529745885551
4.25,0.9413845973745998,1.0710044841117934
4.26,0.9520140341967954,1.0546114194044016
4.2700000000000005,0.9624768257626879,1.0376773192027229
4.28,0.9727675805808499,1.0202061956156203
4.29,0.9828809496750003,1.0022025446383374
4.3,0.9928116314736167,0.9836713559078963
4.3100000000000005,1.0025543767931584,0.9646181216395726
4.32,1.0121039939064083,0.9450488446852143
4.33,1.0214553536868625,0.924970045655746
4.34,1.030603394819523,0.9043887690521134
4.3500000000000005,1.039543129067905,0.8833125883511947
4.36,1.048269646586547,0.8617496099958217
4.37,1.0567781212678216,0.8397084762410223
4.38,1.0650638161113677,0.8171983668119098
4.39,1.0731220886040598,0.7942289993322958
4.4,1.0809483960980137,0.7708106284870817
4.41,1.0885383011738015,0.7469540438857813
4.42,1.0958874769757294,0.7226705665991232
4.43,1.102991712505784,0.6979720443455567
4.44,1.1098469178626407,0.6728708453096297
4.45,1.1164491294119767,0.6473798505795778
4.46,1.1227945148742324,0.6215124451970547
4.47,1.1288793783159181,0.5952825078177021
4.48,1.1347001650305866,0.568704398987177
4.49,1.1402534662956616,0.5417929480432915
4.5,1.1455360239914523,0.5145634386610392
4.51,1.1505447350688822,0.4870315930634461
4.5200000000000005,1.1552766558527212,0.4592135549273559
4.53,1.1597290061674295,0.43112587101939576
4.54,1.1638991732731092,0.4027854716034384
4.55,1.1677847155994983,0.37420964966682435
4.5600000000000005,1.1713833662664457,0.345416039018412
4.57,1.1746930363798664,0.3164225913171267
4.58,1.1777118180927881,0.2872475520950536
4.59,1.1804379874217676,0.25790943584422166
4.6000000000000005,1.1828700068096727,0.22842700024101828
4.61,1.185006527426588,0.19881921958662643
4.62,1.1868463912014051,0.16910525754594938
4.63,1.1883886325775068,0.13930443927115688
4.64,1.189632479986828,0.10943622299922108
4.65,1.1905773570374911,0.07952017121558594
4.66,1.19122288341114,0.04957592147841025
4.67,1.1915688754670595,0.019623156999623987
4.68,1.1916153465511323,-0.01031842291967467
4.69,1.191362507008666,-0.04022913250118649
4.7,1.1908107639011087,-0.0700893290502069
4.71,1.1899607204276619,-0.09987944236700283
4.72,1.1888131750537687,-0.12958000391133753
4.73,1.187369120349435,-0.15917167562404522
4.74,1.1856297415412875,-0.18863527831140137
4.75,1.1835964147832068,-0.2179518195003754
4.76,1.1812707051512799,-0.24710252067566985
4.7700000000000005,1.1786543643696932,-0.27606884381272495
4.78,1.1757493282750253,-0.30483251712457377
4.79,1.1725577140272019,-0.33337555994454177
4.8,1.1690818170761346,-0.3616803066712692
4.8100000000000005,1.1653241078937764,-0.3897294297073559
4.82,1.1612872284819873,-0.41750596132805706
4.83,1.1569739886672152,-0.444993314421854
4.84,1.1523873621935503,-0.4721753020503477
4.8500000000000005,1.1475304826262083,-0.499036155780739
4.86,1.1424066390779355,-0.5255605427501232
4.87,1.1370192717712058,-0.5517335814268998
4.88,1.1313719674493974,-0.5775408560407409
4.89,1.125468454650391,-0.6029684296587329
4.9,1.119312598856223,-0.6280028558914655
4.91,1.1129083975325618,-0.6526311892189549
4.92,1.106259975071844,-0.6768409939323119
4.93,1.099371577653916,-0.7006203516929733
4.94,1.0922475680379846,-0.7239578677170638
4.95,1.0848924202995744,-0.7468426755980225
4.96,1.0773107145260241,-0.7692644407859808
4.97,1.069507131483855,-0.7912133627474884
4.98,1.0614864472710746,-0.8126801758340365
4.99,1.0532535279671742,-0.8336561488923847
5.0,1.0448133242932267,-0.8541330836539658
5.01,1.036170866294095,-0.8741033119445811
5.0200000000000005,1.0273312580543352,-0.8935596917592138
5.03,1.0182996724589106,-0.9124956022500605
5.04,1.009081346009334,-0.9309049376788087
5.05,0.9996815737053345,-0.9487821003867617
5.0600000000000005,0.9901057040015988,-0.9661219928386414
5.07,0.9803591338485618,-0.9829200087977668
5.08,0.9704473038256435,-0.9991720236918384
5.09,0.960375693374725,-1.0148743842297414
5.1000000000000005,0.9501498161410487,-1.0300238973306284
5.11,0.9397752154281125,-1.0446178184270776
5.12,0.9292574597725072,-1.0586538392043288
5.13,0.918602138644026,-1.0721300748375202
5.14,0.9078148582757568,-1.085045050788477
5.15,0.8969012376282564,-1.0973976892229618
5.16,0.8858669044912976,-1.109187295108404
5.17,0.8747174917260884,-1.1204135420509964
5.18,0.8634586336502776,-1.1310764579296941
5.19,0.8520959625674944,-1.1411764103831061
5.2,0.8406351054426155,-1.1507140922035357
5.21,0.8290816807234238,-1.159690506690528
5.22,0.817441295308805,-1.168106953014249
5.23,0.8057195416631389,-1.175965011636841
5.24,0.7939219950760683,-1.183266529837636
5.25,0.7820542110663862,-1.1900136073857248
5.26,0.7701217229283538,-1.1962085824009472
5.2700000000000005,0.7581300394183672,-1.201854017441857
5.28,0.7460846425795166,-1.2069526858566757
5.29,0.7339909857012337,-1.2115075584306698
5.3,0.7218544914109032,-1.2155217903608007
5.3100000000000005,0.7096805498940177,-1.2189987085859046
5.32,0.6974745172391852,-1.2219417994980828
5.33,0.6852417139040561,-1.2243546970584231
5.34,0.6729874232980166,-1.2262411713376535
5.3500000000000005,0.660716890477303,-1.2276051174998432
5.36,0.6484353209480198,-1.2284505452448404
5.37,0.6361478795724061,-1.22878156872276
5.38,0.6238596895735646,-1.2286023969315274
5.39,0.6115758316337757,-1.2279173246062558
5.4,0.5993013430814397,-1.2267307236070628
5.41,0.5870412171616346,-1.2250470348098665
5.42,0.5748004023852424,-1.2228707605026976
5.43,0.5625838019515808,-1.2202064572881608
5.44,0.5503962732394793,-1.2170587294908595
5.45,0.5382426273617635,-1.2134322230668728
5.46,0.5261276287781419,-1.2093316200107347
5.47,0.514055994961549,-1.2047616332538267
5.48,0.5020323961130654,-1.1997270020466442
5.49,0.49006145492061604,-1.194232487816036
5.5,0.4781477463567446,-1.1882828704872552
5.51,0.4662957975108709,-1.181882945259479
5.5200000000000005,0.4545100874515551,-1.1750375198223695
5.53,0.4427950471144236,-1.1677514120002501
5.54,0.4311550592115501,-1.1600294478095536
5.55,0.41959445815823254,-1.1518764599143703
5.5600000000000005,0.40811753001326273,-1.1432972864641766
5.57,0.39672851242894897,-1.134296770297151
5.58,0.3854315946073197,-1.124879758491893
5.59,0.3742309172591111,-1.1150511022498446
5.6000000000000005,0.3631305725623228,-1.104815657090263
5.61,0.35213460411730585,-1.0941782833392208
5.62,0.3412470068955384,-1.083143846893799
5.63,0.3304717271794299,-1.071717220242394
5.64,0.3198126624906905,-1.05990328372188
5.65,0.3092736615049923,-1.0477069269922488
5.66,0.29885852395084556,-1.0351330507092804
5.67,0.2885710004908067,-1.0221865683758038
5.68,0.27841479258332946,-1.008872408352144
5.69,0.2683935523237638,-0.9951955160064602
5.7,0.25851088226320024,-0.9811608559858284
5.71,0.2487703352040472,-0.9667734145891228
5.72,0.23917541397141776,-0.952038202222997
5.73,0.22972957115958725,-0.9369602559225578
5.74,0.22043620885296658,-0.9215446419186636
5.75,0.21129867832121396,-0.9057964582341527
5.76,0.2023202796882835,-0.8897208372917308
5.7700000000000005,0.19350426157537934,-0.8733229485167013
5.78,0.1848538207179495,-0.8566080009182193
5.79,0.176372101557015,-0.8395812456332824
5.8,0.16806219580528386,-0.8222479784182378
5.8100000000000005,0.1599271419886502,-0.8046135420731855
5.82,0.15196992496382014,-0.7866833287852898
5.83,0.14419347541294442,-0.7684627823776748
5.84,0.13660066931626666,-0.7499574004512706
5.8500000000000005,0.129194327403919,-0.7311727364076963
5.86,0.12197721458811273,-0.7121144013420133
5.87,0.11495203937707874,-0.6927880657949484
5.88,0.10812145327221374,-0.673199461354983
5.89,0.10148805014997907,-0.6533543821015136
5.9,0.09505436563018348,-0.6332586858811257
5.91,0.08882287643235656,-0.6129182954098662
5.92,0.08279599972198616,-0.5923391991952722
5.93,0.07697609244845112,-0.5715274522727821
5.94,0.07136545067653051,-0.5504891767520514
5.95,0.06596630891341008,-0.529230562169588
5.96,0.06078083943313874,-0.5077578656450248
5.97,0.05581115160050959,-0.486077411839258
5.98,0.051059291196353586,-0.46419559271358324
5.99,0.046527239746237924,-0.4421188670898727
6.0,0.042216913854556136,-0.4198537600127379
6.01,0.03813016454598317,-0.39740686191552077
6.0200000000000005,0.034268776616245715,-0.37478482759284304
6.03,0.030634467994126304,-0.3519943749833204
6.04,0.027228889116579308,-0.32904228376690975
6.05,0.02405362231878811,-0.3059353937822007
6.0600000000000005,0.021110181240935295,-0.2826806032697885
6.07,0.018400010253392343,-0.2592848669486642
6.08,0.015924483901962015,-0.23575519393333486
6.09,0.013684906374725648,-0.21209864550013313
6.1000000000000005,0.011682510991959352,-0.18832233271189125
6.11,0.009918459720487823,-0.16443341391083716
6.12,0.00839384271374261,-0.14043909209021657
6.13,0.007109677878683493,-0.11634661215575277
6.140000000000001,0.006066910470627555,-0.09216325808862272
6.15,0.005266412716911038,-0.06789635002215232
6.16,0.0047089834701845084,-0.04355324124491235
6.17,0.004395347892012791,-0.019141315143328983
6.18,0.004326157167317928,0.005332017902694247
6.19,0.004501988250066676,0.029859323657312798
6.2,0.0049233436404641845,0.054433147185324486
6.21,0.005590651193773165,0.0790460160134602
6.22,0.006504263960733389,0.10369044328186809
6.23,0.007664460059410528,0.12835893087115802
6.24,0.00907144257815655,0.1530439724903094
6.25,0.010725339509216716,0.17773805671073833
6.26,0.012626203712371317,0.20243366993186832
6.2700000000000005,0.014774012907854083,0.22712329926365515
6.28,0.01716866969764442,0.2517994353116779
6.29,0.01981000161408764,0.2764545748506267
6.3,0.02269776119465695,0.30108122337229165
6.3100000000000005,0.02583162608153347,0.3256718974944872
6.32,0.029211199144546698,0.35021912721772913
6.33,0.032836008625888057,0.3747154580169187
6.34,0.03670550830488507,0.39915345275577885
6.3500000000000005,0.04081907768100363,0.4235256934123266
6.36,0.0451760221731316,0.4478247826042571
6.37,0.049775573333088775,0.4720433449037537
6.38,0.05461688907120668,0.4961740279319227
6.390000000000001,0.059699053891727236,0.5202095032237836
6.4,0.06502107913568236,0.5441424668555175
6.41,0.07058190322883759,0.5679656398264938
6.42,0.07638039193221223,0.5916717681894477
6.43,0.08241533859262654,0.6152536229230753
6.44,0.08868546439067373,0.6387039995422422
6.45,0.09518941858347138,0.66201571744196
6.46,0.10192577873951295,0.685181618972284
6.47,0.10889305096291707,0.7081945682423058
6.48,0.11608967010435906,0.731047449652467
6.49,0.1235139999559664,0.7537331661555017
6.5,0.13116433342746908,0.7762446372474107
6.51,0.13903889270091463,0.7985747966910045
6.5200000000000005,0.1471358293612892,0.8207165899756884
6.53,0.15545322450042842,0.8426629715183339
6.54,0.16398908879165588,0.8644069016112583
6.55,0.1727413625326536,0.8859413431245335
6.5600000000000005,0.18170791565414657,0.9072592579710536
6.57,0.1908865476920747,0.9283536033440165
6.58,0.20027498772102692,0.9492173277377077
6.59,0.20987089424682887,0.9698433667637152
6.6000000000000005,0.21967185505630124,0.990224638775959
6.61,0.22967538702234802,1.0103540403191738
6.62,0.2398789358626847,1.030224441416743
6.63,0.25027987585068284,1.04982868071505
6.640000000000001,0.2608755094769856,1.0691595605027757
6.65,0.2716630670607383,1.0882098416248343
6.66,0.28263970630948226,1.1069722383119096
6.67,0.2938025118269765,1.1254394129478023
6.68,0.30514849456843834,1.1436039707980556
6.69,0.3166745912429376,1.1614584547245717
6.7,0.3283776636629298,1.1789953399121544
6.71,0.34025449804118074,1.1962070286341397
6.72,0.3523018042356126,1.2130858450854665
6.73,0.36451621494289005,1.2296240303127257
6.74,0.3768942848418671,1.245813737271875
6.75,0.3894324896883275,1.2616470260454322
6.76,0.4021272253627757,1.2771158592520555
6.7700000000000005,0.4149748068733686,1.2922120976824678
6.78,0.427971467316425,1.3069274961966968
6.79,0.4411133567973025,1.3212536999185607
6.8,0.45439654131479623,1.3351822407642353
6.8100000000000005,0.46781700161258727,1.3487045343425792
6.82,0.48137063200164787,1.361811877265667
6.83,0.4950532391579006,1.3744954449086726
6.84,0.5088605408998212,1.3867462896588494
6.8500000000000005,0.5227881649510775,1.398555339693871
6.86,0.5368316476936986,1.40991339833019
6.87,0.5509864329176812,1.4208111439823694
6.88,0.565247870573346,1.431239130774499
6.890000000000001,0.5796112155331713,1.4411877898448295
6.9,0.5940716263702427,1.4506474313846365
6.91,0.6086241641608641,1.4596082474520256
6.92,0.6232637913192832,1.468060315600939
6.93,0.6379853704728828,1.4759936033649586
6.94,0.6527836633865823,1.4833979736346519
6.95,0.6676533299455758,1.490263190966143
6.96,0.6825889272059051,1.4965789288572842
6.97,0.6975849085227215,1.502334778026278
6.98,0.7126356227664308,1.507520255725799
6.99,0.7277353136372375,1.5121248161236152
7.0,0.7428781190889031,1.516137861778363
7.01,0.7580580708728049,1.5195487562365129
7.0200000000000005,0.7732690942136333,1.522346837773625
7.03,0.7885050076282772,1.5245214342997617
7.04,0.8037595228996285,1.5260618794453664
7.05,0.8190262452171845,1.5269575298400275
7.0600000000000005,0.8342986734964289,1.5271977835923427
7.07,0.8495702008890312,1.526772099974541
7.08,0.8648341154959197,1.5256700203106426
7.09,0.8800836012952441,1.5238811900617137
7.1000000000000005,0.895311739297154,1.5213953820962334
7.11,0.9105115089371688,1.5182025211277101
7.12,0.9256757897197082,1.5142927092955123
7.13,0.940797363123079,1.5096562528583863
7.140000000000001,0.9558689147768759,1.504283689963376
7.15,0.9708830369223465,1.498165819445827
7.16,0.9858322311657924,1.491293730608896
7.17,1.0007089115345245,1.4836588339235133
7.18,1.0155054078442627,1.4752528925820925
7.19,1.0302139693861663,1.4660680548315002
7.2,1.0448267689408925,1.4560968870029047
7.21,1.0593359071262243,1.4453324071481919
7.22,1.0737334170838564,1.4337681191846887
7.23,1.088011269509918,1.421398047442052
7.24,1.1021613780326975,1.4082167714973959
7.25,1.1161756049398661,1.3942194611771241
7.26,1.13004576725624,1.379401911596558
7.2700000000000005,1.1437636431717972,1.3637605781013824
7.28,1.157320978818268,1.3472926109682328
7.29,1.170709495391162,1.3299958897154949
7.3,1.1839208966125778,1.3118690568696598
7.3100000000000005,1.1969468765285554,1.292911551027436
7.32,1.2097791276331267,1.273123639049356
7.33,1.2224093493095427,1.2525064472168854
7.34,1.2348292565774646,1.2310619911821368
7.3500000000000005,1.2470305891331857,1.2087932045372671
7.36,1.25900512066821,1.185703965829564
7.37,1.2707446684497767,1.1617991238481735
7.38,1.2822411031451733,1.1370845210094387
7.390000000000001,1.2934863588699654,1.111567014669962
7.4,1.3044724434385726,1.085254496199812
7.41,1.3151914487939618,1.0581559076528095
7.42,1.3256355615916289,1.03028125587658
7.43,1.3357970739114935,1.0016416239120438
7.44,1.34566839406987,0.9722491795402766
7.45,1.3552420575022992,0.942117180844163
7.46,1.3645107376867531,0.9112599786630111
7.47,1.3734672570755593,0.8796930158302281
7.48,1.3821045980033575,0.8474328230972639
7.49,1.3904159135375045,0.8144970116612453
7.5,1.3983945382365826,0.780904262228973
7.51,1.406033998782084,0.7466743105661743
7.5200000000000005,1.413328024447906,0.711827929497988
7.53,1.420270557372044,0.6763869073445085
7.54,1.4268557625947964,0.6403740227937111
7.55,1.4330780378279182,0.6038130162331047
7.5600000000000005,1.4389320229194587,0.5667285575808574
7.57,1.4444126089795355,0.5291462106767928
7.58,1.4495149471329944,0.4910923943133851
7.59,1.454234456865803,0.452594340006557
7.6000000000000005,1.4585668339331255,0.41368004662552366
7.61,1.4625080577983134,0.37437823201998083
7.62,1.466054398573525,0.33471828180143715
7.63,1.4692024234343422,0.2947301954532769
7.640000000000001,1.4719490024825905,0.254444529961056
7.65,1.4742913140335634,0.2138923411704255
7.66,1.4762268493059991,0.17310512309479886
7.67,1.4777534164954593,0.13211474540829524
7.68,1.478869144214165,0.09095338937147601
7.69,1.479572484282889,0.04965348244783141
7.7,1.479862213863122,0.008247631877769238
7.71,1.4797374369204443,-0.03323144251607497
7.72,1.4791975850128003,-0.0747509760131177
7.73,1.4782424174001818,-0.11627822688618618
7.74,1.4768720204750765,-0.15778054421590454
7.75,1.4750868065158638,-0.1992254353444115
7.76,1.4728875117681883,-0.24058063268696217
7.7700000000000005,1.4702751938621246,-0.2818141596240856
7.78,1.4672512285757064,-0.32289439520292124
7.79,1.4638173059580661,-0.36379013738408056
7.8,1.4599754258280249,-0.40447066457980546
7.8100000000000005,1.45572789266647,-0.44490579524022617
7.82,1.4510773099232204,-0.48506594525706076
7.83,1.446026573761329,-0.5249221829680216
7.84,1.4405788662638601,-0.5644462815603751
7.8500000000000005,1.4347376481301213,-0.6036107686883987
7.86,1.4285066508900919,-0.6423889731367461
7.87,1.4218898686673862,-0.6807550683798116
7.88,1.4148915495224956,-0.718684112905918
7.890000000000001,1.4075161864092678,-0.7561520871943825
7.9,1.399768507778608,-0.793135927253068
7.91,1.3916534678642065,-0.8296135546437539
7.92,1.383176236685733,-0.86556390294239
7.930000000000001,1.3743421898053587,-0.9009669406008863
7.94,1.3651568978737152,-0.9358036901963741
7.95,1.3556261160014313,-0.9700562440727365
7.96,1.3457557729922605,-1.0037077763974818
7.97,1.3355519604734816,-1.0367425516746298
7.98,1.3250209219587679,-1.0691459297710675
7.99,1.3141690418780603,-1.1009043675297143
8.0,1.3030028346081735,-1.1320054170577303
8.01,1.2915289335369056,-1.1624377207918242
8.02,1.2797540801923368,-1.1921910034554126
8.03,1.267685113467797,-1.2212560610338998
8.040000000000001,1.2553289589716587,-1.2496247469046424
8.05,1.2426926185297043,-1.2772899552672294
8.06,1.229783159866314,-1.3042456020275093
8.07,1.2166077064891538,-1.3304866032953564
8.08,1.203173427800407,-1.3560088516614828
8.09,1.1894875294559244,-1.3808091904226965
8.1,1.175557243991953,-1.404885385927916
8.11,1.1613898217373662,-1.4282360982190065
8.120000000000001,1.1469925220275732,-1.4508608501411613
8.13,1.132372604734543,-1.4727599950971584
8.14,1.1175373221256302,-1.4939346836184444
8.15,1.1024939110621743,-1.5143868289236935
8.16,1.0872495855471564,-1.5341190716323314
8.17,1.0718115296295279,-1.5531347437965775
8.18,1.056186890671225,-1.5714378324109028
8.19,1.04038277298131,-1.5890329425525236
8.2,1.0244062318201745,-1.6059252603006997
8.21,1.008264267775296,-1.622120515576288
8.22,0.9919638215086489,-1.637624945036251
8.23,0.975511768874571,-1.6524452551507527
8.24,0.958914916405634,-1.6665885855831186
8.25,0.9421799971629088,-1.6800624729853937
8.26,0.9253136669459262,-1.6928748153145385
8.27,0.9083225008566181,-1.70503383676654
8.28,0.8912129902105954,-1.7165480534179258
8.290000000000001,0.8739915397882596,-1.7274262396564093
8.3,0.8566644654174673,-1.7376773954747178
8.31,0.8392379918787654,-1.7473107146940956
8.32,0.8217182511235854,-1.7563355541765817
8.33,0.8041112807952338,-1.764761404077963
8.34,0.7864230230420263,-1.772597859186333
8.35,0.7686593236115071,-1.7798545913844785
8.36,0.7508259312143367,-1.7865413232678689
8.370000000000001,0.7329284971461498,-1.7926678029438932
8.38,0.7149725751554589,-1.798243780032155
8.39,0.6969636215455066,-1.8032789828801286
8.4,0.6789069954978562,-1.807783097003307
8.41,0.6608079596054404,-1.8117657447541293
8.42,0.6426716806027735,-1.8152364662194735
8.43,0.6245032302810508,-1.8182047013423364
8.44,0.6063075865759266,-1.8206797732594873
8.45,0.588089634815861,-1.8226708728433851
8.46,0.5698541691190588,-1.8241870444334598
8.47,0.5516058939271917,-1.8252371727389995
8.48,0.5333494256642789,-1.8258299708933137
8.49,0.5150892945093255,-1.8259739696365693
8.5,0.49682994627154753,-1.8256775076027045
8.51,0.4785757443572714,-1.8249487226840877
8.52,0.46033097181786575,-1.8237955444461171
8.53,0.442099833468349,-1.822225687562706
8.540000000000001,0.4238864580666116,-1.8202466462425815
8.55,0.40569490054349744,-1.817865689615503
8.56,0.3875291442743016,-1.8150898580468882
8.57,0.36939310338255965,-1.8119259603488762
8.58,0.35129062506732406,-1.8083805718555734
8.59,0.3332254919454482,-1.8044600333300806
8.6,0.31520142440072246,-1.8001704506708887
8.61,0.2972220829320304,-1.7955176953853307
8.620000000000001,0.2792910704930158,-1.7905074057979886
8.63,0.26141193481607067,-1.7851449889622455
8.64,0.24358817071377095,-1.7794356232435533
8.65,0.22582322235119962,-1.7733842615434203
8.66,0.20812048548290255,-1.7669956351336213
8.67,0.19048330964852717,-1.7602742580706694
8.68,0.17291500032148913,-1.7532244321611559
8.69,0.15541882100530402,-1.745850252449166
8.700000000000001,0.1379979952725058,-1.738155613197581
8.71,0.12065570874135241,-1.7301442143357049
8.72,0.10339511098579171,-1.721819568346258
8.73,0.08621931737442724,-1.7131850075654098
8.74,0.06913141083448351,-1.704243691870104
8.75,0.05213444353702517,-1.6949986167275255
8.76,0.03523143849993301,-1.6854526215821106
8.77,0.01842539110538296,-1.6756083985560393
8.78,0.0017192705288122238,-1.6654685014396506
8.790000000000001,-0.014883978923410056,-1.6550353549486962
8.8,-0.03138143657016171,-1.644311264225783
8.81,-0.04777020420792572,-1.6332984245637612
8.82,-0.06404740506143693,-1.6219989313291743
8.83,-0.0802101828345092,-1.6104147900642203
8.84,-0.09625570086272132,-1.5985479267459592
8.85,-0.11218114136942837,-1.5864001981817568
8.86,-0.12798370482635646,-1.5739734025201724
8.870000000000001,-0.14366060941983183,-1.5612692898566778
8.88,-0.15920909062349003,-1.5482895729137474
8.89,-0.1746264008781068,-1.535035937774973
8.9,-0.1899098093789895,-1.5215100546529505
8.91,-0.2050566019711658,-1.5077135886707493
8.92,-0.22006408115240447,-1.493648210636815
8.93,-0.2349295661839021,-1.4793156077931815
8.94,-0.2496503933082681,-1.4647174945168755
8.950000000000001,-0.2642239160742396,-1.4498556229543924
8.96,-0.278647505767356,-1.4347317935691133
8.97,-0.2929185519456219,-1.4193478655815173
8.98,-0.3070344630789863,-1.403705767282035
8.99,-0.3209926672912626,-1.3878075061963793
9.0,-0.3347906132029139,-1.3716551790831961
9.01,-0.34842577087292653,-1.3552509817439022
9.02,-0.3618956328377919,-1.3385972186246118
9.03,-0.3751977152454187,-1.3216963121901222
9.040000000000001,-0.38832955908159433,-1.304550812050028
9.05,-0.40128873148641925,-1.2871634038171547
9.06,-0.4140728271579374,-1.2695369176786766
9.07,-0.4266794698399928,-1.251674336660494
9.08,-0.43910631389114735,-1.2335788045656981
9.09,-0.4513510459313068,-1.2152536335682638
9.1,-0.46341138656251263,-1.1967023114434718
9.11,-0.4752850921601762,-1.1779285084169824
9.120000000000001,-0.48696995673085225,-1.158936083614958
9.13,-0.49846381383247534,-1.1397290910981852
9.14,-0.509764538552816,-1.1203117854637425
9.15,-0.5208700495417503,-1.100688626998449
9.16,-0.5317783110927851,-1.0808642863690607
9.17,-0.5424873352691316,-1.0608436488350046
9.18,-0.5529951840694852,-1.0406318179703153
9.19,-0.563299971628538,-1.020234118882397
9.200000000000001,-0.5733998664471333,-0.9996561009162498
9.21,-0.583293093646863,-0.9789035398338946
9.22,-0.5929779372438111,-0.9579824394598746
9.23,-0.6024527424360604,-0.9368990327849421
9.24,-0.6117159178995099,-0.9156597825213078
9.25,-0.6207659380864865,-0.8942713811041713
9.26,-0.6296013455215933,-0.8727407501356413
9.27,-0.6382207530891993,-0.8510750392685897
9.28,-0.6466228463069651,-0.8292816245294687
9.290000000000001,-0.6548063855797888,-0.8073681060806427
9.3,-0.6627702084285779,-0.7853423054243388
9.31,-0.6705132316882755,-0.7632122620519024
9.32,-0.678034453669616,-0.7409862295436452
9.33,-0.6853329562791485,-0.7186726711261862
9.34,-0.6924079070921397,-0.6962802546958055
9.35,-0.6992585613730645,-0.67381784731795
9.36,-0.7058842640384987,-0.6512945092146349
9.370000000000001,-0.7122844515573573,-0.6287194872530764
9.38,-0.7184586537835602,-0.6061022079504543
9.39,-0.7244064957163663,-0.5834522700112349
9.4,-0.7301276991837848,-0.5607794364149691
9.41,-0.7356220844446656,-0.5380936260739235
9.42,-0.7408895717052633,-0.5154049050812791
9.43,-0.7459301825462911,-0.4927234775719488
9.44,-0.7507440412567021,-0.4700596762193069
9.450000000000001,-0.7553313760706771,-0.44742395239228655
9.46,-0.7596925203045478,-0.42482686599837605
9.47,-0.7638279133906446,-0.40227907503902843
9.48,-0.7677381018053283,-0.3797913249048833
9.49,-0.7714237398887422,-0.35737443743898006
9.5,-0.774885590554108,-0.33503929979681346
9.51,-0.7781245258846786,-0.31279685313264277
9.52,-0.7811415276167609,-0.2906580811419077
9.53,-0.7839376875075168,-0.26863399848993
9.540000000000001,-0.7865142075865595,-0.2467356391572829
9.55,-0.7888724002906625,-0.22497404473229182
9.56,-0.7910136884812055,-0.20336025268108973
9.57,-0.7929396053442844,-0.1819052846254848
9.58,-0.7946517941737152,-0.16062013465861477
9.59,-0.7961520080374568,-0.139515757727955
9.6,-0.7974421093282744,-0.11860305811472491
9.61,-0.7985240691997514,-0.09789287803809889
9.620000000000001,-0.7993999668890365,-0.07739598641187871
9.63,-0.8000719889279889,-0.05712306778042883
9.64,-0.8005424282446449,-0.03708471145971845
9.65,-0.8008136831571833,-0.01729140090826064
9.66,-0.8008882562628101,0.0022464966484046986
9.67,-0.8007687532242151,0.021518740317264234
9.68,-0.8004578814564649,0.040515225340304564
9.69,-0.7999584487174091,0.05922599258016147
9.700000000000001,-0.7992733616048617,0.0776412376706348
9.71,-0.7984056239639965,0.09575131981524558
9.72,-0.7973583352085569,0.11354677021854415
9.73,-0.7961346885596257,0.13101830013644672
9.74,-0.7947379692058281,0.14815680853347524
9.75,-0.7931715523889563,0.16495338933639228
9.76,-0.7914389014191002,0.18139933827535082
9.77,-0.7895435656234493,0.1974861593053108
9.78,-0.787489178232994,0.21320557060210038
9.790000000000001,-0.7852794542114072,0.2285495101291129
9.8,-0.7829181880304117,0.24351014077222352
9.81,-0.7804092513959627,0.25807985504207265
9.82,-0.7777565909295703,0.27225127934439264
9.83,-0.7749642258090749,0.28601727782053965
9.84,-0.7720362453731595,0.29937095576183154
9.85,-0.7689768066938383,0.31230566260267417
9.86,-0.765790132121106,0.3248149944987837
9.870000000000001,-0.7624805068038627,0.3368927964980697
9.88,-0.7590522761911448,0.3485331643129338
9.89,-0.7555098435176041,0.35973044570385493
9.9,-0.7518576672770677,0.3704792414851712
9.91,-0.7481002586879008,0.38077440616493025
9.92,-0.7442421791537692,0.3906110482315572
9.93,-0.7402880377232697,0.39998453010088614
9.94,-0.7362424885517516,0.4088904677378116
9.950000000000001,-0.7321102283685135,0.4173247299674427
9.96,-0.7278959939524028,0.4252834374911822
9.97,-0.7236045596186899,0.4327629616236104
9.98,-0.7192407347199306,0.43975992276642173
9.99,-0.7148093611633615,0.4462711886359539
10.0,-0.7103153109472116,0.45229387226105283
10.01,-0.7057634837181405,0.4578253297681471
10.02,-0.7011588043518486,0.462863157970454
10.03,-0.6965062205587315,0.46740519177821777
10.040000000000001,-0.6918107005162843,0.47144950144678494
10.05,-0.6870772305297957,0.474994389679161
10.06,-0.6823108127227011,0.47803838859946557
10.07,-0.6775164627578064,0.4805802566134174
10.08,-0.6726992075904328,0.48261897517164015
10.09,-0.6678640832543736,0.48415374545118267
10.1,-0.663016132681409,0.48518398497020976
10.11,-0.6581604035549694,0.4857093241503313
10.120000000000001,-0.6533019461984024,0.4857296028405172
10.13,-0.6484458114981592,0.4852448668159867
10.14,-0.6435970488620828,0.48425536426487453
10.15,-0.6387607042128617,0.48276154227486456
10.16,-0.6339418180165854,0.4807640433313502
10.17,-0.6291454233462346,0.4782637018380326
10.18,-0.6243765439798248,0.4752615406702081
10.19,-0.6196401925328304,0.47175876777033166
10.200000000000001,-0.6149413686244181,0.4677567727947714
10.21,-0.6102850570769349,0.4632571238200042
10.22,-0.605676226148018,0.4582615641158373
10.23,-0.6011198257946182,0.45277200899258796
10.24,-0.5966207859681663,0.4467905427285132
10.25,-0.5921840149400479,0.44031941558315385
10.26,-0.5878143976565031,0.4333610409016547
10.27,-0.5835167941220147,0.42591799231453675
10.28,-0.5792960378102123,0.4179930010368408
10.290000000000001,-0.5751569341012779,0.409588953270032
10.3,-0.5711042587448116,0.40070888770955465
10.31,-0.5671427563470868,0.3913559931604606
10.32,-0.5632771388816025,0.38153360626310145
10.33,-0.5595120842218247,0.371245209330481
10.34,-0.5558522346949928,0.36049442829850564
10.35,-0.5523021956558546,0.34928503079005263
10.36,-0.5488665340791917,0.33762092429349944
10.370000000000001,-0.5455497771699845,0.3255061544561207
10.38,-0.5423564109900691,0.3129449034925662
10.39,-0.5392908791001332,0.299941488708482
10.4,-0.5363575812158996,0.2865003611392272
10.41,-0.5335608718773487,0.27262610430357637
10.42,-0.5309050591298281,0.2583234330722701
10.43,-0.5283944032159033,0.2435971926513004
10.44,-0.5260331152768021,0.22845235767987299
10.450000000000001,-0.5238253560623058,0.21289403144309452
10.46,-0.5217752346479403,0.19692744519956962
10.47,-0.5198868071583146,0.1805579576242737
10.48,-0.5181640754954548,0.16379105436728184
10.49,-0.516610986070969,0.1466323477291851
10.5,-0.5152314285408712,0.12908757645430896
10.51,-0.5140292345418828,0.11116260564316235
10.52,-0.5130081764280079,0.0928634267858896
10.53,-0.5121719660061649,0.07419615791886608
10.540000000000001,-0.5115242532696305,0.05516704390697083
10.55,-0.5110686251280254,0.03578245685448252
10.56,-0.5108086041325408,0.01604889664797499
10.57,-0.5107476471950659,-0.004027008364966726
10.58,-0.5108891442998402,-0.024438500556934
10.59,-0.5112364172062047,-0.04517869205704791
10.6,-0.5117927181409812,-0.0662405636372751
10.61,-0.5125612284789501,-0.08761696344303847
10.620000000000001,-0.5135450574098419,-0.10930060556199533
10.63,-0.5147472405901901,-0.1312840684244052
10.64,-0.5161707387783301,-0.15355979302807332
10.65,-0.5178184364507515,-0.17612008098043705
10.66,-0.5196931403979388,-0.19895709234996778
10.67,-0.521797578297751,-0.22206284331869428
10.68,-0.5241343972643128,-0.24542920362731982
10.69,-0.5267061623702974,-0.269047893804111
10.700000000000001,-0.529515355140395,-0.2929104821684854
10.71,-0.5325643720136671,-0.31700838160002504
10.72,-0.5358555227723956,-0.3413328460634964
10.73,-0.5393910289349371,-0.36587496688037574
10.74,-0.5431730221100031,-0.39062566873736043
10.75,-0.5472035423096844,-0.41557570542240574
10.76,-0.5514845362184513,-0.4407156552789642
10.77,-0.5560178554152637,-0.4660359163693288
10.78,-0.560805254545838,-0.4915267013382977
10.790000000000001,-0.5658483894420298,-0.5171780319687981
10.8,-0.571148815185214,-0.5429797334216275
10.81,-0.5767079841104623,-0.5689214281521118
10.82,-0.5825272437482562,-0.5949925294972344
10.83,-0.5886078347004069,-0.6211822349276814
10.84,-0.5949508884468098,-0.6474795189602638
10.85,-0.6015574250796122,-0.6738731257273436
10.86,-0.6084283509613566,-0.7003515612012039
10.870000000000001,-0.6155644563036363,-0.7269030850727688
10.88,-0.622966412662812,-0.7535157022857119
10.89,-0.6306347703493506,-0.7801771542287965
10.9,-0.638569955747388,-0.8068749095912675
10.91,-0.646772268541176,-0.8335961548882785
10.92,-0.6552418788451536,-0.8603277846656937
10.93,-0.6639788242344898,-0.8870563913961499
10.94,-0.6729830066730765,-0.9137682550810189
10.950000000000001,-0.6822541893361102,-0.9404493325758658
10.96,-0.6917919933245938,-0.9670852466601724
10.97,-0.7015958942693136,-0.993661274875475
10.98,-0.7116652188221033,-1.0201623381596752
10.99,-0.7219991410325072,-1.0465729893091023
11.0,-0.7325966786082855,-1.0728774013039537
11.01,-0.7434566890585863,-1.0990593555370072
11.02,-0.7545778657190256,-1.1251022299899847
11.03,-0.765958733658386,-1.1509889874066528
11.040000000000001,-0.7775976454671587,-1.1767021635166615
11.05,-0.7894927769287192,-1.2022238553692406
11.06,-0.8016421225745435,-1.2275357098411948
11.07,-0.8140434911255432,-1.2526189123891351
11.08,-0.8266945008223263,-1.2774541761215614
11.09,-0.8395925746479744,-1.3020217312722315
11.1,-0.8527349354477709,-1.3263013151622143
11.11,-0.8661186009512187,-1.3502721627440921
11.120000000000001,-0.8797403787026528,-1.3739129978279276
11.13,-0.8935968609077773,-1.3972020250948147
11.14,-0.9076844192045491,-1.4201169230100483
11.15,-0.9219991993679784,-1.4426348377541447
11.16,-0.9365371159596321,-1.4647323782960655
11.17,-0.9512938469338996,-1.4863856127390096
11.18,-0.9662648282144122,-1.507570066074966
11.19,-0.9814452482553989,-1.5282607194898226
11.200000000000001,-0.9968300426042087,-1.548432011366126
11.21,-1.0124138884827214,-1.5680578401355205
11.22,-1.028191199406919,-1.5871115691373716
11.23,-1.044156119865469,-1.6055660336440425
11.24,-1.0603025200798,-1.6233935502166186
11.25,-1.0766239908698012,-1.6405659285575105
11.26,-1.09311383865095,-1.6570544860281775
11.27,-1.1097650805903647,-1.6728300650011214
11.28,-1.1265704399509724,-1.687863053215189
11.290000000000001,-1.1435223416546685,-1.7021234073019786
11.3,-1.160612908097012,-1.7155806796486635
11.31,-1.1778339552476416,-1.7282040487587043
11.32,-1.195176989072186,-1.7399623532666089
11.33,-1.2126332023129738,-1.7508241297559963
11.34,-1.230193471667306,-1.7607576545216213
11.35,-1.2478483554034063,-1.7697309894055986
11.36,-1.265588091455418,-1.777712031825743
11.370000000000001,-1.2834025960399214,-1.784668569099594
11.38,-1.30128146283741,-1.7905683371512586
11.39,-1.3192139627829464,-1.7953790836695858
11.4,-1.3371890445108017,-1.79906863576533
11.41,-1.355195335498253,-1.8016049721518255
11.42,-1.3732211439538382,-1.8029562998482387
11.43,-1.3912544614952178,-1.8030911353767063
11.44,-1.4092829666613724,-1.8019783903946047
11.450000000000001,-1.42729402930311,-1.7995874616708962
11.46,-1.4452747158947903,-1.7958883252810152
11.47,-1.4632117958087303,-1.7908516348582315
11.48,-1.481091748591955,-1.7844488237009757
11.49,-1.4989007722827499,-1.7766522104954288
11.5,-1.5166247928018637,-1.76743510837099
11.51,-1.5342494744501698,-1.756771936963287
11.52,-1.5517602315411294,-1.7446383371154999
11.53,-1.5691422411924796,-1.7310112878042676
11.540000000000001,-1.5863804572972144,-1.7158692248317204
11.55,-1.6034596256891138,-1.699192160780653
11.56,-1.6203643005128274,-1.680961805685994
11.57,-1.6370788618028338,-1.6611616878330204
11.58,-1.653587534269488,-1.639777274051755
11.59,-1.669874407283869,-1.6167960888382191
11.6,-1.6859234560462524,-1.5922078315972714
11.61,-1.7017185639158146,-1.5660044912692541
11.620000000000001,-1.7172435458716375,-1.5381804575741787
11.63,-1.732482173067298,-1.5087326280833313
11.64,-1.7474181984333041,-1.4776605103095606
11.65,-1.7620353832734892,-1.4449663179946979
11.66,-1.776317524793198,-1.4106550607661155
11.67,-1.7902484844888114,-1.3747346263348557
11.68,-1.8038122173198952,-1.337215854415529
11.69,-1.816992801577122,-1.2981126015636855
11.700000000000001,-1.8297744693511688,-1.2574417961499316
11.71,-1.8421416375001205,-1.215223482721963
11.72,-1.8540789390056078,-1.1714808550460318
11.73,-1.865571254601041,-1.1262402771682556
11.74,-1.876603744548973,-1.0795312918935231
11.75,-1.8871618804389116,-1.0313866161453935
11.76,-1.897231476871881,-0.9818421227440303
11.77,-1.9067987228937924,-0.9309368082204386
11.78,-1.9158502130362898,-0.8787127463735492
11.790000000000001,-1.9243729778212633,-0.8252150273713377
11.8,-1.9323545135837166,-0.7704916822974152
11.81,-1.9397828114672115,-0.7145935931494707
11.82,-1.946646385446706,-0.6575743884045833
11.83,-1.9529342992353034,-0.5994903243776706
11.84,-1.9586361919342594,-0.5404001527120129
11.85,-1.9637423022895435,-0.48036497445366116
11.86,-1.9682434914233324,-0.4194480812733141
11.870000000000001,-1.9721312639150097,-0.3577147845086227
11.88,-1.975397787113505,-0.29523223280553385
11.89,-1.9780359085711205,-0.23206921923791113
11.9,-1.9800391714982633,-0.16829597887900136
11.91,-1.9814018281487005,-0.103983977885143
11.92,-1.982118851055966,-0.03920569523029717
11.93,-1.9821859420533063,0.025965601701504373
11.94,-1.981599539021936,0.0914560864007774
11.950000000000001,-1.980356820325291,0.15719160608270458
11.96,-1.9784557069002822,0.22309791675664897
11.97,-1.975894861990158,0.2891009191468967
11.98,-1.9726736885173441,0.35512689408718995
11.99,-1.9687923241084142,0.4211027360152555
12.0,-1.964251633797039,0.4869561832100427
12.01,-1.9590532004442134,0.5526160434435405
12.02,-1.9531993129281682,0.6180124137604394
12.030000000000001,-1.9466929521690044,0.6830768931519836
12.040000000000001,-1.9395377750651284,0.7477427869544094
12.05,-1.931738096429916,0.8119453018765108
12.06,-1.9232988690275978,0.8756217306441556
12.07,-1.9142256618170328,0.938711625340877
12.08,-1.9045246365207804,1.0011569586218243
12.09,-1.8942025226445964,1.0629022720821153
12.1,-1.883266591079138,1.1238948111687077
12.11,-1.8717246264212222,1.1840846461359635
12.120000000000001,-1.8595848981564187,1.2434247786578192
12.13,-1.8468561308480658,1.301871233822576
12.14,-1.8335474734799673,1.3593831373485323
12.15,-1.819668468101095,1.4159227779687809
12.16,-1.8052290179205914,1.4714556550403537
12.17,-1.790239355000288,1.5259505115354723
12.18,-1.774710007689882,1.579379352669986
12.19,-1.7586517679468883,1.6317174505153311
12.200000000000001,-1.7420756586795754,1.6829433350247947
12.21,-1.7249929012463923,1.733038771981898
12.22,-1.7074148832399374,1.7819887284478784
12.23,-1.6893531266774346,1.8297813263461598
12.24,-1.670819256713014,1.876407784874163
12.25,-1.6518249709799513,1.9218623524766714
12.26,-1.6323820096634807,1.966142229150274
12.27,-1.612502126396946,2.0092474798752264
12.280000000000001,-1.592197060065976,2.05118093998964
12.290000000000001,-1.571478507597153,2.091948113331488
12.3,-1.5503580977993463,2.1315570639769166
12.31,-1.5288473663176148,2.1700183023991424
12.32,-1.5069577317513636,2.207344666861384
12.33,-1.484700472980387,2.2435512008402485
12.34,-1.4620867077345585,2.278655027253434
12.35,-1.4391273724353182,2.3126752202380483
12.36,-1.4158332033297973,2.345632675193914
12.370000000000001,-1.3922147189314398,2.3775499777705305
12.38,-1.3682822037743867,2.4084512724375062
12.39,-1.3440456934826899,2.4383621312368304
12.4,-1.3195149611496504,2.4673094232719315
12.41,-1.2946995050172514,2.495321185443564
12.42,-1.2696085374407793,2.522426494896753
12.43,-1.2442509751193165,2.548655343596727
12.44,-1.218635430568845,2.5740385154054923
12.450000000000001,-1.1927702048112068,2.598607465984792
12.46,-1.166663281249149,2.622394205806077
12.47,-1.1403223206950852,2.6454311865040627
12.48,-1.1137546575190678,2.667751190767786
12.49,-1.0869672968797295,2.6893872259220264
12.5,-1.0599669130006273,2.7103724213127367
12.51,-1.0327598484534748,2.730739929572897
12.52,-1.0053521144091695,2.7505228318101085
12.530000000000001,-0.9777493918172728,2.76975404672437
12.540000000000001,-0.9499570334746821,2.788466243633908
12.55,-0.9219800669445946,2.806691759358699
12.56,-0.893823198287508,2.8244625188854497
12.57,-0.8654908165668855,2.841809959714284
12.58,-0.8369869990932224,2.8587649597662
12.59,-0.8083155173715616,2.8753577687114715
12.6,-0.7794798437189929,2.891617942562513
12.61,-0.7504831585203112,2.907574281360251
12.620000000000001,-0.7213283580917879,2.9232547697706774
12.63,-0.6920180631248977,2.938686520397907
12.64,-0.6625546276838297,2.9538957196116624
12.65,-0.6329401487326644,2.968907575680561
12.66,-0.6031764761702184,2.98374626899781
12.67,-0.5732652233527081,2.9984349041828358
12.68,-0.5432077780865616,3.0129954638409124
12.69,-0.5130053140758898,3.0274487637629157
12.700000000000001,-0.48265880281130324,3.041814409348888
12.71,-0.45216902588891206,3.056110753042029
12.72,-0.4215365877504627,3.0703548525640434
12.73,-0.39076192883763117,3.0845624297483734
12.74,-0.3598453391554952,3.0987478297747213
12.75,-0.3287869722421367,3.1129239806163804
12.76,-0.2975868595431676,3.127102352521229
12.77,-0.26624492519171217,3.141292917357783
12.780000000000001,-0.23476100119601195,3.1555041076694677
12.790000000000001,-0.20313484303832283,3.1697427752932397
12.8,-0.17136614569014713,3.184014149412919
12.81,-0.1394545600500644,3.1983217939330757
12.82,-0.1073997098114856,3.2126675640761193
12.83,-0.07520120876854201,3.227051562123374
12.84,-0.042858678569018115,3.241472092240486
12.85,-0.010371766923732295,3.2559256143485107
12.86,0.0222598337179521,3.2704066970245638
12.870000000000001,0.05503636701675898,3.284907969440031
12.88,0.08795799310675273,3.2994200723701232
12.89,0.12102476846416146,3.3139316083360475
12.9,0.1542366252734737,3.328429090970369
12.91,0.18759335028356885,3.342896893727275
12.92,0.2210945631480192,3.3573171980925176
12.93,0.2547396942454192,3.371669941482813
12.94,0.28852796197767544,3.3859327650614914
12.950000000000001,0.322458349546649,3.400080961736204
12.96,0.3565295812123995,3.4140874246455146
12.97,0.39074009803955934,3.4279225964842324
12.98,0.4250880331420842,3.4415544200622845
12.99,0.4595711864408051,3.4549482905387343
13.0,0.49418699895285895,3.4680670098210893
13.01,0.5289325266372269,3.480870743670147
13.02,0.5638044138262619,3.4933169821020824
13.030000000000001,0.5987988662792685,3.505360503732035
13.040000000000001,0.6339116239009026,3.516953344756763
13.05,0.6691379331744038,3.528044773327616
13.06,0.704472519367455,3.5385812701186636
13.07,0.7399095585767772,3.548506515947796
13.08,0.775442649686411,3.5577613873603
13.09,0.8110647863239833,3.5662839611341672
13.1,0.8467683289090944,3.574009528713384
13.11,0.882544976898251,3.5808706216187574
13.120000000000001,0.9183857413414696,3.5867970489245358
13.13,0.9542809178767417,3.5917159479220278
13.14,0.9902200602999102,3.595551849117468
13.15,1.0261919548590912,3.598226756729264
13.16,1.0621845954344957,3.599660245858105
13.17,1.0981851597762535,3.599769577500817
13.18,1.134179986984512,3.5984698325638313
13.19,1.17015455642753,3.595674066003137
13.200000000000001,1.2060934683045748,3.5912934821730937
13.21,1.241980426070992,3.585237632404905
13.22,1.2777982209526728,3.5774146357553964
13.23,1.3135287187861,3.56773142376651
13.24,1.3491528494280034,3.556094009954309
13.25,1.3846505989851865,3.542407784601984
13.26,1.4200010051200431,3.526577835263428
13.27,1.455182155690455,3.508509293191516
13.280000000000001,1.4901711909838733,3.4881077056878733
13.290000000000001,1.5249443098042124,3.4652794341284023
13.3,1.5594767796664415,3.43993207715152
13.31,1.5937429513472428,3.4119749182045336
13.32,1.627716278030532,3.3813193963291863
13.33,1.6613693392738267,3.3478795987318715
13.34,1.6946738700051696,3.311572773329765
13.35,1.7276007947404217,3.2723198590942433
13.36,1.7601202671870544,3.2300460316311455
13.370000000000001,1.7922017153730447,3.184681261048156
13.38,1.8238138924080176,3.1361608787679214
13.39,1.8549249329484032,3.084426149557289
13.4,1.8855024153991633,3.0294248446646495
13.41,1.915513429841696,2.9711118115958217
13.42,1.9449246516310796,2.9094495357216434
13.43,1.973702420556129,2.8444086886053563
13.44,2.001812825403187,2.775968657673042
13.450000000000001,2.0292217937095898,2.7041180516339773
13.46,2.0558951864358663,2.6288551758979546
13.47,2.0817988972275487,2.5501884721411106
13.48,2.1068989558786884,2.468136916147975
13.49,2.1311616355505083,2.382730368111831
13.5,2.154553563240925,2.294009869713676
13.51,2.1770418329447816,2.2020278825265502
13.52,2.198594120891456,2.1068484626096846
13.530000000000001,2.219178802196975,2.008547366567333
13.540000000000001,2.238765068222802,1.9072120848497751
13.55,2.25732304389397,1.8029417986665874
13.56,2.274823904196134,1.6958472575604786
13.57,2.29123998904518,1.5860505754473593
13.58,2.306544915705081,1.4736849437563562
13.59,2.3207136879203065,1.3588942611916621
13.6,2.3337228009289137,1.241832680574055
13.61,2.3455503415317875,1.1226640741895135
13.620000000000001,2.3561760824127043,1.0015614200600995
13.63,2.36558156993299,0.8787061125414959
13.64,2.373750204663534,0.7542872016248962
13.65,2.3806673139654877,0.6285005662605365
13.66,2.3863202159887447,0.5015480279083507
13.67,2.3906982745236545,0.3736364113408169
13.68,2.393792944215561,0.24497656045782068
13.69,2.395597805732811,0.11578231750847273
13.700000000000001,2.3961085905657304,-0.01373052536274258
13.71,2.395323195225556,-0.1433452929291647
13.72,2.3932416847071467,-0.2728455024710965
13.73,2.3898662851761334,-0.40201593842788697
13.74,2.3852013659385887,-0.5306437164105968
13.75,2.3792534108479217,-0.6585193270235397
13.76,2.3720309793981182,-0.7854376502304724
13.77,2.3635446578433124,-0.9111989314194681
13.780000000000001,2.3538070007697285,-1.0356097108607991
13.790000000000001,2.3428324636260958,-1.1584836989033014
13.8,2.330637326791662,-1.2796425900033688
13.81,2.3172396118260283,-1.3989168095118734
13.82,2.3026589906014245,-1.5161461880415255
13.83,2.286916688065198,-1.6311805591831563
13.84,2.2700353794177617,-1.7438802773163797
13.85,2.2520390825188703,-1.8541166532502995
13.86,2.2329530463527556,-1.9617723064160402
13.870000000000001,2.2128036363905497,-2.066741433298372
13.88,2.191618217686788,-2.1689299927232226
13.89,2.169425036536085,-2.2682558094975795
13.9,2.146253101496837,-2.3646485987159904
13.91,2.122132064561766,-2.4580499137933978
13.92,2.0970921032209695,-2.548413021949112
13.93,2.071163804122784,-2.6357027114452456
13.94,2.0443780489920647,-2.7198950353708278
13.950000000000001,2.0167659034153673,-2.800976997158063
13.96,1.9883585090489033,-2.8789461833196635
13.97,1.959186979748974,-2.953810349107513
13.98,1.929282302066753,-3.0255869629163596
13.99,1.898675240490647,-3.094302715296359
14.0,1.8673962477608261,-3.1599929984009005
14.01,1.835475380522629,-3.2227013615879194
14.02,1.8029422205290677,-3.282478948721223
14.030000000000001,1.7698258015482047,-3.339383922491118
14.040000000000001,1.7361545420792455,-3.3934808807989216
14.05,1.7019561839322264,-3.444840269936003
14.06,1.6672577366805255,-3.493537798942864
14.07,1.632085427953369,-3.539653859165307
14.08,1.5964646594972194,-3.5832729526403178
14.09,1.5604199689005627,-3.6244831325508966
14.1,1.5239749968462013,-3.663375458592986
14.11,1.487152459728703,-3.7000434697046427
14.120000000000001,1.4499741274521085,-3.7345826762226566
14.13,1.4124608062042496,-3.7670900731593235
14.14,1.374632325988922,-3.797663675935668
14.15,1.3365075326855365,-3.826402079570069
14.16,1.2981042843975206,-3.8534040420053266
14.17,1.2594394518454297,-3.8787680919644383
14.18,1.2205289225582316,-3.9025921614569326
14.19,1.1813876086162909,-3.924973242814193
14.200000000000001,1.1420294577019476,-3.9460070699140437
14.21,1.1024674672180101,-3.965787823061777
14.22,1.0627137012407122,-3.9844078568262873
14.23,1.0227793100814844,-4.001957449985277
14.24,0.9826745522410067,-4.018524576611569
14.25,0.9424088185492531,-4.034194697232267
14.26,0.9019906582963615,-4.049050568912481
14.27,0.8614278071710035,-4.063172073054279
14.280000000000001,0.8207272168352759,-4.076636059657845
14.290000000000001,0.7798950859778466,-4.089516206764233
14.3,0.7389368926999913,-4.101882893786005
14.31,0.6978574281021266,-4.11380308743212
14.32,0.656660830951349,-4.125340238945315
14.33,0.6153506233232203,-4.1365541913926
14.34,0.5739297471234971,-4.147501095781221
14.35,0.5324006014075959,-4.158233334812417
14.36,0.4907650804272487,-4.168799453132509
14.370000000000001,0.44902461234494573,-4.179244092994512
14.38,0.40718019856735843,-4.189607934302631
14.39,0.3652324536588931,-4.1999276380762245
14.4,0.323181645805834,-4.210235792438375
14.41,0.28102773781012563,-4.220560860306761
14.42,0.23877042859969877,-4.230927128040632
14.43,0.19640919524931302,-4.24135465437723
14.44,0.15394333551215417,-4.251859219073631
14.450000000000001,0.11137201086784039,-4.262452270755764
14.46,0.06869429009703888,-4.273140873565213
14.47,0.02590919339653614,-4.283927652286327
14.48,-0.01698426294868767,-4.294810735731363
14.49,-0.05998702131809112,-4.305783698259818
14.5,-0.10309993691388403,-4.316835499410178
14.51,-0.1463237313062947,-4.327950421727906
14.52,-0.1896589453484422,-4.339108006983079
14.530000000000001,-0.23310589144595628,-4.3502829910846295
14.540000000000001,-0.2766646051701348,-4.361445238115917
14.55,-0.32033479620827465,-4.372559674038383
14.56,-0.3641157986509025,-4.383586220736453
14.57,-0.40800652062300374,-4.394479731207547
14.58,-0.4520053932750534,-4.405189926835958
14.59,-0.49611031915972287,-4.415661337828238
14.6,-0.5403186200316182,-4.42583324803017
14.61,-0.5846269841203264,-4.435639645490896
14.620000000000001,-0.6290314129414363,-4.445009180287654
14.63,-0.6735271677260795,-4.453865131273753
14.64,-0.7181087155669112,-4.462125383562019
14.65,-0.7627696753973199,-4.469702418704225
14.66,-0.8075027639409958,-4.476503319672611
14.67,-0.8522997417907721,-4.482429792890291
14.68,-0.8971513597988016,-4.487378209690966
14.69,-0.9420473059845913,-4.49123966971225
14.700000000000001,-0.9869761531930465,-4.493900088838099
14.71,-1.0319253077613533,-4.495240314401
14.72,-1.0768809594810667,-4.495136270430135
14.73,-1.1218280331699562,-4.493459135783579
14.74,-1.1667501421967383,-4.490075558026637
14.75,-1.211629544330489,-4.484847905909902
14.76,-1.2564471003149364,-4.477634563254924
14.77,-1.3011822355955875,-4.468290266967561
14.780000000000001,-1.3458129056542876,-4.456666491764037
14.790000000000001,-1.390315565430868,-4.442611884007666
14.8,-1.4346651433344408,-4.425972746810143
14.81,-1.4788350203670708,-4.406593578245846
14.82,-1.5227970148993575,-4.384317664156529
14.83,-1.5665213736502013,-4.35898772658382
14.84,-1.609976769431034,-4.330446628355254
14.85,-1.6531303062173064,-4.298538133764721
14.86,-1.6959475321063284,-4.2631077246296885
14.870000000000001,-1.7383924607099002,-4.2240034702766325
14.88,-1.780427601511861,-4.181076949205374
14.89,-1.8220139996940077,-4.134184219317365
14.9,-1.8631112858982084,-4.0831868326690595
14.91,-1.903677736347389,-4.027952889738438
14.92,-1.943670343692977,-3.9683581271819257
14.93,-1.9830448988910272,-3.9042870320243064
14.94,-2.0217560843334628,-3.835633974182004
14.950000000000001,-2.0597575783746667,-3.7623043481891383
14.96,-2.097002171297245,-3.684215713996925
14.97,-2.133441892654605,-3.601298925773303
14.98,-2.1690281498127106,-3.5134992367656546
14.99,-2.203711877389918,-3.4207773675309796
15.0,-2.2374436971633305,-3.323110524211158
15.01,-2.270174087874141,-3.2204933530624325
15.02,-2.3018535642245794,-3.112938817163389
15.030000000000001,-2.332432864217409,-3.000478981148456
15.040000000000001,-2.3618631438475486,-2.8831656899656757
15.05,-2.3900961780167225,-2.7610711280561815
15.06,-2.417084566408672,-2.63428824601213
15.07,-2.4427819429369655,-2.502931042698316
15.08,-2.467143187262639,-2.3671346920228995
15.09,-2.490124636777424,-2.2270555050106102
15.1,-2.5116842973628515,-2.082870719556401
15.11,-2.5317820511685523,-1.9347781122003613
15.120000000000001,-2.550379859606859,-1.782995428439942
15.13,-2.567441959737351,-1.6277596304501218
15.14,-2.5829350522158614,-1.4693259635762674
15.15,-2.5968284790088765,-1.3079668455522888
15.16,-2.609094389126907,-1.143970585027474
15.17,-2.619707890709426,-0.9776399386045582
15.18,-2.628647187898998,-0.8092905181423218
15.19,-2.635893701072272,-0.6392490625008407
15.200000000000001,-2.641432169149015,-0.46785159015003863
15.21,-2.645250732875273,-0.2954414510688387
15.22,-2.6473409981703915,-0.12236729808400962
15.23,-2.6476980788369526,0.051019000808037285
15.24,-2.6463206181542307,0.22436448656185098
15.25,-2.6432107891057157,0.397317246428911
15.26,-2.638374273225652,0.56952854107504
15.27,-2.6318202182842145,0.740654898190026
15.280000000000001,-2.6235611752618513,0.9103601498920133
15.290000000000001,-2.6136130152863744,1.078317392203218
15.3,-2.601994827417787,1.2442108462148949
15.31,-2.588728798362076,1.4077376022344097
15.32,-2.5738400753730986,1.5686092301740369
15.33,-2.557356613758595,1.7265532416515503
15.34,-2.5393090105400673,1.8813143916738466
15.35,-2.5197303259251185,2.0326558103106005
15.36,-2.4986558943338557,2.180359957377882
15.370000000000001,-2.4761231267775607,2.324229395784686
15.38,-2.452171306418162,2.46408738179343
15.39,-2.4268413791416923,2.5997782729571655
15.4,-2.4001757409590185,2.7311677568748305
15.41,-2.3722180240041957,2.8581429061105688
15.42,-2.343012882836807,2.9806120666197384
15.43,-2.3126057826718007,3.0985045887857843
15.44,-2.2810427910610915,3.2117704116790065
15.450000000000001,-2.248370374438221,3.320379512388253
15.46,-2.2146352008133263,3.4243212332445747
15.47,-2.179883949773329,3.523603500453526
15.48,-2.144163130804256,3.6182519480876953
15.49,-2.1075189108115753,3.7083089615761193
15.5,-2.0699969515727337,3.793832654779878
15.51,-2.031642257715978,3.8748957944842597
15.52,-1.9924990356830488,3.9515846856910453
15.530000000000001,-1.9526105640021574,4.02399803048498
15.540000000000001,-1.9120190750733492,4.092245772502689
15.55,-1.8707656485521036,4.156447938176516
15.56,-1.828890116309819,4.216733484985997
15.57,-1.7864309788523838,4.273239165950669
15.58,-1.7434253329908058,4.326108418563001
15.59,-1.699908810481124,4.375490285310588
15.6,-1.655915527284594,4.42153837189169
15.610000000000001,-1.61147804304329,4.4644098482042205
15.620000000000001,-1.5666273303205096,4.504264496199916
15.63,-1.5213927531192917,4.541263807754341
15.64,-1.4758020541654226,4.57557013481908
15.65,-1.42988135042291,4.607345893302176
15.66,-1.383655136299379,4.636752821371533
15.67,-1.3371462939954792,4.663951292196877
15.68,-1.2903761104554414,4.689099680540238
15.69,-1.2433643003846744,4.712353782072807
15.700000000000001,-1.1961290348139852,4.733866283836027
15.71,-1.1486869747079538,4.753786283874499
15.72,-1.1010533091364951,4.772258857744481
15.73,-1.0532417975530641,4.7894246693405735
15.74,-1.0052648157496837,4.805419623280245
15.75,-0.9571334050874593,4.820374555936535
15.76,-0.908857324630953,4.834414962108804
15.77,-0.8604451058452832,4.847660754264954
15.780000000000001,-0.811904109545654,4.860226051271418
15.790000000000001,-0.7632405848198548,4.8722189935448155
15.8,-0.7144597296747576,4.883741581607198
15.81,-0.6655657531877108,4.894889535101249
15.82,-0.6165619389727327,4.905752169418909
15.83,-0.5674507097993328,4.916412287213368
15.84,-0.5182336932284654,4.92694608219725
15.85,-0.46891178815538775,4.937423052776471
15.860000000000001,-0.41948523217293593,4.9479059232275455
15.870000000000001,-0.3699536696908368,4.958450570294147
15.88,-0.32031622076705296,4.969105953255093
15.89,-0.27057155062573496,4.979914045699402
15.9,-0.22071793985306495,4.990909767433926
15.91,-0.17075335527705646,5.002120915144698
15.92,-0.12067552155017099,5.013568090634354
15.93,-0.0704819934643694,5.0252646256646525
15.94,-0.02017022903687794,5.037216502645611
15.950000000000001,0.030262336588542833,5.049422270631163
15.96,0.08081821637574531,5.061872956306286
15.97,0.13149979571466855,5.074551969882671
15.98,0.1823092557733987,5.087435006059865
15.99,0.23324849583586582,5.100489940457205
16.0,0.2843190545825428,5.113676722179255
16.01,0.33552203027945093,5.126947263444581
16.02,0.38685799985143443,5.140245327484941
16.03,0.4383269368291497,5.153506416209622
16.04,0.4899281281756268,5.1666576594278215
16.05,0.5416600900177061,5.179617707730358
16.06,0.5935204823302339,5.192296631450076
16.07,0.6455060226467076,5.204595828447031
16.080000000000002,0.6976123988991746,5.216407943798414
16.09,0.749834181522676,5.227616804812098
16.1,0.8021647349954166,5.2380973751239726
16.11,0.8545961290251555,5.247715731979373
16.12,0.9071190496350041,5.256329071133715
16.13,0.9597227104478298,5.263785744131759
16.14,1.0123947645176394,5.269925333032717
16.15,1.0651212171084843,5.274578767932696
16.16,1.1178863398762933,5.277568492888703
16.17,1.1706725869662582,5.2787086860605035
16.18,1.2234605135975034,5.277805540048136
16.19,1.276228697767221,5.274657608502593
16.2,1.3289536657675551,5.2690562251134025
16.21,1.3816098222694888,5.260786001016723
16.22,1.4341693857878894,5.249625406507996
16.23,1.4866023303996487,5.235347442670549
16.240000000000002,1.5388763346413006,5.217720408132147
16.25,1.5909567385622918,5.196508765622118
16.26,1.642806509953743,5.1714741123097205
16.27,1.694386220808486,5.1423762570485625
16.28,1.745654035094714,5.108974406622735
16.29,1.7965657089409408,5.071028461880713
16.3,1.8470746043323285,5.0283004232492505
16.31,1.897131717405926,4.980555903541239
16.32,1.9466857224031533,4.92756574421339
16.330000000000002,1.9956830322901937,4.8691077293013025
16.34,2.0440678769891796,4.804968389176651
16.35,2.091782400073727,4.734944884056037
16.36,2.1387667746703003,4.6588469548725495
16.37,2.184959339171178,4.576498926735582
16.38,2.2302967532050118,4.487741747795658
16.39,2.274714174127091,4.392435043949599
16.4,2.3181454540840036,4.290459167524753
16.41,2.360523357477586,4.18171721593246
16.42,2.4017797984026528,4.066136994348276
16.43,2.441846097364551,3.943672894830725
16.44,2.480653256299267,3.8143076630036754
16.45,2.5181322506246246,3.6780540225709566
16.46,2.5542143367506864,3.5349561275730705
16.47,2.5888313731760864,3.3850908124959456
16.48,2.621916153000605,3.2285686111525385
16.490000000000002,2.653402745399137,3.0655345167193917
16.5,2.683226843334993,2.8961684574467887
16.51,2.7113261145480725,2.7206854653801327
16.52,2.737640552642595,2.5393355189193496
16.53,2.762112824926459,2.3524030441690043
16.54,2.784688613525975,2.1602060647391195
16.55,2.8053169462212413,1.9630949948681322
16.56,2.8239505134233376,1.7614510763567945
16.57,2.840545967748377,1.5556844657078344
16.580000000000002,2.855064202737494,1.3462319839272618
16.59,2.867470607426922,1.1335545475133029
16.6,2.87773529368776,0.9181343050839832
16.61,2.8858332935286013,0.7004715097174848
16.62,2.8917447238821095,0.48108116224627717
16.63,2.895454916773527,0.2604894653108354
16.64,2.896954513188326,0.03923013180956372
16.65,2.896239519409718,-0.18215940563443883
16.66,2.8933113250756373,-0.40314183552099125
16.67,2.8881766826992985,-0.6231838089155481
16.68,2.8808476488973263,-0.8417597317467778
16.69,2.871341488064363,-1.0583554592279751
16.7,2.859680539712767,-1.2724718456801052
16.71,2.8458920511507606,-1.483628105982145
16.72,2.830007977593124,-1.6913649486732962
16.73,2.8120647521772946,-1.89524744526969
16.740000000000002,2.79210302868773,-2.0948676055041533
16.75,2.7701674000672116,-2.2898466338060386
16.76,2.7463060960116095,-2.479836848254961
16.77,2.7205706631021127,-2.6645232493106032
16.78,2.6930156310253976,-2.843624731686165
16.79,2.6636981684683896,-3.0168949386490373
16.8,2.6326777322524166,-3.184122763664589
16.81,2.6000157131950976,-3.3451325095294995
16.82,2.5657750820618266,-3.499783719870675
16.830000000000002,2.5300200387976837,-3.6479707020362278
16.84,2.4928156680211018,-3.7896217639199663
16.85,2.4542276035192847,-3.924698190105892
16.86,2.414321704218984,-4.0531929848811465
16.87,2.373163743821662,-4.175129411151074
16.88,2.330819115995963,-4.290559355122637
16.89,2.2873525567192092,-4.399561546841395
16.9,2.2428278850591354,-4.502239666324077
16.91,2.197307763392728,-4.598720364184256
16.92,2.15085347777545,-4.689151224369992
16.93,2.1035247389053278,-4.773698694990737
16.94,2.055379503875635,-4.852546011278307
16.95,2.006473818679761,-4.925891132574512
16.96,1.9568616812241444,-4.993944712934198
16.97,1.9065949244210771,-5.056928122540361
16.98,1.855723118773337,-5.115071534705465
16.990000000000002,1.8042934937269675,-5.168612090831151
17.0,1.7523508769567138,-5.2177921533611755
17.01,1.699937650659744,-5.262857654526373
17.02,1.6470937238661862,-5.304056546575081
17.03,1.5938565197282422,-5.341637357230377
17.04,1.5402609767215785,-5.3758478523325515
17.05,1.486339562681591,-5.4069338060216205
17.06,1.432122300601146,-5.435137877395046
17.07,1.37763680513369,-5.460698591340472
17.080000000000002,1.3229083287743366,-5.483849420188544
17.09,1.2679598167299193,-5.504817961949932
17.1,1.212811969535338,-5.523825210184449
17.11,1.1574833125262305,-5.541084909987372
17.12,1.1019902713355907,-5.556802994156743
17.13,1.0463472526430955,-5.571177093312215
17.14,0.9905667294693463,-5.58439611355786
17.150000000000002,0.9346593303719384,-5.596639875204823
17.16,0.87863393196525,-5.608078806082066
17.17,0.8224977542502971,-5.618873683052336
17.18,0.7662564583042033,-5.6291754155046
17.19,0.7099142459402052,-5.639124864802909
17.2,0.6534739610081451,-5.648852693925661
17.21,0.5969371920616919,-5.658479241820026
17.22,0.5403043761717446,-5.668114417316795
17.23,0.4835749037153561,-5.677857607794762
17.240000000000002,0.42674722401584947,-5.68779759814608
17.25,0.36981895175243457,-5.698012495970618
17.26,0.31278697409643713,-5.708569659315177
17.27,0.25564755856613103,-5.719525623670335
17.28,0.19839646162303046,-5.730926025342247
17.29,0.1410290380592861,-5.742805518728369
17.3,0.08354035124846307,-5.755187685444809
17.31,0.02592528435038993,-5.768084933679433
17.32,-0.0318213474251256,-5.781498386580143
17.330000000000002,-0.08970468338121293,-5.795417758933201
17.34,-0.14772970260378962,-5.809821221844131
17.35,-0.20590110781809554,-5.824675255605289
17.36,-0.2642232077158954,-5.8399344914219204
17.37,-0.322699797646534,-5.8555415431743425
17.38,-0.3813340385793823,-5.871426830919753
17.39,-0.4401283342649291,-5.887508398384679
17.400000000000002,-0.4990842065470759,-5.9036917272694875
17.41,-0.5582021688103188,-5.919869551780348
17.42,-0.6174815975826828,-5.935921677421558
17.43,-0.6769206023587501,-5.95171480872123
17.44,-0.7365158937571076,-5.96710239122408
17.45,-0.7962626501832317,-5.981924473763181
17.46,-0.8561543832323711,-5.996007597713254
17.47,-0.9161828021374967,-6.009164720625127
17.48,-0.9763376776448737,-6.021195182335973
17.490000000000002,-1.0366067057842163,-6.031884722332581
17.5,-1.0969753720915254,-6.041005557802603
17.51,-1.1574268169402684,-6.0483165324263
17.52,-1.2179417027400514,-6.053563346521306
17.53,-1.2784980838706945,-6.056478879634968
17.54,-1.3390712803327507,-6.05678361706003
17.55,-1.399633756211895,-6.054186192004397
17.56,-1.4601550041728386,-6.048384055246429
17.57,-1.5206014373168237,-6.039064284023871
17.580000000000002,-1.5809362898533161,-6.025904541605358
17.59,-1.641119528148931,-6.008574198445958
17.6,-1.7011077738222355,-5.986735624999435
17.61,-1.7608542406489198,-5.960045665117844
17.62,-1.8203086871245926,-5.928157297483562
17.63,-1.8794173865985913,-5.890721490663127
17.64,-1.9381231169378552,-5.847389255124685
17.650000000000002,-1.996365171701085,-5.797813892906257
17.66,-2.0540793947959806,-5.741653442554344
17.67,-2.111198240552172,-5.678573313475691
17.68,-2.167650861065494,-5.608249099976567
17.69,-2.2233632225517033,-5.5303695610350525
17.7,-2.278258252286195,-5.444639747310565
17.71,-2.3322560174979143,-5.35078425210663
17.72,-2.385273937328328,-5.248550558051887
17.73,-2.437227028658952,-5.137712446253575
17.740000000000002,-2.4880281862533993,-5.01807342972881
17.75,-2.537588497253528,-4.889470168170628
17.76,-2.5858175896168114,-4.7517758167115725
17.77,-2.6326240135877597,-4.60490325747272
17.78,-2.677915654766266,-4.448808159502439
17.79,-2.7216001767778084,-4.283491810390349
17.8,-2.763585490974073,-4.109003661556084
17.81,-2.80378025000893,-3.9254435291153458
17.82,-2.84209436155638,-3.73296339345244
17.830000000000002,-2.878439517877979,-3.5317687432858
17.84,-2.912729736422096,-3.322119414170892
17.85,-2.9448819061613967,-3.1043298770698047
17.86,-2.9748163339634917,-2.8787689398051257
17.87,-3.002457284957499,-2.645858832829582
17.88,-3.0277335106200836,-2.4060736606477606
17.89,-3.050578758170454,-2.1599372112308712
17.900000000000002,-3.070932254844701,-1.9080201276250557
17.91,-3.0887391607229553,-1.6509364583753876
17.92,-3.103950984012209,-1.389339616039025
17.93,-3.116525953043736,-1.123917785581519
17.94,-3.126429339723839,-0.8553888364644178
17.95,-3.1336337297730243,-0.5844948033645003
17.96,-3.1381192357911294,-0.3119960103552842
17.97,-3.1398736499801303,-0.0386649217013777
17.98,-3.138892534225157,0.2347201911164708
17.990000000000002,-3.1351792461578007,0.5073816721360797
18.0,-3.1287449007824355,0.7785488972357233
18.01,-3.1196082682130863,1.0474645880121953
18.02,-3.107795609022191,1.3133909296252684
18.03,-3.0933404496205807,1.5756154036741763
18.04,-3.076283300948708,1.833456253879319
18.05,-3.0566713245429944,2.086267510871406
18.06,-3.0345579507312794,2.3334435124521056
18.07,-3.0100024542939523,2.574422866951797
18.080000000000002,-2.9830694933922435,2.808691819408511
18.09,-2.9538286179057818,3.0357869928511487
18.1,-2.92235375353522,3.2552974896149833
18.11,-2.888722668113482,3.4668663499903647
18.12,-2.8530164265354125,3.6701913772782997
18.13,-2.8153188405679157,3.8650253492115607
18.14,-2.7757159195511814,4.05117564545845
18.150000000000002,-2.7342953276587463,4.228503329373789
18.16,-2.6911458529637056,4.396921729170296
18.17,-2.6463568930753407,4.556394569182072
18.18,-2.600017961580064,4.706933705863021
18.19,-2.55221821895808,4.848596525638679
18.2,-2.5030460310672904,4.981483062784937
18.21,-2.4525885577023816,5.105732895251913
18.22,-2.400931373162252,5.22152187492398
18.23,-2.3481581202039017,5.329058746365177
18.240000000000002,-2.2943501982349486,5.428581704812204
18.25,-2.2395864861076578,5.520354940218545
18.26,-2.1839430994305777,5.6046652096944864
18.27,-2.1274931819137683,5.681818475892794
18.28,-2.0703067299127222,5.752136643910688
18.29,-2.0124504490355544,5.815954424252225
18.3,-1.9539876414276773,5.873616344440823
18.31,-1.8949781221467379,5.925473927090118
18.32,-1.8354781628858752,5.971883047714761
18.330000000000002,-1.7755404611924428,6.013201481354344
18.34,-1.7152141332587885,6.049786643239425
18.35,-1.6545447283276544,6.08199352527831
18.36,-1.5935742627532221,6.110172827102379
18.37,-1.5323412717856069,6.134669277779308
18.38,-1.470880877197636,6.155820142080255
18.39,-1.409224868944002,6.173953903353147
18.400000000000002,-1.3474017991305731,6.189389113587361
18.41,-1.2854370866722546,6.202433400128328
18.42,-1.2233531311280066,6.213382617683656
18.43,-1.1611694343185814,6.222520133723353
18.44,-1.0989027284535395,6.230116235082999
18.45,-1.0365671096169213,6.236427643498172
18.46,-0.9741741755835759,6.241697127899918
18.47,-0.9117331670589229,6.2461532015555195
18.48,-0.8492511115524656,6.25000989251906
18.490000000000002,-0.7867329692085417,6.253466576337876
18.5,-0.7241817800257081,6.25670786052212
18.51,-0.6615988119980994,6.259903510906175
18.52,-0.5989837098075846,6.263208410696325
18.53,-0.536334643784173,6.266762543695181
18.54,-0.473648458933681,6.270690993908857
18.55,-0.4109208239059958,6.275103954468975
18.56,-0.3481463798443015,6.280096739531899
18.57,-0.28531888911535785,6.285749793547487
18.580000000000002,-0.22243138397335177,6.292128693016564
18.59,-0.15947631525502656,6.299284136579077
18.6,-0.09644570124177024,6.307251919993799
18.61,-0.033331276855150575,6.316052893286972
18.62,0.0298753566239692,6.325692898063826
18.63,0.09318258110612593,6.336162683696773
18.64,0.15659861029790464,6.347437801830939
18.650000000000002,0.2201313371427447,6.359478479385845
18.66,0.2837881798856215,6.37222947098578
18.67,0.3475759265624602,6.385619892525118
18.68,0.4115005777361238,6.3995630383725866
18.69,0.47556718732991193,6.413956185543984
18.7,0.5397797014470035,6.428680389028996
18.71,0.6041407951104919,6.443600273346593
18.72,0.6686517069139354,6.458563826325755
18.73,0.7333120716370071,6.473402202063133
18.740000000000002,0.798119750955198,6.487929540994219
18.75,0.8630706624568913,6.5019428160246475
18.76,0.9281586072756911,6.51522171469623
18.77,0.993375096750816,6.5275285683977184
18.78,1.0587091786436456,6.538608340659832
18.79,1.1241472635640126,6.548188687580321
18.8,1.1896729523952518,6.555980104386932
18.81,1.2552668656517514,6.561676173038582
18.82,1.3209064758560236,6.5649539265582835
18.830000000000002,1.3865659441829172,6.565474346451028
18.84,1.4522159627850444,6.562883010047314
18.85,1.5178236043838635,6.556810904885286
18.86,1.5833521808827502,6.546875427254608
18.87,1.6487611129289559,6.532681581723245
18.88,1.714005812517215,6.513823397801784
18.89,1.7790375808849914,6.489885578815406
18.900000000000002,1.843803524093523,6.460445396498362
18.91,1.9082464888149586,6.425074842749386
18.92,1.972305020948511,6.383343047343706
18.93,2.0359133497618327,6.334818967150321
18.94,2.099001400291517,6.279074348525162
18.95,2.161494836732336,6.215686960028494
18.96,2.223315139492087,6.144244087453162
18.97,2.284379718481399,6.064346277374449
18.98,2.344602065039576,5.975611309092559
18.990000000000002,2.4038919446632505,5.877678368012408
19.0,2.4621556323998246,5.770212386300017
19.01,2.519296192389251,5.652908509209243
19.02,2.5752138025840092,5.52549663795779
19.03,2.6298061251484066,5.387745992649585
19.04,2.682968722437001,5.2394696317220895
19.05,2.7345955177828487,5.080528857996696
19.06,2.784579299596935,4.910837435900205
19.07,2.8328122665008526,4.73036554008688
19.080000000000002,2.8791866103986727,4.539143352803851
19.09,2.9235951335569297,4.3372642261743195
19.1,2.965931894922159,4.124887326363062
19.11,3.006092880084191,3.902239679535871
19.12,3.0439766885128767,3.669617544772487
19.13,3.0794852309796408,3.4273870467161602
19.14,3.1125244294471996,3.175984010736741
19.150000000000002,3.1430049111943754,2.9159129556531305
19.16,3.170842688560262,2.6477452134150576
19.17,3.1959598154626763,2.3721161612971513
19.18,3.2182850117862047,2.0897215697314624
19.19,3.2377542468573055,1.8013130874355614
19.2,3.254311273534916,1.5076929044503993
19.21,3.2679081049463137,1.2097076525031358
19.22,3.278505426584979,0.9082416201457517
19.23,3.286072937349229,0.6042093767798695
19.240000000000002,3.2905896141205764,0.2985479143777655
19.25,3.2920438956367843,-0.0077915720808302
19.26,3.29043378267896,-0.31385213516660393
19.27,3.285766852933452,-0.61867962028032
19.28,3.2780601902733535,-0.9213311669110367
19.29,3.267340229595231,-1.2208835282663235
19.3,3.253642519708027,-1.5164410763684675
19.31,3.2370114080678616,-1.8071433677969213
19.32,3.2174996523520885,-2.09217215642537
19.330000000000002,3.1951679649393543,-2.3707577533378923
19.34,3.1700844972853304,-2.6421846501098143
19.35,3.142324271937158,-2.905796339237889
19.36,3.1119685705005726,-3.1609992840973655
19.37,3.0791042862552103,-3.407266009777357
19.38,3.0438232503050253,-3.6441373049053993
19.39,3.0062215401571026,-3.871223542564321
19.400000000000002,2.966398779453739,-4.088205145139283
19.41,2.924457437254317,-4.29483223299889
19.42,2.8805021347937614,-4.490923509990156
19.43,2.8346389670545142,-4.676364449586788
19.44,2.786974845802026,-4.851104854043759
19.45,2.7376168699736394,-5.015155865040544
19.46,2.6866717285012154,-5.168586508086787
19.47,2.634245139811904,-5.311519854537142
19.48,2.580441331410473,-5.444128884596432
19.490000000000002,2.5253625621199753,-5.566632132418322
19.5,2.4691086887621063,-5.679289190568762
19.51,2.4117767783086,-5.782396146016085
19.52,2.3534607658417848,-5.8762810137050705
19.53,2.294251158034499,-5.9612992269492935
19.54,2.234234781302799,-6.037829236596649
19.55,2.173494573302566,-6.106268263427347
19.56,2.1121094160342526,-6.167028240744907
19.57,2.0501540084876684,-6.220531976801606
19.580000000000002,1.9876987764982206,-6.26720955971123
19.59,1.9248098172934438,-6.307495020963041
19.6,1.8615488760789598,-6.341823267649882
19.61,1.7979733519404464,-6.370627288120253
19.62,1.734136330316555,-6.3943356309934325
19.63,1.6700866393205778,-6.413370153350022
19.64,1.6058689272495545,-6.428144030421078
19.650000000000002,1.5415237587121564,-6.439060016224886
19.66,1.4770877269250569,-6.446508942307389
19.67,1.4125935798660085,-6.450868439987474
19.68,1.3480703581253075,-6.4525018702429575
19.69,1.2835435424611494,-6.4517574445450405
19.7,1.2190352092344066,-6.448967519504807
19.71,1.1545641920710532,-6.444448048082051
19.72,1.0901462482727657,-6.438498170273239
19.73,1.0257942286655886,-6.431399926593574
19.740000000000002,0.9615182497408943,-6.423418078253367
19.75,0.8973258671005212,-6.414800018660997
19.76,0.8332222493676743,-6.4057757617275914
19.77,0.7692103518659693,-6.396557993370947
19.78,0.7052910895002553,-6.387342173591143
19.79,0.6414635083941466,-6.378306677495233
19.8,0.5777249559503508,-6.3696129646648165
19.81,0.5140712491008502,-6.3614057672734345
19.82,0.4504968406048821,-6.353813288359306
19.830000000000002,0.38699498333366417,-6.346947402634733
19.84,0.3235578925521874,-6.340903853161
19.85,0.26017690627044415,-6.335762438133729
19.86,0.19684264378951283,-6.331587182907341
19.87,0.13354516261229735,-6.328426493239141
19.88,0.07027411392473001,-6.326313286555778
19.89,0.007018896881181787,-6.3252650988404895
19.900000000000002,-0.056231188052079766,-6.325284165513017
19.91,-0.11948678642907856,-6.326357475429876
19.92,-0.18275833756067728,-6.328456797876204
19.93,-0.24605592238660262,-6.331538683157075
19.94,-0.30938911122381874,-6.335544438131285
19.95,-0.37276681114922827,-6.3404000787696395
19.96,-0.4361971127992115,-6.346016262567396
19.97,-0.49968713640057616,-6.35228820440106
19.98,-0.5632428768872326,-6.359095580196737
19.990000000000002,-0.6268690480045108,-6.366302423572981
20.0,-0.6905689253586922,-6.373757021436908
20.01,-0.7543441884332489,-6.381291815347738
20.02,-0.8181947616656469,-6.388723316314969
20.03,-0.8821186547595482,-6.395852041564762
20.04,-0.9461118024969422,-6.402462482681495
20.05,-1.0101679044131782,-6.408323115402663
20.06,-1.0742782648049956,-6.413186462202511
20.07,-1.1384316336572284,-6.416789219627834
20.080000000000002,-1.202614049197552,-6.418852463129845
20.09,-1.2668086829198255,-6.419081942846963
20.1,-1.3309956880544918,-6.417168484408971
20.11,-1.395152052608005,-6.412788509324031
20.12,-1.4592514582409724,-6.405604689843423
20.13,-1.5232641464048735,-6.395266753338141
20.14,-1.5871567933077353,-6.381412451127322
20.150000000000002,-1.65089239542742,-6.363668706329019
20.16,-1.7144301674343156,-6.341652954615645
20.17,-1.777725454519733,-6.314974690705789
20.18,-1.8407296612484314,-6.283237231967891
20.19,-1.9033901991590907,-6.2460397086092865
20.2,-1.9656504554206171,-6.2029792875404235
20.21,-2.027449784909899,-6.15365363410964
20.22,-2.08872352810281,-6.097663612478999
20.23,-2.149403057159479,-6.034616221448507
20.240000000000002,-2.2094158525317797,-5.964127758041565
20.25,-2.26868561232031,-5.885827196163306
20.26,-2.327132396455046,-5.799359762180228
20.27,-2.384672807563915,-5.704390683411677
20.28,-2.4412202101232796,-5.600609079362976
20.29,-2.496684989151175,-5.4877319591838765
20.3,-2.5509748493069573,-5.365508282447655
20.31,-2.6039951548001277,-5.233723034084136
20.32,-2.6556493099886396,-5.092201258355185
20.330000000000002,-2.705839179967231,-4.940811991344223
20.34,-2.7544655498155244,-4.779472026766438
20.35,-2.80142862050256,-4.608149446224991
20.36,-2.846628538740024,-4.426866842571064
20.37,-2.889965957353981,-4.235704163991498
20.38,-2.9313426220198537,-4.034801107045
20.39,-2.970661979494881,-3.824358989261644
20.400000000000002,-3.007829801805087,-3.6046420362316165
20.41,-3.0427548202195136,-3.375978024404074
20.42,-3.0753493622931685,-3.138758229097187
20.43,-3.1055299848014575,-2.893436637416019
20.44,-3.133218095041489,-2.6405283977390206
20.45,-3.158340552756238,-2.3806074909421033
20.46,-3.180830244860331,-2.11430362328118
20.47,-3.2006266252218616,-1.8422983564804862
20.48,-3.2176762119899407,-1.5653205066470335
20.490000000000002,-3.2319330353548024,-1.2841408596793473
20.5,-3.243359029183528,-0.9995662663630428
20.51,-3.2519243606820636,-0.712433194842754
20.52,-3.2576076930803834,-0.42360083114136365
20.53,-3.260396377304891,-0.13394382941340416
20.54,-3.2602865696686516,0.155655177720733
20.55,-3.257283273750476,0.4443131924219839
20.56,-3.2514003058202117,0.7311544690196565
20.57,-3.242660184370083,1.0153180159946722
20.580000000000002,-3.231093945500318,1.295964865918683
20.59,-3.216740887051709,1.5722850025108301
20.6,-3.1996482454501014,1.8435038424628543
20.61,-3.179870810202452,2.1088881805526443
20.62,-3.157470481839048,2.3677515194302954
20.63,-3.132515779813846,2.6194587198728074
20.64,-3.1050813074415924,2.863429922777565
20.650000000000002,-3.0752471813582947,3.0991437101970485
20.66,-3.043098433237651,3.3261394888086553
20.67,-3.0087243915821213,3.5440190948897836
20.68,-2.9722180513398553,3.752447634698131
20.69,-2.9336754388881587,3.9511535877667496
20.7,-2.89319497958452,4.139928212707633
20.71,-2.850876874634006,4.318624305446492
20.72,-2.8068224934755905,4.4871543682329635
20.73,-2.761133787269347,4.645488254209532
20.740000000000002,-2.7139127283914,4.79365035677592
20.75,-2.665260780133829,4.93171641551569
20.76,-2.615278400081087,5.05981001117573
20.77,-2.5640645799103146,5.1780988212698045
20.78,-2.511716423655691,5.286790705510385
20.79,-2.4583287658001067,5.386129686677
20.8,-2.4039938299221504,5.476391887934161
20.81,-2.3488009280414235,5.557881482249321
20.82,-2.292836200277164,5.63092670365628
20.830000000000002,-2.236182393968298,5.695875963873558
20.84,-2.1789186809996925,5.753094111413094
20.85,-2.1211205117400356,5.802958863972202
20.86,-2.062859503720248,5.845857438736131
20.87,-2.004203362965313,5.882183399348968
20.88,-1.9452158357332692,5.912333732830601
20.89,-1.8859566883087011,5.936706164695895
20.900000000000002,-1.8264817124393513,5.955696716015418
20.91,-1.7668427539883926,5.969697502170736
20.92,-1.7070877623959366,5.979094769609531
20.93,-1.647260858596202,5.984267163989637
20.94,-1.587402419116144,5.985584220697417
20.95,-1.5275491741822538,5.983405066806044
20.96,-1.467734317780023,5.9780773220676835
20.97,-1.4079876277409002,5.969936185469874
20.98,-1.3483355940706256,5.959303693187522
20.990000000000002,-1.2888015538771498,5.946488133383754
21.0,-1.2294058314029506,5.9317836032115085
21.01,-1.1701658818129195,5.915469693500913
21.02,-1.1110964375329322,5.897811286945011
21.03,-1.052209656074019,5.8790584560811165
21.04,-0.9935152684113097,5.8594464479730455
21.05,-0.9350207271145581,5.839195743200345
21.06,-0.8767313535473027,5.818512177527621
21.07,-0.8186504835640056,5.797587115436922
21.080000000000002,-0.7607796112385642,5.776597665539174
21.09,-0.7031185302532221,5.755706928720337
21.1,-0.6456654726641574,5.735064270710818
21.11,-0.5884172448390057,5.714805611582018
21.12,-0.531369360432517,5.695053725463502
21.13,-0.4745161703297357,5.675918544532108
21.14,-0.4178509895418749,5.657497462046273
21.150000000000002,-0.3613662210888102,5.639875629882513
21.16,-0.30505347694422463,5.623126246675262
21.17,-0.248903696155305,5.607310833266327
21.18,-0.1929072602788981,5.592479492737207
21.19,-0.13705410630056086,5.578671152828128
21.2,-0.08133383722233552,5.565913789044662
21.21,-0.025735830519667623,5.55422462721882
21.22,0.029750655322040877,5.543610324730107
21.23,0.08513637597493452,5.534067130006436
21.240000000000002,0.1404319979221696,5.525581020318748
21.25,0.19564799638130947,5.518127818260207
21.26,0.25079455428737374,5.511673287664429
21.27,0.3058814621345981,5.506173210070831
21.28,0.3609180184887904,5.501573443191898
21.29,0.41591293099843607,5.497809963179979
21.3,0.47087421775238997,5.494808892832596
21.31,0.525809108855088,5.4924865182173574
21.32,0.5807239481167371,5.490749296542081
21.330000000000002,0.6356240947859296,5.489493858443807
21.34,0.6905138252856132,5.488607008222476
21.35,0.7453962349503791,5.487965725901051
21.36,0.8002731398036343,5.487437175352888
21.37,0.8551449784574369,5.486878723097327
21.38,0.9100107142655809,5.486137972723299
21.39,0.964867737911903,5.485052820254355
21.400000000000002,1.0197117706706682,5.483451536112396
21.41,1.0745367686341512,5.481152879665478
21.42,1.129334828263978,5.477966252650464
21.43,1.1840960936871605,5.47369189803562
21.44,1.2388086662246902,5.468121151121994
21.45,1.2934585167096002,5.461036749864832
21.46,1.3480294012219867,5.452213211515237
21.47,1.4025027809399049,5.441417282724851
21.48,1.4568577468764836,5.428408470208167
21.490000000000002,1.511070950344068,5.412939658903447
21.5,1.5651165400545524,5.394757824298471
21.51,1.6189661068300374,5.373604845175814
21.52,1.6725886369580687,5.349218422468481
21.53,1.7259504752794068,5.321333109185519
21.54,1.779015299141779,5.289681455455059
21.55,1.8317441043885079,5.253995271627119
21.56,1.8840952045743211,5.214007011071229
21.57,1.9360242446099323,5.169451272788487
21.580000000000002,1.9874842300300908,5.120066422232248
21.59,2.0384255730545773,5.065596326799552
21.6,2.0887961565660818,5.0057922003257405
21.61,2.1385414170610924,4.94041454860317
21.62,2.1876044475381455,4.869235205474893
21.63,2.23592612117059,4.792039446456613
21.64,2.2834452364672777,4.708628164154833
21.650000000000002,2.330098684453687,4.618820087023962
21.66,2.375821638207757,4.522454020296795
21.67,2.4205477648596228,4.419391085295699
21.68,2.464209459913671,4.309516930857618
21.69,2.506738103476775,4.192743888362055
21.7,2.548064337680912,4.069013039918821
21.71,2.588118364275151,3.9382961677350163
21.72,2.626830261035612,3.800597551620924
21.73,2.6641303153075695,3.6559555810912525
21.740000000000002,2.6999493726574366,3.50444414864354
21.75,2.73421919828044,3.346173791611234
21.76,2.766872848489661,3.1812925515430464
21.77,2.7978450493113005,3.0099865223834907
21.78,2.8270725789373308,2.832480061832897
21.79,2.8544946505479585,2.649035644136719
21.8,2.8800532918200648,2.4599533371572075
21.81,2.903693717291102,2.2655698918534526
21.82,2.9253646896571337,2.0662574381507266
21.830000000000002,2.945018866054117,1.8624217875046378
21.84,2.962613125407227,1.6545003491250858
21.85,2.9781088730366188,1.442959673665441
21.86,2.9914723188805357,1.2282926450351301
21.87,3.0026747259373217,1.011015347680797
21.88,3.0116926258341516,0.7916636430210303
21.89,3.018507998797742,0.5707894945340933
21.900000000000002,3.0231084157248334,0.34895708611894155
21.91,3.025487140520121,0.1267387826253622
21.92,3.0256431913773407,-0.09528901524966554
21.93,3.0235813602151276,-0.3165500672763324
21.94,3.019312190031814,-0.5364724857121351
21.95,3.012851910500885,-0.7544928676186469
21.96,3.0042223326794413,-0.9700603133363214
21.97,2.9934507042341583,-1.182640279384584
21.98,2.9805695270917494,-1.3917182175214413
21.990000000000002,2.96561633988373,-1.596802956119111
22.0,2.9486334679693673,-1.7974297852567147
22.01,2.9296677441785954,-1.9931632128431216
22.02,2.908770203712505,-2.1835993654923147
22.03,2.8859957568687493,-2.3683680146010206
22.04,2.8614028434204846,-2.547134214942545
22.05,2.8350530725698984,-2.7195995499148524
22.06,2.807010852422188,-2.885502984198366
22.07,2.7773430128859316,-3.0446213308386505
22.080000000000002,2.746118425805415,-3.1967693455397947
22.09,2.713407625975136,-3.341799466127481
22.1,2.6792824364828656,-3.4796012196328565
22.11,2.6438156015824785,-3.6101003232015714
22.12,2.6070804300188337,-3.733257508014354
22.13,2.569150451422191,-3.849067097608216
22.14,2.530099088066669,-3.9575553734250315
22.150000000000002,2.48999934395369,-4.058778761120755
22.16,2.4489235128442535,-4.152821871194357
22.17,2.4069429065298023,-4.239795426904339
22.18,2.3641276043061663,-4.3198341113058865
22.19,2.3205462243036843,-4.393094363643024
22.2,2.2762657170333056,-4.459752153350557
22.21,2.231351181236673,-4.520000757643233
22.22,2.1858657018804406,-4.574048566175384
22.23,2.1398702099131652,-4.6221169336198695
22.240000000000002,2.0934233632080432,-4.664438098310893
22.25,2.0465814479469473,-4.701253182384557
22.26,1.9993982995603523,-4.732810286188976
22.27,1.9519252422231679,-4.7593626871692205
22.28,1.904211045816968,-4.7811671509994
22.29,1.85630189920318,-4.798482360464815
22.3,1.8082413986076717,-4.811567465513109
22.31,1.760070549892918,-4.820680756009477
22.32,1.7118277834874822,-4.826078457055354
22.330000000000002,1.6635489807518107,-4.828013645264891
22.34,1.6152675105821843,-4.8267352831364185
22.35,1.5670142750890823,-4.822487367600465
22.36,1.518817763230175,-4.81550818796176
22.37,1.470704111329847,-4.8060296877678965
22.38,1.422697169474817,-4.794276924617767
22.39,1.3748185728374918,-4.780467621553399
22.400000000000002,1.3270878170437492,-4.764811803443597
22.41,1.27952233676862,-4.747511511651035
22.42,1.2321375868107287,-4.728760590260345
22.43,1.1849471249634131,-4.708744537218441
22.44,1.1379626960663598,-4.687640413885354
22.45,1.0911943166857059,-4.665616806701089
22.46,1.044650359932338,-4.642833834929117
22.47,0.9983376399871237,-4.619443198729131
22.48,0.9522614959577553,-4.595588262130676
22.490000000000002,0.9064258747445101,-4.571404165816586
22.5,0.8608334126414237,-4.547017964973196
22.51,0.8154855154450462,-4.522548787816643
22.52,0.7703824368850909,-4.498108010755753
22.53,0.7255233552299313,-4.473799446497577
22.54,0.6809064479551394,-4.449719541737861
22.55,0.6365289643951741,-4.42595758140291
22.56,0.5923872963270813,-4.402595896719136
22.57,0.5484770464607914,-4.379710074680562
22.580000000000002,0.50479309483347,-4.357369166761735
22.59,0.4613296631255567,-4.335635894983156
22.6,0.41808037693380684,-4.31456685367846
22.61,0.3750383260519875,-4.29421270553718
22.62,0.33219612282306327,-4.274618370704459
22.63,0.28954595863789834,-4.255823207910188
22.64,0.24707965866485956,-4.237861186775436
22.650000000000002,0.20478873490238966,-4.220761050604744
22.66,0.1626644376527647,-4.204546469119765
22.67,0.12069780551999436,-4.189236180724002
22.68,0.07887971403828464,-4.174844124011149
22.69,0.03720092303977138,-4.1613795583418325
22.7,-0.004347877128551999,-4.148847173416653
22.71,-0.045776020428561694,-4.1372471878683506
22.72,-0.087092820885919,-4.126575436983816
22.73,-0.128307529168238,-4.116823449748691
22.740000000000002,-0.1694292898808928,-4.107978515484297
22.75,-0.21046709947792394,-4.100023740419818
22.76,-0.2514297646892892,-4.0929380946127525
22.77,-0.292325861370179,-4.0866964496986835
22.78,-0.3331636936832629,-4.0812696080181
22.79,-0.37395125353054104,-4.0766243237341175
22.8,-0.41469618015794524,-4.072723316621169
22.81,-0.4554057198629644,-4.069525279271612
22.82,-0.4960866857433775,-4.066984878535315
22.830000000000002,-0.5367454174336708,-4.065052752076974
22.84,-0.577387740784917,-4.063675501007529
22.85,-0.6180189274538213,-4.062795679619898
22.86,-0.6586436543773149,-4.06235178333527
22.87,-0.6992659631205267,-4.062278236044558
22.88,-0.739889219098206,-4.062505378110081
22.89,-0.7805160706827283,-4.062959456374855
22.900000000000002,-0.8211484082257032,-4.063562617610651
22.91,-0.8617873230349414,-4.064232906920564
22.92,-0.9024330663641146,-4.064884272696548
22.93,-0.9430850084888723,-4.065426579816227
22.94,-0.983741597960439,-4.0657656328451734
22.95,-1.0244003211457757,-4.065803211089425
22.96,-1.0650576621822274,-4.065437117416688
22.97,-1.1057090634941096,-4.064561242831841
22.98,-1.1463488870388643,-4.063065648850802
22.990000000000002,-1.1869703764711255,-4.060836669764569
23.0,-1.2275656204341556,-4.0577570369197495
23.01,-1.2681255172095205,-4.053706027160611
23.02,-1.308639740977368,-4.048559637577756
23.03,-1.3490967099610758,-4.042190788687073
23.04,-1.3894835567511095,-4.034469558116466
23.05,-1.429786101123405,-4.025263446803929
23.06,-1.469988825687188,-4.014437679605508
23.07,-1.5100748547155152,-4.001855542072471
23.080000000000002,-1.5500259365286373,-3.9873787549804773
23.09,-1.5898224298151247,-3.9708678879767296
23.1,-1.629443294288172,-3.9521828134515067
23.11,-1.6688660860841549,-3.9311832014356956
23.12,-1.708066958316886,-3.9077290559743707
23.13,-1.7470206672036421,-3.8816812930268494
23.14,-1.7857005841774227,-3.852902359495676
23.150000000000002,-1.8240787143935555,-3.8212568924911023
23.16,-1.8621257220272447,-3.786612417395356
23.17,-1.8998109627414625,-3.7488400827049717
23.18,-1.937102523681344,-3.707815429003584
23.19,-1.9739672713215342,-3.6634191887571133
23.2,-2.010370907456486,-3.6155381129349218
23.21,-2.0462780335802324,-3.564065819752448
23.22,-2.0816522238515347,-3.508903660112785
23.23,-2.116456106782488,-3.449961593607842
23.240000000000002,-2.150651455723692,-3.3871590682367594
23.25,-2.1841992881472234,-3.3204258963241036
23.26,-2.217059973650174,-3.249703118488134
23.27,-2.249193350516986,-3.174943846936113
23.28,-2.2805588505888963,-3.096114078865832
23.29,-2.311115632094303,-3.013193470347143
23.3,-2.3408227199958396,-2.9261760607609997
23.31,-2.3696391533095236,-2.835070937702492
23.32,-2.3975241387498896,-2.7399028322235535
23.330000000000002,-2.4244372099539944,-2.6407126344138656
23.34,-2.4503383914381667,-2.5375578196061497
23.35,-2.475188366346117,-2.4305127759530416
23.36,-2.4989486469572277,-2.319669024762433
23.37,-2.521581746841366,-2.2051353257981328
23.38,-2.5430513534731904,-2.0870376607506143
23.39,-2.5633225000563784,-1.9655190892517245
23.400000000000002,-2.5823617352582247,-1.840739473136274
23.41,-2.6001372895191035,-1.7128750661266419
23.42,-2.6166192365807572,-1.5821179677135766
23.43,-2.631779648873375,-1.4486754417027892
23.44,-2.6455927454148127,-1.3127691016643486
23.45,-2.6580350309066616,-1.1746339673287314
23.46,-2.6690854247613873,-1.034517397785474
23.47,-2.6787253788623713,-0.8926779091218452
23.48,-2.6869389829438246,-0.7493838858530868
23.490000000000002,-2.693713056579433,-0.6049121971061
23.5,-2.6990372268859466,-0.4595467299897003
23.51,-2.702903991179227,-0.31357685388379675
23.52,-2.705308763963622,-0.16729583047738786
23.53,-2.7062499077887745,-0.020999185255661745
23.54,-2.705728747668735,0.1250169432406821
23.55,-2.7037495689239606,0.2704574597002547
23.56,-2.70031959847473,0.4150299570966815
23.57,-2.695448969782027,0.5584463339253349
23.580000000000002,-2.6891506717962232,0.7004243674833092
23.59,-2.681440482432361,0.8406892277648369
23.6,-2.6723368872409266,0.9789749174954967
23.61,-2.661860984082451,1.1150256249986326
23.62,-2.650036374740954,1.2485969779494166
23.63,-2.6368890445234623,1.3794571875950208
23.64,-2.6224472309890534,1.5073880746695738
23.650000000000002,-2.606741283030071,1.6321859699741699
23.66,-2.58980351158957,1.7536624843884998
23.67,-2.571668033342301,1.8716451448951663
23.68,-2.552370608691667,1.9859778949950373
23.69,-2.531948475442401,2.096521459638723
23.7,-2.510440179498893,2.2031535764648975
23.71,-2.4878854039131033,2.305769096693657
23.72,-2.46432479756502,2.4042799604493243
23.73,-2.439799804704117,2.4986150525633164
23.740000000000002,-2.414352496513754,2.5887199460196477
23.75,-2.3880254057837242,2.6745565411436867
23.76,-2.3608613656908806,2.7561026093936962
23.77,-2.3329033535958503,2.8333512511935353
23.78,-2.3041943406670096,2.9063102776466208
23.79,-2.2747771480429178,2.975001526202346
23.8,-2.2446943101429624,3.039460120416084
23.81,-2.213987945634596,3.0997336838647493
23.82,-2.1826996364656677,3.1558815180655864
23.830000000000002,-2.150870315273284,3.207973753911902
23.84,-2.1185401613874295,3.2560904857022197
23.85,-2.0857485055592395,3.300320896315618
23.86,-2.052533743461117,3.340762381492692
23.87,-2.018933257929386,3.377519680535048
23.88,-1.9849833498504161,3.410704020052255
23.89,-1.9507191775283408,3.44043227667846
23.900000000000002,-1.9161747043168469,3.4668261639649423
23.91,-1.881382654249042,3.4900114479419035
23.92,-1.846374475358009,3.510117195143478
23.93,-1.8111803103461726,3.5272750562134814
23.94,-1.7758289742337394,3.5416185875634922
23.95,-1.7403479385949028,3.5532826129456754
23.96,-1.704763321974826,3.562402626235091
23.97,-1.669099886070201,3.5691142361935655
23.98,-1.6333810372509547,3.573552653511746
23.990000000000002,-1.5976288329999662,3.575852219998901
24.0,-1.5618639928509768,3.5761459794115202
24.01,-1.5261059134117358,3.5745652890811623
24.02,-1.4903726870693537,3.571239471217952
24.03,-1.454681123987377,3.5662955025266854
24.04,-1.41904677701882,3.55985774057529
24.05,-1.383483969175871,3.552047685197665
24.060000000000002,-1.3480058233148666,3.5429837730916947
24.07,-1.312624293714037,3.532781203685409
24.080000000000002,-1.2773501992411584,3.5215517942865575
24.09,-1.2421932578283061,3.509403862500169
24.1,-1.2071621219911552,3.4964421338917195
24.11,-1.172264415150472,3.482767672887346
24.12,-1.1375067685334084,3.468477834934132
24.13,-1.1028948584517893,3.45366623799016
24.14,-1.0684334437736054,3.4384227514731127
24.150000000000002,-1.0341264034223272,3.4228335008654263
24.16,-0.9999767737562969,3.406980886251102
24.17,-0.9659867856973052,3.390943613142363
24.18,-0.9321579014934498,3.3747967340416034
24.19,-0.8984908510164732,3.3586116992740154
24.2,-0.8649856675079695,3.3424564157174745
24.21,-0.8316417227021237,3.3263953121476044
24.22,-0.7984577612650173,3.3104894100063804
24.23,-0.7654319345019961,3.2947963984913655
24.240000000000002,-0.7325618332951901,3.2793707129489693
24.25,-0.6998445202430167,3.264263615638469
24.26,-0.6672765609824207,3.2495232780134438
24.27,-0.6348540546827479,3.2351948637434726
24.28,-0.6025726637075512,3.221320611771146
24.29,-0.5704276424473249,3.207939918767545
24.3,-0.5384138653322004,3.1950894204132223
24.310000000000002,-0.5065258540390605,3.182803070991421
24.32,-0.47475780391237193,3.1711122208357625
24.330000000000002,-0.44310360962234524,3.160045691226087
24.34,-0.4115568900878502,3.1496298463735926
24.35,-0.38011101269487335,3.1398886621801108
24.36,-0.34875911684424793,3.1308437914963925
24.37,-0.3174941368649455,3.1225146256409317
24.38,-0.2863088243314293,3.1149183519742802
24.39,-0.25519576982545983,3.1080700073542604
24.400000000000002,-0.22414742418434402,3.1019825273252155
24.41,-0.1931561192789555,3.096666790919639
24.42,-0.16221408836595125,3.0921316609735148
24.43,-0.1313134860594852,3.0883840198776475
24.44,-0.10044640796839828,3.085428800706477
24.45,-0.06960491004535567,3.083269013683557
24.46,-0.038781027694727147,3.0819057679593054
24.47,-0.007966794686169561,3.0813382886920246
24.48,0.022845738079113345,3.081563929437793
24.490000000000002,0.053664483902586296,3.0825781798688867
24.5,0.08449730167649107,3.0843746688541103
24.51,0.11535197727966849,3.0869451629480573
24.52,0.14623620493545222,3.0902795603500817
24.53,0.17715756848667014,3.0943658804078873
24.54,0.20812352254360997,3.099190248755331
24.55,0.23914137346177677,3.1047368781895086
24.560000000000002,0.27021826010740013,3.1109880454086727
24.57,0.3013611343699502,3.1179240637501997
24.580000000000002,0.3325767413824041,3.1255232520869
24.59,0.3638715994116882,3.133761900060637
24.6,0.39525197938361684,3.142614229854669
24.61,0.42672388400878153,3.152052354730555
24.62,0.4582930264782279,3.162046234581992
24.63,0.48996480870042136,3.1725636287868024
24.64,0.521744299053964,3.1835700466695354
24.650000000000002,0.5536362096338121,3.1950286959209664
24.66,0.5856448729723833,3.2069004293572476
24.67,0.6177742182209571,3.219143690440667
24.68,0.6500277467811967,3.231714458025975
24.69,0.6824085073814766,3.2445661908410286
24.7,0.7149190705980173,3.2576497722581075
24.71,0.7475615028266388,3.270913455962552
24.72,0.7803373397172684,3.2843028131783054
24.73,0.813247559090205,3.297760682165291
24.740000000000002,0.8462925533605743,3.311227120761123
24.75,0.8794721015054275,3.3246393627991013
24.76,0.9127853406165564,3.3379317792954164
24.77,0.9462307370913358,3.3510358453604963
24.78,0.9798060575237661,3.36388011385191
24.79,1.013508339368374,3.376390196848542
24.8,1.047333861460737,3.3884887560870616
24.810000000000002,1.0812781144901151,3.400095503561168
24.82,1.1153357715319603,3.4111272135406687
24.830000000000002,1.1495006587609284,3.4214977473199855
24.84,1.18376572647836,3.431118092052948
24.85,1.2181230206019875,3.4398964150712845
24.86,1.2525636547797856,3.447738135116547
24.87,1.287077783304318,3.454546011937664
24.88,1.3216545750185387,3.4602202557171022
24.89,1.3562821884186602,3.4646586577859044
24.900000000000002,1.390947748174257,3.4677567440696415
24.91,1.4256373233000532,3.4694079526716037
24.92,1.4603359072276891,3.4695038369442437
24.93,1.495027400038938,3.467934295322926
24.94,1.5296945931341477,3.464587829095392
24.95,1.564319156620846,3.459351829154039
24.96,1.5988816297172286,3.4521128926243403
24.97,1.633361414473333,3.4427571700798167
24.98,1.667736773118825,3.431170743840549
24.990000000000002,1.7019848293501438,3.41724003760723
25.0,1.7360815738709696,3.4008522574055013
25.01,1.770001874498254,3.3818958635056444
25.02,1.8037194911410823,3.360261072640918
25.03,1.8372070959510722,3.3358403894749875
25.04,1.870436298930582,3.308529165866636
25.05,1.903377679268405,3.278226186050789
25.060000000000002,1.936000822651598,3.2448342754021198
25.07,1.9682743647764473,3.2082609299753595
25.080000000000002,2.0001660412511053,3.168418963530028
25.09,2.031642744047048,3.125227168252716
25.1,2.0626705846161593,3.078610984894286
25.11,2.0932149637449333,3.0285031775503515
25.12,2.123240648167166,2.974844507839842
25.13,2.1527118539017303,2.9175844027879205
25.14,2.1815923362229244,2.856681610306066
25.150000000000002,2.2098454861078514,2.792104835794322
25.16,2.2374344329388105,2.7238333530794208
25.17,2.2643221531694393,2.6518575826585105
25.18,2.2904715845919803,2.5761796300521924
25.19,2.315845745770483,2.496813776992622
25.2,2.3404078601318328,2.413786918191767
25.21,2.3641214841343183,2.3271389365597273
25.22,2.3869506388630275,2.2369230099799235
25.23,2.408859944333917,2.143205843101839
25.240000000000002,2.4298147557250647,2.0460678180856724
25.25,2.449781300695631,1.9456030588271764
25.26,2.4687268169016083,1.8419194039030335
25.27,2.4866196887736915,1.7351382843025491
25.28,2.503429582587659,1.6253945029426027
25.29,2.5191275788325433,1.512835913989224
25.3,2.5336863008674437,1.3976230011176314
25.310000000000002,2.547080038854896,1.2799283550172402
25.32,2.5592848679677886,1.1599360516708002
25.330000000000002,2.5702787598883123,1.0378409341872028
25.34,2.580041686651533,0.9138478022237313
25.35,2.588555715932787,0.788170514272599
25.36,2.595805096936985,0.6610310092849467
25.37,2.601776336118486,0.532658255239463
25.38,2.606458262041774,0.4032871333095174
25.39,2.609842078784676,0.2731572672204755
25.400000000000002,2.611921407386183,0.14251180819788561
25.41,2.6126923149486334,0.011596186570130507
25.42,2.6121533311175855,-0.11934315840848772
25.43,2.6103054517804636,-0.2500600586174498
25.44,2.6071521299452365,-0.38030989496378975
25.45,2.602699253881188,-0.5098508610915329
25.46,2.596955112723406,-0.6384452011003107
25.47,2.589930349859182,-0.7658604098554886
25.48,2.5816379045262963,-0.8918703850293259
25.490000000000002,2.572092942158595,-1.016256520726051
25.5,2.5613127741117756,-1.1388087333978583
25.51,2.5493167674906387,-1.2593264117354865
25.52,2.536126245877066,-1.3776192832957355
25.53,2.521764381824724,-1.4935081917868667
25.54,2.5062560820413284,-1.6068257801480705
25.55,2.489627866221762,-1.7174170758074334
25.560000000000002,2.4719077405251797,-1.8251399757606044
25.57,2.45312506670655,-1.9298656303569635
25.580000000000002,2.43331042791804,-2.031478725890096
25.59,2.412495492188748,-2.1298776672451583
25.6,2.390712874573137,-2.2249746629397884
25.61,2.367995998929952,-2.316695715892539
25.62,2.3443789602552862,-2.404980524151061
25.63,2.319896388446931,-2.4897822966018754
25.64,2.294583314323249,-2.5710674893578593
25.650000000000002,2.268475038659774,-2.648815469074573
25.66,2.241607004941758,-2.7230181098811057
25.67,2.214014676462152,-2.7936793309263765
25.68,2.1857334183232306,-2.860814581741369
25.69,2.156798384827325,-2.9244502827070558
25.7,2.1272444126690893,-2.984623227903975
25.71,2.0971059202692457,-3.041379957511044
25.72,2.066416813518869,-3.0947761067278816
25.73,2.0352103981346885,-3.1448757379268812
25.740000000000002,2.0035192987603314,-3.1917506624093193
25.75,1.971375384886502,-3.2354797577547454
25.76,1.9388097036052365,-3.276148286325546
25.77,1.905852419159991,-3.313847220029361
25.78,1.8725327592046492,-3.3486725759608915
25.79,1.838878967640773,-3.3807247670508294
25.8,1.8049182638636325,-3.410107971351661
25.810000000000002,1.7706768082137399,-3.4369295230955874
25.82,1.736179673401721,-3.4612993281754547
25.830000000000002,1.701450821650231,-3.4833293062311856
25.84,1.6665130872770975,-3.50313286107659
25.85,1.6313881644286994,-3.5208243807785053
25.86,1.5960965996615275,-3.5365187683050463
25.87,1.5606577890625986,-3.5503310032945197
25.88,1.5250899795956372,-3.5623757351627865
25.89,1.489410274359343,-3.572766907465271
25.900000000000002,1.453634641446332,-3.581617413160635
25.91,1.4177779260961305,-3.589038780185975
25.92,1.3818538658426125,-3.5951408865474788
25.93,1.3458751083651808,-3.600031703954611
25.94,1.30985323176352,-3.6038170688786093
25.95,1.2737987669876085,-3.6066004797956652
25.96,1.2377212221676068,-3.608482919279761
25.97,1.2016291086020134,-3.60956269953774
25.98,1.165529968176852,-3.6099353299277657
25.990000000000002,1.129430402003458,-3.609693404969803
26.0,1.093336100077456,-3.6089265113410773
26.01,1.0572518717766364,-3.6077211523486366
26.02,1.0211816770304831,-3.60616068838324
26.03,0.9851286580089715,-3.604325291881982
26.04,0.9490951711928435,-3.6022919153596122
26.05,0.9130828197017793,-3.6001342711088467
26.060000000000002,0.8770924857706666,-3.5979228212165837
26.07,0.8411243632774477,-3.5957247765945213
26.080000000000002,0.8051779902387761,-3.593604103778008
26.09,0.7692522812018875,-3.591621538304968
26.1,0.7333455594726768,-3.5898346035464668
26.11,0.6974555891309581,-3.5882976339211288
26.12,0.6615796067942541,-3.587061801486455
26.13,0.6257143531012289,-3.586175144960519
26.14,0.5898561038950436,-3.585682600287092
26.150000000000002,0.554000701095487,-3.585626031915509
26.16,0.5181435832567335,-3.5860442640233146
26.17,0.4822798158150208,-3.5869731109646232
26.18,0.446404121037441,-3.5884454062801106
26.19,0.4105109076894185,-3.590491029655512
26.2,0.37459430044433073,-3.5931369312644583
26.21,0.33864816906412937,-3.596407152978438
26.22,0.302666157384762,-3.6003228459717707
26.23,0.26664171214469395,-3.604902284292837
26.240000000000002,0.23056811169890523,-3.610160874014608
26.25,0.1944384946644018,-3.6161111576180023
26.26,0.15824588854654523,-3.6227628133009984
26.27,0.12198323839838185,-3.6301226489450436
26.28,0.08564343556764435,-3.6381945905084447
26.29,0.04921934658821294,-3.6469796646544252
26.3,0.01270384227455584,-3.6564759754597507
26.310000000000002,-0.023910172920982072,-3.6666786750886535
26.32,-0.06062973122721722,-3.6775799283565958
26.330000000000002,-0.09746177148811398,-3.6891688711496324
26.34,-0.13441310865020986,-3.701431562708183
26.35,-0.17149040274227761,-3.714350931829328
26.36,-0.2087001272867964,-3.7279067170897497
26.37,-0.2460485370840726,-3.7420754012425803
26.38,-0.283541635311648,-3.7568301399961483
26.39,-0.32118513988399555,-3.7721406854413493
26.400000000000002,-0.358984449020475,-3.787973304457548
26.41,-0.3969446059731465,-3.8042906924949422
26.42,-0.4350702628703738,-3.8210518832045715
26.43,-0.473365643637238,-3.8382121544659835
26.44,-0.5118345059596935,-3.855722931447277
26.45,-0.5504801022661835,-3.8735316874230983
26.46,-0.5893051397081553,-3.891581843173318
26.47,-0.6283117391296498,-3.90981266588873
26.48,-0.66750139302593,-3.9281591686201245
26.490000000000002,-0.7068749225020523,-3.9465520114234534
26.5,-0.7464324332543991,-3.964917405476263
26.51,-0.7861732706115776,-3.9831770215687246
26.52,-0.8260959736857737,-4.00124790450589
26.53,-0.8661982287016955,-4.019042395095482
26.54,-0.9064768215876834,-4.036468061536603
26.55,-0.9469275899324275,-4.0534276421679865
26.560000000000002,-0.9875453744310431,-4.069819001678341
26.57,-1.0283239699659943,-4.085535103024102
26.580000000000002,-1.069256076491525,-4.100463997439498
26.59,-1.1103332499147844,-4.114488835057675
26.6,-1.1515458531926788,-4.127487898787084
26.61,-1.1928830078905261,-4.139334664201039
26.62,-1.2343325464766997,-4.149897888296993
26.63,-1.275880965656466,-4.1590417300615705
26.64,-1.317513381077931,-4.166625905833581
26.650000000000002,-1.3592134837731376,-4.172505882485463
26.66,-1.40096349872764,-4.176533111439018
26.67,-1.4427441460019177,-4.178555306488712
26.68,-1.4845346048574142,-4.1784167683198845
26.69,-1.5263124813683155,-4.17595875847457
26.7,-1.5680537800269057,-4.171019925328737
26.71,-1.6097328798748902,-4.163436784396441
26.72,-1.6513225157148343,-4.153044254963481
26.73,-1.6927937649741598,-4.139676254671269
26.740000000000002,-1.7341160408082597,-4.123166353216611
26.75,-1.7752570920384918,-4.103348485802089
26.76,-1.8161830105243013,-4.080057726362517
26.77,-1.856858246565742,-4.053131119904984
26.78,-1.8972456329224008,-4.022408572533977
26.79,-1.9373064180164214,-3.987733796891771
26.8,-1.9770003088602361,-3.948955309832284
26.810000000000002,-2.016285524213067,-3.9059274781708098
26.82,-2.0551188584236524,-3.858511607321903
26.830000000000002,-2.093455756359505,-3.8065770665649916
26.84,-2.131250399754952,-3.75000244357671
26.85,-2.168455805231039,-3.6886767197576757
26.86,-2.205023934150105,-3.62250045677939
26.87,-2.2409058143666267,-3.5513869837064225
26.88,-2.2760516738242336,-3.4752635730346486
26.89,-2.3104110858273197,-3.3940725930543523
26.900000000000002,-2.3439331256853206,-3.307772623125261
26.91,-2.3765665382898247,-3.2163395177675
26.92,-2.4082599160406706,-3.1197674049565056
26.93,-2.438961886388955,-3.0180696036888905
26.94,-2.468621308114449,-2.9112794457860733
26.95,-2.4971874753046768,-2.7994509870466167
26.96,-2.5246103278553815,-2.682659593266371
26.97,-2.5508406671700046,-2.561002387332879
26.98,-2.5758303756020395,-2.434598544576617
26.990000000000002,-2.5995326380615373,-2.3035894248297324
27.0,-2.621902164098634,-2.1681385311990216
27.01,-2.642895408685518,-2.0284312873923813
27.02,-2.6624707898464823,-1.8846746275272084
27.03,-2.6805889012360624,-1.7370963946675548
27.04,-2.6972127177398333,-1.5859445468487101
27.05,-2.7123077921730365,-1.4314861720103522
27.060000000000002,-2.72584244118004,-1.2740063160230428
27.07,-2.7377879184934972,-1.1138066308027192
27.080000000000002,-2.748118573796095,-0.9512038523049642
27.09,-2.756811995539597,-0.7865281209137721
27.1,-2.7638491362143704,-0.6201211593260909
27.11,-2.769214418726119,-0.45233432542266194
27.12,-2.7728958227228238,-0.28352655974977614
27.13,-2.7748849499211143,-0.11406224906271012
27.14,-2.7751770677040777,0.055690971146171137
27.150000000000002,-2.7737711304981905,0.22536445113095183
27.16,-2.7706697786814583,0.39459077372234175
27.17,-2.7658793150237435,0.5630059886147613
27.18,-2.759409658909163,0.7302518094383275
27.19,-2.751274278834977,0.8959777495982687
27.2,-2.7414901039171977,1.0598431739386691
27.21,-2.7300774153562033,1.2215192447539869
27.22,-2.7170597190221177,1.3806907424930823
27.23,-2.7024636005063414,1.537057743630702
27.240000000000002,-2.6863185641495035,1.6903371405678014
27.25,-2.6686568576949856,1.8402639910070002
27.26,-2.649513284329364,1.9865926869719184
27.27,-2.6289250039555476,2.129097936436954
27.28,-2.606931325600625,2.2675755533457433
27.29,-2.5835734928886325,2.4018430545629847
27.3,-2.558894464509365,2.5317400649705037
27.310000000000002,-2.5329386915892225,2.6571285344347757
27.32,-2.5057518938206695,2.777892772696503
27.330000000000002,-2.4773808361352923,2.8939393103275797
27.34,-2.4478731076141176,3.0051965957389477
27.35,-2.417276904220513,3.1116145397846786
27.36,-2.385640816818424,3.2131639207813003
27.37,-2.353013625804887,3.3098356637428124
27.38,-2.3194441035435673,3.4016400083240237
27.39,-2.284980825638406,3.488605580377266
27.400000000000002,-2.2496719919360224,3.5707783821752135
27.41,-2.213565257994902,3.6482207162551377
27.42,-2.176707577610919,3.721010057520782
27.43,-2.139145056844486,3.7892378877231345
27.44,-2.1009228198564567,3.8530085057583845
27.45,-2.0620848867293184,3.912437826398803
27.46,-2.0226740633284805,3.9676521791386254
27.47,-1.9827318431465462,4.018787117820035
27.48,-1.9422983209720799,4.0659862506304325
27.490000000000002,-1.9014121181339374,4.109400098955963
27.5,-1.8601103189929604,4.149184992460129
27.51,-1.8184284182847346,4.1855020066501964
27.52,-1.7764002788599564,4.218515948115343
27.53,-1.7340580993224277,4.248394391583721
27.54,-1.6914323910282818,4.275306771962828
27.55,-1.648551963883171,4.299423533608164
27.560000000000002,-1.6054439203561184,4.320915338216119
27.57,-1.5621336571188484,4.339952331963115
27.580000000000002,-1.518644873716856,4.356703471816816
27.59,-1.474999587682512,4.3713359103278
27.6,-1.4312181555103,4.384014437670565
27.61,-1.3873192989291008,4.394900979239372
27.62,-1.3433201359255125,4.4041541467139655
27.63,-1.2992362159948214,4.4119288401888985
27.64,-1.2550815591217346,4.418375898703411
27.650000000000002,-1.210868698020753,4.423641796311612
27.66,-1.1666087231955022,4.427868380689809
27.67,-1.122311330406957,4.431192651183865
27.68,-1.077984870171825,4.433746573148997
27.69,-1.0336363989439772,4.435656925422177
27.7,-0.9892717316633816,4.4370451777882325
27.71,-0.9448954953882125,4.438027395349875
27.72,-0.9005111837563841,4.438714166784857
27.73,-0.8561212120525152,4.439210553565951
27.740000000000002,-0.8117269726850649,4.439616057327679
27.75,-0.7673288909059616,4.440024602684334
27.76,-0.7229264806313782,4.440524532933684
27.77,-0.6785184002472879,4.441198616217183
27.78,-0.6341025083070346,4.442124059848357
27.79,-0.5896759190503208,4.443372530664144
27.8,-0.5452350576937517,4.445010179397968
27.810000000000002,-0.5007757154623614,4.447097667216758
27.82,-0.4562931043494165,4.4496901927060835
27.830000000000002,-0.41178191160823974,4.4528375177274135
27.84,-0.3672363539948682,4.456583990708546
27.85,-0.32265023179406876,4.460968566062548
27.86,-0.27801698267361724,4.466024818561821
27.87,-0.2333297354228324,4.471780951622416
27.88,-0.18858136364116893,4.478259798579856
27.89,-0.14376453945123527,4.485478816161757
27.900000000000002,-0.09887178731793378,4.493450069485285
27.91,-0.053895538061529566,4.502180208029479
27.92,-0.008828183157344197,4.511670432154621
27.93,0.03633787058156286,4.521916449863946
27.94,0.08161014583993473,4.53290842362809
27.95,0.12699603905412465,4.544630907220678
27.96,0.1725027639843483,4.557062772645485
27.97,0.21813729450703437,4.570177127372633
27.98,0.26390630653180097,4.583941222244427
27.990000000000002,0.3098161189519229,4.598316350561694
28.0,0.35587263354303483,4.613257739019893
28.01,0.4020812737323208,4.628714431331723
28.02,0.4484469221696693,4.644629165550355
28.03,0.4949738570433279,4.660938246295497
28.04,0.5416656870955793,4.67757141328382
28.05,0.5885252853090043,4.69445170777632
28.060000000000002,0.6355547212511057,4.7114953387780645
28.07,0.6827551920845656,4.728611551060506
28.080000000000002,0.7301269522723157,4.745702497322646
28.09,0.7776692420310185,4.76266311706416
28.1,0.825380214613599,4.779381025009862
28.11,0.8732568625312158,4.795736412199074
28.12,0.9212949428575805,4.81160196313328
28.13,0.9694889017938815,4.826842792658141
28.14,1.0178317987107435,4.841316406538083
28.150000000000002,1.0663152299246432,4.854872689959083
28.16,1.114929252509925,4.8673539284629435
28.17,1.163662308493902,4.8785948660686165
28.18,1.2125011498312972,4.8884228055662815
28.19,1.2614307646052274,4.896657756170447
28.2,1.3104343049547063,4.903112633880922
28.21,1.359493017282846,4.907593520015833
28.22,1.408586175355023,4.909899983438944
28.23,1.4576910169516248,4.909825471993471
28.240000000000002,1.5067826847948924,4.9071577785651295
28.25,1.5558341725229274,4.901679587016364
28.26,1.6048162765352196,4.893169102949642
28.27,1.6536975545819204,4.88140077385836
28.28,1.702444292012387,4.8661461026977015
28.29,1.7510204766358746,4.847174558243978
28.3,1.7993877831772664,4.824254584799939
28.310000000000002,1.847505568331873,4.797154712837483
28.32,1.895330877434016,4.765644771042538
28.330000000000002,1.942818463752724,4.729497198936951
28.34,1.9899208214127553,4.688488457799788
28.35,2.03658823290872,4.642400536000432
28.36,2.082768832132764,4.591022543097772
28.37,2.1284086837706755,4.53415238516851
28.38,2.1734518798361346,4.471598511823664
28.39,2.217840654007149,4.403181723282343
28.400000000000002,2.2615155143017818,4.328737023728796
28.41,2.304415394481725,4.248115505021757
28.42,2.346477824402217,4.161186242699779
28.43,2.387639119335721,4.067838184183439
28.44,2.4278345880858856,3.967982007171209
28.45,2.4669987594791447,3.861551924520188
28.46,2.505065626576289,3.7485074104582763
28.47,2.54196890768831,3.628834821853954
28.48,2.577642323013368,3.5025488875358213
28.490000000000002,2.612019885439026,3.369694038365292
28.5,2.645036203780674,3.2303455509754686
28.51,2.6766267964585357,3.0846104788422535
28.52,2.7067284133575185,2.93262834568447
28.53,2.735279363372225,2.7745715781194207
28.54,2.762219844919907,2.610645657034917
28.55,2.787492276512923,2.4410889702674305
28.560000000000002,2.8110416243252554,2.2661723528692965
28.57,2.8328157235703086,2.086198305457621
28.580000000000002,2.852765590434408,1.90149988579634
28.59,2.8708457212862357,1.7124392737852627
28.6,2.887014375910113,1.5194060153137294
28.61,2.9012338415925103,1.322814955865328
28.62,2.9134706750274195,1.1231038802064714
28.63,2.9236959191966396,0.9207308798208476
28.64,2.931885292623836,0.7161714748262125
28.650000000000002,2.938019348693164,0.5099155217940105
28.66,2.9420836030597166,0.3024639430568625
28.67,2.944068627554301,0.09432531661664928
28.68,2.94397010939205,-0.11398763144465221
28.69,2.9417888749254084,-0.3219615881793748
28.7,2.9375308776284625,-0.5290862236495936
28.71,2.9312071504524164,-0.7348577243171872
28.72,2.9228337231421184,-0.9387822455354389
28.73,2.9124315055417074,-1.1403792403561408
28.740000000000002,2.9000261383349955,-1.339184624338949
28.75,2.8856478130549283,-1.5347537392958575
28.76,2.8693310635490783,-1.726664082829323
28.77,2.8511145313983417,-1.9145177750162126
28.78,2.831040708048754,-2.0979437385264355
28.79,2.809155656627813,-2.276599573711199
28.8,2.78550871657453,-2.450173115613878
28.810000000000002,2.760152194315536,-2.618383665310055
28.82,2.733141043268329,-2.780982893341521
28.830000000000002,2.7045325364487054,-2.937755418150598
28.84,2.674385934905317,-3.0885190672379124
28.85,2.642762155103947,-3.2331248331661944
28.86,2.609723438241993,-3.3714565404400765
28.87,2.5753330242951455,-3.5034302426512838
28.88,2.5396548333889677,-3.6289933720530954
28.89,2.5027531568540837,-3.74812366589941
28.900000000000002,2.464692360070979,-3.8608278954514934
28.91,2.4255365989450532,-3.9671404245349566
28.92,2.38534955158028,-4.067121624950019
28.93,2.344194166446053,-4.16085617594068
28.94,2.302132428061466,-4.248451274363222
28.95,2.2592251409587885,-4.330034781218382
28.96,2.2155317324370984,-4.405753328885665
28.97,2.171110074381075,-4.475770411785757
28.98,2.1260163242013834,-4.540264481360741
28.990000000000002,2.08030478475386,-4.5994270642630255
29.0,2.0340277829161226,-4.653460920540195
29.01,1.987235566343056,-4.7025782564476115
29.02,1.9399762177871702,-4.74699900436129
29.03,1.8922955862558304,-4.786949180142076
29.04,1.8442372341843287,-4.8226593262540245
29.05,1.7958423997307498,-4.854363046994183
29.060000000000002,1.747149973244445,-4.882295640370819
29.07,1.6981964869233335,-4.906692829489391
29.080000000000002,1.6490161166546573,-4.9277895947820936
29.09,1.5996406950276916,-4.945819107054128
29.1,1.5500997345135745,-4.961011760120448
29.11,1.5004204598252824,-4.973594300769261
29.12,1.4506278484981892,-4.983789052908482
29.13,1.4007446787671125,-4.9918132320217765
29.14,1.3507915838577536,-4.997878345472844
29.150000000000002,1.3007871118576555,-5.002189673739827
29.16,1.250747790382957,-5.0049458273249865
29.17,1.200688195311156,-5.006338373856187
29.18,1.1506210229058333,-5.006551529764316
29.19,1.1005571647158696,-5.005761910872655
29.2,1.0505057846883803,-5.00413833625893
29.21,1.0004743979906912,-5.001841679837256
29.22,0.9504689510916351,-4.999024764245295
29.23,0.9004939027057851,-4.995832291802088
29.240000000000002,0.8505523052555933,-4.992400807515629
29.25,0.8006458865554725,-4.988858689358599
29.26,0.7507751314684213,-4.985326161288927
29.27,0.700939363329694,-4.981915324763076
29.28,0.6511368249731597,-4.978730204769059
29.29,0.6013647592343128,-4.9758668066889795
29.3,0.5516194888393802,-4.973413180583815
29.310000000000002,0.5018964956226364,-4.971449489773511
29.32,0.45219049904390984,-4.970048080861066
29.330000000000002,0.40249553400541505,-4.9692735526187075
29.34,0.3528050279915357,-4.969182821416467
29.35,0.3031118775770857,-4.969825181127974
29.36,0.2534085243689762,-4.9712423556950585
29.37,0.2036870304631845,-4.973468542772052
29.38,0.15393915351353513,-4.976530447103119
29.39,0.1041564215211221,-4.980447302512485
29.400000000000002,0.054330207463285415,-4.985230881609108
29.41,0.0044518038889399415,-4.990885492525563
29.42,-0.04548750238722585,-4.997407962227081
29.43,-0.09549635535560168,-5.004787606142436
29.44,-0.1455832545100746,-5.01300618408539
29.45,-0.19575647903730947,-5.022037842655345
29.46,-0.24602401136318144,-5.031849044530536
29.47,-0.2963934599279202,-5.042398485298182
29.48,-0.34687198106914513,-5.0536369987051275
29.490000000000002,-0.3974661999020228,-5.065507451461318
29.5,-0.44818213009837155,-5.077944628988223
29.51,-0.4990250924817873,-5.090875113776372
29.52,-0.549999632373899,-5.104217158301477
29.53,-0.6011094356478169,-5.117880554747758
29.54,-0.6523572434688543,-5.131766504100543
29.55,-0.7037447657298278,-5.145767487497713
29.560000000000002,-0.7552725932188085,-5.159767143070568
29.57,-0.8069401085912391,-5.173640151858018
29.580000000000002,-0.8587453962559688,-5.18725213674165
29.59,-0.9106851513260721,-5.200459578720756
29.6,-0.9627545878303838,-5.21310975522215
29.61,-1.014947346430515,-5.2250407055152435
29.62,-1.0672554019406886,-5.236081228672921
29.63,-1.1196689710039733,-5.2460509198766765
29.64,-1.1721764203382223,-5.254760251202516
29.650000000000002,-1.2247641760280237,-5.262010703333315
29.66,-1.2774166344048885,-5.2675949549133865
29.67,-1.3301160751262913,-5.271297136480435
29.68,-1.382842577134497,-5.272893156066079
29.69,-1.4355739382476127,-5.272151103634694
29.7,-1.4882855992071908,-5.268831741516495
29.71,-1.5409505730779427,-5.262689087868612
29.72,-1.5935393809645633,-5.253471099950844
29.73,-1.6460199950769598,-5.240920463614061
29.740000000000002,-1.6983577902368445,-5.224775494852018
29.75,-1.750515504974,-5.204771158545668
29.76,-1.8024532134077578,-5.180640208617833
29.77,-1.8541283091463567,-5.15211445270242
29.78,-1.9054955024618063,-5.1189261431056465
29.79,-1.9565068320084698,-5.080809494290095
29.8,-2.0071116923476082,-5.037502325343112
29.810000000000002,-2.057256878515332,-4.9887478239017
29.82,-2.106886648825642,-4.934296425805321
29.830000000000002,-2.155942807031438,-4.873907802351677
29.84,-2.2043648048726756,-4.807352944462085
29.85,-2.2520898659206803,-4.734416330354557
29.86,-2.299053131479767,-4.6548981605149855
29.87,-2.3451878291309796,-4.568616640900096
29.88,-2.3904254642977687,-4.475410292458975
29.89,-2.4346960349801594,-4.375140262290916
29.900000000000002,-2.477928269543587,-4.267692609141158
29.91,-2.5200498871629824,-4.152980533554729
29.92,-2.5609878802146815,-4.030946520948143
29.93,-2.600668817581945,-3.90156436420777
29.94,-2.639019167498837,-3.7648410312701395
29.95,-2.675965638207348,-3.620818342567817
29.96,-2.7114355343501932,-3.469574423311898
29.97,-2.7453571266735857,-3.311224896395284
29.98,-2.777660032278099,-3.145923783291738
29.990000000000002,-2.8082756023394206,-2.973864082728344
30.0,-2.8371373139326654,-2.795278000136123
30.01,-2.8641811623421427,-2.610436804923823
30.02,-2.889346050031142,-2.4196502974357745
30.03,-2.9125741682908584,-2.2232658729813086
30.04,-2.9338113674907684,-2.021667176468364
30.05,-2.9530075118202257,-1.8152723478188313
30.060000000000002,-2.970116814447145,-1.6045318653452891
30.07,-2.985098149127132,-1.389926001464751
30.080000000000002,-2.99791533447644,-1.1719619123358842
30.09,-3.00853738737385,-0.9511703900426133
30.1,-3.016938742277293,-0.728102312616318
30.11,-3.0230994336261765,-0.5033248333016122
30.12,-3.027005238943325,-0.2774173558482107
30.13,-3.0286477807431407,-0.05096734709273251
30.14,-3.0280245858851798,0.17543395845720475
30.150000000000002,-3.0251391015739966,0.4011959050151958
30.16,-3.020000667784876,0.6257327547656686
30.17,-3.012624446478683,0.8484679620005584
30.18,-3.0030313085448648,1.0688383255626266
30.19,-2.9912476799674304,1.2862979656028246
30.2,-2.977305349232808,1.5003220743642167
30.21,-2.961241238480146,1.7104103954132275
30.22,-2.9430971413245435,1.9160903913074474
30.23,-2.922919430653997,2.116920065952164
30.240000000000002,-2.9007587400055006,2.3124904146732916
30.25,-2.8766696223605317,2.5024274821316244
30.26,-2.8507101903628684,2.6863940154297365
30.27,-2.8229417420519374,2.864090706931012
30.28,-2.793428376224248,3.0352570282443794
30.29,-2.7622366014870496,3.1996716633695317
30.3,-2.7294349429568574,3.35715255500842
30.310000000000002,-2.6950935503868814,3.507556583416981
30.32,-2.659283811288518,3.6507789018105505
30.330000000000002,-2.62207797235067,3.786751956188779
30.34,-2.5835487721647423,3.9154442204799347
30.35,-2.5437690879410715,4.036858680114675
30.36,-2.502811598562449,4.151031098543756
30.37,-2.4607484659701964,4.258028101851272
30.38,-2.4176510365254233,4.357945116540735
30.39,-2.3735895636393813,4.450904194854974
30.400000000000002,-2.3286329526283236,4.537051760711746
30.41,-2.2828485284251467,4.616556307580668
30.42,-2.2363018264767107,4.689606077481935
30.43,-2.1890564068755083,4.75640674784155
30.44,-2.14117369151988,4.817179150276776
30.45,-2.092712823869973,4.872157042589691
30.46,-2.0437305506680863,4.921584952389612
30.47,-1.9942811248221808,4.965716107912621
30.48,-1.9444162285098339,5.004810468815405
30.490000000000002,-1.8941849154458728,5.039132867039038
30.5,-1.8436335711690532,5.068951265305052
30.51,-1.7928058901397719,5.094535138451083
30.52,-1.7417428684000316,5.116153980658246
30.53,-1.6904828105266068,5.134075939681142
30.54,-1.6390613496064086,5.148566577471324
30.55,-1.5875114789771805,5.159887755087316
30.560000000000002,-1.5358635945046626,5.1682966385052165
30.57,-1.4841455462070763,5.174044820875581
30.580000000000002,-1.432382698087151,5.177377555903588
30.59,-1.3805979950890046,5.17853309634688
30.6,-1.3288120361602134,5.177742131113671
30.61,-1.277043152466731,5.175227314086419
30.62,-1.2253074898784848,5.171202877576775
30.63,-1.1736190949151954,5.1658743232189135
30.64,-1.1219900034141066,5.159438183114178
30.650000000000002,-1.070430331252912,5.152081844134683
30.66,-1.018948366531413,5.143983428462175
30.67,-0.9675506626836685,5.135311723667451
30.68,-0.916242132058064,5.126226155912448
30.69,-0.8650261395654195,5.116876800170505
30.7,-0.8139045960546539,5.107404421700357
30.71,-0.7628780511314125,5.097940543367424
30.72,-0.7119457851873056,5.088607533774503
30.73,-0.6611059004559224,5.079518711536763
30.740000000000002,-0.6103554109565702,5.070778461407782
30.75,-0.5596903312277667,5.06248235833015
30.76,-0.5091057637899672,5.054717295842532
30.77,-0.4585959853109161,5.047561615622783
30.78,-0.4081545314775116,5.041085235281903
30.79,-0.35777428060527805,5.035349771845445
30.8,-0.30744753604060265,5.030408658666914
30.810000000000002,-0.2571661074319398,5.02630725381184
30.82,-0.20692139096436588,5.023082938232012
30.830000000000002,-0.15670444866729955,5.020765202317714
30.84,-0.10650608691801158,5.019375719672826
30.85,-0.056316934273843,5.018928407204718
30.86,-0.0061275187739172265,5.019429470859558
30.87,0.04407165514334817,5.020877436565765
30.88,0.09429002995739809,5.023263166175511
30.89,0.1445369184668584,5.026569858418554
30.900000000000002,0.1948214271257692,5.0307730351059785
30.91,0.24515237916897797,5.035840513045619
30.92,0.29553823738668156,5.041732362357978
30.93,0.3459870264161375,5.04840085211297
30.94,0.39650625442894094,5.055790384445628
30.95,0.4471028341050501,5.06383741855444
30.96,0.49778300280002974,5.072470386240568
30.970000000000002,0.5485522418298614,5.081609600910908
30.98,0.5994151948182479,5.091167162243582
30.990000000000002,0.650375585074733,5.1010468590013165
31.0,0.7014361319982741,5.111144072776462
31.01,0.7525984665302622,5.121345685760438
31.02,0.8038630457134829,5.131529995949361
31.03,0.8552290664492493,5.141566643524734
31.04,0.9066943785839775,5.151316552481123
31.05,0.9582553974988718,5.160631891908595
31.060000000000002,1.0099070164221493,5.1693560616724294
31.07,1.0616425187323204,5.177323707561327
31.080000000000002,1.113453490573376,5.184360771292318
31.09,1.1653297341581668,5.190284581058736
31.1,1.2172591821945509,5.19490398857919
31.11,1.2692278139297506,5.198019558841146
31.12,1.3212195733713736,5.199423818922482
31.13,1.3732162903082004,5.198901572406679
31.14,1.4251976048195074,5.196230285969972
31.150000000000002,1.4771408960276,5.191180554698466
31.16,1.5290212159134768,5.1835166525758245
31.17,1.5808112290791163,5.172997174353238
31.18,1.6324811594005415,5.159375774657963
31.19,1.6839987445722757,5.142402009700223
31.2,1.7353291995945461,5.12182228628636
31.21,1.7864351902980031,5.0973809220257245
31.220000000000002,1.8372768180350607,5.068821319618318
31.23,1.8878116166903696,5.035887256920382
31.240000000000002,1.9379945631734685,4.9983242930996745
31.25,1.987778102552363,4.955881289608554
31.26,2.037112188965639,4.908312042923068
31.27,2.085944343410824,4.8553770240275
31.28,2.134219729446189,4.796845217479375
31.29,2.1818812477604115,4.732496050590096
31.3,2.2288696504579906,4.66212140082842
31.310000000000002,2.275123675776979,4.585527667033264
31.32,2.320580203798656,4.502537887451849
31.330000000000002,2.365174433526016,4.4129938850501444
31.34,2.4088400814996587,4.316758418033481
31.35,2.451509601886686,4.21371731113159
31.36,2.4931144277222903,4.10378154101541
31.37,2.533585232706994,3.986889247298218
31.38,2.5728522126682547,3.863007639008853
31.39,2.610845385487171,3.73213476528788
31.400000000000002,2.647494907974012,3.5943011184237403
31.41,2.6827314078556457,3.449571037285025
31.42,2.7164863287197125,3.2980438797780636
31.43,2.748692285451207,3.139854934215245
31.44,2.7792834274040175,2.9751760414531105
31.45,2.808195806280269,2.8042159023665536
31.46,2.8353677454513484,2.627220048662291
31.470000000000002,2.860740207253515,2.4444704591745654
31.48,2.88425715463484,2.256284808578627
31.490000000000002,2.9058659034250875,2.0630153408287075
31.5,2.925517461451414,1.8650473654793545
31.51,2.943166850734675,1.662797381262811
31.52,2.95877340907667,1.4567108377322011
31.53,2.972301067489319,1.2472595522869947
31.54,2.9837186001224105,1.0349388063092273
31.55,2.992999843615504,0.8202641502867166
31.560000000000002,3.000123883128145,0.6037679535142043
31.57,3.005075202685788,0.38599573908304297
31.580000000000002,3.007843797909806,0.16750234924597612
31.59,3.0084252496707076,-0.051152010254046004
31.6,3.006820757704725,-0.2694057957787052
31.61,3.0030371337551336,-0.4867001687330299
31.62,2.9970867543300646,-0.7024830029016789
31.63,2.9889874736970996,-0.9162128039822104
31.64,2.97876249825042,-1.1273624909498219
31.650000000000002,2.9664402238781036,-1.3354229917563218
31.66,2.952054038415294,-1.5399066096805438
31.67,2.935642091684493,-1.7403501212937695
31.68,2.917247035989419,-1.936317572345112
31.69,2.896915740237591,-2.1274027437543186
31.7,2.874698981114333,-2.3132312661581094
31.71,2.850651114914429,-2.493462367921199
31.720000000000002,2.824829733755909,-2.667790248026135
31.73,2.797295309953906,-2.8359450716357864
31.740000000000002,2.768110832323193,-2.9976935922297496
31.75,2.7373414381093113,-3.152839409918845
31.76,2.7050540441248163,-3.3012228807280755
31.77,2.6713169804947494,-3.4427206962180814
31.78,2.6361996302004544,-3.5772451567222423
31.79,2.5997720773603046,-3.704743164669045
31.8,2.562104766907073,-3.825194966918403
31.810000000000002,2.523268178021936,-3.938612676769317
31.82,2.483332513371687,-4.0450386073173075
31.830000000000002,2.4423674058755904,-4.144543448193045
31.84,2.4004416444078265,-4.237224317452218
31.85,2.357622919526546,-4.323202719575231
31.86,2.3139775900163215,-4.402622439245839
31.87,2.269570470741629,-4.475647398886762
31.88,2.224464642038586,-4.542459505915816
31.89,2.1787212806233125,-4.603256513425455
31.900000000000002,2.132399511770077,-4.658249915556044
31.91,2.085556282312192,-4.707662896298093
31.92,2.038246253844115,-4.751728347884359
31.93,1.9905217153545045,-4.790686972375285
31.94,1.9424325143966095,-4.824785477549062
31.95,1.8940260058035234,-4.854274875821199
31.96,1.8453470168801855,-4.879408892670356
31.970000000000002,1.7964378279501163,-4.900442488962239
31.98,1.7473381671009407,-4.917630499659337
31.990000000000002,1.6980852179569295,-4.931226389692444
32.0,1.6487136393070918,-4.941481126255559
32.01,1.5992555954318182,-4.948642165469373
32.02,1.5497407959977043,-4.95295255023608
32.03,1.5001965444270966,-4.954650115172411
32.04,1.450647793694256,-4.953966793748363
32.05,1.4011172085521293,-4.951128022163963
32.06,1.3516252332509768,-4.946352234051948
32.07,1.3021901638710904,-4.93985043978598
32.08,1.2528282244552573,-4.9318258839871465
32.09,1.2035536461913476,-4.9224737747411575
32.1,1.1543787489604342,-4.911981078050424
32.11,1.1053140246303392,-4.900526371135171
32.12,1.056368221537731,-4.8882797483528995
32.13,1.0075484296632813,-4.8754027737137715
32.14,0.9588601660634556,-4.862048474219753
32.15,0.9103074601788863,-4.848361368537765
32.160000000000004,0.8618929386927002,-4.834477525822675
32.17,0.8136179096624327,-4.820524649827107
32.18,0.7654824456961581,-4.806622183765015
32.19,0.7174854659871324,-4.792881431729042
32.2,0.6696248170615772,-4.77940569279327
32.21,0.621897352131267,-4.766290404259064
32.22,0.5742990089763959,-4.753623290819411
32.230000000000004,0.5268248863148788,-4.741484516724013
32.24,0.47946931864191566,-4.729946838321768
32.25,0.4322259495484434,-4.719075754638081
32.26,0.38508780354915406,-4.708929653910923
32.27,0.338047356470225,-4.699559954261699
32.28,0.2910966044639201,-4.69101123691471
32.29,0.24422713173193078,-4.683321370603012
32.3,0.1974301770518599,-4.67652162600929
32.31,0.150696699211745,-4.67063677928907
32.32,0.1040174414660785,-4.665685203911179
32.33,0.057382995133521415,-4.661678950228122
32.34,0.010783862461516051,-4.658623812358251
32.35,-0.035789481113643606,-4.6565193821237205
32.36,-0.08234652518095836,-4.6553590899445965
32.37,-0.12889666291253554,-4.6551302327416915
32.38,-0.1754491298357922,-4.6558139890500705
32.39,-0.22201294269353694,-4.657385421693271
32.4,-0.2685968382696576,-4.659813468516406
32.410000000000004,-0.31520921206386504,-4.663060921825874
32.42,-0.36185805670617505,-4.667084397335618
32.43,-0.4085509000105774,-4.671834293575929
32.44,-0.45529474257769365,-4.6772547428817335
32.45,-0.502095994868212,-4.683283555244
32.46,-0.5489604136825735,-4.6898521564811775
32.47,-0.5958930379978356,-4.69688552236781
32.480000000000004,-0.6428981241299297,-4.704302110545198
32.49,-0.6899790802087394,-4.712013792234008
32.5,-0.7371383999746098,-4.71992578597105
32.51,-0.7843775959281604,-4.727936595801311
32.52,-0.831697131890636,-4.7359379565709006
32.53,-0.8790963550595784,-4.743814789185466
32.54,-0.9265734276743454,-4.751445168919993
32.55,-0.9741252584379783,-4.758700310087501
32.56,-1.0217474338760952,-4.765444570592997
32.57,-1.069434149849838,-4.7715354801118535
32.58,-1.1171781434783323,-4.776823795834298
32.59,-1.1649706257665242,-4.781153589905414
32.6,-1.2128012152764407,-4.784362372857379
32.61,-1.2606578732236717,-4.786281257471733
32.62,-1.3085268404258754,-4.78673516761739
32.63,-1.3563925765760196,-4.785543096677653
32.64,-1.4042377023594284,-4.78251842019855
32.65,-1.4520429449799905,-4.777469267353102
32.660000000000004,-1.4997870877064905,-4.770198955712546
32.67,-1.5474469240942417,-4.760506493637086
32.68,-1.5949972175792324,-4.748187154336097
32.69,-1.6424106671809635,-4.733033125291709
32.7,-1.6896578800850666,-4.714834236281642
32.71,-1.7367073519065965,-4.693378768668941
32.72,-1.7835254554584454,-4.668454347940798
32.730000000000004,-1.8300764388654123,-4.639848920670306
32.74,-1.8763224338718514,-4.607351816139933
32.75,-1.922223475188211,-4.570754891802055
32.76,-1.9677375317078925,-4.529853760561276
32.77,-2.0128205503994363,-4.4844490965495885
32.78,-2.057426513638884,-4.434348014636686
32.79,-2.1015075106921697,-4.379365517385681
32.8,-2.1450138239865977,-4.319326001545326
32.81,-2.1878940307230765,-4.254064814484357
32.82,-2.230095120276285,-4.183429849247359
32.83,-2.2715626277080236,-4.107283165174828
32.84,-2.312240783579781,-4.02550261931785
32.85,-2.3520726800943805,-3.937983492229243
32.86,-2.391000453424366,-3.8446400901710613
32.87,-2.4289654818978015,-3.745407304388942
32.88,-2.4659085995121446,-3.6402421069148954
32.89,-2.5017703240360993,-3.529124961420411
32.9,-2.5364910987405525,-3.412061126999325
32.910000000000004,-2.5700115465760858,-3.2890818324605156
32.92,-2.602272735389763,-3.160245298796087
32.93,-2.6332164525520074,-3.0256375879972093
32.94,-2.662785487149707,-2.8853732573456576
32.95,-2.6909239176989206,-2.739595799733229
32.96,-2.717577403144372,-2.5884778524614815
32.97,-2.7426934747481506,-2.432221159346044
32.980000000000004,-2.766221826331293,-2.2710562737748945
32.99,-2.7881146002236483,-2.105241993616155
33.0,-2.808326666203616,-1.9350645224913174
33.01,-2.826815890673475,-1.7608363558636524
33.02,-2.843543393320889,-1.5828948945650048
33.03,-2.858473788564775,-1.4016007927118914
33.04,-2.8715754091751267,-1.2173360513490048
33.05,-2.8828205095917547,-1.030501873503299
33.06,-2.8921854466451924,-0.8415163005294739
33.07,-2.899650835602344,-0.650811653572169
33.08,-2.905201679716636,-0.45883180755903635
33.09,-2.9088274717535247,-0.26602932827636977
33.1,-2.9105222662821633,-0.07286250567966199
33.11,-2.910284721867118,0.12020768141666416
33.12,-2.90811811265383,0.31272063279892115
33.13,-2.9040303092111395,0.5042191893668335
33.14,-2.8980337288664932,0.6942526536978968
33.15,-2.8901452561371817,0.8823797324744669
33.160000000000004,-2.8803861342170043,1.0681713660912833
33.17,-2.868781828815356,1.2512134129195565
33.18,-2.855361865958613,1.4311091584536304
33.19,-2.840159645646284,1.6074816228317574
33.2,-2.8232122335019785,1.7799756439152223
33.21,-2.8045601327679797,1.94825971713211
33.22,-2.784247039159336,2.1120275775397377
33.230000000000004,-2.7623195812171843,2.2709995139272197
33.24,-2.7388270488807915,2.4249234091621537
33.25,-2.7138211130339416,2.5735755052829083
33.26,-2.687355538775133,2.7167608959579193
33.27,-2.659485895114783,2.854313752793221
33.28,-2.630269263719269,2.9860972954986136
33.29,-2.5997639492048106,3.1120035190642246
33.3,-2.568029193337984,3.231952693809745
33.31,-2.5351248953286154,3.3458926564197
33.32,-2.50111134020959,3.453797911855212
33.33,-2.4660489370915113,3.555668567334582
33.34,-2.4299979688628985,3.6515291204125857
33.35,-2.3930183546832597,3.74142712358321
33.36,-2.3551694263912344,3.825431747813194
33.37,-2.3165097197269957,3.9036322670219405
33.38,-2.2770967810507954,3.9761364848001586
33.39,-2.2369869900309927,4.043069123651586
33.4,-2.196235398577764,4.104570195797695
33.410000000000004,-2.1548955861150385,4.160793373153058
33.42,-2.1130195311147024,4.21190437250653
33.43,-2.070657498664908,4.258079370275913
33.44,-2.027857943709184,4.299503459483245
33.45,-1.984667429475243,4.336369159862563
33.46,-1.9411305605119331,4.3688749902956
33.47,-1.8972899296693313,4.397224111102472
33.480000000000004,-1.8531860782898837,4.421623042118344
33.49,-1.8088574688269643,4.442280460982854
33.5,-1.7643404690702267,4.45940608467177
33.51,-1.7196693471335291,4.473209636020739
33.52,-1.674876276349812,4.4838998958359335
33.53,-1.6299913492168105,4.491683840159277
33.54,-1.5850425995466266,4.496765861357155
33.55,-1.5400560319896675,4.499347070928763
33.56,-1.4950556581280512,4.499624681279262
33.57,-1.450063538364082,4.497791463167528
33.58,-1.4050998288647005,4.494035275111181
33.59,-1.3601828328618584,4.488538660704502
33.6,-1.3153290556506103,4.481478509568753
33.61,-1.2705532626704832,4.473025777500305
33.62,-1.2258685401006042,4.463345261300372
33.63,-1.1812863574444759,4.452595423752049
33.64,-1.1368166316255635,4.440928264246872
33.65,-1.0924677921595385,4.4284892306458685
33.660000000000004,-1.048246847012646,4.415417168081203
33.67,-1.0041594487979144,4.401844300556752
33.68,-0.960209961001511,4.387896241382664
33.69,-0.9164015239702612,4.373692028674219
33.7,-0.8727361204280267,4.3593441823537376
33.71,-0.8292146403231865,4.344958779311349
33.72,-0.7858369448417998,4.330635543601986
33.730000000000004,-0.7426019294511468,4.316467948778669
33.74,-0.6995075858662264,4.302543329683084
33.75,-0.6565510628574851,4.288943001231244
33.76,-0.6137287258416014,4.2757423819428535
33.77,-0.571036215218628,4.263011120166304
33.78,-0.5284685034382754,4.250813221145986
33.79,-0.4860199507957083,4.239207173264042
33.8,-0.4436843599729946,4.228246071964369
33.81,-0.4014550293564209,4.2179777400323495
33.82,-0.3593248051723476,4.208444843059535
33.83,-0.31728613249523024,4.19968499906849
33.84,-0.2753311051909778,4.191730881409598
33.85,-0.23345151486703825,4.184610314169324
33.86,-0.1916388989075913,4.178346359448822
33.87,-0.1498845876780618,4.172957395983596
33.88,-0.10817975098791936,4.168457188679801
33.89,-0.06651544390446576,4.16485494874169
33.9,-0.024882652013085562,4.162155384158357
33.910000000000004,0.016727663778701385,4.160358740407235
33.92,0.05832452279505914,4.159460831317656
33.93,0.0999168804050545,4.159453060121063
33.94,0.1415135839974804,4.16032243079601
33.95,0.1831233290209747,4.162051549896846
33.96,0.22475461499541732,4.1646186191357435
33.97,0.2664157014036896,4.167997419069352
33.980000000000004,0.3081145633768044,4.1721572843246335
33.99,0.3498588470901823,4.177063070884084
34.0,0.3916558247944861,4.182675116039337
34.01,0.433512349410969,4.188949191714621
34.02,0.47543480862877846,4.195836451958372
34.03,0.5174290784501364,4.20328337550292
34.04,0.5595004761388369,4.21123170439899
34.05,0.6016537125381163,4.219618379844047
34.06,0.6438928437357179,4.228375476441478
34.07,0.6862212220669459,4.237430136251213
34.08,0.7286414464607421,4.246704504121518
34.09,0.7711553121493762,4.256115665926027
34.1,0.8137637597792626,4.265575591469044
34.11,0.8564668239787571,4.274991083965038
34.12,0.8992635814585634,4.284263738143965
34.13,0.9421520987416364,4.293289909181377
34.14,0.9851293796421909,4.3019606947995195
34.15,1.0281913126376268,4.310161933030909
34.160000000000004,1.0713326183028091,4.317774218276896
34.17,1.1145467970031648,4.324672938427777
34.18,1.1578260770713649,4.33072833593515
34.19,1.2011613637218679,4.335805595837837
34.2,1.2445421889881216,4.339764963836111
34.21,1.28795666299859,4.342461897580792
34.22,1.331391426939737,4.343747254389521
34.230000000000004,1.3748316080863803,4.3434675186170315
34.24,1.418260777312078,4.3414650718844365
34.25,1.4616609095240691,4.33757850930868
34.26,1.5050123474982515,4.331643004761859
34.27,1.5482937696193062,4.323490728025142
34.28,1.5914821620587543,4.312951316477916
34.29,1.6345527959488644,4.299852403673925
34.300000000000004,1.6774792101322327,4.284020206797438
34.31,1.720233200084813,4.265280174559161
34.32,1.7627848136234159,4.243457696579956
34.33,1.8051023540164124,4.218378874717426
34.34,1.8471523911177645,4.189871356114531
34.35,1.888899781138703,4.157765226990442
34.36,1.9303076956575733,4.1218939653534274
34.37,1.9713376604457715,4.082095449897351
34.38,2.0119496046555208,4.038213021353219
34.39,2.052101920872836,3.9900965915135727
34.4,2.091751536485792,3.937603794041373
34.410000000000004,2.1308539967536637,3.880601170030213
34.42,2.1693635598863965,3.8189653801159977
34.43,2.2072333043559835,3.752584433771059
34.44,2.2444152485618174,3.6813589252624483
34.45,2.2808604828612324,3.6052032646515753
34.46,2.316519313854849,3.524046891179513
34.47,2.351341420684823,3.4378354554498496
34.480000000000004,2.385276022963846,3.346531956018888
34.49,2.4182720598052008,3.250117815361614
34.5,2.4502783792710785,3.148593879731177
34.51,2.4812439373998245,3.0419813271983953
34.52,2.511118005815047,2.9303224681724513
34.53,2.539850386763274,2.813681422987619
34.54,2.5673916342747996,2.6921446617122897
34.550000000000004,2.59369327999752,2.5658213922090822
34.56,2.618708062118981,2.4348437836553125
34.57,2.6423901556706255,2.2993670142212648
34.58,2.6646954024034057,2.1595691333912646
34.59,2.6855815383384507,2.0156507314828565
34.6,2.7050084170330626,1.8678344112471343
34.61,2.722938226563393,1.7163640589846594
34.62,2.7393356982127557,1.56150391534442
34.63,2.7541683048702814,1.4035374488385317
34.64,2.7674064471895266,1.2427660380470056
34.65,2.7790236256312215,1.079507471444034
34.660000000000004,2.788996596618407,0.9140942766855125
34.67,2.797305511164932,0.7468718939909604
34.68,2.8039340344982264,0.5781967108660166
34.69,2.808869445382252,0.4084339777811098
34.7,2.8121027140538484,0.23795562648906138
34.71,2.813628557912033,0.0671380143770769
34.72,2.8134454743413895,-0.10364038043709567
34.730000000000004,2.811555750303291,-0.27400128767322146
34.74,2.807965448587925,-0.4435689711029398
34.75,2.8026843708812317,-0.6119725264330063
34.76,2.7957259980592646,-0.7788481253861879
34.77,2.787107408373508,-0.9438411814672237
34.78,2.77684917442992,-1.1066084142873183
34.79,2.764975240087762,-1.2668197910982362
34.800000000000004,2.7515127786079554,-1.4241603263107607
34.81,2.7364920335615466,-1.5783317221886322
34.82,2.7199461441641826,-1.7290538365585262
34.83,2.7019109568303756,-1.8760659661954153
34.84,2.682424824840274,-2.0191279374649787
34.85,2.6615283980810758,-2.158020998764751
34.86,2.639264404864979,-2.2925485122395406
34.87,2.6156774278362853,-2.4225364450941607
34.88,2.590813675963096,-2.54783366353287
34.89,2.564720754565628,-2.6683120348718923
34.9,2.5374474352656584,-2.7838663456583275
34.910000000000004,2.5090434276524616,-2.894414045653317
34.92,2.479559154352592,-2.999894829275604
34.93,2.44904553106695,-3.1002700675385166
34.94,2.417553753001822,-3.1955221046419324
34.95,2.385135088974111,-3.2856534342019743
34.96,2.3518406843177826,-3.3706857706230937
34.97,2.3177213735616493,-3.4506590313541046
34.980000000000004,2.2828275036907004,-3.52563024574125
34.99,2.2472087686468245,-3.5956724059212357
35.0,2.210914055572276,-3.6608732747123014
35.01,2.173991303152578,-3.7213341647908247
35.02,2.1364873722764592,-3.777168702614794
35.03,2.0984479291002827,-3.8285015896040995
35.04,2.0599173404843776,-3.8754673720407298
35.050000000000004,2.020938581659468,-3.918209230038106
35.06,1.981553155883615,-3.956877794774619
35.07,1.9418010257639753,-3.9916300020163513
35.08,1.9017205558432881,-4.0226279887897896
35.09,1.8613484659881798,-4.050038038926176
35.1,1.8207197950647647,-4.074029582101189
35.11,1.779867874346156,-4.094774249950269
35.12,1.7388243100657594,-4.112444991861714
35.13,1.6976189745089219,-4.127215252144585
35.14,1.6562800050228677,-4.139258209442016
35.15,1.6148338103200814,-4.148746078515973
35.160000000000004,1.5733050834525484,-4.155849473868216
35.17,1.5317168208427172,-4.160736834083648
35.18,1.4900903467708753,-4.16357390528475
35.19,1.4484453427370223,-4.164523281666034
35.2,1.4067998811375548,-4.163744000731724
35.21,1.365170462722388,-4.161391190583159
35.22,1.3235720573258916,-4.157615766389653
35.230000000000004,1.2820181473945949,-4.152564173022093
35.24,1.2405207738654498,-4.146378170726591
35.25,1.1990905839800632,-4.139194660660408
35.26,1.1577368806522417,-4.131145547098243
35.27,1.1164676730380982,-4.122357633138553
35.28,1.0752897279894706,-4.11295254679135
35.29,1.034208622102271,-4.103046694406184
35.300000000000004,0.9932287941013468,-4.092751238497065
35.31,0.9523535973323298,-4.082172097135733
35.32,0.9115853521586322,-4.0714099622122015
35.33,0.8709253980880858,-4.060560333998377
35.34,0.8303741454786646,-4.049713569593907
35.35,0.7899311266962077,-4.038954942980474
35.36,0.7495950466190552,-4.028364714559396
35.37,0.7093638324050198,-4.018018208195583
35.38,0.6692346824551435,-4.0079858939371045
35.39,0.6292041145262777,-3.998333474722547
35.4,0.5892680129606925,-3.9891219755268637
35.410000000000004,0.5494216750157404,-3.9804078335298576
35.42,0.5096598562900955,-3.9722429880191537
35.43,0.46997681525535734,-3.9646749688611362
35.44,0.4303663569128727,-3.9577469824886675
35.45,0.39082187560558396,-3.951497994463385
35.46,0.351336397023605,-3.9459628077730766
35.47,0.3119026194501224,-3.9411721361212457
35.480000000000004,0.27251295430118005,-3.937152671556757
35.49,0.23315956601898724,-3.933927145876793
35.5,0.19383441138364418,-3.931514385316642
35.51,0.1545292783126544,-3.929929358115582
35.52,0.11523582422133252,-3.929183214619845
35.53,0.07594561402025747,-3.929283319651899
35.54,0.03665015782829454,-3.930233276940677
35.550000000000004,-0.0026590515185560657,-3.9320329454705076
35.56,-0.04199050108111562,-3.9346784476680017
35.57,-0.0813526204719161,-3.93816216940667
35.58,-0.12075374446924901,-3.942472751869213
35.59,-0.16020207550930035,-3.9475950753678895
35.6,-0.1997056459766068,-3.953510235284799
35.61,-0.23927228021499633,-3.960195510356875
35.62,-0.2789095561837443,-3.96762432359558
35.63,-0.3186247666869079,-3.975766196199225
35.64,-0.3584248801077288,-3.9845866948871773
35.65,-0.3983165005846515,-3.994047373160402
35.660000000000004,-0.4383058275709369,-4.0041057070723864
35.67,-0.47839861472609924,-4.014715026178937
35.68,-0.5186001280945156,-4.025824440424978
35.69,-0.5589151035345987,-4.037378763821701
35.7,-0.5993477033709496,-4.049318435868374
35.71,-0.6399014722519663,-4.061579441779996
35.72,-0.6805792922065496,-4.074093232694806
35.730000000000004,-0.7213833369058624,-4.086786647154253
35.74,-0.7623150251496346,-4.099581835272214
35.75,-0.8033749736113066,-4.112396187139517
35.76,-0.8445629488924248,-4.125142267143591
35.77,-0.8858778189541783,-4.13772775602044
35.78,-0.9273175040128335,-4.150055402596075
35.79,-0.9688789270060998,-4.162022987315665
35.800000000000004,-1.0105579637591469,-4.17352329979932
35.81,-1.0523493930020862,-4.184444132801683
35.82,-1.0942468464151804,-4.194668295086083
35.83,-1.1362427589038078,-4.204073645850245
35.84,-1.1783283193321854,-4.212533153456471
35.85,-1.2204934219729373,-4.219914981321467
35.86,-1.2627266189586146,-4.226082603905781
35.87,-1.3050150740510527,-4.230894955806137
35.88,-1.3473445180747372,-4.234206616991219
35.89,-1.3896992063908769,-4.235868037228068
35.9,-1.4320618788192983,-4.235725802716973
35.910000000000004,-1.4744137224452163,-4.233622947882527
35.92,-1.5167343377769489,-4.229399315151747
35.93,-1.559001708748251,-4.222891965381665
35.94,-1.601192177084582,-4.213935641372937
35.95,-1.6432804215757097,-4.202363286617956
35.96,-1.685239442816941,-4.188006621076658
35.97,-1.7270405539972429,-4.170696775346717
35.980000000000004,-1.7686533783238754,-4.150264984093501
35.99,-1.8100458536791129,-4.126543339026705
36.0,-1.8511842451044096,-4.099365601053609
36.01,-1.8920331657001852,-4.068568070503738
36.02,-1.9325556065144842,-4.0339905135081455
36.03,-1.972712975970348,-3.995477141732481
36.04,-2.0124651493491337,-3.952877641712378
36.050000000000004,-2.051770528804595,-3.9060482490309116
36.06,-2.0905861143297515,-3.8548528615217093
36.07,-2.128867586035029,-3.799164184591286
36.08,-2.166569398021577,-3.738864900646456
36.09,-2.203644884047958,-3.673848853506031
36.1,-2.2400463750916977,-3.60402223759182
36.11,-2.2757253287997945,-3.5293047806557847
36.12,-2.310632470704814,-3.449630907833784
36.13,-2.3447179469564707,-3.364950873948765
36.14,-2.377931488183789,-3.2752318502457594
36.15,-2.410222583961386,-3.180458951156117
36.160000000000004,-2.4415406672069118,-3.0806361862870655
36.17,-2.4718353076871273,-2.975787322641721
36.18,-2.5010564136597457,-2.86595664211856
36.19,-2.5291544405294983,-2.751209579639337
36.2,-2.5560806052525327,-2.6316332278276073
36.21,-2.5817871050860504,-2.507336695018217
36.22,-2.606227339152897,-2.378451304527216
36.230000000000004,-2.6293561311765945,-2.2451306245505553
36.24,-2.6511299516439077,-2.1075503197802483
36.25,-2.671507137572199,-1.9659078178119593
36.26,-2.6904481080001466,-1.8204217856439129
36.27,-2.707915573285077,-1.6713314140011528
36.28,-2.723874736280169,-1.5188955098216401
36.29,-2.7382934834815096,-1.363391399964585
36.300000000000004,-2.7511425642794607,-1.2051136519940449
36.31,-2.76239575652139,-1.0443726206947976
36.32,-2.7720300166933565,-0.881492831732289
36.33,-2.7800256131560364,-0.7168112165121135
36.34,-2.7863662410235994,-0.5506752147655123
36.35,-2.791039117451347,-0.38344076362655977
36.36,-2.7940350562961305,-0.2154701939191942
36.37,-2.7953485213297307,-0.047130055989183184
36.38,-2.794977657415914,0.12121110134351418
36.39,-2.79292429930286,0.2891849743046011
36.4,-2.7891939579298217,0.4564257453481768
36.410000000000004,-2.7837957843958963,0.6225722972315143
36.42,-2.776742511985191,0.7872703756890116
36.43,-2.768050376882116,0.950174677317477
36.44,-2.7577390184388415,1.1109508405936224
36.45,-2.7458313600702433,1.2692773196235259
36.46,-2.7323534720463707,1.424847122230387
36.47,-2.7173344176256355,1.5773693962711701
36.480000000000004,-2.7008060841209476,1.7265708505789283
36.49,-2.682803000614057,1.8721969995960042
36.5,-2.663362144129027,2.014013223532202
36.51,-2.642522736143413,2.1518056386895412
36.52,-2.6203260313552366,2.285381775381263
36.53,-2.5968151006357876,2.4145710635806292
36.54,-2.5720346100836236,2.539225129012944
36.550000000000004,-2.5460305980555287,2.6592179048063636
36.56,-2.5188502519874967,2.774445566004802
36.57,-2.4905416867354324,2.884826296188489
36.58,-2.461153726063727,2.9902998971215093
36.59,-2.4307356887930025,3.090827253735919
36.6,-2.3993371809890087,3.186389667861618
36.61,-2.3670078954357705,3.2769880749202707
36.62,-2.3337974194906037,3.3626421583270827
36.63,-2.299755052269229,3.443389376599027
36.64,-2.264929631958623,3.5192839181699624
36.65,-2.22936937390583,3.5903955986839464
36.660000000000004,-2.1931217199849447,3.6568087151028004
36.67,-2.1562331996037742,3.7186208703497208
36.68,-2.11874930257795,3.7759417814456047
36.69,-2.0807143639748618,3.8288920832072972
36.7,-2.0421714609138037,3.8776021385952104
36.71,-2.0031623212029577,3.922210865748687
36.72,-1.9637272435988302,3.9628645906564177
36.730000000000004,-1.9239050293898292,3.9997159332994148
36.74,-1.8837329249328418,4.032922733996472
36.75,-1.8432465747098998,4.062647025595011
36.76,-1.8024799844209418,4.0890540560994735
36.77,-1.7614654935879104,4.112311365327982
36.78,-1.720233757114382,4.132587918246293
36.79,-1.6788137352229844,4.150053296754049
36.800000000000004,-1.6372326911793011,4.164876950897581
36.81,-1.595516196205033,4.177227509759557
36.82,-1.5536881409841101,4.18727215163017
36.83,-1.5117707531724296,4.195176032497282
36.84,-1.4697846203341645,4.2011017714025245
36.85,-1.4277487177443793,4.205208990794134
36.86,-1.3856804405182819,4.207653909661759
36.87,-1.3435956395511441,4.208588986959221
36.88,-1.3015086607790975,4.208162612603511
36.89,-1.259432387299074,4.206518843176934
36.9,-1.217378283915559,4.203797179348903
36.910000000000004,-1.1753564437120958,4.200132381969027
36.92,-1.1333756362761782,4.195654323758468
36.93,-1.0914433572369264,4.190487873536844
36.94,-1.0495658788054414,4.184752809962223
36.95,-1.007748301037682,4.178563761827313
36.96,-0.9659946035688951,4.172030172041382
36.97,-0.9243076975968543,4.165256282530783
36.980000000000004,-0.8826894779182795,4.1583411374074295
36.99,-0.8411408748487057,4.151378601881047
37.0,-0.7996619058806584,4.144457394524426
37.01,-0.7582517269582171,4.137661130638834
37.02,-0.7169086832678817,4.131068374606853
37.03,-0.6756303594660801,4.124752699260485
37.04,-0.6344136292826721,4.118782750431692
37.050000000000004,-0.5932547044574462,4.113222314989484
37.06,-0.5521491829828824,4.108130390801094
37.07,-0.5110920966414244,4.103561257184054
37.08,-0.4700779578392014,4.099564544540427
37.09,-0.4291008057506159,4.096185301983838
37.1,-0.3881542517995246,4.0934640618839655
37.11,-0.34723152451293654,4.091436900361903
37.12,-0.3063255137922865,4.0901354928733005
37.13,-0.2654288146554705,4.0895871641147075
37.14,-0.22453377050999238,4.089814931582392
37.15,-0.18363251602382266,4.09083754220251
37.160000000000004,-0.14271701966594216,4.092669501537328
37.17,-0.1017791259930761,4.095321095154846
37.18,-0.060810597762845246,4.098798401829185
37.19,-0.019803157956492394,4.10310329831718
37.2,0.021251468203498346,4.108233455533416
37.21,0.06236151115417592,4.114182326022215
37.22,0.10353511472394264,4.120939122701465
37.230000000000004,0.1447802936082052,4.128488788930552
37.24,0.18610489050255366,4.136811960033639
37.25,0.22751653280887799,4.145884916490966
37.26,0.269022588832373,4.155679529095409
37.27,0.31063012339078616,4.166163196459985
37.28,0.3523458527615727,4.177298775355008
37.29,0.39417609889788635,4.1890445044518385
37.300000000000004,0.4361267428506095,4.2013539221542375
37.31,0.4782031773409711,4.21417577930879
37.32,0.5204102584367852,4.227453947703156
37.33,0.5627522562950341,4.241127325385428
37.34,0.6052328049444937,4.255129739969875
37.35,0.6478548510944316,4.269389851233942
37.36,0.6906206019691726,4.283831054458602
37.37,0.7335314721836037,4.298371386118674
37.38,0.7765880296915461,4.312923433691267
37.39,0.819789940857429,4.327394251518274
37.4,0.8631359147219114,4.3416852848320024
37.410000000000004,0.9066236465540689,4.355692304230293
37.42,0.9502497608065174,4.36930535306728
37.43,0.9940097536154145,4.382408710406371
37.44,1.0378979350146447,4.39488087236069
37.45,1.0819073710626281,4.406594554820371
37.46,1.126029826111052,4.4174167207324855
37.47,1.1702557054772778,4.427208635254288
37.480000000000004,1.2145739988161377,4.4358259522396555
37.49,1.258972224522071,4.4431188356373985
37.5,1.3034363755288856,4.4489321194731986
37.51,1.3479508669115348,4.453105510148741
37.52,1.3924984857318603,4.4554738348158125
37.53,1.437060343607851,4.455867339563337
37.54,1.481615832523127,4.454112041084557
37.550000000000004,1.5261425844295422,4.450030135362777
37.56,1.5706164352303826,4.4434404667200695
37.57,1.6150113937639436,4.434159060307
37.58,1.6592996164365226,4.421999720765805
37.59,1.7034513881792597,4.406774699368233
37.6,1.7474351104238872,4.388295431406573
37.61,1.7912172968073912,4.366373344997646
37.62,1.8347625773238403,4.340820741741149
37.63,1.8780337116422143,4.311451748853876
37.64,1.9209916123009179,4.278083341480086
37.65,1.9635953784718159,4.240536432857956
37.660000000000004,2.005802340958077,4.198637028907528
37.67,2.047568119049967,4.152217442604751
37.68,2.0888466898101723,4.101117562230141
37.69,2.1295904702945694,4.045186166243567
37.7,2.169750413135043,3.9842822761569057
37.71,2.2092761158177074,3.918276537375259
37.72,2.2481159438825484,3.8470526165803465
37.730000000000004,2.2862171681493146,3.7705086028652635
37.74,2.323526115939854,3.6885583985295956
37.75,2.3599883361199065,3.6011330842423512
37.76,2.395548777624701,3.508182242213534
37.77,2.430151980964177,3.409675220120969
37.78,2.46374228202712,3.3056023178548872
37.79,2.496264027321275,3.1959758787056116
37.800000000000004,2.5276617996012325,3.080831266464205
37.81,2.557880652650559,2.9602277100633874
37.82,2.5868663538025,2.8342489978829666
37.83,2.614565632608218,2.7030040047007104
37.84,2.640926433896514,2.566627035499013
37.85,2.6658981733181983,2.4252779719439834
37.86,2.689431993335394,2.2791422093314
37.87,2.711481017504826,2.128430374127484
37.88,2.7320006008179436,1.9733778148950214
37.89,2.750948573802727,1.8142438623495027
37.9,2.7682854780649335,1.6513108574875135
37.910000000000004,2.783974790952477,1.4848829501126786
37.92,2.7979831370671873,1.3152846735864325
37.93,2.8102804844242057,1.1428593051780844
37.94,2.8208403231707493,0.9679670249022955
37.95,2.829639824922252,0.7909828891305736
37.96,2.836659980953361,0.612294638464757
37.97,2.841885717691547,0.4323003622850762
37.980000000000004,2.8453059881990623,0.25140604495860597
37.99,2.846913838590719,0.07002302084867121
38.0,2.846706448616035,-0.1114346330550613
38.01,2.8446851459296174,-0.2925527369075668
38.02,2.8408553938778836,-0.47291964959583177
38.03,2.8352267529377007,-0.652128881520057
38.04,2.8278128162474827,-0.8297816484779247
38.050000000000004,2.8186311199681424,-1.0054893376481226
38.06,2.8077030294945207,-1.1788758582820313
38.07,2.7950536028025024,-1.3495798518076172
38.08,2.7807114324583684,-1.517256738571544
38.09,2.7647084680310714,-1.6815805813284483
38.1,2.7470798208317997,-1.8422457487564456
38.11,2.7278635530559425,-1.9989683656561235
38.12,2.707100453518677,-2.151487539994719
38.13,2.684833802256048,-2.2995663605060606
38.14,2.661109126308556,-2.4429926620708393
38.15,2.6359739490146312,-2.581579559506389
38.160000000000004,2.6094775351184283,-2.715165753622686
38.17,2.5816706339421778,-2.8436156163925657
38.18,2.5526052227905773,-2.9668190647896266
38.19,2.522334252646386,-3.084691235228007
38.2,2.4909113980860176,-3.1971719725659895
38.21,2.458390813195066,-3.3042251492929977
38.22,2.4248268951001575,-3.405837831800187
38.230000000000004,2.3902740565590626,-3.5020193115414564
38.24,2.3547865088693287,-3.5928000194361163
38.25,2.3184180561703402,-3.678230342066005
38.26,2.2812219020280082,-3.758379358104318
38.27,2.2432504690082538,-3.8333335130115116
38.28,2.2045552317677783,-3.9031952493797
38.29,2.16518656402066,-3.968081609437609
38.300000000000004,2.125193599579026,-4.028122825181033
38.31,2.084624107517039,-4.083460910406461
38.32,2.0435243813708963,-4.134248267634619
38.33,2.001939142164346,-4.180646321550721
38.34,1.9599114549398817,-4.2228241891914085
38.35,1.917482658380518,-4.260957395703676
38.36,1.8746923070258084,-4.295226643114257
38.37,1.831578125518233,-4.3258166382011245
38.38,1.788175974261786,-4.352914984270421
38.39,1.7445198258328247,-4.37671114042722
38.4,1.7006417514532417,-4.397395450798493
38.410000000000004,1.656571916816855,-4.415158245129843
38.42,1.612338586550645,-4.430189011239205
38.43,1.567968136592071,-4.44267563897357
38.44,1.5234850737711736,-4.452803734579103
38.45,1.478912061900489,-4.460756003759318
38.46,1.434269953695987,-4.4667117011568935
38.47,1.389577827877351,-4.470846143547656
38.480000000000004,1.3448530308250342,-4.473330283674765
38.49,1.3001112222038558,-4.474330341370685
38.5,1.2553664239976206,-4.4740074884074765
38.51,1.2106310724357063,-4.47251758337505
38.52,1.1659160723301194,-4.470010952805194
38.53,1.1212308533796023,-4.466632214729326
38.54,1.0765834280355329,-4.462520140873095
38.550000000000004,1.0319804505621404,-4.457807553744621
38.56,0.9874272769606405,-4.452621254959105
38.57,0.9429280254629583,-4.447081981255088
38.58,0.8984856373355387,-4.441304384791395
38.59,0.8541019377671304,-4.435397034464187
38.6,0.809777696646255,-4.429462435146141
38.61,0.7655126890642077,-4.423597061920997
38.62,0.7213057554078351,-4.4178914065631965
38.63,0.6771548609329437,-4.412430033691367
38.64,0.6330571547340077,-4.407291644203632
38.65,0.5890090280488711,-4.402549143780245
38.660000000000004,0.5450061718584028,-4.39826971441331
38.67,0.5010436337606049,-4.394514887093174
38.68,0.4571158741165393,-4.391340613945672
38.69,0.4132168214816914,-4.388797338273032
38.7,0.3693399273510787,-4.386930061103839
38.71,0.32547822025961465,-4.38577840300363
38.72,0.28162435929100604,-4.385376660037842
38.730000000000004,0.23777068705885776,-4.385753852913017
38.74,0.19390928223274567,-4.386933768450933
38.75,0.15003201168983907,-4.388934992674264
38.76,0.10613058237926039,-4.391770934902016
38.77,0.06219659299179874,-4.39544984236928
38.78,0.018221585531874775,-4.399974804999462
38.79,-0.025802903108190497,-4.4053437500691475
38.800000000000004,-0.06988528946950817,-4.4115494266169595
38.81,-0.1140338916405297,-4.4185793795592385
38.82,-0.15825687706069294,-4.426415913588076
38.83,-0.2025622099122912,-4.435036047042236
38.84,-0.24695759800153766,-4.444411456059712
38.85,-0.29145043903348544,-4.454508409443217
38.86,-0.33604776619040194,-4.465287694797619
38.87,-0.3807561929294378,-4.4767045366322415
38.88,-0.4255818569230468,-4.488708507261775
38.89,-0.4705303630746733,-4.501243431488155
38.9,-0.5156067255528098,-4.514247286202753
38.910000000000004,-0.5608153087987283,-4.527652096214062
38.92,-0.6061597674770911,-4.5413838277812335
38.93,-0.6516429853543529,-4.555362281518313
38.94,-0.6972670131074573,-4.56950098652795
38.95,-0.743033005084912,-4.583707097826208
38.96,-0.7889411550639815,-4.597881299331449
38.97,-0.834990631071541,-4.611917714908914
38.980000000000004,-0.8811795093621598,-4.625703830187418
38.99,-0.9275047076752894,-4.63912042809355
39.0,-0.9739619179240309,-4.652041541279762
39.01,-1.0205455385008846,-4.664334424852837
39.02,-1.0672486064210875,-4.675859553035133
39.03,-1.1140627295615873,-4.686470643608685
39.04,-1.1609780192932613,-4.6960147141970126
39.050000000000004,-1.2079830238455274,-4.704332174626129
39.06,-1.2550646627857838,-4.711256959768624
39.07,-1.3022081630409,-4.716616707406209
39.08,-1.3493969969339081,-4.720232985739309
39.09,-1.3966128227556862,-4.721921575219259
39.1,-1.4438354284382933,-4.721492809370704
39.11,-1.4910426789431004,-4.718751979199972
39.12,-1.5382104680222928,-4.713499805640052
39.13,-1.5853126750559012,-4.705532984254778
39.14,-1.6323211277073881,-4.6946448061043675
39.15,-1.6792055711779887,-4.680625858252314
39.160000000000004,-1.7259336448724345,-4.663264806861083
39.17,-1.7724708673152103,-4.642349265173336
39.18,-1.818780630175901,-4.617666747899948
39.19,-1.864824202273209,-4.589005712631145
39.2,-1.910560744428524,-4.556156687849977
39.21,-1.9559473360302084,-4.518913485957977
39.22,-2.0009390141476833,-4.477074498424353
39.230000000000004,-2.0454888259986954,-4.4304440687488755
39.24,-2.0895478955226605,-4.378833937395491
39.25,-2.133065504746605,-4.32206475122338
39.26,-2.1759891905471282,-4.259967628234405
39.27,-2.218264857311293,-4.1923857666951845
39.28,-2.259836905881032,-4.119176085907696
39.29,-2.300648379029447,-4.040210884128876
39.300000000000004,-2.3406411235636093,-3.95537949741596
39.31,-2.3797559689777663,-3.864589941543322
39.32,-2.417932922394476,-3.7677705176449514
39.33,-2.4551113793306656,-3.6648713609332106
39.34,-2.4912303496131405,-3.5558659107795263
39.35,-2.5262286975462565,-3.440752279666285
39.36,-2.5600453952064663,-3.319554498079863
39.37,-2.592619787507854,-3.1923236123574226
39.38,-2.623891867453615,-3.059138612864505
39.39,-2.653802559765144,-2.9201071706988584
39.4,-2.682294010867592,-2.7753661624116934
39.410000000000004,-2.7093098830133777,-2.625081964022847
39.42,-2.7347956501480493,-2.4694504978811205
39.43,-2.758698892971,-2.3086970186713596
39.44,-2.7809695905214764,-2.1430756280673258
39.45,-2.801560405532347,-1.9728685111306354
39.46,-2.8204269607440895,-1.7983848915029959
39.47,-2.8375281033624074,-1.619959706659578
39.480000000000004,-2.852826154877281,-1.4379520089010602
39.49,-2.8662871435404282,-1.2527431022655338
39.5,-2.8778810169225917,-1.0647344300359387
39.51,-2.887581832141147,-0.8743452318959462
39.52,-2.895367921560511,-0.6820099939376079
39.53,-2.9012220320198994,-0.4881757185401978
39.54,-2.9051314359313145,-0.29329904451988953
39.550000000000004,-2.9070880129102967,-0.09784325080221049
39.56,-2.9070883009473585,0.09772482088548276
39.57,-2.905133516492587,0.29293788722907127
39.58,-2.901229543202777,0.4873313505174783
39.59,-2.8953868894822374,0.6804463937534592
39.6,-2.887620615327708,0.8718330062535785
39.61,-2.877950229357166,1.061052903652688
39.62,-2.866399557254654,1.2476823082621937
39.63,-2.852996583191922,1.4313145583949172
39.64,-2.8377732660867556,1.6115625184882287
39.65,-2.8207653328221576,1.7880607655432512
39.660000000000004,-2.8020120507758906,1.9604675314523745
39.67,-2.78155598219311,2.128466385104178
39.68,-2.759442723073807,2.291767642624777
39.69,-2.735720629340614,2.450109498628623
39.7,-2.710440533101234,2.6032588758047734
39.71,-2.683655451824518,2.7510119944585583
39.72,-2.6554202932120625,2.893194667675062
39.730000000000004,-2.6257915584710165,3.0296623314936175
39.74,-2.59482704658219,3.1602998228187444
39.75,-2.562585562014642,3.2850209206944525
39.76,-2.529126628168301,3.4037676690022356
39.77,-2.494510208634597,3.516509500589813
39.78,-2.458796438156505,3.6232421842932143
39.79,-2.422045364948733,3.7239866172875145
39.800000000000004,-2.3843167058107544,3.8187874857112303
39.81,-2.3456696152345082,3.9077118165857017
39.82,-2.3061624694790406,3.990847443731136
39.83,-2.2658526663598857,4.068301409708863
39.84,-2.2247964412848633,4.1401983248422285
39.85,-2.183048699863041,4.2066787031362365
39.86,-2.140662867222139,4.267897293478927
39.87,-2.097690753993463,4.324021422915048
39.88,-2.054182438763838,4.375229367082287
39.89,-2.0101861666518173,4.42170876113644
39.9,-1.9657482635411094,4.46365506270472
39.910000000000004,-1.9209130653977229,4.501270076631954
39.92,-1.8757228620084703,4.534760549553607
39.93,-1.8302178544066505,4.564336840668727
39.94,-1.7844361251950955,4.590211673516068
39.95,-1.738413620936329,4.6125989720944185
39.96,-1.692184145753207,4.631712783325393
39.97,-1.6457793652698212,4.647766286641593
39.980000000000004,-1.5992288200203753,4.660970890399183
39.99,-1.5525599474618375,4.671535413862554
40.0,-1.505798111743124,4.67966535268794
40.01,-1.4589666404080788,4.685562225138514
40.02,-1.412086867240354,4.689422995689646
40.03,-1.365178180494286,4.6914395722221744
40.04,-1.3182580757959104,4.691798372645388
40.050000000000004,-1.271342213041378,4.690679956530755
40.06,-1.224444476665295,4.688258717162851
40.07,-1.1775770386981208,4.684702629315794
40.08,-1.1307504240789792,4.6801730480324135
40.09,-1.0839735777374726,4.674824553710101
40.1,-1.0372539330047772,4.668804838873172
40.11,-0.9905974809600091,4.662254632128389
40.12,-0.9440088403622093,4.655307654950484
40.13,-0.8974913278609994,4.648090607121227
40.14,-0.8510470282197848,4.640723176842528
40.15,-0.8046768643241489,4.633318071755811
40.160000000000004,-0.7583806667846686,4.625981067321586
40.17,-0.7121572429777172,4.618811069240592
40.18,-0.6660044453998568,4.61190018682764
40.19,-0.6199192392411643,4.6053338144783105
40.2,-0.5738977691102906,4.599190718594675
40.21,-0.5279354248692708,4.593543127557259
40.22,-0.4820269065591453,4.588456822545182
40.230000000000004,-0.43616628841836713,4.583991227213763
40.24,-0.39034708201487,4.580199494438251
40.25,-0.3445622985296021,4.57712858852343
40.26,-0.29880451024440136,4.574819361461592
40.27,-0.2530659113003702,4.573306621996067
40.28,-0.20733837780448,4.572619196414549
40.29,-0.1616135273720792,4.572779980156465
40.300000000000004,-0.11588277820135069,4.573805979472439
40.31,-0.07013740778263042,4.575708342522373
40.32,-0.024368611350903235,4.57849237944282
40.33,0.02143243980622599,4.582157571055275
40.34,0.06727454007020225,4.586697566025864
40.35,0.11316639112674327,4.59210016642498
40.36,0.15911654339870185,4.598347301773742
40.37,0.20513333716221813,4.605414991804225
40.38,0.2512248432347864,4.61327329830315
40.39,0.29739880312828115,4.621886266555638
40.4,0.3436625685658991,4.631211857057614
40.410000000000004,0.3900230402694334,4.641201868323745
40.42,0.43648660593237404,4.651801851783331
40.43,0.48305907730510006,4.662951019930219
40.44,0.5297456263309784,4.67458214907535
40.45,0.576550720286607,4.686621478242495
40.46,0.6234780558958283,4.698988605949464
40.47,0.6705304924055963,4.711596386828723
40.480000000000004,0.7177099836324027,4.724350830262693
40.49,0.7650175090108501,4.737151003439579
40.5,0.8124530037011942,4.749888941474529
40.51,0.8600152878403406,4.762449567486854
40.52,0.9077019950509314,4.774710625775325
40.53,0.9555095003558473,4.786542631487726
40.54,1.003432847680686,4.797808840435137
40.550000000000004,1.05146567716455,4.80836524295221
40.56,1.09960015253973,4.818060585947831
40.57,1.1478268888835066,4.82673642752111
40.58,1.1961348810901524,4.834227228729818
40.59,1.2445114334581031,4.840360487285838
40.6,1.2929420908358693,4.844956918107605
40.61,1.3414105718202551,4.84783068577475
40.62,1.3898987045513642,4.848789693996664
40.63,1.4383863657001885,4.8476359372147755
40.64,1.4868514232956598,4.844165919398178
40.65,1.5352696840881521,4.838171144953253
40.660000000000004,1.583614846194725,4.8294386864394685
40.67,1.6318584578169417,4.8177518334548575
40.68,1.6799698828638223,4.802890826615191
40.69,1.7279162743492458,4.784633679990778
40.7,1.7756625564636381,4.762757094674954
40.71,1.8231714162427448,4.73703746533119
40.72,1.8704033057702618,4.707251980595426
40.730000000000004,1.9173164558546534,4.673179817093268
40.74,1.9638669021121273,4.634603425567511
40.75,2.010008524366004,4.59130990620273
40.76,2.0556931002361822,4.543092468687253
40.77,2.100870373739749,4.489751970879839
40.78,2.145488139653779,4.431098528164765
40.79,2.1894923443030443,4.366953183706349
40.800000000000004,2.232827203327906,4.297149627878782
40.81,2.27543533686062,4.221535953182142
40.82,2.317257922391549,4.139976428998601
40.83,2.3582348654405925,4.052353278637252
40.84,2.3983049879642944,3.9585684393098832
40.85,2.43740623422679,3.858545284025122
40.86,2.475475893644797,3.7522302829396623
40.87,2.512450839885584,3.639594580519069
40.88,2.5482677852551787,3.520635463993295
40.89,2.58286354916545,3.3953776980980632
40.9,2.6161753392171403,3.2638747010232763
40.910000000000004,2.6481410431859156,3.1262095368882097
40.92,2.6786995299549043,2.982495700966886
40.93,2.7077909572052534,2.8328776753216616
40.94,2.735357083461338,2.6775312344823954
40.95,2.7613415818949014,2.5166634833320227
40.96,2.785690353127978,2.3505126124108235
40.97,2.8083518341431177,2.179347359398513
40.980000000000004,2.8292773003159484,2.0034661695258853
40.99,2.8484211575336356,1.8231960520399086
41.0,2.8657412213567466,1.6388911345158883
41.01,2.8811989802239535,1.4509309216815758
41.02,2.894759839790378,1.2597182703830994
41.03,2.9063933456316153,1.0656770972648102
41.04,2.916073381735674,0.869249840532841
41.050000000000004,2.923778342442272,0.6708947017023584
41.06,2.9294912757697213,0.4710826973711071
41.07,2.933199996389694,0.2702945547040929
41.08,2.934897166863803,0.06901748735473506
41.09,2.9345803461367885,-0.13225810909960642
41.1,2.9322520046818106,-0.3330420015326871
41.11,2.9279195061061345,-0.5328474619845791
41.12,2.9215950554421193,-0.7311945672760998
41.13,2.913295614760613,-0.9276134149351607
41.14,2.9030427871434163,-1.1216472165006073
41.15,2.890862670430601,-1.3128552316734297
41.160000000000004,2.876785682509948,-1.5008155098720612
41.17,2.86084636023316,-1.6851274094305193
41.18,2.843083134321338,-1.8654138688530841
41.19,2.8235380828560985,-2.041323409093593
41.2,2.802256666139466,-2.212531850640856
41.21,2.7792874458432815,-2.37874373414113
41.22,2.7546817914566435,-2.5396934382524967
41.230000000000004,2.7284935770782317,-2.6951459932883233
41.24,2.700778871590877,-2.844897593860717
41.25,2.671595625201017,-2.988775818084781
41.26,2.641003355229181,-3.1266395648696816
41.27,2.6090628339036233,-3.25837872433784
41.28,2.5758357807424246,-3.3839135994306027
41.29,2.5413845619150117,-3.5031940992459756
41.300000000000004,2.5057718987575055,-3.6161987265964353
41.31,2.4690605873830833,-3.722933383672918
41.32,2.431313231084047,-3.8234300205693894
41.33,2.3925919869716954,-3.9177451517876984
41.34,2.352958328048293,-4.0059582657417945
41.35,2.312472821656859,-4.088170151758873
41.36,2.2711949250131154,-4.164501168183652
41.37,2.2291827982931864,-4.235089473985384
41.38,2.186493135533408,-4.300089244801847
41.39,2.14318101339715,-4.359668892686785
41.4,2.0992997576796726,-4.414009307011641
41.410000000000004,2.0549008272569167,-4.463302132060834
41.42,2.0100337150384555,-4.507748094899818
41.43,1.9647458653589203,-4.547555395129741
41.44,1.9190826071358607,-4.582938166209298
41.45,1.8730871020347344,-4.614115016155483
41.46,1.8268003068127512,-4.641307653656781
41.47,1.7802609489615988,-4.664739603965957
41.480000000000004,1.733505514733432,-4.684635017400653
41.49,1.6865682486135856,-4.701217571879396
41.5,1.639481163295844,-4.714709469664771
41.51,1.5922740592202902,-4.725330527376961
41.52,1.5449745527483048,-4.73329735737883
41.53,1.4976081120727136,-4.7388226378144624
41.54,1.4501980999920154,-4.74211446790077
41.550000000000004,1.4027658227146982,-4.74337580451852
41.56,1.3553305839016452,-4.742803975716026
41.57,1.3079097432003777,-4.740590266415623
41.58,1.2605187785733327,-4.736919571389511
41.59,1.2131713517725875,-4.731970110436768
41.6,1.1658793763645972,-4.725913200636651
41.61,1.1186530877598544,-4.718913080564279
41.62,1.0715011147533116,-4.71112678142341
41.63,1.0244305521313861,-4.702704040167918
41.64,0.9774470339499532,-4.693787249840039
41.65,0.9305548071345854,-4.684511442541396
41.660000000000004,0.8837568050991254,-4.675004300665148
41.67,0.8370547211212824,-4.665386192247805
41.68,0.7904490812541692,-4.655770226541744
41.69,0.7439393165904475,-4.646262326159264
41.7,0.6975238347309839,-4.636961312392077
41.71,0.651200090342606,-4.62795900056284
41.72,0.604964654719727,-4.619340302514938
41.730000000000004,0.5588132842923071,-4.6111833335908745
41.74,0.5127409880479096,-4.603559521686615
41.75,0.46674209385857485,-4.596533716197749
41.76,0.42081031372395455,-4.590164294892565
41.77,0.3749388079607235,-4.584503266956587
41.78,0.3291202483848228,-4.579596370652594
41.79,0.2833468805476716,-4.575483164229853
41.800000000000004,0.2376105851002257,-4.57219710889653
41.81,0.19190293836974098,-4.569765642840631
41.82,0.14621527224341307,-4.568210245448061
41.83,0.10053873346077977,-4.567546491022434
41.84,0.054864342422964375,-4.567784091461056
41.85,0.009183051631558635,-4.568926927486148
41.86,-0.03651419612675858,-4.570973068171107
41.87,-0.08223640973186351,-4.573914778639521
41.88,-0.12799249169954902,-4.577738515951071
41.89,-0.17379118005088495,-4.5824249133246635
41.9,-0.21964098996604228,-4.587948752986261
41.910000000000004,-0.2655501551106102,-4.594278928068309
41.92,-0.31152656852740845,-4.6013783941304345
41.93,-0.3575777229932188,-4.609204111018449
41.94,-0.40371065074777746,-4.617706975931676
41.95,-0.4499318625118524,-4.626831748728089
41.96,-0.4962472857223393,-4.636516970663701
41.97,-0.5426622019251265,-4.646694877937607
41.980000000000004,-0.5891811832810915,-4.657291311597701
41.99,-0.6358080281570805,-4.6682256255545305
42.0,-0.682545695792182,-4.679410594652207
42.01,-0.7293962400501247,-4.690752324955466
42.02,-0.7763607422912915,-4.70215016863028
42.03,-0.8234392434227303,-4.713496646021107
42.04,-0.8706306752117137,-4.724677377759402
42.050000000000004,-0.9179327909779184,-4.735571029973794
42.06,-0.9653420958111895,-4.746049275909978
42.07,-1.0128537764961179,-4.7559767775050386
42.08,-1.0604616313612902,-4.765211190693226
42.09,-1.1081580003099825,-4.773603198443962
42.1,-1.1559336953301695,-4.78099657574337
42.11,-1.20377793182485,-4.787228290922411
42.12,-1.251678261148618,-4.792128647901484
42.13,-1.2996205047828797,-4.795521474056324
42.14,-1.3475886906297445,-4.797224358505424
42.15,-1.3955649919529884,-4.797048945666874
42.160000000000004,-1.4435296695430822,-4.794801288923366
42.17,-1.4914610177314558,-4.790282269159005
42.18,-1.5393353149262623,-4.783288082780467
42.19,-1.5871267793870651,-4.773610803598253
42.2,-1.6348075309982273,-4.761039022611189
42.21,-1.6823475598392887,-4.745358569299392
42.22,-1.729714702384215,-4.726353317478606
42.230000000000004,-1.776874626188861,-4.703806078093891
42.24,-1.823790823946093,-4.677499580526595
42.25,-1.8704246177993928,-4.647217543050111
42.26,-1.916735174807095,-4.612745831994604
42.27,-1.962679534439285,-4.573873707968536
42.28,-2.008212648966466,-4.530395156138728
42.29,-2.053287437562059,-4.4821102960977806
42.300000000000004,-2.097854854888421,-4.428826865259039
42.31,-2.1418639748672397,-4.370361768030628
42.32,-2.1852620902490334,-4.306542681251943
42.33,-2.2279948284922786,-4.237209704554037
42.34,-2.270006284340114,-4.162217042460491
42.35,-2.3112391693414884,-4.081434703213375
42.36,-2.3516349784043817,-3.9947501975307094
42.37,-2.391134173292103,-3.9020702188221597
42.38,-2.4296763827808254,-3.8033222848572756
42.39,-2.467200618989249,-3.698456319546217
42.4,-2.5036455091717498,-3.5874461524090675
42.410000000000004,-2.53894954203743,-3.470290912528513
42.42,-2.5730513274223203,-3.347016293352088
42.43,-2.6058898679044717,-3.2176756646808675
42.44,-2.6374048407159374,-3.08235100859209
42.45,-2.6675368880763135,-2.941153656926803
42.46,-2.6962279138544734,-2.7942248093535467
42.47,-2.7234213842633843,-2.641735812907107
42.480000000000004,-2.7490626301126158,-2.4838881862961597
42.49,-2.773099147989308,-2.3209133751594293
42.5,-2.7954808976158048,-2.1530722277958207
42.51,-2.8161605925452244,-1.9806541846532615
42.52,-2.83509398130887,-1.8039761789718372
42.53,-2.852240116124661,-1.6233812503628957
42.54,-2.8675616063161278,-1.4392368776778799
42.550000000000004,-2.881024853678219,-1.2519330421787553
42.56,-2.8926002671597026,-1.061880036658036
42.57,-2.9022624544113795,-0.8695060406577837
42.58,-2.9099903879728584,-0.6752544861896638
42.59,-2.9157675441351727,-0.47958124225093157
42.6,-2.919582012817877,-0.28295164985946686
42.61,-2.921426577132362,-0.08583744220050551
42.62,-2.921298761661887,0.11128641329171463
42.63,-2.9192008488665278,0.3079449125657665
42.64,-2.915139863410572,0.5036662131641446
42.65,-2.9091275246032446,0.697984793865381
42.660000000000004,-2.901180167533264,0.8904445373635728
42.67,-2.891318633855973,1.0806016990935756
42.68,-2.879568133551392,1.2680277275162029
42.69,-2.8659580793056487,1.452311904025584
42.7,-2.85052189547088,1.6330637740507703
42.71,-2.833296803824633,1.8099153448019993
42.72,-2.81432358857484,1.9825230293544704
42.730000000000004,-2.7936463432375436,2.1505693212579637
42.74,-2.7713122021496805,2.3137641884952624
42.75,-2.747371059467638,2.4718461802732246
42.76,-2.7218752785442164,2.6245832447092274
42.77,-2.6948793945734537,2.7717732598722327
42.78,-2.6664398133467717,2.913244284762182
42.79,-2.63661450887821,3.0488545405869565
42.800000000000004,-2.6054627225350324,3.1784921360602563
42.81,-2.573044666157005,3.3020745533492764
42.82,-2.539421231468047,3.419547913716385
42.83,-2.5046537078826776,3.5308860438078025
42.84,-2.468803510591891,3.6360893649426713
42.85,-2.431931920583824,3.735183628659167
42.86,-2.3940998380187075,3.8282185222033958
42.87,-2.355367550139756,3.9152661676343614
42.88,-2.3157945146660204,3.996419537804817
42.89,-2.2754391593836596,4.071790811709575
42.9,-2.234358698431829,4.141509690619954
42.910000000000004,-2.1926089655712606,4.205721695097554
42.92,-2.150244264529878,4.264586461454784
42.93,-2.107317236342165,4.318276054554638
42.94,-2.063878743438785,4.36697331206675
42.95,-2.0199777701008297,4.410870233465854
42.96,-1.9756613387694677,4.4501664252133954
42.97,-1.930974441596562,4.485067611739235
42.980000000000004,-1.8859599865346832,4.515784220069268
42.99,-1.8406587571951767,4.542530044252187
43.0,-1.7951093856496396,4.565520994145376
43.01,-1.7493483373122691,4.584973931641834
43.02,-1.7034099070168027,4.601105596068462
43.03,-1.6573262253908998,4.61413161926805
43.04,-1.6111272746314418,4.6242656297962625
43.050000000000004,-1.5648409127949747,4.631718444720954
43.06,-1.518492905737023,4.636697346701645
43.07,-1.4721069658609418,4.639405443347014
43.08,-1.4257047968700824,4.64004110529116
43.09,-1.3793061437551184,4.638797478987078
43.1,-1.3329288472903407,4.635862069879296
43.11,-1.2865889023575325,4.631416391377239
43.12,-1.240300519462796,4.6256356748968175
43.13,-1.194076188859596,4.618688636159875
43.14,-1.1479267467395984,4.610737292929824
43.15,-1.1018614430009996,4.601936829407568
43.160000000000004,-1.0558880101514472,4.592435502605677
43.17,-1.0100127329488862,4.582374586152523
43.18,-0.9642405184283966,4.57188834714389
43.19,-0.9185749660060083,4.561104051850572
43.2,-0.8730184373913852,4.550141996300295
43.21,-0.8275721260800024,4.539115557975532
43.22,-0.7822361262318746,4.528131265100475
43.230000000000004,-0.7370095007779929,4.517288880226457
43.24,-0.6918903486273454,4.506681495062025
43.25,-0.6468758708767524,4.49639563372863
43.26,-0.6019624359527728,4.486511361853209
43.27,-0.5571456436396882,4.4771023991329155
43.28,-0.5124203879701145,4.468236233223506
43.29,-0.46778091897521806,4.459974233010357
43.300000000000004,-0.42322090330990736,4.452371759519166
43.31,-0.37873348378483473,4.445478272911786
43.32,-0.33431133785167166,4.439337434191156
43.33,-0.28994673510101165,4.43398720040832
43.34,-0.24563159384350527,4.42945991232423
43.35,-0.20135753685452706,4.425782373630118
43.36,-0.1571159463709029,4.422975920973332
43.37,-0.11289801843506041,4.421056484171424
43.38,-0.0686948166874744,4.420034636126963
43.39,-0.024497325712521133,4.4199156320798965
43.4,0.019703495954123525,4.420699437954372
43.410000000000004,0.06391666304656632,4.4223807476738495
43.42,0.1081511109076005,4.424948989433095
43.43,0.1524156428352282,4.428388321029465
43.44,0.19671887732818982,4.432677614469747
43.45,0.2410691951246232,4.437790430183878
43.46,0.2854746859318674,4.443694981294157
43.47,0.3299430947505063,4.450354088509046
43.480000000000004,0.37448176770204833,4.457725126335417
43.49,0.41909759727721463,4.4657599614328065
43.5,0.4637969669307045,4.474404884068936
43.51,0.5085856949585934,4.483600533777886
43.52,0.5534689776062622,4.493281820471617
43.53,0.5984513313680258,4.503377842412283
43.54,0.6435365344545079,4.51381180261726
43.550000000000004,0.688727567420371,4.524500925441081
43.56,0.7340265529633295,4.535356375258128
43.57,0.7794346949255335,4.546283179356777
43.58,0.824952216550465,4.557180157348609
43.59,0.8705782980725056,4.567939859594399
43.6,0.9163110137423529,4.578448517350234
43.61,0.9621472684195103,4.5885860075403215
43.62,1.0080827338931595,4.598225835265586
43.63,1.054111785124822,4.607235137355855
43.64,1.1002274366402767,4.61547471046519
43.65,1.146421279334126,4.622799067390436
43.660000000000004,1.1926834179880852,4.62905652545799
43.67,1.2390024098432857,4.634089330967832
43.68,1.285365204607442,4.637733823801334
43.69,1.3317570863193124,4.639820646383852
43.7,1.378161617535119,4.640175001237761
43.71,1.4245605863440678,4.638616961359029
43.72,1.4709339567622997,4.634961837592747
43.730000000000004,1.5172598230959227,4.629020607062266
43.74,1.5635143689035451,4.620600406514221
43.75,1.6096718312262073,4.609505094169647
43.76,1.655704470786938,4.595535883311341
43.77,1.7015825488924339,4.57849205038201
43.78,1.7472743117945781,4.558171719809552
43.79,1.792745983288625,4.534372727109203
43.800000000000004,1.8379617663367622,4.506893561032629
43.81,1.8828838545092774,4.475534384638608
43.82,1.9274724540295343,4.440098134148107
43.83,1.9716858171922396,4.400391693320194
43.84,2.015480287895938,4.356227139849223
43.85,2.058810359989224,4.307423058946255
43.86,2.1016287490748633,4.2538059178406105
43.87,2.1438864783460363,4.195211493436562
43.88,2.185532978943595,4.131486343805428
43.89,2.226516205222145,4.062489312608963
43.9,2.2667827651957744,3.9880930539643282
43.910000000000004,2.306278066301432,3.9081855637066303
43.92,2.3449464764699073,3.822671701518156
43.93,2.3827315003317957,3.7314746870134545
43.94,2.4195759702101767,3.6345375516381018
43.95,2.4554222513645576,3.531824527199724
43.96,2.490212460754171,3.4233223510464272
43.97,2.5238886983854862,3.309041467383083
43.980000000000004,2.5563932901018327,3.1890171040105564
43.99,2.587669040465697,3.063310203923603
44.0,2.6176594941803044,2.9320081917410494
44.01,2.646309204300518,2.795225555891045
44.02,2.6735640052981253,2.653104228850045
44.03,2.699371288877519,2.5058137495420407
44.04,2.723680280288966,2.353551194238378
44.050000000000004,2.746442312762287,2.1965408649401192
44.06,2.767611097587769,2.035033727243368
44.07,2.787142987307154,1.869306593039617
44.08,2.8049972294485612,1.6996610470318
44.09,2.82113620824779,1.526422119884769
44.1,2.835525671846257,1.3499367147985706
44.11,2.848134942543762,1.1705717983082957
44.12,2.858937107812423,0.9887123700836448
44.13,2.8679091899454354,0.8047592303298741
44.14,2.875032292419021,0.6191265669844944
44.15,2.8802917212851256,0.432239388169115
44.160000000000004,2.8836770801824034,0.24453082820749739
44.17,2.885182337849275,0.05643935788283308
44.18,2.88480586734006,-0.13159406858482015
44.19,2.8825504564775786,-0.3191288961559352
44.2,2.878423289416941,-0.5057278469319987
44.21,2.8724358995389387,-0.6909597592937655
44.22,2.8646040942310655,-0.8744023547891844
44.230000000000004,2.854947852443155,-1.055644900710337
44.24,2.843491196216859,-1.234290738258511
44.25,2.830262037677985,-1.4099596486948123
44.26,2.815292003242963,-1.5822900328428005
44.27,2.7986162370211294,-1.75094088267043
44.28,2.7802731855895546,-1.9155935273434797
44.29,2.76030436647426,-2.0759531400186866
44.300000000000004,2.738754122789181,-2.231749995636715
44.31,2.7156693665615257,-2.382740473988586
44.32,2.6910993133094094,-2.5287078062737898
44.33,2.6650952104360495,-2.6694625671599965
44.34,2.6377100619662093,-2.804842917917813
44.35,2.6089983520776934,-2.9347146094746592
44.36,2.579015769776716,-3.0589707571565765
44.37,2.547818936934562,-3.1775314014252647
44.38,2.515465141748211,-3.2903428710422875
44.39,2.482012079513716,-3.3973769667882587
44.4,2.4475176024124456,-3.498629985128946
44.410000000000004,2.412039479811137,-3.594121602060686
44.42,2.3756351703712317,-3.683893637802057
44.43,2.338361607055096,-3.768008723053556
44.44,2.3002749959101605,-3.8465488872548006
44.45,2.2614306293099995,-3.91961408866746
44.46,2.221882714136811,-3.9873207052430315
44.47,2.1816842152051388,-4.049800004140969
44.480000000000004,2.1408867140539916,-4.107196606488395
44.49,2.0995402830753704,-4.159666962560685
44.5,2.0576933748027777,-4.207377851053952
44.51,2.0153927260542916,-4.250504914554442
44.52,1.972683276511689,-4.289231241721401
44.53,1.9296081012198638,-4.323746005120507
44.54,1.8862083564092789,-4.35424316210189
44.550000000000004,1.842523237977826,-4.380920224633114
44.56,1.7985899519166166,-4.403977102592226
44.57,1.7544436959259817,-4.423615023713756
44.58,1.7101176514423417,-4.440035532172308
44.59,1.6656429852825354,-4.453439566691383
44.6,1.621048860108514,-4.4640266180834205
44.61,1.576362452920867,-4.471993965261858
44.62,1.531608980803277,-4.477535988016187
44.63,1.4868117331605435,-4.4808435542031555
44.64,1.4419921097192139,-4.48210347847655
44.65,1.3971696635910125,-4.481498049248138
44.660000000000004,1.3523621487342512,-4.479204620236235
44.67,1.3075855711862878,-4.475395262708121
44.68,1.2628542434800887,-4.470236474349988
44.69,1.218180841699288,-4.463888940594944
44.7,1.1735764646681899,-4.456507344197534
44.71,1.1290506948153374,-4.448240218854161
44.72,1.0846116602911064,-4.439229842725073
44.730000000000004,1.0402660979608358,-4.429612167807818
44.74,0.9960194169349501,-4.419516781237593
44.75,0.9518757623360838,-4.40906689474044
44.76,0.9078380790401411,-4.398379358635199
44.77,0.8639081751633798,-4.387564696964386
44.78,0.8200867851008534,-4.376727160528424
44.79,0.7763736319528113,-4.365964794797876
44.800000000000004,0.7327674892048959,-4.355369519881304
44.81,0.6892662415551852,-4.345027219929247
44.82,0.645866944806311,-4.335017839555279
44.83,0.6025658847640797,-4.32541548505122
44.84,0.5593586351052866,-4.31628852836396
44.85,0.5162401141968005,-4.307699711984806
44.86,0.47320464086559044,-4.299706253078038
44.87,0.43024598913523965,-4.2923599453429615
44.88,0.3873574419587312,-4.285707257262875
44.89,0.3445318439899821,-4.279789425545119
44.9,0.3017616534478288,-4.27464254269873
44.910000000000004,0.25903899313600753,-4.270297637830726
44.92,0.21635570069121424,-4.266780749868969
44.93,0.17370337813862813,-4.264112992539571
44.94,0.13107344084042283,-4.262310610540637
44.95,0.08845716592781541,-4.261385026462395
44.96,0.045845740311174936,-4.261342878107395
44.97,0.0032303083656675118,-4.262186045964236
44.980000000000004,-0.039397980608109784,-4.263911670685151
44.99,-0.08204792504803551,-4.266512160512627
45.0,-0.12472822381836232,-4.269975188693985
45.01,-0.16744742882191524,-4.274283681016484
45.02,-0.210213897438692,-4.279415793689842
45.03,-0.2530357446957121,-4.285344881899183
45.04,-0.29592079507667574,-4.292039459449975
45.050000000000004,-0.3388765338847116,-4.299463150028565
45.06,-0.38191005807724704,-4.307574630708124
45.07,-0.4250280264988741,-4.3163275684409355
45.08,-0.46823660944606577,-4.3256705503947055
45.09,-0.5115414375067683,-4.335547009113439
45.1,-0.5549475496283346,-4.345895143612946
45.11,-0.5984593403790271,-4.356647837657505
45.12,-0.6420805063814846,-4.367732576607802
45.13,-0.6858139919111831,-4.37907136438105
45.14,-0.7296619336691055,-4.390580642221933
45.15,-0.7736256047556217,-4.402171211147323
45.160000000000004,-0.8177053578920519,-4.413748160097969
45.17,-0.861900567957581,-4.425210802005521
45.18,-0.9062095739321623,-4.436452620162141
45.19,-0.9506296203608239,-4.447361227460873
45.2,-0.9951567984813798,-4.45781834125598
45.21,-1.0397859871859436,-4.467699776771041
45.22,-1.0845107940168008,-4.476875462155997
45.230000000000004,-1.1293234964290637,-4.485209478459119
45.24,-1.1742149835859832,-4.492560127932165
45.25,-1.2191746989877068,-4.49878003422252
45.26,-1.2641905842704335,-4.50371627811992
45.27,-1.3092490245501052,-4.5072105726121094
45.28,-1.3543347957226757,-4.5090994810575795
45.29,-1.3994310141712567,-4.509214682298073
45.300000000000004,-1.444519089368637,-4.507383286502125
45.31,-1.4895786799012993,-4.503428205446486
45.32,-1.5345876534775669,-4.497168580797685
45.33,-1.579522051517253,-4.488420273743867
45.34,-1.6243560589524444,-4.476996419040291
45.35,-1.669061979898059,-4.462708046163487
45.36,-1.7136102198757142,-4.445364769812772
45.37,-1.7579692752943143,-4.4247755514478575
45.38,-1.8021057309046713,-4.400749532903225
45.39,-1.8459842659523789,-4.373096942370475
45.4,-1.8895676697520807,-4.341630072187532
45.410000000000004,-1.9328168673961295,-4.306164326918877
45.42,-1.9756909562904583,-4.26651933915686
45.43,-2.018147254179267,-4.222520149326091
45.44,-2.0601413592769804,-4.17399844453968
45.45,-2.101627223070061,-4.120793850249492
45.46,-2.1425572362819705,-4.062755267068127
45.47,-2.1828823284114236,-3.999742243736929
45.480000000000004,-2.222552081156709,-3.9316263757949024
45.49,-2.261514855927322,-3.8582927180941167
45.5,-2.299717935518592,-3.779641197937912
45.51,-2.3371076798860804,-3.6955880143216415
45.52,-2.373629695805025,-3.6060670075672006
45.53,-2.409229020037424,-3.511030982599319
45.54,-2.443850315457011,-3.410452968251668
45.550000000000004,-2.4774380794024573,-3.304327394352434
45.56,-2.5099368633440595,-3.1926711679590682
45.57,-2.5412915027616387,-3.0755246300249675
45.58,-2.5714473559445588,-2.952952374017614
45.59,-2.600350550241991,-2.8250439085937242
45.6,-2.6279482341164333,-2.6919141473912087
45.61,-2.654188833189815,-2.553703710331327
45.62,-2.6790223083230598,-2.4105790225393973
45.63,-2.702400413640603,-2.2627321990808573
45.64,-2.724276952304677,-2.1103807061527773
45.65,-2.744608027763659,-1.953766792139414
45.660000000000004,-2.7633522881474657,-1.793156684993412
45.67,-2.780471161463527,-1.6288395556905009
45.68,-2.7959290792612754,-1.4611262509640084
45.69,-2.8096936864828073,-1.2903478020867614
45.7,-2.8217360353030108,-1.1168537200558055
45.71,-2.832030760883923,-0.941010091069036
45.72,-2.840556237124391,-0.7631974895791891
45.730000000000004,-2.8472947106755067,-0.583808729386958
45.74,-2.8522324117121305,-0.4032464761115021
45.75,-2.855359640197737,-0.22192074687932611
45.76,-2.8566708266497174,-0.0402463251357337
45.77,-2.856164566700452,0.14135987994820912
45.78,-2.8538436290507536,0.3224814989683406
45.79,-2.8497149367210857,0.5027053617078039
45.800000000000004,-2.8437895218165976,0.6816241196239072
45.81,-2.8360824543286074,0.8588388012254441
45.82,-2.826612745792089,1.0339612714057362
45.83,-2.815403228900493,1.206616567560271
45.84,-2.8024804144408835,1.376445087556409
45.85,-2.787874327149365,1.5431046072769343
45.86,-2.771618322295345,1.7062721084600416
45.87,-2.753748884980164,1.8656454008292387
45.88,-2.73430541427876,2.020944525966345
45.89,-2.7133299944608376,2.1719129339460896
45.9,-2.6908671555998387,2.318318427339231
45.910000000000004,-2.6669636259140526,2.4599538707233077
45.92,-2.6416680781853725,2.5966376672422142
45.93,-2.615030872569209,2.7282140069613954
45.94,-2.5871037980461447,2.85455289471704
45.95,-2.5579398146748678,2.975549967807955
45.96,-2.5275927986899855,3.091126116191228
45.97,-2.4961172923510433,3.2012269197919117
45.980000000000004,-2.4635682602941475,3.3058219191082854
45.99,-2.430000853968878,3.404903736483697
46.0,-2.3954701855644736,3.498487066229229
46.01,-2.360031112644293,3.586607552232631
46.02,-2.3237380345198213,3.669320571799802
46.03,-2.2866447012082975,3.7466999442732067
46.04,-2.2488040356343575,3.8188365824893404
46.050000000000004,-2.2102679695585112,3.885837104410305
46.06,-2.171087293546152,3.947822421330292
46.07,-2.131311521131906,4.004926317954552
46.08,-2.090988767187061,4.057294038414167
46.09,-2.0501656403636224,4.105080890951189
46.1,-2.0088871493680367,4.148450882619881
46.11,-1.9671966227112243,4.187575393932607
46.12,-1.9251356414893845,4.222631901961883
46.13,-1.8827439846719867,4.253802759018117
46.14,-1.840059586309022,4.2812740326771745
46.15,-1.7971185040184432,4.305234411650549
46.160000000000004,-1.7539548980760113,4.325874180787869
46.17,-1.710601020402686,4.343384267387273
46.18,-1.6670872127282659,4.357955359971276
46.19,-1.6234419132032605,4.369777099768788
46.2,-1.5796916707328903,4.379037344329708
46.21,-1.5358611663166664,4.385921501986964
46.22,-1.491973240693151,4.39061193526953
46.230000000000004,-1.4480489276112758,4.393287430855365
46.24,-1.4041074920760437,4.394122733230109
46.25,-1.3601664729466736,4.393288138880065
46.26,-1.3162417292984423,4.390949147589639
46.27,-1.2723474899948808,4.387266167227159
46.28,-1.2284964059538992,4.382394268281477
46.29,-1.184699604629251,4.376482984347777
46.300000000000004,-1.1409667462669433,4.369676154747345
46.31,-1.0973060815343039,4.362111805495852
46.32,-1.053724510157026,4.353922064901354
46.33,-1.0102276402362766,4.345233110170578
46.34,-0.9668198479536144,4.336165141524432
46.35,-0.923504337405788,4.326832380465906
46.36,-0.8802832003442963,4.317343089000837
46.37,-0.8371574756257713,4.3077996067803355
46.38,-0.7941272082086895,4.298298403309239
46.39,-0.7511915075595864,4.288930142544683
46.4,-0.7083486053577959,4.2797797573899565
46.410000000000004,-0.6655959124117873,4.270926531769045
46.42,-0.6229300747224149,4.262444188144724
46.43,-0.5803470286488928,4.25440097851626
46.44,-0.5378420551520897,4.246859777100576
46.45,-0.49540983310688125,4.239878173062233
46.46,-0.45304449169084504,4.233508561812254
46.47,-0.41073966187063615,4.227798233543206
46.480000000000004,-0.3684885270199809,4.222789457808126
46.49,-0.32628387271447357,4.218519563083646
46.5,-0.28411813575830797,4.215021010383444
46.51,-0.2419834525068047,4.212321460107184
46.52,-0.1998717065561643,4.210443831422868
46.53,-0.15777457587834734,4.209406353587615
46.54,-0.11568357948441199,4.209222608713904
46.550000000000004,-0.07359012370406927,4.209901565586031
46.56,-0.03148554817269138,4.211447604225621
46.57,0.010638828380443157,4.213860530996395
46.58,0.052791662447236515,4.217135584127779
46.59,0.09498154006299873,4.221263429625277
46.6,0.13721693103974208,4.226230147623596
46.61,0.1795061430154707,4.2320172093272586
46.62,0.2218572752262873,4.238601444773699
46.63,0.26427817191094466,4.245955001746414
46.64,0.30677637526121554,4.254045296261523
46.65,0.3493590778361751,4.262834955150836
46.660000000000004,0.39203307436423224,4.272281751368948
46.67,0.4348047128635541,4.282338532761717
46.68,0.4776798450194666,4.2929531451492915
46.69,0.5206637757665399,4.304068350699188
46.7,0.5637612120334503,4.315621742694177
46.71,0.6069762106204234,4.3275456579362555
46.72,0.6503121251921754,4.339767088171796
46.730000000000004,0.6937715523838593,4.3522075920742305
46.74,0.73735627703366,4.364783209478884
46.75,0.781067216573437,4.377404379729638
46.76,0.8249043646282528,4.389975866168028
46.77,0.8688667338967976,4.402396688971344
46.78,0.9129522984076797,4.414560068725939
46.79,0.9571579352713163,4.426353383303542
46.800000000000004,1.0014793660737504,4.437658140789968
46.81,1.0459110980871156,4.448349971394659
46.82,1.0904463655016434,4.458298641443096
46.83,1.1350770709159774,4.467368092718872
46.84,1.179793727356021,4.475416510574245
46.85,1.2245854011274624,4.4822964243628345
46.86,1.2694396558432777,4.487854843860928
46.87,1.3143424980046812,4.491933435429152
46.88,1.359278324551861,4.49436874171811
46.89,1.4042298728390434,4.494992448733725
46.9,1.4491781735265354,4.493631704043574
46.910000000000004,1.494102506919915,4.490109489817553
46.92,1.5389803633228867,4.484245054247422
46.93,1.5837874080048635,4.475854404672954
46.94,1.6284974514163457,4.464750865450239
46.95,1.6730824253138683,4.450745703223449
46.96,1.7175123654808149,4.433648821798527
46.97,1.761755401749839,4.413269528260428
46.980000000000004,1.8057777560460233,4.3894173713201
46.99,1.8495437491762408,4.361903052120305
47.0,1.8930158170884293,4.330539406869309
47.01,1.9361545373136269,4.295142459708966
47.02,1.9789186662826086,4.255532543162049
47.03,2.021265188176868,4.211535482348458
47.04,2.063149375929578,4.162983837920208
47.050000000000004,2.104524864935272,4.109718201352925
47.06,2.1453437399566364,4.05158853486264
47.07,2.185556635632525,3.988455546810434
47.08,2.225112850892845,3.920192092036828
47.09,2.2639604774732613,3.846684585159435
47.1,2.3020465425960333,3.767834413501313
47.11,2.339317165743287,3.6835593350266733
47.12,2.3757177292965665,3.593794845480612
47.13,2.4111930626528992,3.4984954978976845
47.14,2.4456876392545204,3.3976361567986166
47.15,2.4791457857888717,3.2912131687733996
47.160000000000004,2.5115119026299886,3.179245430789301
47.17,2.542730694404658,3.06177533749828
47.18,2.572747409379954,2.9388695890803396
47.19,2.6015080861862643,2.8106198417726045
47.2,2.6289598062154056,2.6771431842168414
47.21,2.655050949870601,2.5385824241212194
47.22,2.67973145469783,2.395106171476692
47.230000000000004,2.702953073300135,2.2469087066857694
47.24,2.7246696288315455,2.0942096244321857
47.25,2.7448372657887785,1.9372532469135697
47.26,2.7634146937698167,1.7763078031341064
47.27,2.7803634218514603,1.611664374258309
47.28,2.7956479812549824,1.4436356084985897
47.29,2.809236134021432,1.2725542125782887
47.300000000000004,2.8210990655065484,1.0987712304014896
47.31,2.831211558629462,0.9226541230901831
47.32,2.839552147968352,0.7445846679348898
47.33,2.84610325198816,0.564956696963997
47.34,2.8508512819076324,0.38417369869033335
47.35,2.853786725961967,0.20264630906733466
47.36,2.8549042080889793,0.020789719716548777
47.37,2.854202520356298,-0.16097896698100675
47.38,2.851684628749359,-0.34224340534630715
47.39,2.8473576522493715,-0.5225906654093952
47.4,2.8412328154411712,-0.7016138526095117
47.410000000000004,2.8333253751971816,-0.8789146580646979
47.42,2.8236545222798775,-1.0541058105707317
47.43,2.812243258985767,-1.2268134032923976
47.44,2.7991182542140294,-1.396679070384568
47.45,2.7843096775780753,-1.5633619914661505
47.46,2.767851014384706,-1.7265407048968084
47.47,2.7497788634801394,-1.8859147140974162
47.480000000000004,2.730132720102758,-2.0412058746289548
47.49,2.7089547459875605,-2.1921595533176217
47.5,2.6862895290364057,-2.3385455543038773
47.51,2.6621838349014832,-2.4801588104209187
47.52,2.6366863528279874,-2.6168198417002215
47.53,2.6098474380674785,-2.748374985992469
47.54,2.5817188531081383,-2.8746964096246272
47.550000000000004,2.5523535098749863,-2.995681908641521
47.56,2.5218052149353083,-3.111254513467329
47.57,2.4901284196056404,-3.2213619117442835
47.58,2.457377976700423,-3.3259757056488777
47.59,2.423608905492663,-3.4250905211467564
47.6,2.3888761662774876,-3.5187229874325467
47.61,2.3532344457440115,-3.606910605225007
47.62,2.316737954172987,-3.6897105226732365
47.63,2.2794402352905467,-3.7671982374043624
47.64,2.2413939894249,-3.8394662427398156
47.65,2.2026509104357506,-3.9066226353618427
47.660000000000004,2.163261536717663,-3.968789700761979
47.67,2.1232751164205106,-4.026102491687148
47.68,2.08273948688392,-4.078707413554738
47.69,2.041700968149416,-4.126760829471843
47.7,2.000204270294483,-4.170427696100186
47.71,1.958292414227412,-4.209880240188475
47.72,1.9160066654907135,-4.245296684176449
47.730000000000004,1.8733864805438831,-4.2768600278842275
47.74,1.8304694649330289,-4.304756891958104
47.75,1.787291342704721,-4.329176427466739
47.76,1.7438859363836943,-4.350309294843909
47.77,1.700285156807843,-4.3683467142657255
47.78,1.6565190020983795,-4.38347958853891
47.79,1.6126155650370646,-4.395897698666566
47.800000000000004,1.568601048125048,-4.405788971450726
47.81,1.52449978560805,-4.413338817786334
47.82,1.4803342717693215,-4.4187295396968675
47.83,1.4361251948141127,-4.422139803653751
47.84,1.3918914756962464,-4.423744177304855
47.85,1.3476503112680156,-4.423712726405799
47.86,1.3034172211681305,-4.422210668494772
47.870000000000005,1.25920609789812,-4.4193980796701196
47.88,1.215029259574728,-4.415429650712716
47.89,1.170897504883866,-4.410454488734935
47.9,1.1268201698000295,-4.404615960527627
47.910000000000004,1.0828051856733132,-4.3980515738091
47.92,1.0388591383238472,-4.390892892649061
47.93,0.994987327820332,-4.38326548343976
47.94,0.9511938286550522,-4.375288887910484
47.95,0.9074815500621223,-4.367076619824947
47.96,0.8638522962585532,-4.358736182159343
47.97,0.8203068264189355,-4.350369101727813
47.980000000000004,0.776844914223997,-4.342070978398095
47.99,0.7334654068509736,-4.333931546220157
48.0,0.6901662832995938,-4.326034743971943
48.01,0.6469447119715347,-4.318458792806695
48.02,0.6037971074434599,-4.311276278863986
48.03,0.560719186394255,-4.304554238879973
48.04,0.5177060226658604,-4.298354247000468
48.050000000000004,0.47475210145424557,-4.2927325011623605
48.06,0.4318513726426132,-4.2877399075642
48.07,0.3889973033029615,-4.283422161895018
48.08,0.3461829294047128,-4.2798198261317255
48.09,0.303400906780327,-4.276968399849688
48.1,0.260643561407719,-4.274898385118688
48.11,0.2179029390779532,-4.273635344177782
48.120000000000005,0.17517085452416337,-4.273199949198073
48.13,0.13243894009399174,-4.2736080235528435
48.14,0.08969869405310649,-4.274870574120351
48.15,0.0469415286115847,-4.276993814246864
48.160000000000004,0.004158817768169205,-4.279979177096836
48.17,-0.03865805493035202,-4.283823319214476
48.18,-0.08151764861612033,-4.288518114217167
48.19,-0.12442841721469537,-4.294050636637193
48.2,-0.1673986613488642,-4.300403136024928
48.21,-0.21043647993519396,-4.307553001524963
48.22,-0.2535497213793635,-4.31547271723749
48.230000000000004,-0.2967459342799438,-4.324129808781523
48.24,-0.34003231755499397,-4.333486781585039
48.25,-0.38341566991164455,-4.343501051540721
48.26,-0.42690233858580834,-4.354124868785371
48.27,-0.47049816728735194,-4.365305235486948
48.28,-0.5142084432955473,-4.376983818656092
48.29,-0.5580378436604737,-4.3890968591394905
48.300000000000004,-0.6019903804783371,-4.4015750781007155
48.31,-0.646069345222488,-4.414343582450508
48.32,-0.6902772521273473,-4.427321770852801
48.33,-0.7346157806395441,-4.440423242104905
48.34,-0.7790857169694454,-4.453555707869664
48.35,-0.8236868947969375,-4.466620911923373
48.36,-0.8684181352079129,-4.479514558274638
48.370000000000005,-0.9132771859624302,-4.49212625070485
48.38,-0.95826066022201,-4.504339446478628
48.39,-1.003363974892003,-4.516031427170262
48.4,-1.0485812887654151,-4.527073289747099
48.410000000000004,-1.0939054406869448,-4.5373299612398625
48.42,-1.1393278879902125,-4.546660240509134
48.43,-1.1848386454971276,-4.554916870782611
48.44,-1.2304262254058649,-4.561946646784227
48.45,-1.2760775784328122,-4.567590560398437
48.46,-1.3217780366138336,-4.571683988904954
48.47,-1.3675112582109115,-4.574056929874373
48.480000000000004,-1.4132591752113213,-4.574534286826496
48.49,-1.4590019439474415,-4.572936209713238
48.5,-1.504717899405586,-4.569078494189084
48.51,-1.5503835138312232,-4.562773043466073
48.52,-1.5959733602749075,-4.553828396309311
48.53,-1.6414600817574094,-4.542050324404977
48.54,-1.6868143667630071,-4.527242501918387
48.550000000000004,-1.732004931795777,-4.509207249547712
48.56,-1.7769985117539613,-4.48774635476364
48.57,-1.8217598588910497,-4.462661969201648
48.58,-1.8662517511379941,-4.433757583338537
48.59,-1.9104350105578205,-4.400839077637169
48.6,-1.9542685326907376,-4.3637158482839675
48.61,-1.9977093275235,-4.322202004476682
48.620000000000005,-2.0407125727802713,-4.2761176329518475
48.63,-2.083231680182537,-4.225290124082817
48.64,-2.1252183752619276,-4.169555552444157
48.65,-2.1666227912314198,-4.108760103244591
48.660000000000004,-2.207393577326819,-4.042761534500655
48.67,-2.2474780219214328,-3.9714306632828884
48.68,-2.286822190592477,-3.894652862845882
48.69,-2.3253710791783506,-3.8123295559866497
48.7,-2.36306878171221,-3.724379688599591
48.71,-2.399858672950342,-3.630741166150463
48.72,-2.435683605035219,-3.531372234717695
48.730000000000004,-2.470486117644696,-3.426252787389274
48.74,-2.504208660783004,-3.315385576199129
48.75,-2.5367938291686785,-3.1987973094784317
48.76,-2.5681846069725727,-3.07653961452145
48.77,-2.598324621459107,-2.9486898458545046
48.78,-2.6271584038896627,-2.815351720176059
48.79,-2.6546316558626284,-2.676655760223884
48.800000000000004,-2.6806915190941405,-2.532759531430271
48.81,-2.7052868464912336,-2.3838476572466445
48.82,-2.7283684722390733,-2.230131601441355
48.83,-2.749889478520061,-2.0718492084735907
48.84,-2.7698054564085455,-1.9092639961845803
48.85,-2.788074758443753,-1.7426641984747362
48.86,-2.8046587403780405,-1.5723615592908975
48.870000000000005,-2.819521989629571,-1.398689883059862
48.88,-2.8326325380392374,-1.2220033505928285
48.89,-2.8439620566414274,-1.0426746133635911
48.9,-2.8534860303065095,-0.8610926828407008
48.910000000000004,-2.8611839102982417,-0.6776606351384855
48.92,-2.8670392430092795,-0.4927931545536707
48.93,-2.8710397733893154,-0.3069139424880937
48.94,-2.8731775218590414,-0.12045302074612271
48.95,-2.8734488338042374,0.06615603982903553
48.96,-2.87185440106246,0.2524789330068155
48.97,-2.8683992551441007,0.4380834399313579
48.980000000000004,-2.8630927322638327,0.6225422276406285
48.99,-2.855948410591288,0.8054355904452136
49.0,-2.846984020454928,0.9863541023454026
49.01,-2.8362213285443794,1.1649011503312674
49.02,-2.8236859974483024,1.3406953206209853
49.03,-2.80940742213196,1.5133726125877112
49.04,-2.7934185451965483,1.6825884582329709
49.050000000000004,-2.7757556529673,1.8480195285035128
49.06,-2.7564581546264777,2.0093653114310133
49.07,-2.7355683467386798,2.166349450908721
49.08,-2.7131311656083033,2.3187208388143694
49.09,-2.6891939299623924,2.466254457055261
49.1,-2.6638060764671985,2.608751969865287
49.11,-2.637018890565087,2.7460420702482553
49.120000000000005,-2.608885235062233,2.877980587770014
49.13,-2.5794592788096864,3.004450367897235
49.14,-2.548796227704288,3.1253609357187764
49.15,-2.516952060095311,3.2406479591340425
49.160000000000004,-2.4839832685216074,3.350272528431766
49.17,-2.4499466095266755,3.4542202706039555
49.18,-2.4148988631095283,3.552500317746417
49.19,-2.378896603171747,3.645144149502088
49.2,-2.3419959801194863,3.7322043297280536
49.21,-2.304252516577186,3.8137531574402317
49.22,-2.265720916970682,3.889881251645727
49.230000000000004,-2.2264548915442717,3.9606960889501663
49.24,-2.1865069951916785,4.026320511866976
49.25,-2.145928481306932,4.0868912245996505
49.26,-2.1047691706996856,4.142557291758661
49.27,-2.063077335471759,4.193478654052442
49.28,-2.020899597618637,4.239824673495631
49.29,-1.9782808420018463,4.281772719142913
49.300000000000004,-1.9352641432357784,4.319506802815906
49.31,-1.891890705945528,4.353216272771706
49.32,-1.8481998177803445,4.3830945717895435
49.33,-1.8042288145097374,4.409338064746616
49.34,-1.7600130564854122,4.432144939431946
49.35,-1.7155859157210986,4.451714183120316
49.36,-1.670978772823006,4.468244636305898
49.370000000000005,-1.6262210229949807,4.481934123982486
49.38,-1.5813400903433563,4.492978663956969
49.39,-1.5363614497158413,4.5015717508947395
49.4,-1.4913086553254615,4.5079037141180835
49.410000000000004,-1.4462033754334795,4.512161146607226
49.42,-1.401065432393317,4.514526402183266
49.43,-1.3559128473898143,4.515177157476318
49.44,-1.3107618892437907,4.514286034993478
49.45,-1.2656271266899448,4.512020283392125
49.46,-1.2205214835759481,4.508541510926453
49.47,-1.1754562964714157,4.504005467961129
49.480000000000004,-1.1304413742167256,4.498561874427523
49.49,-1.0854850589828653,4.492354288127577
49.5,-1.0405942884541741,4.485520009860673
49.51,-0.9957746587856519,4.478190021453141
49.52,-0.9510304880251113,4.470488952901918
49.53,-0.9063648797276135,4.462535074997719
49.54,-0.8617797865251569,4.454440313963599
49.550000000000004,-0.8172760734483414,4.44631028482751
49.56,-0.7728535808286067,4.43824434043827
49.57,-0.728511186639576,4.430335633229845
49.58,-0.6842468681640097,4.422671187035956
49.59,-0.640057762898857,4.415331976453382
49.6,-0.5959402286349421,4.408393011445829
49.61,-0.5518899026699403,4.4019234250693025
49.620000000000005,-0.507901760133556,4.395986562383347
49.63,-0.46397017142227337,4.390640068789363
49.64,-0.42008895875776875,4.385935976206937
49.65,-0.3762514518981346,4.381920785661402
49.660000000000004,-0.33245054304454064,4.3786355450105825
49.67,-0.2886787409979229,4.376115920686065
49.68,-0.24492822463081937,4.374392262464552
49.69,-0.2011908957486319,4.373489660418571
49.7,-0.15745843142244798,4.373427993323378
49.71,-0.11372233588216435,4.374221967919211
49.72,-0.06997399206406374,4.375881148545793
49.730000000000004,-0.026204712911248474,4.378409976780053
49.74,0.017594207471537327,4.381807780819377
49.75,0.06143144270513907,4.386068774462214
49.76,0.10531558296078161,4.391182045646615
49.77,0.14925508361807138,4.397131534616247
49.78,0.19325821365310655,4.403896001893606
49.79,0.2373330036559435,4.411448986352608
49.800000000000004,0.2814871933801587,4.419758753798416
49.81,0.32572817873191184,4.428788236582228
49.82,0.3700629581118033,4.438494964903736
49.83,0.4144980780299865,4.4488309905849155
49.84,0.4590395779235016,4.45974280423645
49.85,0.5036929341147156,4.471171246883137
49.86,0.5484630028611643,4.483051417267611
49.870000000000005,0.5933539624600678,4.495312576213025
49.88,0.6383692543854249,4.507878049595189
49.89,0.6835115234519716,4.52066513165311
49.9,0.7287825570184872,4.533584990553678
49.910000000000004,0.7741832232630452,4.546542578320922
49.92,0.8197134085849056,4.5594365474420275
49.93,0.8653719542118858,4.572159176669998
49.94,0.9111565921183056,4.584596308754975
49.95,0.9570638803869853,4.596627303050762
49.96,1.003089138179321,4.608125006157672
49.97,1.049226380510139,4.618955743974411
49.980000000000004,1.0954682530588093,4.628979338736865
49.99,1.1418059672848764,4.6380491548162475
50.0,1.1882292361551343,4.646012177228361
50.01,1.2347262108294434,4.652709126964509
50.02,1.2812834186944244,4.657974617386693
50.03,1.3278857031771774,4.661637356028745
50.04,1.3745161658149991,4.663520396203658
50.050000000000004,1.4211561111012503,4.663441442827918
50.06,1.4677849946715573,4.661213216827849
50.07,1.5143803754378071,4.656643882382372
50.08,1.5609178723192048,4.649537541072254
50.09,1.6073711262592523,4.639694796739174
50.1,1.6537117682539884,4.6269133944999625
50.11,1.6999093941492516,4.61098893690401
50.120000000000005,1.7459315469920687,4.591715679657484
50.13,1.7917437077424014,4.568887408660169
50.14,1.837309295165272,4.542298399304291
50.15,1.8825896757284872,4.511744458066321
50.160000000000004,1.9275441843265986,4.477024045381379
50.17,1.972130156636115,4.437939477626964
50.18,2.0163029738791383,4.394298204763036
50.19,2.060016120731376,4.345914158786919
50.2,2.103221257054877,4.292609166676207
50.21,2.1458683040649005,4.234214419926783
50.22,2.1879055454534124,4.170571991166883
50.230000000000004,2.229279743888238,4.101536386666765
50.24,2.269936273186748,4.026976121896664
50.25,2.3098192663261714,3.9467753056471495
50.26,2.348871779299691,3.860835216653785
50.27,2.3870359706592468,3.769075855203424
50.28,2.424253296403759,3.67143745088679
50.29,2.4604647196769824,3.567881906546968
50.300000000000004,2.495610934534698,3.4583941576026263
50.31,2.5296326028290346,3.342983425343821
50.32,2.5624706030415743,3.221684342550483
50.33,2.594066289680044,3.094557929908552
50.34,2.6243617616397454,2.9616924022298523
50.35,2.6533001377246412,2.823203784445427
50.36,2.680825837328654,2.67923631875526
50.370000000000005,2.7068848640997465,2.529962646186501
50.38,2.731425090252384,2.3755837481319766
50.39,2.754396539062386,2.216328636192369
50.4,2.7757516629762318,2.0524537817970017
50.410000000000004,2.795445614698327,1.8842422805839645
50.42,2.813436508587911,1.7120027503213966
50.43,2.8296856697047548,1.536067965176863
50.44,2.8441578678914485,1.356793233308783
50.45,2.8568215343709302,1.1745545289719026
50.46,2.8676489584708866,0.9897463945006388
50.47,2.876616462260943,0.8027796315591973
50.480000000000004,2.8837045511020705,0.6140788048249153
50.49,2.8888980383574414,0.42407958470378304
50.5,2.892186142796146,0.23322595867361642
50.51,2.8935625575309136,0.04196734332984167
50.52,2.893025489662743,-0.14924436889684944
50.53,2.8905776701529766,-0.3399577931253547
50.54,2.886226333800236,-0.5297250297027533
50.550000000000004,2.8799831695589218,-0.7181046004743866
50.56,2.8718642417907483,-0.9046643087363991
50.57,2.861889883384194,-1.0889839894193063
50.58,2.8500845620023623,-1.2706581181323373
50.59,2.836476721021547,-1.4492982503453726
50.6,2.8210985969954545,-1.6245352651258553
50.61,2.8039860157190297,-1.7960213913977063
50.620000000000005,2.7851781691675,-1.9634319985546889
50.63,2.764717375747936,-2.126467137342981
50.64,2.742648826420641,-2.284852821125847
50.65,2.719020319325419,-2.4383420418573842
50.660000000000004,2.693881985583493,-2.5867155192267495
50.67,2.667286008940884,-2.729782185400619
50.68,2.6392863418754806,-2.867379411510817
50.69,2.6099384207106673,-2.999372985438508
50.7,2.57929888216671,-3.125656853481
50.71,2.547425283641047,-3.2461526411105894
50.72,2.514375829344498,-3.3608089702190544
50.730000000000004,2.480209104236666,-3.469600591971979
50.74,2.4449838175050584,-3.5725273556722086
50.75,2.408758557123222,-3.669613034861301
50.76,2.3715915568078327,-3.760904032291799
50.77,2.3335404764773857,-3.8464679854102832
50.78,2.294662197099627,-3.9263922936369635
50.79,2.255012630604647,-4.00078258805291
50.800000000000004,2.214646545338569,-4.069761163155095
50.81,2.173617407341545,-4.1334653891583
50.82,2.131977237555403,-4.192046121958142
50.83,2.0897764849023823,-4.245666126366306
50.84,2.047063915028077,-4.29449852663114
50.85,2.0038865143697593,-4.338725296604288
50.86,1.960289409095991,-4.378535800243948
50.870000000000005,1.9163157983648804,-4.41412539149019
50.88,1.8720069012661873,-4.44569408093576
50.89,1.8274019167461653,-4.473445275170665
50.9,1.782537995762774,-4.497584593219692
50.910000000000004,1.7374502248817714,-4.51831876313373
50.92,1.6921716205000994,-4.535854600549055
50.93,1.6467331328707902,-4.550398069900643
50.94,1.6011636591020864,-4.562153427969715
50.95,1.5554900643113958,-4.571322448562777
50.96,1.5097372101308308,-4.578103726357606
50.97,1.4639279897842437,-4.582692057307066
50.980000000000004,1.4180833689846897,-4.58527789245867
50.99,1.3722224319350704,-4.5860468616196535
51.0,1.3263624317522966,-4.5851793629661755
51.01,1.2805188446757467,-4.582850214452645
51.02,1.2347054274632436,-4.579228362714442
51.03,1.188934277421458,-4.574476645065551
51.04,1.1432158945619324,-4.56875160016313
51.050000000000004,1.0975592454181953,-4.5622033229353836
51.06,1.0519718281032249,-4.55497535943916
51.07,1.006459738229412,-4.547204637421918
51.08,0.9610277353547865,-4.53902142850212
51.09,0.9156793096593696,-4.53054933804625
51.1,0.8704167485938614,-4.521905319003792
51.11,0.8252412032792937,-4.513199706158509
51.120000000000005,0.7801527544706912,-4.504536267460705
51.13,0.7351504779300797,-4.496012269316921
51.14,0.6902325090843529,-4.487718552927432
51.15,0.645396106871531,-4.479739618975171
51.160000000000004,0.6006377167048493,-4.472153718180009
51.17,0.5559530325079308,-4.465032945437905
51.18,0.5113370577960913,-4.458443335463905
51.19,0.4667841657986528,-4.452444958050284
51.2,0.4222881586350857,-4.447092011235641
51.21,0.37784232557394,-4.44243291085712
51.22,0.3334395004179433,-4.438510375125999
51.230000000000004,0.28907211807142,-4.435361503026839
51.24,0.24473227035740652,-4.433017845492465
51.25,0.20041176116157075,-4.431505468451825
51.26,0.15610216098837001,-4.430845006985865
51.27,0.11179486102185344,-4.4310517099586235
51.28,0.06748112678919754,-4.432135474617799
51.29,0.023152151529497463,-4.434100870781849
51.300000000000004,-0.021200890626439435,-4.436947154350344
51.31,-0.06558679155750943,-4.440668269991783
51.32,-0.11001425602627511,-4.445252842979479
51.33,-0.154491848417099,-4.450684160262529
51.34,-0.1990279392315257,-4.45694014097634
51.35,-0.24363065123662583,-4.463993296716818
51.36,-0.2883078051658621,-4.4718106820251355
51.370000000000005,-0.33306686487712855,-4.480353835657038
51.38,-0.3779148818790028,-4.4895787133428104
51.39,-0.42285843914398474,-4.4994356128823245
51.4,-0.4679035941366493,-4.509869092564612
51.410000000000004,-0.5130558209952769,-4.520817884054064
51.42,-0.5583199518177305,-4.532214801046017
51.43,-0.6037001170161973,-4.543986645163619
51.44,-0.649199684721003,-4.5560541107456665
51.45,-0.6948211992311106,-4.568331690361487
51.46,-0.7405663185282326,-4.580727583083704
51.47,-0.7864357508927847,-4.593143607752214
51.480000000000004,-0.8324291906832769,-4.605475123672045
51.49,-0.8785452533662256,-4.617610961402698
51.5,-0.9247814099113308,-4.629433366515308
51.51,-0.9711339206965317,-4.640817959414434
51.52,-1.0175977690996196,-4.651633714540733
51.53,-1.0641665949873464,-4.661742962486005
51.54,-1.1108326283493397,-4.671001418759367
51.550000000000004,-1.1575866233625336,-4.679258243138041
51.56,-1.2044177932121003,-4.686356133713545
51.57,-1.2513137460368045,-4.692131459898102
51.58,-1.2982604224100625,-4.696414438780499
51.59,-1.3452420348124146,-4.699029359308442
51.6,-1.3922410095962312,-4.699794858817965
51.61,-1.4392379319887738,-4.698524256421641
51.620000000000005,-1.486211494724664,-4.69502594769746
51.63,-1.533138450942723,-4.689103864980432
51.64,-1.5799935720242726,-4.68055800734015
51.65,-1.6267496110895259,-4.66918504402055
51.660000000000004,-1.6733772729046834,-4.6547789947141975
51.67,-1.7198451909838097,-4.637131989534261
51.68,-1.7661199126953686,-4.61603511092547
51.69,-1.812165893202319,-4.591279319014643
51.7,-1.8579454990756614,-4.562656461037026
51.71,-1.9034190224230594,-4.52996036448426
51.72,-1.9485447063653465,-4.49298801250301
51.730000000000004,-1.9932787826731198,-4.451540798832949
51.74,-2.0375755223420056,-4.405425858214946
51.75,-2.0813872998374188,-4.354457466734861
51.76,-2.124664671676703,-4.298458505009158
51.77,-2.167356469937602,-4.237261975484152
51.78,-2.209409911186386,-4.170712563433884
51.79,-2.2507707212062793,-4.098668229530335
51.800000000000004,-2.2913832757769925,-4.021001820156001
51.81,-2.3311907576093995,-3.9376026799696846
51.82,-2.3701353293763865,-3.848378249662217
51.83,-2.408158322602644,-3.7532556303937694
51.84,-2.445200441984262,-3.6521830951347702
51.85,-2.4812019845053395,-3.5451315260860032
51.86,-2.516103072505982,-3.4320957565779566
51.870000000000005,-2.549843899636899,-3.313095795391285
51.88,-2.582364988413808,-3.1881779113425472
51.89,-2.61360745786375,-3.0574155562805476
51.9,-2.643513299539419,-2.920910105370346
51.910000000000004,-2.672025659971157,-2.7787913947275227
51.92,-2.6990891274339694,-2.631218038117665
51.93,-2.72465002073351,-2.4783775065567415
51.94,-2.748656677565104,-2.320485957225595
51.95,-2.7710597398780217,-2.157787801121092
51.96,-2.7918124335875256,-1.990555002268278
51.97,-2.810870839923387,-1.819086105058895
51.980000000000004,-2.828194155688703,-1.6437049902952428
51.99,-2.8437449397292913,-1.4647593647258186
52.0,-2.857489342983219,-1.2826189931713756
52.01,-2.8693973195927187,-1.09767368665996
52.02,-2.879442816716418,-0.9103310642148346
52.03,-2.8876039408770153,-0.7210141099657362
52.04,-2.893863098915733,-0.5301585509787993
52.050000000000004,-2.8982071118965913,-0.33821008452581514
52.06,-2.9006273006062493,-0.14562148634983235
52.07,-2.9011195416235878,0.047150366246311415
52.08,-2.899684293281323,0.23964752102221293
52.09,-2.8963265912031435,0.4314139907028065
52.1,-2.8910560134672667,0.6219987694713509
52.11,-2.883886615813717,0.8109587898120402
52.120000000000005,-2.874836837671026,0.997861784609829
52.13,-2.86392938012152,1.1822890212286286
52.14,-2.851191057246454,1.363837876717298
52.15,-2.8366526225871747,1.5421242262685781
52.160000000000004,-2.820348572721082,1.7167846204981307
52.17,-2.802316930177212,1.8874782309271385
52.18,-2.7825990081025394,2.053888547142924
52.19,-2.7612391592343535,2.2157248133742007
52.2,-2.7382845118350554,2.372723196546817
52.21,-2.713784695303417,2.524647682180999
52.22,-2.687791558191435,2.67129069865694
52.230000000000004,-2.660358881330278,2.812473474325553
52.24,-2.6315420887049243,2.9480461355995966
52.25,-2.601397958618286,3.0778875574639937
52.26,-2.569984337555644,3.2019049807434077
52.27,-2.5373598590034177,3.3200334129244893
52.28,-2.503583669297154,3.4322348313281887
52.29,-2.4687151623768537,3.5384972089562767
52.300000000000004,-2.4328137251180286,3.638833384400293
52.31,-2.3959384946888482,3.7332797978165404
52.32,-2.358148129161698,3.821895115163044
52.33,-2.3195005923855874,3.904758762697263
52.34,-2.280052953907753,3.981969393186583
52.35,-2.239861204521856,4.0536433044314695
52.36,-2.198980087819124,4.119912829590474
52.370000000000005,-2.1574629479300467,4.180924717474988
52.38,-2.115361593469624,4.2368385194972324
52.39,-2.072726177540102,4.287824998353306
52.4,-2.0296050935025582,4.3340645718473745
52.410000000000004,-1.9860448861031548,4.375745803552931
52.42,-1.9420901774314996,4.413063950298102
52.43,-1.8977836070971927,4.446219574785313
52.44,-1.8531657859357935,4.475417230037782
52.45,-1.808275262496437,4.500864220827975
52.46,-1.7631485015192339,4.522769445803613
52.47,-1.7178198735803647,4.541342322697864
52.480000000000004,-1.6723216550652764,4.556791797800839
52.49,-1.6266840376243479,4.569325439784558
52.5,-1.5809351462695853,4.579148617015205
52.51,-1.5351010652840438,4.58646375665377
52.52,-1.48920587113651,4.591469683136014
52.53,-1.4432716716213234,4.594361033029938
52.54,-1.397318650475911,4.595327742787028
52.550000000000004,-1.3513651167655827,4.594554605524778
52.56,-1.3054275583654154,4.592220892693942
52.57,-1.259520698911704,4.588500036285649
52.58,-1.2136575576397024,4.583559367111938
52.59,-1.1678495115694651,4.577559904639206
52.6,-1.122106359546918,4.570656193858811
52.61,-1.0764363876922887,4.562996184734011
52.620000000000005,-1.0308464358522378,4.554721149859597
52.63,-0.9853419646950967,4.545965636102493
52.64,-0.939927123130188,4.536857446151422
52.65,-0.8946048157720684,4.527517646085255
52.660000000000004,-0.8493767702084829,4.518060595267298
52.67,-0.8042436038667224,4.508593995081664
52.68,-0.7592048903068497,4.499218953243753
52.69,-0.7142592248018473,4.490030060636039
52.7,-0.6694042890941289,4.481115477839785
52.71,-0.6246369152450517,4.472557028750452
52.72,-0.5799531485191198,4.4644302988773426
52.730000000000004,-0.5353483092675049,4.4568047361348215
52.74,-0.49081705379642343,4.449743752132189
52.75,-0.44635343422486107,4.443304822160985
52.76,-0.4019509573532037,4.43753958226176
52.77,-0.3576026425796259,4.432493921926919
52.78,-0.31330107891466535,4.428208071162148
52.79,-0.2690384811563829,4.424716680786398
52.800000000000004,-0.22480674529893738,4.422048894999882
52.81,-0.18059750325638524,4.4202284153915725
52.82,-0.1364021769911059,4.419273555693007
52.83,-0.09221203214252509,4.419197286714611
52.84,-0.04801823125681368,4.420007271025114
52.85,-0.0038118867220228005,4.421705887054979
52.86,0.040415886484285894,4.424290242422022
52.870000000000005,0.08467391812641764,4.4277521763927234
52.88,0.12897093001214038,4.432078251507066
52.89,0.17331548315655898,4.437249734509287
52.9,0.21771592470232612,4.4432425668427005
52.910000000000004,0.262180334493413,4.450027325084784
52.92,0.3067164712040218,4.457569171820122
52.93,0.3513317179298154,4.465827797574454
52.94,0.39603302715551086,4.474757354563979
52.95,0.44082686502109497,4.484306383151005
52.96,0.48571915481853095,4.494417732040749
52.97,0.5307152196619099,4.505028473405305
52.980000000000004,0.575819724286637,4.516069814279796
52.99,0.6210366159475058,4.5274670057430235
53.0,0.6663690644014975,4.539139251570534
53.01,0.7118194009789165,4.550999618231815
53.02,0.7573890567661337,4.562954948294996
53.03,0.8030784999448163,4.574905779501257
53.04,0.8488871723561587,4.586746271976127
53.050000000000004,0.8948134253843388,4.598364146254597
53.06,0.9408544552812507,4.60964063500968
53.07,0.9870062380845324,4.620450451587448
53.08,1.0332634643129996,4.630661778662873
53.09,1.0796194736577898,4.640136280536695
53.1,1.1260661899237334,4.648729142790167
53.11,1.172594056513593,4.656289143197289
53.120000000000005,1.2191919727876792,4.662658757958112
53.13,1.2658472316727551,4.667674307455859
53.14,1.3125454589367962,4.671166145848866
53.15,1.3592705545897323,4.672958898878482
53.160000000000004,1.4060046369143657,4.672871754298703
53.17,1.4527279896757064,4.670718809304317
53.18,1.4994190131004521,4.666309479243352
53.19,1.5460541792605735,4.659448971737899
53.2,1.5926079925352101,4.649938830096172
53.21,1.6390529558624969,4.63757754956923
53.22,1.6853595435265947,4.622161269579833
53.230000000000004,1.7314961812540937,4.603484544520557
53.24,1.777429234417006,4.5813411950768765
53.25,1.823123005155631,4.555525241272789
53.26,1.8685397392424616,4.525831917557897
53.27,1.913639643506789,4.492058769253858
53.28,1.9583809146275386,4.454006828555461
53.29,2.002719780077898,4.411481867041016
53.300000000000004,2.046610551968359,4.364295720295062
53.31,2.090005694483799,4.312267678794526
53.32,2.132855905544249,4.255225937671991
53.33,2.1751102132372386,4.193009096365868
53.34,2.2167160874715663,4.125467697520518
53.35,2.257619567187649,4.052465792837827
53.36,2.297765403328323,3.9738825219378784
53.370000000000005,2.3370972176264067,3.8896136886967767
53.38,2.3755576771022584,3.799573318034565
53.39,2.413088683987098,3.7036951747687175
53.4,2.449631580597633,3.6019342249741237
53.410000000000004,2.4851273684865807,3.4942680193449505
53.42,2.519516940984532,3.380697977383154
53.43,2.552741328034244,3.2612505508866723
53.44,2.5847419520022656,3.135978245218044
53.45,2.615460892938605,3.0049604772367577
53.46,2.644841161547001,2.868304249604573
53.47,2.6728269779306966,2.7261446224422743
53.480000000000004,2.699364053995847,2.578644965038614
53.49,2.7243998772314693,2.4259969724858115
53.5,2.747883993445563,2.2684204347264973
53.51,2.769768285925999,2.1061627485167747
53.52,2.7900072484158986,1.9394981661977724
53.53,2.8085582492499546,1.7687267788690595
53.54,2.82538178399328,1.5941732355042928
53.550000000000004,2.840441713960041,1.4161852036639448
53.56,2.8537054880665593,1.2351315816539277
53.57,2.86514434559312,1.0514004761573483
53.58,2.8747334975897068,0.8653969634301584
53.59,2.8824522848617233,0.6775406559995825
53.6,2.8882843107096985,0.4882631003385397
53.61,2.892217546868494,0.29800503411696877
53.620000000000005,2.8942444113920383,0.10721353426800506
53.63,2.8943618175538544,-0.08366091081875068
53.64,2.8925711931756632,-0.2741673702105917
53.65,2.888878470149643,-0.46385744489230907
53.660000000000004,2.883294044277817,-0.6522882121048392
53.67,2.8758327059075457,-0.8390251044693426
53.68,2.86651354218843,-1.0236446900508698
53.69,2.8553598121065287,-1.2057373213977889
53.7,2.8423987957604746,-1.3849096240581034
53.71,2.827661619625367,-1.5607867980540133
53.72,2.811183059799395,-1.7330147092110484
53.730000000000004,2.7930013254411463,-1.9012617509974692
53.74,2.7731578247794455,-2.0652204615364123
53.75,2.7516969162104177,-2.224608884607235
53.76,2.7286656470873005,-2.379171667653637
53.77,2.7041134828573448,-2.5286808939676093
53.78,2.678092029207948,-2.6729366502295804
53.79,2.650654749852753,-2.8117673343744727
53.800000000000004,2.6218566825204586,-2.9450297122496525
53.81,2.59175415560776,-3.0726087346751596
53.82,2.5604045078269553,-3.194417129263453
53.83,2.527865813022491,-3.3103947836731566
53.84,2.4941966121534924,-3.4205079388402995
53.85,2.459455654245685,-3.5247482121456177
53.86,2.4237016479105797,-3.62313147144382
53.870000000000005,2.386993024816808,-3.7156965814170944
53.88,2.3493877162822376,-3.8025040438465525
53.89,2.310942943939877,-3.8836345531550758
53.9,2.271715025219136,-3.9591874880022915
53.910000000000004,2.231759194179831,-4.029279358850204
53.92,2.191129438042132,-4.094042230311778
53.93,2.1498783495735956,-4.1536221357907275
53.94,2.1080569953263173,-4.20817750046458
53.95,2.065714799564304,-4.257877587098709
53.96,2.022899443584343,-4.302900977547732
53.97,1.979656780013349,-4.343434101140261
53.980000000000004,1.9360307615615377,-4.37966981948732
53.99,1.8920633836236027,-4.4118060756333595
54.0,1.8477946400488705,-4.440044613906701
54.01,1.8032624913454687,-4.464589775343945
54.02,1.7585028445419917,-4.485647372176623
54.03,1.7135495439019364,-4.503423643590004
54.04,1.6684343716701917,-4.518124293801775
54.050000000000004,1.623187058025901,-4.5299536124669295
54.06,1.577835299420853,-4.539113676496167
54.07,1.5324047844959774,-4.545803631577562
54.08,1.4869192267893017,-4.550219051011782
54.09,1.4414004034757417,-4.552551368904808
54.1,1.3958681994112057,-4.5529873843024875
54.11,1.350340655789692,-4.551708832490713
54.120000000000005,1.3048340227613913,-4.548892019415615
54.13,1.2593628154013796,-4.544707514990985
54.14,1.2139398724615715,-4.539319900946659
54.15,1.1685764173824464,-4.532887568822909
54.160000000000004,1.1232821210851134,-4.525562563723496
54.17,1.0780651661079765,-4.517490469495834
54.18,1.0329323116951967,-4.508810331102892
54.19,0.9878889594859187,-4.49965461008092
54.2,0.9429392194935783,-4.490149169133172
54.21,0.8980859761032552,-4.4804132820866664
54.22,0.8533309538518449,-4.4705596656311695
54.230000000000004,0.8086747827906318,-4.46069452946249
54.24,0.764117063262595,-4.450917641661567
54.25,0.7196564299574003,-4.441322406353348
54.26,0.675290615135528,-4.431995950902014
54.27,0.6310165109393601,-4.423019220109343
54.28,0.5868302307333411,-4.414467075088895
54.29,0.5427271694375821,-4.406408394688727
54.300000000000004,0.4987020628395666,-4.398906177528339
54.31,0.45474904588701537,-4.392017642900719
54.32,0.4108617099815522,-4.385794328967181
54.33,0.3670331593076717,-4.38028218684096
54.34,0.32325606624473296,-4.375521669315266
54.35,0.27952272592136634,-4.371547813142891
54.36,0.23582510998187514,-4.3683903139178835
54.370000000000005,0.1921549196430087,-4.366073592745882
54.38,0.14850363812695752,-4.36461685401895
54.39,0.10486258256262974,-4.364034133734043
54.4,0.06122295545227668,-4.364334337912398
54.410000000000004,0.01757589580438178,-4.365521270791001
54.42,-0.026087469963543358,-4.367593652567916
54.43,-0.06977597724697655,-4.370545126591545
54.44,-0.11349837249537427,-4.374364255990941
54.45,-0.1572632623667954,-4.379034509851046
54.46,-0.2010790626923952,-4.384534239144269
54.47,-0.24495394714968077,-4.390836642739138
54.480000000000004,-0.2888957955471779,-4.397909723918806
54.49,-0.3329121416280569,-4.405716237957997
54.5,-0.37701012030633785,-4.414213631427306
54.51,-0.421196414256603,-4.423353974019596
54.52,-0.46547719978672975,-4.43308388382517
54.53,-0.5098580919331064,-4.443344447121171
54.54,-0.5543440887291532,-4.454071133886755
54.550000000000004,-0.5989395146108414,-4.465193710409387
54.56,-0.6436479629373408,-4.4766361505092975
54.57,-0.6884722376210273,-4.488316547078782
54.58,-0.7334142938789164,-4.500147025810299
54.59,-0.7784751781372332,-4.512033663171894
54.6,-0.8236549671423543,-4.523876410879379
54.61,-0.8689527063548209,-4.535569029311019
54.620000000000005,-0.9143663477285747,-4.5469990325105565
54.63,-0.959892687005032,-4.558047647626494
54.64,-1.0055273006811047,-4.568589791837207
54.65,-1.0512644828417763,-4.578494070009916
54.660000000000004,-1.0970971820813031,-4.587622796533426
54.67,-1.143016938772445,-4.595832044945954
54.68,-1.1890138229802223,-4.602971729145852
54.69,-1.235076373355362,-4.608885720119523
54.7,-1.2811915373826128,-4.613412002241667
54.71,-1.3273446134001954,-4.616382873291993
54.72,-1.3735191948484526,-4.617625192382864
54.730000000000004,-1.4196971172478527,-4.616960679996758
54.74,-1.4658584084483879,-4.614206274283255
54.75,-1.511981242733518,-4.6091745476543835
54.76,-1.5580418994014757,-4.601674187536466
54.77,-1.6040147264842475,-4.591510544877752
54.78,-1.6498721102990308,-4.578486253666057
54.79,-1.6955844515575684,-4.562401924271713
54.800000000000004,-1.741120148784465,-4.543056912891259
54.81,-1.7864455898153935,-4.520250168720549
54.82,-1.8315251521588758,-4.493781159727569
54.83,-1.8763212130099447,-4.463450877022199
54.84,-1.9207941696993196,-4.42906291683159
54.85,-1.9649024713465764,-4.390424637987143
54.86,-2.0086026624590625,-4.347348391616793
54.870000000000005,-2.0518494391789126,-4.299652818422008
54.88,-2.094595718827503,-4.247164207513859
54.89,-2.1367927233291897,-4.189717909301781
54.9,-2.1783900770135385,-4.127159793391506
54.910000000000004,-2.2193359191970194,-4.059347740878417
54.92,-2.259577031831107,-3.986153158846963
54.93,-2.299058982373959,-3.907462503337349
54.94,-2.3377262818978535,-3.823178795552954
54.95,-2.375522558285018,-3.7332231146943853
54.96,-2.4123907441917414,-3.63753604955998
54.97,-2.4482732792762176,-3.536079089990746
54.980000000000004,-2.4831123259915566,-3.428835938403558
54.99,-2.516849998044289,-3.315813721092746
55.0,-2.5494286004134112,-3.1970440787275893
55.01,-2.580790879618841,-3.0725841155687856
55.02,-2.610880282724787,-2.9425171874025047
55.03,-2.639641223366891,-2.8069535090711897
55.04,-2.667019352906211,-2.6660305637824564
55.050000000000004,-2.6929618346425404,-2.519913298108091
55.06,-2.717417618868373,-2.3687940887400605
55.07,-2.7403377164173417,-2.212892469633431
55.08,-2.761675468261042,-2.0524546111084376
55.09,-2.7813868086395104,-1.8877525457642481
55.1,-2.799430519176327,-1.7190831396213722
55.11,-2.815768471431938,-1.5467668106928472
55.120000000000005,-2.830365855390184,-1.371146001110616
55.13,-2.843191391454151,-1.19258341291885
55.14,-2.8542175236485616,-1.0114600216001497
55.15,-2.863420591886154,-0.8281728852298182
55.160000000000004,-2.8707809813531577,-0.6431327707634438
55.17,-2.876283247301423,-0.4567616222620714
55.18,-2.879916213798399,-0.26948989876115537
55.19,-2.8816730452766457,-0.08175381191691525
55.2,-2.8815512900367373,0.10600750454918964
55.21,-2.879552895185662,0.29335486029223257
55.22,-2.8756841928308927,0.4798518746893785
55.230000000000004,-2.869955857691874,0.6650678100866334
55.24,-2.86238283662916,0.8485803385713238
55.25,-2.8529842509204477,1.029978210151809
55.26,-2.841783272426124,1.2088637920778678
55.27,-2.8288069750788902,1.3848554514312583
55.28,-2.8140861633974983,1.557589755991099
55.29,-2.7976551799590683,1.7267234716562627
55.300000000000004,-2.779551693964373,1.8919353383012518
55.31,-2.7598164731930432,2.052927609761519
55.32,-2.7384931417691427,2.20942734759467
55.33,-2.7156279262411496,2.3611874622515385
55.34,-2.6912693925241116,2.507987499225233
55.35,-2.6654681762566446,2.6496341715423775
55.36,-2.638276709093264,2.785961643542639
55.370000000000005,-2.609748943385792,2.9168315741941937
55.38,-2.5799400776093804,3.0421329311593874
55.39,-2.5489062847626043,3.1617815894143018
55.4,-2.516704445821094,3.2757197304086465
55.410000000000004,-2.483391890154431,3.383915059511434
55.42,-2.449026144630865,3.486359860818249
55.43,-2.413664692938066,3.583069909303781
55.44,-2.377364746444789,3.67408326080465
55.45,-2.3401830277219724,3.7594589404369474
55.46,-2.30217556763605,3.8392755498218194
55.47,-2.263397516725536,3.913629812947519
55.480000000000004,-2.2239029713770995,3.982635079678244
55.49,-2.183744815131971,4.0464198048713085
55.5,-2.1429745752796734,4.105126019828274
55.51,-2.1016422947354054,4.158907811425481
55.52,-2.0597964190511635,4.207929822786253
55.53,-2.01748369827968,4.252365787809845
55.54,-1.9747491032949664,4.292397110296392
55.550000000000004,-1.9316357560737523,4.328211496834869
55.56,-1.8881848733582691,4.360001651080039
55.57,-1.8444357230521515,4.38796403555842
55.58,-1.800425592647101,4.412297705731825
55.59,-1.7561897689375152,4.433203219725444
55.6,-1.711761528252592,4.450881625907251
55.61,-1.6671721364193701,4.465533529394512
55.620000000000005,-1.6224508576647017,4.477358237566109
55.63,-1.577624971668048,4.486552983777836
55.64,-1.5327197979891451,4.493312227711084
55.65,-1.4877587271138266,4.49782703013049
55.660000000000004,-1.4427632573865357,4.500284499278571
55.67,-1.3977530371282554,4.500867305689225
55.68,-1.3527459112727513,4.499753261850171
55.69,-1.3077579718912522,4.497114962879444
55.7,-1.2628036120151627,4.493119484194754
55.71,-1.2178955822073572,4.487928132038694
55.72,-1.1730450493743887,4.481696242669168
55.730000000000004,-1.1282616573539739,4.4745730260249985
55.74,-1.0835535888538887,4.466701449723691
55.75,-1.0389276283595,4.458218159334494
55.76,-0.9943892256671988,4.449253430988405
55.77,-0.9499425597397317,4.439931152531306
55.78,-0.9055906026165726,4.430368829591343
55.79,-0.8613351831479049,4.4206776131118275
55.800000000000004,-0.8171770503543362,4.410962345091896
55.81,-0.7731159362460671,4.401321619474834
55.82,-0.7291506179648396,4.391847855325155
55.83,-0.685278979139564,4.382627379637145
55.84,-0.6414980703720966,4.37374051731742
55.85,-0.5978041687932156,4.365261686080036
55.86,-0.5541928366504959,4.357259494183405
55.870000000000005,-0.5106589789095475,4.34979683912249
55.88,-0.4671968998680461,4.342931005566665
55.89,-0.4238003587982142,4.336713761002747
55.9,-0.38046262464799113,4.331191447703728
55.910000000000004,-0.33717652984413965,4.326405069796601
55.92,-0.29393452325205915,4.322390374347622
55.93,-0.25072872235718724,4.319177925520641
55.94,-0.20755096474164636,4.316793170994247
55.95,-0.1643928589373023,4.315256499947022
55.96,-0.12124583474270588,4.314583292037895
55.97,-0.07810119309654438,4.31478395692113
55.980000000000004,-0.03495015560428328,4.31586396394381
55.99,0.008216086182331828,4.317823861778607
56.0,0.05140632163128887,4.320659287847128
56.01,0.0946292719392744,4.324360967490131
56.02,0.1378935409810915,4.328914702941402
56.03,0.18120756599810245,4.334301352263025
56.04,0.224579568026352,4.340496798502129
56.050000000000004,0.268017501968145,4.347471909433945
56.06,0.3115290062150308,4.355192488363976
56.07,0.3551213517354245,4.3636192165742695
56.08,0.39880139054651625,4.372707588115899
56.09,0.4425755034977425,4.382407837772596
56.1,0.48644954730196815,4.3926648631497285
56.11,0.5304288007607371,4.403418141978989
56.120000000000005,0.574517910141548,4.414601645872681
56.13,0.6187208336781908,4.426143751912734
56.14,0.6630407851798027,4.437967153618528
56.15,0.7074801767505613,4.4499887730043035
56.160000000000004,0.7520405606398887,4.462119675610952
56.17,0.7967225702627803,4.474264990577832
56.18,0.8415258604514454,4.486323838007015
56.19,0.8864490470229206,4.49818926606381
56.2,0.9314896457727215,4.509748200452038
56.21,0.9766440110319613,4.520881409098298
56.22,1.0219072739546873,4.531463485073921
56.230000000000004,1.0672732807334395,4.541362850973667
56.24,1.1127345309741605,4.550441788152915
56.25,1.1582821164964978,4.558556494396321
56.26,1.203905660862087,4.565557173746078
56.27,1.2495932599714195,4.571288162351948
56.28,1.295331424109126,4.575588094312586
56.29,1.341105021857671,4.5782901115520644
56.300000000000004,1.386897226340167,4.579222121810295
56.31,1.432689464293877,4.578207108814092
56.32,1.4784613685164492,4.575063498629359
56.33,1.5241907342664642,4.569605586066517
56.34,1.5698534802377795,4.561644024812917
56.35,1.6154236147627226,4.550986384689613
56.36,1.6608732079315716,4.5374377790678935
56.370000000000005,1.7061723703440803,4.520801565026128
56.38,1.7512892392320942,4.500880118273275
56.39,1.7961899727095458,4.477475684206469
56.4,1.8408387529162236,4.450391305702246
56.410000000000004,1.8851977988235906,4.4194318273620095
56.42,1.9292273894634637,4.384404974941896
56.43,1.9728858983224287,4.34512250759764
56.44,2.016129839615416,4.301401439371401
56.45,2.0589139271098564,4.253065325048182
56.46,2.10119114611638,4.199945604126242
56.47,2.142912839192381,4.141882995194486
56.480000000000004,2.184028806020269,4.07872893150975
56.49,2.2244874178225755,4.010347027041919
56.5,2.2642357465611074,3.9366145607325107
56.51,2.3032197090372257,3.857423965224262
56.52,2.3413842258655926,3.772684304900299
56.53,2.378673395135232,3.6823227267595247
56.54,2.4150306804007835,3.586285866490129
56.550000000000004,2.4503991124650346,3.484541191127018
56.56,2.484721504223324,3.3770782589332518
56.57,2.5179406776437,3.2639098766710757
56.58,2.5499997017567457,3.1450731342631655
56.59,2.5808421403289636,3.020630297023933
56.6,2.6104123076972243,2.8906695361933026
56.61,2.6386555310528297,2.7553054794535528
56.620000000000005,2.665518417286296,2.61467956446754
56.63,2.6909491223421806,2.468960180248052
56.64,2.714897620891257,2.318342583346558
56.65,2.737315974009112,2.1630485784169835
56.660000000000004,2.758158592459597,2.003325955635936
56.67,2.7773824931218307,1.839447680702551
56.68,2.7949475460736477,1.6717108366444984
56.69,2.8108167098547208,1.500435320356546
56.7,2.8249562524807783,1.3259623006197672
56.71,2.837335955867116,1.1486524482106515
56.72,2.8479293014449913,0.968883952522318
56.730000000000004,2.856713634917562,0.7870503427941635
56.74,2.8636703083008745,0.6035581354910731
56.75,2.8687847976273835,0.41882433250126666
56.76,2.8720467949509,0.23327379755147326
56.77,2.8734502735784133,0.047336540496823065
56.78,2.8729935257608368,-0.13855505913039637
56.79,2.870679172395805,-0.32396905678140575
56.800000000000004,2.8665141446252083,-0.5084767426925849
56.81,2.8605096375419534,-0.691655403848689
56.82,2.8526810365482342,-0.8730910158405166
56.83,2.843047817225143,-1.0523808336658271
56.84,2.831633419874918,-1.229135852405609
56.85,2.818465100177031,-1.4029831111072033
56.86,2.8035737576527735,-1.5735678160567381
56.870000000000005,2.7869937438558954,-1.7405552628504728
56.88,2.7687626523957634,-1.903632540194491
56.89,2.7489210930520054,-2.0625100020860616
56.9,2.727512452354042,-2.2169224988670466
56.910000000000004,2.7045826430746644,-2.3666303614999205
56.92,2.680179845124044,-2.5114201372138143
56.93,2.6543542403303886,-2.6511050783210903
56.94,2.6271577435576225,-2.785525389442153
56.95,2.5986437325415452,-2.9145482415352646
56.96,2.5688667787269166,-3.038067563958
56.97,2.537882381262385,-3.1560036282485067
56.980000000000004,2.5057467061619465,-3.268302439380973
56.99,2.4725163324747657,-3.3749349519057312
57.0,2.438248007123832,-3.4758961296267024
57.01,2.4029984098822315,-3.571203868304515
57.02,2.3668239297577416,-3.6608978013189293
57.03,2.329780453855853,-3.7450380083036032
57.04,2.2919231695916698,-3.823703646510568
57.050000000000004,2.253306380925642,-3.8969915241068587
57.06,2.2139833391095327,-3.9650146337907946
57.07,2.174006088249826,-4.0279006640816135
57.08,2.1334253258279,-4.085790504425316
57.09,2.092290278161319,-4.1388367589129045
57.1,2.050648590649642,-4.187202281964267
57.11,2.0085462325220336,-4.231058747828965
57.120000000000005,1.9660274156930624,-4.270585264228081
57.13,1.923134527237472,-4.305967038939609
57.14,1.87990807491427,-4.337394106640088
57.15,1.83638664510467,-4.365060121879919
57.160000000000004,1.7926068724766715,-4.389161222707477
57.17,1.7486034206505205,-4.409894968182333
57.18,1.704408973113025,-4.427459351841545
57.19,1.6600542336136896,-4.442051892112306
57.2,1.6155679352707788,-4.453868799703732
57.21,1.570976857619615,-4.463104221161576
57.22,1.5263058508475473,-4.4699495570314625
57.230000000000004,1.4815778664789858,-4.474592852445865
57.24,1.43681399379863,-4.47721825742315
57.25,1.3920335013305227,-4.478005553737687
57.26,1.3472538827238763,-4.4771297448817
57.27,1.3024909064328887,-4.474760705384698
57.28,1.2577586686161821,-4.471062885577354
57.29,1.2130696487213415,-4.466195067775513
57.300000000000004,1.168434767260672,-4.460310169808806
57.31,1.1238634453251655,-4.453555091819324
57.32,1.0793636654242855,-4.446070602301524
57.33,1.034942033279135,-4.437991259438018
57.34,0.9906038402355251,-4.4294453639005535
57.35,0.9463531260011239,-4.420554939425266
57.36,0.9021927414470197,-4.411435737630777
57.370000000000005,0.8581244112485082,-4.402197263721941
57.38,0.8141487961725808,-4.392942819906677
57.39,0.7702655548503747,-4.383769563544601
57.4,0.7264734049016889,-4.374768577240783
57.410000000000004,0.682770183305559,-4.366024948293127
57.42,0.6391529059358263,-4.357617855095354
57.43,0.595617826203652,-4.349620658287424
57.44,0.5521604927700778,-4.34210099463006
57.45,0.5087758063110508,-4.3351208717586465
57.46,0.4654580753349049,-4.328736762143438
57.47,0.42220107106818205,-4.3229996947472
57.480000000000004,0.37899808143996094,-4.317955343027813
57.49,0.3358419642076258,-4.313644108082081
57.5,0.2927251992783193,-4.310101195868007
57.51,0.24963994029026565,-4.307356687576573
57.52,0.2065780655267878,-4.305435602351018
57.53,0.16353122824324526,-4.304357951672242
57.54,0.12049090649334297,-4.304138784844124
57.550000000000004,0.07744845254636279,-4.3047882251228025
57.56,0.034395141990886925,-4.306311496140276
57.57,-0.008677777376442736,-4.308708938375878
57.58,-0.05177903677663062,-4.311976015530137
57.59,-0.09491729768704546,-4.316103310755278
57.6,-0.1381011029917362,-4.321076512795975
57.61,-0.181338827942965,-4.326876392194029
57.620000000000005,-0.2246386308356168,-4.3334787678122835
57.63,-0.26800840329921066,-4.340854464037214
57.64,-0.3114557201163611,-4.348969259127238
57.65,-0.35498778848175544,-4.357783825285666
57.660000000000004,-0.3986113966220744,-4.367253661154188
57.67,-0.44233286170483915,-4.377329017545639
57.68,-0.4861579769729871,-4.387954817364105
57.69,-0.5300919580521212,-4.399070570796824
57.7,-0.5741393883889235,-4.410610287006234
57.71,-0.6183041637922458,-4.422502383702143
57.72,-0.6625894360629664,-4.434669596133544
57.730000000000004,-0.7069975557149167,-4.447028887206944
57.74,-0.7515300138071054,-4.459491360612847
57.75,-0.7961873829271737,-4.471962179023792
57.76,-0.8409692573875811,-4.484340489615055
57.77,-0.8858741927194748,-4.496519359351709
57.78,-0.9308996445746154,-4.508385722681537
57.79,-0.9760419071731057,-4.519820344470363
57.800000000000004,-1.0212960514640226,-4.530697801212282
57.81,-1.0666558631973513,-4.540886483739097
57.82,-1.1121137811388047,-4.55024862483759
57.83,-1.1576608356941032,-4.558640355356182
57.84,-1.2032865882459283,-4.5659117925394
57.85,-1.2489790715448912,-4.571907164464481
57.86,-1.294724731535218,-4.576464974563564
57.870000000000005,-1.3405083710361625,-4.579418210291192
57.88,-1.386313095741042,-4.580594600033422
57.89,-1.432120263036831,-4.579816922344653
57.9,-1.477909434187935,-4.57690337153366
57.910000000000004,-1.5236583304675044,-4.571667983493438
57.92,-1.569342793857804,-4.563921125472404
57.93,-1.6149367529769525,-4.5534700532091
57.94,-1.6604121949219859,-4.5401195384913375
57.95,-1.7057391437467793,-4.523672569746081
57.96,-1.7508856463169076,-4.503931127712087
57.97,-1.7958177663010209,-4.480697037587605
57.980000000000004,-1.8404995870686596,-4.453772898276335
57.99,-1.8848932242665475,-4.422963088473839
58.0,-1.9289588488381362,-4.388074848343495
58.01,-1.9726547212334173,-4.348919434427959
58.02,-2.0159372375266953,-4.305313344234171
58.03,-2.0587609881181006,-4.257079605625365
58.04,-2.101078829639203,-4.204049124764301
58.050000000000004,-2.142841970613387,-4.146062084893571
58.06,-2.1840000713370746,-4.082969386731117
58.07,-2.2245013583480095,-4.014634119725625
58.08,-2.264292753731587,-3.9409330518851613
58.09,-2.3033200193857124,-3.8617581243947448
58.1,-2.3415279162194818,-3.777017935809765
58.11,-2.378860378101908,-3.686639199290287
58.120000000000005,-2.4152607002052875,-3.5905681551667272
58.13,-2.4506717412052423,-3.4887719201419163
58.14,-2.485036138608126,-3.3812397536801884
58.15,-2.518296536278846,-3.2679842216519535
58.160000000000004,-2.550395823041165,-3.1490422371309563
58.17,-2.5812773810214655,-3.024475958415965
58.18,-2.6108853422094844,-2.894373524898487
58.19,-2.639164851519435,-2.7588496123457977
58.2,-2.6660623344564,-2.6180457905282464
58.21,-2.69152576733,-2.472130667895816
58.22,-2.7155049478143165,-2.321299810194754
58.230000000000004,-2.737951763533895,-2.165775422492524
58.24,-2.758820456264167,-2.0058057870179216
58.25,-2.7780678792742535,-1.8416644524802825
58.26,-2.795653745313772,-1.6736491740527317
58.27,-2.8115408627553076,-1.5020806069239097
58.28,-2.8256953574522505,-1.327300760165464
58.29,-2.838086877958617,-1.1496712215459843
58.300000000000004,-2.84868878188317,-0.9695711677576723
58.31,-2.8574783013137703,-0.7873951782187198
58.32,-2.8644366854475445,-0.6035508740809221
58.33,-2.869549318795389,-0.4184564072203556
58.34,-2.8728058135919516,-0.2325378267368937
58.35,-2.8742000753301267,-0.04622635276277545
58.36,-2.873730340647207,0.14004441088014546
58.370000000000005,-2.8713991871125235,0.32584129247808746
58.38,-2.867213514797645,0.5107343634394422
58.39,-2.8611844998437346,0.6942997113743031
58.4,-2.8533275205701587,0.8761221428032337
58.410000000000004,-2.84366205698767,1.0557977843813664
58.42,-2.8322115648825315,1.2329365534172705
58.43,-2.819003325919325,1.4071644708787985
58.44,-2.8040682754649557,1.5781257929453376
58.45,-2.787440810060418,1.745484940411683
58.46,-2.7691585766567224,1.9089282087890413
58.47,-2.7492622458846374,2.068165245694187
58.480000000000004,-2.7277952717428384,2.2229302859770477
58.49,-2.704803640165096,2.3729831389193263
58.5,-2.6803356089644517,2.518109925655089
58.51,-2.6544414416519944,2.658123568637685
58.52,-2.627173137591698,2.7928640384332235
58.53,-2.5985841608833296,2.922198366296549
58.54,-2.5687291702657666,3.0460204338298738
58.550000000000004,-2.537663752206732,3.164250553497541
58.56,-2.505444159195816,3.276834855845825
58.57,-2.4721270550898153,3.3837445009391818
58.58,-2.437769269177032,3.4849747327705716
58.59,-2.4024275604344036,3.5805437962404785
58.6,-2.3661583932522223,3.6704917367437098
58.61,-2.3290177256995297,3.7548791024794896
58.620000000000005,-2.291060811202633,3.8337855693399585
58.63,-2.2523420143127306,3.907308507671015
58.64,-2.2129146410492124,3.9755615093770253
58.65,-2.1728307841251904,4.03867289279876
58.660000000000004,-2.1321411831932378,4.0967842015740805
58.67,-2.090895100093709,4.150048712334866
58.68,-2.0491402089465405,4.198629964641313
58.69,-2.006922500800883,4.242700325043384
58.7,-1.9642862024456729,4.282439595623053
58.71,-1.9212737088884217,4.318033675840746
58.72,-1.8779255289288581,4.349673285011593
58.730000000000004,-1.8342802431881902,4.377552751294513
58.74,-1.7903744739029679,4.401868871708221
58.75,-1.7462428657540257,4.422819846407648
58.76,-1.701918076974815,4.4406042892728355
58.77,-1.657430779968569,4.455420315787438
58.78,-1.6128096706590664,4.467464708219925
58.79,-1.5680814858041707,4.476932157268777
58.800000000000004,-1.5232710275136907,4.484014578592605
58.81,-1.4784011942323185,4.488900502014207
58.82,-1.4334930174734066,4.491774530659665
58.83,-1.388565703619125,4.4928168668637385
58.84,-1.3436366801361317,4.492202901334353
58.85,-1.298721645592438,4.490102861814421
58.86,-1.2538346228998434,4.4866815173007595
58.870000000000005,-1.208988015246423,4.482097933769489
58.88,-1.1641926642244538,4.476505277307055
58.89,-1.119457909700282,4.470050660548076
58.9,-1.074791651013492,4.462875028368188
58.910000000000004,-1.030200409132918,4.455113078864796
58.92,-0.9856893894361961,4.446893215774612
58.93,-0.9412625448174257,4.438337528617993
58.94,-0.8969226388638362,4.429561797020891
58.95,-0.8526713088770079,4.420675515840774
58.96,-0.8085091285470207,4.411781937908799
58.97,-0.764435670118832,4.402978131393046
58.980000000000004,-0.7204495659191599,4.394355048983422
58.99,-0.6765485691391635,4.385997606295226
59.0,-0.6327296137932553,4.377984767082963
59.01,-0.5889888737975042,4.3703896330469885
59.02,-0.5453218211323155,4.363279536201491
59.03,-0.5017232830734744,4.356716131952036
59.04,-0.4581874984932748,4.350755491203676
59.050000000000004,-0.41470817324940085,4.345448189985938
59.06,-0.371278534693556,4.340839395238633
59.07,-0.32789138534462814,4.33696894555234
59.08,-0.28453915578250916,4.333871425799818
59.09,-0.24121395682863178,4.33157623472976
59.1,-0.19790763108791395,4.330107644722848
59.11,-0.15461180393417479,4.329484853032406
59.120000000000005,-0.11131793402726581,4.329722023948967
59.13,-0.06801736345519545,4.3308283214404195
59.14,-0.0247013675984574,4.3328079319280235
59.15,0.018638795183365028,4.335660076964274
59.160000000000004,0.06201183394082807,4.339379015682421
59.17,0.10542637549701343,4.343954036990256
59.18,0.1488909146806332,4.349369441583602
59.19,0.19241376432868548,4.35560451395875
59.2,0.2360030049598082,4.362633484708848
59.21,0.27966643402286245,4.370425483497905
59.22,0.3234115146297663,4.378944483218563
59.230000000000004,0.36724532368723367,4.3881492359569645
59.24,0.4111744993489056,4.397993201510733
59.25,0.45520518771744833,4.4084244693350225
59.26,0.499342988735606,4.419385674927415
59.27,0.5435929012159966,4.43081391180572
59.28,0.5879592669717203,4.442640640383774
59.29,0.632445714023672,4.454791595209531
59.300000000000004,0.6770550988759109,4.46718669219694
59.31,0.7217894478676107,4.4797399376583575
59.32,0.7666498976290779,4.492359341126948
59.33,0.8116366346901496,4.504946834148127
59.34,0.8567488343120404,4.5173981974145105
59.35,0.9019845986384398,4.529602998818657
59.36,0.9473408942884136,4.541444545200452
59.370000000000005,0.992813489542449,4.552799850768965
59.38,1.038396891303793,4.563539625379386
59.39,1.0840842820500367,4.573528286041047
59.4,1.1298674570246139,4.582623995218757
59.410000000000004,1.175736761954412,4.5906787296624865
59.42,1.2216810316178637,4.597538383654909
59.43,1.26768752962751,4.6030429106969715
59.44,1.3137418898318032,4.607026507752467
59.45,1.3598280597825594,4.609317846236881
59.46,1.4059282467565408,4.6097403539564565
59.47,1.4520228668616886,4.608112552172821
59.480000000000004,1.4980904977999971,4.604248451878762
59.49,1.5441078358992637,4.597958013213514
59.5,1.5900496580642676,4.589047671713045
59.51,1.6358887893335248,4.577320934774034
59.52,1.6815960767597482,4.562579051301687
59.53,1.7271403703595585,4.544621757003966
59.54,1.7724885118998275,4.523248097181767
59.550000000000004,1.8176053323031938,4.498257328140963
59.56,1.8624536584626465,4.469449897514364
59.57,1.9069943302534809,4.436628502827882
59.58,1.9511862285192043,4.399599226576259
59.59,1.9949863147850062,4.35817274489305
59.6,2.0383496834170653,4.3121656056137025
59.61,2.0812296268972803,4.261401570149696
59.620000000000005,2.123577714820059,4.20571301212959
59.63,2.165343887139872,4.144942364237518
59.64,2.2064765621048092,4.078943603113177
59.65,2.2469227592021355,4.007583760596181
59.660000000000004,2.2866282373167333,3.930744448032124
59.67,2.3255376481627783,3.848323378842357
59.68,2.3635947048935804,3.760235873131936
59.69,2.4007423656254168,3.666416326811169
59.7,2.4369230314298034,3.566819626578156
59.71,2.4720787581569796,3.4614224911961893
59.72,2.506151481253727,3.3502247188441547
59.730000000000004,2.5390832525338625,3.2332503199617184
59.74,2.5708164876529613,3.1105485149926078
59.75,2.601294222833715,2.982194576782508
59.76,2.630460379188612,2.8482904981403685
59.77,2.6582600327965222,2.708965466242816
59.78,2.684639688513468,2.5643761271609695
59.79,2.7095475553397415,2.4147066258166374
59.800000000000004,2.7329338210298006,2.26016840911831
59.81,2.7547509235221077,2.100999782861713
59.82,2.7749538166870353,1.937465216167425
59.83,2.7935002278454566,1.7698543907190363
59.84,2.810350904501416,1.5984809957974848
59.85,2.8254698477614064,1.4236812740077207
59.86,2.838824529981571,1.245812326580825
59.870000000000005,2.850386094293023,1.0652501911192882
59.88,2.8601295338039567,0.8823877085421094
59.89,2.8680338484638654,0.6976321996849256
59.9,2.874082177797655,0.5114029754253219
59.910000000000004,2.8782619079723712,0.32412870724628556
59.92,2.8805647519425803,0.13624468774079734
59.93,2.880986801727187,-0.05180998737217657
59.94,2.8795285521951364,-0.23959528266210878
59.95,2.8761948960739447,-0.42667309790620556
59.96,2.8709950902370123,-0.6126101203653832
59.97,2.863942693666637,-0.7969806206970586
59.980000000000004,2.855055477823071,-0.9793691598522338
59.99,2.8443553104695924,-1.1593731759810897
60.0,2.8318680143034496,-1.3366054226111816
60.01,2.817623202017369,-1.5106962321043091
60.02,2.8016540896613633,-1.6812955815685622
60.03,2.7839972903859977,-1.8480749419174998
60.04,2.7646925908230133,-2.010728894538531
60.050000000000004,2.743782712495227,-2.16897650396331
60.06,2.7213130607437472,-2.322562438929694
60.07,2.6973314637166332,-2.4712578381953927
60.08,2.6718879039798393,-2.614860921320905
60.09,2.645034245290215,-2.7531973483044387
60.1,2.6168239570137506,-2.8861203353546214
60.11,2.5873118385831226,-3.0135105371695117
60.120000000000005,2.5565537462703607,-3.135275708806457
60.13,2.5246063244069936,-3.2513501625431656
60.14,2.491526743019497,-3.3616940370251176
60.15,2.457372443666491,-3.4662923974595454
60.160000000000004,2.422200895070306,-3.565154186654518
60.17,2.386069359933401,-3.658311047326411
60.18,2.3490346741237778,-3.7458160363323376
60.19,2.311153039206754,-3.8277422513556068
60.2,2.2724798290966657,-3.9041813901173503
60.21,2.233069411404407,-3.9752422614457976
60.22,2.1929749838677495,-4.041049266548557
60.230000000000004,2.152248426073436,-4.101740867646151
60.24,2.1109401665148266,-4.157468059780312
60.25,2.0690990648778294,-4.2083928601501865
60.26,2.026772309311823,-4.254686827793441
60.27,1.9840053283219607,-4.296529624854097
60.28,1.9408417168147412,-4.3341076290978675
60.29,1.8973231757400035,-4.367612605778201
60.300000000000004,1.853489464699177,-4.397240445447004
60.31,1.8093783668310635,-4.423189972864138
60.32,1.7650256652418945,-4.445661830805789
60.33,1.7204651302149478,-4.464857441316365
60.34,1.6757285164155673,-4.480978045800777
60.35,1.6308455692989323,-4.494223824319181
60.36,1.5858440399291835,-4.504793093527219
60.370000000000005,1.5407497074283878,-4.512881581901338
60.38,1.495586408291157,-4.518681780198579
60.39,1.4503760718244163,-4.522382364519251
60.4,1.405138761000772,-4.524167688863435
60.410000000000004,1.3598927180471476,-4.524217343691694
60.42,1.314654414126938,-4.52270577670915
60.43,1.2694386025129647,-4.519801971882275
60.44,1.2242583746892926,-4.515669182561051
60.45,1.1791252188617436,-4.51046471450732
60.46,1.134049080399146,-4.504339754615103
60.47,1.0890384237694415,-4.497439241142369
60.480000000000004,1.0441002955762986,-4.489901771348978
60.49,0.9992403883424619,-4.481859542545074
60.5,0.9544631047253971,-4.473438322691793
60.51,0.909771621888626,-4.464757446855798
60.52,0.8651679557882812,-4.455929835995609
60.53,0.8206530251687139,-4.4470620347462715
60.54,0.7762267150933557,-4.438254265065456
60.550000000000004,0.7318879398674047,-4.429600492805068
60.56,0.6876347052372545,-4.421188504474861
60.57,0.6434641697779075,-4.413099991665852
60.58,0.5993727054039374,-4.405410640799453
60.59,0.5553559569619185,-4.398190226061586
60.6,0.5114089008827057,-4.391502703568355
60.61,0.46752590289055146,-4.385406304990176
60.620000000000005,0.4237007747829022,-4.379953629034118
60.63,0.3799268303098691,-4.375191729349166
60.64,0.3361969401959189,-4.371162197576199
60.65,0.2925035863583451,-4.367901240413708
60.660000000000004,0.2488389153876447,-4.365439749712129
60.67,0.20519479136410254,-4.363803364744392
60.68,0.16156284809275684,-4.363012525928722
60.69,0.11793454084552808,-4.363082519402352
60.7,0.0743011977047098,-4.364023511962586
60.71,0.03065407060627637,-4.365840576005359
60.72,-0.01301561381539738,-4.368533704202003
60.730000000000004,-0.05671660347776369,-4.372097813763357
60.74,-0.10045757009066454,-4.37652274024762
60.75,-0.14424705828271608,-4.38179322097538
60.76,-0.18809343451017213,-4.387888868223243
60.77,-0.23200483564718097,-4.394784132477237
60.78,-0.2759891171597169,-4.402448256139809
60.79,-0.32005380076997714,-4.410845218200669
60.800000000000004,-0.3642060215237303,-4.419933670502865
60.81,-0.40845247418003444,-4.42966686636215
60.82,-0.4527993588509733,-4.4399925824307385
60.83,-0.49725232582864926,-4.450853034836526
60.84,-0.5418164195477039,-4.462184790776423
60.85,-0.5864960216441778,-4.47391867689797
60.86,-0.6312947930856633,-4.485979685967169
60.870000000000005,-0.6762156153635211,-4.498286883492467
60.88,-0.7212605307555127,-4.510753316155022
60.89,-0.7664306816866217,-4.5232859240831775
60.9,-0.8117262492371762,-4.53578545920392
60.910000000000004,-0.8571463908707,-4.548146412104851
60.92,-0.9026891774792731,-4.56025695004544
60.93,-0.9483515298716088,-4.571998868964312
60.94,-0.9941291548585593,-4.583247562537626
60.95,-1.0400164811223613,-4.593872011549642
60.96,-1.0860065950895523,-4.6037347970368065
60.97,-1.1320911770630975,-4.6126921408575265
60.980000000000004,-1.178260437906703,-4.620593977516543
60.99,-1.2245030566134285,-4.627284061230585
61.0,-1.2708061191313147,-4.632600112355033
61.01,-1.317155058860529,-4.636374007393354
61.02,-1.3635335992791817,-4.638432016875353
61.03,-1.4099236991980362,-4.638595095409245
61.04,-1.4563055011873667,-4.636679228178556
61.050000000000004,-1.5026572837616075,-4.632495838059433
61.06,-1.5489554179485554,-4.6258522573689085
61.07,-1.5951743289089855,-4.61655226801117
61.08,-1.6412864633087787,-4.604396713458751
61.09,-1.6872622631781606,-4.589184185580555
61.1,-1.73307014702039,-4.570711788801336
61.11,-1.7786764989541872,-4.548775983441178
61.120000000000005,-1.8240456666892135,-4.523173509333327
61.13,-1.869139969140854,-4.493702389950942
61.14,-1.9139197144882325,-4.460163016286256
61.15,-1.9583432294665792,-4.422359308620341
61.160000000000004,-2.0023669006606393,-4.380099953101752
61.17,-2.0459452285286144,-4.333199708725075
61.18,-2.089030894835141,-4.281480778876264
61.19,-2.1315748441061393,-4.224774240105478
61.2,-2.1735263796372504,-4.1629215192186795
61.21,-2.214833274490513,-4.095775908169759
61.22,-2.2554418978006456,-4.023204104612944
61.230000000000004,-2.2952973565827723,-3.9450877643726545
61.24,-2.334343653088099,-3.861325050540407
61.25,-2.3725238575935808,-3.7718321624552855
61.26,-2.409780296337205,-3.6765448265078633
61.27,-2.4460547541237383,-3.575419729571338
61.28,-2.4812886909286322,-3.4684358749529456
61.29,-2.5154234716227974,-3.3555958401178945
61.300000000000004,-2.5484006077309904,-3.2369269151097684
61.31,-2.580162009924993,-3.112482100614783
61.32,-2.6106502497432857,-2.982340945026629
61.33,-2.6398088288255255,-2.8466102006912655
61.34,-2.6675824537571113,-2.705424280765993
61.35,-2.6939173144408453,-2.5589454998235275
61.36,-2.7187613637535817,-2.4073640834675247
61.370000000000005,-2.7420645961101955,-2.25089793478672
61.38,-2.7637793224493157,-2.0897921484332422
61.39,-2.78386043907886,-1.9243182664262775
61.4,-2.802265687777841,-1.7547732734016772
61.410000000000004,-2.8189559045468933,-1.5814783328857112
61.42,-2.833895254435555,-1.4047772701904508
61.43,-2.847051449950702,-1.2250348116236003
61.44,-2.8583959506680268,-1.0426345937845443
61.45,-2.8679041418263926,-0.8579769606843785
61.46,-2.875555489881714,-0.6714765701830692
61.47,-2.881333673230054,-0.483559834686065
61.480000000000004,-2.8852266865754355,-0.2946622240954807
61.49,-2.887226917711964,-0.10522546158575191
61.5,-2.8873311958071506,0.08430535519962468
61.51,-2.885540810607971,0.2734846735109198
61.52,-2.881861502336932,0.46186941061609565
61.53,-2.876303422395649,0.6490218497736823
61.54,-2.8688810653414585,0.8345124726974608
61.550000000000004,-2.8596131729417,1.0179226953639329
61.56,-2.8485226114341797,1.1988474758411134
61.57,-2.835636223424878,1.3768977652136183
61.58,-2.8209846561299075,1.551702775578827
61.59,-2.804602167913301,1.7229120424140845
61.6,-2.7865264152816254,1.8901972622778551
61.61,-2.766798222667744,2.0532538907143376
61.620000000000005,-2.7454613374673387,2.2118024892839547
61.63,-2.7225621728820646,2.3655898147440637
61.64,-2.698149541172457,2.514389647460983
61.65,-2.6722743799328446,2.658003360057791
61.660000000000004,-2.644989473971301,2.796260231012418
61.67,-2.6163491753125965,2.9290175113478405
61.68,-2.5864091237443443,3.056160255642968
61.690000000000005,-2.555225970199737,3.1776009312941205
61.7,-2.522857105118462,3.2932788222410716
61.71,-2.489360393754916,3.4031592452196957
61.72,-2.4547939202140685,3.507232598009146
61.730000000000004,-2.419215741794733,3.6055132601106084
61.74,-2.382683655011856,3.698038366842804
61.75,-2.345254974457877,3.7848664779912906
61.76,-2.3069863254520304,3.8660761619362476
61.77,-2.267933451219152,3.941764515644526
61.78,-2.2281510351391396,4.012045640087927
61.79,-2.187692538417393,4.077049089585
61.800000000000004,-2.1466100533474397,4.136918312302978
61.81,-2.104954172171334,4.191809097744344
61.82,-2.062773871392553,4.241888045521699
61.83,-2.0201164112609002,4.28733106813552
61.84,-1.977027250029843,4.328321938849062
61.85,-1.933549972483919,4.3650508941362505
61.86,-1.8897262321471178,4.397713298591096
61.870000000000005,-1.845595706512097,4.426508378655568
61.88,-1.8011960645740064,4.451638030067332
61.89,-1.7565629459107501,4.473305702565445
61.9,-1.7117299505226973,4.491715364132952
61.910000000000004,-1.666728638628091,4.507070545908639
61.92,-1.6215885396045246,4.519573467870878
61.93,-1.5763371692706736,4.52942424448638
61.940000000000005,-1.531000054714797,4.536820168724934
61.95,-1.4856007658961747,4.54195507216509
61.96,-1.4401609532714952,4.545018758350312
61.97,-1.3947003907291686,4.546196506094446
61.980000000000004,-1.3492370231496063,4.545668639072083
61.99,-1.303787017947727,4.543610157755811
62.0,-1.25836481999449,4.540190429569917
62.01,-1.2129832093563284,4.535572933010526
62.02,-1.1676533613342794,4.529915051426673
62.03,-1.122384908327795,4.523367912157322
62.04,-1.0771860030911329,4.516076266767701
62.050000000000004,-1.0320633829924408,4.508178408217063
62.06,-0.9870224349267915,4.499806120912021
62.07,-0.9420672605742004,4.491084659748507
62.08,-0.8972007417318214,4.482132754415231
62.09,-0.8524246054858957,4.473062635417088
62.1,-0.8077394890234796,4.463980078473572
62.11,-0.7631450039164243,4.4549844641508205
62.120000000000005,-0.7186397997404631,4.44616884979306
62.13,-0.674221626920563,4.437620051026837
62.14,-0.6298873987199264,4.42941873031723
62.15,-0.5856332523142185,4.421639490257128
62.160000000000004,-0.5414546089147839,4.414350969467181
62.17,-0.4973462329248749,4.4076159391739544
62.18,-0.45330229013130485,4.40149139871636
62.190000000000005,-0.4093164049505477,4.3960286684050764
62.2,-0.3653817167632033,4.39127347832615
62.21,-0.3214909353840247,4.387266051838331
62.22,-0.27763639572643667,4.384041182664064
62.230000000000004,-0.2338101117307434,4.381628304616883
62.24,-0.190003829634099,4.380051553143723
62.25,-0.14620908066786895,4.379329817990015
62.26,-0.10241723327429872,4.379476786419152
62.27,-0.0586195449394859,4.380500976536817
62.28,-0.014807213743562378,4.38240576038565
62.29,0.02902857026822709,4.385189376587804
62.300000000000004,0.07289657378819371,4.388844932423035
62.31,0.1168054689166878,4.393360395339119
62.32,0.1607637816949761,4.3987185740006876
62.33,0.20477984039670155,4.404897089092958
62.34,0.24886172347683524,4.4118683342093785
62.35,0.2930172070808891,4.419599427267903
62.36,0.33725371202219323,4.428052153020403
62.370000000000005,0.3815782501412971,4.437182897344491
62.38,0.4259973699690831,4.446942574137662
62.39,0.4705171016240504,4.457276545770829
62.4,0.5151429008844998,4.468124538202755
62.410000000000004,0.5598795923881056,4.479420552008999
62.42,0.6047313119246798,4.491092770739219
62.43,0.6497014478028901,4.503063468185164
62.440000000000005,0.6947925812883832,4.515248916318411
62.45,0.7400064261292584,4.527559295841621
62.46,0.7853437672052156,4.539898611489187
62.47,0.8308043983590421,4.552164614411901
62.480000000000004,0.8763870594934536,4.564248734184277
62.49,0.9220893730427276,4.576036023181071
62.5,0.9679077799570751,4.5874051162790614
62.51,1.0138374753683088,4.598228209048986
62.52,1.0598723441380546,4.608371057807529
62.53,1.1060048965244593,4.61769300509694
62.54,1.1522262042399933,4.626047034345995
62.550000000000004,1.1985258372113792,4.633279857635988
62.56,1.2448918013927133,4.639232040643714
62.57,1.2913104780242537,4.643738168954211
62.58,1.3377665647717976,4.646627060022597
62.59,1.3842430192247055,4.647722025109669
62.6,1.430721005273991,4.646841185512293
62.61,1.4771798429349514,4.643797847348947
62.620000000000005,1.5235969622209697,4.638400939034671
62.63,1.5699478617156448,4.630455515379561
62.64,1.616206072528561,4.619763331962193
62.65,1.6623431283548886,4.60612349305571
62.660000000000004,1.7083285423896752,4.589333175911714
62.67,1.7541297918731231,4.569188433628572
62.68,1.7997123110622468,4.545485078140175
62.690000000000005,1.8450394934359264,4.51801964405398
62.7,1.8900727039433263,4.486590433140554
62.71,1.9347713020987376,4.4509986382304465
62.72,1.979092676707935,4.411049544109982
62.730000000000004,2.022992292980937,4.3665538017309835
62.74,2.066423752742555,4.317328770669024
62.75,2.109338868394318,4.263199923293211
62.76,2.1516877512084194,4.204002302564297
62.77,2.1934189144456036,4.1395820237781145
62.78,2.2344793916839816,4.069797808943195
62.79,2.2748148706244677,3.994522540854823
62.800000000000004,2.314369842501078,3.9136448223364266
62.81,2.3530877670711963,3.8270705246009746
62.82,2.3909112529930976,3.7347243072807186
62.83,2.4277822532168107,3.636551091426685
62.84,2.4636422748216313,3.532517465734587
62.85,2.4984326025315022,3.422613005456495
62.86,2.532094534930761,3.306851482951818
62.870000000000005,2.5645696321905387,3.185271948658402
62.88,2.595799973903929,3.0579396614622847
62.89,2.6257284254197844,2.924946848044272
62.9,2.6542989108648145,2.786413271806955
62.910000000000004,2.6814566908559234,2.6424865934518267
62.92,2.707148642733851,2.493342507186879
62.93,2.731323540999661,2.339184638892805
62.940000000000005,2.7539323355117067,2.180244195340256
62.95,2.7749284249064656,2.0167793566979224
62.96,2.794267922645665,1.8490744080546846
62.97,2.811909913067559,1.677438609439105
62.980000000000004,2.8278166948344468,1.5022048077847638
62.99,2.841954009223254,1.3237277983788354
63.0,2.854291250802023,1.1423824474541342
63.01,2.8648016581723366,0.9585615916462812
63.02,2.873462482634949,0.772673733939504
63.03,2.880255132851127,0.5851405593691379
63.04,2.885165293822332,0.3963942970420224
63.050000000000004,2.8881830187919673,0.20687495789054527
63.06,2.8893027929801427,0.017027479914976412
63.07,2.888523568390267,-0.1727011855721829
63.08,2.885848769268699,-0.3618650120556681
63.09,2.8812862681491533,-0.5500218251663981
63.1,2.874848332765371,-0.736736184358887
63.11,2.866551544461976,-0.9215821848772413
63.120000000000005,2.856416689067826,-1.1041461474844108
63.13,2.8444686215122874,-1.284029165545182
63.14,2.8307361057569222,-1.4608494817122009
63.15,2.815251631878043,-1.6342446695938375
63.160000000000004,2.7980512123650456,-1.803873599299481
63.17,2.7791741598920536,-1.9694181695701185
63.18,2.7586628489736436,-2.130584793213146
63.190000000000005,2.736562464027791,-2.2871056266718535
63.2,2.712920736440206,-2.4387395386751116
63.21,2.6877876732542885,-2.58527281693915
63.22,2.6612152801014233,-2.726519615745849
63.230000000000004,2.6332572809393717,-2.86232215082505
63.24,2.6039688370849223,-2.992550651257525
63.25,2.573406267914221,-3.1171030810384543
63.26,2.541626775464153,-3.2359046454595717
63.27,2.5086881750050294,-3.348907099555892
63.28,2.4746486334730347,-3.4560878775075032
63.29,2.4395664174548792,-3.557449063087702
63.300000000000004,2.403499652211281,-3.6530162220165443
63.31,2.3665060930145487,-3.742837117434021
63.32,2.3286429098626007,-3.8269803296782547
63.33,2.2899664864209837,-3.9055338011765355
63.34,2.25053223383907,-3.9786033265707546
63.35,2.2103944198895684,-4.046311007247155
63.36,2.169606013694127,-4.108793688268221
63.370000000000005,2.128218546124204,-4.166201394357124
63.38,2.0862819858069845,-4.218695780106571
63.39,2.0438446305220728,-4.266448608016141
63.4,2.000953013646662,-4.30964026634439
63.410000000000004,1.957651825195185,-4.348458337129543
63.42,1.913983846904071,-4.383096223117017
63.43,1.8699899007328449,-4.413751840760355
63.440000000000005,1.825708810088864,-4.440626384957189
63.45,1.781177373033701,-4.463923169761926
63.46,1.7364303466936257,-4.483846547996091
63.47,1.6915004420737794,-4.500600911465919
63.480000000000004,1.6464183284643075,-4.514389772401432
63.49,1.6012126466257508,-4.525414925755236
63.5,1.5559100299492026,-4.533875691143134
63.51,1.510535132802888,-4.539968232470514
63.52,1.4651106652997923,-4.543884952664393
63.53,1.4196574337496002,-4.545813960415536
63.54,1.3741943860914816,-4.545938605421438
63.550000000000004,1.3287386616411716,-4.544437078301562
63.56,1.2833056445254505,-4.541482071122878
63.57,1.237909020218714,-4.537240494317849
63.58,1.1925608346390935,-4.531873245690104
63.59,1.1472715553049118,-4.52553502717644
63.6,1.1020501340955646,-4.518374205059466
63.61,1.0569040712037225,-4.510532709395152
63.620000000000005,1.0118394799076618,-4.502145968526538
63.63,0.966861151833192,-4.493342874691966
63.64,0.9219726224138225,-4.484245776897339
63.65,0.8771762362952452,-4.474970497401312
63.660000000000004,0.8324732124657962,-4.465626368355198
63.67,0.7878637089281412,-4.456316285341088
63.68,0.7433468867589743,-4.447136774758709
63.690000000000005,0.6989209734329669,-4.438178072220432
63.7,0.6545833253145656,-4.429524209321974
63.71,0.6103304892465274,-4.421253106361529
63.72,0.566158263187335,-4.413436668780452
63.730000000000004,0.5220617558709183,-4.406140885292894
63.74,0.47803544548147714,-4.399425925858959
63.75,0.43407323735373915,-4.393346237835344
63.76,0.39016852072477026,-4.387950638808603
63.77,0.3463142245775671,-4.383282404779149
63.78,0.3025028726291873,-4.379379352518764
63.79,0.2587266375271918,-4.376273915071282
63.800000000000004,0.21497739432776167,-4.373993209505411
63.81,0.1712467733370836,-4.372559096161155
63.82,0.12752621240453854,-4.371988228757623
63.83,0.08380700876193115,-4.3722920948508825
63.84,0.04008037050752089,-4.373477046246989
63.85,-0.003662532163008629,-4.375544319088071
63.86,-0.047430515874240534,-4.378490043439622
63.870000000000005,-0.09123233303180106,-4.3823052423157005
63.88,-0.13507662072055454,-4.386975820186787
63.89,-0.1789718494355368,-4.3924825411234725
63.9,-0.22292627154302397,-4.398800996839096
63.910000000000004,-0.26694786937231874,-4.405901565006791
63.92,-0.3110443028431598,-4.413749358342254
63.93,-0.35522285653916386,-4.422304165063721
63.940000000000005,-0.3994903861444343,-4.4315203814660356
63.95,-0.4438532641684846,-4.441346937477163
63.96,-0.48831732489397756,-4.451727216203667
63.97,-0.5328878084925579,-4.462598968617148
63.980000000000004,-0.5775693042663205,-4.473894224686897
63.99,-0.6223656929862958,-4.485539202425338
64.0,-0.6672800883148272,-4.497454216482285
64.01,-0.7123147773159415,-4.5095535881015705
64.02,-0.7574711600768586,-4.521745558438786
64.03,-0.8027496884847172,-4.533932207431107
64.04,-0.8481498042254807,-4.546009380608461
64.05,-0.8936698760968864,-4.557866626438291
64.06,-0.9393071367542466,-4.569387147002188
64.07000000000001,-0.9850576190369302,-4.580447765009426
64.08,-1.0309160920544351,-4.590918910357436
64.09,-1.076875997244079,-4.600664629649149
64.1,-1.122929384647418,-4.609542622268339
64.11,-1.1690668496894456,-4.617404306792201
64.12,-1.215277470783262,-4.624094921680563
64.13,-1.261548748123057,-4.629453664317836
64.14,-1.3078665440696189,-4.633313872590864
64.15,-1.3542150255748744,-4.635503253256714
64.16,-1.4005766091347533,-4.635844161381719
64.17,-1.4469319088025088,-4.634153935109188
64.18,-1.493259687836937,-4.63024528992998
64.19,-1.5395368146011086,-4.6239267764792205
64.2,-1.5857382233665216,-4.615003305655366
64.21000000000001,-1.6318368807142158,-4.603276744546223
64.22,-1.6778037582574459,-4.588546586242246
64.23,-1.7236078124390606,-4.5706106961129835
64.24,-1.7692159721797054,-4.549266136511234
64.25,-1.814593135169285,-4.5243100711458455
64.26,-1.8597021736026222,-4.495540749524229
64.27,-1.9045039501597696,-4.462758570907618
64.28,-1.9489573450207744,-4.425767226146324
64.29,-1.993019294682696,-4.384374914571861
64.3,-2.0366448433122115,-4.338395631824206
64.31,-2.0797872073191797,-4.287650523095563
64.32000000000001,-2.1223978537741224,-4.231969294790491
64.33,-2.1644265932149893,-4.17119167605411
64.34,-2.2058216872952046,-4.105168920027404
64.35,-2.2465299716155376,-4.033765333078018
64.36,-2.286496993956765,-3.9568598186569925
64.37,-2.3256671679886773,-3.8743474208815503
64.38,-2.363983942374396,-3.786140851479447
64.39,-2.401389985018266,-3.6921719823929524
64.4,-2.4378273820222547,-3.5923932851734883
64.41,-2.473237850721736,-3.4867791973458
64.42,-2.507562965969171,-3.3753273952275715
64.43,-2.5407443986262876,-3.2580599522993547
64.44,-2.5727241650151584,-3.135024362170297
64.45,-2.6034448858696937,-3.006294405512377
64.46000000000001,-2.632850053125406,-2.8719708410683977
64.47,-2.660884302691062,-2.7321819019974405
64.48,-2.6874936911653546,-2.5870835804170476
64.49,-2.7126259742994026,-2.43685968503428
64.5,-2.7362308848660404,-2.281721659216341
64.51,-2.75826040748373,-2.121908149711217
64.52,-2.778669047860265,-1.957684319452321
64.53,-2.797414093872776,-1.7893409014180621
64.54,-2.8144558658886263,-1.6171929943049246
64.55,-2.8297579537588744,-1.4415786047372774
64.56,-2.8432874379833715,-1.262856944795532
64.57000000000001,-2.855015092654785,-1.0814064977059619
64.58,-2.8649155679374907,-0.8976228685053494
64.59,-2.872967550024892,-0.7119164402747588
64.6,-2.879153896742986,-0.5247098600336519
64.61,-2.8834617472255655,-0.3364353815074567
64.62,-2.8858826043731356,-0.14753209464554468
64.63,-2.8864123891184765,0.04155692609973244
64.64,-2.885051465851141,0.2303875211774092
64.65,-2.8818046386949283,0.41851735855693306
64.66,-2.8766811186800023,0.6055088248371341
64.67,-2.869694462198186,0.7909318605288757
64.68,-2.8608624814694252,0.9743667062565755
64.69,-2.8502071280730545,1.1554065283086488
64.7,-2.8377543509032526,1.333659894228547
64.71000000000001,-2.823533930188484,1.5087530719145335
64.72,-2.807579289464962,1.680332128912788
64.73,-2.7899272876102277,1.8480648121598224
64.74,-2.770617993221765,2.0116421922643237
64.75,-2.749694443764941,2.170780060419336
64.76,-2.7272023920133783,2.3252200701063823
64.77,-2.7031900423628135,2.4747306197993804
64.78,-2.6777077796173905,2.619107476808981
64.79,-2.650807892826634,2.7581741461460116
64.8,-2.6225442966944703,2.8917819917546748
64.81,-2.5929722529915407,3.0198101206120387
64.82000000000001,-2.56214809428223,3.142165042962723
64.83,-2.5301289521322863,3.2587801243219863
64.84,-2.4969724917957903,3.369614846815219
64.85,-2.462736655195982,3.474653898918197
64.86,-2.4274794138174265,3.5739061137232118
64.87,-2.3912585329215177,3.667403276494782
64.88,-2.3541313482875306,3.7551988225176727
64.89,-2.316154556471164,3.8373664461096526
64.9,-2.2773840193653374,3.9139986412080137
64.91,-2.2378745836470038,3.985205193182902
64.92,-2.1976799155016797,4.051111640525203
64.93,-2.1568523508365,4.111857723846553
64.94,-2.115442761024749,4.167595838258266
64.95,-2.073500434071335,4.218489503707655
64.96000000000001,-2.0310729709505955,4.264711866284883
64.97,-1.988206196745637,4.30644424190882
64.98,-1.944944086112419,4.343874712190226
64.99,-1.9013287025018324,4.377196780684705
65.0,-1.8574001504987248,4.406608096211919
65.01,-1.8131965405775938,4.43230924845263
65.02,-1.768753965529672,4.454502639658231
65.03,-1.7241064877844292,4.473391435031411
65.04,-1.679286136829044,4.489178593170512
65.05,-1.634322915921019,4.502065976919626
65.06,-1.5892448172906515,4.5122535440340625
65.07000000000001,-1.5440778450403378,4.519938616256289
65.08,-1.4988460449655259,4.52531522469852
65.09,-1.4535715405463676,4.528573528840337
65.1,-1.4082745743887193,4.529899305967477
65.11,-1.3629735544270183,4.529473507494192
65.12,-1.3176851042388353,4.527471878318782
65.13,-1.2724241168606425,4.524064635151794
65.14,-1.2272038115357993,4.519416199620534
65.15,-1.1820357928682317,4.51368498188354
65.16,-1.1369301118981285,4.507023210476122
65.17,-1.0918953286587094,4.499576804145043
65.18,-1.0469385758152279,4.491485281509241
65.19,-1.0020656230285245,4.482881704497073
65.2,-0.9572809417252863,4.473892651652342
65.21000000000001,-0.9125877699954776,4.4646382175653105
65.22,-0.86798817737398,4.455232034865748
65.23,-0.8234831292981626,4.44578131540789
65.24,-0.7790725510658221,4.4363869074779485
65.25,-0.7347553911486036,4.427143366059818
65.26,-0.6905296837446258,4.418139033400878
65.27,-0.646392610480586,4.4094561273246535
65.28,-0.6023405611981327,4.401170834938607
65.29,-0.5583691937818139,4.3933534095817
65.3,-0.5144734930064987,4.386068269046476
65.31,-0.47064782840088437,4.3793740932932135
65.32000000000001,-0.4268860111406344,4.37332392004876
65.33,-0.38318134999990916,4.367965236849457
65.34,-0.33952670640364524,4.363340068246282
65.35,-0.29591454863498357,4.359485057040823
65.36,-0.2523370052628288,4.356431538563536
65.37,-0.20878591786371284,4.354205607141194
65.38,-0.16525289312000493,4.352828174029213
65.39,-0.12172935438312857,4.3523150162073225
65.4,-0.07820659279585847,4.3526768155546165
65.41,-0.03467581807203623,4.353919188033242
65.42,0.008871790964806366,4.356042702619791
65.43,0.05244503598035959,4.359042889830815
65.44,0.09605264876142265,4.36291023979471
65.45,0.1397032407762538,4.367630189927675
65.46000000000001,0.18340525255997614,4.373183102377335
65.47,0.22716690282380045,4.37954423150511
65.48,0.2709961371900783,4.386683681788415
65.49,0.31490057645956876,4.394566356637215
65.5,0.35888746432282265,4.403151898737324
65.51,0.4029636144343152,4.412394622655856
65.52,0.44713535677593974,4.422243440573313
65.53,0.4914084832457815,4.432641782142493
65.54,0.5357881924187896,4.4435275096173505
65.55,0.5802790334381285,4.454832829545561
65.56,0.6248848490097009,4.466484202477111
65.57000000000001,0.6696087174876708,4.478402252307819
65.58,0.7144528940558573,4.4905016770511965
65.59,0.7594187510286947,4.502691163014124
65.6,0.8045067173161398,4.514873304540726
65.61,0.8497162171195092,4.526944531683693
65.62,0.8950456079498136,4.538795048361781
65.63,0.9404921180867447,4.550308783764509
65.64,0.9860517836251037,4.561363359968217
65.65,1.031719385286109,4.5718300789287944
65.66,1.0774883852036794,4.581573932212597
65.67,1.1233508639303609,4.590453637014584
65.68,1.169297457943971,4.59832170218731
65.69,1.215317297974107,4.605024528161274
65.7,1.2613979485071964,4.610402544770892
65.71000000000001,1.3075253488695249,4.614290391104969
65.72,1.353683756329296,4.616517141569456
65.73,1.3998556917009142,4.616906582376408
65.74,1.4460218879768243,4.615277542648852
65.75,1.4921612425538913,4.6114442842487575
65.76,1.5382507736617994,4.605216954286341
65.77,1.584265581639618,4.596402104045194
65.78,1.6301788157427033,4.584803277750996
65.79,1.675961647194638,4.5702216742139115
65.8,1.7215832492269814,4.5524568838788175
65.81,1.767010784872214,4.531307703216759
65.82000000000001,1.8122094032913165,4.506573027680038
65.83,1.8571422454258149,4.478052823618434
65.84,1.9017704597636853,4.445549178613143
65.85,1.9460532289980779,4.408867428628659
65.86,1.9899478083362585,4.367817359213984
65.87,2.0334095761823576,4.322214476709523
65.88,2.0763920978704493,4.27188134404437
65.89,2.1188472030632455,4.216648974253979
65.9,2.160725077355529,4.156358273327706
65.91,2.2019743685297994,4.090861522431275
65.92,2.2425423078041544,4.0200238879665635
65.93,2.282374846289131,3.9437249463603816
65.94,2.3214168067313627,3.8618602089490484
65.95,2.359612050468112,3.7743426308839627
65.96000000000001,2.3969036593490416,3.681104086665443
65.97,2.433234132201421,3.582096793760204
65.98,2.468545595224246,3.477294664815499
65.99,2.502780025497731,3.366694568293577
66.0,2.5358794865901175,3.250317476955605
66.01,2.5677863750368433,3.1282094835636216
66.02,2.59844367626139,3.0004426634768073
66.03,2.6277952283063795,2.867115764522785
66.04,2.6557859915518454,2.7283547056462543
66.05,2.682362322419304,2.584312867387378
66.06,2.707472248899593,2.4351711592216936
66.07000000000001,2.731065745603738,2.2811378511909277
66.08,2.753095005923411,2.1224481600467007
66.09,2.773514708804672,1.9593635832805338
66.1,2.792282277589022,1.7921709778751624
66.11,2.809358128362175,1.6211813843230973
66.12,2.8247059052754837,1.4467286003469526
66.13,2.838292700369114,1.269167512741253
66.14,2.8500892555303086,1.0888721997489836
66.15,2.8600701443640935,0.906233820295071
66.16,2.86821393193621,0.7216583101284295
66.17,2.874503310566662,0.5355639083805115
66.18,2.8789252101038203,0.348378541142125
66.19,2.8814708813895047,0.16053709130978935
66.2,2.8821359519300165,-0.027521413913339732
66.21000000000001,2.8809204531112385,-0.21535666491729794
66.22,2.877828818631671,-0.40252994709882123
66.23,2.872869854169262,-0.5886069996025682
66.24,2.8660566786396195,-0.7731608215570606
66.25,2.857406637738121,-0.9557743929673559
66.26,2.8469411907802726,-1.1360432790358526
66.27,2.834685772157404,-1.3135780888619497
66.28,2.8206696290030333,-1.4880067621610502
66.29,2.804925636914183,-1.6589766607711993
66.3,2.7874900957876094,-1.8261564451989594
66.31,2.7684025080102037,-1.9892377202051161
66.32000000000001,2.7477053413835075,-2.147936437351603
66.33,2.725443779263172,-2.3019940464287982
66.34,2.7016654604549317,-2.451178391664402
66.35,2.676420211429884,-2.595284352493621
66.36,2.649759773405059,-2.734134232365075
66.37,2.6217375267825824,-2.8675779024967403
66.38,2.5924082153551242,-2.9954927106215505
66.39,2.5618276725701516,-3.1177831675252183
66.4,2.53005255200462,-3.234380426544374
66.41,2.4971400640392645,-3.345241573138896
66.42,2.4631477205418424,-3.4503487431683837
66.43,2.4281330891758968,-3.5497080895906565
66.44,2.3921535587500293,-3.6433486179721246
66.45,2.3552661168164546,-3.731320911477008
66.46000000000001,2.3175271405204896,-3.813695765913612
66.47,2.2789922014981823,-3.890562754996055
66.48,2.2397158854205683,-3.962028745268267
66.49,2.1997516265928168,-4.02821637917589
66.5,2.1591515578370504,-4.089262543604325
66.51,2.11796637572073,-4.145316839871092
66.52,2.0762452210396285,-4.196540069710167
66.53,2.034035574326527,-4.243102750255183
66.54,1.991383166034525,-4.2851836694545185
66.55,1.9483319009374367,-4.322968491768035
66.56,1.9049237961991643,-4.356648422432245
66.57000000000001,1.8611989324887919,-4.386418937063611
66.58,1.8171954174578921,-4.412478581919761
66.59,1.7729493608503968,-4.435027848772846
66.6,1.7284948604824353,-4.454268127081118
66.61,1.6838639983087744,-4.470400734983584
66.62,1.6390868457827636,-4.483626029593996
66.63,1.5941914777168944,-4.494142596137662
66.64,1.5492039938600104,-4.50214651465751
66.65,1.5041485474237444,-4.507830702312623
66.66,1.459047379813758,-4.511384328699066
66.67,1.413920860849763,-4.512992301133782
66.68,1.3687875337910824,-4.512834816451091
66.69,1.3236641645207412,-4.511086975560364
66.7,1.278565794279875,-4.507918456794916
66.71000000000001,1.2335057953848425,-4.503493243937802
66.72,1.1884959294011188,-4.497969404731595
66.73,1.1435464072902106,-4.491498915658429
66.74,1.0986659510879502,-4.484227528805467
66.75,1.0538618567141014,-4.476294676702145
66.76,1.0091400575539073,-4.467833411121888
66.77,0.9645051884916636,-4.458970371976039
66.78,0.9199606501143865,-4.44982578258552
66.79,0.8755086728399533,-4.440513467790827
66.8,0.8311503807585701,-4.4311408915487025
66.81,0.7868858550089792,-4.42180921085989
66.82000000000001,0.7427141965413723,-4.412613343073256
66.83,0.6986335881475141,-4.403642043814116
66.84,0.65464135566509,-4.394977992986213
66.85,0.6107340282877899,-4.386697886495428
66.86,0.5669073979351814,-4.378872531537191
66.87,0.523156577657046,-4.371566943477429
66.88,0.47947605906563284,-4.36484044253784
66.89,0.43585976880628924,-4.358746748669558
66.9,0.39230112409224166,-4.3533340731646915
66.91,0.34879308734299547,-4.348645205712461
66.92,0.3053282199779925,-4.344717595756036
66.93,0.26189873542787473,-4.341583427147743
66.94,0.2184965514350376,-4.339269685234698
66.95,0.17511334172318077,-4.337798215634569
66.96000000000001,0.1317405871223462,-4.337185774082779
66.97,0.08836962624152517,-4.337444066848831
66.98,0.044991705785369575,-4.3385797813313545
66.99,0.0015980306148980757,-4.340594606549848
67.0,-0.04182018634562739,-4.343485243356897
67.01,-0.08527167425223985,-4.347243404298766
67.02,-0.1287650544316027,-4.3518558031557975
67.03,-0.1723087903153558,-4.357304134297847
67.04,-0.21591113711755963,-4.3635650420951855
67.05,-0.2595800911572595,-4.370610080732744
67.06,-0.3033233387322145,-4.378405664886291
67.07000000000001,-0.34714820445498534,-4.3869130118339905
67.08,-0.39106159896889436,-4.396088075696627
67.09,-0.4350699659689179,-4.4058814746254304
67.1,-0.47917922846140293,-4.4162384118885045
67.11,-0.523394734206688,-4.427098591946055
67.12,-0.5677212003003241,-4.438396132751271
67.13,-0.6121626568617135,-4.450059475668275
67.14,-0.6567223898136896,-4.462011294561045
67.15,-0.7014028827529343,-4.474168405777709
67.16,-0.7462057579292437,-4.486441680932638
67.17,-0.7911317163715871,-4.498735964574001
67.18,-0.8361804772207236,-4.510949999015748
67.19,-0.8813507163519019,-4.522976358809469
67.2,-0.926640004396913,-4.534701397531361
67.21000000000001,-0.9720447443025291,-4.546005209760861
67.22,-1.01756010859213,-4.556761611327808
67.23,-1.063179976529085,-4.5668381411013526
67.24,-1.108896871414157,-4.576096087782847
67.25,-1.154701898284742,-4.584390545342498
67.26,-1.200584682321007,-4.591570500901195
67.27,-1.2465333083027659,-4.59747895899936
67.28,-1.292534261500994,-4.601953106308203
67.29,-1.3385723704289298,-4.604824520919085
67.3,-1.3846307519193757,-4.605919430386897
67.31,-1.4306907590366678,-4.605059022696184
67.32000000000001,-1.4767319323732995,-4.602059814256336
67.33,-1.5227319553217946,-4.596734078906595
67.34,-1.5686666139514314,-4.588890341714654
67.35,-1.6145097621560875,-4.57833394107602
67.36,-1.6602332927729517,-4.564867662257207
67.37,-1.7058071154012318,-4.548292445066636
67.38,-1.7511991416742845,-4.528408167776123
67.39,-1.7963752787567542,-4.505014508747304
67.4,-1.8412994318492304,-4.477911886436951
67.41,-1.8859335164854931,-4.446902477560379
67.42,-1.9302374814004382,-4.411791312182504
67.43,-1.9741693427291434,-4.372387443383897
67.44,-2.017685230268116,-4.328505187919324
67.45,-2.0607394464875295,-4.279965432957192
67.46000000000001,-2.1032845389272596,-4.2265970025721495
67.47,-2.1452713865389725,-4.168238076175576
67.48,-2.186649300450771,-4.1047376495300005
67.49,-2.2273661395295723,-4.035957027427808
67.5,-2.267368440999327,-3.961771335550209
67.51,-2.3066015662405763,-3.882071037491822
67.52,-2.3450098617491637,-3.7967634414751927
67.53,-2.3825368350700806,-3.7057741799272135
67.54,-2.419125345347708,-3.6090486438870983
67.55,-2.4547178079478225,-3.506553353206083
67.56,-2.4892564124118293,-3.3982772427254875
67.57000000000001,-2.522683352802332,-3.2842328441243684
67.58,-2.554941069294317,-3.1644573429503953
67.59,-2.58597249966134,-3.0390134905236983
67.6,-2.6157213391047907,-2.907990350963467
67.61,-2.644132306680609,-2.7715038645542123
67.62,-2.6711514163958747,-2.6296972100573504
67.63,-2.696726250881756,-2.482740950388573
67.64,-2.7208062354036464,-2.3308329483156256
67.65,-2.743342909848069,-2.1741980414658872
67.66,-2.7642901962329645,-2.0130874689372034
67.67,-2.783604659226813,-1.8477780451349126
67.68,-2.801245757135663,-1.678571080056878
67.69,-2.8171760808279505,-1.5057910490492439
67.7,-2.8313615781166472,-1.3297840189814998
67.71000000000001,-2.8437717612075804,-1.150915841755144
67.72,-2.8543798949517503,-0.9695701299751726
67.73,-2.863163163807084,-0.7861460333842445
67.74,-2.8701028156194353,-0.60105583819223
67.75,-2.8751842805709287,-0.41472241463866844
67.76,-2.8783972639122086,-0.22757654091846702
67.77,-2.8797358113892977,-0.04005413390726939
67.78,-2.879198346590354,0.147406581120347
67.79,-2.8767876797668905,0.3343679284276616
67.8,-2.8725109880218005,0.5203956335262411
67.81,-2.8663797670963658,0.705061634894116
67.82000000000001,-2.858409755323918,0.8879468226926885
67.83,-2.848620830642512,1.0686436728506234
67.84,-2.8370368818669056,1.2467587468425632
67.85,-2.823685655705661,1.421915029978754
67.86,-2.808598581267331,1.5937540839713589
67.87,-2.791810574026234,1.7619379928760315
67.88,-2.7733598214098105,1.9261510851366819
67.89,-2.7532875523235005,2.086101418295499
67.9,-2.731637793043901,2.241522016875372
67.91,-2.7084571119859935,2.392171857905029
67.92,-2.6837943558858006,2.537836602449523
67.93,-2.6577003799370034,2.6783290752476225
67.94,-2.630227774380848,2.813489498069369
67.95,-2.6014305899756156,2.9431854856280735
67.96000000000001,-2.5713640646682863,3.06731181575951
67.97,-2.540084353660425,3.1857899880775857
67.98,-2.5076482649067344,3.2985675874035105
67.99,-2.474113001912355,3.405617469929982
68.0,-2.439535915508135,3.5069367913206038
68.01,-2.403974266085943,3.6025458967657147
68.02,-2.3674849975728205,3.692487093436865
68.03,-2.3301245242172057,3.776823325829117
68.04,-2.291948531056238,3.8556367741856294
68.05,-2.253011788733493,3.929027395600016
68.06,-2.213367983144238,3.9971114265294574
68.07000000000001,-2.173069560202904,4.060019864368247
68.08,-2.132167585856873,4.117896944470408
68.09,-2.090711621313496,4.1708986276137425
68.1,-2.048749613304598,4.219191111406748
68.11,-2.0063277990853607,4.262949377592302
68.12,-1.963490625752752,4.3023557856326
68.13,-1.9202806833727086,4.337598721399497
68.14,-1.876738651324762,4.368871308270074
68.15,-1.832903257207307,4.396370186461656
68.16,-1.7888112475955287,4.420294365052246
68.17,-1.744497369906262,4.440844149835894
68.18,-1.6999943645988107,4.45822014896864
68.19,-1.6553329669268892,4.4726223572765225
68.2,-1.6105419174532802,4.484249319126708
68.21000000000001,-1.565647980544355,4.49329736890733
68.22,-1.5206759700751338,4.499959947419861
68.23,-1.475648781595958,4.504426991856656
68.24,-1.4305874302380008,4.506884396510693
68.25,-1.3855110936657442,4.507513540938611
68.26,-1.3404371594192286,4.506490881964593
68.27,-1.2953812760264523,4.503987605663998
68.28,-1.2503574073059487,4.500169335293664
68.29,-1.205377889320579,4.495195891032443
68.3,-1.1604534894852998,4.489221097352461
68.31,-1.11559346737353,4.48239263385103
68.32000000000001,-1.0708056368082792,4.474851925427393
68.33,-1.0260964288649819,4.466734067780324
68.34,-0.9814709554526726,4.4581677843255445
68.35000000000001,-0.9369330731784711,4.449275410779557
68.36,-0.8924854472370816,4.440172903823591
68.37,-0.8481296151019992,4.430969870442679
68.38,-0.803866049828228,4.421769614726242
68.39,-0.7596942228074743,4.412669199114018
68.4,-0.7156126658459475,4.403759517271549
68.41,-0.6716190324620432,4.395125375979902
68.42,-0.6277101583263494,4.386845583622608
68.43,-0.583882120789591,4.378993043047131
68.44,-0.5401302974654068,4.371634846766986
68.45,-0.49644942385425134,4.3648323726530345
68.46000000000001,-0.45283365001234605,4.358641378437481
68.47,-0.40927659628550167,4.353112093521459
68.48,-0.3657714081419168,4.348289306736483
68.49,-0.32231081015077195,4.344212448861466
68.5,-0.2788871591646874,4.340915668840786
68.51,-0.23549249677395623,4.338427902785211
68.52,-0.1921186011089832,4.336772934967063
68.53,-0.148757038074615,4.335969450144312
68.54,-0.10539921210609698,4.336031076666128
68.55,-0.06203641654129242,4.336966419925552
68.56,-0.01865988370758593,4.338779085834289
68.57000000000001,0.024739165175393353,4.341467694101043
68.58,0.06816947017443493,4.345025881199315
68.59,0.11163968279937965,4.349442293014044
68.60000000000001,0.1551583160347158,4.354700567260048
68.61,0.1987336941445806,4.360779305869696
68.62,0.24237390215210974,4.367652037653759
68.63,0.2860867348976558,4.375287171648822
68.64,0.3298796455850862,4.383647941677908
68.65,0.373759693731214,4.3926923427689655
68.66,0.41773349244046554,4.402373060199431
68.67,0.46180715493520264,4.4126373920648385
68.68,0.5059862402817624,4.423427166406159
68.69,0.5502756982633259,4.434678654074662
68.7,0.5946798133632556,4.446322478664958
68.71000000000001,0.639202147836625,4.45828352500681
68.72,0.6838454838633918,4.470480847874196
68.73,0.7286117647941089,4.482827582745875
68.74,0.7735020355183093,4.49523086063483
68.75,0.8185163820068057,4.507591729193735
68.76,0.8636538701021841,4.519805082498909
68.77,0.9089124836567838,4.531759602114723
68.78,0.9542890621444785,4.543337712242209
68.79,0.999779237901628,4.554415551957451
68.8,1.0453773731836276,4.5648629677444585
68.81,1.091076497256517,4.574543529720409
68.82000000000001,1.1368682437780355,4.5833145751345
68.83,1.182742788759207,4.591027282890886
68.84,1.2286887894358534,4.597526782996335
68.85000000000001,1.2746933244191339,4.602652304958652
68.86,1.3207418355350264,4.606237369256672
68.87,1.3668180718042673,4.608110026059789
68.88,1.4129040360562222,4.608093145387618
68.89,1.4589799347120196,4.606004762860634
68.9,1.505024131313435,4.601658485092716
68.91,1.5510131044138737,4.594863958608108
68.92,1.5969214104855969,4.585427405920241
68.93,1.6427216525322785,4.573152232079991
68.94,1.6883844551271967,4.5578397045785115
68.95,1.7338784466238486,4.539289708967709
68.96000000000001,1.7791702493065507,4.517301581933457
68.97,1.8242244782625177,4.491675022817924
68.98,1.8690037497629093,4.462211083734524
68.99,1.9134686999372084,4.428713237450777
69.0,1.9575780145119248,4.3909885211318365
69.01,2.001288470359845,4.34884875284451
69.02,2.044554989568815,4.302111816425391
69.03,2.087330706688353,4.25060300892778
69.04,2.1295670497473704,4.194156443394893
69.05,2.1712138355562507,4.132616498179924
69.06,2.212219379710969,4.065839302469489
69.07000000000001,2.2525306216056404,3.9936942460927614
69.08,2.292093264632824,3.916065500145142
69.09,2.330851931608543,3.8328535334573646
69.10000000000001,2.3687503353019714,3.743976608536564
69.11,2.405731463779275,3.649372239335789
69.12,2.4417377800886872,3.54899859211527
69.13,2.47671143562158,3.4428358097858047
69.14,2.5105944962844036,3.330887239514728
69.15,2.5433291804118747,3.213180543069172
69.16,2.574858107145787,3.089768669407342
69.17,2.6051245538000214,2.9607306694391187
69.18,2.634072720534569,2.826172333688572
69.19,2.6616480004737926,2.686226634821124
69.2,2.6877972532309915,2.5410539586555365
69.21000000000001,2.7124690796469033,2.3908421093633803
69.22,2.735614095418259,2.2358060770520063
69.23,2.7571852011879434,2.076187558804744
69.24,2.7771378465943544,1.9122542274747967
69.25,2.79543028573744,1.7442987460454435
69.26,2.8120238215152633,1.5726375291151893
69.27,2.8268830363197437,1.3976092569686096
69.28,2.8399760066546356,1.219573151669076
69.29,2.8512744993531256,1.0389070285691753
69.3,2.86075414722602,0.8560051404852388
69.31,2.868394602162831,0.6712758354297349
69.32000000000001,2.874179663934615,0.48513905214709374
69.33,2.8780973832057732,0.2980236806677139
69.34,2.88014013754797,0.11036481760255937
69.35000000000001,2.8803046795578244,-0.07739905212092585
69.36,2.878592156505551,-0.2648289139861194
69.37,2.875008101278102,-0.45148808920972705
69.38,2.869562394721356,-0.6369450726626578
69.39,2.8622691998248486,-0.8207763099109509
69.4,2.853146868523137,-1.0025688810498623
69.41,2.8422178222038514,-1.1819230607566205
69.42,2.8295084073080043,-1.3584547262925293
69.43,2.815048727678,-1.5317975879803607
69.44,2.7988724555483966,-1.7016052198935436
69.45,2.781016623280129,-1.8675528720353287
69.46000000000001,2.76152139810769,-2.0293390490683123
69.47,2.740429842298763,-2.1866868445835954
69.48,2.7177876612160183,-2.3393450238804574
69.49,2.693642941821154,-2.48708885217061
69.5,2.6680458841726065,-2.629720668940278
69.51,2.6410485284423486,-2.7670702128209066
69.52,2.6127044799161885,-2.898994704667387
69.53,2.5830686343490012,-3.025378699564828
69.54,2.552196905924892,-3.146133721136766
69.55,2.520145959926266,-3.261197693777661
69.56,2.4869729520493387,-3.370534190261521
69.57000000000001,2.452735276121035,-3.4741315135795574
69.58,2.417490321777747,-3.572001632837283
69.59,2.3812952434642893,-3.6641789936097506
69.60000000000001,2.3442067419055523,-3.7507192233359223
69.61,2.306280858997571,-3.831697752159685
69.62,2.2675727868623583,-3.9072083691317636
69.63,2.2281366916149357,-3.977361732913569
69.64,2.188025552204087,-4.0422838551131735
69.65,2.147291014512672,-4.102114573178473
69.66,2.105983260740518,-4.1570060284161245
69.67,2.06415089394435,-4.207121163238696
69.68,2.021840837475744,-4.252632250205798
69.69,1.9790982489402338,-4.293719463853993
69.7,1.935966448198664,-4.330569504737532
69.71000000000001,1.892486858845483,-4.36337428355591
69.72,1.8486989625275456,-4.392329671749366
69.73,1.8046402654104956,-4.417634323519897
69.74,1.7603462760571478,-4.439488572899072
69.75,1.7158504939525143,-4.458093408247223
69.76,1.6711844078922033,-4.473649525439747
69.77,1.6263775034437196,-4.486356459980524
69.78,1.5814572786925931,-4.496411797381979
69.79,1.5364492674960801,-4.50401046036571
69.8,1.491377069485279,-4.509344070764365
69.81,1.446262386080793,-4.5126003834402395
69.82000000000001,1.4011250618164746,-4.513962789073127
69.83,1.3559831302993308,-4.513609882302555
69.84,1.3108528641704236,-4.511715091430157
69.85000000000001,1.2657488284707277,-4.508446365688482
69.86,1.220683936856654,-4.503965915954953
69.87,1.1756695101516288,-4.498430004725585
69.88,1.1307153367621425,-4.491988781154518
69.89,1.0858297345285386,-4.484786157004494
69.9,1.0410196136220526,-4.476959719432899
69.91,0.9962905401398806,-4.468640676650874
69.92,0.9516468000890352,-4.459953832632965
69.93,0.9070914634872213,-4.451017587216126
69.94,0.8626264483447127,-4.441943958104264
69.95,0.8182525843251359,-4.432838621483485
69.96000000000001,0.773969675915043,-4.423800968149603
69.97,0.7297765649621439,-4.4149241722498855
69.98,0.6856711924700453,-4.406295269942537
69.99,0.6416506595632931,-4.397995245477469
70.0,0.5977112875604959,-4.390099122398626
70.01,0.5538486771153206,-4.382676057759821
70.02,0.5100577664052994,-4.3757894374316155
70.03,0.46633288836668835,-4.369496970755201
70.04,0.42266782699019545,-4.363850782970174
70.05,0.3790558727072849,-4.358897504006045
70.06,0.3354898769100746,-4.354678352382381
70.07000000000001,0.2919623056596373,-4.351229213109681
70.08,0.24846529264788095,-4.34858070862283
70.09,0.20499069148718072,-4.346758261911691
70.10000000000001,0.16153012740964715,-4.345782151139708
70.11,0.11807504846438659,-4.345667555161945
70.12,0.07461677630640826,-4.346424589469661
70.13,0.031146556674993355,-4.348058332200072
70.14,-0.012344390337593185,-4.350568839958355
70.15,-0.05586482012417376,-4.35395115330517
70.16,-0.09942341340369658,-4.3581952918678715
70.17,-0.14302872596153118,-4.363286239138356
70.18,-0.1866891381864637,-4.369203917125903
70.19,-0.23041280430404926,-4.375923151140605
70.2,-0.2742076012092758,-4.383413625092895
70.21000000000001,-0.31808107680590714,-4.391639827808248
70.22,-0.3620403977654408,-4.400560990974288
70.23,-0.4060922966253929,-4.410131019460993
70.24,-0.45024301815466067,-4.420298414884397
70.25,-0.4944982649230809,-4.431006193420618
70.26,-0.5388631420230731,-4.442191799020878
70.27,-0.5833421009034985,-4.45378701332982
70.28,-0.6279388822896695,-4.465717863769067
70.29,-0.6726564581788799,-4.477904531415774
70.3,-0.7174969729179851,-4.490261260481693
70.31,-0.7624616833885138,-4.502696271381604
70.32000000000001,-0.8075508983456171,-4.515111679570267
70.33,-0.8527639169799192,-4.527403422523241
70.34,-0.8980989667960819,-4.539461197437648
70.35000000000001,-0.943553140928672,-4.551168412432582
70.36,-0.9891223350447336,-4.5624021542330695
70.37,-1.0348011840133335,-4.5730331755236575
70.38,-1.080582998555207,-4.582925905354714
70.39,-1.126459702120428,-4.591938486172579
70.4,-1.1724217682786586,-4.599922841219552
70.41,-1.2184581589448191,-4.606724776206469
70.42,-1.264556263802788,-4.612184119293828
70.43,-1.3107018413306957,-4.616134903520988
70.44,-1.3568789618732078,-4.618405595890264
70.45,-1.403069953248501,-4.618819377336648
70.46000000000001,-1.4492553494199407,-4.617194477786689
70.47,-1.4954138428042345,-4.61334457042385
70.48,-1.5415222408284177,-4.6070792291241425
70.49,-1.5875554273867174,-4.598204452796647
70.5,-1.6334863298843505,-4.586523260050448
70.51,-1.6792858925877263,-4.571836357204543
70.52,-1.7249230570284413,-4.553942882153084
70.53,-1.770364750230788,-4.532641225988365
70.54,-1.8155758815482086,-4.507729933562922
70.55,-1.8605193489020464,-4.479008683336324
70.56,-1.9051560552149351,-4.446279345899765
70.57000000000001,-1.9494449358200419,-4.409347119503115
70.58,-1.9933429976049974,-4.368021739727788
70.59,-2.0368053706145974,-4.322118759161241
70.60000000000001,-2.0797853727882223,-4.271460891544893
70.61,-2.1222345884454956,-4.215879413400655
70.62,-2.1641029610562357,-4.155215614609796
70.63,-2.205338900737692,-4.089322287843666
70.64,-2.245889406813109,-4.018065245155108
70.65,-2.2857002056407936,-3.9413248484627212
70.66,-2.324715903782363,-3.858997539131925
70.67,-2.362880156423432,-3.770997350414794
70.68,-2.400135850790659,-3.677257385195773
70.69,-2.436425304127347,-3.577731240345265
70.7,-2.471690475597564,-3.4723943580516465
70.71000000000001,-2.50587319128838,-3.3612452838280045
70.72,-2.538915381274124,-3.244306810514914
70.73,-2.5707593274986786,-3.1216269875638334
70.74,-2.601347921025401,-2.99327997522147
70.75,-2.630624927003108,-2.8593667239717933
70.76,-2.658535255504837,-2.720015460749276
70.77,-2.6850252362180935,-2.575381965025146
70.78,-2.71004289480534,-2.4256496198878215
70.79,-2.7335382286158505,-2.2710292256774522
70.8,-2.7554634793188892,-2.1117585665682075
70.81,-2.7757733999472145,-1.9481017236833886
70.82000000000001,-2.7944255137925573,-1.7803481318277354
70.83,-2.81138036258377,-1.608811380666393
70.84,-2.8266017414058857,-1.4338277650980646
70.85000000000001,-2.8400569178857316,-1.255754593578745
70.86,-2.851716833277461,-1.0749682671628886
70.87,-2.8615562832289894,-0.8918621459471298
70.88,-2.8695540761964033,-0.7068442233323057
70.89,-2.8756931676956357,-0.5203346319685045
70.9,-2.879960768835774,-0.33276300832579275
70.91,-2.882348427862152,-0.14456574545851603
70.92,-2.8828520837449445,0.04381683436731823
70.93,-2.8814720911748055,0.23194335399366733
70.94,-2.878213216665071,0.419374268550135
70.95,-2.8730846058038026,0.6056747311580706
70.96000000000001,-2.8660997220419095,0.790417403230106
70.97,-2.857276257739201,0.9731851764868148
70.98,-2.8466360185121733,1.1535737754776145
70.99,-2.8342047822296483,1.3311942116272542
71.0,-2.8200121342796285,1.5056750625712287
71.01,-2.8040912809782244,1.6766645537194886
71.02,-2.786478843205239,1.8438324225140823
71.03,-2.767214632527943,2.0068715496321055
71.04,-2.746341412212597,2.1654993453358484
71.05,-2.723904645621226,2.319458883192034
71.06,-2.6999522345487565,2.468519777378548
71.07000000000001,-2.674534250073655,2.6124788036823183
71.08,-2.64770265847511,2.7511602679859304
71.09,-2.6195110447139363,2.8844161294726605
71.10000000000001,-2.5900143358856567,3.012125888890783
71.11,-2.5592685269361204,3.134196254961212
71.12,-2.527330410786432,3.250560604353696
71.13,-2.494257314849046,3.361178252574495
71.14,-2.4601068457349418,3.466033554593783
71.15,-2.42493664375717,3.565134855096532
71.16,-2.3888041486330107,3.6585133088793755
71.17,-2.3517663775795823,3.7462215921600572
71.18,-2.3138797167898093,3.8283325254451506
71.19,-2.275199727070679,3.9049376281513934
71.2,-2.2357809642267816,3.976145624436037
71.21000000000001,-2.1956768145819585,4.0420809187046185
71.22,-2.1549393458526893,4.102882058074327
71.23,-2.113619173420472,4.158700197721281
71.24,-2.0717653418982636,4.209697583572977
71.25,-2.0294252217490123,4.256046065263017
71.26,-1.9866444205930032,4.297925650681121
71.27,-1.9434667087353898,4.335523111860841
71.28,-1.8999339583557862,4.369030650379867
71.29,-1.8560860957277925,4.398644628928644
71.3,-1.8119610657772134,4.424564374253238
71.31,-1.7675948082427275,4.446991055314859
71.32000000000001,-1.723021244670916,4.466126639243995
71.33,-1.6782722754578476,4.482172926510771
71.34,-1.6333777861407006,4.495330665690684
71.35000000000001,-1.588365662144034,4.505798747278737
71.36,-1.543261811195126,4.5137734751953245
71.37,-1.4980901926401275,4.519447913931589
71.38,-1.4528728529164943,4.523011308696291
71.39,-1.4076299664662018,4.52464857544489
71.4,-1.3623798814075962,4.524539857287741
71.41,-1.3171391693204468,4.52286014348061
71.42,-1.2719226785379842,4.519778946988954
71.43,-1.2267435903806678,4.5154600364794195
71.44,-1.1816134778083958,4.510061218519327
71.45,-1.1365423660102811,4.503734165749438
71.46000000000001,-1.091538794493407,4.496624286829023
71.47,-1.0466098802737007,4.488870634027759
71.48,-1.0017613818128517,4.4806058444490935
71.49,-0.9569977633847188,4.4719561110081205
71.5,-0.9123222595926893,4.463041179447539
71.51,-0.867736939795768,4.453974367852855
71.52,-0.8232427722356324,4.44486260531767
71.53,-0.7788396876894147,4.4358064866076745
71.54,-0.7345266425034789,4.4269003398741775
71.55,-0.6903016808919312,4.418232304671644
71.56,-0.646161996410046,4.409884417736196
71.57000000000001,-0.6021039925372073,4.401932704181316
71.58,-0.5581233423264197,4.394447271961445
71.59,-0.5142150470979784,4.387492407642424
71.60000000000001,-0.4703734941735712,4.381126671699067
71.61,-0.4265925136639971,4.375402991733749
71.62,-0.38286543433889625,4.370368752175615
71.63,-0.33918513862048477,4.36606587917769
71.64,-0.2955441167553425,4.362530919578878
71.65,-0.2519345202289072,4.359795112940067
71.66,-0.20834821449654115,4.357884455798488
71.67,-0.16477683111293745,4.3568197574130325
71.68,-0.1212118193482805,4.35661668639579
71.69,-0.07764449738502165,4.357285807742674
71.7,-0.03406610319342702,4.3588326098893635
71.71000000000001,0.009532154812765625,4.36125752152888
71.72,0.05315904723715058,4.364555918034881
71.73,0.09682327317346325,4.368718117441218
71.74,0.14053340958597493,4.373729366034377
71.75,0.18429786049415078,4.379569813722243
71.76,0.22812480586041978,4.38621447945108
71.77,0.2720221500831723,4.393633207053765
71.78,0.31599747000149503,4.401790612027081
71.79,0.3600579623237139,4.410646019855121
71.8,0.4042103903985974,4.42015339662055
71.81,0.4484610302561249,4.430261272776231
71.82000000000001,0.49281561585412204,4.440912661087383
71.83,0.5372792834778726,4.452044969899409
71.84,0.5818565152521102,4.463589913039396
71.85000000000001,0.6265510817386606,4.475473417820204
71.86,0.6713659836085144,4.487615532785141
71.87,0.7163033923943634,4.499930337008357
71.88,0.7613645903486815,4.5123258529508785
71.89,0.806549909453381,4.524703965063919
71.9,0.8518586696499599,4.536960346528876
71.91,0.8972891163839585,4.548984396725733
71.92,0.9428383575844745,4.56065919222684
71.93,0.9885023002284952,4.571861454318908
71.94,1.0342755866708526,4.582461536259931
71.95,1.0801515309536938,4.592323433676414
71.96000000000001,1.126122055344381,4.6013048216959875
71.97,1.1721776273876134,4.609257122586927
71.98,1.2183071977961193,4.616025607834336
71.99,1.2644981395443002,4.621449538717282
72.0,1.3107361885704651,4.625362349555861
72.01,1.3570053865354175,4.627591877865378
72.02,1.4032880261277727,4.627960645679229
72.03,1.449564599449002,4.626286196275078
72.04,1.4958137500532742,4.62238149045241
72.05,1.5420122292580503,4.616055366355146
72.06,1.588134857380377,4.6071130666024
72.07000000000001,1.6341544905900982,4.595356836175188
72.08,1.6800419941038807,4.5805865940990005
72.09,1.725766222472078,4.562600681454185
72.10000000000001,1.7712940077329642,4.5411966876314205
72.11,1.8165901562247062,4.516172356022865
72.12,1.8616174548534214,4.487326569497109
72.13,1.9063366876146484,4.454460415045926
72.14,1.95070666315434,4.417378325913615
72.15,1.9946842541329208,4.3758892983288415
72.16,2.038224449120917,4.329808178660671
72.17,2.0812804177061346,4.27895701542515
72.18,2.12380358942942,4.2231664690901365
72.19,2.1657437470879373,4.1622772710821225
72.2,2.207049134851063,4.09614172181187
72.21000000000001,2.2476665815241748,4.024625215932316
72.22,2.2875416391697088,3.9476077814532475
72.23,2.3266187371532396,3.8649856177974287
72.24,2.3648413515256577,3.776672616430461
72.25,2.402152189481849,3.68260184637284
72.26,2.4384933884531144,3.5827269857506048
72.27,2.473806729196861,3.4770236796049203
72.28,2.5080338620452127,3.365490803504866
72.29,2.5411165452669584,3.248151612134066
72.3,2.5729968942878942,3.12505475198985
72.31,2.603617640306755,2.9962751176779525
72.32000000000001,2.6329223966414532,2.8619145320344703
72.33,2.6608559309474447,2.7221022314800494
72.34,2.6873644412710544,2.576995139619661
72.35000000000001,2.712395833739838,2.426777914144585
72.36,2.735899999553946,2.271662754559147
72.37,2.7578290888310213,2.1118889611185026
72.38,2.7781377787763164,1.9477222385874784
72.39,2.796783533602771,1.7794537419635275
72.4,2.813726853615587,1.6073988650863922
72.41,2.828931510904499,1.4318957770092964
72.42,2.842364769155773,1.253303715048296
72.43,2.853997585205465,1.0720010474675896
72.44,2.863804790105125,0.8883831227043751
72.45,2.8717652476595523,0.7028599257908817
72.46000000000001,2.8778619886209422,0.5158535660986705
72.47,2.8820823189815257,0.3277956236211126
72.48,2.884417901093365,0.13912438364195132
72.49,2.884864806654365,-0.049718008260209806
72.5,2.883423540928161,-0.23828843740752123
72.51,2.880099037906215,-0.42614572307031284
72.52,2.8749006264667547,-0.6128534987882518
72.53,2.86784196793045,-0.7979830358183565
72.54,2.8589409657503877,-0.9811159766431271
72.55,2.8482196483975875,-1.1618469471710502
72.56,2.835704026806967,-1.3397860185326076
72.57000000000001,2.8214239280269355,-1.5145609921555887
72.58,2.8054128069638553,-1.685819485019111
72.59,2.7877075383265533,-1.8532307955514145
72.60000000000001,2.768348191052827,-2.0164875344603312
72.61,2.7473777876373466,-2.175307008771721
72.62,2.7248420508773923,-2.3294323514038915
72.63,2.7007891406092686,-2.478633392631412
72.64,2.675269383024764,-2.6227072737014363
72.65,2.64833499513524,-2.761478806579192
72.66,2.6200398068931805,-2.8948005872459994
72.67,2.59043898339032,-3.0225528730937805
72.68,2.5595887494313048,-3.1446432377077462
72.69,2.527546118636165,-3.2610060186697973
72.7,2.4943686290579086,-3.371601575928269
72.71000000000001,2.4601140871175993,-3.4764153797563853
72.72,2.4248403214627805,-3.5754569483654004
72.73,2.388604948150291,-3.668758655862466
72.74,2.3514651483455316,-3.756374431470515
72.75,2.3134774595208816,-3.8383783707881673
72.76,2.2746975809297685,-3.9148632793979776
72.77,2.235180193932922,-3.985939168371675
72.78,2.1949787975623347,-4.05173172021445
72.79,2.1541455595286325,-4.112380742581033
72.8,2.112731182710714,-4.168038625728325
72.81,2.0707847870140657,-4.218868818185401
72.82000000000001,2.0283538063470057,-4.265044333562108
72.83,1.9854839003428235,-4.3067462998196095
72.84,1.9422188803506133,-4.344162560723557
72.85000000000001,1.8986006491283522,-4.377486337622809
72.86,1.8546691535981572,-4.406914958168906
72.87,1.8104623499649741,-4.432648657135003
72.88,1.766016180455457,-4.454889453124247
72.89,1.7213645609024892,-4.473840103689577
72.9,1.6765393783816656,-4.4897031402283245
72.91,1.6315704980979229,-4.502679982971578
72.92,1.5864857787222342,-4.512970135462274
72.93,1.5413110953886775,-4.520770457107349
72.94,1.4960703695800872,-4.526274511695473
72.95,1.450785605154768,-4.52967198918873
72.96000000000001,1.4054769297963128,-4.531148197618176
72.97,1.3601626412024046,-4.530883621532777
72.98,1.3148592573656572,-4.529053543161098
72.99,1.2695815703391828,-4.525827722237127
73.0,1.2243427029209148,-4.52137013030737
73.01,1.1791541677330353,-4.51583873526752
73.02,1.1340259282155642,-4.509385331865182
73.03,1.0889664610957317,-4.502155413942513
73.04,1.043982819936714,-4.494288084271487
73.05,0.9990806994103019,-4.4859159979479175
73.06,0.9542644999777556,-4.477165335451709
73.07000000000001,0.9095373927012678,-4.468155801644184
73.08,0.8649013839448721,-4.459000647153419
73.09,0.8203573797581994,-4.449806708790568
73.10000000000001,0.7759052497690607,-4.440674465839967
73.11,0.7315438904414001,-4.431698109269935
73.12,0.6872712875836621,-4.422965621116447
73.13,0.6430845780190712,-4.414558861495807
73.14,0.5989801103537459,-4.406553660903041
73.15,0.5549535048010102,-4.399019915648234
73.16,0.5109997120407812,-4.392021684472317
73.17,0.4671130711115639,-4.3856172845659565
73.18,0.423287366349462,-4.3798593853895165
73.19,0.37951588340377357,-4.374795098858424
73.2,0.3357914643722935,-4.37046606461648
73.21000000000001,0.292106562111444,-4.3669085292698675
73.22,0.24845329378689618,-4.364153418597244
73.23,0.2048234937394991,-4.362226401886685
73.24,0.16120876574916246,-4.3611479476791315
73.25,0.11760053478591648,-4.360933370320964
73.26,0.07399009834274319,-4.361592866846317
73.27,0.030368677448990133,-4.363131543823452
73.28,-0.013272532533725862,-4.365549433910076
73.29,-0.05694231122921139,-4.368841501970674
73.3,-0.10064936257313933,-4.372997640715864
73.31,-0.14440226404352868,-4.378002655930453
73.32000000000001,-0.1882094156917484,-4.383836241464195
73.33,-0.23207898887281259,-4.3904729442684385
73.34,-0.27601887457711716,-4.397882119873633
73.35000000000001,-0.3200366312702852,-4.406027878818219
73.36,-0.3641394321534815,-4.414869024659507
73.37,-0.40833401176347534,-4.424358984322687
73.38,-0.4526266118399352,-4.434445731675834
73.39,-0.49702292639699197,-4.445071705357369
73.4,-0.5415280459470826,-4.4561737220284545
73.41,-0.5861464008375611,-4.467682886376652
73.42,-0.6308817036746157,-4.479524499359153
73.43,-0.6757368908247442,-4.491617966343974
73.44,-0.7207140630014952,-4.503876706985648
73.45,-0.7658144249644572,-4.516208068857627
73.46000000000001,-0.8110382243786478,-4.528513247056214
73.47,-0.8563846899055815,-4.540687212189247
73.48,-0.9018519686224327,-4.552618649365677
73.49,-0.947437062892895,-4.564189911007704
73.5,-0.9931357668425866,-4.5752769865130825
73.51,-1.0389426026231565,-4.585749491998832
73.52,-1.0848507566825634,-4.595470683555602
73.53,-1.1308520162942686,-4.604297497630595
73.54,-1.1769367066351752,-4.612080622331799
73.55,-1.2230936287409047,-4.618664603602375
73.56,-1.269309998707223,-4.6238879903458
73.57000000000001,-1.3155713885478209,-4.627583522683562
73.58,-1.3618616691608942,-4.629578367591129
73.59,-1.4081629558996434,-4.6296944061772445
73.60000000000001,-1.454455557284439,-4.627748576838621
73.61,-1.500717927436416,-4.623553278428661
73.62,-1.5469266228530125,-4.616916837416638
73.63,-1.5930562641847488,-4.6076440427742975
73.64,-1.6390795037084984,-4.595536752001833
73.65,-1.6849669992247855,-4.580394571286643
73.66,-1.7306873951342314,-4.56201561226878
73.67,-1.7762073114701613,-4.540197327260136
73.68,-1.8214913416794343,-4.514737424024916
73.69,-1.8665020599506594,-4.485434860373264
73.7,-1.9112000388868995,-4.452090917846444
73.71000000000001,-1.9555438783075885,-4.414510352681517
73.72,-1.99949024594053,-4.3725026210397395
73.73,-2.0429939307283833,-4.3258831741727475
73.74,-2.0860079094239845,-4.274474817794406
73.75,-2.1284834270842707,-4.218109128438456
73.76,-2.1703700919927535,-4.156627918031127
73.77,-2.2116159854448934,-4.089884736316549
73.78,-2.252167786719084,-4.017746399168163
73.79,-2.291970913428256,-3.9400945292326206
73.8,-2.3309696773037363,-3.856827093819103
73.81,-2.3691074553046385,-3.7678599235052785
73.82000000000001,-2.4063268757738423,-3.673128193622566
73.83,-2.44257001917709,-3.5725878496515793
73.84,-2.477778632766874,-3.466216956647715
73.85000000000001,-2.511894358310044,-3.354016952170906
73.86,-2.544858971810292,-3.236013781854674
73.87,-2.5766146339471376,-3.112258896756773
73.88,-2.6071041497454277,-2.982830092020788
73.89,-2.6362712357875537,-2.8478321671725224
73.9,-2.6640607930888778,-2.707397389595978
73.91,-2.690419183579473,-2.56168574439078
73.92,-2.7152945079766933,-2.4108849559044248
73.93,-2.7386368826975613,-2.2552102687452575
73.94,-2.760398713351598,-2.0949039789892763
73.95,-2.7805349622773465,-1.9302347095564567
73.96000000000001,-2.799003407542727,-1.761496427298221
73.97,-2.815764890823311,-1.5890072031427886
73.98,-2.830783551605583,-1.4131077206144582
73.99,-2.8440270452356,-1.2341595420923186
74.0,-2.855466742447429,-1.0525431462125203
74.01,-2.8650779081598503,-0.8686557537509193
74.02,-2.872839857522447,-0.68290896305317
74.03,-2.878736087420913,-0.4957262195126525
74.04,-2.8827543819127,-0.3075401466435155
74.05,-2.8848868903537834,-0.11878976887540849
74.06,-2.8851301772902085,0.07008234176178543
74.07000000000001,-2.8834852435185483,0.2586329614468914
74.08,-2.879957518061271,0.44642111843966586
74.09,-2.874556821149755,0.6330109704285551
74.10000000000001,-2.8672972986527,0.8179746212700316
74.11,-2.8581973287243545,1.000894844186408
74.12,-2.8472794017689718,1.1813676802549156
74.13,-2.834569975119256,1.3590048833529536
74.14,-2.820099304101913,1.533436185559125
74.15,-2.8039012514080737,1.7043113602707596
74.16,-2.7860130768964977,1.87130206390023
74.17,-2.766475210130069,2.0341034408619367
74.18,-2.7453310080792592,2.192435480563432
74.19,-2.7226265005188006,2.346044119171617
74.2,-2.6984101256958266,2.4947020829449538
74.21000000000001,-2.6727324588599015,2.6382094738175152
74.22,-2.6456459362194766,2.7763941016109004
74.23,-2.617204576827684,2.9091115706660005
74.24,-2.5874637048061566,3.036245131770378
74.25,-2.556479674192276,3.1577053129631474
74.26,-2.5243095985468935,3.273429345095228
74.27,-2.4910110872903712,3.3833803998890795
74.28,-2.456641990549112,3.4875466596713958
74.29,-2.4212601540969434,3.585940238949057
74.3,-2.3849231857701305,3.678595978577698
74.31,-2.347688234525389,3.765570133457175
74.32000000000001,-2.3096117831009866,3.846938974510045
74.33,-2.270749455035188,3.922797325194668
74.34,-2.2311558365970936,3.9932570520144997
74.35000000000001,-2.190884313994898,4.058445527452866
74.36,-2.1499869260480358,4.11850408253234
74.37,-2.108514232344251,4.173586464813685
74.38,-2.066515196751762,4.223857316153802
74.39,-2.024037086021175,4.269490682975222
74.4,-1.9811253830922575,4.3106685701984
74.41,-1.937823714617207,4.347579548385593
74.42,-1.8941737921245458,4.380417422070516
74.43,-1.850215366175797,4.409379965726171
74.44,-1.8059861928100225,4.434667732374669
74.45,-1.7615220115283037,4.456482938483947
74.46000000000001,-1.7168565340403437,4.475028427539203
74.47,-1.6720214429775198,4.490506713530192
74.48,-1.62704639976974,4.503119104564498
74.49,-1.58195906088623,4.513064905903515
74.5,-1.5367851016516698,4.5205407009217655
74.51,-1.4915482468677947,4.52573970780867
74.52,-1.4462703074954966,4.528851209260395
74.53,-1.400971222682587,4.53006005194216
74.54,-1.3556691064566535,4.5295462121313115
74.55,-1.3103802984399608,4.5274844236708685
74.56,-1.2651194179832363,4.524043864163934
74.57000000000001,-1.2198994211566823,4.519387895212923
74.58,-1.1747316600789777,4.513673852445572
74.59,-1.1296259441077707,4.5070528810639185
74.60000000000001,-1.0845906024576992,4.499669812694958
74.61,-1.0396325478538715,4.491663079404925
74.62,-0.9947573408696008,4.483164660856198
74.63,-0.9499692546367475,4.474300060730089
74.64,-0.9052713396549991,4.465188308704505
74.65,-0.8606654884626574,4.455941984457281
74.66,-0.8161524999658534,4.446667260359307
74.67,-0.7717321432554713,4.437463959722215
74.68,-0.7274032207714092,4.428425627669948
74.69,-0.6831636307020724,4.419639611908922
74.7,-0.6390104285332308,4.411187150875314
74.71000000000001,-0.5949398876845662,4.4031434669382055
74.72,-0.5509475591944666,4.395577862532299
74.73,-0.5070283304339201,4.38855381728253
74.74,-0.463176482848816,4.382129084364189
74.75,-0.41938574874663637,4.376355784515741
74.76,-0.3756493671585012,4.37128049628686
74.77,-0.33196013882089914,4.36694434126157
74.78,-0.2883104803332698,4.363383063145613
74.79,-0.24469247755798687,4.360627099748879
74.8,-0.2010979383382922,4.358701647028245
74.81,-0.15751844461742198,4.357626714484151
74.82000000000001,-0.11394540404860919,4.357417171326461
74.83,-0.07037010119089275,4.358082782942297
74.84,-0.02678374838976323,4.359628237311623
74.85000000000001,0.0168224635553397,4.362053161126197
74.86,0.06045731483276071,4.365352125475153
74.87,0.10412950606484275,4.369514641066841
74.88,0.14784760765409752,4.374525143062764
74.89,0.191620008926098,4.380362965706344
74.9,0.2354548669682244,4.38700230703806
74.91,0.2793600550668592,4.394412184099929
74.92,0.3233431106502229,4.402556379147594
74.93,0.367411182649811,4.4113933775080465
74.94,0.4115709782003838,4.420876297846352
74.95,0.455828708606738,4.430952815736195
74.96000000000001,0.5001900345151077,4.441565081567436
74.97,0.5446600102380867,4.452649633969656
74.98,0.5892430271945008,4.464137310084239
74.99,0.6339427564397715,4.475953154179219
75.0,0.6787620902780852,4.488016326270883
75.01,0.7237030829651891,4.5002400125938165
75.02,0.7687668905299615,4.512531339946297
75.03,0.8139537097641152,4.524791296129949
75.04,0.8592627164525606,4.536914658900282
75.05,0.9046920029421208,4.548789936046849
75.06,0.9502385151734976,4.560299319426272
75.07000000000001,0.9958979893306463,4.571318655976247
75.08,1.0416648882930224,4.581717438940906
75.09,1.0875323381094644,4.591358822734439
75.10000000000001,1.1334920647477114,4.600099665056818
75.11,1.1795343314106008,4.607790600048345
75.12,1.2256478767486783,4.61427614642372
75.13,1.271819854339075,4.6193948546556145
75.14,1.3180357738417903,4.622979497376348
75.15,1.364279444286602,4.624857307227295
75.16,1.4105329199863363,4.624850266401904
75.17,1.4567764496146403,4.622775452091973
75.18,1.5029884290281759,4.618445441949904
75.19,1.5491453584536383,4.6116687835139505
75.2,1.595221804698455,4.602250531300303
75.21000000000001,1.6411903690796446,4.589992854937245
75.22,1.6870216617971998,4.574695721294449
75.23,1.7326842835055334,4.556157653037568
75.24,1.778144814857951,4.534176565408196
75.25,1.8233678148136971,4.508550682286992
75.26,1.868315828503691,4.479079531739708
75.27,1.9129494054484915,4.445565020270701
75.28,1.957227128909105,4.407812583917093
75.29,2.0011056571268337,4.365632413112981
75.3,2.044539777171365,4.318840746943916
75.31,2.087482472065712,4.267261231007929
75.32000000000001,2.129885001791523,4.2107263316150885
75.33,2.1716969986980135,4.149078797511599
75.34,2.212866577741755,4.082173158729564
75.35000000000001,2.2533404618726047,4.009877250566959
75.36,2.2930641227530946,3.9320737491253275
75.37,2.3319819368551116,3.848661703310412
75.38,2.370037356819303,3.7595580467719514
75.39,2.407173097790551,3.664699071964556
75.4,2.4433313382585946,3.5640418473950914
75.41,2.478453934738453,3.457565558227454
75.42,2.5124826494231436,3.345272749786622
75.43,2.5453593897341857,3.227190453182251
75.44,2.577026458486789,3.1033711722962933
75.45,2.607426813180112,2.973893711782688
75.46000000000001,2.6365043327224433,2.838863826536934
75.47,2.664204089710851,2.698414674328017
75.48,2.690472626209004,2.552707054953654
75.49,2.7152582308099245,2.401929421380142
75.5,2.738511214636607,2.2462976508461985
75.51,2.7601841838268486,2.0860545668193775
75.52,2.7802323059729948,1.9214692059543304
75.53,2.798613567945935,1.752835827762031
75.54,2.8152890225282357,1.5804726684938855
75.55,2.8302230213158133,1.4047204446993902
75.56,2.8433834314222235,1.2259406159468276
75.57000000000001,2.8547418336347494,1.0445134202127406
75.58,2.864273699826478,0.8608356993529164
75.59,2.8719585476218077,0.6753185357694729
75.60000000000001,2.8777800705418675,0.48838472479152895
75.61,2.8817262421176384,0.3004661103021815
75.62,2.8837893927479112,0.11200081369180154
75.63,2.8839662583914745,-0.07656961177208288
75.64,2.88225800051247,-0.2648030676500876
75.65,2.878670197038473,-0.4522598038169222
75.66,2.8732128044361316,-0.6385052843007792
75.67,2.865900091352458,-0.8231129915736494
75.68,2.8567505446046586,-1.0056671365574574
75.69,2.8457867486213084,-1.185765243388587
75.7,2.8330352397368865,-1.363020580322245
75.71000000000001,2.8185263370148634,-1.5370644109944527
75.72,2.802293951516998,-1.707548043517138
75.73,2.7843753761445207,-1.8741446584751917
75.74,2.764811058347494,-2.0365509007312905
75.75,2.7436443581298953,-2.194488223929349
75.76,2.720921293868907,-2.347703980625095
75.77,2.6966902785173934,-2.495972254969831
75.78,2.6710018487695106,-2.6390944387440305
75.79,2.6439083897425126,-2.7768995552021782
75.8,2.6154638576654667,-2.9092443385804105
75.81,2.5857235029709043,-3.0360130801767884
75.82000000000001,2.5547435960619307,-3.1571172545955912
75.83,2.5225811578789923,-3.272494942019956
75.84,2.4892936972215316,-3.382110064222354
75.85000000000001,2.454938956594545,-3.4859514534330276
75.86,2.419574668152871,-3.5840317741672174
75.87,2.383258321111201,-3.676386318677744
75.88,2.3460469417793166,-3.7630716968739275
75.89,2.3079968871737226,-3.8441644413620217
75.9,2.269163652952076,-3.9197595477528995
75.91,2.229601696218664,-3.9899689695903344
75.92,2.1893642735602694,-4.054920086220956
75.93,2.1485032944942457,-4.114754160698858
75.94,2.1070691903462926,-4.169624803437638
75.95,2.065110798425493,-4.219696455832504
75.96000000000001,2.022675261229643,-4.265142906514887
75.97,1.9798079402951956,-4.3061458513082655
75.98,1.9365523442034775,-4.342893506359675
75.99,1.8929500701680022,-4.375579282355406
76.0,1.8490407585563695,-4.404400526216355
76.01,1.804862059643675,-4.429557335228678
76.02,1.760449611851796,-4.451251447214952
76.03,1.7158370306993762,-4.469685209102121
76.04,1.6710559076697538,-4.485060625103485
76.05,1.6261358181973067,-4.497578484708058
76.06,1.5811043379755927,-4.507437569763666
76.07000000000001,1.5359870668020335,-4.514833939149906
76.08,1.4908076591925947,-4.519960288860631
76.09,1.445587861024821,-4.523005384748619
76.10000000000001,1.4003475514976225,-4.524153564721597
76.11,1.3551047897303892,-4.523584306811842
76.12,1.3098758653613858,-4.521471859263569
76.13,1.264675352545118,-4.517984928584934
76.14,1.2195161667896872,-4.513286421386586
76.15,1.1744096241173865,-4.507533235767697
76.16,1.1293655020743336,-4.500876098005286
76.17,1.0843921021572809,-4.493459440345429
76.18,1.039496313267425,-4.485421315778191
76.19,0.9946836758417171,-4.4768933457948545
76.2,0.949958446351528,-4.468000697269827
76.21000000000001,0.9053236618963206,-4.45886208477464
76.22,0.8607812046560352,-4.449589794812516
76.23,0.8163318660000703,-4.440289728654348
76.24,0.7719754100829483,-4.431061460656657
76.25,0.7277106367869373,-4.421998309145588
76.26,0.6835354439000365,-4.413187417155371
76.27,0.6394468884438297,-4.404709840512416
76.28,0.5954412470897882,-4.39664064095533
76.29,0.5515140756247231,-4.389048982175128
76.3,0.5076602674462857,-4.381998226847406
76.31,0.46387411108777504,-4.375546032908631
76.32000000000001,0.420149346788113,-4.369744447501183
76.33,0.3764792221377513,-4.364639997176282
76.34,0.3328565468445873,-4.3602737731003005
76.35000000000001,0.28927374667574535,-4.356681510158341
76.36,0.24572291664142054,-4.353893658989818
76.37,0.202195873495949,-4.351935450124412
76.38,0.15868420763893232,-4.3508269495139675
76.39,0.11517933450566965,-4.350583104877252
76.4,0.07167254554138727,-4.351213782390858
76.41,0.028155058857852473,-4.352723793371795
76.42,-0.015381930326048631,-4.355112910706301
76.43,-0.05894719935627355,-4.358375874886236
76.44,-0.10254944782377334,-4.362502389619895
76.45,-0.1461972471486714,-4.36747710708937
76.46000000000001,-0.18989898996556073,-4.3732796030326
76.47,-0.23366283920932343,-4.379884341935966
76.48,-0.2774966768042801,-4.387260632733814
76.49,-0.32140805186399973,-4.395372575525345
76.5,-0.365404128314787,-4.404178999938045
76.51,-0.40949163186276066,-4.413633395890869
76.52,-0.45367679623260443,-4.423683837640591
76.53,-0.49796530861557253,-4.434272902131785
76.54,-0.5423622542752402,-4.44533758281524
76.55,-0.5868720602718774,-4.456809200251757
76.56,-0.6314984382802754,-4.468613310978452
76.57000000000001,-0.6762443264914465,-4.480669616282874
76.58,-0.7211118306059329,-4.492891872706415
76.59,-0.7661021639455747,-4.505187806282118
76.60000000000001,-0.8112155867315752,-4.517459032702448
76.61,-0.8564513445996238,-4.5296009858088055
76.62,-0.9018076064477514,-4.541502856995211
76.63,-0.947281401739528,-4.553047548321867
76.64,-0.9928685574141887,-4.564111642337928
76.65,-1.0385636345862863,-4.574565391814205
76.66,-1.0843598652504725,-4.58427273278237
76.67,-1.1302490892419337,-4.593091324463803
76.68,-1.1762216917397486,-4.60087261984419
76.69,-1.2222665416388174,-4.607461970804468
76.7,-1.2683709311558378,-4.612698771849084
76.71000000000001,-1.314520517075799,-4.616416646572857
76.72,-1.360699264087295,-4.6184436810711595
76.73,-1.4068893906972224,-4.618602708517653
76.74,-1.4530713182576482,-4.616711649101584
76.75,-1.499223623679254,-4.6125839094248855
76.76,-1.545322996446146,-4.606028845299559
76.77,-1.5913442005852452,-4.5968522916498875
76.78,-1.6372600422791435,-4.584857162903647
76.79,-1.683041343843318,-4.569844126843701
76.8,-1.7286569248160175,-4.551612354379015
76.81,-1.7740735909308984,-4.5299603470757
76.82000000000001,-1.8192561317575315,-4.504686843559034
76.83,-1.864167327802079,-4.475591805053008
76.84,-1.9087679678585916,-4.442477479363096
76.85000000000001,-1.953016877389341,-4.4051495415315
76.86,-1.996870958689222,-4.363418308205569
76.87,-2.040285243553453,-4.317100021466175
76.88,-2.0832129591185455,-4.266018196473791
76.89,-2.1256056074829286,-4.210005025819843
76.9,-2.1674130596349426,-4.148902831937893
76.91,-2.2085836641216865,-4.082565557355526
76.92,-2.2490643707820532,-4.010860280980248
76.93,-2.2888008697412916,-3.933668747041912
76.94,-2.327737745722892,-3.85088889179481
76.95,-2.365818647577188,-3.7624363516527417
76.96000000000001,-2.4029864727559462,-3.668245935130851
76.97,-2.4391835662798047,-3.568273039841682
76.98,-2.47435193355278,-3.4624949948834387
76.99,-2.5084334661774736,-3.350912308309285
77.0,-2.541370179718966,-3.2335497990194004
77.01,-2.573104462157862,-3.1104575924110027
77.02,-2.6035793315671865,-2.981711959489369
77.03,-2.6327387013476495,-2.8474159799123817
77.04,-2.6605276511654337,-2.707700010631563
77.05,-2.686892701560281,-2.5627219434137816
77.06,-2.7117820900337097,-2.412667236578739
77.07000000000001,-2.735146046291856,-2.2577487087551846
77.08,-2.7569370642088136,-2.098206085318125
77.09,-2.7771101679982184,-1.9343052913819314
77.10000000000001,-2.795623170036452,-1.7663374887393466
77.11,-2.812436917773005,-1.594617857891169
77.12,-2.8275155271942753,-1.4194841302323238
77.13,-2.8408266003776514,-1.241294879464475
77.14,-2.852341424783565,-1.0604275853038363
77.15,-2.8620351520837284,-0.8772764864515791
77.16,-2.8698869545125962,-0.6922502434980004
77.17,-2.8758801569536883,-0.5057694358468644
77.18,-2.880002343229534,-0.31826391978440816
77.19,-2.8822454353493767,-0.13017007739770636
77.2,-2.882605744777488,0.0580720119003455
77.21000000000001,-2.88108399511137,0.24602144401354104
77.22,-2.8776853158972173,0.43323937290248543
77.23,-2.87241920765332,0.6192918691566347
77.24,-2.8652994785140846,0.8037527205904097
77.25,-2.856344153241512,0.9862061421543112
77.26,-2.8455753556709986,1.1662493641610934
77.27,-2.8330191659582904,1.3434950700994148
77.28,-2.8187054542690104,1.5175736580810155
77.29,-2.80266769279667,1.6881353031678865
77.3,-2.7849427482056526,1.8548518013688824
77.31,-2.7655706567692926,2.0174181798897695
77.32000000000001,-2.7445943846078573,2.1755540621722003
77.33,-2.7220595755258485,2.3290047802705502
77.34,-2.698014289002446,2.477542231098514
77.35000000000001,-2.672508730903878,2.6209654769427915
77.36,-2.6455949794635902,2.759101094309874
77.37,-2.617326709017681,2.891803278574422
77.38,-2.587758913892102,3.018953714975878
77.39,-2.556947634718163,3.140461229217898
77.4,-2.524949689307744,3.2562612332298744
77.41,-2.4918224100535658,3.366314983530859
77.42,-2.4576233896371273,3.470608671085628
77.43,-2.422410236631854,3.569152362563795
77.44,-2.3862403423858516,3.66197881351962
77.45,-2.3491706603614615,3.7491421742250997
77.46000000000001,-2.3112574989013495,3.8307166087421467
77.47,-2.272556328186618,3.9067948473470713
77.48,-2.233121601954408,3.9774866916621114
77.49,-2.193006594353376,4.042917490847079
77.5,-2.152263252137466,4.1032266060029485
77.51,-2.110942062233317,4.158565878581961
77.52,-2.0690919345658267,4.209098117127657
77.53,-2.0267600998907636,4.2549956151230575
77.54,-1.9839920222633656,4.296438711142732
77.55,-1.9408313256679088,4.333614400917874
77.56,-1.897319734245008,4.366715009361912
77.57000000000001,-1.8534970254806704,4.395936929092492
77.58,-1.8094009956631583,4.421479430544629
77.59,-1.765067436869778,4.443543547415911
77.60000000000001,-1.7205301247148401,4.462331039930306
77.61,-1.675820816071172,4.478043437261304
77.62,-1.630969255969614,4.490881159423103
77.63,-1.5860031928827099,4.501042718022769
77.64,-1.5409484016091588,4.508723994466594
77.65,-1.495828712993378,4.514117593527718
77.66,-1.4506660497386044,4.517412269605294
77.67,-1.4054804676012722,4.518792422532337
77.68,-1.3602902012879576,4.518437659413093
77.69,-1.3151117144130104,4.516522418683761
77.7,-1.2699597529142825,4.513215652384657
77.71000000000001,-1.2248474013653174,4.508680562499082
77.72,-1.179786141664301,4.503074387145981
77.73,-1.1347859136223977,4.496548232401797
77.74,-1.089855177016265,4.4892469455637976
77.75,-1.0450009747111217,4.481309025745159
77.76,-1.0002289965013618,4.472866567804264
77.77,-0.9555436433550364,4.4640452357504765
77.78,-0.9109480917863522,4.454964261930322
77.79,-0.86644435811643,4.445736468476173
77.8,-0.8220333624168288,4.436468307689579
77.81,-0.7777149919626385,4.42725991822917
77.82000000000001,-0.7334881640522455,4.4182051941750355
77.83,-0.6893508880791378,4.409391864244694
77.84,-0.6453003267673516,4.400901578637652
77.85000000000001,-0.6013328565063848,4.392810001184075
77.86,-0.55744412674367,4.385186904666669
77.87,-0.5136291184130514,4.378096267372237
77.88,-0.4698822013962253,4.371596369109613
77.89,-0.426197191030859,4.365739885103293
77.9,-0.38256740369415937,4.360573976336631
77.91,-0.33898571150412643,4.356140375075039
77.92,-0.2954445961926586,4.352475464448227
77.93,-0.25193620221516194,4.34961035111146
77.94,-0.20845238917042944,4.347570930139731
77.95,-0.16498478361236732,4.346377941435928
77.96000000000001,-0.12152483034171088,4.346047017055566
77.97,-0.078063843271256,4.346588718966936
77.98,-0.034593055962372166,4.348008566877657
77.99,0.008896328066297142,4.350307055867421
78.0,0.05241308515497626,4.353479663673149
78.01,0.09596592133976013,4.3575168475778385
78.02,0.13956342210653305,4.362404030959049
78.03,0.18321400195894114,4.368121579658279
78.04,0.22692585369969864,4.374644768439343
78.05,0.270706897327728,4.381943737913356
78.06,0.3145647284579658,4.389983442420917
78.07000000000001,0.3585065661761464,4.3987235894794905
78.08,0.40253920024755563,4.40811857152668
78.09,0.44666893760668,4.418117390818772
78.10000000000001,0.4909015480639311,4.428663578479367
78.11,0.5352422091762674,4.439695108835587
78.12,0.5796954502406428,4.451144310329727
78.13,0.6242650953828619,4.462937774452596
78.14,0.6689542057296947,4.474996264311234
78.15,0.7137650206690865,4.487234624618037
78.16,0.7586988982220555,4.499561695070336
78.17,0.8037562545704933,4.511880229278328
78.18,0.8489365028076221,4.524086821594159
78.19,0.8942379910023766,4.536071844394476
78.2,0.9396579396955116,4.54771939857125
78.21000000000001,0.9851923789738015,4.558907280188979
78.22,1.030836085299291,4.569506966467858
78.23,1.0765825183031585,4.579383624449101
78.24,1.122423757788273,4.588396145886619
78.25,1.1683504412208907,4.596397212084474
78.26,1.2143517020299623,4.603233392557178
78.27,1.2604151090720341,4.608745281524525
78.28,1.3065266076604527,4.612767676358335
78.29,1.352670462599201,4.615129802168592
78.3,1.3988292037038246,4.615655586743964
78.31,1.4449835743340802,4.614163990039056
78.32000000000001,1.491112483504606,4.6104693923199225
78.33,1.5371929621804787,4.6043820449323585
78.34,1.583200124403253,4.595708587435777
78.35000000000001,1.6291071339291943,4.5842526345409995
78.36,1.6748851770940731,4.5698154358949985
78.37,1.7205034426470944,4.552196611262157
78.38,1.7659291093193163,4.531194963053415
78.39,1.8111273419081626,4.506609367446333
78.4,1.8560612966682428,4.47823974451674
78.41,1.9006921367984972,4.44588810686431
78.42,1.944979058805529,4.409359685160435
78.43,1.9888793305017058,4.368464127880124
78.44,2.0323483413631314,4.323016771206546
78.45,2.0753396659258367,4.272839973726744
78.46000000000001,2.117805140837666,4.217764509083344
78.47,2.1596949561075034,4.157631008227157
78.48,2.200957761002209,4.092291441350918
78.49,2.2415407849345215,4.0216106280008885
78.5,2.2813899735622263,3.945467762290577
78.51,2.320450140180333,3.8637579386133143
78.52,2.358665132334493,3.7763936618052556
78.53,2.395978013416438,3.683306324387843
78.54,2.4323312588222494,3.5844476323612904
78.55,2.4676669660636636,3.479790960071765
78.56,2.5019270780236846,3.3693326139780546
78.57000000000001,2.5350536183432246,3.2530929847407237
78.58,2.5669889377184987,3.1311175669871267
78.59,2.5976759696829665,3.00347782640382
78.60000000000001,2.6270584942465747,2.8702718945024053
78.61,2.6550814075730145,2.731625072516414
78.62,2.681690995696903,2.5876901274270843
78.63,2.706835210121556,2.4386473650857687
78.64,2.7304639429986186,2.2847044677896307
78.65,2.7525292994773487,2.1260960864521774
78.66,2.7729858647276617,1.963083180655267
78.67,2.7917909630904543,1.795952103326027
78.68,2.8089049067941825,1.6250134304901298
78.69,2.824291231700257,1.4506005404405546
78.7,2.837916917602994,1.2730679506474314
78.71000000000001,2.8497525907132055,1.092789424731649
78.72,2.8597727060976266,0.9101558657396451
78.73,2.8679557080279983,0.72557301569425
78.74,2.8742841664115115,0.5394589848628293
78.75,2.8787448877252553,0.35224163728971813
78.76,2.8813289991573066,0.16435586180292733
78.77,2.882032004961314,-0.02375924014643596
78.78,2.8808538143543783,-0.2116632168784174
78.79,2.877798740623746,-0.3989171452201918
78.8,2.8728754714499742,-0.5850864913770408
78.81,2.866097010796205,-0.769743920069182
78.82000000000001,2.857480593048591,-0.9524720190458178
78.83,2.847047570415289,-1.1328659076839867
78.84,2.834823274894911,-1.3105357005476155
78.85000000000001,2.8208368564043367,-1.4851087994623577
78.86,2.805121098905664,-1.6562319907822252
78.87,2.787712216588692,-1.823573328002236
78.88,2.768649632345619,-1.9868237836175826
78.89,2.74797574091634,-2.145698658050266
78.9,2.7257356591846134,-2.2999387374638323
78.91,2.7019769661670634,-2.449311196272917
78.92,2.6767494352591554,-2.5936102440387767
78.93,2.650104761286288,-2.7326575201442154
78.94,2.622096284856271,-2.8663022430901353
78.95,2.5927787164244855,-2.9944211243911663
78.96000000000001,2.5622078623684477,-3.116918059821396
78.97,2.5304403552280577,-3.2337236131377423
78.98,2.497533390105693,-3.344794309365353
78.99,2.4635444690407504,-3.4501117562563177
79.0,2.428531154980566,-3.5496816136312845
79.01,2.3925508367681245,-3.6435324309952044
79.02,2.355660506360662,-3.7317143741043575
79.03,2.317916549286037,-3.8142978610808895
79.04,2.279374549139044,-3.891372128257967
79.05,2.2400891067208772,-3.9630437452327096
79.06,2.200113674234389,-4.029435097647289
79.07000000000001,2.159500404767931,-4.090682855054525
79.08,2.118300017133299,-4.146936439896455
79.09,2.0765616759700025,-4.198356512175074
79.10000000000001,2.0343328868897976,-4.245113482863964
79.11,1.9916594063127233,-4.287386067535153
79.12,1.9485851655390944,-4.325359890091046
79.13,1.9051522085109023,-4.35922614492646
79.14,1.8614006426405654,-4.389180324326423
79.15,1.817368602024374,-4.415421016452788
79.16,1.7730922223115098,-4.438148777904185
79.17,1.7286056264662903,-4.457565083562617
79.18,1.6839409206402574,-4.473871355275481
79.19,1.6391281993607807,-4.487268069870058
79.2,1.5941955592428563,-4.497953946061513
79.21000000000001,1.5491691204395506,-4.50612520899532
79.22,1.50407305506295,-4.511974930458911
79.23,1.4589296218303722,-4.515692442201203
79.24,1.4137592062189257,-4.517462819307041
79.25,1.3685803654442312,-4.517466430180065
79.26,1.3234098776153242,-4.515878549384447
79.27,1.2782627944565423,-4.512869029375569
79.28,1.233152497027813,-4.508602027003668
79.29,1.188090753916469,-4.5032357805945535
79.3,1.143087781415922,-4.496922433389416
79.31,1.0981523052486808,-4.489807899153707
79.32000000000001,1.053291623432848,-4.482031765835375
79.33,1.0085116699319734,-4.473727233258513
79.34,0.9638170787676776,-4.4650210809730035
79.35000000000001,0.9192112483125132,-4.45603366253815
79.36,0.8746964055169146,-4.446878922693214
79.37,0.830273669858649,-4.437664434055329
79.38,0.7859431168358081,-4.4284914501813715
79.39,0.7417038408550216,-4.419454972031277
79.4,0.6975540173951826,-4.410643825073004
79.41,0.6534909643535616,-4.402140744471164
79.42,0.6095112025057594,-4.394022466000222
79.43,0.5656105150335572,-4.386359820517388
79.44,0.5217840060954116,-4.379217830018542
79.45,0.4780261584331863,-4.372655803481874
79.46000000000001,0.43433089002577413,-4.366727430877671
79.47,0.3906916098156329,-4.361480873888522
79.48,0.34710127254800366,-4.356958852042036
79.49,0.3035524327747921,-4.353198723108045
79.5,0.2600372980858427,-4.35023255675446
79.51,0.21654778163970287,-4.3480872005909665
79.52,0.17307555407402336,-4.346784337858092
79.53,0.12961209488254102,-4.346340536141542
79.54,0.08614874335119252,-4.346767286608865
79.55,0.04267674915036372,-4.348071033378316
79.56,-0.0008126773163737986,-4.350253192739132
79.57000000000001,-0.04432831470441891,-4.3533101620492465
79.58,-0.08787888055735872,-4.357233318241761
79.59,-0.13147298106925412,-4.362009005976203
79.60000000000001,-0.1751190606768828,-4.367618515575794
79.61,-0.21882535138077,-4.374038050998551
79.62,-0.2625998216968538,-4.381238688199101
79.63,-0.30645012514475206,-4.389186324350489
79.64,-0.35038354818386364,-4.397841618511944
79.65,-0.39440695751499094,-4.407159924450409
79.66,-0.4385267466728718,-4.417091216451349
79.67,-0.4827487818440179,-4.427580009088743
79.68,-0.5270783468546466,-4.43856527206564
79.69,-0.5715200872853308,-4.449980341385932
79.7,-0.6160779536823653,-4.461752828275099
79.71000000000001,-0.6607551438508327,-4.473804527432945
79.72,-0.7055540442310242,-4.48605132637461
79.73,-0.7504761703783249,-4.4984031177970545
79.74,-0.7955221065869653,-4.510763717096267
79.75,-0.8406914447202503,-4.523030787354664
79.76,-0.8859827223340586,-4.535095774317316
79.77,-0.9313933602065967,-4.546843854078108
79.78,-0.9769195994156208,-4.558153896400646
79.79,-1.0225564381346095,-4.568898446801194
79.8,-1.0682975683516447,-4.578943730718992
79.81,-1.1141353127489895,-4.588149683289623
79.82000000000001,-1.1600605620174371,-4.596370008415322
79.83,-1.2060627129172958,-4.603452270987698
79.84,-1.252129607437191,-4.609238026257896
79.85000000000001,-1.2982474734424538,-4.613562990460909
79.86,-1.3444008672464094,-4.616257256878032
79.87,-1.3905726185800147,-4.617145561557414
79.88,-1.4367437784775579,-4.616047602899719
79.89,-1.482893570638009,-4.612778419246266
79.9,-1.528999346862483,-4.6071488284724245
79.91,-1.5750365472074572,-4.598965933381233
79.92,-1.6209786655301075,-4.5880336964028965
79.93,-1.6667972211355153,-4.574153586726936
79.94,-1.7124617372646462,-4.557125302517842
79.95,-1.757939727185872,-4.5367475702852795
79.96000000000001,-1.8031966886703519,-4.512819022790668
79.97,-1.8481961076416853,-4.485139156069039
79.98,-1.8928994717917325,-4.453509365226149
79.99,-1.9372662949462083,-4.417734057635804
80.0,-1.9812541529444487,-4.377621841013646
80.01,-2.0248187317664814,-4.332986782586957
80.02,-2.067913888596188,-4.283649734224116
80.03,-2.110491726450964,-4.229439716945016
80.04,-2.1525026829350886,-4.170195356721574
80.05,-2.1938956335853956,-4.105766361916294
80.06,-2.2346180101734148,-4.036015031121867
80.07000000000001,-2.274615934207833,-3.9608177785850947
80.08,-2.3138343657451164,-3.8800666628575375
80.09,-2.3522172674649835,-3.793670902849848
80.10000000000001,-2.389707783802113,-3.701558364116877
80.11,-2.426248434747321,-3.6036769970083853
80.12,-2.4617813237422808,-3.499996207329128
80.13,-2.4962483588939035,-3.390508139405831
80.14,-2.5295914865303977,-3.275228850999635
80.15,-2.5617529359138964,-3.154199359370777
80.16,-2.592675473717813,-3.0274865380332128
80.17,-2.6223026666745604,-2.895183844360373
80.18,-2.65057915060502,-2.757411859241559
80.19,-2.677450903859391,-2.614318621454983
80.2,-2.7028655230341196,-2.4660797413210958
80.21000000000001,-2.726772498685813,-2.312898280520101
80.22,-2.7491234886445217,-2.1550043876795524
80.23,-2.769872586439404,-1.992654682428104
80.24,-2.7889765822930834,-1.8261313840234392
80.25,-2.8063952141198727,-1.6557411843375833
80.26,-2.8220914059798354,-1.4818138688513447
80.27,-2.8360314914969,-1.3047006932920113
80.28,-2.848185419845676,-1.1247725275573777
80.29,-2.858526942048048,-0.9424177825121909
80.3,-2.86703377549592,-0.7580401390251817
80.31,-2.8736877448285516,-0.5720561021415417
80.32000000000001,-2.8784748975387506,-0.3848924064663292
80.33,-2.8813855929578778,-0.19698330158500132
80.34,-2.8824145635704506,-0.0087677485941286
80.35000000000001,-2.8815609479297604,0.17931343950295633
80.36,-2.8788282947803916,0.3668204797107677
80.37,-2.8742245383355454,0.5533174890130715
80.38,-2.8677619450001304,0.738375308372375
80.39,-2.859457032168098,0.9215742476006924
80.4,-2.849330460048116,1.102506719439554
80.41,-2.8374068977793065,1.2807797332635145
80.42,-2.823714865382846,1.456017221422373
80.43,-2.808286553350859,1.6278621742926582
80.44,-2.7911576218969927,1.7959785635376742
80.45,-2.7723669820801056,1.9600530367886346
80.46000000000001,-2.75195656116122,2.1197963708635292
80.47,-2.7299710546628346,2.2749446746402167
80.48,-2.706457667668415,2.4252603367021797
80.49,-2.681465847928791,2.5705327167902117
80.5,-2.655047013332611,2.7105785838388163
80.51,-2.627254276252015,2.845242306879179
80.52,-2.5981421671950278,2.974395808288943
80.53,-2.567766360086236,3.0979382917123988
80.54,-2.5361834013607796,3.215795759425379
80.55,-2.5034504448977284,3.327920335952341
80.56,-2.469624994641733,3.4342894163464175
80.57000000000001,-2.4347646565708003,3.534904658716092
80.58,-2.3989269014674113,3.6297908413347724
80.59,-2.3621688397441045,3.7189946050215976
80.60000000000001,-2.3245470093669787,3.8025831014608116
80.61,-2.286117177714888,3.880642567767035
80.62,-2.246934158011638,3.9532768469433552
80.63,-2.2070516407760206,4.020605872960193
80.64,-2.166522040552434,4.0827641380488355
80.65,-2.1253963580150437,4.139899158497992
80.66,-2.0837240573824736,4.192169953807526
80.67,-2.041552958938893,4.239745552531295
80.68,-1.9989291463318477,4.282803536568802
80.69,-1.955896888207517,4.321528634077532
80.7,-1.912498573650297,4.356111369605
80.71000000000001,-1.8687746608154168,4.386746778508233
80.72,-1.8247636380801322,4.4136331912605975
80.73,-1.7805019969902047,4.436971091859858
80.74,-1.7360242162429351,4.456962053260681
80.75,-1.6913627559249913,4.473807751569888
80.76,-1.6465480612115375,4.487709059669947
80.77,-1.6016085747315925,4.498865219979069
80.78,-1.5565707568119562,4.507473095215439
80.79,-1.5114591128272836,4.513726495306916
80.8,-1.4662962269058177,4.517815577972314
80.81,-1.4211028012678373,4.519926319990964
80.82000000000001,-1.3758977005059985,4.5202400557671165
80.83,-1.3306980001524948,4.518933079477709
80.84,-1.2855190389164441,4.516176306858053
80.85000000000001,-1.2403744740153337,4.512134992521944
80.86,-1.1952763390660053,4.506968498622244
80.87,-1.1502351040428889,4.500830110626836
80.88,-1.1052597368534687,4.493866896005121
80.89,-1.0603577661227865,4.486219601684144
80.9,-1.0155353448197857,4.4780225862340295
80.91,-0.9707973143981059,4.469403782872837
80.92,-0.9261472691623289,4.460484689535262
80.93,-0.8815876206074007,4.451380382422312
80.94,-0.8371196615138827,4.442199549635193
80.95,-0.7927436296146968,4.433044541691984
80.96000000000001,-0.748458770680043,4.424011435926376
80.97,-0.7042634008961692,4.415190111970735
80.98,-0.6601549684406283,4.406664335728252
80.99,-0.6161301141816042,4.3985118494388065
81.0,-0.5721847314518522,4.390804465638616
81.01,-0.5283140248688319,4.383608163003387
81.02,-0.48451256819178445,4.376983182247573
81.03,-0.4407743612238805,4.37098412042769
81.04,-0.39709288578323065,4.365660022165186
81.05,-0.35346116078057677,4.361054466463777
81.06,-0.30987179645395513,4.357205647947702
81.07000000000001,-0.2663170478216227,4.35414645149111
81.08,-0.2227888674241329,4.351904519345287
81.09,-0.17927895743471695,4.350502310000155
81.10000000000001,-0.1357788212241298,4.3499571481401365
81.11,-0.09227981447191422,4.3502812651727965
81.12,-0.04877319592067386,4.351481829922509
81.13,-0.005250177873464035,4.353560969191634
81.14,0.03829802346315883,4.356515777999284
81.15,0.08188013768652165,4.36033831941365
81.16,0.12550478985143182,4.365015613999104
81.17,0.16918044996650372,4.370529619004798
81.18,0.2129153822315278,4.376857197528379
81.19,0.25671759391707133,4.3839700779975415
81.2,0.30059478379147864,4.3918348044246205
81.21000000000001,0.3445542900055637,4.400412678005955
81.22,0.38860303735159774,4.409659690759437
81.23,0.43274748382075245,4.419526452021114
81.24,0.47699356639202006,4.429958108755729
81.25,0.5213466459958671,4.440894260777267
81.26,0.5658114516075654,4.452268872124367
81.27,0.6103920234383544,4.46401017999223
81.28,0.65509165520741,4.476040602787508
81.29,0.6999128354941045,4.488276649045592
81.3,0.7448571881883218,4.500628829130413
81.31,0.7899254120767129,4.5130015718247645
81.32000000000001,0.8351172196248171,4.525293148113401
81.33,0.8804312750389808,4.537395604660543
81.34,0.9258651317180279,4.549194709686329
81.35000000000001,0.9714151692327073,4.560569914151221
81.36,1.0170765300010522,4.571394331360812
81.37,1.0628430558599236,4.581534738303116
81.38,1.1087072247671146,4.5908516022224575
81.39,1.1546600879043727,4.599199136114788
81.4,1.2006912074894105,4.606425386993638
81.41,1.2467885956442455,4.612372360918981
81.42,1.29293865470779,4.616876188897082
81.43,1.339126119422187,4.619767337841465
81.44,1.3853340014646192,4.620870870826569
81.45,1.4315435368387184,4.6200067608589865
81.46000000000001,1.4777341366817989,4.616990262328442
81.47,1.5238833420852873,4.611632344173797
81.48,1.5699667835652749,4.603740188599943
81.49,1.6159581458572863,4.593117758901161
81.5,1.6618291387432982,4.579566439577305
81.51,1.7075494746488324,4.562885751463288
81.52,1.7530868537725641,4.542874144023025
81.53,1.7984069575292931,4.519329866280333
81.54,1.843473451098171,4.4920519170669175
81.55,1.8882479958706315,4.460841074358942
81.56,1.9326902725853496,4.425501002448307
81.57000000000001,1.9767580159195977,4.385839434554926
81.58,2.020407061276448,4.341669427237142
81.59,2.06359140446434,4.29281068160751
81.60000000000001,2.106263274908598,4.239090924922853
81.61,2.148373222962797,4.180347344606904
81.62,2.189870221800736,4.116428065201585
81.63,2.2307017842668286,4.047193657153576
81.64,2.270814094943807,3.972518664755412
81.65,2.3101521575619364,3.892293139007789
81.66,2.348659957723963,3.8064241596887114
81.67,2.386280640755711,3.7148373295454684
81.68,2.4229567043148723,3.6174782223091904
81.69,2.458630205201895,3.5143137652126364
81.7,2.4932429796191253,3.4053335359136945
81.71000000000001,2.526736875920169,3.2905509532327404
81.72,2.55905399868378,3.1700043409418686
81.73,2.590136962739006,3.0437578440343716
81.74,2.6199291555644675,2.911902177484356
81.75,2.648375006288693,2.774555188502325
81.76,2.6754202593345138,2.6318622147173745
81.77,2.7010122505830405,2.483996222574514
81.78,2.725100183786004,2.331157712519253
81.79,2.7476354048334257,2.173574380231403
81.8,2.768571671390632,2.0115005262336734
81.81,2.787865415358099,1.845216209592906
81.82000000000001,2.80547599558249,1.675026145095088
81.83,2.8213659382600005,1.501258347140638
81.84,2.835501162525303,1.3242625275949442
81.85000000000001,2.8478511888119,1.144408258853793
81.86,2.858389327702379,0.9620829173517237
81.87,2.867092847158934,0.7776894265581631
81.88,2.8739431162335425,0.5916438220764131
81.89,2.878925723600463,0.4043726646925394
81.9,2.8820305695273936,0.2163103300299014
81.91,2.883251930201061,0.02789620577505955
81.92,2.8825884936428947,-0.16042817081091593
81.93,2.8800433667848426,-0.3482220012433996
81.94,2.8756240536180266,-0.5350481056784477
81.95,2.8693424046712734,-0.7204757601002583
81.96000000000001,2.8612145384160215,-0.9040834574518528
81.97,2.8512607355222364,-1.0854615607676132
81.98,2.839505307200669,-1.264214818393642
81.99,2.8259764391543634,-1.4399647139423208
82.0,2.8107060129218224,-1.6123516266516198
82.01,2.793729406621331,-1.7810367812272245
82.02,2.7750852772972783,-1.9457039699478085
82.03,2.754815327222375,-2.1060610337170753
82.04,2.7329640566229365,-2.261841092755001
82.05,2.709578505367275,-2.4128035216406856
82.06,2.6847079861901233,-2.5587346673602633
82.07000000000001,2.65840381202007,-2.6994483127920375
82.08,2.6307190199342823,-2.834785891603025
82.09,2.6017080941880093,-2.9646164637727783
82.10000000000001,2.5714266906588263,-3.0888364638499426
82.11,2.53993136491101,-3.2073692365454805
82.12,2.507279305927917,-3.320164376347667
82.13,2.473528077384057,-3.4271968894942115
82.14,2.438735368138033,-3.5284661978545984
82.15,2.402958753426965,-3.6239950050701766
82.16,2.3662554680366292,-3.7138280456895987
82.17,2.328682192513173,-3.7980307380499045
82.18,2.2902948532756313,-3.8766877613224473
82.19,2.2511484372867243,-3.949901576506438
82.2,2.2112968217455022,-4.017790910252906
82.21000000000001,2.170792619081666,-4.0804892192818585
82.22,2.129687037359865,-4.138143151859291
82.23,2.08802975604448,-4.190911021371479
82.24,2.0458688169324355,-4.23896130551282
82.25,2.003250529934224,-4.282471183028746
82.26,1.960219393271861,-4.321625118361837
82.27,1.9168180275669875,-4.356613502968374
82.28,1.8730871232124937,-4.387631360531041
82.29,1.8290654003563667,-4.4148771218140235
82.3,1.784789580776213,-4.438551473507793
82.31,1.7402943708862106,-4.458856284106728
82.32000000000001,1.6956124550940783,-4.475993608663813
82.33,1.6507744987129342,-4.490164773180002
82.34,1.6058091596304782,-4.5015695384150405
82.35000000000001,1.5607431079446332,-4.510405342052533
82.36,1.5156010527894272,-4.516866617413401
82.37,1.470405775596365,-4.5211441862849995
82.38,1.4251781690637273,-4.523424722912994
82.39,1.3799372811381054,-4.523890285783232
82.4,1.3347003633480627,-4.522717913494083
82.41,1.2894829228682236,-4.520079280778005
82.42,1.2442987777325027,-4.5161404105664
82.43,1.1991601146568958,-4.5110614378955844
82.44,1.154077548974591,-4.504996421415791
82.45,1.1090601862285798,-4.498093198281394
82.46000000000001,1.0641156850089633,-4.490493278261375
82.47,1.0192503206633525,-4.482331773007177
82.48,0.9744690495488197,-4.4737373565437535
82.49,0.9297755735324775,-4.464832253202773
82.5,0.8851724044847643,-4.45573224938889
82.51,0.8406609285446996,-4.446546725755914
82.52,0.796241469969646,-4.437378706565077
82.53,0.751913354413398,-4.428324923198807
82.54,0.7076749715056697,-4.419475889006973
82.55,0.6635238366332585,-4.410915982866007
82.56,0.6194566518483496,-4.402723539032153
82.57000000000001,0.5754693658526155,-4.394970941066668
82.58,0.5315572330270163,-4.387724717801682
82.59,0.4877148714965819,-4.381045639499501
82.60000000000001,0.4439363202370262,-4.374988812534818
82.61,0.40021509524588544,-4.369603771098037
82.62,0.35654424481506547,-4.364934564578611
82.63,0.31291640395431325,-4.361019839440028
82.64,0.2693238480262649,-4.357892914542938
82.65,0.22575854566345446,-4.355581849010543
82.66,0.18221221104605406,-4.354109501861079
82.67,0.13867635562623287,-4.353493582756828
82.68,0.09514233939091749,-4.353746693338247
82.69,0.051601421759467914,-4.3548763587264725
82.7,0.008044812216388041,-4.356885048888325
82.71000000000001,-0.03553627921829858,-4.359770189666221
82.72,-0.07915059157693637,-4.363524163381778
82.73,-0.12280676248593414,-4.368134299027648
82.74,-0.16651327755748932,-4.373582852168005
82.75,-0.21027841952929424,-4.379846974775332
82.76,-0.25411021705299597,-4.38689867534056
82.77,-0.29801639303610544,-4.394704769706249
82.78,-0.34200431244712093,-4.403226823189254
82.79,-0.38608092949989053,-4.412421084681077
82.8,-0.4302527341407425,-4.422238413541666
82.81,-0.47452569777072384,-4.432624200236483
82.82000000000001,-0.5189052181454721,-4.443518281807904
82.83,-0.5633960634068819,-4.454854853420791
82.84,-0.6080023152138879,-4.466562377378913
82.85000000000001,-0.6527273109544601,-4.478563491173756
82.86,-0.6975735850373631,-4.490774916300271
82.87,-0.7425428092804656,-4.503107369754872
82.88,-0.7876357324324605,-4.515465480319059
82.89,-0.8328521188868467,-4.5277477119264615
82.9,-0.8781906866709898,-4.5398462966107695
82.91,-0.9236490448190622,-4.5516471797352915
82.92,-0.9692236302656957,-4.563029980409807
82.93,-1.0149096444272585,-4.573867970204468
82.94,-1.0607009896697852,-4.584028073470807
82.95,-1.1065902058966746,-4.5933708927729455
82.96000000000001,-1.152568407525244,-4.601750763113762
82.97,-1.1986252211589499,-4.6090158388065285
82.98,-1.2447487243013746,-4.615008216987004
82.99,-1.2909253854986897,-4.619564101878434
83.0,-1.337140006338943,-4.622514014005908
83.01,-1.3833756657788077,-4.6236830486000535
83.02,-1.429613667310944,-4.622891187425721
83.03,-1.4758334895273222,-4.619953668211166
83.04,-1.5220127406751673,-4.614681415729111
83.05,-1.5681271178419045,-4.606881538384624
83.06,-1.61415037144286,-4.596357893887609
83.07000000000001,-1.6600542757196568,-4.582911727221659
83.08,-1.7058086059872932,-4.566342383658555
83.09,-1.751381123392828,-4.5464480990016085
83.10000000000001,-1.7967375679673254,-4.523026868565707
83.11,-1.8418416607641421,-4.495877395612688
83.12,-1.8866551158795792,-4.46480011905488
83.13,-1.9311376631452397,-4.429598319216895
83.14,-1.9752470822639172,-4.390079299307964
83.15,-2.018939249131399,-4.346055639009522
83.16,-2.0621681950441078,-4.297346515233644
83.17,-2.1048861794360723,-4.243779083669594
83.18,-2.1470437767174997,-4.185189913224227
83.19,-2.188589977700557,-4.121426463897637
83.2,-2.2294723059954524,-4.052348597042852
83.21000000000001,-2.2696369496414137,-3.9778301053664644
83.22,-2.309028908102782,-3.8977602484686638
83.23,-2.347592154610787,-3.8120452782329166
83.24,-2.38526981366744,-3.720609936997266
83.25,-2.4220043533507325,-3.6233989102130875
83.26,-2.4577377918717023,-3.520378214266847
83.27,-2.49241191763607,-3.4115364993499684
83.28,-2.525968521858702,-3.296886246754376
83.29,-2.5583496425711574,-3.1764648397872595
83.3,-2.589497818654447,-3.0503354876747375
83.31,-2.6193563523246524,-2.918587982391277
83.32000000000001,-2.6478695783022728,-2.781339269333735
83.33,-2.6749831377113273,-2.6387338141704886
83.34,-2.700644254585683,-2.4909437500419545
83.35000000000001,-2.7248020127121664,-2.338168791562017
83.36,-2.747407630416923,-2.180635904751319
83.37,-2.768414730807193,-2.018598725091053
83.38,-2.7877796049187444,-1.8523367192749716
83.39,-2.8054614651926926,-1.682154089900522
83.4,-2.821422686716755,-1.5083784262085096
83.41,-2.835629033716863,-1.3313591079756704
83.42,-2.8480498688762688,-1.1514654736990837
83.43,-2.8586583431908448,-0.9690847681928687
83.44,-2.867431564240126,-0.784619888550606
83.45,-2.874350740961857,-0.5984869510160064
83.46000000000001,-2.879401303260446,-0.41111270455745486
83.47,-2.882572995053006,-0.2229318197736187
83.48,-2.883859939655918,-0.034384084091293954
83.49,-2.883260676734831,0.15408846401056603
83.5,-2.8807781703757067,0.34204442785411904
83.51,-2.8764197881777487,0.5290459380766483
83.52,-2.8701972516141736,0.7146614965258529
83.53,-2.862126558247232,0.8984687450473262
83.54,-2.8522278767132274,1.0800571270967723
83.55,-2.840525415705297,1.259030412122984
83.56,-2.827047268470768,1.4350090552176293
83.57000000000001,-2.8118252346009442,1.6076323675453406
83.58,-2.794894621119861,1.7765604764721814
83.59,-2.776294025071501,1.9414760580136003
83.60000000000001,-2.7560650999595895,2.1020858281306394
83.61,-2.734252308508888,2.2581217834196448
83.62,-2.710902664291196,2.409342185771344
83.63,-2.686065464793461,2.5555322895293484
83.64,-2.6597920185006094,2.6965048134720524
83.65,-2.63213536852402,2.832100163500674
83.66,-2.6031500152305957,2.9621864151755437
83.67,-2.572891640220509,3.086659068150545
83.68,-2.5414168338675847,3.205440587072224
83.69,-2.508782828479064,3.3184797456088972
83.7,-2.4750472389554066,3.4257507919420935
83.71000000000001,-2.440267812640222,3.5272524552859004
83.72,-2.4045021898496888,3.623006813808199
83.73,-2.3678076763640585,3.7130580447300856
83.74,-2.3302410289550872,3.797471077402862
83.75,-2.2918582548160016,3.876330169839323
83.76,-2.2527144255583007,3.9497374285461606
83.77,-2.2128635062450783,4.017811290608953
83.78,-2.172358199746122,4.0806849858639955
83.79,-2.1312498065277987,4.138504995696286
83.8,-2.0895880998321963,4.191429523573383
83.81,-2.047421216056331,4.239626990902066
83.82000000000001,-2.004795560014155,4.283274570217136
83.83,-1.9617557246519883,4.3225567661146655
83.84,-1.9183444246918617,4.357664052756568
83.85000000000001,-1.874602443596857,4.388791575226914
83.86,-1.8305685931873235,4.416137920535546
83.87,-1.786279685186146,4.439903962660028
83.88,-1.7417705139341229,4.460291784707181
83.89,-1.6970738494920024,4.477503680070978
83.9,-1.6522204403327032,4.491741233371489
83.91,-1.6072390248245725,4.503204480983588
83.92,-1.5621563507130316,4.512091150105328
83.93,-1.516997201822466,4.518595974572682
83.94,-1.4717844312215778,4.522910084996443
83.95,-1.426539000122537,4.525220470273205
83.96000000000001,-1.3812800218161139,4.5257095070992275
83.97,-1.3360248099805527,4.524554553786408
83.98,-1.290788930740386,4.521927604435465
83.99,-1.2455862578918437,4.517994999354672
84.0,-1.2004290307532925,4.512917187514638
84.01,-1.155327914141551,4.506848536792366
84.02,-1.110292060017445,4.499937187773104
84.03,-1.0653291703860885,4.4923249469386235
84.04,-1.0204455610786725,4.484147215168158
84.05,-0.9756462260827253,4.475532947606703
84.06,-0.9309349021265383,4.466604641108397
84.07000000000001,-0.8863141332605573,4.457478345634802
84.08,-0.8417853352138422,4.448263696173973
84.09,-0.7973488593370779,4.43906396194198
84.10000000000001,-0.7530040559750028,4.429976109830075
84.11,-0.7087493371404764,4.421090879264828
84.12,-0.6645822383897062,4.412492865852448
84.13,-0.6204994798234275,4.404260611379923
84.14,-0.5764970261621077,4.39646669794279
84.15,-0.5325701458645716,4.389177844160749
84.16,-0.48871346927889264,4.382455001627057
84.17,-0.44492104583203046,4.3763534499148085
84.18,-0.4011864002805965,4.370922888632543
84.19,-0.35750258805937957,4.366207525182812
84.2,-0.3138622497769402,4.3622461570305475
84.21000000000001,-0.2702576649187686,4.359072247433419
84.22,-0.22668080482827185,4.356713993724388
84.23,-0.18312338504428088,4.35519438736778
84.24,-0.13957691708091627,4.354531265135114
84.25,-0.09603275974157859,4.354737350866469
84.26,-0.05248217006358687,4.355820287397998
84.27,-0.008916353993618622,4.357782658347405
84.28,0.03467348310336124,4.360621999557616
84.29,0.07829608599753371,4.364330800105456
84.3,0.12196009910547037,4.368896492887989
84.31,0.16567401585529348,4.3743014349052
84.32000000000001,0.20944612780357436,4.380522877464956
84.33,0.2532844734045926,4.3875329266456395
84.34,0.2971967863364871,4.395298494464489
84.35000000000001,0.3411904432938823,4.403781241316412
84.36,0.3852724111628153,4.412937510369753
84.37,0.42944919350127736,4.422718254733005
84.38,0.4737267762574754,4.433068958340411
84.39,0.5181105726680856,4.443929551645541
84.4,0.5626053672903862,4.4552343233606235
84.41,0.6072152591352981,4.466911829636081
84.42,0.6519436038831078,4.47888480223947
84.43,0.6967929551800874,4.491070057465896
84.44,0.7417650050324257,4.503378407692607
84.45,0.7868605233339395,4.515714577678394
84.46000000000001,0.8320792965859936,4.527977127902726
84.47,0.8774200658919941,4.5400583874391485
84.48,0.9228804643347766,4.551844399060646
84.49,0.968456953873207,4.563214879479558
84.5,1.0141447619243678,4.574043197828744
84.51,1.059937817829782,4.584196375691025
84.52,1.1058286894381884,4.5935351121770704
84.53,1.1518085200733232,4.601913837733765
84.54,1.1978669661928634,4.609180800531048
84.55,1.243992136083944,4.615178189420071
84.56,1.290170529981265,4.619742297573396
84.57000000000001,1.3363869820354122,4.622703731002506
84.58,1.382624604601315,4.623887666192101
84.59,1.4288647353592543,4.623114161087075
84.60000000000001,1.4750868878230565,4.620198523608867
84.61,1.5212687058314314,4.614951741754799
84.62,1.5673859226581524,4.607180979138765
84.63,1.6134123254142068,4.596690139555766
84.64,1.6593197254492678,4.583280503788308
84.65,1.705077935489973,4.566751441411686
84.66,1.7506547542775015,4.546901199790868
84.67,1.7960159594857903,4.523527771788141
84.68,1.8411253097132645,4.496429842913253
84.69,1.8859445563440556,4.465407817744019
84.7,1.930433466068145,4.430264924424383
84.71000000000001,1.9745498548325433,4.390808394911124
84.72,2.0182496339663674,4.346850717394515
84.73,2.061486869180434,4.298210955970804
84.74,2.1042138530857835,4.2447161312074755
84.75,2.146381191804583,4.186202653731874
84.76,2.187937906160421,4.122517801410234
84.77,2.228831547832788,4.053521229091994
84.78,2.269008330742261,3.979086498302224
84.79,2.308413277798832,3.8991026127060104
84.8,2.346990382996381,3.813475543679127
84.81,2.3846827886724147,3.7221297289391875
84.82000000000001,2.4214329775751646,3.625009525962742
84.83,2.4571829791916695,3.5220806008802032
84.84,2.491874589592769,3.4133312327460152
84.85000000000001,2.52544960384659,3.2987735125692517
84.86,2.5578500598441543,3.1784444163004477
84.87,2.5890184921725994,3.0524067311406493
84.88,2.6188981944669676,2.920749815099457
84.89,2.6474334884745887,2.783590170704048
84.9,2.674569997881049,2.641071815165786
84.91,2.7002549247779046,2.4933664311498527
84.92,2.724437326504046,2.3406732845596556
84.93,2.747068390469098,2.183218898422704
84.94,2.7681017044725005,2.021256475016351
84.95,2.7874935199694253,1.8550650617556954
84.96000000000001,2.8052030057076145,1.6849484600248896
84.97,2.821192489169923,1.5112338799985179
84.98,2.835427683307585,1.3342703484929042
84.99,2.8478778961397815,1.154426880921394
85.0,2.858516220926013,0.9720904324103212
85.01,2.867319704787988,0.7876636469680462
85.02,2.874269493865374,0.6015624271927478
85.03,2.879350953331843,0.41421335026342687
85.04,2.882553760870642,0.22605095879715484
85.05,2.883871972507786,0.03751495749778616
85.06,2.883304060020598,-0.1509526516967182
85.07000000000001,2.8808529194738517,-0.33891046208873143
85.08,2.8765258507788234,-0.5259205479071623
85.09,2.8703345085157084,-0.7115513089219789
85.10000000000001,2.862294824600384,-0.8953802404836009
85.11,2.8524269037060366,-1.0769965968953683
85.12,2.840754892662477,-1.2560039180314893
85.13,2.8273068253454072,-1.4320223916545172
85.14,2.812114444829387,-1.6046910268966692
85.15,2.795213004807474,-1.7736696177679656
85.16,2.7766410524740275,-1.9386404792527443
85.17,2.756440195222419,-2.0993099424608155
85.18,2.734654853624811,-2.255409599314555
85.19,2.711332003236128,-2.406697291283915
85.2,2.686520907799133,-2.5529578406370033
85.21000000000001,2.660272846423388,-2.6940035264705853
85.22,2.632640837269721,-2.829674311347547
85.23,2.6036793601964368,-2.9598378276326556
85.24,2.573444080717068,-3.084389135531433
85.25,2.541991577485808,-3.2032502673598584
85.26,2.5093790753698704,-3.316369574678085
85.27,2.475664185992246,-3.42372089659521
85.28,2.4409046574379665,-3.5253025687921915
85.29,2.405158134616402,-3.6211362936251037
85.3,2.368481931565464,-3.711265892079553
85.31,2.3309328167748107,-3.795755958376067
85.32000000000001,2.2925668123979426,-3.874690437708965
85.33,2.2534390080206315,-3.9481711469760308
85.34,2.213603389458422,-4.016316257465037
85.35000000000001,2.1731126828713307,-4.0792587573493275
85.36,2.1320182143114357,-4.137144910552422
85.37,2.090369784660283,-4.190132727114022
85.38,2.0482155597691554,-4.238390458668371
85.39,2.005601975486915,-4.282095131069165
85.4,1.9625736571477719,-4.3214311245983295
85.41,1.9191733529949486,-4.3565888106104085
85.42,1.8754418809355637,-4.387763251917133
85.43,1.8314180879566058,-4.415152972730921
85.44,1.7871388214809452,-4.438958802580242
85.45,1.742638911905001,-4.459382797298512
85.46000000000001,1.6979511655349748,-4.47662723898207
85.47,1.6531063671253594,-4.490893715718934
85.48,1.6081332912205961,-4.5023822809122915
85.49,1.5630587215071137,-4.511290691162022
85.5,1.5179074773973558,-4.517813720922598
85.51,1.4727024470886618,-4.522142551523061
85.52,1.4274646263668946,-4.524464231609232
85.53,1.382213162456477,-4.524961205643746
85.54,1.3369654022540196,-4.523810906768358
85.55,1.2917369443211097,-4.521185410087671
85.56,1.246541694052266,-4.51725114226541
85.57000000000001,1.2013919214758015,-4.512168643225524
85.58,1.1562983211877556,-4.506092375712191
85.59,1.1112700739615575,-4.499170578477306
85.60000000000001,1.0663149096182092,-4.491545158923455
85.61,1.0214391707830883,-4.483351621127425
85.62,0.9766478771956606,-4.474719025297313
85.63,0.931944790277142,-4.465769974868924
85.64,0.8873324776982822,-4.456620627618966
85.65,0.8428123777247627,-4.447380727358429
85.66,0.7983848631511136,-4.43815365296514
85.67,0.7540493046654599,-4.42903648171594
85.68,0.7098041335167947,-4.420120064083005
85.69,0.6656469033837998,-4.411489107362731
85.7,0.6215743513695402,-4.40322226570704
85.71000000000001,0.577582458069659,-4.395392234324208
85.72,0.533666506683056,-4.38806584580776
85.73,0.4898211411535039,-4.381304166736789
85.74,0.4460404233483203,-4.375162592868328
85.75,0.4023178892961373,-4.36969094141178
85.76,0.3586466045200847,-4.364933539036716
85.77,0.315019218515403,-4.360929304418609
85.78,0.2714280184317125,-4.357711824272478
85.79,0.22786498202995342,-4.355309421962472
85.8,0.18432182999246302,-4.353745217906549
85.81,0.14079007767182244,-4.353037181120332
85.82000000000001,0.0972610863700564,-4.353198171363709
85.83,0.05372611424454826,-4.3542359714685395
85.84,0.010176366940685605,-4.356153309536927
85.85000000000001,-0.03339695194619028,-4.358947870807806
85.86,-0.07700259047547052,-4.36261229909603
85.87,-0.1206491979281109,-4.367134187813786
85.88,-0.16434527423174625,-4.3724960606899534
85.89,-0.20809911914190996,-4.37867534241001
85.9,-0.2519187810799464,-4.385644319508234
85.91,-0.29581200553207465,-4.393370091956246
85.92,-0.33978618291907137,-4.401814516008272
85.93,-0.3838482958522401,-4.410934138984796
85.94,-0.42800486569876733,-4.4206801268033065
85.95,-0.47226189838830623,-4.430998185198289
85.96000000000001,-0.5166248294027331,-4.44182847571325
85.97,-0.5610984679025712,-4.453105527695629
85.98,-0.6056869399566457,-4.464758147681587
85.99,-0.650393630856203,-4.476709327721767
86.0,-0.695221126511081,-4.488876154371387
86.01,-0.7401711539436308,-4.501169720248023
86.02,-0.7852445209160416,-4.513495040247757
86.03,-0.830441054748586,-4.525750974704101
86.04,-0.8757595404101236,-4.537830161973098
86.05,-0.9211976579880479,-4.549618963130736
86.06,-0.9667519196727382,-4.560997421673262
86.07000000000001,-1.012417606421513,-4.571839241314747
86.08,-1.058188704499033,-4.582011785176427
86.09,-1.1040578421250415,-4.59137609985542
86.10000000000001,-1.1500162264961415,-4.599786968042423
86.11,-1.19605358148589,-4.607092993524299
86.12,-1.2421580863666275,-4.613136722552938
86.13,-1.2883163159369488,-4.6177548056805
86.14,-1.3345131824802376,-4.620778204246906
86.15,-1.380731880021887,-4.6220324457512
86.16,-1.4269538313952617,-4.621337932336755
86.17,-1.473158638668622,-4.618510306563441
86.18,-1.5193240375265302,-4.6133608785195985
86.19,-1.5654258562390138,-4.605697118134654
86.2,-1.6114379798892233,-4.595323216281144
86.21000000000001,-1.6573323205646366,-4.582040717894591
86.22,-1.703078794247115,-4.5656492298834745
86.23,-1.748645305162306,-4.545947206042359
86.24,-1.7939977383679622,-4.522732810513317
86.25,-1.8390999613725725,-4.495804860559369
86.26,-1.8839138355791496,-4.464963848516121
86.27,-1.9283992383428947,-4.4300130417734085
86.28,-1.9725140964146177,-4.3907596585094755
86.29,-2.0162144315130845,-4.347016115660945
86.3,-2.059454418727837,-4.29860134427078
86.31,-2.1021864583985,-4.245342165925485
86.32000000000001,-2.1443612620463464,-4.187074722487857
86.33,-2.185927952848257,-4.123645949772661
86.34,-2.2268341810417995,-4.054915084224022
86.35000000000001,-2.2670262545327375,-3.980755190063623
86.36,-2.306449284843072,-3.9010546928205994
86.37,-2.3450473483891496,-3.8157189036636523
86.38,-2.382763662916345,-3.7246715175729155
86.39,-2.4195407787406076,-3.6278560671554656
86.4,-2.455320784259454,-3.5252373128675973
86.41,-2.4900455249979596,-3.4168025496030223
86.42,-2.523656835251515,-3.3025628090820374
86.43,-2.5560967811796007,-3.1825539372731586
86.44,-2.5873079139969786,-3.0568375262325076
86.45,-2.617233531704251,-2.925501680288664
86.46000000000001,-2.6458179476027515,-2.7886615974558358
86.47,-2.6730067636533676,-2.646459948341437
86.48,-2.69874714656958,-2.499067036630731
86.49,-2.722988104385982,-2.3466807274749426
86.5,-2.7456807611190786,-2.1895261327618574
86.51,-2.766778627041219,-2.0278550452782174
86.52,-2.786237862024643,-1.8619451171372687
86.53,-2.8040175293839646,-1.6920987814861335
86.54,-2.820079837654366,-1.5186419203583346
86.55,-2.8343903677911313,-1.3419222855186752
86.56,-2.8469182833647393,-1.1623076831744945
86.57000000000001,-2.857636521454621,-0.9801839374069895
86.58,-2.8665219621128792,-0.7959526510136078
86.59,-2.873555574474893,-0.6100287860522352
86.60000000000001,-2.878722537833924,-0.42283808964787994
86.61,-2.882012336267851,-0.2348143934769173
86.62,-2.8834188257034623,-0.04639681770620849
86.63,-2.882940272621975,0.14197308802981895
86.64,-2.8805793639428656,0.3298542328315519
86.65,-2.8763431879653436,0.51680886757362
86.66,-2.870243186591393,0.7024054285344422
86.67,-2.8622950793946544,0.8862213081171162
86.68,-2.8525187604290503,1.0678455205428385
86.69,-2.8409381689837976,1.246881232371552
86.7,-2.827581135781619,1.4229481302173526
86.71000000000001,-2.8124792063794506,1.5956846010102106
86.72,-2.795667443761415,1.7647497035312794
86.73,-2.7771842123088253,1.9298249136284684
86.74,-2.757070945488846,2.09061562940866
86.75,-2.735371899720652,2.2468524267074095
86.76,-2.7121338969546978,2.398292059161559
86.77,-2.687406058537421,2.544718201164217
86.78,-2.661239532931414,2.6859419357808734
86.79,-2.6336872198218035,2.8218019932746135
86.8,-2.6048034930659214,2.952164749162746
86.81,-2.574643924838549,3.076923993653695
86.82000000000001,-2.5432650131928476,3.1960004868514345
86.83,-2.5107239151015204,3.309341316237608
86.84,-2.4770781868680958,3.416919074634071
86.85000000000001,-2.4423855336088387,3.5187308781080495
86.86,-2.4067035693059347,3.6147972441168275
86.87,-2.3700895887265023,3.705160850616795
86.88,-2.3326003522935985,3.7898851969091987
86.89,-2.294291884788318,3.8690531866950244
86.9,-2.2552192885596978,3.942765653202232
86.91,-2.215436571724273,4.0111398453715585
86.92,-2.1749964916522666,4.0743078929857885
86.93,-2.1339504138645577,4.132415267345683
86.94,-2.0923481863053532,4.185619252676856
86.95,-2.050238028811021,4.234087441937192
86.96000000000001,-2.0076664374666096,4.277996269122552
86.97,-1.9646781034285699,4.317529588574851
86.98,-1.9213158456951127,4.352877310212668
86.99,-1.8776205572243165,4.384234098057546
87.0,-1.8336311637339617,4.411798137942361
87.01,-1.7893845944654692,4.435769978880249
87.02,-1.7449157641563566,4.456351451258379
87.03,-1.7002575654403016,4.473744663811113
87.04,-1.6554408708801343,4.488151080229141
87.05,-1.6104945438357188,4.499770675278874
87.06,-1.5654454573745569,4.508801169441012
87.07000000000001,-1.5203185204468985,4.515437340327408
87.08,-1.4751367105680089,4.519870408497841
87.09,-1.429921112276942,4.522287494768063
87.10000000000001,-1.3846909606726476,4.522871145671296
87.11,-1.3394636893635161,4.521798923399903
87.12,-1.2942549822046496,4.519243056304572
87.13,-1.2490788282374246,4.51537014585656
87.14,-1.2039475792875183,4.510340925876236
87.15,-1.1588720097198997,4.5043100697898995
87.16,-1.1138613778917201,4.497426041688502
87.17,-1.0689234888861294,4.489830987018968
87.18,-1.0240647581513407,4.4816606588336665
87.19,-0.9792902757094561,4.473044375649803
87.2,-0.9346038706383447,4.464105007121611
87.21000000000001,-0.8900081755670239,4.454958983898732
87.22,-0.8455046909603701,4.445716328229041
87.23,-0.8010938490024431,4.436480702058963
87.24,-0.7567750769191908,4.427349469585136
87.25,-0.7125468596107404,4.418413771414909
87.26,-0.6684068014908926,4.409758607696742
87.27,-0.6243516874568055,4.40146292778282
87.28,-0.5803775429352361,4.393599724183333
87.29,-0.5364796929731389,4.386236128763336
87.3,-0.4926528203599695,4.379433509317941
87.31,-0.44889102278678006,4.373247564838971
87.32000000000001,-0.40518786906319004,4.367728417955729
87.33,-0.36153645442766547,4.362920703193966
87.34,-0.3179294549993107,4.358863649850547
87.35000000000001,-0.2743591814306545,4.355591158426872
87.36,-0.23081763183077325,4.353131869702278
87.37,-0.18729654403660895,4.351509225659872
87.38,-0.1437874473175758,4.350741521602265
87.39,-0.10028171360456369,4.350841948914109
87.4,-0.05677060833929365,4.351818628043199
87.41,-0.013245341043699696,4.353674631382837
87.42,0.0303028842883631,4.356407995846333
87.43,0.07388281887322697,4.360011725030754
87.44,0.11750311878897816,4.364473780972361
87.45,0.1611722944926742,4.36977706560167
87.46000000000001,0.2048986601010116,4.375899392112575
87.47,0.24869028233492574,4.382813446568689
87.48,0.2925549290323854,4.390486740181745
87.49,0.33650001713856065,4.398881552812613
87.5,0.3805325600886376,4.407954868366075
87.51,0.4246591145058821,4.417658302876756
87.52,0.4688857261461728,4.427938026216231
87.53,0.5132178750302068,4.438734678491057
87.54,0.5576604197159939,4.449983282348651
87.55,0.6022175406771797,4.461613152563058
87.56,0.646892682767255,4.473547804435837
87.57000000000001,0.6916884967658965,4.485704862718499
87.58,0.736606780021625,4.497995972942041
87.59,0.7816484162247372,4.510326717225449
87.60000000000001,0.8268133143661339,4.522596536827954
87.61,0.8721003469612962,4.534698663908058
87.62,0.917507287644295,4.5465200651544535
87.63,0.9630307482643854,4.5579414001579615
87.64,1.0086661156474543,4.568836997597167
87.65,1.0544074882163286,4.579074852510625
87.66,1.1002476126976668,4.588516648121946
87.67,1.1461778211787677,4.597017805866806
87.68,1.192187968815003,4.604427567438406
87.69,1.2382663725275358,4.610589112814985
87.7,1.2843997510713026,4.615339718353996
87.71000000000001,1.3305731668946155,4.6185109591260565
87.72,1.3767699702538236,4.61992895971108
87.73,1.4229717460888371,4.619414697681563
87.74,1.469158264207455,4.6167843639461195
87.75,1.5153074333677596,4.6118497840119215
87.76,1.5613952598876935,4.604418904039348
87.77,1.6073958114485467,4.594296345297563
87.78,1.6532811867936448,4.5812840302778195
87.79,1.6990214920541031,4.5651818832742235
87.8,1.7445848244591293,4.545788607692474
87.81,1.7899372642079527,4.52290254168976
87.82000000000001,1.8350428752929246,4.496322592978751
87.83,1.8798637160675278,4.465849252742636
87.84,1.9243598603477772,4.4312856876055235
87.85000000000001,1.968489429819638,4.392438907484971
87.86,2.0122086384974764,4.3491210059255225
87.87,2.0554718499381486,4.301150468181838
87.88,2.0982316478611134,4.2483535408988296
87.89,2.1404389207561247,4.190565655739671
87.9,2.1820429609759064,4.127632897760256
87.91,2.2229915787113295,4.059413507744517
87.92,2.2632312311307965,3.985779406127117
87.93,2.302707166833872,3.9066177245705966
87.94,2.3413635856222084,3.8218323297690593
87.95,2.379143813429253,3.731345322659058
87.96000000000001,2.415990492075389,3.635098494972288
87.97,2.4518457833286984,3.5330547240072594
87.98,2.486651586555534,3.4251992856722016
87.99,2.5203497690421424,3.3115410653021438
88.0,2.552882407861577,3.1921136455202266
88.01,2.5841920419525466,3.0669762505340596
88.02,2.6142219328722582,2.9362145267639987
88.03,2.6429163324878266,2.7999411406163874
88.04,2.6702207556845856,2.658296175557226
88.05,2.696082255998971,2.5114473124165744
88.06,2.7204497019329175,2.359589779056194
88.07000000000001,2.7432740515800953,2.202946058145296
88.08,2.764508623095823,2.0417653447818576
88.09,2.784109358475732,1.8763227490270584
88.10000000000001,2.802035078076364,1.70691824203276
88.11,2.818247723316387,1.5338753482697376
88.12,2.832712585041759,1.3575395903305234
88.13,2.8453985151229975,1.1782766967997658
88.14,2.856278118977754,0.9964705876654736
88.15,2.8653279268763066,0.8125211555915883
88.16,2.8725285420895856,0.6268418649908294
88.17,2.8778647641761235,0.43985719413434504
88.18,2.8813256859722727,0.25199994842499185
88.19,2.8829047631446234,0.06370847536675278
88.2,2.8825998554796075,-0.12457618638155055
88.21000000000001,2.880413239416992,-0.31241319022559566
88.22,2.8763515916750952,-0.49936476286681486
88.23,2.8704259441596554,-0.6849990493192696
88.24,2.86265161068871,-0.86889288817303
88.25,2.853048086396195,-1.0506344848853395
88.26,2.841638920991003,-1.2298259527978046
88.27,2.8284515673402386,-1.4060856940386899
88.28,2.813517207110229,-1.5790505954073182
88.29,2.796870555432092,-1.7483780176741923
88.3,2.7785496467567454,-1.913747560378617
88.31,2.75859560422452,-2.0748625880725085
88.32000000000001,2.737052394995295,-2.2314515079494486
88.33,2.7139665740655308,-2.3832687928172485
88.34,2.6893870191389504,-2.5300957473293697
88.35000000000001,2.663364659118944,-2.6717410192007836
88.36,2.635952198754935,-2.808040860721149
88.37,2.607203841904521,-2.9388591491768463
88.38,2.577175015771398,-3.064087177749434
88.39,2.5459220983495325,-3.1836432310300853
88.4,2.5135021511507967,-3.29747196144889
88.41,2.479972659120555,-3.4055435846486883
88.42,2.445391279457823,-3.507852913131437
88.43,2.409815600857926,-3.60441824837829
88.44,2.373302914490257,-3.6952801521097007
88.45,2.3359099978157323,-3.780500117434483
88.46000000000001,2.2976929121415677,-3.8601591603692644
88.47,2.258706814608347,-3.934356351629745
88.48,2.219005785108973,-4.0032073077437955
88.49,2.1786426684534717,-4.066842659456926
88.5,2.1376689319198348,-4.125406514136906
88.51,2.0961345381707335,-4.179054927479531
88.52,2.0540878333702444,-4.227954398313161
88.53,2.0115754502044707,-4.2722803987347335
88.54,1.9686422253955498,-4.312215950219872
88.55,1.9253311312000732,-4.347950254766466
88.56,1.8816832203002205,-4.379677388582284
88.57000000000001,1.8377375834284275,-4.407595064336288
88.58,1.7935313190134947,-4.431903466579532
88.59,1.7490995140968368,-4.4528041636199776
88.60000000000001,1.704475235741095,-4.470499097917359
88.61,1.6596895321384895,-4.485189655956937
88.62,1.6147714426219562,-4.497075817568997
88.63,1.5697480157871095,-4.506355383785503
88.64,1.5246443349462462,-4.513223281565556
88.65,1.4794835501557984,-4.517870943073943
88.66,1.434286916084767,-4.520485756657341
88.67,1.3890738350226515,-4.521250586224518
88.68,1.3438619043602766,-4.520343355393008
88.69,1.2986669679147913,-4.517936692507466
88.7,1.2535031705101274,-4.514197632456056
88.71000000000001,1.20838301526567,-4.509287371102431
88.72,1.1633174230880787,-4.503361068103864
88.73,1.1183157939035928,-4.496567693892757
88.74,1.0733860692102237,-4.489049916651386
88.75,1.0285347955705653,-4.480944025200941
88.76,0.9837671887062049,-4.472379883848961
88.77,0.939087197893586,-4.463480915387838
88.78,0.8944975703984481,-4.454364108605486
88.79,0.8499999157214763,-4.445140046852567
88.8,0.8055947694613967,-4.435912954404197
88.81,0.7612816566333923,-4.426780757554101
88.82000000000001,0.7170591543103148,-4.417835157582217
88.83,0.672924953481748,-4.409161712940076
88.84,0.6288759200515132,-4.40083992819953
88.85000000000001,0.5849081549177573,-4.392943347507578
88.86,0.5410170531013615,-4.385539650481869
88.87,0.49719736190811986,-4.378690748666619
88.88,0.45344323812802917,-4.372452880846549
88.89,0.4097483042911889,-4.366876705686472
88.9,0.3661057040142997,-4.362007390326159
88.91,0.3225081564846657,-4.357884693714007
88.92,0.2789480101400195,-4.354543043609218
88.93,0.23541729561248131,-4.352011606320772
88.94,0.1919077780136041,-4.3503143483832245
88.95,0.14841100864481682,-4.3494700894947265
88.96000000000001,0.10491837622370956,-4.3494925461624785
88.97,0.061421157721567254,-4.350390365615877
88.98,0.01791056891139202,-4.352167149658777
88.99,-0.02562218527160828,-4.354821468240503
89.0,-0.06918586045341804,-4.3583468626314765
89.01,-0.11278912252423781,-4.362731838194546
89.02,-0.15644049721730896,-4.367959846848345
89.03,-0.20014831946120473,-4.374009259425253
89.04,-0.24392068240581402,-4.380853328234754
89.05,-0.2877653860258998,-4.388460140254212
89.06,-0.33168988521089826,-4.396792561484149
89.07000000000001,-0.37570123725558274,-4.405808173125011
89.08,-0.4198060486733984,-4.415459200357835
89.09,-0.4640104212627394,-4.425692434643061
89.10000000000001,-0.5083198973662596,-4.4364491505904455
89.11,-0.5527394042745484,-4.447665018599289
89.12,-0.5972731977382455,-4.4592700146222946
89.13,-0.6419248045669943,-4.471188328568505
89.14,-0.6866969643096157,-4.483338273031009
89.15,-0.7315915700276147,-4.495632194203202
89.16,-0.7766096081936799,-4.5079763870328335
89.17,-0.8217510977682714,-4.5202710168551965
89.18,-0.8670150285307837,-4.532410049944365
89.19,-0.9123992987671586,-4.544281195623063
89.2,-0.9579006524432451,-4.55576586277552
89.21000000000001,-1.0035146160226691,-4.566739133811291
89.22,-1.0492354351194708,-4.577069759328644
89.23,-1.0950560112092418,-4.58662017692043
89.24,-1.1409678386578792,-4.595246557749381
89.25,-1.1869609423642293,-4.602798884689174
89.26,-1.2330238163516627,-4.609121065977202
89.27,-1.2791433636837732,-4.614051088449171
89.28,-1.3253048381206458,-4.617421214518169
89.29,-1.3714917879741364,-4.619058227114927
89.3,-1.4176860026629443,-4.618783726814247
89.31,-1.4638674625104215,-4.6164144853273665
89.32000000000001,-1.510014292369492,-4.611762859433172
89.33,-1.556102719699085,-4.604637269244427
89.34,-1.6021070377543805,-4.594842744450226
89.35000000000001,-1.6479995745880898,-4.582181541834496
89.36,-1.6937506685910706,-4.566453836934784
89.37,-1.7393286513267856,-4.5474584921686825
89.38,-1.7846998384344444,-4.524993903110846
89.39,-1.8298285293890026,-4.498858923846869
89.4,-1.8746770169113818,-4.468853871458101
89.41,-1.9192056068181647,-4.434781608702727
89.42,-1.9633726490854364,-4.396448702854478
89.43,-2.0071345808752543,-4.353666657445457
89.44,-2.0504459822343457,-4.30625321234122
89.45,-2.093259645122079,-4.254033706165591
89.46000000000001,-2.1355266563576576,-4.196842493604718
89.47,-2.177196494994173,-4.1345244085737205
89.48,-2.218217144529132,-4.0669362626483005
89.49,-2.258535220247139,-3.993948366575596
89.5,-2.2980961118606436,-3.915446061114931
89.51,-2.336844141469437,-3.8313312419556516
89.52,-2.374722736699756,-3.741523862054607
89.53,-2.411674618710529,-3.6459633934715825
89.54,-2.4476420045691873,-3.544610229700211
89.55,-2.4825668233045333,-3.4374470086384754
89.56,-2.516390944741957,-3.3244798357599996
89.57000000000001,-2.549056420019733,-3.205739386776168
89.58,-2.58050573247748,-3.0812818691572788
89.59,-2.6106820574028786,-2.9511898223408775
89.60000000000001,-2.6395295289242977,-2.8155727373227344
89.61,-2.6669935121493333,-2.674567477617886
89.62,-2.6930208784766556,-2.5283384853030735
89.63,-2.7175602818553948,-2.3770777580041496
89.64,-2.7405624336367387,-2.221004585256761
89.65,-2.7619803735605304,-2.0603650356175027
89.66,-2.781769734349089,-1.895431189194484
89.67,-2.7998889973444196,-1.726500113847111
89.68,-2.8162997366260307,-1.5538925871093472
89.69,-2.8309668490866065,-1.3779515698428226
89.7,-2.843858768022887,-1.1990404416414158
89.71000000000001,-2.8549476579194346,-1.0175410119964612
89.72,-2.864209588262816,-0.8338513250970234
89.73,-2.871624684421375,-0.6483832797875162
89.74,-2.8771772538585663,-0.46156008954253547
89.75,-2.8808558862122253,-0.2738136102589542
89.76,-2.882653526063745,-0.08558156612962611
89.77,-2.8825675175348175,0.1026952942154318
89.78,-2.880599620179436,0.29057607778862526
89.79,-2.8767559959790447,0.47762262933994665
89.8,-2.8710471675926366,0.6634023812209167
89.81,-2.863487948354626,0.8474911373819036
89.82000000000001,-2.854097344844998,1.0294757591147767
89.83,-2.8428984331723304,1.208956722001553
89.84,-2.8299182104049674,1.3855505159288508
89.85000000000001,-2.8151874228537532,1.5588918629123585
89.86,-2.79874037314672,1.728635730768031
89.87,-2.7806147082383927,1.8944591242811326
89.88,-2.7608511906610973,2.0560626393682906
89.89,-2.7394934554510266,2.21317176970633
89.9,-2.7165877552669704,2.365537959320041
89.91,-2.692182696264626,2.5129393985876756
89.92,-2.6663289672952173,2.6551815649523958
89.93,-2.639079064965578,2.7920975132429335
89.94,-2.6104870170303585,2.9235479238404105
89.95,-2.58060810648877,3.049420919925235
89.96000000000001,-2.549498598631854,3.1696316676553566
89.97,-2.517215473135663,3.284121775334818
89.98,-2.483816163125158,3.3928585094121395
89.99,-2.44935830294742,3.495833846496349
90.0,-2.4138994861952305,3.5930633815004676
90.01,-2.3774970353174107,3.684585112533964
90.02,-2.3402077839445514,3.7704581232917573
90.03,-2.3020878728515757,3.850761183459361
90.04,-2.263192560275364,3.925591287108827
90.05,-2.2235760471093986,3.995062148239003
90.06,-2.1832913173105837,4.059302671559365
90.07000000000001,-2.1423899936782114,4.118455415373113
90.08,-2.100922209003121,4.172675062025651
90.09,-2.0589364924376983,4.222126909890778
90.10000000000001,-2.016479670805306,4.266985399308022
90.11,-1.9735967844515379,4.307432683296673
90.12,-1.9303310171393724,4.343657252287329
90.13,-1.8867236394057911,4.375852620558464
90.14,-1.842813964728203,4.404216080567491
90.15,-1.7986393177944413,4.428947529942836
90.16,-1.7542350141293463,4.450248374571096
90.17,-1.7096343503030196,4.468320509983138
90.18,-1.6648686039296838,4.48336538212287
90.19,-1.6199670426605624,4.495583127577159
90.2,-1.5749569413781406,4.505171792456587
90.21000000000001,-1.5298636068114304,4.5123266283437875
90.22,-1.4847104088112648,4.517239463065932
90.23,-1.439518817550112,4.520098143496044
90.24,-1.394308445941344,4.52108604713808
90.25,-1.3490970966073503,4.52038165889622
90.26,-1.3039008127634197,4.518158209161801
90.27,-1.2587339324241145,4.514583369163611
90.28,-1.2136091453801474,4.509818999410661
90.29,-1.1685375524359012,4.5040209470026005
90.3,-1.1235287264400955,4.497338887583607
90.31,-1.078590774684229,4.489916207763101
90.32000000000001,-1.0337304022848333,4.481889923913524
90.33,-0.9889529762059582,4.473390633374926
90.34,-0.9442625896173346,4.464542494241839
90.35000000000001,-0.8996621263211213,4.455463230074165
90.36,-0.8551533250158512,4.446264156055422
90.37,-0.8107368432000128,4.437050223314144
90.38,-0.7664123205495683,4.427920078323527
90.39,-0.7221784416335424,4.418966134497157
90.4,-0.6780329978596252,4.410274653301963
90.41,-0.6339729485675032,4.401925832410993
90.42,-0.5899944812114054,4.393993898616315
90.43,-0.5460930705951769,4.386547203414717
90.44,-0.5022635371431111,4.379648319364832
90.45,-0.4585001042078803,4.373354135492977
90.46000000000001,-0.4147964544332516,4.367715950195917
90.47,-0.37114578520396196,4.362779560251618
90.48,-0.32754086322821924,4.358585344703916
90.49,-0.2839740783098837,4.355168342534001
90.5,-0.24043749637753925,4.35255832317109
90.51,-0.19692291184646188,4.350779849027133
90.52,-0.1534218993969966,4.34985232936648
90.53,-0.10992586525913228,4.349790064941876
90.54,-0.06642609809815907,4.3506022829437025
90.55,-0.022913819600258227,4.352293161920987
90.56,0.02061976514026068,4.354861846441255
90.57000000000001,0.06418341732856689,4.358302451362708
90.58,0.10778581416751484,4.362604055697584
90.59,0.15143549844251855,4.367750686150785
90.60000000000001,0.19514082789053053,4.373721290523991
90.61,0.23890992425299837,4.380489701283486
90.62,0.28275062191620026,4.388024589700854
90.63,0.32667041604701547,4.3962894110903346
90.64,0.37067641013800695,4.405242341786037
90.65,0.4147752628827362,4.414836208627059
90.66,0.45897313431054815,4.425018411849704
90.67,0.5032756311197303,4.4357308424240385
90.68,0.5476877511590289,4.44690979501748
90.69,0.59221382702008,4.45848587792145
90.7,0.636857468717458,4.470383921438451
90.71000000000001,0.6816215054488489,4.4825228863964135
90.72,0.7265079264453862,4.494815774634496
90.73,0.7715178209415389,4.507169543489347
90.74,0.8166513173151732,4.519485026502366
90.75,0.8619075214715862,4.531656862765715
90.76,0.9072844545704876,4.543573437526245
90.77,0.9527789902221112,4.555116836870335
90.78,0.9983867913078942,4.566162819516576
90.79,1.0441022466124426,4.576580808944523
90.8,1.0899184074867845,4.586233909283084
90.81,1.135826924798104,4.594978948567714
90.82000000000001,1.1818179864581386,4.602666553146975
90.83,1.2278802558610435,4.60914125717128
90.84,1.2740008116015644,4.614241651224095
90.85000000000001,1.3201650888855256,4.617800574252362
90.86,1.3663568230866117,4.619645353011747
90.87,1.4125579959457604,4.619598093256133
90.88,1.4587487849517342,4.61747602686194
90.89,1.5049075164829993,4.613091918978301
90.9,1.5510106233313001,4.606254539125518
90.91,1.5970326072655094,4.596769199918279
90.92,1.6429460073296656,4.584438366758586
90.93,1.688721374600681,4.569062341418377
90.94,1.7343272541580332,4.55044002190623
90.95,1.779730175038806,4.528369740379958
90.96000000000001,1.8248946489656326,4.502650180122439
90.97,1.8697831786412547,4.4730813717381706
90.98,1.9143562764003959,4.4394657677515905
90.99,1.9585724939962863,4.401609393696092
91.0,2.0023884642743175,4.359323072578975
91.01,2.0457589554478655,4.312423718299252
91.02,2.088636938640302,4.260735692193173
91.03,2.1309736692917287,4.204092215400916
91.04,2.1727187829483205,4.142336828205992
91.05,2.2138204058558486,4.07532488591932
91.06,2.254225280666707,4.002925079289869
91.07000000000001,2.293878907441646,3.9250209658545874
91.08,2.332725699983799,3.84151249712714
91.09,2.370709157384189,3.752317525106304
91.10000000000001,2.407772050485925,3.6573732703019566
91.11,2.443856622790228,3.556637732372497
91.12,2.4789048051333746,3.450091023586098
91.13,2.51285844326195,3.337736604702815
91.14,2.5456595372274307,3.219602402566768
91.15,2.577250491313285,3.095741788735506
91.16,2.6075743730021403,2.9662343988903648
91.17,2.636575179291092,2.831186773593616
91.18,2.6641981084740123,2.6907328022037285
91.19,2.690389835335166,2.545033953437626
91.2,2.715098787542765,2.3942792781760627
91.21000000000001,2.7382754208986873,2.2386851726306634
91.22,2.7598724909953782,2.078494892901825
91.23,2.779845318756724,1.913977815215662
91.24,2.7981520472996912,1.7454284396829902
91.25,2.8147538875503835,1.5731651392097112
91.26,2.8296153500838854,1.3975286591308707
91.27,2.842704460733001,1.2188803771564187
91.28,2.8539929576270135,1.0376003372148856
91.29,2.8634564674772984,0.8540850746674781
91.3,2.8710746591203633,0.6687452540441285
91.31,2.8768313725581813,0.48200314383147347
91.32000000000001,2.880714721996993,0.2942899558326052
91.33,2.8827171716748334,0.10604307914008398
91.34,2.8828355835797947,-0.08229675925123398
91.35000000000001,2.881071236489809,-0.2702883737710433
91.36,2.877429816104374,-0.45749300535544846
91.37,2.8719213763827,-0.6434771779861576
91.38,2.8645602725446513,-0.8278154929306314
91.39,2.8553650665240875,-1.010093328107339
91.4,2.8443584059825042,-1.1899094117872173
91.41,2.831566878288343,-1.3668782421865693
91.42,2.8170208411387727,-1.540632327344117
91.43,2.8007542317414607,-1.7108242229297257
91.44,2.782804356680178,-1.8771283492189794
91.45,2.7632116647570806,-2.039242572294478
91.46000000000001,2.742019505234288,-2.196889538506421
91.47,2.7192738739869524,-2.349817755246699
91.48,2.6950231501293542,-2.497802415070224
91.49,2.669317825685548,-2.6406459640483084
91.5,2.642210230848388,-2.7781784188832366
91.51,2.613754257307883,-2.910257440682653
91.52,2.584005082034735,-3.0367681763302095
91.53,2.5530188937812786,-3.1576228810508415
91.54,2.5208526244137177,-3.2727603380235317
91.55,2.4875636870208075,-3.382145092722751
91.56,2.4532097225592624,-3.485766521065444
91.57000000000001,2.4178483565994986,-3.58363775140828
91.58,2.3815369675310967,-3.675794460994985
91.59,2.3443324673795987,-3.7622935676196603
91.60000000000001,2.306291096178703,-3.8432118370800863
91.61,2.2674682306379967,-3.918644426481681
91.62,2.2279182076490693,-3.9887033826585405
91.63,2.1876941629848257,-4.053516113945753
91.64,2.1468478853701543,-4.113223852310789
91.65,2.10542968593861,-4.1679801214746925
91.66,2.0634882829406607,-4.217949225168069
91.67,2.021070701435249,-4.26330476811192
91.68,1.9782221875784223,-4.304228220725775
91.69,1.9349861370207333,-4.340907536977867
91.7,1.891404036838865,-4.373535833233013
91.71000000000001,1.847515420356073,-4.40231013444783
91.72,1.8033578341499084,-4.427430192630051
91.73,1.758966816503472,-4.449097381135033
91.74,1.7143758865272076,-4.46751366713007
91.75,1.6696165431608705,-4.482880663424244
91.76,1.6247182732587226,-4.495398759843166
91.77,1.579708567964007,-4.505266333426194
91.78,1.5346129465901988,-4.512679035938013
91.79,1.489454987245247,-4.517829156514045
91.8,1.444256363459918,-4.520905056695675
91.81,1.3990368861113336,-4.522090674650717
91.82000000000001,1.3538145499669036,-4.521565095010107
91.83,1.3086055842111313,-4.5195021804757
91.84,1.2634245063573895,-4.516070261158296
91.85000000000001,1.2182841789879653,-4.511431877481173
91.86,1.173195868807766,-4.505743572424241
91.87,1.1281693075394805,-4.499155728879229
91.88,1.0832127542301815,-4.491812447929287
91.89,1.0383330585808948,-4.483851463949557
91.9,0.9935357249511902,-4.475404092541742
91.91,0.9488249767300598,-4.466595207459082
91.92,0.9042038208020086,-4.457543242842611
91.93,0.8596741118732076,-4.448360217269978
91.94,0.815236616456609,-4.439151776309724
91.95,0.7708910763470131,-4.430017250472869
91.96000000000001,0.7266362714471516,-4.421049725656317
91.97,0.6824700818338867,-4.41233612337611
91.98,0.6383895489796293,-4.403957288290518
91.99,0.5943909360680764,-4.395988080711215
92.0,0.5504697873654051,-4.388497471994003
92.01,0.5066209866281963,-4.381548640887318
92.02,0.46283881454765874,-4.375199069096379
92.03,0.41911700524626877,-4.369500634492725
92.04,0.37544880185780427,-4.364499700562736
92.05,0.33182701123501407,-4.36023720084454
92.06,0.28824405784091345,-4.356748717250662
92.07000000000001,0.2446920368900008,-4.354064551314122
92.08,0.20116276681463102,-4.3522097875289845
92.09,0.15764784113942112,-4.351204348083264
92.10000000000001,0.11413867985296575,-4.3510630384031534
92.11,0.07062658037135805,-4.351795583043762
92.12,0.027102768192090506,-4.353406651573636
92.13,-0.016441552660114662,-4.355895874209311
92.14,-0.060015149292095706,-4.35925784706291
92.15,-0.10362670960137287,-4.363482126971383
92.16,-0.14728479183152338,-4.36855321598135
92.17,-0.19099777392099987,-4.3744505356697045
92.18,-0.23477380254491748,-4.381148391588107
92.19,-0.278620741752762,-4.388615928230249
92.2,-0.32254612110952247,-4.39681707503524
92.21000000000001,-0.36655708325346686,-4.405710484059564
92.22,-0.4106603307907138,-4.415249460074539
92.23,-0.45486207245495763,-4.425381883976968
92.24,-0.49916796847025313,-4.436050130538219
92.25,-0.543583075065722,-4.447190981661963
92.26,-0.5881117881034924,-4.458735536473581
92.27,-0.6327577857951936,-4.470609119725085
92.28,-0.6775239704979941,-4.48273119016836
92.29,-0.7224124095985609,-4.495015250726404
92.3,-0.7674242755125222,-4.507368762476621
92.31,-0.8125597848480933,-4.51969306465151
92.32000000000001,-0.8578181368055524,-4.531883303058983
92.33,-0.903197450909273,-4.543828369525989
92.34,-0.9486947041960722,-4.5554108551730454
92.35000000000001,-0.9943056680127339,-4.566507020531556
92.36,-1.0400248446067033,-4.576986785717714
92.37,-1.0858454037270882,-4.586713744073062
92.38,-1.1317591194881647,-4.595545202868642
92.39,-1.177756307784461,-4.603332254842761
92.4,-1.2238257645850197,-4.609919884496758
92.41,-1.269954705474396,-4.615147113203245
92.42,-1.3161287068490846,-4.618847187280948
92.43,-1.3623316492200148,-4.620847813252797
92.44,-1.4085456631141404,-4.620971444522118
92.45,-1.4547510781104573,-4.619035623667854
92.46000000000001,-1.5009263755874975,-4.614853384465843
92.47,-1.547048145799774,-4.608233717580811
92.48,-1.5930910499391135,-4.598982103634685
92.49,-1.6390277878724675,-4.5869011170328315
92.5,-1.68482907227977,-4.571791103512862
92.51,-1.7304636099427249,-4.553450933863602
92.52,-1.7758980909570423,-4.531678835638107
92.53,-1.821097186655487,-4.5062733039492695
92.54,-1.8660235570360275,-4.477034091585902
92.55,-1.910637868487205,-4.443763277719741
92.56,-1.9548988225904222,-4.4062664133904805
92.57000000000001,-1.9987631967550146,-4.364353740760262
92.58,-2.0421858974056275,-4.317841481827988
92.59,-2.085120026391574,-4.266553190897662
92.60000000000001,-2.1275169612235807,-4.210321163618074
92.61,-2.1693264496639357,-4.148987893871729
92.62,-2.210496719101015,-4.0824075682117185
92.63,-2.25097460102817,-4.010447585952986
92.64,-2.290705670820075,-3.9329900914501805
92.65,-2.3296344028571734,-3.8499335035729874
92.66,-2.3677043408915344,-3.7611940259596386
92.67,-2.4048582833763663,-3.6667071203314734
92.68,-2.441038483298164,-3.566428924028832
92.69,-2.476186861856943,-3.4603375920251795
92.7,-2.510245235138668,-3.348434543035706
92.71000000000001,-2.5431555527176575,-3.230745589000495
92.72,-2.5748601469186783,-3.107321927229296
92.73,-2.6053019912622437,-2.978240974878558
92.74,-2.6344249664162493,-2.8436070262188813
92.75,-2.662174131786621,-2.7035517143614296
92.76,-2.6884960007034775,-2.558234260754545
92.77,-2.713338817001712,-2.4078414978353924
92.78,-2.7366528306601854,-2.252587652712503
92.79,-2.758390570055962,-2.092713882637678
92.8,-2.7785071083129393,-1.9284875562609405
92.81,-2.796960321181181,-1.7602012781986427
92.82000000000001,-2.813711133876912,-1.5881716582189367
92.83,-2.8287237543455594,-1.4127378302864144
92.84,-2.84196589048264,-1.2342597307255758
92.85000000000001,-2.8534089489600714,-1.0531161487708731
92.86,-2.8630282134580582,-0.8697025666751395
92.87,-2.8708030002935745,-0.6844288102526875
92.88,-2.876716789663112,-0.4977165341445531
92.89,-2.8807573309764654,-0.30999656912252177
92.9,-2.8829167210455626,-0.1217061613151767
92.91,-2.8831914542027692,0.06671386472627719
92.92,-2.881582443751037,0.25482198575807213
92.93,-2.878095014487608,0.4421788681869499
92.94,-2.8727388663872984,0.6283502306757621
92.95,-2.8655280098740925,0.8129096471491206
92.96000000000001,-2.8564806734443158,0.9954412574666294
92.97,-2.84561918472476,1.1755423547718322
92.98,-2.8329698263488794,1.352825820828189
92.99,-2.8185626683081964,1.5269223834563357
93.0,-2.802431378679753,1.6974826734143635
93.01,-2.7846130148399095,1.8641790616299505
93.02,-2.765147797447154,2.0267072615083275
93.03,-2.744078869609743,2.1847876850082617
93.04,-2.721452043746989,2.338166545204158
93.05,-2.69731553870566,2.486616702043477
93.06,-2.6717197097061196,2.6299382518779204
93.07000000000001,-2.644716773668102,2.7679588650151183
93.08,-2.616360532405817,2.9005338789357245
93.09,-2.586706096089387,3.0275461578911083
93.10000000000001,-2.5558096092479947,3.1489057322937914
93.11,-2.523727981443511,3.26454923360387
93.12,-2.490518624575917,3.374439142280079
93.13,-2.4562391985979093,3.47856286779641
93.14,-2.4209473672199886,3.5769316807283182
93.15,-2.384700564983343,3.6695795175007584
93.16,-2.3475557768699735,3.756561678586818
93.17,-2.309569331411607,3.8379534407810314
93.18,-2.270796708054353,3.9138486036818323
93.19,-2.2312923593379703,3.984357989743318
93.2,-2.191109548259487,4.049607916240453
93.21000000000001,-2.1503002010131613,4.109738656277838
93.22,-2.1089147751339303,4.164902904603903
93.23,-2.0670021429210834,4.215264262511975
93.24,-2.024609489883691,4.260995754557037
93.25,-1.9817822278299426,4.302278388228761
93.26,-1.9385639221191158,4.3392997661307415
93.27,-1.8949962325073277,4.3722527586516335
93.28,-1.851118866946083,4.4013342436011325
93.29,-1.806969547635305,4.426743917842673
93.3,-1.7625839885892294,4.448683184601961
93.31,-1.7179958839432656,4.4673541188781885
93.32000000000001,-1.6732369062116654,4.48295851224165
93.33,-1.6283367136984326,4.495696997272864
93.34,-1.5833229662662083,4.50576825098626
93.35000000000001,-1.5382213486787075,4.513368275785866
93.36,-1.4930556007504912,4.518689755818523
93.37,-1.4478475535623372,4.521921486017672
93.38,-1.4026171710301378,4.5232478706619235
93.39,-1.3573825961490988,4.52284848790048
93.4,-1.3121602012721283,4.520897716414561
93.41,-1.2669646418208078,4.517564420182006
93.42,-1.2218089128684884,4.513011687183003
93.43,-1.1767044080771476,4.507396617820047
93.44,-1.1316609805120872,4.500870158816512
93.45,-1.0866870049008173,4.493576978397878
93.46000000000001,-1.0417894409441297,4.485655378640066
93.47,-0.9969738973280161,4.4772372409836585
93.48,-0.9522446961244566,4.468448001054476
93.49,-0.9076049373069266,4.4594066490942454
93.5,-0.8630565631425717,4.450225752484648
93.51,-0.8186004222572337,4.441011497039228
93.52,-0.7742363332017872,4.431863743936369
93.53,-0.7299631473785063,4.4228760993693
93.54,-0.6857788112144012,4.414135994192924
93.55,-0.6416804274946478,4.405724771049594
93.56,-0.5976643157934093,4.3977177766548845
93.57000000000001,-0.5537260719615501,4.390184457118236
93.58,-0.5098606266510445,4.383188454360897
93.59,-0.4660623028743321,4.376787701874003
93.60000000000001,-0.42232487261356444,4.371034518232312
93.61,-0.37864161250968587,4.3659756969438
93.62,-0.3350053586746884,4.361652591371915
93.63,-0.2914085606822475,4.358101193616013
93.64,-0.24784333480236814,4.355352206376572
93.65,-0.2043015165547161,4.353431106965792
93.66,-0.1607747126630523,4.352358202751657
93.67,-0.11725435249968295,4.352148677445207
93.68,-0.07373173911414814,4.352812627757463
93.69,-0.030198099944533693,4.354355090064938
93.7,0.013355362687150613,4.35677605683202
93.71000000000001,0.05693742119210671,4.360070482645524
93.72,0.1005567723400611,4.364228279822496
93.73,0.14422198678855663,4.369234303657853
93.74,0.1879414584132182,4.375068327484665
93.75,0.23172335333824995,4.381705007827838
93.76,0.27557555856977495,4.3891138400426435
93.77,0.31950563013910277,4.39725910494382
93.78,0.36352074066865125,4.406099807049869
93.79,0.4076276262801001,4.415589605191399
93.8,0.4518325327724792,4.425676736362777
93.81,0.4961411610073556,4.436303933833575
93.82000000000001,0.5405586114491507,4.447408340680881
93.83,0.5850893278209732,4.458921420055941
93.84,0.6297370398502695,4.470768863658998
93.85000000000001,0.6745047050941533,4.4828705000647675
93.86,0.719394449851565,4.495140204717465
93.87,0.7644075091885026,4.507485813598371
93.88,0.8095441661235324,4.519809042759829
93.89,0.8548036900436992,4.532005416116403
93.9,0.9001842744458605,4.543964204085138
93.91,0.9456829741254019,4.555568375870898
93.92,0.9912956419632784,4.566694568397233
93.93,1.0370168654933465,4.577213075085509
93.94,1.0828399034649885,4.58698785788193
93.95,1.128756622650985,4.59587658611985
93.96000000000001,1.1747574351873853,4.603730705978992
93.97,1.2208312367705647,4.610395544459064
93.98,1.2669653460765664,4.615710451917216
93.99,1.313145445808909,4.619508987320681
94.0,1.3593555258229801,4.621619150431165
94.01,1.4055778288175322,4.62186366515885
94.02,1.451792799126157,4.620060318293623
94.03,1.4979790351834046,4.616022357731279
94.04,1.5441132462807825,4.609558954154702
94.05,1.5901702142664984,4.600475729896034
94.06,1.636122760878703,4.5885753583873825
94.07000000000001,1.6819417214342463,4.573658237196621
94.08,1.7275959256226356,4.555523237134096
94.09,1.7730521861769284,4.5339685292990515
94.10000000000001,1.8182752962086168,4.508792491205975
94.11,1.8632280360010478,4.479794692287432
94.12,1.9078711900543655,4.446776958109314
94.13,1.9521635751632342,4.409544511557778
94.14,1.9960620802855211,4.367907188067653
94.15,2.0395217189245876,4.321680720666684
94.16,2.082495694698855,4.270688089218549
94.17,2.1249354807089587,4.214760926774328
94.18,2.1667909132343417,4.153740974405049
94.19,2.20801030019706,4.087481574309373
94.2,2.2485405447205293,4.015849189397093
94.21000000000001,2.2883272839850015,3.938724935971649
94.22,2.3273150434399623,3.8560061146079514
94.23,2.365447406277161,3.767607722883669
94.24,2.4026671978976357,3.6734639323136697
94.25,2.4389166849234343,3.5735295107015
94.26,2.474137788111666,3.467781170202525
94.27,2.508272308327485,3.3562188207343113
94.28,2.5412621645263522,3.2388667080129454
94.29,2.5730496424877436,3.1157744154781253
94.3,2.6035776528359147,2.9870177097290385
94.31,2.6327899966823245,2.852699209854888
94.32000000000001,2.6606316370330125,2.712948862228062
94.33,2.687048973926886,2.5679242039444325
94.34,2.7119901211119015,2.417810400143395
94.35000000000001,2.7354051819297545,2.262820042907404
94.36,2.7572465219700497,2.1031927023017123
94.37,2.7774690359757885,1.9391942233317527
94.38,2.796030406436685,1.7711157661172994
94.39,2.8128913512981346,1.5992725903464557
94.4,2.828015858243614,1.4240025890049495
94.41,2.841371403078234,1.2456645803944233
94.42,2.852929149851503,1.0646363714676057
94.43,2.862664130507586,0.8813126094242965
94.44,2.870555402039989,0.696102442234359
94.45,2.8765861793522736,0.5094270121883684
94.46000000000001,2.8807439422837566,0.32171680963403315
94.47,2.8830205155449544,0.13340891665576518
94.48,2.883412120616872,-0.055055827474515456
94.49,2.881919398995464,-0.24323570576188855
94.5,2.8785474065016343,-0.43069101369598706
94.51,2.8733055787215447,-0.6169869258210182
94.52,2.866207667985214,-0.8016963047357317
94.53,2.85727165262683,-0.9844024196827319
94.54,2.846519619591559,-1.1647015435919323
94.55,2.833977621754991,-1.3422053997147634
94.56,2.819675511597264,-1.5165434317619582
94.57000000000001,2.8036467531197515,-1.6873648746637397
94.58,2.785928214103989,-1.8543406066225452
94.59,2.766559940987301,-2.017164766933733
94.60000000000001,2.7455849187653145,-2.1755561280140356
94.61,2.7230488184270203,-2.3292592141053987
94.62,2.6989997344832064,-2.4780451631204112
94.63,2.673487915164612,-2.6217123319772204
94.64,2.6465654878436617,-2.760086649457013
94.65,2.6182861821754715,-2.89302172403586
94.66,2.5887050533629448,-3.020398717236497
94.67,2.5578782078307416,-3.1421259957681644
94.68,2.5258625334475813,-3.258138578040631
94.69,2.492715436269929,-3.368397392531334
94.7,2.458494585596955,-3.4728883669440576
94.71000000000001,2.423257668931048,-3.5716213681269937
94.72,2.3870621582344147,-3.6646290133311386
94.73,2.349965088664425,-3.7519653736094645
94.74,2.312022850762226,-3.8337045900132853
94.75,2.2732909968641595,-3.90993942277072
94.76,2.233824062306811,-3.980779752873265
94.77,2.193675401806694,-4.046351054493007
94.78,2.1528970412169506,-4.106792855448803
94.79,2.1115395446977177,-4.162257201578582
94.8,2.0696518971853792,-4.212907139399049
94.81,2.027281401909737,-4.258915229883606
94.82000000000001,1.9844735925877073,-4.300462104601159
94.83,1.941272159817714,-4.33773507386597
94.84,1.897718891110388,-4.370926794981168
94.85000000000001,1.8538536239180907,-4.4002340071409645
94.86,1.8097142109675688,-4.42585633810987
94.87,1.7653364971558934,-4.447995186437869
94.88,1.7207543072388114,-4.466852681711123
94.89,1.675999443521671,-4.482630724187276
94.9,1.631101692755066,-4.495530104128173
94.91,1.5860888414391074,-4.5057497002233085
94.92,1.5409866987505998,-4.513485755694266
94.93,1.4958191263252223,-4.51893122998149
94.94,1.4506080741509702,-4.5222752233355346
94.95,1.4053736218585118,-4.523702471159867
94.96000000000001,1.360134024727773,-4.523392904574469
94.97,1.3149057637670225,-4.521521273381304
94.98,1.2697035992601469,-4.518256827406143
94.99,1.2245406272188997,-4.513763052057875
95.0,1.1794283382189894,-4.508197453878024
95.01,1.1343766781413391,-4.5017113918414005
95.02,1.0893941103821614,-4.494449950205917
95.03,1.0444876791372208,-4.486551848787873
95.04,0.9996630734064039,-4.478149386651651
95.05,0.9549246914041878,-4.469368415343111
95.06,0.9102757050995417,-4.460328337958281
95.07000000000001,0.8657181246450221,-4.451142130517801
95.08,0.8212528624891856,-4.44191638230833
95.09,0.7768797969988555,-4.4327513520506985
95.10000000000001,0.7325978354481716,-4.423741036957313
95.11,0.6884049762597091,-4.414973251945299
95.12,0.6442983704092655,-4.406529716474521
95.13,0.6002743819302186,-4.3984861466788985
95.14,0.5563286474756877,-4.390912350653723
95.15,0.5124561349171444,-4.383872324949785
95.16,0.46865120097669205,-4.377424350506033
95.17,0.42490764790702373,-4.371621086425783
95.18,0.38121877924817643,-4.366509660166716
95.19,0.33757745470368944,-4.362131752872079
95.2,0.29397614419073487,-4.35852367871976
95.21000000000001,0.25040698112929427,-4.355716457307487
95.22,0.20686181504458515,-4.353735878226874
95.23,0.1633322635647568,-4.352602557106949
95.24,0.11980976390244616,-4.352331982529827
95.25,0.07628562391416026,-4.35293455333818
95.26,0.03275107283568255,-4.354415605966973
95.27,-0.0108026882051792,-4.356775431541394
95.28,-0.05438443579514532,-4.36000928259013
95.29,-0.0980028738569818,-4.364107369328963
95.3,-0.1416665831817246,-4.369054845575163
95.31,-0.18538397076848506,-4.374831784459343
95.32000000000001,-0.22916321887091146,-4.381413144209277
95.33,-0.27301223365267063,-4.388768724390658
95.34,-0.31693859335872465,-4.396863113103885
95.35000000000001,-0.36094949591474834,-4.405655625754489
95.36,-0.40505170587381445,-4.415100236138791
95.37,-0.44925150063752417,-4.425145500716328
95.38,-0.49355461588814104,-4.435734477077449
95.39,-0.5379661901790732,-4.446804637758569
95.4,-0.5824907086433125,-4.458287780709496
95.41,-0.6271319457932631,-4.470109937877181
95.42,-0.671892907400856,-4.482191283538291
95.43,-0.7167757714640289,-4.494446044188996
95.44,-0.761781828284636,-4.506782411984026
95.45,-0.8069114197037094,-4.519102463907511
95.46000000000001,-0.8521638775627861,-4.531302089054622
95.47,-0.8975374614848017,-4.543270926604016
95.48,-0.9430292960948664,-4.554892317264966
95.49,-0.9886353078301011,-4.566043271187513
95.5,-1.0343501615186166,-4.576594455526486
95.51,-1.0801671969406308,-4.586410205047465
95.52,-1.1260783656195659,-4.595348559351118
95.53,-1.172074168127653,-4.6032613304674905
95.54,-1.2181435922289157,-4.609994204728839
95.55,-1.2642740522222298,-4.615386882963064
95.56,-1.3104513298881768,-4.6192732631536275
95.57000000000001,-1.3566595174853022,-4.6214816697793015
95.58,-1.4028809632837629,-4.621835134071205
95.59,-1.4490962201667263,-4.620151729397456
95.60000000000001,-1.4952839978717118,-4.616244965899647
95.61,-1.5414211194847192,-4.609924248351744
95.62,-1.5874824828387466,-4.600995400982732
95.63,-1.6334410275043736,-4.589261262690982
95.64,-1.6792677080925662,-4.5745223556730075
95.65,-1.724931474617834,-4.556577629984531
95.66,-1.7703992606922572,-4.535225285941223
95.67,-1.8156359803366584,-4.5102636755445715
95.68,-1.8606045342031485,-4.4814922832815505
95.69,-1.9052658260022894,-4.4487127856931
95.7,-1.9495787899170105,-4.411730188036569
95.71000000000001,-1.993500429763021,-4.370354035184424
95.72,-2.036985870620699,-4.324399692612177
95.73,-2.0799884236152644,-4.2736896919425345
95.74000000000001,-2.1224596644595497,-4.218055134044064
95.75,-2.1643495262961454,-4.1573371411489575
95.76,-2.2056064072825285,-4.091388347877925
95.77,-2.246177293253704,-4.0200744194671785
95.78,-2.286007895671872,-3.943275583913367
95.79,-2.325042804931971,-3.8608881632217495
95.8,-2.3632256589363068,-3.7728260874986947
95.81,-2.4004993266819445,-3.679022374312628
95.82000000000001,-2.436806106422559,-3.5794305546006755
95.83,-2.472087937773958,-3.4740260254653257
95.84,-2.5062866269318658,-3.3628073095301345
95.85000000000001,-2.539344083964561,-3.245797200147985
95.86,-2.571202570934825,-3.1230437717186623
95.87,-2.601804959398934,-2.9946212347089434
95.88,-2.631094995629004,-2.860630615706
95.89,-2.659017571713054,-2.721200243993854
95.9,-2.6855190005088816,-2.576486027733525
95.91,-2.7105472922677247,-2.4266715048503302
95.92,-2.7340524306058884,-2.2719676561746596
95.93,-2.7559866453912183,-2.1126124712209373
95.94,-2.7763046800303073,-1.9488702601862027
95.95,-2.7949640505949422,-1.7810307092546607
95.96000000000001,-2.8119252942154,-1.6094076800456194
95.97,-2.8271522041958543,-1.4343377579663907
95.98,-2.8406120493747276,-1.2561785582466765
95.99000000000001,-2.8522757753607877,-1.0753068024473238
96.0,-2.8621181854236744,-0.8921161821601227
96.01,-2.8701180990039905,-0.7070150303509484
96.02,-2.8762584860306935,-0.5204238242518278
96.03,-2.880526575489027,-0.3327725467888982
96.04,-2.8829139369664714,-0.1444979361609682
96.05,-2.8834165342122464,0.0439593447135411
96.06,-2.8820347500722003,0.23215758564276479
96.07000000000001,-2.8787733824993906,0.419656919365908
96.08,-2.873641611684882,0.6060221901345704
96.09,-2.866652938696699,0.7908257666989928
96.10000000000001,-2.8578250963509015,0.9736502667819583
96.11,-2.8471799333610597,1.1540911617933443
96.12,-2.834743273115035,1.3317592327780896
96.13,-2.820544748705498,1.50628285133843
96.14,-2.804617616088266,1.6773100624537456
96.15,-2.786998547456423,1.8445104496542837
96.16,-2.7677274070951805,2.0075767667973974
96.17,-2.746847012120475,2.1662263246519164
96.18,-2.7244028806021423,2.3202021245223765
96.19,-2.7004429696300276,2.469273735146953
96.2,-2.675017405899203,2.6132379129931973
96.21000000000001,-2.6481782113701633,2.75191896977386
96.22,-2.6199790265037257,2.885168894440691
96.23,-2.5904748334813497,3.012867240027912
96.24000000000001,-2.559721681703168,3.1349207884621153
96.25,-2.5277764177121074,3.251263008797467
96.26,-2.4946964215272183,3.3618533262530494
96.27,-2.4605393511870464,3.4666762209139534
96.28,-2.4253628971089394,3.5657401760121
96.29,-2.3892245476668044,3.659076496339772
96.3,-2.3521813671821437,3.7467380175907508
96.31,-2.3142897873149892,3.828797727300464
96.32000000000001,-2.2756054126361343,3.9053473176033657
96.33,-2.236182840962922,3.976495689282796
96.34,-2.1960754988504783,4.042367425598492
96.35000000000001,-2.155335492450952,4.103101253183554
96.36,-2.1140134737868075,4.158848505949782
96.37,-2.0721585223319563,4.209771606470336
96.38,-2.0298180416574003,4.256042577761774
96.39,-1.9870376707767206,4.297841596800934
96.4,-1.9438612097213817,4.335355599519249
96.41,-1.9003305587863355,4.368776945447588
96.42,-1.8564856708124298,4.398302148663821
96.43,-1.8123645158130592,4.424130680244088
96.44,-1.768003057207548,4.4464638460540655
96.45,-1.7234352388919778,4.465503742451164
96.46000000000001,-1.6786929823585248,4.481452291311593
96.47,-1.6338061930657461,4.494510354753339
96.48,-1.5888027752634581,4.504876928999755
96.49000000000001,-1.543708654485751,4.512748416018721
96.5,-1.4985478069430838,4.518317970876831
96.51,-1.4533422950682144,4.521774922162629
96.52,-1.4081123084998313,4.523304262351896
96.53,-1.3628762098211764,4.523086204604684
96.54,-1.3176505844077375,4.521295802190531
96.55,-1.2724502937773658,4.518102626527176
96.56,-1.2272885318771942,4.513670499680595
96.57000000000001,-1.1821768837837543,4.508157277102186
96.58,-1.1371253863351507,4.501714676363996
96.59,-1.0921425902564743,4.49448814768727
96.60000000000001,-1.047235623381405,4.486616782135655
96.61,-1.0024102546137612,4.478233253455106
96.62,-0.957670958312303,4.469463789681446
96.63,-0.9130209788201322,4.460428170797609
96.64,-0.8684623948963507,4.451239748900614
96.65,-0.8239961838421198,4.442005487528446
96.66,-0.7796222851457818,4.432826016995187
96.67,-0.7353396635022161,4.42379570278529
96.68,-0.6911463710900759,4.4150027242618215
96.69,-0.6470396090169797,4.4065291611462705
96.7,-0.6030157878671506,4.398451085426988
96.71000000000001,-0.55907058730844,4.390838656547957
96.72,-0.5151990147361915,4.383756217917993
96.73,-0.47139546295008006,4.377262392961863
96.74000000000001,-0.42765376687695417,4.37141017910848
96.75,-0.38396725936791043,4.366247038277032
96.76,-0.3403288261114135,4.361814982579517
96.77,-0.29673095971632013,4.358150654107806
96.78,-0.2531658130292574,4.3552853978153765
96.79,-0.20962525176001257,4.353245326638672
96.8,-0.16610090649648396,4.35205137813128
96.81,-0.12258422419738697,4.351719362006441
96.82000000000001,-0.07906651925635513,4.352259998100605
96.83,-0.03553902423537487,4.353678944383717
96.84,0.00800705963131922,4.355976814751524
96.85000000000001,0.051580512059655616,4.359149186442399
96.86,0.09519004336016719,4.363186597027036
96.87,0.1388442440001963,4.368074531024741
96.88,0.18255153398066198,4.373793396306099
96.89,0.2263201119263183,4.3803184905493895
96.9,0.2701579037916498,4.387619958128332
96.91,0.3140725110888849,4.395662737922469
96.92,0.35807115855009913,4.404406502659652
96.93,0.40216064114207795,4.413805590523543
96.94,0.44634727036057004,4.423808929888513
96.95,0.49063681973984824,4.434359958180594
96.96000000000001,0.5350344695241819,4.445396536006622
96.97,0.5795447504599806,4.4568508578449935
96.98,0.6241714866810817,4.468649360750757
96.99000000000001,0.6689177376749957,4.480712632695109
97.0,0.7137857393349839,4.492955322334776
97.01,0.7587768441216913,4.505286052189727
97.02,0.8038914603787785,4.517607337397626
97.03,0.8491289908696438,4.5298155124093835
97.04,0.8944877706269662,4.541800668190788
97.05,0.9399650042334596,4.553446602698788
97.06,0.9855567026809419,4.564630787605364
97.07000000000001,1.031257619985567,4.5752243544445
97.08,1.0770611897698321,4.58509210355532
97.09,1.1229594620566734,4.594092539383438
97.10000000000001,1.1689430405575008,4.602077935878567
97.11,1.2150010207742448,4.608894435884774
97.12,1.2611209292751961,4.61438218855489
97.13,1.3072886645453425,4.618375528926506
97.14,1.3534884398537264,4.620703203867133
97.15,1.3997027286226853,4.621188648623291
97.16,1.4459122128261923,4.619650318184937
97.17,1.4920957349863841,4.615902077594782
97.18,1.5382302543780881,4.609753655183422
97.19,1.5842908080900526,4.601011162487406
97.2,1.6302504776278364,4.58947768430026
97.21000000000001,1.676080361776058,4.57495394190784
97.22,1.7217495564659933,4.557239032062067
97.23,1.7672251424172993,4.5361312436441965
97.24000000000001,1.8124721813388773,4.5114289532552005
97.25,1.8574537214824036,4.482931600142421
97.26,1.9021308133417258,4.450440739926687
97.27,1.9464625362809373,4.413761175532776
97.28,1.9904060368523815,4.372702162551604
97.29,2.0339165795319696,4.327078684981074
97.3,2.076947610552003,4.276712795913696
97.31,2.1194508354502433,4.221435016276519
97.32000000000001,2.161376310877533,4.161085783200064
97.33,2.202672551114244,4.095516938019572
97.34,2.2432866496379247,4.0245932423201065
97.35000000000001,2.2831644159606466,3.9481939088569864
97.36,2.322250527815064,3.8662141326489614
97.37,2.3604886986136258,3.7785666060910663
97.38,2.3978218599368857,3.685183000607887
97.39,2.4341923586257836,3.5860153962087074
97.4,2.46954216786106,3.4810376393574933
97.41,2.5038131114129336,3.370246608876627
97.42,2.536947100038592,3.253663369205959
97.43,2.5688863787970524,3.131334190277363
97.44,2.5995737838441393,3.0033314135742994
97.45,2.6289530070685387,2.8697541446543706
97.46000000000001,2.6569688667372273,2.7307287535412463
97.47,2.683567582139364,2.5864091659519715
97.48,2.708697050056267,2.436976930317278
97.49000000000001,2.73230712074571,2.2826410479650754
97.5,2.754349871015569,2.1236375566472483
97.51,2.774779871878655,1.9602288607608709
97.52,2.7935544482307866,1.7927028050978564
97.53,2.8106339279806125,1.6213714926906242
97.54,2.825981878084599,1.4465698512333338
97.55,2.839565325005279,1.26865395656697
97.56,2.8513549572159387,1.0879991257331487
97.57000000000001,2.8613253075199423,0.9049977960322919
97.58,2.8694549131365847,0.7200572102712981
97.59,2.8757264517253684,0.5335969318596654
97.60000000000001,2.880126851773778,0.34604621652135303
97.61,2.882647376055796,0.1578412700501143
97.62,2.8832836771747807,-0.03057757632319369
97.63,2.882035824529332,-0.2187687398203655
97.64,2.878908302378373,-0.40629227519084105
97.65,2.8739099790255147,-0.5927127446070644
97.66,2.8670540474862314,-0.7776020343783274
97.67,2.858357938337948,-0.9605420854901311
97.68,2.847843205776429,-1.1411275066028375
97.69,2.835535388205891,-1.3189680403430155
97.7,2.821463844969568,-1.4936908564332636
97.71000000000001,2.8056615710772257,-1.6649426483583696
97.72,2.7881649920024008,-1.8323915137741846
97.73,2.7690137408017423,-1.9957286026400067
97.74000000000001,2.748250419949601,-2.1546695210010105
97.75,2.7259203503817218,-2.308955482368852
97.76,2.7020713103022236,-2.4583542026527265
97.77,2.676753266328667,-2.602660538491567
97.78,2.6500180995323914,-2.7416968725500253
97.79,2.6219193288776657,-2.8753132527951237
97.8,2.592511834476489,-3.0033872959070167
97.81,2.5618515829595254,-3.125823867748311
97.82000000000001,2.5299953571215226,-3.242554556186818
97.83,2.4970004918357893,-3.353536953514261
97.84,2.4629246180512374,-3.4587537672185307
97.85000000000001,2.4278254164914186,-3.5582117789514682
97.86,2.391760382472208,-3.6519406722002463
97.87,2.354786603047413,-3.73999174943981
97.88,2.3169605474834114,-3.822436559445754
97.89,2.2783378718584983,-3.8993654550167043
97.9,2.238973238383078,-3.970886100632413
97.91,2.19892014984585,-4.037121948600819
97.92,2.1582307994110614,-4.098210701068049
97.93,2.1169559358244894,-4.154302773923514
97.94,2.075144743932591,-4.205559777170396
97.95,2.032844740281081,-4.252153024790289
97.96000000000001,1.990101683436785,-4.294262085546937
97.97,1.9469594985701424,-4.332073384581635
97.98,1.9034602157451523,-4.365778864081784
97.99000000000001,1.8596439212885068,-4.395574709779912
98.0,1.8155487215495543,-4.421660148584524
98.01,1.7712107183168164,-4.44423632127352
98.02,1.726663995124084,-4.4635052329088145
98.03,1.6819406136586403,-4.47966878246639
98.04,1.6370706194747564,-4.492927872125282
98.05,1.5920820562161349,-4.50348159572473
98.06,1.547000987560262,-4.511526505080967
98.07000000000001,1.5018515261145153,-4.517255952151832
98.08,1.4566558685172253,-4.520859504444353
98.09,1.4114343360256283,-4.522522430572351
98.10000000000001,1.3662054199057783,-4.522425252481017
98.11,1.320985830976008,-4.520743360556037
98.12,1.2757905526946576,-4.517646687618011
98.13,1.230632897223648,-4.513299437660394
98.14,1.1855245639414498,-4.507859865112634
98.15,1.1404756999213952,-4.501480100391318
98.16,1.0954949619336234,-4.494306017533107
98.17,1.0505895795707332,-4.486477139776367
98.18,1.005765419138096,-4.478126579066732
98.19,0.9610270479893985,-4.469381005598723
98.2,0.9163777990261215,-4.460360643665079
98.21000000000001,0.8718198351160968,-4.451179290262243
98.22,0.8273542132208767,-4.441944353089694
98.23,0.7829809480543031,-4.43275690477838
98.24000000000001,0.7386990751253091,-4.423711750385708
98.25,0.6945067130465888,-4.414897505398314
98.26,0.6504011250173427,-4.406396681686628
98.27,0.6063787794128562,-4.3982857790549215
98.28,0.5624354094362443,-4.390635380225387
98.29,0.5185660718083485,-4.383510247283603
98.3,0.47476520449057225,-4.376969417794537
98.31,0.4310266834524578,-4.37106629897237
98.32000000000001,0.3873438785111249,-4.365848758453638
98.33,0.34370970828338504,-4.361359210381246
98.34,0.30011669430349996,-4.357634695657091
98.35000000000001,0.2565570143702432,-4.354706955363465
98.36,0.21302255519623062,-4.352602496488658
98.37,0.16950496444047003,-4.351342649220795
98.38,0.12599570221181472,-4.350943615196561
98.39,0.08248609213653879,-4.3514165062089605
98.4,0.038967372087635496,-4.352767372991394
98.41,-0.004569255323289094,-4.354997223805075
98.42,-0.048132572388466,-4.3581020326640765
98.43,-0.09173129597657062,-4.362072737138106
98.44,-0.13537402713122812,-4.366895225778388
98.45,-0.1790692004921384,-4.372550315317916
98.46000000000001,-0.22282503343758644,-4.379013717904626
98.47,-0.26664947485023094,-4.386255998735971
98.48,-0.3105501534123059,-4.3942425245766366
98.49000000000001,-0.3545343253417637,-4.40293340375884
98.5,-0.3986088214874827,-4.412283418387511
98.51,-0.442779993709514,-4.422241949601585
98.52,-0.4870536604795145,-4.432752896878128
98.53,-0.5314350516470766,-4.443754592508888
98.54,-0.5759287523296922,-4.455179712529342
98.55,-0.6205386458976634,-4.466955185538857
98.56,-0.6652678560404693,-4.479002101017171
98.57000000000001,-0.7101186879180068,-4.491235618917044
98.58,-0.7550925684188102,-4.50356488249517
98.59,-0.8001899855679102,-4.515892936532764
98.60000000000001,-0.8454104271494655,-4.528116653292612
98.61,-0.8907523186337624,-4.540126668759542
98.62,-0.9362129605246563,-4.551807331914586
98.63,-0.9817884652720541,-4.5630366699973655
98.64,-1.0274736939246034,-4.573686372913947
98.65,-1.073262192730333,-4.583621800145409
98.66,-1.1191461299275116,-4.5927020137020715
98.67,-1.1651162330043743,-4.600779840845508
98.68,-1.2111617267444217,-4.607701970460347
98.69,-1.2572702724135811,-4.613309087095062
98.7,-1.3034279084863227,-4.6174360467994635
98.71000000000001,-1.3496189933495704,-4.619912098959964
98.72,-1.395826150465522,-4.62056115836466
98.73,-1.4420302165168635,-4.619202131711473
98.74000000000001,-1.4882101930997516,-4.61564930269592
98.75,-1.534343202570782,-4.6097127796724084
98.76,-1.5804044486931998,-4.601199009665879
98.77,-1.6263671827640995,-4.58991136221088
98.78,-1.6722026759374173,-4.575650786104732
98.79,-1.7178801984861942,-4.558216541672815
98.8,-1.7633670067708735,-4.537407010550567
98.81,-1.8086283386972053,-4.513020584282961
98.82000000000001,-1.8536274184565327,-4.48485663222404
98.83,-1.8983254713416862,-4.452716548284381
98.84,-1.9426817494222204,-4.416404875023356
98.85000000000001,-1.9866535688421532,-4.375730502418493
98.86,-2.0301963594705903,-4.33050793737217
98.87,-2.0732637275895964,-4.280558638645567
98.88,-2.1158075322435015,-4.225712410454477
98.89,-2.157777975798686,-4.165808846438386
98.9,-2.199123709172269,-4.1006988141445895
98.91,-2.239791952081578,-4.030245968578689
98.92,-2.2797286285438427,-3.9543282817914376
98.93,-2.3188785177174065,-3.8728395739334225
98.94,-2.357185420022511,-3.785691029750922
98.95,-2.3945923383124246,-3.692812683158713
98.96000000000001,-2.431041673685685,-3.594154851351278
98.97,-2.46647543533945,-3.4896894989464213
98.98,-2.5008354636646133,-3.379411511938528
98.99000000000001,-2.5340636655782207,-3.2633398608149413
99.0,-2.5661022608809123,-3.14151863209779
99.01,-2.596894038220176,-3.014017907850168
99.02,-2.6263826190379156,-2.8809344733589355
99.03,-2.6545127276873552,-2.742392334298005
99.04,-2.6812304657238757,-2.5985430261979574
99.05,-2.7064835882113143,-2.4495657010019216
99.06,-2.730221779743914,-2.2956669778637937
99.07000000000001,-2.75239692776859,-2.1370805481206885
99.08,-2.7729633907063276,-1.9740665275116942
99.09,-2.7918782583188237,-1.8069105521715867
99.10000000000001,-2.8091016017497594,-1.635922618640878
99.11,-2.824596710691641,-1.4614356720311503
99.12,-2.8383303151903823,-1.2838039504861571
99.13,-2.850272789701364,-1.1034010980963567
99.14,-2.8603983371523096,-0.9206180623640962
99.15,-2.868685150948646,-0.7358607960831532
99.16,-2.8751155530739725,-0.5495477869953196
99.17,-2.8796761066885526,-0.3621074417278254
99.18,-2.882357701908529,-0.17397535321561697
99.19,-2.883155613752865,0.014408517000980309
99.2,-2.882069531568509,0.20260270859965493
99.21000000000001,-2.8791035595808716,0.3901671504221009
99.22,-2.874266188560067,0.5766660321951089
99.23,-2.867570238936969,0.7616706259858542
99.24000000000001,-2.8590327760403493,0.9447620243041532
99.25,-2.8486749984508855,1.125533763338685
99.26,-2.8365221007735753,1.3035943019653957
99.27,-2.8226031124115774,1.4785693298356675
99.28,-2.8069507141768617,1.650103880967366
99.29,-2.7896010347922298,1.8178642327410999
99.3,-2.7705934295220396,1.9815395739570127
99.31,-2.7499702433130895,2.140843429539867
99.32000000000001,-2.727776560931242,2.29551483349661
99.33,-2.7040599466431567,2.4453192457375126
99.34,-2.6788701760164915,2.590049212280602
99.35000000000001,-2.6522589623975446,2.7295247720879754
99.36,-2.6242796805747317,2.863593617259717
99.37,-2.59498709005235,2.992131016475464
99.38,-2.5644370602452224,3.1150395143763427
99.39,-2.5326862997648236,3.232248421984876
99.4,-2.499792091805525,3.343713115244268
99.41,-2.465812037459938,3.4494141603103214
99.42,-2.4308038085993187,3.5493562853501253
99.43,-2.3948249117529357,3.6435672193030038
99.44,-2.3579324642132584,3.732096418361938
99.45,-2.320182983385697,3.8150137008663423
99.46000000000001,-2.2816321901959316,3.8924078108944524
99.47,-2.2423348271678076,3.9643849301450125
99.48,-2.2023444915930317,4.031067156745655
99.49000000000001,-2.161713484032895,4.092590968463055
99.5,-2.120492672223771,4.149105686461371
99.51,-2.078731370303668,4.200771954303341
99.52,-2.0364772331377043,4.247760245353204
99.53,-1.993776165396604,4.290249410159999
99.54,-1.9506722449345042,4.328425273807844
99.55,-1.907207659920447,4.3624792916467
99.56,-1.8634226591015703,4.392607270288761
99.57000000000001,-1.8193555145146718,4.419008159293796
99.58,-1.7750424959156945,4.441882917588855
99.59,-1.7305178561628949,4.461433457387283
99.60000000000001,-1.685813826767949,4.477861667198491
99.61,-1.640960622818925,4.491368514459676
99.62,-1.5959864564787554,4.50215322737661
99.63,-1.5509175582713928,4.510412554733153
99.64,-1.5057782053840922,4.516340101716267
99.65,-1.4605907562370675,4.52012573920111
99.66,-1.41537569060007,4.521955083443936
99.67,-1.3701516545681889,4.522009042732295
99.68,-1.3249355097454243,4.520463427235099
99.69,-1.2797423860234869,4.517488618071459
99.7,-1.234585737383995,4.513249291468489
99.71000000000001,-1.189477400194117,4.507904193796277
99.72,-1.1444276535080695,4.501605963244545
99.73,-1.099445280929226,4.494500993932398
99.74000000000001,-1.0545376336294214,4.486729338312146
99.75,-1.009710694162983,4.478424643833627
99.76,-0.9649691407527489,4.46971411996996
99.77,-0.9203164117635838,4.460718531863304
99.78,-0.8757547701154828,4.451552217024538
99.79,-0.8312853674230931,4.442323121709017
99.8,-0.7869083076813025,4.43313285378736
99.81,-0.742622710347346,4.42407674913208
99.82000000000001,-0.6984267726986609,4.415243948744444
99.83,-0.6543178313724571,4.406717484048842
99.84,-0.6102924230176842,4.398574367981805
99.85000000000001,-0.5663463440128211,4.3908856896980755
99.86,-0.5224747092237227,4.3837167109054205
99.87,-0.4786720097947127,4.377126962022185
99.88,-0.434932169983279,4.371170336526368
99.89,-0.3912486030641853,4.365895182031784
99.9,-0.34761426634264325,4.361344386785628
99.91,-0.3040217153284727,4.357555460432491
99.92,-0.2604631571339935,4.354560608032957
99.93,-0.21693050316781362,4.352386796460693
99.94,-0.17341542120477962,4.351055812431033
99.95,-0.12990938691919296,4.35058431153716
99.96000000000001,-0.08640373497403642,4.35098385778782
99.97,-0.04288970976343656,4.35226095325394
99.98,0.0006414840910423794,4.354417057541492
99.99000000000001,0.04419863138739328,4.357448596915323
100.0,0.08779045602934885,4.361346963004529
100.01,0.13142557064748386,4.36609850112522
100.02,0.17511242605185326,4.371684488362213
100.03,0.21885926041472814,4.378081101658344
100.04,0.26267404808502015,4.385259376269627
100.05,0.3065644479401207,4.393185155057432
100.06,0.3505377511861688,4.401819029206049
100.07000000000001,0.3946008285242417,4.41111627107635
100.08,0.43876007660769584,4.421026760034548
100.09,0.48302136372493265,4.431494902229932
100.10000000000001,0.5273899746522944,4.442459545437571
100.11,0.5718705546336841,4.453853890231739
100.12,0.6164670524569292,4.465605398913593
100.13,0.661182662611956,4.47763570378246
100.14,0.7060197665325785,4.489860516513966
100.15,0.7509798729422353,4.502189540589822
100.16,0.796063557344375,4.514526388912731
100.17,0.84127040072049,4.526768508934737
100.18,0.8865989275230697,4.538807117827115
100.19,0.9320465430770323,4.55052715042298
100.2,0.9776094705315292,4.561807222868028
100.21000000000001,1.0232826875343928,4.5725196151178285
100.22,1.0690598628338857,4.582530275618571
100.23,1.114933293046764,4.5916988516988475
100.24000000000001,1.1608938398678625,4.59987874937851
100.25,1.2069308680343342,4.6069172264623255
100.26,1.253032184397109,4.612655522925663
100.27,1.2991839784928476,4.616929032710853
100.28,1.3453707650513262,4.619567521129715
100.29,1.3915753289154418,4.620395392102942
100.3,1.437778672893385,4.619232009453133
100.31,1.4839599691045045,4.615892076397262
100.32000000000001,1.53009651442133,4.610186077248138
100.33,1.5761636906494672,4.601920785124538
100.34,1.622134930123821,4.59089983917797
100.35000000000001,1.6679816874330267,4.576924394462279
100.36,1.7136734180130668,4.55979384709307
100.37,1.7591775643748881,4.539306636760471
100.38,1.8044595507482761,4.515261127965325
100.39,1.8494827869341945,4.487456570541492
100.4,1.8942086821591058,4.45569413910307
100.41,1.9385966697162558,4.419778050015103
100.42,1.9826042431594078,4.379516753332174
100.43,2.0261870047828996,4.334724195886895
100.44,2.069298727077146,4.2852211503487405
100.45,2.1118914277898746,4.23083660362566
100.46000000000001,2.1539154591496597,4.171409196463318
100.47,2.195319611719141,4.106788704530629
100.48,2.236051233240272,4.036837549690702
100.49000000000001,2.2760563627129553,3.9614323285729665
100.5,2.3152798798117313,3.880465344018452
100.51,2.3536656695933242,3.793846123503151
100.52,2.3911568022817944,3.701502907294135
100.53,2.4276957277392066,3.60338408790201
100.54,2.4632244840398343,3.4994595814050715
100.55,2.497684919367308,3.3897221104788837
100.56,2.531018926249412,3.274188378512584
100.57000000000001,2.5631686869375594,3.152900114069837
100.58,2.5940769285308085,3.025924965193668
100.59,2.623687186241433,2.8933572236900633
100.60000000000001,2.65194407300461,2.755318360577443
100.61,2.678793553452982,2.6119573553709734
100.62,2.7041832201120295,2.463450803784905
100.63,2.7280625695286798,2.3100027907737926
100.64,2.750383275927505,2.1518445185733364
100.65,2.771099459900147,1.9892336825096035
100.66,2.790167949577697,1.822453590774702
100.67,2.8075485317156406,1.6518120280584663
100.68,2.8232041901388665,1.4776398668090345
100.69,2.8371013290518214,1.300289433890284
100.7,2.8492099788166723,1.120132644423238
100.71000000000001,2.859503981940286,0.9375589185488216
100.72,2.867961157187649,0.7529729006354109
100.73,2.8745634399529947,0.5667920039817994
100.74000000000001,2.8792969972672853,0.37944380724365945
100.75,2.882152316097868,0.19136333155547428
100.76,2.8831242638983947,0.0029902295564060433
100.77,2.882212120688996,-0.1852340808034443
100.78,2.8794195822823254,-0.3728693037465546
100.79,2.874754734614065,-0.5594791401020238
100.8,2.8682299994802856,-0.7446341145968819
100.81,2.8598620523221276,-0.9279143228059721
100.82000000000001,2.8496717130241658,-1.108912066079922
100.83,2.8376838110005287,-1.2872343448705643
100.84,2.8239270261267544,-1.4625051834971317
100.85000000000001,2.808433707330586,-1.6343677624737554
100.86,2.791239670877279,-1.8024863379676614
100.87,2.7723839805712327,-1.9665479316885917
100.88,2.751908712243507,-2.1262637784293785
100.89,2.729858705002645,-2.28137052248979
100.9,2.7062813017937115,-2.431631158226918
100.91,2.681226081838107,-2.576835713896218
100.92,2.6547445875157876,-2.716801681695612
100.93,2.6268900482041952,-2.8513742004278546
100.94,2.5977171035072306,-2.9804260003915717
100.95,2.567281528196364,-3.103857122948966
100.96000000000001,2.5356399610482514,-3.221594429660837
100.97,2.502849639603147,-3.3335909179027965
100.98,2.4689681426901955,-3.4398248614684444
100.99000000000001,2.434053142373778,-3.540298795825608
101.0,2.3981621667736834,-3.6350383684312018
101.01,2.361352375005154,-3.7240910748488125
101.02,2.3236803452767067,-3.8075249013787236
101.03,2.2852018769775793,-3.885426894537016
101.04,2.2459718073859665,-3.9579016770476088
101.05,2.2060438434366274,-4.0250699290806065
101.06,2.1654704088043544,-4.0870668523257905
101.07000000000001,2.1243025063901113,-4.144040633175269
101.08,2.0825895961408487,-4.196150919847038
101.09,2.0403794879931705,-4.243567326752258
101.10000000000001,1.9977182496058037,-4.286467977831327
101.11,1.954650128436544,-4.325038098991784
101.12,1.911217487625968,-4.359468668205227
101.13,1.8674607550724394,-4.389955130287132
101.14,1.8234183850202252,-4.416696181914785
101.15,1.7791268314341437,-4.4398926310524045
101.16,1.7346205323991772,-4.459746333662634
101.17,1.689931904760891,-4.476459209400045
101.18,1.6450913482111762,-4.490232336911367
101.19,1.6001272580226635,-4.5012651284124185
101.2,1.5550660456429277,-4.509754582373508
101.21000000000001,1.5099321663751932,-4.515894612421767
101.22,1.4647481533944924,-4.519875449956688
101.23,1.4195346573760594,-4.52188311746876
101.24000000000001,1.3743104910451172,-4.52209896914409
101.25,1.3290926779931778,-4.520699295022802
101.26,1.2838965051446611,-4.5178549847479905
101.27,1.238735578298218,-4.5137312467866835
101.28,1.1936218802089273,-4.5084873789164215
101.29,1.1485658307198894,-4.502276585742316
101.3,1.103576348494081,-4.4952458390319
101.31,1.0586609139392515,-4.487535776721052
101.32000000000001,1.0138256329596602,-4.479280636546617
101.33,0.9690753012083193,-4.470608220393376
101.34,0.9244134685517927,-4.4616398855987685
101.35000000000001,0.879842503496344,-4.452490559632632
101.36,0.8353636573591402,-4.443268774756411
101.37,0.7909771280012158,-4.434076719462472
101.38,0.7466821229698907,-4.425010303695622
101.39,0.7024769219273033,-4.416159235062467
101.4,0.6583589382686413,-4.407607103437261
101.41,0.614324779858558,-4.399431471573109
101.42,0.5703703088371791,-4.391703969523117
101.43,0.5264907004680957,-4.384490390865936
101.44,0.4826805010198604,-4.377850788913161
101.45,0.43893368468983246,-4.371839571251483
101.46000000000001,0.3952437095948307,-4.366505591140068
101.47,0.3516035728670311,-4.361892234443076
101.48,0.30800586490596915,-4.358037500928754
101.49000000000001,0.264442822848456,-4.354974078910254
101.5,0.2209063833277641,-4.352729412339789
101.51,0.17738823460166023,-4.3513257595974535
101.52,0.13387986813581504,-4.350780243339618
101.53,0.09037262973486786,-4.351104890890138
101.54,0.046857770318012276,-4.352306664771426
101.55,0.003326496439439337,-4.354387483082702
101.56,-0.04022997934364177,-4.357344229540346
101.57000000000001,-0.08382038815136758,-4.361168753101245
101.58,-0.12745335440566666,-4.365847857195328
101.59,-0.17113734529527416,-4.3713632786991505
101.60000000000001,-0.2148806199796497,-4.377691656889364
101.61,-0.25869117843306144,-4.384804492724246
101.62,-0.30257670983413465,-4.392668098914088
101.63,-0.34654454041134325,-4.401243541358038
101.64,-0.39060158066129547,-4.410486572646903
101.65,-0.43475427186428134,-4.420347558459146
101.66,-0.4790085318304784,-4.43077139781164
101.67,-0.5233696998205142,-4.4416974382682
101.68,-0.5678424805958424,-4.453059387358051
101.69,-0.6124308875676752,-4.464785221613435
101.7,-0.657138185028111,-4.476797094800762
101.71000000000001,-0.7019668294636904,-4.489011247092902
101.72,-0.746918409969969,-4.501337917111175
101.73,-0.7919935878059138,-4.513681258953712
101.74000000000001,-0.8371920351490433,-4.525939266521259
101.75,-0.882512373136339,-4.538003707650968
101.76,-0.9279521093020627,-4.549760070771611
101.77,-0.9735075745517714,-4.5610875269980165
101.78,-1.0191738598420232,-4.571858910785733
101.79,-1.0649447527674862,-4.581940722466104
101.8,-1.1108126742913453,-4.591193156173504
101.81,-1.1567686158909563,-4.599470156856281
101.82000000000001,-1.2028020774284711,-4.606619510226449
101.83,-1.2489010060954855,-4.61248296964491
101.84,-1.2950517368213694,-4.616896424053268
101.85000000000001,-1.341238934576551,-4.619690111143524
101.86,-1.38744553904424,-4.620688879996252
101.87,-1.433652712176476,-4.619712507408639
101.88,-1.4798397891924129,-4.616576072068253
101.89,-1.525984233617841,-4.61109039059832
101.9,-1.5720615970043792,-4.603062519297342
101.91,-1.618045484003788,-4.592296325111714
101.92,-1.6639075235066134,-4.578593129006597
101.93,-1.7096173465839197,-4.561752424429936
101.94,-1.755142571995212,-4.541572672990477
101.95,-1.800448800043729,-4.517852178787095
101.96000000000001,-1.8454996155709538,-4.490390042029379
101.97,-1.8902566008843167,-4.458987191675811
101.98,-1.93467935940447,-4.423447495785634
101.99000000000001,-1.9787255508000292,-4.383578947136028
102.0,-2.0223509383471905,-4.339194920402825
102.01,-2.065509449208086,-4.290115495849405
102.02,-2.1081532482641787,-4.236168843027095
102.03,-2.150232826068628,-4.177192656477761
102.04,-2.1916971013937343,-4.113035633865996
102.05,-2.2324935387459477,-4.043558985379241
102.06,-2.272568281101319,-3.9686379616484384
102.07000000000001,-2.311866297978917,-3.8881633858926015
102.08,-2.350331548819171,-3.802043174514706
102.09,-2.387907161469211,-3.7102038290135138
102.10000000000001,-2.4245356253994417,-3.6125918808685284
102.11,-2.4601589990865818,-3.50917527004684
102.12,-2.494719130800379,-3.3999446370150164
102.13,-2.5281578918268828,-3.2849145076591575
102.14,-2.5604174209535624,-3.1641243503619667
102.15,-2.591440378834122,-3.0376394846932624
102.16,-2.6211702106474273,-2.9055518217700613
102.17,-2.6495514152695234,-2.7679804173571187
102.18,-2.6765298189945703,-2.6250718202226233
102.19,-2.7020528516739764,-2.4770002001402402
102.2,-2.7260698229973754,-2.323967242230103
102.21000000000001,-2.7485321965185787,-2.166201797037494
102.22,-2.7693938589381255,-2.00395927882591
102.23,-2.788611382095097,-1.8375208079652556
102.24000000000001,-2.8061442750974304,-1.6671920969679108
102.25,-2.821955224034455,-1.4933020835960304
102.26,-2.836010316769351,-1.316201318453265
102.27,-2.8482792504035204,-1.1362601184960446
102.28,-2.8587355191392723,-0.9538665018610069
102.29,-2.867356580440741,-0.7694239232107951
102.3,-2.8741239976034882,-0.5833488323554242
102.31,-2.8790235570878497,-0.39606808211935074
102.32000000000001,-2.8820453592458755,-0.20801621421068658
102.33,-2.883183881372063,-0.019632654133783983
102.34,-2.882438012328551,0.16864115209265154
102.35000000000001,-2.87981105833021,0.35636462554022624
102.36,-2.8753107198177466,0.5431009319593572
102.37,-2.8689490396910227,0.7284198152007764
102.38,-2.8607423235137306,0.9119003531574481
102.39,-2.8507110326278733,1.0931336043793216
102.4,-2.838879651426144,1.2717251155645484
102.41,-2.8252765303165823,1.4472972627119502
102.42,-2.809933706171905,1.6194914017608097
102.43,-2.792886702281366,1.7879698079646793
102.44,-2.7741743100126115,1.9524173869570252
102.45,-2.753838354542226,2.1125431443743654
102.46000000000001,-2.731923447125124,2.2680814049116176
102.47,-2.708476726443993,2.4187927757005316
102.48,-2.683547591611113,2.564464852835507
102.49000000000001,-2.6571874293872826,2.7049126736388187
102.5,-2.629449338138336,2.8399789207854296
102.51,-2.6003878509715737,2.969533887633014
102.52,-2.5700586603856754,3.0934752169744266
102.53,-2.538518346632085,3.2117274279091563
102.54,-2.5058241118274927,3.3242412475917056
102.55,-2.472033521680251,3.430992766245269
102.56,-2.4372042565025875,3.5319824350274414
102.57000000000001,-2.4013938729797024,3.6272339271106437
102.58,-2.3646595779603743,3.71679288271279
102.59,-2.3270580153254463,3.8007255588107602
102.60000000000001,-2.2886450667841594,3.8791174039242655
102.61,-2.249475667246961,3.9520715777093343
102.62,-2.2096036352299726,4.019707434190747
102.63,-2.1690815185631465,4.082158986334848
102.64,-2.127960455503276,4.139573368362131
102.65,-2.0862900511959035,4.192109310765773
102.66,-2.04411826928796,4.2399356414789136
102.67,-2.001491338366325,4.283229825058094
102.68,-1.9584536727867978,4.322176550157715
102.69,-1.9150478073631705,4.356966373991489
102.7,-1.8713143453069678,4.387794430938462
102.71000000000001,-1.8272919187444012,4.414859210975592
102.72,-1.7830171610874561,4.438361412224514
102.73,-1.738524690499911,4.458502870600971
102.74000000000001,-1.6938471036754368,4.475485568361873
102.75,-1.6490149791326736,4.489510722263709
102.76,-1.6040568892301625,4.500777951080794
102.77,-1.5589994201110577,4.5094845213832455
102.78,-1.5138671988024976,4.515824669741162
102.79,-1.4686829267162345,4.519988998899594
102.8,-1.4234674188245058,4.522163944953402
102.81,-1.3782396478171666,4.522531312135581
102.82000000000001,-1.3330167925817944,4.521267871509753
102.83,-1.2878142903869716,4.51854501961943
102.84,-1.2426458921894057,4.514528492985067
102.85000000000001,-1.1975237205272702,4.509378134246462
102.86,-1.1524583295044766,4.503247705714523
102.87,-1.1074587664129798,4.49628474611474
102.88,-1.0625326345821817,4.488630466367166
102.89,-1.0176861570856364,4.48041968034724
102.9,-0.9729242409752369,4.471780766701498
102.91,-0.9282505417516065,4.4628356579461865
102.92,-0.8836675278163132,4.45369985324936
102.93,-0.8391765446866193,4.444482451483286
102.94,-0.7947778787866475,4.435286201329614
102.95,-0.750470820660027,4.426207565420977
102.96000000000001,-0.7062537274782279,4.417336795706215
102.97,-0.6621240847459027,4.408758017429621
102.98,-0.6180785671296355,4.400549319315234
102.99000000000001,-0.574113098359598,4.392782847743414
103.0,-0.5302229101747672,4.385524902897425
103.01,-0.48640260030164945,4.378836035041426
103.02,-0.44264618947393863,4.372771139267481
103.03,-0.3989471775162998,4.36737954721746
103.04,-0.35529859852958945,4.3627051144459825
103.05,-0.3116930752273802,4.3587863022427165
103.06,-0.2681228724847351,4.355656252876864
103.07000000000001,-0.22457995016984292,4.353342857363726
103.08,-0.1810560153374606,4.351868814983576
103.09,-0.1375425738701714,4.3512516839072335
103.10000000000001,-0.09403098165931593,4.351503922401495
103.11,-0.0505124954221415,4.352632920201832
103.12,-0.006978323255279292,4.354641019750326
103.13,0.03658032497286502,4.357525527104681
103.14,0.08017218728681433,4.361278712430283
103.15,0.12380589922147069,4.365887800092656
103.16,0.16748994328866745,4.3713349484733
103.17,0.21123259819093668,4.377597219738825
103.18,0.25504188768344394,4.38464653990243
103.19,0.2989255289889853,4.392449649629157
103.2,0.3428908806760271,4.400968046352842
103.21000000000001,0.38694488991604215,4.410157918394204
103.22,0.43109403904391114,4.419970071896767
103.23,0.47534429135397743,4.430349851531184
103.24000000000001,0.5197010360745348,4.4412370560594105
103.25,0.5641690324751656,4.452565849998749
103.26,0.6087523530745097,4.464264672782247
103.27,0.6534543259308105,4.476256146976536
103.28,0.6982774760140404,4.488456987290807
103.29,0.7432234656766267,4.500777912291051
103.3,0.7882930342598615,4.5131235609213265
103.31,0.8334859368950532,4.525392416127819
103.32000000000001,0.8788008825824178,4.5374767380806595
103.33,0.9242354716566664,4.5492625096912365
103.34,0.9697861327762426,4.5606293973271415
103.35000000000001,1.0154480596032092,4.5714507298303895
103.36,1.0612151473728502,4.5815934991442715
103.37,1.1070799295860945,4.5909183860465905
103.38,1.153033515093782,4.599279814668062
103.39,1.1990655258794558,4.606526039639707
103.4,1.2451640358865763,4.61249926985688
103.41,1.2913155112765935,4.617035832964345
103.42,1.3375047525458634,4.619966384750148
103.43,1.3837148389715968,4.621116167678895
103.44,1.4299270758994413,4.6203053227901485
103.45,1.4761209454273996,4.617349259126916
103.46000000000001,1.5222740610819796,4.612059084734703
103.47,1.5683621271220936,4.604242103074725
103.48,1.6143589031434742,4.59370237841758
103.49000000000001,1.6602361746904453,4.580241373417589
103.5,1.705963730611826,4.563658661605637
103.51,1.751509347922558,4.543752716972721
103.52,1.7968387849512804,4.520321782141618
103.53,1.8419157835653903,4.493164815835799
103.54,1.8867020812679962,4.462082519450143
103.55,1.931157433954393,4.426878441506773
103.56,1.9752396500981317,4.387360157643486
103.57000000000001,2.018904637107263,4.343340522536875
103.58,2.0621064605488693,4.2946389888158
103.59,2.104797416883579,4.2410829865855115
103.60000000000001,2.146928120280579,4.1825093556745205
103.61,2.1884476039970693,4.118765821155627
103.62,2.229303436703692,4.049712501103866
103.63,2.2694418540191466,3.975223433966317
103.64,2.308807905383018,3.8951881113646
103.65,2.3473456162464386,3.8095130006670046
103.66,2.3849981653963583,3.718123040293176
103.67,2.421708077052302,3.6209630894922924
103.68,2.457417427186204,3.5179993133091885
103.69,2.492068063318486,3.409220482665846
103.7,2.5256018368395217,3.2946391689809587
103.71000000000001,2.5579608466981054,3.1742928125684005
103.72,2.5890876930908893,3.048244644232818
103.73,2.6189257395827616,2.916584440048109
103.74000000000001,2.6474193818918517,2.779429090285774
103.75,2.6745143213884774,2.63692296486986
103.76,2.7001578411892493,2.489238059577923
103.77,2.724299082580036,2.336573909476316
103.78,2.7468893193787753,2.179157258753998
103.79,2.767882227755116,2.017241479170007
103.8,2.7872341489621757,1.8511057327110774
103.81,2.8049043424093374,1.6810538777103423
103.82000000000001,2.8208552265163824,1.5074131215371744
103.83,2.835052604840081,1.330532426953232
103.84,2.847465875055447,1.150780683254138
103.85000000000001,2.8580682185051636,0.9685446572875516
103.86,2.8668367682011984,0.7842267432614866
103.87,2.8737527533703937,0.5982425338365235
103.88,2.878801618877929,0.4110182382402334
103.89,2.8819731181351984,0.222987975966397
103.9,2.8832613783972567,0.03459097694967156
103.91,2.8826649376741917,-0.1537312791252418
103.92,2.880186752814752,-0.34153795056095393
103.93,2.8758341786629726,-0.5283917140931135
103.94,2.8696189185328898,-0.7138616038424611
103.95,2.8615569465861235,-0.8975257753587795
103.96000000000001,2.8516684030257142,-1.0789741627594598
103.97,2.8399774633309347,-1.2578109989728266
103.98,2.826512183046258,-1.4336571716389594
103.99000000000001,2.8113043198981553,-1.6061523902296289
104.0,2.794389135241665,-1.7749571433440958
104.01,2.7758051770312737,-1.9397544288305277
104.02,2.7555940466650553,-2.1002512432801055
104.03,2.7338001521656716,-2.2561798214470357
104.04,2.710470450236114,-2.407298620168232
104.05,2.685654179762307,-2.55339304530108
104.06,2.6594025893300923,-2.694275923982842
104.07000000000001,2.63176866128265,-2.8297877280661488
104.08,2.6028068347687694,-2.959796557837658
104.09,2.5725727301258967,-3.084197898029164
104.10000000000001,2.541122876808186,-3.2029141606427296
104.11,2.5085144469130425,-3.315894031207163
104.12,2.4748049961840435,-3.423111636748353
104.13,2.440052214178076,-3.5245655549885555
104.14,2.4043136850842726,-3.6202776850986216
104.15,2.3676466604761037,-3.710292000730899
104.16,2.330107845069655,-3.7946732060859407
104.17,2.291753196354385,-3.873505315446528
104.18,2.2526377387607246,-3.946890175986212
104.19,2.2128153928346608,-4.014945952768245
104.2,2.1723388197053595,-4.0778055937379225
104.21000000000001,2.1312592809599025,-4.1356152912208675
104.22,2.0896265138809422,-4.188532955014731
104.23,2.047488621859608,-4.236726710643461
104.24000000000001,2.0048919796680726,-4.280373434770008
104.25,1.961881153164207,-4.319657338170326
104.26,1.918498832904666,-4.354768605089955
104.27,1.8747857810624078,-4.385902096261376
104.28,1.8307807909794382,-4.413256121378585
104.29,1.786520658634836,-4.437031285423486
104.3,1.7420401652709685,-4.457429411931225
104.31,1.6973720703962114,-4.474652545079039
104.32000000000001,1.6525471143693875,-4.4889020313926435
104.33,1.6075940297683584,-4.500377680889454
104.34,1.5625395607515984,-4.509277006619942
104.35000000000001,1.5174084896359596,-4.515794540825902
104.36,1.4722236699350804,-4.520121225303741
104.37,1.4270060651298848,-4.522443873037167
104.38,1.3817747924743369,-4.522944697740469
104.39,1.3365471711750754,-4.521800907623639
104.4,1.2913387743218643,-4.519184359446159
104.41,1.2461634839861522,-4.515261268758932
104.42,1.2010335489466855,-4.510191972135419
104.43,1.1559596445434437,-4.504130737155114
104.44,1.110950934203583,-4.497225615917075
104.45,1.0660151322251021,-4.4896183379206125
104.46000000000001,1.0211585674451709,-4.481444238247122
104.47,0.9763862474601597,-4.472832217104779
104.48,0.9317019231030752,-4.463904726950127
104.49000000000001,0.8871081529211571,-4.454777783571993
104.5,0.8426063674316353,-4.445560997708593
104.51,0.7981969329669851,-4.43635762396383
104.52,0.7538792149523587,-4.4272646239897435
104.53,0.7096516404871902,-4.418372741105623
104.54,0.6655117601302462,-4.409766583727714
104.55,0.6214563088126359,-4.401524715184378
104.56,0.5774812658265586,-4.393719747688298
104.57000000000001,0.53358191385887,-4.3864184384283424
104.58,0.4897528970579918,-4.379681785928016
104.59,0.4459882781403097,-4.3735651249942915
104.60000000000001,0.40228159455810597,-4.368118218749597
104.61,0.35862591376531777,-4.363385346400634
104.62,0.3150138876300933,-4.359405385550611
104.63,0.27143780605430556,-4.356211888006579
104.64,0.22788964986996174,-4.353833148171253
104.65,0.18436114309088053,-4.352292263239576
104.66,0.1408438046051702,-4.351607184544961
104.67,0.0973289993999813,-4.351790759519316
104.68,0.05380798941478388,-4.352850763845608
104.69,0.010271984123069143,-4.354789923492546
104.7,-0.033287809055067036,-4.357605926429076
104.71000000000001,-0.07688013440551238,-4.361291423922635
104.72,-0.12051363753351974,-4.365834021430554
104.73,-0.16419681483412346,-4.3712162591996435
104.74000000000001,-0.20793796271751264,-4.377415582795814
104.75,-0.2517451264900398,-4.384404303894558
104.76,-0.2956260487954038,-4.392149551775282
104.77,-0.33958811752554535,-4.400613216078653
104.78,-0.3836383131169768,-4.409751881507266
104.79,-0.4277831551556907,-4.4195167552768195
104.8,-0.4720286482225132,-4.4298535882583066
104.81,-0.5163802269208568,-4.440702590892183
104.82000000000001,-0.560842700040357,-4.451998345103439
104.83,-0.6054201938229257,-4.463669713602433
104.84,-0.6501160943124056,-4.475639748120368
104.85000000000001,-0.6949329887853329,-4.487825598300364
104.86,-0.7398726062784128,-4.500138423144959
104.87,-0.7849357572482322,-4.512483307108063
104.88,-0.8301222724205741,-4.5247591831129785
104.89,-0.8754309409104918,-4.536858764977002
104.9,-0.9208594477201142,-4.5486684919257545
104.91,-0.9664043107490069,-4.560068488084743
104.92,-1.012060817481809,-4.570932540039417
104.93,-1.0578229615497954,-4.581128095755081
104.94,-1.1036833793969107,-4.590516288341151
104.95,-1.1496332873166184,-4.598951988326303
104.96000000000001,-1.1956624191634369,-4.606283888277482
104.97,-1.241758965082168,-4.612354623741354
104.98,-1.287909511638264,-4.617000934605784
104.99000000000001,-1.3340989837742836,-4.620053871064967
105.0,-1.3803105890595633,-4.621339048417984
105.01,-1.4265257647426435,-4.620676954929388
105.02,-1.4727241281581511,-4.617883316924157
105.03,-1.5188834310811268,-4.6127695251697345
105.04,-1.564979518661546,-4.605143126406657
105.05,-1.6109862936092598,-4.594808383618106
105.06,-1.656875686333908,-4.581566908269386
105.07000000000001,-1.7026176317746475,-4.56521836729323
105.08,-1.7481800536797725,-4.545561267038896
105.09,-1.7935288571154253,-4.52239381573637
105.10000000000001,-1.8386279299944999,-4.495514865246979
105.11,-1.8834391544203648,-4.464724931975623
105.12,-1.9279224286340122,-4.4298272958069616
105.13,-1.972035700336504,-4.390629174800109
105.14,-2.015735012130014,-4.346942972138633
105.15,-2.0589745597792763,-4.298587590492997
105.16,-2.1017067639398737,-4.245389807523018
105.17,-2.1438823559297364,-4.187185704744129
105.18,-2.1854504780347566,-4.123822140423339
105.19,-2.2263587987382034,-4.055158255582922
105.2,-2.266553643146415,-3.9810670006006497
105.21000000000001,-2.305980138750216,-3.9014366683372654
105.22,-2.3445823765131597,-3.816172418231247
105.23,-2.3823035871148406,-3.7251977744171527
105.24000000000001,-2.4190863320015024,-3.628456079688972
105.25,-2.4548727087086197,-3.52591188608737
105.26,-2.4896045697232494,-3.4175522620834644
105.27,-2.5232237539502886,-3.303387995804836
105.28,-2.555672329639346,-3.1834546735425486
105.29,-2.5868928474211392,-3.0578136129279105
105.3,-2.616828601897904,-2.926552630705836
105.31,-2.645423900035256,-2.7897866259821287
105.32000000000001,-2.672624334417547,-2.6476579612002995
105.33,-2.698377059259262,-2.500336624914964
105.34,-2.722631066915846,-2.348020162667439
105.35000000000001,-2.745337462512611,-2.190933364916669
105.36,-2.766449734214179,-2.029327704004058
105.37,-2.7859240165926917,-1.863480515490348
105.38,-2.8037193445239863,-1.6936939228400802
105.39,-2.8197978950494935,-1.5202935082765796
105.4,-2.8341252146895175,-1.343626736609842
105.41,-2.8466704297816903,-1.1640611428650318
105.42,-2.857406437546818,-0.9819822985184711
105.43,-2.8663100757520596,-0.7977915749859196
105.44,-2.873362269046537,-0.6119037266093619
105.45,-2.878548150284247,-0.42474431866129014
105.46000000000001,-2.881857155419763,-0.23674702874368211
105.47,-2.883283090859121,-0.04835085232593708
105.48,-2.882824172466282,0.14000275502253015
105.49000000000001,-2.8804830357586706,0.32787276494347417
105.5,-2.8762667171674123,0.5148214588164836
105.51,-2.870186606582341,0.7004172712610675
105.52,-2.862258371742191,0.8842375611148744
105.53,-2.8525018553600434,1.0658712777614088
105.54,-2.840940946186963,1.2449214926470762
105.55,-2.8276034255071023,1.4210077683336364
105.56,-2.8125207908202903,1.5937683404102312
105.57000000000001,-2.7957280586988977,1.7628620909596946
105.58,-2.7772635490010966,1.9279702959489935
105.59,-2.757168652779918,2.0887981328000627
105.60000000000001,-2.7354875863450956,2.245075938399505
105.61,-2.712267134011928,2.3965602118290077
105.62,-2.6875563821085158,2.5430343600521703
105.63,-2.6614064468108847,2.68430918859355
105.64,-2.6338701983366444,2.8202231428166176
105.65,-2.605001983954552,2.9506423086841718
105.66,-2.574857352162961,3.0754601848144523
105.67,-2.5434927802582634,3.1945972401883527
105.68,-2.5109654073591945,3.3080002739901486
105.69,-2.4773327747784606,3.415641595761133
105.7,-2.442652575443972,3.5175180453096067
105.71000000000001,-2.4069824138722686,3.6136498726599333
105.72,-2.370379577990773,3.7040794987557817
105.73,-2.3329008238971527,3.7888701776844713
105.74000000000001,-2.2946021744370833,3.8681045808934194
105.75,-2.255538732279284,3.9418833232641357
105.76,-2.2157645079718002,4.010323450035466
105.77,-2.1753322632785745,4.0735569024692815
105.78,-2.1342933699224145,4.131728978872478
105.79,-2.092697683701125,4.1849968061721885
105.8,-2.0505934337989706,4.233527835727846
105.81,-2.0080271269865677,4.277498375492987
105.82000000000001,-1.9650434662891108,4.317092169046657
105.83,-1.9216852836056346,4.352499030430612
105.84,-1.8779934856804987,4.383913542181553
105.85000000000001,-1.8340070127620036,4.411533822460468
105.86,-1.7897628092312894,4.435560365772746
105.87,-1.7452958054465488,4.456194960457771
105.88,-1.700638910022134,4.473639684916079
105.89,-1.6558230117482273,4.488095983443156
105.9,-1.610876990353271,4.499763821555586
105.91,-1.5658277353171155,4.508840919828737
105.92,-1.5207001719566962,4.515522064514225
105.93,-1.475517294026831,4.519998492566727
105.94,-1.4303002021053617,4.522457348178356
105.95,-1.385068147063264,4.523081207488508
105.96000000000001,-1.3398385779555917,4.522047667800679
105.97,-1.2946271937072504,4.519528997387318
105.98,-1.2494479980078452,4.515691841791186
105.99000000000001,-1.2043133568714266,4.510696982428556
106.0,-1.159234058359274,4.504699143257545
106.01,-1.1142193740062756,4.497846841285994
106.02,-1.069277121533554,4.490282276749671
106.03,-1.024413728471282,4.482141258886067
106.04,-0.9796342963558324,4.473553163354762
106.05,-0.9349426652041868,4.464640917506139
106.06,-0.8903414780057097,4.455521009870442
106.07000000000001,-0.8458322450067779,4.446303520423805
106.08,-0.8014154075972336,4.437092168382461
106.09,-0.7570904016391288,4.427984374477074
106.10000000000001,-0.7128557201076922,4.41907133486262
106.11,-0.6687089749418763,4.410438104022779
106.12,-0.6246469580272365,4.402163684229043
106.13,-0.5806657012572953,4.394321119311846
106.14,-0.5367605356409995,4.386977590692536
106.15,-0.49292614944344454,4.380194513809862
106.16,-0.4491566453648022,4.374027633252117
106.17,-0.40544559677840225,4.368527115075634
106.18,-0.36178610306328957,4.363737634951865
106.19,-0.31817084407936497,4.359698460938774
106.2,-0.27459213384451414,4.35644352981792
106.21000000000001,-0.2310419734830066,4.354001516076883
106.22,-0.18751210352297645,4.352395892748014
106.23,-0.1439940556280463,4.351644983439597
106.24000000000001,-0.1004792038541845,4.351762005015108
106.25,-0.05695881552774412,4.352755100491152
106.26,-0.013424101844361453,4.354627361835779
106.27,0.030133731708971462,4.3573768424571435
106.28,0.07372343500478143,4.360996559278832
106.29,0.11735366289454811,4.365474484403657
106.3,0.16103292469285457,4.370793526473295
106.31,0.20476953342401405,4.376931501937873
106.32000000000001,0.24857155473161208,4.3838610965583635
106.33,0.29244675535518133,4.391549817576547
106.34,0.336402551083143,4.399959937103182
106.35000000000001,0.3804459540972449,4.409048427395709
106.36,0.42458351963105717,4.418766888823317
106.37,0.46882129187371124,4.429061471449966
106.38,0.5131647490600565,4.439872791305906
106.39,0.5576187476998294,4.451135842565599
106.4,0.6021874659113685,4.462779907005315
106.41,0.6468743458399356,4.474728462277059
106.42,0.6916820351569096,4.486899090707004
106.43,0.7366123276540758,4.49920339050588
106.44,0.7816661029670273,4.511546891465461
106.45,0.826843265483385,4.523828977408429
106.46000000000001,0.8721426825151959,4.535942817857439
106.47,0.9175621218405339,4.547775311591594
106.48,0.9630981887470278,4.5592070449628626
106.49000000000001,1.0087462627397912,4.570112268048805
106.5,1.054500434108004,4.580358891918452
106.51,1.1003534405781603,4.589808510481912
106.52,1.1462966043176424,4.598316450577266
106.53,1.1923197695897056,4.605731854116013
106.54,1.2384112413999626,4.611897796255631
106.55,1.2845577255148184,4.616651443688918
106.56,1.330744270273741,4.619824257228441
106.57000000000001,1.3769542106593873,4.621242242913684
106.58,1.423169115132015,4.620726255871007
106.59,1.4693687357768075,4.618092361104507
106.60000000000001,1.5155309623541051,4.613152255281156
106.61,1.5616317808824307,4.605713753387844
106.62,1.6076452374218622,4.5955813438728725
106.63,1.6535434077598883,4.582556815531806
106.64,1.6992963737324984,4.566439958949722
106.65,1.744872206938883,4.547029344761663
106.66,1.7902369606277315,4.524123180334561
106.67,1.835354670545574,4.497520245702312
106.68,1.880187365541778,4.467020908698122
106.69,1.9246950887195367,4.432428218223901
106.7,1.9688359299062559,4.393549073477018
106.71000000000001,2.012566070189077,4.350195465724825
106.72,2.0558398392207526,4.302185787884868
106.73,2.0986097859467745,4.249346205745305
106.74000000000001,2.140826763335659,4.191512083161178
106.75,2.182440027609998,4.128529452007574
106.76,2.22339735237581,4.060256516084309
106.77,2.263645157931684,3.9865651765767023
106.78,2.303128655907344,3.9073425651156213
106.79,2.3417920092339966,3.822492568983289
106.8,2.3795785072870097,3.7319373316185445
106.81,2.4164307558663674,3.6356187103282522
106.82000000000001,2.452290881493575,3.5334996720536553
106.83,2.4871007493074404,3.4255656072156753
106.84,2.5208021936378886,3.311825541114562
106.85000000000001,2.553337260129732,3.192313222127857
106.86,2.584648458080446,3.067088066073511
106.87,2.6146790214512023,2.936235936613943
106.88,2.643373176812725,2.799869742496611
106.89,2.6706764163011343,2.658129833773419
106.9,2.696535773488193,2.5111841809211066
106.91,2.7209000999195565,2.35922832299255
106.92,2.743720339948044,2.20248507354731
106.93,2.764949801390503,2.0412039761087697
106.94,2.78454441947022,1.8756605042318941
106.95,2.802463011475141,1.7061550048846525
106.96000000000001,2.818667519567913,1.5330113876804168
106.97,2.8331232392287493,1.3565755664709367
106.98,2.8457990308973313,1.1772136638341437
106.99000000000001,2.856667512505432,0.9953099929763899
107.0,2.8657052307568596,0.8112648354197991
107.01,2.872892809213828,0.6254920364668657
107.02,2.878215071486197,0.4384164437338287
107.03,2.881661138088505,0.2504712169351935
107.04,2.883224495824901,0.06209503950672232
107.05,2.8829030388786396,-0.12627073549216997
107.06,2.8806990811150577,-0.31418497150447616
107.07000000000001,2.87661933944855,-0.5012096323239694
107.08,2.870674888468578,-0.6869126294001108
107.09,2.862881086860548,-0.8708705990273429
107.10000000000001,2.8532574764880314,-1.0526715771741706
107.11,2.8418276553170645,-1.2319175416320676
107.12,2.82861912565539,-1.4082267936330544
107.13,2.8136631194444033,-1.581236154030751
107.14,2.796994402574775,-1.7506029524842035
107.15,2.7786510603947194,-1.9160067917394692
107.16,2.7586742667399857,-2.077151072977806
107.17,2.7371080389351636,-2.2337642721959248
107.18,2.7139989812960676,-2.385600961608345
107.19,2.689396019702997,-2.5324425740234013
107.2,2.6633501298155995,-2.674097911958062
107.21000000000001,2.6359140614638354,-2.810403406846368
107.22,2.6071420616786725,-2.941223136996227
107.23,2.5770895987239113,-3.0664486159056055
107.24000000000001,2.5458130893605606,-3.1859983651204575
107.25,2.513369631421502,-3.2998172879745176
107.26,2.47981674360107,-3.4078758622795555
107.27,2.4452121141759107,-3.510169171330095
107.28,2.409613360174468,-3.6067157934563165
107.29,2.373077798306784,-3.6975565708201845
107.3,2.3356622287580637,-3.782753278228368
107.31,2.2974227327422168,-3.862387212463841
107.32000000000001,2.258414484508787,-3.9365577220537955
107.33,2.2186915783011405,-4.005380696535982
107.34,2.178306870578067,-4.068987033202164
107.35000000000001,2.1373118376370974,-4.127521098029861
107.36,2.09575644861747,-4.181139196105405
107.37,2.0536890537149897,-4.230008065333871
107.38,2.011156287310793,-4.2743034056638445
107.39,1.968202985601713,-4.314208454462565
107.4,1.9248721182215416,-4.349912617091887
107.41,1.8812047332598751,-4.38161016018507
107.42,1.8372399150178402,-4.409498973632404
107.43,1.793014753787227,-4.433779405869027
107.44,1.7485643269004598,-4.454653175736237
107.45,1.7039216902725023,-4.472322362969155
107.46000000000001,1.6591178796410768,-4.486988478256341
107.47,1.6141819207073755,-4.498851612825146
107.48,1.5691408473845738,-4.50810966663163
107.49000000000001,1.5240197273747431,-4.514957653474578
107.5,1.4788416943150824,-4.519587080706506
107.51,1.4336279857606131,-4.5221854006755375
107.52,1.3883979863015719,-4.522935530594648
107.53,1.3431692751487203,-4.522015437191715
107.54,1.2979576775577377,-4.519597782237435
107.55,1.2527773195039718,-4.515849624870123
107.56,1.2076406850603352,-4.510932176528507
107.57000000000001,1.1625586759734015,-4.5050006042573685
107.58,1.1175406729751878,-4.4982038781583835
107.59,1.0725945984102339,-4.49068465881181
107.60000000000001,1.0277269797989517,-4.48257922058659
107.61,0.982943013998502,-4.474017406880051
107.62,0.9382466316613506,-4.465122613477563
107.63,0.8936405617289507,-4.4560117963914205
107.64,0.849126395733522,-4.446795500721976
107.65,0.804704651714511,-4.437577907277996
107.66,0.760374837587962,-4.428456893893601
107.67,0.716135513836639,-4.419524108582506
107.68,0.6719843554163119,-4.4108650518738965
107.69,0.627918212799161,-4.4025591658757035
107.7,0.5839331720987978,-4.394679927808496
107.71000000000001,0.5400246142429911,-4.387294945945166
107.72,0.4961872731798945,-4.3804660560769095
107.73,0.4524152931214529,-4.374249416804029
107.74000000000001,0.4087022848438138,-4.368695602120205
107.75,0.36504138107904877,-4.363849689920999
107.76,0.32142529104539386,-4.359751345221406
107.77,0.2778463541746206,-4.356434897013468
107.78,0.2342965931051245,-4.353929407833736
107.79,0.1907677660179459,-4.352258735242182
107.8,0.14725141840028083,-4.351441584539669
107.81,0.10373893432715253,-4.3514915521710265
107.82000000000001,0.060221587356860305,-4.352417159376001
107.83,0.016690591139632498,-4.354221875761666
107.84,-0.026862850158373017,-4.35690413257829
107.85000000000001,-0.07044749151193329,-4.360457325587121
107.86,-0.11407199667011542,-4.364869807513993
107.87,-0.15774488766221315,-4.3701248701882
107.88,-0.2014744940738794,-4.376200716572614
107.89,-0.2452689019936654,-4.383070422999592
107.9,-0.2891359025338712,-4.3907018920388206
107.91,-0.3330829398344418,-4.399057796538708
107.92,-0.3771170584646454,-4.408095515503269
107.93,-0.4212448501445072,-4.4177670625923815
107.94,-0.465472399716493,-4.42801900816557
107.95,-0.5098052303078187,-4.438792395928782
107.96000000000001,-0.5542482476350687,-4.4500226553903985
107.97,-0.5988056834156267,-4.461639511487427
107.98,-0.6434810378648173,-4.473566892905536
107.99000000000001,-0.6882770212737374,-4.485722840787459
108.0,-0.7331954946805666,-4.498019419702989
108.01,-0.7782374096677973,-4.510362632939822
108.02,-0.8234027473393631,-4.5226523443672
108.03,-0.8686904565551414,-4.534782209322409
108.04,-0.9140983915258114,-4.5466396171722945
108.05,-0.9596232488985874,-4.558105648406179
108.06,-1.005260504493935,-4.569055049320446
108.07000000000001,-1.0510043498849961,-4.579356227555894
108.08,-1.0968476290450528,-4.5888712719432565
108.09,-1.1427817753238614,-4.597456000296219
108.10000000000001,-1.1887967490509772,-4.604960038960258
108.11,-1.2348809761030664,-4.6112269380746245
108.12,-1.2810212878124696,-4.616094326628109
108.13,-1.3272028626356287,-4.619394111480549
108.14,-1.3734091700420807,-4.620952724574556
108.15,-1.4196219171271198,-4.6205914225683005
108.16,-1.4658209984934467,-4.6181266430726335
108.17,-1.5119844499885726,-4.613370421566197
108.18,-1.5580884069247707,-4.606130872882202
108.19,-1.6041070674462166,-4.596212740901893
108.2,-1.6500126617428086,-4.583418019744121
108.21000000000001,-1.695775427841099,-4.567546649300223
108.22,-1.7413635947288129,-4.548397287421375
108.23,-1.7867433735895264,-4.5257681604156605
108.24000000000001,-1.831878957937126,-4.499457992749452
108.25,-1.8767325334445153,-4.469267015969336
108.26,-1.9212642982565127,-4.434998055865574
108.27,-1.965432494561827,-4.3964576957876105
108.28,-2.0091934521722647,-4.353457512800758
108.29,-2.0525016448178417,-4.305815382048485
108.3,-2.0953097598132344,-4.253356843268183
108.31,-2.1375687816832056,-4.1959165219148815
108.32000000000001,-2.179228090251532,-4.133339595796645
108.33,-2.220235573599138,-4.065483296540846
108.34,-2.260537756182349,-3.992218433619993
108.35000000000001,-2.3000799422715383,-3.9134309271013934
108.36,-2.338806374724377,-3.829023333782194
108.37,-2.376660408947182,-3.738916349969525
108.38,-2.4135847017237673,-3.6430502729059757
108.39,-2.4495214144053015,-3.541386401766932
108.4,-2.4844124297591055,-3.4339083583122063
108.41,-2.518199581571545,-3.32062330670321
108.42,-2.55082489589317,-3.2015630517397353
108.43,-2.5822308426063403,-3.076784994864802
108.44,-2.612360595790466,-2.9463729277641337
108.45,-2.6411583011616226,-2.8104376442740775
108.46000000000001,-2.6685693486759474,-2.6691173526249563
108.47,-2.694540648214122,-2.522577871792911
108.48,-2.7190209061118056,-2.371012597908012
108.49000000000001,-2.741960900172282,-2.214642229253452
108.5,-2.763313750696874,-2.0537142413609275
108.51,-2.7830351849995,-1.8885021070189771
108.52,-2.8010837928372534,-1.7193042596096628
108.53,-2.817421270191693,-1.5464428020083298
108.54,-2.83201264887742,-1.3702619672448486
108.55,-2.84482650953659,-1.1911263411475825
108.56,-2.8558351757003715,-1.0094188611821373
108.57000000000001,-2.8650148867602327,-0.8255386095608912
108.58,-2.8723459478915894,-0.6398984223410191
108.59,-2.877812855207053,-0.4529223395554156
108.60000000000001,-2.881404394682698,-0.2650429243455853
108.61,-2.883113713693965,-0.07669848151005851
108.62,-2.882938364312899,0.11166979222023887
108.63,-2.8808803178495603,0.29962069256921003
108.64,-2.876945950461515,0.48671589249089664
108.65,-2.871145999999742,0.6725227930478173
108.66,-2.8634954946005577,0.8566173067505696
108.67,-2.85401365386473,1.038586540996115
108.68,-2.842723763780635,1.218031351121735
108.69,-2.829653026842295,1.3945687350198797
108.7,-2.8148323890802374,1.5678340441700422
108.71000000000001,-2.798296345958894,1.7374829892595927
108.72,-2.780082729295046,1.9031934221994218
108.73,-2.760232477514906,2.064666880199666
108.74000000000001,-2.7387893916910526,2.221629881560313
108.75,-2.7157998798836998,2.3738349668562853
108.76,-2.691312692353927,2.521061483165189
108.77,-2.665378650220396,2.6631161128129928
108.78,-2.638050370097667,2.799833151721604
108.79,-2.609381987185964,2.9310745457661125
108.8,-2.5794288791823448,3.056729696533445
108.81,-2.548247393255295,3.176715050476059
108.82000000000001,-2.5158945781728237,3.2909734876444943
108.83,-2.482427923502405,3.3994735279444033
108.84,-2.4479051076139355,3.5022083741924033
108.85000000000001,-2.412383756018557,3.5991948121472888
108.86,-2.3759212113709895,3.690471988185367
108.87,-2.33857431625485,3.776100085395985
108.88,-2.30039920966307,3.8561589186277
108.89,-2.2614511378822955,3.9307464684543927
108.9,-2.2217842802939822,3.999977373194957
108.91,-2.181451590418397,4.063981397053214
108.92,-2.1405046523529183,4.122901891190349
108.93,-2.09899355259459,4.17689426314375
108.94,-2.0569667670900436,4.226124468505435
108.95,-2.0144710632244816,4.2707675372092915
108.96000000000001,-1.9715514163458576,4.31100614518517
108.97,-1.9282509403207782,4.347029240551417
108.98,-1.8846108315348293,4.379030731963849
108.99000000000001,-1.8406703256815014,4.40720824524211
109.0,-1.7964666666299873,4.431761952973484
109.01,-1.7520350866220318,4.452893480464698
109.02,-1.7074087970206935,4.470804890185719
109.03,-1.6626189888183174,4.485697745733624
109.04,-1.617694842106021,4.497772255343912
109.05,-1.5726635437114393,4.507226494092702
109.06,-1.5275503122241672,4.514255703165206
109.07000000000001,-1.4823784296481353,4.519051663910637
109.08,-1.4371692789459543,4.5218021438566325
109.09,-1.3919423867710026,4.52269041141124
109.10000000000001,-1.3467154707177296,4.521894815630404
109.11,-1.3015044904583943,4.519588427166051
109.12,-1.2563237021744085,4.515938736326043
109.13,-1.2111857157318735,4.51110740406412
109.14,-1.1661015540931259,4.505250061667217
109.15,-1.121080714498529,4.49851615491105
109.16,-1.076131230994905,4.491048828504834
109.17,-1.0312597379284323,4.48298484673511
109.18,-0.9864715340602027,4.474454546339969
109.19,-0.941770647001633,4.4655818177923114
109.2,-0.8971598977043566,4.456484111338279
109.21000000000001,-0.8526409647748675,4.44727246431972
109.22,-0.8082144484179622,4.4380515465027806
109.23,-0.763879933844812,4.4289197203346715
109.24000000000001,-0.719636054011269,4.419969113253875
109.25,-0.6754805515797346,4.41128569938264
109.26,-0.6314103400236162,4.402949388132298
109.27,-0.5874215638170887,4.395034117449663
109.28,-0.543509657674623,4.387607949625194
109.29,-0.4996694048245849,4.380733167769429
109.3,-0.4558949943192344,4.374466371242774
109.31,-0.4121800773997294,4.36885856849445
109.32000000000001,-0.36851782294934543,4.363955265929097
109.33,-0.32490097208114743,4.359796551574195
109.34,-0.2813218919178615,4.356417172468226
109.35000000000001,-0.23777262863178292,4.3538466048288
109.36,-0.19424495982128548,4.352109116192296
109.37,-0.15073044630793697,4.351223818842476
109.38,-0.10722048344443597,4.3512047139659025
109.39,-0.06370635202861892,4.352060726087473
109.4,-0.0201792689226865,4.353795727450965
109.41,0.023369562520400382,4.356408552118072
109.42,0.06694890211967496,4.359892999665926
109.43,0.11056742251371891,4.364237828468601
109.44,0.15423365868904698,4.369426738653521
109.45,0.19795595728678933,4.375438344930095
109.46000000000001,0.24174242558764886,4.382246139596244
109.47,0.2856008800787142,4.389818446139757
109.48,0.32953879451044404,4.398118363966524
109.49000000000001,0.37356324735804475,4.407103704907555
109.5,0.41768086860859516,4.416726922282122
109.51,0.4618977858036872,4.426935033426076
109.52,0.5062195692771166,4.437669536733059
109.53,0.5506511765383483,4.448866324402493
109.54,0.5951968957651664,4.46045559224219
109.55,0.639860288383192,4.472361748035523
109.56,0.6846441307258768,4.484503320153218
109.57000000000001,0.7295503547862564,4.496792868267897
109.58,0.7745799880912349,4.509136898214923
109.59,0.819733092750555,4.52143578323525
109.60000000000001,0.8650087037559399,4.53358369403366
109.61,0.9104047666312282,4.545468540287582
109.62,0.9559180745616915,4.55697192644578
109.63,1.0015442051601438,4.567969124860163
109.64,1.047277457058895,4.578329069495141
109.65,1.0931107865500467,4.5879143736539
109.66,1.1390357445319728,4.596581375345824
109.67,1.185042414056963,4.604180214089711
109.68,1.231119348813767,4.610554943098194
109.69,1.2772535129189269,4.615543680914409
109.7,1.323430222432055,4.618978806666096
109.71000000000001,1.3696330890522486,4.620687203158271
109.72,1.4158439664952203,4.620490552036003
109.73,1.4620429000929684,4.618205685205978
109.74000000000001,1.5082080801993396,4.613644996601278
109.75,1.554315800024994,4.606616918199934
109.76,1.600340418563338,4.596926463955899
109.77,1.6462543293041119,4.58437584496296
109.78,1.6920279354625976,4.568765158739931
109.79,1.7376296324789107,4.549893154992134
109.8,1.7830257985624403,4.52755807956329
109.81,1.8281807940701764,4.501558597538886
109.82000000000001,1.873056970513218,4.471694795593264
109.83,1.9176146899820419,4.437769262687246
109.84,1.961812355766963,4.399588247122054
109.85000000000001,2.0056064549244828,4.356962886742958
109.86,2.048951613501822,4.3097105077696956
109.87,2.091800665079877,4.257655986321372
109.88,2.1341047332282495,4.200633165216065
109.89,2.175813328384198,4.138486317078718
109.9,2.2168744595698238,4.071071643208443
109.91,2.257234761248367,3.99825879606547
109.92,2.2968396354911333,3.919932411670417
109.93,2.3356334094817752,3.835993636699634
109.94,2.3735595082251257,3.7463616336489833
109.95,2.4105606421547545,3.6509750461659176
109.96000000000001,2.446579009148444,3.549793405559327
109.97,2.481556510265941,3.442798458632237
109.98,2.5154349783210885,3.3299953963874134
109.99000000000001,2.548156418193689,3.211413962871613
110.0,2.5796632575785208,3.0871094234884566
110.01,2.6098986066634584,2.957163372555444
110.02,2.6388065250296298,2.821684360733398
110.03,2.666332293878126,2.6808083242342446
110.04,2.692422691514314,2.5346987994232766
110.05,2.7170262698665915,2.3835469085716805
110.06,2.740093629685748,2.2275711050687415
110.07000000000001,2.761577691967966,2.067016669342869
110.08,2.781433963072605,1.9021549500255157
110.09,2.7996207909684765,1.7332823484688096
110.10000000000001,2.8160996100419813,1.560719048531023
110.11,2.830835171939097,1.384807497498206
110.12,2.8437957599919454,1.2059106480309487
110.13,2.8549533848997157,1.0244099750215134
110.14,2.8642839594923757,0.8407032851238775
110.15,2.8717674506021935,0.6552023403821104
110.16,2.877388006300018,0.46833032073790737
110.17,2.881134057016952,0.28051915315839226
110.18,2.882998389363186,0.09220673761155276
110.19,2.882978191769183,-0.09616589793863808
110.2,2.881075071404413,-0.28415747999568713
110.21000000000001,2.8772950421692687,-0.47132937521374263
110.22,2.8716484839001377,-0.6572484449969453
110.23,2.8641500732693297,-0.8414898353012195
110.24000000000001,2.8548186871941135,-1.0236396691524343
110.25,2.843677279886281,-1.2032976112263787
110.26,2.8307527349695856,-1.3800792762208907
110.27,2.816075694361863,-1.553618455623884
110.28,2.7996803658571077,-1.723569140766018
110.29,2.781604311546542,-1.8896073236572504
110.3,2.7618882193839625,-2.0514325609502126
110.31,2.740575660327538,-2.2087692903550766
110.32000000000001,2.717712833576861,-2.361367892855254
110.33,2.693348302470433,-2.5090054980491416
110.34,2.6675327236158783,-2.6514865337842237
110.35000000000001,2.6403185717947486,-2.788643024878634
110.36,2.6117598631183054,-2.9203346490742286
110.37,2.581911878813264,-3.046448561378557
110.38,2.5508308918907345,-3.166899000587366
110.39,2.5185738988015167,-3.2816266940039354
110.4,2.485198358010656,-3.390598078168759
110.41,2.4507619372381413,-3.4938043547772852
110.42,2.4153222709151096,-3.5912604019002416
110.43,2.378936729200136,-3.6830035611462653
110.44,2.341662199692184,-3.769092321544561
110.45,2.303554882769245,-3.849604920707602
110.46000000000001,2.2646701012780324,-3.9246378832974154
110.47,2.2250621251032965,-3.994304516004593
110.48,2.18478401095794,-4.0587333771998635
110.49000000000001,2.1438874575592988,-4.11806673817778
110.5,2.1024226761943843,-4.172459051524246
110.51,2.060438276528814,-4.2220754406460985
110.52,2.0179811673814627,-4.267090222941147
110.53,1.9750964720699915,-4.307685477497121
110.54,1.9318274578315204,-4.344049666620307
110.55,1.8882154787375856,-4.376376318937641
110.56,1.8442999314527677,-4.404862780313791
110.57000000000001,1.8001182231313095,-4.429709037397093
110.58,1.7557057507048257,-4.451116617270945
110.59,1.7110958907858906,-4.4692875654519755
110.60000000000001,1.6663199993957862,-4.484423503351209
110.61,1.6214074207188665,-4.496724765304272
110.62,1.5763855040897008,-4.506389614383176
110.63,1.5312796284312031,-4.513613535424795
110.64,1.486113233381205,-4.518588603046804
110.65,1.4409078563702669,-4.521502921866119
110.66,1.3956831749438825,-4.522540135681643
110.67,1.350457053656634,-4.521879002025536
110.68,1.3052455949033717,-4.51969302821745
110.69,1.260063193092285,-4.516150164866098
110.7,1.2149225916060498,-4.51141255264389
110.71000000000001,1.1698349420394072,-4.50563631810471
110.72,1.1248098652439558,-4.4989714143142265
110.73,1.0798555137531227,-4.4915615021085085
110.74000000000001,1.0349786352017856,-4.483543867882809
110.75,0.9901846363954666,-4.47504937393126
110.76,0.9454776477231603,-4.466202437503568
110.77,0.9008605876453953,-4.457121034910835
110.78,0.8563352270249437,-4.447916727194186
110.79,0.8119022531015115,-4.43869470406239
110.8,0.7675613329436959,-4.429553843004168
110.81,0.7233111762414283,-4.420586780683873
110.82000000000001,0.6791495973300185,-4.4118799939328595
110.83,0.6350735763627711,-4.403513887850741
110.84,0.5910793195730036,-4.3955628887288345
110.85000000000001,0.5471623185881944,-4.3880955397009345
110.86,0.503317408778985,-4.381174597212965
110.87,0.45953882664393514,-4.3748571265822225
110.88,0.4158202662473406,-4.369194595088277
110.89,0.3721549347421696,-4.364232961200942
110.9,0.3285356070233217,-4.360012758706029
110.91,0.284954679568049,-4.356569174636964
110.92,0.24140422353058238,-4.353932120060279
110.93,0.19787603716684338,-4.3521262928957904
110.94,0.15436169767266655,-4.3511712320787295
110.95,0.11085261252526878,-4.351081362491846
110.96000000000001,0.06734007042282963,-4.3518660302113545
110.97,0.023815291921041686,-4.353529527722455
110.98,-0.019730520131619463,-4.3560711088689406
110.99000000000001,-0.06330613025633713,-4.359484993408047
111.0,-0.10692021999978041,-4.363760361147218
111.01,-0.15058133747928149,-4.368881335744878
111.02,-0.19429784671467795,-4.374826958363531
111.03,-0.2380778766465521,-4.381571151471679
111.04,-0.28192926974411153,-4.389082673201999
111.05,-0.3258595301105921,-4.397325062788
111.06,-0.3698757709998715,-4.406256577720774
111.07000000000001,-0.4139846616650076,-4.415830123392403
111.08,-0.4581923734677196,-4.425993176123723
111.09,-0.5025045251874821,-4.436687700612234
111.10000000000001,-0.5469261274799643,-4.447850062981407
111.11,-0.5914615264471101,-4.45941094076599
111.12,-0.636114346295284,-4.471295231329277
111.13,-0.6808874310736956,-4.483421960377784
111.14,-0.7257827855028397,-4.495704192416155
111.15,-0.7708015149220188,-4.508048945169991
111.16,-0.8159437644062395,-4.520357110195878
111.17,-0.8612086571259364,-4.532523382095179
111.18,-0.9065942320481432,-4.544436198949669
111.19,-0.9520973811049298,-4.555977696801084
111.2,-0.9977137859841648,-4.567023681200723
111.21000000000001,-1.0434378547289442,-4.577443619056783
111.22,-1.0892626583653005,-4.5871006542026755
111.23,-1.1351798678129976,-4.595851650295506
111.24000000000001,-1.1811796913712105,-4.603547264825641
111.25,-1.2272508131095103,-4.610032058170966
111.26,-1.2733803325346298,-4.615144641757368
111.27,-1.3195537059446578,-4.618717869484053
111.28,-1.3657546899243107,-4.62057907663171
111.29,-1.4119652874772919,-4.620550370486077
111.3,-1.4581656973340322,-4.618448976871358
111.31,-1.504334267014719,-4.614087646689196
111.32000000000001,-1.5504474502678163,-4.607275126391184
111.33,-1.5964797695425428,-4.597816696067865
111.34,-1.6424037841891737,-4.585514778506588
111.35000000000001,-1.6881900651126747,-4.570169622146647
111.36,-1.7338071766321066,-4.551580060335446
111.37,-1.7792216663193836,-4.529544348657939
111.38,-1.8243980636052652,-4.503861081367972
111.39,-1.869298887946743,-4.474330187091262
111.4,-1.9138846673470906,-4.440754002994029
111.41,-1.9581139680066235,-4.402938425519889
111.42,-2.0019434358574886,-4.360694134594386
111.43,-2.0453278506985115,-4.313837886888565
111.44,-2.0882201935952596,-4.262193872330941
111.45,-2.1305717281451297,-4.205595126575628
111.46000000000001,-2.172332096126772,-4.143884990591945
111.47,-2.2134494279569683,-4.076918606960331
111.48,-2.253870468265978,-4.004564440868129
111.49000000000001,-2.2935407167743307,-3.9267058122279432
111.5,-2.332404584510537,-3.843242423826022
111.51,-2.3704055652508513,-3.7540918689869804
111.52,-2.4074864218902765,-3.6591911009553892
111.53,-2.443589387269959,-3.558497845087385
111.54,-2.478656378792024,-3.451991934060427
111.55,-2.512629225951167,-3.339676545690047
111.56,-2.5454499097058245,-3.221579322630508
111.57000000000001,-2.577060812403777,-3.0977533532699195
111.58,-2.607404976771223,-2.968277993542757
111.59,-2.636426372274632,-2.833259510200482
111.60000000000001,-2.6640701669752325,-2.6928315273224395
111.61,-2.6902830028210807,-2.547155259523057
111.62,-2.7150132721656934,-2.396419517415312
111.63,-2.738211393169387,-2.2408404734101826
111.64,-2.759830081633897,-2.08066117884044
111.65,-2.7798246167461955,-1.9161508266549188
111.66,-2.798153098166995,-1.747603757483952
111.67,-2.8147766918958745,-1.575338210663664
111.68,-2.8296598623802685,-1.3996948257514297
111.69,-2.8427705884109034,-1.2210349040832513
111.7,-2.854080560461934,-1.0397384439256785
111.71000000000001,-2.863565357289417,-0.8562019666658301
111.72,-2.8712045997952504,-0.6708361551675734
111.73,-2.876982080392769,-0.48406332880656106
111.74000000000001,-2.880885866371382,-0.2963147826934699
111.75,-2.882908376046638,-0.10802802112359655
111.76,-2.8830464267938534,0.08035608271659894
111.77,-2.881301254392306,0.26839616735408167
111.78,-2.877678503446772,0.45565326974173265
111.79,-2.872188188997471,0.6416936837557419
111.8,-2.8648446297716568,0.8260917566900559
111.81,-2.8556663538636697,1.0084325911351755
111.82000000000001,-2.8446759779489534,1.1883146214110807
111.83,-2.8319000614354484,1.3653520360647426
111.84,-2.8173689372276582,1.5391770207778215
111.85000000000001,-2.8011165210198916,1.7094417992837303
111.86,-2.7831801012419835,1.8758204534798344
111.87,-2.7636001119502946,2.0380105077482695
111.88,-2.742419891087018,2.1957342664726096
111.89,-2.7196854266208423,2.3487398977622527
111.9,-2.695445093131773,2.496802260379703
111.91,-2.6697493814132485,2.6397234747214404
111.92,-2.642650623637344,2.777333242352394
111.93,-2.6142027165662003,2.9094889219687894
111.94,-2.584460845197968,3.036075372707482
111.95,-2.5534812091120505,3.1570045783873337
111.96000000000001,-2.521320753630221,3.272215068528085
111.97,-2.488036907741489,3.381671153825697
111.98,-2.453687330553707,3.4853619951636245
111.99000000000001,-2.418329667838216,3.583300526211732
112.0,-2.382021320029472,3.675522250223515
112.01,-2.3448192228337454,3.7620839318117163
112.02,-2.3067796413932378,3.8430622042932288
112.03,-2.267957978747881,3.9185521126830123
112.04,-2.228408599139578,3.988665611624052
112.05,-2.1881846665154003,4.053530036509155
112.06,-2.147337998409395,4.113286564824494
112.07000000000001,-2.1059189352189107,4.168088683367729
112.08,-2.063976224742041,4.218100675507387
112.09,-2.021556921708763,4.26349614109453
112.10000000000001,-1.97870630192015,4.304456560048998
112.11,-1.9354677905077828,4.3411699090535585
112.12,-1.8918829037390787,4.373829339228719
112.13,-1.8479912037232085,4.4026319211533
112.14,-1.8038302653160125,4.427777462161319
112.15,-1.7594356544799818,4.4494673995003415
112.16,-1.7148409173260057,4.4679037716922805
112.17,-1.6700775790461364,4.483288269303054
112.18,-1.6251751519399449,4.495821365307541
112.19,-1.5801611517399856,4.505701524333022
112.2,-1.5350611214532843,4.513124489277134
112.21000000000001,-1.4898986619544428,4.518282643122753
112.22,-1.444695468590829,4.5213644432074975
112.23,-1.3994713730902928,4.52255392474403
112.24000000000001,-1.3542443900959484,4.522030270021952
112.25,-1.3090307676898536,4.5199674394452485
112.26,-1.2638450413070434,4.516533860362802
112.27,-1.2187000904825978,4.511892169525165
112.28,-1.1736071979165403,4.5061990049401315
112.29,-1.1285761103837952,4.499604842894681
112.3,-1.0836151010586468,4.4922538759535495
112.31,-1.0387310328647241,4.4842839278277244
112.32000000000001,-0.9939294225020922,4.475826401122525
112.33,-0.9492145048422735,4.4670062541182896
112.34,-0.9045892974197263,4.457942002901171
112.35000000000001,-0.8600556647842501,4.4487457453419985
112.36,-0.8156143825128863,4.439523203612897
112.37,-0.7712652007119922,4.430373782130406
112.38,-0.7270069068702782,4.421390638016661
112.39,-0.6828373879516589,4.41266076137388
112.4,-0.6387536916428006,4.404265062869495
112.41,-0.594752086694269,4.396278466327757
112.42,-0.5508281223162454,4.388770004216978
112.43,-0.5069766866099295,4.381802914108549
112.44,-0.46319206403407437,4.375434734363685
112.45,-0.4194679919226557,4.369717397475835
112.46000000000001,-0.37579771608455764,4.364697319660786
112.47,-0.33217404552943997,4.360415485442376
112.48,-0.2885894063757101,4.356907526129842
112.49000000000001,-0.24503589500684314,4.354203791223312
112.5,-0.2015053305512439,4.352329411917347
112.51,-0.1579893067684962,4.351304355999425
112.52,-0.11447924343125539,4.351143473561441
112.53,-0.0709664372972674,4.351856533058536
112.54,-0.027442112770084688,4.35344824736176
112.55,0.016102527649967797,4.355918289560063
112.56,0.05967625302111657,4.359261298373901
112.57000000000001,0.10328775361744581,4.363466873148358
112.58,0.1469455904840837,4.368519558499038
112.59,0.19065814478742654,4.374398818790173
112.60000000000001,0.23443356685988714,4.381079002732325
112.61,0.27827972484207303,4.388529298497806
112.62,0.32220415282984327,4.396713679866324
112.63,0.36621399843939956,4.405590844032423
112.64,0.4103159697104917,4.415114141830695
112.65,0.45451628127601346,4.425231501265409
112.66,0.4988205997357999,4.4358853453686615
112.67,0.5432339881833866,4.447012505556052
112.68,0.5877608498469209,4.458544131801551
112.69,0.6324048708194177,4.470405601113962
112.7,0.6771689618692001,4.482516425966209
112.71000000000001,0.7220551993387417,4.494790164505447
112.72,0.767064765159309,4.50713433455625
112.73,0.8121978860298668,4.519450333620287
112.74000000000001,0.8574537718317148,4.531633367272705
112.75,0.9028305533753209,4.543572388556762
112.76,0.94832521960285,4.5551500511820935
112.77,0.9939335543989627,4.566242679536211
112.78,1.039650073193574,4.576720258720708
112.79,1.0854679595733767,4.5864464480198865
112.8,1.1313790021539718,4.595278621396422
112.81,1.177373532001305,4.603067938781808
112.82000000000001,1.2234403609296076,4.609659452083806
112.83,1.2695667210429809,4.6148922499633445
112.84,1.3157382059288745,4.618599645533219
112.85000000000001,1.3619387139536452,4.6206094111937155
112.86,1.4081503941527487,4.620744064838855
112.87,1.4543535952504223,4.618821211633492
112.88,1.5005268183854183,4.614653945468076
112.89,1.5466466741597835,4.608051314036186
112.9,1.5926878446661419,4.598818851241573
112.91,1.638623051184615,4.586759180318234
112.92,1.6844230282725066,4.571672690631037
112.93,1.7300565049972356,4.553358290608287
112.94,1.7754901940846721,4.531614238635052
112.95,1.8206887897699366,4.50623905300185
112.96000000000001,1.8656149751447093,4.477032501153842
112.97,1.9102294397930135,4.443796667519569
112.98,1.9544909084951008,4.406337098116127
112.99000000000001,1.9983561817553361,4.364464018933381
113.0,2.0417801888737683,4.317993623799929
113.01,2.0847160542313348,4.2667494260386425
113.02,2.1271151773945416,4.210563666743744
113.03,2.1689273275662098,4.149278770972953
113.04,2.210100752814,4.082748841569768
113.05,2.250582304397605,4.010841178739233
113.06,2.2903175763887846,3.933437811926507
113.07000000000001,2.329251060636135,3.850437029026164
113.08,2.367326316969308,3.7617548865195154
113.09,2.404486158366525,3.6673266828385236
113.10000000000001,2.440672850626078,3.5671083761310127
113.11,2.4758283258891454,3.4610779266967286
113.12,2.509894409160013,3.3492365437209224
113.13,2.542813056763564,3.2316098155933117
113.14,2.574526605471879,3.1082487031040804
113.15,2.604978030825645,2.9792303751886773
113.16,2.6341112129756525,2.8446588676767983
113.17,2.661871208179181,2.704665546707153
113.18,2.688204523909796,2.5594093601079613
113.19,2.713059395381341,2.4090768621122485
113.2,2.736386061152041,2.2538819992636276
113.21000000000001,2.7581370353666137,2.094065648246535
113.22,2.7782673741169717,1.9298948996061074
113.23,2.7967349333587355,1.7616620848556774
113.24000000000001,2.8135006158140854,1.5896835482408866
113.25,2.8285286043235534,1.4142981683645632
113.26,2.8417865791813766,1.2358656388926972
113.27,2.8532459171014075,1.054764521569091
113.28,2.8628818696127585,0.871390088670391
113.29,2.8706737188748153,0.6861519757387019
113.3,2.8766049091275327,0.4994716688421321
113.31,2.880663152251658,0.3117798536456724
113.32000000000001,2.8828405062004463,0.12351365614516338
113.33,2.8831334253745617,-0.06488619304383447
113.34,2.8815427823395696,-0.25297823749866555
113.35000000000001,2.878073860624588,-0.44032318273583354
113.36,2.8727363186848534,-0.6264867585492978
113.37,2.8655441254536025,-0.8110425220809265
113.38,2.8565154682432348,-0.9935745688868998
113.39,2.8456726340758647,-1.1736801209982834
113.4,2.8330418658232692,-1.3509719632713115
113.41,2.8186531948104387,-1.5250807021204815
113.42,2.8025402517808597,-1.6956568239502843
113.43,2.784740058331433,-1.8623725341644433
113.44,2.765292801097571,-2.0249233614434665
113.45,2.744241591102564,-2.1830295159471547
113.46000000000001,2.721632210778628,-2.3364369941231664
113.47,2.6975128512201003,-2.4849184267932753
113.48,2.6719338422427623,-2.628273671058485
113.49000000000001,2.644947377798931,-2.766330150233559
113.5,2.6166072392380917,-2.898942949421516
113.51,2.586968518810501,-3.0259946774113704
113.52,2.556087345689864,-3.1473951082823506
113.53,2.5240206166448536,-3.2630806183923053
113.54,2.4908257333220183,-3.3730134362971054
113.55,2.4565603479189115,-3.477180724583973
113.56,2.4212821188303386,-3.5755935136087174
113.57000000000001,2.385048477646737,-3.668285507718944
113.58,2.34791640867596,-3.755311784745603
113.59,2.309942241951825,-3.8367474093841114
113.60000000000001,2.2711814604882776,-3.9126859805999175
113.61,2.231688522339827,-3.9832381324220907
113.62,2.191516697839836,-4.048530006475039
113.63,2.1507179222103265,-4.108701713386704
113.64,2.1093426635721024,-4.163905798845142
113.65,2.0674398062334243,-4.214305728596448
113.66,2.0250565490001735,-4.260074405125425
113.67,1.9822383181309156,-4.301392727172917
113.68,1.9390286944567152,-4.338448201653417
113.69,1.8954693540978473,-4.371433615972551
113.7,1.8516000221372644,-4.4005457772310175
113.71000000000001,1.807458438553227,-4.42598432336023
113.72,1.7630803356700597,-4.447950609881553
113.73,1.7184994263555962,-4.466646674728057
113.74000000000001,1.6737474021754988,-4.482274282423826
113.75,1.6288539407071196,-4.49503404788627
113.76,1.5838467212177734,-4.505124639203983
113.77,1.53875144792304,-4.5127420579460455
113.78,1.4935918800588524,-4.518078994875787
113.79,1.448389868025524,-4.521324258368617
113.8,1.40316539489148,-4.5226622723637195
113.81,1.3579366225782499,-4.522272640306443
113.82000000000001,1.3127199420853513,-4.520329771254388
113.83,1.2675300271531622,-4.517002564117524
113.84,1.2223798908030008,-4.51245414587268
113.85000000000001,1.1772809442357084,-4.506841659527292
113.86,1.132243057612455,-4.500316097597995
113.87,1.0872746222837486,-4.493022176908801
113.88,1.042382614074279,-4.485098250593572
113.89,0.997572657271877,-4.476676253301451
113.9,0.9528490890082498,-4.4678816757452795
113.91,0.9082150237569715,-4.458833564896035
113.92,0.8636724177103291,-4.449644546305664
113.93,0.8192221328308582,-4.440420865231692
113.94,0.7748640004056954,-4.431262443435593
113.95,0.7305968839621464,-4.4222629487295775
113.96000000000001,0.6864187414311037,-4.41350987455017
113.97,0.6423266864711429,-4.405084627039301
113.98,0.5983170488903177,-4.397062617312475
113.99000000000001,0.5543854341248934,-4.389513356787454
114.0,0.5105267817545686,-4.382500553634398
114.01,0.4667354230522054,-4.376082208588884
114.02,0.4230051375827909,-4.370310708541869
114.03,0.379329208881368,-4.365232916485416
114.04,0.33570047925308255,-4.360890256549605
114.05,0.2921114037503759,-4.357318793014756
114.06,0.24855410339278747,-4.354549302324241
114.07000000000001,0.20502041770389112,-4.352607337257116
114.08,0.16150195664764513,-4.351513282547312
114.09,0.11799015205294489,-4.351282401357743
114.10000000000001,0.07447630862049029,-4.35192487213437
114.11,0.030951654610257475,-4.353445815477716
114.12,-0.012592607689064035,-4.355845310778569
114.13,-0.056165251605313896,-4.359118402471601
114.14,-0.09977497573849606,-4.3632550958662835
114.15,-0.14343035352263955,-4.368240342619843
114.16,-0.18713978259089292,-4.374054016023131
114.17,-0.2309114338431022,-4.380670876378046
114.18,-0.27475320011845383,-4.388060526855627
114.19,-0.3186726443802147,-4.396187360338073
114.2,-0.3626769473252152,-4.405010497866547
114.21000000000001,-0.4067728543375456,-4.414483719440672
114.22,-0.4509666217140286,-4.424555388045703
114.23,-0.49526396209845963,-4.435168367920361
114.24000000000001,-0.5396699890724358,-4.446259938222557
114.25,-0.5841891608629107,-4.4577617034023245
114.26,-0.6288252231404822,-4.469599501751372
114.27,-0.6735811508979381,-4.48169331376688
114.28,-0.7184590894158198,-4.493957172143336
114.29,-0.7634602943408049,-4.506299075389913
114.3,-0.8085850709236181,-4.518620907261539
114.31,-0.8538327124860356,-4.530818364388269
114.32000000000001,-0.8992014382113835,-4.542780894688591
114.33,-0.9446883303798075,-4.554391649356065
114.34,-0.9902892711985047,-4.565527451412971
114.35000000000001,-1.0359988794080668,-4.576058784026891
114.36,-1.0818104468790426,-4.585849801982935
114.37,-1.1277158754477254,-4.594758369892201
114.38,-1.1737056142768865,-4.60263613089146
114.39,-1.2197685980655546,-4.609328609745224
114.4,-1.2658921864717911,-4.614675354393799
114.41,-1.3120621051534307,-4.6185101200934255
114.42,-1.3582623888736596,-4.620661100360694
114.43,-1.4044753271606447,-4.620951208955733
114.44,-1.4506814130527743,-4.61919841710968
114.45,-1.4968592955028381,-4.615216150113573
114.46000000000001,-1.5429857360550456,-4.60881374722984
114.47,-1.5890355704474348,-4.599796988655559
114.48,-1.6349816758281568,-4.587968692950492
114.49000000000001,-1.6807949443064447,-4.5731293879344745
114.5,-1.7264442635868464,-4.555078057550797
114.51,-1.771896505457461,-4.533612966578237
114.52,-1.8171165229184112,-4.508532564349126
114.53,-1.8620671567444433,-4.479636467790558
114.54,-1.9067092522742222,-4.446726523148843
114.55,-1.95100168720742,-4.409607944684259
114.56,-1.9949014111679073,-4.368090527437313
114.57000000000001,-2.038363497756166,-4.321989929875848
114.58,-2.0813412097654242,-4.271129020844263
114.59,-2.1237860781730515,-4.2153392837659345
114.60000000000001,-2.1656479954407426,-4.154462269515482
114.61,-2.206875323563361,-4.08835108780112
114.62,-2.247415017196765,-4.0168719253053675
114.63,-2.287212762069468,-3.939905577255532
114.64,-2.326213128741876,-3.857348977568248
114.65,-2.3643597416208335,-3.7691167112728414
114.66,-2.401595462967333,-3.6751424916073625
114.67,-2.437862591452981,-3.5753805830416354
114.68,-2.4731030746281655,-3.469807150557411
114.69,-2.507258734464129,-3.358421514850365
114.7,-2.540271504925173,-3.2412472927542164
114.71000000000001,-2.5720836803192135,-3.118333402162522
114.72,-2.602638172968424,-2.9897549110729176
114.73,-2.6318787785406723,-2.8556137111294393
114.74000000000001,-2.6597504471910125,-2.716038997210935
114.75,-2.686199558484891,-2.5711875362177343
114.76,-2.7111741979153674,-2.4212437102442985
114.77,-2.734624432689777,-2.2664193217801754
114.78,-2.756502584350971,-2.106953151430428
114.79,-2.7767634957183858,-1.9431102618520764
114.8,-2.7953647895880125,-1.7751810451145984
114.81,-2.8122671166206774,-1.6034800144477417
114.82000000000001,-2.827434389876967,-1.4283443452654834
114.83,-2.8408340035259867,-1.2501321743684732
114.84,-2.8524370333643363,-1.069220670239168
114.85000000000001,-2.8622184169307703,-0.8860038912601635
114.86,-2.8701571111895396,-0.7008904524114039
114.87,-2.876236225978998,-0.5143010244420052
114.88,-2.8804431316783794,-0.32666569257812805
114.89,-2.8827695398305604,-0.13842120443826164
114.9,-2.883211555767145,0.049991861089108164
114.91,-2.8817697026087785,0.23813197075033624
114.92,-2.8784489163521383,0.4255595254837652
114.93,-2.8732585120991034,0.6118397262733567
114.94,-2.866212121826671,0.7965453833731596
114.95,-2.85732760443164,0.9792596360509398
114.96000000000001,-2.846626929105652,1.1595785516871921
114.97,-2.834136033397896,1.3371135753209789
114.98,-2.8198846575992325,1.5114938034950185
114.99000000000001,-2.8039061573279955,1.6823680594449664
115.0,-2.786237296410333,1.84940675021772
115.01,-2.766918022323641,2.0123034900997823
115.02,-2.745991226608337,2.170776478694391
115.03,-2.7235024927497533,2.3245696260099082
115.04,-2.6994998340881393,2.473453420918949
115.05,-2.6740334243313746,2.617225543230313
115.06,-2.647155323223533,2.7557112233041177
115.07000000000001,-2.618919199865292,2.8887633565644832
115.08,-2.589380056092243,3.0162623833649036
115.09,-2.558593952197994,3.138115947392505
115.10000000000001,-2.5266177371443934,3.2542583481250484
115.11,-2.4935087852354934,3.364649804757857
115.12,-2.4593247410492367,3.4692755504883084
115.13,-2.4241232742257273,3.5681447770861467
115.14,-2.3879618455075136,3.6612894503020197
115.15,-2.3508974852196864,3.7487630168968344
115.16,-2.312986585169577,3.8306390239405914
115.17,-2.2742847047408747,3.9070096705671644
115.18,-2.2348463917582335,3.9779843116209848
115.19,-2.1947250185084552,4.043687931635494
115.2,-2.1539726331255236,4.104259606385329
115.21000000000001,-2.1126398263807484,4.1598509678982
115.22,-2.0707756137675593,4.210624687340675
115.23,-2.028427332633935,4.256752988644633
115.24000000000001,-1.9856405539946667,4.298416204155059
115.25,-1.9424590085508338,4.335801381988443
115.26,-1.898924526354898,4.369100953223812
115.27,-1.8550769894863577,4.398511465530375
115.28,-1.8109542970442905,4.424232388387981
115.29,-1.766592341718598,4.446464993695617
115.3,-1.7220249971703783,4.465411314301806
115.31,-1.677284115432562,4.481273181837901
115.32000000000001,-1.63239953353362,4.494251344196465
115.33,-1.5873990885486324,4.50454466207471
115.34,-1.5423086402921258,4.51234938319712
115.35000000000001,-1.49715210088469,4.517858492139672
115.36,-1.4519514704493321,4.521261133096111
115.37,-1.4067268782227675,4.522742102449016
115.38,-1.3614966284003518,4.522481407628014
115.39,-1.3162772500702073,4.520653888446936
115.4,-1.271083550631413,4.517428896902941
115.41,-1.2259286721321485,4.512970031285228
115.42,-1.1808241500057084,4.507434920370715
115.43,-1.135779973724734,4.500975053470667
115.44,-1.090804648936295,4.493735652127872
115.45,-1.0459052606821766,4.48585557934101
115.46000000000001,-1.001087537349475,4.477467282304422
115.47,-0.9563559150360883,4.468696764790896
115.48,-0.9117136020536571,4.4596635854666635
115.49000000000001,-0.8671626433267551,4.450480878606041
115.5,-0.8227039844815363,4.441255393863409
115.51,-0.7783375354494869,4.4320875519584275
115.52,-0.7340622334423678,4.42307151333284
115.53,-0.68987610518283,4.414295257041019
115.54,-0.6457763283015473,4.405840667338913
115.55,-0.6017592918360518,4.397783625635348
115.56,-0.5578206557888403,4.390194105663856
115.57000000000001,-0.5139554097227746,4.383136269921387
115.58,-0.4701579303904126,4.376668565601253
115.59,-0.42642203841074955,4.3708438184209895
115.60000000000001,-0.38274105402199277,4.365709322911198
115.61,-0.3391078519525256,4.361306927888705
115.62,-0.29551491546421865,4.357673115986708
115.63,-0.2519543896327914,4.354839076256299
115.64,-0.20841813393909261,4.352830768988307
115.65,-0.16489777425302524,4.351668982032366
115.66,-0.12138475429844531,4.3513693780122304
115.67,-0.07787038669278062,4.351942531953358
115.68,-0.03434590365937815,4.353393958951588
115.69,0.009197492486251136,4.355724131621208
115.7,0.052768578973046,4.358928487167829
115.71000000000001,0.09637606222960772,4.362997424037244
115.72,0.14002852745379088,4.367916288196798
115.73,0.1837343879935437,4.373665349211849
115.74000000000001,0.22750183443802785,4.380219766387497
115.75,0.2713387833212936,4.387549545356033
115.76,0.3152528253451485,4.39561948560436
115.77,0.3592511730333808,4.4043891195538984
115.78,0.40334060773622643,4.413812643929067
115.79,0.4475274259119621,4.423838844280066
115.8,0.4918173846218277,4.434411013662101
115.81,0.5362156461852041,4.445466866616868
115.82000000000001,0.5807267219541651,4.4569384497536335
115.83,0.6253544151802768,4.468752050386667
115.84,0.6701017629618985,4.480828104853421
115.85000000000001,0.7149709772773453,4.4930811083134
115.86,0.7599633851281665,4.50541952801084
115.87,0.8050793678375621,4.5177457221744435
115.88,0.8503182995716554,4.529955866923495
115.89,0.895678485176032,4.5419398937504205
115.9,0.9411570974466639,4.553581440353472
115.91,0.9867501139831014,4.564757817797589
115.92,1.0324522538026157,4.5753399971839634
115.93,1.0782569139267808,4.585192619206244
115.94,1.1241561061867407,4.594174030159969
115.95,1.1701403945299802,4.602136348147498
115.96000000000001,1.2161988331496907,4.608925563378456
115.97,1.2623189057975495,4.614381676600206
115.98,1.3084864666816947,4.618338879797939
115.99000000000001,1.3546856833935081,4.620625783373101
116.0,1.4008989823491567,4.621065694034868
116.01,1.4471069972742054,4.619476947614638
116.02,1.4932885213014495,4.615673300930026
116.03,1.539420463292806,4.609464386674402
116.04,1.5854778090349373,4.600656235082199
116.05,1.6314335879944497,4.589051865810821
116.06,1.6772588463511537,4.57445195307896
116.07000000000001,1.722922627056029,4.556655566601118
116.08,1.7683919576831761,4.535460990252525
116.09,1.8136318468610795,4.510666619682093
116.10000000000001,1.858605290076818,4.4820719392597494
116.11,1.9032732856462746,4.449478577796456
116.12,1.9475948616327472,4.4126914414110185
116.13,1.9915271144744948,4.37151992074045
116.14,2.035025260047556,4.325779168406575
116.15,2.0780426978426263,4.275291441270432
116.16,2.1205310888729647,4.219887500541566
116.17,2.1624404478534576,4.159408061278976
116.18,2.203719250098544,4.093705281246382
116.19,2.244314553478385,4.0226442774925895
116.2,2.2841721356483955,3.9461046574484393
116.21000000000001,2.3232366466273535,3.8639820497994393
116.22,2.361451776644384,3.7761896189454163
116.23,2.398760439006262,3.6826595455360662
116.24000000000001,2.4351049675551053,3.5833444544169026
116.25,2.4704273280945994,3.4782187703776057
116.26,2.504669342962657,3.3672799814078314
116.27,2.537772927722756,3.250549788776357
116.28,2.569680338738184,3.128075123197175
116.29,2.6003344301866993,2.9999290066653703
116.3,2.6296789188714915,2.8662112402646667
116.31,2.6576586549919923,2.7270488993878654
116.32000000000001,2.6842198968592488,2.582596619382149
116.33,2.7093105873796355,2.433036656633807
116.34,2.732880629991925,2.278578712530008
116.35000000000001,2.7548821616302357,2.1194595105549334
116.36,2.7752698202030235,1.955942119957216
116.37,2.79400100402938,1.7883150229157194
116.38,2.811036120661338,1.6168909258697515
116.39,2.826338822546775,1.4420053195952496
116.4,2.8398762270532427,1.2640147966185007
116.41,2.8516191184791446,1.0832951385744702
116.42,2.861542129824732,0.9002391900440851
116.43,2.869623902280026,0.7152545391483345
116.44,2.875847220607698,0.5287610286425597
116.45,2.880199122852877,0.3411881243520834
116.46000000000001,2.8826709830947395,0.15297217043825703
116.47,2.8832585662616417,-0.035446436889417454
116.48,2.881962054356951,-0.22362612405248297
116.49000000000001,2.8787860437805923,-0.41112702908693743
116.5,2.8737395137752126,-0.5975138705675206
116.51,2.866835766369242,-0.7823587624893038
116.52,2.8580923385254264,-0.9652439421481745
116.53,2.847530887526278,-1.145764379703858
116.54,2.835177050931349,-1.3235302403226763
116.55,2.821060282719825,-1.4981691725218294
116.56,2.805213667480913,-1.6693283994992363
116.57000000000001,2.7876737147298405,-1.8366765937494207
116.58,2.7684801356059245,-1.999905519045869
116.59,2.747675604348923,-2.1587314278191267
116.60000000000001,2.725305507049542,-2.312896205982128
116.61,2.70141768022928,-2.4621682612567137
116.62,2.6760621418244073,-2.6063431549498537
116.63,2.649290817130283,-2.745243980834217
116.64,2.6211572622077233,-2.878721498234498
116.65,2.5917163871655933,-3.006654029548595
116.66,2.5610241816167516,-3.128947135193795
116.67,2.5291374444617176,-3.245533081327953
116.68,2.4961135199901925,-3.3563701176321965
116.69,2.462010042109074,-3.4614415839456814
116.7,2.426884688311279,-3.560754865616343
116.71000000000001,2.390794944796747,-3.654340218087221
116.72,2.353797883949535,-3.742249481497499
116.73,2.3159499551667975,-3.8245547059703404
116.74000000000001,2.2773067898301282,-3.901346707821307
116.75,2.237923021010371,-3.9727335761913256
116.76,2.1978521183063013,-4.03883914862941
116.77,2.157146238037783,-4.0998014729663685
116.78,2.115856088846974,-4.15577127147531
116.79,2.0740308126082767,-4.206910421850413
116.8,2.031717880409966,-4.253390467992348
116.81,1.9889630032484296,-4.295391172004344
116.82000000000001,1.9458100569698789,-4.333099117210677
116.83,1.9023010209042162,-4.366706370439279
116.84,1.8584759295610935,-4.396409210287404
116.85000000000001,1.8143728366984682,-4.422406926635431
116.86,1.770027791028385,-4.4449006953056145
116.87,1.725474822792356,-4.464092530493139
116.88,1.6807459404185223,-4.480184316435337
116.89,1.6358711364636493,-4.493376918737141
116.9,1.5908784020437794,-4.503869374839573
116.91,1.5457937489668578,-4.511858162303312
116.92,1.5006412387977133,-4.517536542878941
116.93,1.455443018109279,-4.521093979745243
116.94,1.4102193592028083,-4.522715624811382
116.95,1.3649887056130512,-4.522581872591154
116.96000000000001,1.3197677217509851,-4.52086797686031
116.97,1.274571346075845,-4.517743726093143
116.98,1.2294128472291221,-4.513373173533802
116.99000000000001,1.1843038826051688,-4.507914417682797
117.0,1.1392545588754661,-4.501519428961714
117.01,1.0942734940259347,-4.49433391835123
117.02,1.0493678805084417,-4.486497243871686
117.03,1.0045435491485009,-4.478142350884582
117.04,0.95980503349075,-4.469395742330884
117.05,0.9151556343018832,-4.460377475182097
117.06,0.870597483987108,-4.451201179557179
117.07000000000001,0.8261316107107396,-4.441974097147929
117.08,0.7817580020441495,-4.4327971357931375
117.09,0.7374756679948768,-4.423764937244117
117.10000000000001,0.6932827032992671,-4.414965955367978
117.11,0.6491763488875173,-4.406482542237754
117.12,0.605153052454512,-4.398391039758045
117.13,0.5612085280923564,-4.390761874669575
117.14,0.5173378149611205,-4.383659654964699
117.15,0.47353533499306244,-4.377143265927494
117.16,0.42979494964257065,-4.371265964186037
117.17,0.38611001570934167,-4.366075468330447
117.18,0.34247344027596166,-4.361614044808158
117.19,0.2988777348131784,-4.357918587957889
117.2,0.25531506851680386,-4.3550206931859945
117.21000000000001,0.21177732094945853,-4.35294672242404
117.22,0.16825613406832304,-4.351717861134844
117.23,0.12474296372676165,-4.351350166256791
117.24000000000001,0.08122913074318723,-4.351854604593589
117.25,0.037705871634889865,-4.353237081269736
117.26,-0.005835610882207494,-4.355498457981644
117.27,-0.04940409752474301,-4.358634560881649
117.28,-0.09300830209984047,-4.362636178037961
117.29,-0.13665682108550223,-4.367489046518953
117.3,-0.18035808303021955,-4.373173829256126
117.31,-0.2241202976706248,-4.379666081947574
117.32000000000001,-0.26795140466917106,-4.3869362103737535
117.33,-0.3118590218780999,-4.39494941861088
117.34,-0.3558503930413887,-4.40366564874516
117.35000000000001,-0.3999323348530031,-4.413039512814182
117.36,-0.44411118329767235,-4.423020217830933
117.37,-0.4883927392096218,-4.4335514848817885
117.38,-0.5327822129953081,-4.444571463432889
117.39,-0.5772841684782796,-4.45601264213023
117.4,-0.6219024658379128,-4.467801757537581
117.41,-0.6666402036290312,-4.479859702423352
117.42,-0.7114996598863798,-4.492101435382461
117.43,-0.7564822323366803,-4.5044358937618565
117.44,-0.8015883777616168,-4.516765912047959
117.45,-0.8468175505776395,-4.528988148069944
117.46000000000001,-0.8921681407230156,-4.540993019573199
117.47,-0.9376374109691035,-4.552664653920771
117.48,-0.983221433801431,-4.563880853884976
117.49000000000001,-1.0289150280468031,-4.5745130826941045
117.5,-1.0747116954553133,-4.58442647169701
117.51,-1.1206035574807434,-4.593479854197914
117.52,-1.1665812925392716,-4.601525829190516
117.53,-1.2126340740645536,-4.608410858879882
117.54,-1.2587495097168693,-4.613975404017017
117.55,-1.304913582144894,-4.618054101178653
117.56,-1.3511105917404425,-4.620475986196898
117.57000000000001,-1.3973231018688321,-4.62106476797301
117.58,-1.4435318870999028,-4.619639156888987
117.59,-1.4897158850066121,-4.616013251952057
117.60000000000001,-1.535852152138944,-4.609996990662134
117.61,-1.5819158248198548,-4.601396665372686
117.62,-1.6278800854463977,-4.590015509612768
117.63,-1.6737161350121104,-4.575654357444374
117.64,-1.7193931725952856,-4.558112378437135
117.65,-1.7648783825808532,-4.537187890245208
117.66,-1.8101369304001895,-4.5126792500634
117.67,-1.855131967582121,-4.484385825417296
117.68,-1.8998246469085354,-4.452109043803189
117.69,-1.944174148458185,-4.4156535196383695
117.7,-1.988137717301303,-4.374828255813625
117.71000000000001,-2.0316707135744574,-4.329447915863702
117.72,-2.074726675618577,-4.279334161397518
117.73,-2.1172573968024078,-4.224317047971345
117.74000000000001,-2.1592130165780037,-4.164236471062335
117.75,-2.200542126223654,-4.098943652228196
117.76,-2.2411918896225678,-4.0283026539473825
117.77,-2.2811081793026022,-3.952191910052773
117.78,-2.3202357278236234,-3.8705057571345813
117.79,-2.3585182944452936,-3.7831559508325423
117.8,-2.395898846840274,-3.690073149603849
117.81,-2.4323197574373707,-3.591208347384406
117.82000000000001,-2.467723013787962,-3.486534235600552
117.83,-2.502050442149382,-3.3760464742801672
117.84,-2.535243943273566,-3.2597648515984416
117.85000000000001,-2.567245739181351,-3.1377343111139253
117.86,-2.5979986294958444,-3.0100258262398354
117.87,-2.6274462557061473,-2.8767371021828274
117.88,-2.6555333715395006,-2.7379930866876614
117.89,-2.682206117439901,-2.5939462724633193
117.9,-2.707412296988767,-2.444776776135435
117.91,-2.731101652962609,-2.2906921809609972
117.92,-2.7532261406079868,-2.1319271333312897
117.93,-2.7737401956292347,-1.9687426862422441
117.94,-2.7926009943328314,-1.8014253863793435
117.95,-2.8097687033568217,-1.6302861051862643
117.96000000000001,-2.825206716436557,-1.4556586181908944
117.97,-2.8388818757206398,-1.2778979408679771
117.98,-2.8507646752539166,-1.0973784333358494
117.99000000000001,-2.860829444387357,-0.9144916901220905
118.0,-2.8690545090563586,-0.729644234993883
118.01,-2.8754223290872343,-0.5432550443390638
118.02,-2.8799196099431397,-0.3557529257130332
118.03,-2.882537387601495,-0.1675737808520542
118.04,-2.883271085560181,0.020842215377370965
118.05,-2.8821205432939476,0.20905348702982546
118.06,-2.8790900158195845,0.39661994609594553
118.07000000000001,-2.8741881443720287,0.5831058641169987
118.08,-2.8674278985372443,0.7680826923640907
118.09,-2.858826490524747,0.951131797522916
118.10000000000001,-2.848405262586786,1.1318470814205437
118.11,-2.836189548896336,1.3098374555018715
118.12,-2.8222085134767485,1.4847291434507066
118.13,-2.8064949660273215,1.6561677884814918
118.14,-2.7890851577071185,1.8238203453196888
118.15,-2.770018559120928,1.987376740651545
118.16,-2.749337622894088,2.146551289762946
118.17,-2.7270875333256694,2.301083861106813
118.18,-2.7033159456719518,2.4507407845455416
118.19,-2.6780727176347585,2.595315502920731
118.2,-2.651409635613537,2.7346289703257125
118.21000000000001,-2.6233801382282445,2.8685298039253815
118.22,-2.5940390395350295,2.996894199322013
118.23,-2.5634422542418043,3.1196256222565286
118.24000000000001,-2.531646527089899,3.236654291826453
118.25,-2.498709168405275,3.347936472371623
118.26,-2.4646877976424664,3.453453592716239
118.27,-2.42964009655095,3.553211212562309
118.28,-2.39362357339122,3.6472378565168846
118.29,-2.3566953394206123,3.7355837365248012
118.3,-2.318911898660724,3.818319383398841
118.31,-2.2803289517526353,3.895534207725274
118.32000000000001,-2.2410012145062184,3.967335009714088
118.33,-2.200982251558354,4.033844456602251
118.34,-2.160324325374174,4.095199545048784
118.35000000000001,-2.1190782606573784,4.151550064626054
118.36,-2.0772933240816527,4.203057077055167
118.37,-2.035017119116275,4.2498914242950665
118.38,-1.9922954955957515,4.2922322770125625
118.39,-1.9491724735760239,4.330265733367894
118.4,-1.9056901809283935,4.364183476477669
118.41,-1.8618888040464703,4.3941814973899165
118.42,-1.817806550980595,4.420458888946127
118.43,-1.7734796262675476,4.443216714529802
118.44,-1.7289422166899988,4.4626569544235934
118.45,-1.6842264871790757,4.47898153132703
118.46000000000001,-1.6393625860634584,4.492391415530103
118.47,-1.5943786588684736,4.50308580929771
118.48,-1.5493008698775041,4.511261409196183
118.49000000000001,-1.50415343068455,4.517111744384009
118.5,-1.458958634989824,4.52082658829025
118.51,-1.413736898918745,4.5225914406107215
118.52,-1.3685068061776098,4.522587076157078
118.53,-1.3232851573956037,4.520989156789963
118.54,-1.2780870230418107,4.517967902446539
118.55,-1.2329257993466731,4.513687817126478
118.56,-1.1878132666992811,4.508307465620747
118.57000000000001,-1.1427596500342583,4.501979296745836
118.58,-1.0977736807643645,4.494849508874612
118.59,-1.052862659856766,4.487057953626121
118.60000000000001,-1.0080325216918422,4.478738073683292
118.61,-0.9632878983831002,4.470016870843021
118.62,-0.9186321842749817,4.461014900561628
118.63,-0.8740676003718676,4.451846289434643
118.64,-0.8295952584862887,4.442618772238598
118.65,-0.7852152249270956,4.433433745359697
118.66,-0.7409265835790948,4.424386333636262
118.67,-0.6967274982543703,4.415565467845617
118.68,-0.6526152742221824,4.407053970268941
118.69,-0.6085864188489915,4.398928645967481
118.7,-0.5646367013028327,4.391260377598696
118.71000000000001,-0.5207612112970176,4.384114221790002
118.72,-0.4769544168670327,4.377549505269977
118.73,-0.433210221191618,4.3716199191314535
118.74000000000001,-0.38952201848440365,4.36637360976749
118.75,-0.3458827489962682,4.361853265179784
118.76,-0.302284953180808,4.358096195509596
118.77,-0.2587208250860763,4.355134406784152
118.78,-0.21518226504512497,4.352994667007086
118.79,-0.1716609317459346,4.351698563850436
118.8,-0.12814829376811626,4.351262553328663
118.81,-0.08463568067936135,4.3516979989528926
118.82000000000001,-0.041114333789058405,4.353011200976976
118.83,0.002424543340178171,4.355203415456866
118.84,0.04598973452007891,4.35827086295222
118.85000000000001,0.08958996059922258,4.3622047268050475
118.86,0.13323382905617986,4.366991141035533
118.87,0.17692978341993326,4.372611168001049
118.88,0.22068605241620087,4.379040766071629
118.89,0.26451059874136584,4.386250747684985
118.9,0.30841106736990054,4.39420672825728
118.91,0.3523947333065114,4.402869066543413
118.92,0.39646844870076875,4.412192797163204
118.93,0.4406385892497755,4.422127556138531
118.94,0.4849109998235394,4.432617500421749
118.95,0.5292909392582105,4.443601222538228
118.96000000000001,0.5737830242743039,4.45501166161608
118.97,0.6183911724905321,4.466776012234329
118.98,0.6631185445189905,4.4788156326871
118.99000000000001,0.707967485144274,4.491045954435703
119.0,0.7529394636077045,4.503376394702513
119.01,0.7980350130383241,4.5157102743495985
119.02,0.8432536690946963,4.527944743380259
119.03,0.8885939079059293,4.5399707166017285
119.04,0.9340530834267309,4.551672822190559
119.05,0.9796273643497404,4.562929366106612
119.06,1.025311670748863,4.573612315504489
119.07000000000001,1.07109961065983,4.583587304489661
119.08,1.1169834168386563,4.592713665756811
119.09,1.1629538839749665,4.600844491825883
119.10000000000001,1.209000306675174,4.60782672975219
119.11,1.2551104185700104,4.613501313325462
119.12,1.3012703329416833,4.617703336882721
119.13,1.3474644853076647,4.620262274935136
119.14,1.3936755784403858,4.621002251842148
119.15,1.4398845303445074,4.619742365749901
119.16,1.4860704257553836,4.616297070937231
119.17,1.5322104717632519,4.610476622573016
119.18,1.5782799582068439,4.602087587675265
119.19,1.6242522235167571,4.590933425766508
119.2,1.670098626722174,4.576815142333908
119.21000000000001,1.7157885263634352,4.55953201771848
119.22,1.7612892670765434,4.53888241346913
119.23,1.8065661746328177,4.5146646574984235
119.24000000000001,1.8515825602265117,4.4866780085638505
119.25,1.8962997348040946,4.4547236996687465
119.26,1.9406770342198867,4.418606058930946
119.27,1.9846718559827135,4.37813370530741
119.28,2.028239708326035,4.333120815295255
119.29,2.0713342722886185,4.2833884553630615
119.3,2.113907477433296,4.228765973413957
119.31,2.155909591756898,4.1690924410608705
119.32000000000001,2.1972893262545137,4.104218136925626
119.33,2.23799395449541,4.034006059582738
119.34,2.2779694474461682,3.958333457185585
119.35000000000001,2.317160623639122,3.8770933592706847
119.36,2.355511314631582,3.790196094772348
119.37,2.3929645455345687,3.6975707789353702
119.38,2.429462730210289,3.5991667506300056
119.39,2.464947880547169,3.4949549405950724
119.4,2.499361829022191,3.384929150405381
119.41,2.5326464635552766,3.2691072215212977
119.42,2.5647439734526167,3.1475320736708943
119.43,2.595597105028695,3.020272592074165
119.44,2.6251494252941003,2.887424343673644
119.45,2.653345591902168,2.749110103608211
119.46000000000001,2.680131627366265,2.605480174669626
119.47,2.705455195395561,2.456712484416538
119.48,2.729265877054596,2.3030124469789253
119.49000000000001,2.7515154443351393,2.1446125793452993
119.5,2.772158128641502,1.9817718650508427
119.51,2.7911508816361565,1.8147748616294783
119.52,2.8084536258740918,1.6439305518970087
119.53,2.8240294926740965,1.4695709430249961
119.54,2.8378450447345913,1.2920494213654912
119.55,2.849870481101406,1.1117388750069592
119.56,2.8600798222347303,0.929029599988655
119.57000000000001,2.8684510731011787,0.7443270098787924
119.58,2.874966362432306,0.5580491719365521
119.59,2.87961205653991,0.3706241962385931
119.60000000000001,2.882378846357078,0.18248750687381243
119.61,2.883261806677386,-0.005920973477717306
119.62,2.882260426887523,-0.19415969262490856
119.63,2.8793786128248873,-0.3817883576241454
119.64,2.87462465973504,-0.5683708088565856
119.65,2.868011196647756,-0.7534778453419294
119.66,2.859555102828202,-0.9366899681316498
119.67,2.849277397285123,-1.1176000101724393
119.68,2.837203102624753,-1.2958156231579696
119.69,2.8233610848219635,-1.470961594535758
119.7,2.8077838707340375,-1.6426819709344824
119.71000000000001,2.7905074454032737,-1.810641967743404
119.72,2.7715710313791693,-1.9745296483199153
119.73,2.751016852436875,-2.134057360229413
119.74000000000001,2.7288898841745812,-2.288962919938159
119.75,2.705237594038112,-2.439010541390843
119.76,2.680109673346764,-2.5839915078210827
119.77,2.65355776388169,-2.723724589883281
119.78,2.6256351815490984,-2.8580562166855046
119.79,2.59639663954798,-2.986860409483861
119.8,2.5658979733594207,-3.110038490619713
119.81,2.5341958697355853,-3.2275185827052923
119.82000000000001,2.5013476017053144,-3.3392549150669537
119.83,2.467410771434246,-3.4452269560271143
119.84,2.432443062584772,-3.5454383907461886
119.85000000000001,2.396502003619322,-3.639915965065727
119.86,2.3596447432834573,-3.7287082161138794
119.87,2.321927839297044,-3.811884110382613
119.88,2.283407061075805,-3.8895316095973085
119.89,2.244137207105098,-3.9617561840126623
119.9,2.2041719373955515,-4.028679291826362
119.91,2.1635636212685707,-4.0904368422475
119.92,2.122363200550602,-4.14717765843395
119.93,2.0806200680998916,-4.199061955064676
119.94,2.0383819614493084,-4.2462598437799075
119.95,1.9956948712242937,-4.288949878142069
119.96000000000001,1.9526029638864668,-4.327317648177497
119.97,1.9091485182607437,-4.361554432983806
119.98,1.865371875226791,-4.391855918356286
119.99000000000001,1.8213113998936181,-4.418420984920939
120.0,1.7770034555283722,-4.4414505708792875
120.01,1.7324823884760325,-4.46114661218455
120.02,1.6877805232846812,-4.477711061790001
120.03,1.6429281672402325,-4.491344988544542
120.04,1.5979536235137906,-4.502247755361
120.05,1.5528832121330125,-4.510616275449762
120.06,1.5077412980047953,-4.516644344692287
120.07000000000001,1.462550325239167,-4.520522047621867
120.08,1.417330857052358,-4.522435233977519
120.09,1.3721016205596164,-4.522565062394341
120.10000000000001,1.326879555804471,-4.5210876074828645
120.11,1.281679868409959,-4.518173526322696
120.12,1.2365160852780173,-4.513987780243975
120.13,1.1914001128050797,-4.508689407685372
120.14,1.14634229712431,-4.502431343891377
120.15,1.1013514859272524,-4.495360283236471
120.16,1.0564350914595806,-4.487616580031722
120.17,1.011599154326618,-4.479334183773437
120.18,0.966848407784112,-4.470640604926936
120.19,0.9221863422280794,-4.461656907495364
120.2,0.8776152696342048,-4.452497724798237
120.21000000000001,0.8331363877321147,-4.443271295072236
120.22,0.7887498437327601,-4.434079513703434
120.23,0.7444547974580461,-4.425017999101862
120.24000000000001,0.7002494837507228,-4.416176169433055
120.25,0.656131274069385,-4.407637327624202
120.26,0.6120967371982389,-4.3994787522626995
120.27,0.568141699024131,-4.3917717922004735
120.28,0.5242613013542294,-4.384581962867052
120.29,0.48045005976679,-4.377969042477134
120.3,0.4367019205046867,-4.37198716649355
120.31,0.3930103164369189,-4.366684918873738
120.32000000000001,0.3493682221272119,-4.362105418787014
120.33,0.3057682080611786,-4.3582864016410845
120.34,0.2622024940943902,-4.355260293399701
120.35000000000001,0.21866300219318463,-4.3530542773094965
120.36,0.1751414085482003,-4.351690352283516
120.37,0.1316291951475143,-4.351185382312328
120.38,0.08811770090195374,-4.351551136391716
120.39,0.044598172419679984,-4.352794318569647
120.4,0.001061814530560792,-4.354916587825347
120.41,-0.04250015933682696,-4.357914567600891
120.42,-0.08609647682145703,-4.361779844911678
120.43,-0.1297357562350605,-4.36649895906749
120.44,-0.17342645600280684,-4.372053380141614
120.45,-0.2171768238378928,-4.378419477432615
120.46000000000001,-0.26099484555145913,-4.3855684782729005
120.47,-0.30488819340335077,-4.393466417651044
120.48,-0.34886417390448,-4.402074079231983
120.49000000000001,-0.3929296749879904,-4.4113469284813815
120.5,-0.4370911124741076,-4.421235038728607
120.51,-0.48135437576256257,-4.43168301113746
120.52,-0.5257247726968569,-4.442629889695729
120.53,-0.5702069735564772,-4.454009072484195
120.54,-0.6148049541465408,-4.465748220643272
120.55,-0.6595219379693427,-4.477769166621097
120.56,-0.7043603374789627,-4.489987823460565
120.57000000000001,-0.7493216944385538,-4.502314097064209
120.58,-0.7944066194202467,-4.514651803564322
120.59,-0.8396147305098401,-4.526898594120476
120.60000000000001,-0.8849445913026562,-4.538945889666332
120.61,-0.9303936483031668,-4.550678828330708
120.62,-0.9759581678692705,-4.5619762284622505
120.63,-1.021633172872412,-4.572710570390205
120.64,-1.0674123792770747,-4.582748000252655
120.65,-1.113288132877465,-4.5919483594146735
120.66,-1.1592513464653682,-4.600165243177922
120.67,-1.2052914377410235,-4.607246092645712
120.68,-1.2513962683182824,-4.6130323237479836
120.69,-1.2975520842159833,-4.6173594975432755
120.7,-1.3437434582691479,-4.620057535993009
120.71000000000001,-1.3899532349358434,-4.620950987440244
120.72,-1.4361624780179527,-4.619859346013052
120.73,-1.4823504218561045,-4.616597429103813
120.74000000000001,-1.528494426600029,-4.610975816941902
120.75,-1.5745699381949425,-4.602801358070059
120.76,-1.6205504537614301,-4.591877744245895
120.77,-1.6664074930798605,-4.578006157911409
120.78,-1.7121105769196585,-4.5609859948975195
120.79,-1.7576272129778108,-4.540615664450647
120.8,-1.8029228902086714,-4.5166934679786115
120.81,-1.847961082337383,-4.489018557109382
120.82000000000001,-1.8927032613508592,-4.457391970736024
120.83,-1.9371089217521038,-4.421617749684497
120.84,-1.9811356163445493,-4.381504126490171
120.85000000000001,-2.024739004281907,-4.336864786509592
120.86,-2.067872912074741,-4.2875201952350555
120.87,-2.110489408186608,-4.23329898523361
120.88,-2.152538891779413,-4.174039394615874
120.89,-2.1939701960789253,-4.109590747374367
120.9,-2.2347307067269,-4.039814964341078
120.91,-2.2747664953657467,-3.9645880919290706
120.92,-2.314022468565481,-3.8838018342763827
120.93,-2.352442532051274,-3.79736507293937
120.94,-2.389969770024268,-3.7052053569269243
120.95,-2.4265466391898123,-3.607270344669074
120.96000000000001,-2.4621151769176493,-3.5035291785169647
120.97,-2.496617222760151,-3.3939737716199527
120.98,-2.529994652350048,-3.2786199865621892
120.99000000000001,-2.562189622491395,-3.1575086850056566
121.0,-2.5931448260501613,-3.030706627814908
121.01,-2.622803755047693,-2.8983072057607573
121.02,-2.6511109701653766,-2.7604309819382866
121.03,-2.6780123746864586,-2.617226028502287
121.04,-2.703455490735422,-2.468868042223666
121.05,-2.727389735530932,-2.3155602256949748
121.06,-2.7497666952493214,-2.157532923741189
121.07000000000001,-2.7705403940057556,-1.9950430076895904
121.08,-2.7896675554031134,-1.8283730035735581
121.09,-2.807107854077227,-1.6578299640306033
121.10000000000001,-2.822824154683725,-1.4837440875349701
121.11,-2.836782735827926,-1.306467092599825
121.12,-2.8489534965357217,-1.1263703586058973
121.13,-2.8593101430000436,-0.9438428488695645
121.14,-2.867830353513112,-0.7592888353584376
121.15,-2.8744959197072117,-0.5731254480017007
121.16,-2.879292862473146,-0.3857800747347039
121.17,-2.882211521201906,-0.19768764117842794
121.18,-2.8832466152967147,-0.009287801110174326
121.19,-2.882397277224109,0.17897792942943505
121.2,-2.8796670567081257,0.36666906047299674
121.21000000000001,-2.8750638960146495,0.5533490045547955
121.22,-2.8686000766170303,0.7385879071038339
121.23,-2.860292137872573,0.9219653975477335
121.24000000000001,-2.850160768666076,1.1030732293726035
121.25,-2.8382306732851212,1.2815177794663755
121.26,-2.8245304130767486,1.4569223796820445
121.27,-2.8090922256914803,1.628929456622236
121.28,-2.7919518239443035,1.797202459086194
121.29,-2.773148176509756,1.9614275563454497
121.3,-2.7527232728173945,2.1213150943310985
121.31,-2.7307218746231343,2.276600800828263
121.32000000000001,-2.707191256800829,2.4270467347879694
121.33,-2.682180939927375,2.572441978793784
121.34,-2.6557424172249533,2.7126030774775973
121.35000000000001,-2.6279288783778227,2.847374228192588
121.36,-2.598794932661102,2.9766272334590993
121.37,-2.5683963337086415,3.1002612275505332
121.38,-2.5367897081100916,3.2182021920435404
121.39,-2.5040322898677707,3.330402277194968
121.4,-2.4701816625661923,3.4368389476147647
121.41,-2.4352955109154757,3.537513971878866
121.42,-2.3994313831286154,3.632452276479284
121.43,-2.36264646538589,3.721700684859897
121.44,-2.324997369431417,3.8053265622635735
121.45,-2.2865399341406185,3.8834163867533507
121.46000000000001,-2.2473290416963505,3.9560742661062602
121.47,-2.2074184488184936,4.023420419355066
121.48,-2.1668606333092493,4.085589640614249
121.49000000000001,-2.125706656006209,4.142729761515894
121.5,-2.084006038078932,4.195000127141565
121.51,-2.041806653463378,4.24257009880873
121.52,-1.9991546361027572,4.28561759549276
121.53,-1.9560943015535226,4.324327684072688
121.54,-1.9126680824213034,4.35889122701128
121.55,-1.8689164770132969,4.389503594544244
121.56,-1.8248780105304185,4.416363446981615
121.57000000000001,-1.7805892080736645,4.439671591334685
121.58,-1.7360845787037247,4.459629915188124
121.59,-1.6913966097699018,4.476440399549274
121.60000000000001,-1.6465557707127392,4.49030421133159
121.61,-1.60159052554327,4.501420875170261
121.62,-1.5565273532093338,4.509987523425805
121.63,-1.511390775074754,4.5161982225041815
121.64,-1.4662033887592503,4.520243373006098
121.65,-1.420985907614632,4.522309180708317
121.66,-1.3757572051450841,4.522577194969573
121.67,-1.3305343637152407,4.521223910835731
121.68,-1.2853327269283694,4.518420430885163
121.69,-1.2401659550975372,4.514332182697732
121.7,-1.1950460832744147,4.509118687740889
121.71000000000001,-1.1499835813427197,4.502933377435941
121.72,-1.104987415725696,4.495923452188532
121.73,-1.060065112298949,4.488229779232177
121.74000000000001,-1.0152228201410525,4.479986825235007
121.75,-0.970465375794249,4.471322619751247
121.76,-0.9257963677460276,4.462358745754055
121.77,-0.8812182008791678,4.4532103536598715
121.78,-0.8367321606728301,4.44398619544135
121.79,-0.7923384769703408,4.43478867562202
121.8,-0.7480363871603897,4.425713916147268
121.81,-0.7038241986473954,4.416851832329878
121.82000000000001,-0.6596993505137921,4.4082862172714945
121.83,-0.6156584743019655,4.400094832361845
121.84,-0.5716974538665552,4.392349501653526
121.85000000000001,-0.527811484268895,4.385116208100296
121.86,-0.4839951297045493,4.3784551898301585
121.87,-0.4402423804722918,4.372421034800285
121.88,-0.39654670900854355,4.367062772348709
121.89,-0.35290112502531756,4.362423960317512
121.9,-0.30929822980219324,4.358542766574039
121.91,-0.2657302696938368,4.355452043900703
121.92,-0.2221891889241792,4.353179397360711
121.93,-0.17866668174662256,4.351747243376948
121.94,-0.1351542440566402,4.351172859885146
121.95,-0.09164322454891961,4.351468427040959
121.96000000000001,-0.048124875515821015,4.352641058074567
121.97,-0.004590403387428272,4.354692819996833
121.98,0.038968980884115656,4.357620743968776
121.99000000000001,0.08256201149194725,4.361416825252163
122.0,0.1261973173891589,4.366068012764402
122.01,0.16988337174723528,4.3715561883665774
122.02,0.21362844115649043,4.377858136120453
122.03,0.2574405344696444,4.38494550185959
122.04,0.30132735119368226,4.3927847435322445
122.05,0.34529622934028925,4.40133707289046
122.06,0.38935409265149146,4.41055838922154
122.07000000000001,0.4335073971247201,4.420399205945702
122.08,0.4777620767704055,4.430804571037852
122.09,0.5221234885454771,4.441713982372769
122.10000000000001,0.5665963564178608,4.453061299241887
122.11,0.6111847145303148,4.4647746514467626
122.12,0.655891849446796,4.4767763475393165
122.13,0.700720241481101,4.488982783951958
122.14,0.7456715051258351,4.501304356941482
122.15,0.7907463286199307,4.513645379458619
122.16,0.8359444127150075,4.52590400524937
122.17,0.8812644087249181,4.537972162693693
122.18,0.9267038559688814,4.549735501089921
122.19,0.9722591187467166,4.561073352297734
122.2,1.017925323014836,4.571858710855783
122.21000000000001,1.063696292963832,4.581958235889475
122.22,1.1095644877326254,4.591232278316238
122.23,1.1555209385301568,4.59953493703585
122.24000000000001,1.2015551864733425,4.606714147957409
122.25,1.247655221489305,4.612611809856976
122.26,1.293807422670482,4.617063951175041
122.27,1.339996500512806,4.619900941944225
122.28,1.3862054415093668,4.620947755078141
122.29,1.432415455614369,4.620024281244535
122.3,1.4786059271342573,4.616945701481942
122.31,1.5247543696440076,4.6115229215908
122.32000000000001,1.5708363855660732,4.603563072129074
122.33,1.616825631086589,4.592870077560522
122.34,1.6626937871172838,4.57924529773273
122.35000000000001,1.7084105370412437,4.562488244394318
122.36,1.75394355200517,4.542397374889429
122.37,1.7992584845390323,4.518770964486942
122.38,1.8443189712949088,4.491408058007434
122.39,1.8890866456991808,4.4601095005002565
122.4,1.9335211613049141,4.424679045695752
122.41,1.977580226613096,4.384924539815969
122.42,2.0212196521012333,4.340659177076373
122.43,2.064393410154623,4.291702821859787
122.44,2.107053708538429,4.237883391104288
122.45,2.149151077976709,4.179038288935547
122.46000000000001,2.19063447431714,4.115015884011556
122.47,2.2314513956569404,4.045677018458597
122.48,2.2715480146863123,3.970896535690798
122.49000000000001,2.3108693263707565,3.8905648128546355
122.5,2.3493593109434046,3.8045892821610208
122.51,2.3869611120139766,3.712895924001007
122.52,2.423617229423425,3.615430713528783
122.53,2.459269726284552,3.5121610013811435
122.54,2.4938604494510477,3.403076808429843
122.55,2.527331262453149,3.2881920139750074
122.56,2.559624289730548,3.167545416624336
122.57000000000001,2.5906821707856356,3.041201647300445
122.58,2.6204483226765563,2.909251914407789
122.59,2.6488672090737913,2.7718145621943666
122.60000000000001,2.6758846139204437,2.6290354247760463
122.61,2.701447917569312,2.4810879601568465
122.62,2.7255063731235802,2.32817315086933
122.63,2.7480113805866986,2.1705191605556435
122.64,2.7689167563346935,2.008380738879018
122.65,2.7881789953642793,1.842038370552352
122.66,2.805757523745741,1.671797167937045
122.67,2.8216149387230205,1.4979855105323316
122.68,2.8357172339563874,1.3209534386639734
122.69,2.8480340074962998,1.1410708127042102
122.7,2.8585386502104715,0.9587252531199022
122.71000000000001,2.8672085125586975,0.7743198804574962
122.72,2.874025047819621,0.5882708779368768
122.73,2.878973930117435,0.40100490254981347
122.74000000000001,2.882045145870617,0.21295637335772996
122.75,2.8832330575845893,0.02456466798273768
122.76,2.882536439230272,-0.16372873997745363
122.77,2.87995848278504,-0.3514831687539404
122.78,2.875506775855193,-0.5382616070891938
122.79,2.869193250643256,-0.7236335496276872
122.8,2.861034104862639,-0.907177755666164
122.81,2.8510496955299325,-1.0884848993645508
122.82000000000001,2.8392644068753476,-1.2671600815555348
122.83,2.8257064938988217,-1.4428251758595365
122.84,2.810407903358157,-1.6151209848427288
122.85000000000001,2.793404074201967,-1.7837091853682967
122.86,2.774733719650791,-1.9482740459966177
122.87,2.7544385932820346,-2.108523903194764
122.88,2.7325632415868952,-2.264192387124149
122.89,2.7091547455395513,-2.4150393917930724
122.9,2.6842624537510336,-2.560851788298317
122.91,2.657937709773585,-2.7014438836536994
122.92,2.6302335760779596,-2.8366576312393277
122.93,2.601204557148798,-2.9663626021399203
122.94,2.570906324035161,-3.090455729522374
122.95,2.5393954425583503,-3.208860840693046
122.96000000000001,2.5067291072213,-3.321527993547987
122.97,2.4729648826873905,-3.4284326357712778
122.98,2.438160454505874,-3.5295746063462263
122.99000000000001,2.402373390560466,-3.624976999730957
123.0,2.3656609145112553,-3.7146849134328446
123.01,2.328079692291809,-3.798764099722546
123.02,2.2896856325168042,-3.8772995418916194
123.03,2.250533701453977,-3.950393974816502
123.04,2.2106777530204744,-4.018166368687681
123.05,2.170170374080223,-4.08075039363981
123.06,2.129062745147678,-4.138292881720119
123.07000000000001,2.0874045164458206,-4.190952301201833
123.08,2.0452436991236413,-4.238897256727392
123.09,2.0026265713112728,-4.282305027191506
123.10000000000001,1.959597598579811,-4.321360151681203
123.11,1.9161993682776486,-4.3562530722101815
123.12,1.8724725371356072,-4.387178840444701
123.13000000000001,1.8284557914687545,-4.414335894140572
123.14,1.7841858192527957,-4.4379249076138985
123.15,1.7396972933164765,-4.458147719266273
123.16,1.6950228648674703,-4.475206337988575
123.17,1.6501931665567051,-4.4893020291832295
123.18,1.605236824283806,-4.500634480176328
123.19,1.5601804769531786,-4.509401043939365
123.2,1.5150488034050187,-4.515796059303895
123.21000000000001,1.4698645557671006,-4.520010245227654
123.22,1.4246485985004655,-4.522230166152475
123.23,1.3794199524440511,-4.522637765076309
123.24000000000001,1.3341958431989394,-4.5214099606364915
123.25,1.2889917532313213,-4.518718304261196
123.26,1.2438214771137153,-4.514728693282603
123.27,1.198697179365669,-4.509601135810206
123.28,1.1536294543975112,-4.503489563127751
123.29,1.1086273881031141,-4.496541685394394
123.3,1.0636986206896233,-4.48889888649217
123.31,1.0188494103732706,-4.480696153960508
123.32000000000001,0.974084697610413,-4.472062040087664
123.33,0.9294081695715174,-4.46311865038235
123.34,0.8848223246027661,-4.453981655821059
123.35000000000001,0.8403285364550962,-4.444760325452583
123.36,0.7959271180937144,-4.435557576136709
123.37,0.7516173849323621,-4.426470036395222
123.38000000000001,0.70739771736581,-4.417588121556883
123.39,0.6632656225012244,-4.408996117581365
123.4,0.6192177950141827,-4.400772271147845
123.41,0.5752501770782675,-4.3929888837903475
123.42,0.5313580173383757,-4.385712408052614
123.43,0.48753592891721526,-4.379003543819169
123.44,0.44377794646199237,-4.372917333155662
123.45,0.40007758225410195,-4.3675032521600965
123.46000000000001,0.3564278814187904,-4.362805298487012
123.47,0.3128214762843617,-4.3588620733591235
123.48,0.2692506399516079,-4.355706857025597
123.49000000000001,0.22570733914384974,-4.35336767676343
123.5,0.18218328641633932,-4.351867366648916
123.51,0.13866999181087142,-4.351223618450469
123.52,0.09515881404732993,-4.3514490231130045
123.53,0.051641011348611314,-4.352551102418432
123.54,0.008107791998961273,-4.354532330517435
123.55,-0.03544963526173738,-4.357390145135672
123.56,-0.07904001090375216,-4.361116948363677
123.57000000000001,-0.12267197422901092,-4.365700097045098
123.58,-0.16635401284465412,-4.371121882883559
123.59,-0.2100944118866821,-4.377359502495279
123.60000000000001,-0.25390120289455975,-4.384385017743636
123.61,-0.2977821122415549,-4.392165306804138
123.62,-0.3417445090306425,-4.4006620065246524
123.63000000000001,-0.38579535237204793,-4.409831446767033
123.64,-0.4299411379659832,-4.419624577543458
123.65,-0.4741878439229171,-4.429986889894376
123.66,-0.5185408757638706,-4.440858331595686
123.67,-0.5630050105548308,-4.45217321893109
123.68,-0.6075843401424924,-4.463860145921806
123.69,-0.6522822134732668,-4.475841892570167
123.7,-0.6971011779938957,-4.488035333846041
123.71000000000001,-0.7420429201501876,-4.50035135132517
123.72,-0.7871082050203991,-4.51269474957599
123.73,-0.8322968151417075,-4.524964179585277
123.74000000000001,-0.8776074886121048,-4.537052071712038
123.75,-0.9230378565759483,-4.548844580861719
123.76,-0.9685843802293392,-4.560221546777156
123.77,-1.0142422875114914,-4.571056472546231
123.78,-1.0600055096802636,-4.581216524626
123.79,-1.1058666180040113,-4.5905625578756855
123.8,-1.1518167608377774,-4.598949169272249
123.81,-1.1978456013894565,-4.606224784147785
123.82000000000001,-1.2439412565207333,-4.612231778932378
123.83,-1.290090236968104,-4.6168066445036136
123.84,-1.3362773894108055,-4.619780194328202
123.85000000000001,-1.382485840854668,-4.620977821625196
123.86,-1.4286969458433096,-4.620219809776729
123.87,-1.4748902370502028,-4.617321700153049
123.88000000000001,-1.5210433798463707,-4.612094721395899
123.89,-1.5671321314781208,-4.6043462840095
123.9,-1.6131303055265607,-4.593880543833307
123.91,-1.6590097423547872,-4.58049903760717
123.92,-1.7047402862787042,-4.564001393379818
123.93,-1.7502897702223836,-4.544186117948855
123.94,-1.7956240086376813,-4.5208514628487455
123.95,-1.8407067994793584,-4.4937963696180985
123.96000000000001,-1.8854999360300435,-4.462821494176255
123.97,-1.9299632293628837,-4.42773030912117
123.98,-1.974054542212467,-4.388330281627883
123.99000000000001,-2.0177298349954413,-4.34443412338452
124.0,-2.060943224680157,-4.2958611076590705
124.01,-2.1036470571486228,-4.242438447157208
124.02,-2.1457919936233014,-4.184002724825189
124.03,-2.1873271116451263,-4.120401368192473
124.04,-2.228200020987151,-4.051494156260742
124.05,-2.2683569947703415,-3.977154746357972
124.06,-2.3077431159143105,-3.8972722068210217
124.07000000000001,-2.346302438906762,-3.811752539884161
124.08,-2.383978166711994,-3.720520177773727
124.09,-2.420712842462237,-3.6235194337826773
124.10000000000001,-2.4564485553876474,-3.5207158890667367
124.11,-2.4911271602435714,-3.4120976951099538
124.12,-2.524690509289847,-3.2976767712948116
124.13000000000001,-2.557080695669468,-3.1774898768210558
124.14,-2.588240306826268,-3.0515995363847566
124.15,-2.618112686397163,-2.9200947995858013
124.16,-2.646642202817984,-2.783091815001791
124.17,-2.673774522697199,-2.6407342012642414
124.18,-2.699456886843269,-2.4931931993038607
124.19,-2.7236383866832767,-2.3406675921889692
124.2,-2.746270238687049,-2.18338338164602
124.21000000000001,-2.7673060543161974,-2.0215932133921424
124.22,-2.7867021029548917,-1.8555755467822053
124.23,-2.8044175652518413,-1.685633567920339
124.24000000000001,-2.8204147743132983,-1.5120938492397873
124.25,-2.834659442236637,-1.335304762537087
124.26,-2.8471208695640398,-1.1556346564704008
124.27,-2.857772135366045,-0.9734698135051907
124.28,-2.8665902658341436,-0.7892122051181537
124.29,-2.8735563794684076,-0.6032770676573255
124.3,-2.8786558071872896,-0.41609032451060635
124.31,-2.881878185958619,-0.22808588307115452
124.32000000000001,-2.8832175248487126,-0.03970283733007435
124.33,-2.8826722427052207,0.14861739128923077
124.34,-2.880245177022928,0.3364339410639898
124.35000000000001,-2.875943563883941,0.5233093907445386
124.36,-2.869778989208037,0.7088125997569232
124.37,-2.8617673118888023,0.8925214743962754
124.38000000000001,-2.8519285597201116,1.0740256279719147
124.39,-2.8402867993293643,1.2529289048568992
124.4,-2.826869981622974,1.4288517409232633
124.41,-2.811709764510899,1.601433335840946
124.42,-2.794841314906155,1.7703336161036467
124.43,-2.7763030921888263,1.9352349713303731
124.44,-2.756136615479548,2.0958437502838656
124.45,-2.7343862171831494,2.2518915070508645
124.46000000000001,-2.711098785338531,2.403135991849927
124.47,-2.6863234973461507,2.5493618848797204
124.48,-2.6601115476409363,2.6903812754106387
124.49000000000001,-2.6325158718379376,2.8260338918801935
124.5,-2.603590869803332,2.956187092013626
124.51,-2.573392129997665,3.080735624903072
124.52,-2.541976157305271,3.199601179501555
124.53,-2.5094001064076346,3.3127317360951243
124.54,-2.4757215225833686,3.420100738993234
124.55,-2.44099809162777,3.521706109921595
124.56,-2.4052874003849367,3.617569122421906
124.57000000000001,-2.3686467091793313,3.707733157977312
124.58,-2.3311327372253903,3.792262364617788
124.59,-2.2928014618869756,3.87124023844905
124.60000000000001,-2.2537079324564093,3.9447681479302545
124.61,-2.213906098928371,4.012963819841266
124.62,-2.1734486560595845,4.0759598047731
124.63000000000001,-2.132386902832909,4.133901938689152
124.64,-2.0907706172858016,4.1869478156831805
124.65,-2.048647946519246,4.235265285543903
124.66,-2.0060653115749236,4.279030988164127
124.67,-1.9630673267559633,4.318428935239659
124.68,-1.9196967328701304,4.353649148121219
124.69,-1.875994343793539,4.384886359138367
124.7,-1.8319990056873632,4.412338782230976
124.71000000000001,-1.7877475681489194,4.436206957319751
124.72,-1.7432748665409683,4.456692671537245
124.73,-1.6986137147181746,4.473997959235477
124.74000000000001,-1.6537949073562586,4.488324181592717
124.75,-1.6088472310863202,4.49987118566418
124.76,-1.563797483642975,4.5088365418603225
124.77,-1.5186705002491139,4.515414858090848
124.78,-1.4734891864811583,4.519797168178929
124.79,-1.4282745568855355,4.522170391623626
124.8,-1.3830457786486858,4.522716861362654
124.81,-1.3378202196582825,4.521613915855305
124.82000000000001,-1.2926135003315797,4.519033551558634
124.83,-1.2474395486271097,4.515142131700726
124.84,-1.2023106576975653,4.510100147154602
124.85000000000001,-1.1572375456840176,4.5040620251768635
124.86,-1.112229417194028,4.497175981788389
124.87,-1.06729402604825,4.48958391363261
124.88000000000001,-1.022437738921376,4.4814213252428505
124.89,-0.977665599543393,4.47281728777709
124.9,-0.9329813931658342,4.463894425430265
124.91,-0.8883877110347878,4.454768925905065
124.92,-0.8438860146477328,4.445550571507304
124.93,-0.7994766996046416,4.436342787626803
124.94,-0.7551591588951967,4.427242705565542
124.95,-0.7109318454933309,4.418341236878336
124.96000000000001,-0.6667923341576301,4.4097231565946835
124.97,-0.6227373823614373,4.401467192891448
124.98,-0.5787629902998012,4.393646120982869
124.99000000000001,-0.5348644599417799,4.3863268591855595
125.0,-0.49103645311609,4.379570565300615
125.01,-0.4472730486357676,4.373432731632044
125.02,-0.40356779848344915,4.367963277129851
125.03,-0.3599137830931706,4.363206635307259
125.04,-0.31630366577730396,4.3592018367346075
125.05,-0.27272974635847846,4.355982585057767
125.06,-0.22918401407614863,4.353577325626797
125.07000000000001,-0.1856581998459425,4.352009305951569
125.08,-0.14214382795711725,4.351296627325888
125.09,-0.09863226729942476,4.351452287080967
125.10000000000001,-0.0551147822154979,4.352484211043786
125.11,-0.011582583078549048,4.35439527588678
125.12,0.031973123302237706,4.3571833211634585
125.13000000000001,0.07556108334472013,4.360841150930749
125.14,0.1191899463208527,4.365356524964354
125.15,0.1628682138440072,4.370712139678913
125.16,0.20660418911443096,4.376885598971527
125.17,0.25040592582343774,4.38384937531606
125.18,0.2942811766207521,4.3915707615475945
125.19,0.33823734105438963,4.400011813892467
125.2,0.38228141289860146,4.409129286920192
125.21000000000001,0.42641992679279345,4.418874561220251
125.22,0.4706589041230064,4.429193564739797
125.23,0.5150037980875892,4.440026688858446
125.24000000000001,0.5594594379001753,4.451308700424074
125.25,0.6040299720960707,4.462968651129094
125.26,0.6487188109227571,4.474929785770443
125.27,0.6935285678114795,4.487109451108257
125.28,0.7384609999449223,4.499419007217801
125.29,0.7835169479558356,4.511763743416119
125.3,0.8286962748132447,4.52404280103822
125.31,0.8739978039766001,4.536149105536312
125.32000000000001,0.919419256923971,4.547969310578044
125.33,0.9649571901881611,4.55938375702404
125.34,1.010606932064452,4.570266449868691
125.35000000000001,1.056362519185535,4.580485056428443
125.36,1.102216633193021,4.589900929255112
125.37,1.1481605377706374,4.598369157434204
125.38000000000001,1.1941840163417052,4.605738650095144
125.39,1.2402753107725404,4.611852256106628
125.4,1.2864210614638378,4.616546924050252
125.41,1.3326062492535455,4.619653906652669
125.42,1.3788141395968911,4.620999013904109
125.43,1.4250262295316276,4.620402919091525
125.44,1.4712221979787214,4.617681521920233
125.45,1.517379859970032,4.612646372780546
125.46000000000001,1.5634751254343322,4.605105162027095
125.47,1.609481963210574,4.594862277870183
125.48,1.6553723709917358,4.581719436122211
125.49000000000001,1.701116351933018,4.565476384590449
125.5,1.7466818986835446,4.545931684353065
125.51,1.7920349856200792,4.522883569492442
125.52,1.8371395700733935,4.496130886083736
125.53,1.8819576033417538,4.465474110344608
125.54,1.9264490522802855,4.430716444843188
125.55,1.9705719322386175,4.391664990537614
125.56,2.014282352091038,4.348131991186479
125.57000000000001,2.0575345720623472,4.299936145333492
125.58,2.100281074997708,4.246903979643132
125.59,2.14247265165521,4.188871275862939
125.60000000000001,2.1840585005149666,4.125684542132024
125.61,2.2249863424978504,4.05720251776858
125.62,2.265202550870338,3.983297699080016
125.63000000000001,2.3046522964794507,3.903857872180117
125.64,2.3432797083139407,3.8187876373046654
125.65,2.3810280492255442,3.7280099077295072
125.66,2.417839906468531,3.631467365155017
125.67,2.453657396528645,3.5291238523717547
125.68,2.4884223835159665,3.420965683207701
125.69,2.522076710192799,3.3070028492208934
125.7,2.5545624405003844,3.187270102383365
125.71000000000001,2.5858221122404665,3.0618278931399736
125.72,2.615798998363184,2.9307631437505277
125.73,2.644437375115477,2.7941898377599683
125.74000000000001,2.671682795118383,2.6522494078050327
125.75,2.697482363271577,2.5051109057625016
125.76,2.721785013233633,2.3529709414681803
125.77,2.7445417821009412,2.1960533788694105
125.78,2.7657060808110216,2.0346087814865976
125.79,2.7852339577306733,1.868913602407558
125.8,2.8030843528591727,1.699269117666625
125.81,2.8192193400840058,1.5260001057008918
125.82000000000001,2.83360435497319,1.3494532795511698
125.83,2.846208405675029,1.169995482499225
125.84,2.857004264623175,0.9880116618138495
125.85000000000001,2.865968638911306,0.8039026391212656
125.86,2.8730823174056,0.6180826995250153
125.87,2.8783302929018064,0.43097702488458656
125.88000000000001,2.881701857903292,0.24301899953443395
125.89,2.883190672892495,0.05464741910883689
125.9,2.8827948062854687,-0.13369636503167642
125.91,2.8805167455918617,-0.321571332050289
125.92,2.876363379644463,-0.5085396742499367
125.93,2.8703459521068626,-0.69416964181139
125.94,2.862479986808235,-0.8780383161282826
125.95,2.852785185784297,-1.0597342795655926
125.96000000000001,2.841285301216923,-1.238860151414821
125.97,2.8280079827560005,-1.4150349623075165
125.98,2.8129846019707725,-1.587896342311343
125.99000000000001,2.7962500559097734,-1.7571025012905834
126.0,2.777842551944961,-1.9223339837782156
126.01,2.757803376234209,-2.083295184486355
126.02,2.736176648255234,-2.2397156145804575
126.03,2.7130090639426,-2.391350912865611
126.04,2.688349629997922,-2.5379835999896287
126.05,2.6622493919428076,-2.679423577573043
126.06,2.634761158446461,-2.815508377754793
126.07000000000001,2.6059392243877118,-2.946103171929085
126.08,2.5758390950078796,-3.0711005503902133
126.09,2.544517213379908,-3.1904200871571495
126.10000000000001,2.512030693264737,-3.3040077063904807
126.11,2.478437059252099,-3.4118348685254394
126.12,2.4437939958942283,-3.513897595523088
126.13000000000001,2.4081591073416373,-3.6102153554949292
126.14,2.37158968878433,-3.700829827401976
126.15,2.334142510793598,-3.785803566593544
126.16,2.295873617452459,-3.8652185916664936
126.17,2.256838138960268,-3.93917491253017
126.18,2.2170901192018557,-4.007789018697291
126.19,2.1766823585863224,-4.071192345729829
126.2,2.1356662722872595,-4.129529736495481
126.21000000000001,2.094091763856413,-4.182957912477799
126.22,2.052007114037704,-4.231643968872931
126.23,2.0094588844789545,-4.27576390563701
126.24000000000001,1.9664918359249635,-4.315501205055926
126.25,1.9231488603778357,-4.351045464825242
126.26,1.8794709266284586,-4.382591094079848
126.27,1.8354970384962388,-4.4103360783238665
126.28,1.7912642050619814,-4.434480817800366
126.29,1.7468074221402317,-4.455227042522436
126.3,1.7021596642115326,-4.4727768059732105
126.31,1.6573518860207674,-4.487331558379798
126.32000000000001,1.6124130330439368,-4.499091299478983
126.33,1.5673700600311877,-4.508253809822265
126.34,1.5222479568474914,-4.515013958913124
126.35000000000001,1.4770697808529254,-4.519563087827108
126.36,1.4318566950909495,-4.522088463430508
126.37,1.3866280115843153,-4.522772800879834
126.38000000000001,1.3414012390733527,-4.521793850744829
126.39,1.2961921345694187,-4.519324046844574
126.4,1.2510147581364615,-4.515530210711113
126.41,1.2058815303551966,-4.51057330848961
126.42,1.1608032919666693,-4.504608256040077
126.43,1.115789365234395,-4.497783768015048
126.44,1.0708476166063683,-4.490242246742498
126.45,1.025984520299545,-4.48211970683654
126.46000000000001,0.9812052224696374,-4.473545731583114
126.47,0.9365136056678827,-4.464643457297837
126.48,0.8919123533236806,-4.455529582022791
126.49000000000001,0.8474030140274269,-4.446314395113134
126.5,0.8029860654214179,-4.437101824458674
126.51,0.7586609775382533,-4.427989498286061
126.52,0.7144262754556967,-4.419068818690611
126.53,0.6702796011644412,-4.4104250442503075
126.54,0.6262177745706905,-4.402137379275796
126.55,0.5822368535789252,-4.394279067447407
126.56,0.5383321932217424,-4.386917487781922
126.57000000000001,0.4944985038232868,-4.380114251056838
126.58,0.45072990820060566,-4.373925294997543
126.59,0.407019997923336,-4.368400976702628
126.60000000000001,0.36336188866655306,-4.36358616094434
126.61,0.31974827470444916,-4.359520303134837
126.62,0.2761714826038563,-4.356237525894889
126.63000000000001,0.23262352418655136,-4.353766688300044
126.64,0.18909614883785544,-4.352131447010875
126.65,0.14558089524633386,-4.351350308619154
126.66,0.10206914266547235,-4.351436672661547
126.67,0.058552161793102915,-4.352398864867443
126.68,0.015021165368123472,-4.354240160318722
126.69,-0.02853264141327152,-4.356958796307559
126.7,-0.0721180105580277,-4.360547974784768
126.71000000000001,-0.11574360090896689,-4.3649958543966
126.72,-0.15941792764595972,-4.370285532213471
126.73,-0.20314931155323632,-4.376395015360669
126.74000000000001,-0.2469458279531731,-4.383297182869776
126.75,-0.29081525521063184,-4.390959738181225
126.76,-0.33476502271679764,-4.399345152844092
126.77,-0.37880215826751373,-4.4084106020797265
126.78,-0.4229332347583922,-4.418107893001977
126.79,-0.46716431612755327,-4.428383386419342
126.8,-0.511500902486779,-4.4391779132839115
126.81,-0.5559478743932315,-4.450426686999095
126.82000000000001,-0.6005094362267609,-4.46205921295308
126.83,-0.6451890586522931,-4.47399919680806
126.84,-0.6899894201629221,-4.486164453246394
126.85000000000001,-0.734912347717221,-4.498466817053875
126.86,-0.7799587565039996,-4.510812058606588
126.87,-0.8251285888893527,-4.523099806020773
126.88000000000001,-0.870420752624415,-4.535223476423397
126.89,-0.9158330584178206,-4.54707021900337
126.9,-0.9613621570044824,-4.558520872707604
126.91,-1.0070034758719726,-4.569449941649951
126.92,-1.0527511558374814,-4.579725591501704
126.93,-1.0985979877020067,-4.589209670326331
126.94,-1.1445353492440078,-4.597757757504587
126.95,-1.1905531428520983,-4.605219244564464
126.96000000000001,-1.2366397341352973,-4.611437451878593
126.97,-1.2827818918896703,-4.616249785313922
126.98,-1.3289647298415757,-4.619487937008488
126.99000000000001,-1.37517165062984,-4.620978134500984
127.0,-1.4213842925315952,-4.620541442443304
127.01,-1.467582479478706,-4.617994121076457
127.02,-1.5137441749531244,-4.613148045538102
127.03,-1.559845440389468,-4.605811189887135
127.04,-1.605860398750867,-4.595788179468928
127.05,-1.6517612039788465,-4.582880914895769
127.06,-1.6975180170487822,-4.566889270473038
127.07000000000001,-1.743098989388307,-4.547611869355646
127.08,-1.788470254435895,-4.5248469370650515
127.09,-1.8335959281296081,-4.498393234230227
127.10000000000001,-1.8784381191204997,-4.468051068533006
127.11,-1.9229569495002683,-4.433623384838622
127.12,-1.967110586817272,-4.394916931377397
127.13000000000001,-2.010855288127816,-4.351743498617968
127.14,-2.054145456789631,-4.303921226144067
127.15,-2.096933712650697,-4.25127597142693
127.16,-2.1391709762181694,-4.193642732889489
127.17,-2.1808065673084864,-4.130867118105922
127.18,-2.2217883185802876,-4.06280684639476
127.19,-2.262062704236382,-3.9893332734736435
127.2,-2.301574984049761,-3.9103329242809504
127.21000000000001,-2.3402693627220006,-3.8257090185699214
127.22,-2.3780891644211586,-3.735382972483636
127.23,-2.414977022171673,-3.6392958580659647
127.24000000000001,-2.4508750815824776,-3.5374098015978195
127.25,-2.485725218203629,-3.429709300813518
127.26,-2.5194692675987476,-3.316202440492103
127.27,-2.5520492670134707,-3.196921985674015
127.28,-2.5834077073122277,-3.071926331861971
127.29,-2.61348779365071,-2.9413002920582163
127.3,-2.6422337131533924,-2.805155701393569
127.31,-2.669590907678582,-2.663631821433353
127.32000000000001,-2.6955063495820597,-2.5168955280079164
127.33,-2.7199288182387407,-2.3651412686063473
127.34,-2.742809174954187,-2.2085907779743197
127.35000000000001,-2.764100633798227,-2.0474925435412836
127.36,-2.7837590258250122,-1.8821210156259944
127.37,-2.8017430541107466,-1.7127755609777986
127.38000000000001,-2.8180145370445686,-1.5397791620375698
127.39,-2.8325386373514982,-1.363476868269815
127.4,-2.845284074409965,-1.184234009940947
127.41,-2.8562233175503176,-1.0024341887065638
127.42,-2.8653327581840964,-0.8184770632279113
127.43,-2.872592858814876,-0.6327759516691881
127.44,-2.8779882772174807,-0.44575527624036093
127.45,-2.8815079643396837,-0.25784787785795604
127.46000000000001,-2.88314523477464,-0.0694922314211309
127.47,-2.8828978089681065,0.11887040592373216
127.48,-2.880767826656166,0.3067988798812974
127.49000000000001,-2.876761831370481,0.4938550231804402
127.5,-2.8708907261925574,0.6796065045488666
127.51,-2.863169701279504,0.8636296088837887
127.52,-2.8536181340148814,1.0455119163161712
127.53,-2.84225946295318,1.2248548497677008
127.54,-2.829121037019527,1.4012760630476697
127.55,-2.814233941692227,1.57441164446494
127.56,-2.797632804130229,1.7439181142598492
127.57000000000001,-2.77935557940703,1.9094741978053098
127.58,-2.7594433201741224,2.0707823603926165
127.59,-2.7379399321991773,2.2275700934102236
127.60000000000001,-2.7148919183059177,2.3795909457481805
127.61,-2.6903481132842133,2.5266252982257384
127.62,-2.6643594123414025,2.668480882659859
127.63000000000001,-2.6369784956310163,2.8049930507914294
127.64,-2.608259551325574,2.9360248015978314
127.65,-2.5782579995990593,3.0614665784906974
127.66,-2.5470302197557597,3.1812358504843323
127.67,-2.5146332825893722,3.295276493594429
127.68,-2.481124689883871,3.4035579904719895
127.69,-2.446562122779932,3.5060744675896274
127.7,-2.411003200532078,3.6028435901836255
127.71000000000001,-2.3745052509762594,3.693905335632107
127.72,-2.3371250938194357,3.7793206660428615
127.73,-2.2989188376554024,3.8591701205659725
127.74000000000001,-2.2599416914081165,3.93355234737392
127.75,-2.220247790707924,4.002582594406493
127.76,-2.1798900395199863,4.066391176902859
127.77,-2.1389199671698664,4.125121938482415
127.78,-2.097387600750338,4.178930721132947
127.79,-2.0553413527472078,4.227983857960712
127.8,-2.0128279235911237,4.2724567009914205
127.81,-1.9698922187273793,4.312532194719424
127.82000000000001,-1.9265772796967353,4.34839950451671
127.83,-1.8829242286370451,4.380252707461402
127.84,-1.8389722255475072,4.408289551650965
127.85000000000001,-1.7947584376040258,4.4327102886476
127.86,-1.7503180197745551,4.453716582377543
127.87,-1.705684105956475,4.471510496583469
127.88000000000001,-1.6608878098428859,4.486293561817643
127.89,-1.615958234720122,4.498265921967137
127.9,-1.5709224914035431,4.507625559422979
127.91,-1.5258057235316624,4.514567597241381
127.92,-1.4806311394587155,4.519283675994217
127.93,-1.4354200500117782,4.521961402462824
127.94,-1.3901919114094592,4.522783866887935
127.95,-1.3449643726740197,4.521929225141934
127.96000000000001,-1.2997533269066206,4.519570341929929
127.97,-1.254572965835421,4.515874490945198
127.98,-1.2094358370877165,4.511003107793932
127.99000000000001,-1.1643529036795424,4.505111591455691
128.0,-1.1193336052586025,4.498349150051445
128.01,-1.0743859206785131,4.490858686742636
128.02,-1.0295164315237497,4.482776721675195
128.03,-0.9847303862450093,4.474233346004878
128.04,-0.9400317646036522,4.465352204188499
128.05,-0.8954233421612394,4.456250500893827
128.06,-0.8509067545857758,4.447039029064105
128.07,-0.8064825615799575,4.437822215866761
128.08,-0.7621503102684406,4.42869818345597
128.09,-0.717908597910838,4.419758821682057
128.1,-0.6737551338347996,4.411089870084263
128.11,-0.6296868005091529,4.402771006704979
128.12,-0.5856997137007001,4.394875941461128
128.13,-0.5417892816799303,4.387472512000511
128.14000000000001,-0.49795026346068977,4.380622780156596
128.15,-0.45417682607679843,4.374383127293402
128.16,-0.41046260091482173,4.368804347002667
128.17000000000002,-0.36680073913674505,4.36393173377781
128.18,-0.3231839662392655,4.359805166443577
128.19,-0.27960463580787354,4.356459185266757
128.2,-0.2360547825339304,4.353923061812383
128.21,-0.19252617457162588,4.352220860741875
128.22,-0.14901036531909287,4.351371492875345
128.23,-0.10549874471411896,4.351388758960401
128.24,-0.06198259013988485,4.352281383705154
128.25,-0.018453117040015878,4.354053039744596
128.26,0.02509847065500707,4.356702361317999
128.27,0.06868093018634411,4.360222947541506
128.28,0.11230292960583718,4.364603355265521
128.29,0.1559729972916545,4.369827081612047
128.3,0.1996994712380781,4.375872536393555
128.31,0.2434904480195256,4.382713004723436
128.32,0.2873537313325468,4.390316600239545
128.33,0.3312967800243165,4.398646209477632
128.34,0.3753266555220995,4.407659428051565
128.35,0.4194499685853478,4.417308489422927
128.36,0.463672825310558,4.427540187174612
128.37,0.50800077232884,4.438295791841994
128.38,0.5524387411473979,4.449510963501771
128.39000000000001,0.5969909915988755,4.461115661472914
128.4,0.6416610543768562,4.473034052646555
128.41,0.6864516726518065,4.485184420132199
128.42000000000002,0.7313647427795001,4.497479074086
128.43,0.7764012541335266,4.509824266772626
128.44,0.8215612281149526,4.5221201141046485
128.45,0.8668436564156194,4.53426052610133
128.46,0.9122464386369792,4.546133148910666
128.47,0.9577663193938328,4.557619321242686
128.48,1.0033988250618329,4.568594048266014
128.49,1.049138200359153,4.5789259962206925
128.5,1.0949773449862468,4.588477511194903
128.51,1.1409077505830512,4.597104665697696
128.52,1.1869194383002006,4.6046573368295025
128.53,1.2330008973196411,4.610979320002174
128.54,1.279139024700244,4.615908482284732
128.55,1.3253190669653356,4.619276959543826
128.56,1.3715245638911204,4.620911401602088
128.57,1.4177372949973772,4.620633269646026
128.58,1.463937229284041,4.618259190069855
128.59,1.5101024787987745,4.61360136883475
128.6,1.556209256660736,4.606468070246098
128.61,1.6022318402036964,4.596664163795975
128.62,1.6481425399366554,4.583991742376256
128.63,1.6939116750512213,4.568250814731498
128.64000000000001,1.7395075562312852,4.549240074483001
128.65,1.7848964765408815,4.526757747410024
128.66,1.830042711179486,4.50060251791618
128.67000000000002,1.8749085268992052,4.470574534735389
128.68,1.9194542018741936,4.4364764949412905
128.69,1.963638056798031,4.398114804218175
128.7,2.007416497958557,4.355300810134477
128.71,2.0507440730007205,4.307852103839205
128.72,2.093573540035341,4.255593884188565
128.73,2.1358559506844914,4.198360376819413
128.74,2.1775407475717294,4.1359962991373305
128.75,2.2185758766672383,4.06835836060339
128.76,2.258907914783797,3.9953167861128325
128.77,2.2984822123894944,3.9167568486926623
128.78,2.33724305175765,3.8325803962391944
128.79,2.3751338203142787,3.7427073556098
128.8,2.4120971988698465,3.647077196116943
128.81,2.4480753642366175,3.5456503333904426
128.82,2.483010205537655,3.4384094537195526
128.83,2.5168435533110087,3.3253607384032904
128.84,2.549517420305721,3.206534967366689
128.85,2.580974252658342,3.0819884813799923
128.86,2.6111571899333206,2.9518039826797393
128.87,2.640010332311937,2.81609115466083
128.88,2.667479013026537,2.6749870826042788
128.89000000000001,2.6935100739640223,2.5286564591337752
128.9,2.7180521422092125,2.3772915602516793
128.91,2.7410559051690555,2.2211119803757766
128.92000000000002,2.7624743818167277,2.0603641177535654
128.93,2.7822631875241264,1.8953204049295955
128.94,2.800380789915319,1.726278282529548
128.95,2.816788753174717,1.5535589184365863
128.96,2.8314519682840507,1.377505678394943
128.97,2.844338866742616,1.1984823580979442
128.98,2.8554216154460095,1.0168711908116896
128.99,2.86467629055885,0.8330706484566519
129.0,2.8720830284151426,0.6474930577221324
129.01,2.8776261517132924,0.4605620561298577
129.02,2.8812942695377397,0.2727099159057038
129.03,2.8830803500314066,0.08437476598403998
129.04,2.8829817648574205,-0.104002255609493
129.05,2.8810003049192168,-0.2919798854266651
129.06,2.8771421671488873,-0.4791196200562322
129.07,2.871417912518092,-0.6649885690765073
129.08,2.863842395767357,-0.8491622418198823
129.09,2.8544346676816943,-1.031227235522097
129.1,2.8432178510569153,-1.2107837942850677
129.11,2.8302189917959932,-1.3874482106891775
129.12,2.815468886843132,-1.56085504478364
129.13,2.7990018909003203,-1.7306591384845313
129.14000000000001,2.780855704073441,-1.8965374070328676
129.15,2.761071142759663,-2.05819039301722
129.16,2.739691896213097,-2.215343572451528
129.17000000000002,2.7167642713106326,-2.3677484064239964
129.18,2.6923369280846168,-2.515183135805616
129.19,2.66646060859452,-2.6574533203413164
129.2,2.63918786167779,-2.7943921270658048
129.21,2.610572766053204,-2.925860376322741
129.22,2.5806706541513353,-3.0517463566647125
129.23,2.5495378389199095,-3.1719654225296106
129.24,2.5172313457007434,-3.2864593907964506
129.25,2.4838086511039807,-3.3951957541031192
129.26,2.4493274306186814,-3.4981667301548893
129.27,2.4138453165008835,-3.595388167171867
129.28,2.377419667275244,-3.686898326132049
129.29,2.3401073499782425,-3.772756560589075
129.3,2.301964536063463,-3.85304191461183
129.31,2.263046511686006,-3.927851658843971
129.32,2.223407502886584,-3.99729978385612
129.33,2.183100516008884,-4.061515468905053
129.34,2.142177193508483,-4.1206415429666015
129.35,2.100687685149552,-4.174832953515608
129.36,2.0586805344381705,-4.2242552570289424
129.37,2.016202580008973,-4.269083143625442
129.38,1.9732988715656616,-4.3094990066659
129.39000000000001,1.930012599875655,-4.345691566548979
129.4,1.886385040234682,-4.3778545563834745
129.41,1.8424555087479857,-4.406185475717585
129.42000000000002,1.7982613307203306,-4.430884417081486
129.43,1.753837820406356,-4.452152968766015
129.44,1.7092182713450101,-4.47019319602933
129.45,1.6644339564857693,-4.485206701802855
129.46,1.619514137308953,-4.497393766962356
129.47,1.574486081146522,-4.506952569341302
129.48,1.5293750859221267,-4.5140784798909195
129.49,1.4842045115487035,-4.518963433731589
129.5,1.4389958172474948,-4.521795373288882
129.51,1.3937686040829258,-4.522757760258417
129.52,1.3485406620423266,-4.522029152789937
129.53,1.3033280210271272,-4.51978284401473
129.54,1.258145005162032,-4.516186557853639
129.55,1.2130042898700544,-4.511402197927055
129.56,1.167916961203491,-4.505585645335141
129.57,1.1228925769633515,-4.49888660107801
129.58,1.0779392291819307,-4.491448468933806
129.59,1.0330636075846755,-4.4834082747002535
129.6,0.9882710636879257,-4.474896617825449
129.61,0.9435656752281666,-4.466037651599979
129.62,0.8989503106559262,-4.456949088249323
129.63,0.8544266934631802,-4.447742225447612
129.64000000000001,0.8099954661469739,-4.43852199096679
129.65,0.7656562536438444,-4.429387002374903
129.66,0.7214077260994759,-4.420429638900432
129.67000000000002,0.6772476608658358,-4.411736122783192
129.68,0.633173003643812,-4.403386607634121
129.69,0.5891799287131533,-4.395455271524222
129.7,0.5452638982133277,-4.388010412715571
129.71,0.501419720458842,-4.381114546133431
129.72,0.45764160729065906,-4.374824498857391
129.73,0.4139232304816941,-4.369191503080502
129.74,0.37025777722904896,-4.364261285148429
129.75,0.3266380047787255,-4.36007414944559
129.76,0.2830562942401371,-4.356665056042383
129.77,0.23950470365787782,-4.354063691157182
129.78,0.1959750204169935,-4.352294529619378
129.79,0.1524588130654903,-4.351376888645939
129.8,0.10894748264407474,-4.351324972364531
129.81,0.06543231361819968,-4.352147906631916
129.82,0.021904524511436412,-4.3538497638081
129.83,-0.02164468165796232,-4.356429577255388
129.84,-0.06522406703367134,-4.359881345438101
129.85,-0.10884230856672435,-4.36419402560426
129.86,-0.15250794754575656,-4.369351517135962
129.87,-0.19622933890944358,-4.37533263476153
129.88,-0.24001460024098717,-4.382111071930819
129.89000000000001,-0.28387156034806,-4.389655354766161
129.9,-0.32780770733631037,-4.397928787116456
129.91,-0.37183013609038906,-4.406889387361561
129.92000000000002,-0.4159454950835416,-4.4164898177393574
129.93,-0.4601599324451762,-4.426677307099353
129.94,-0.5044790412255287,-4.437393568125101
129.95,-0.5489078038076782,-4.448574710213577
129.96,-0.5934505354298002,-4.4601511493533605
129.97,-0.6381108267947455,-4.472047516505257
129.98,-0.6828914857599054,-4.4841825661588395
129.99,-0.7277944781179224,-4.496469086916187
130.0,-0.7728208674982293,-4.508813816139283
130.01,-0.8179707544407081,-4.521117360889449
130.02,-0.8632432147160183,-4.533274127584756
130.03,-0.9086362369924033,-4.545172263003037
130.04,-0.9541466599760791,-4.556693609462215
130.05,-0.9997701091816475,-4.567713677213727
130.06,-1.0455009335203536,-4.5781016372861805
130.07,-1.0913321419273712,-4.5877203382116765
130.08,-1.1372553402845873,-4.596426350252614
130.09,-1.1832606689324237,-4.60407004091785
130.1,-1.2293367411029443,-4.610495685708789
130.11,-1.2754705826465995,-4.615541618162687
130.12,-1.321647573466198,-4.619040423355981
130.13,-1.3678513911137191,-4.620819179088027
130.14000000000001,-1.4140639570479587,-4.6206997489779384
130.15,-1.460265386093278,-4.618499131666583
130.16,-1.5064339396812905,-4.614029870214055
130.17000000000002,-1.5525459834975592,-4.607100525611905
130.18,-1.5985759501935286,-4.597516218080627
130.19,-1.6444963078591717,-4.585079239488224
130.2,-1.690277534983293,-4.569589739797211
130.21,-1.735888102655116,-4.550846489917996
130.22,-1.781294464781653,-4.528647722709931
130.23,-1.8264610571093147,-4.502792053122455
130.24,-1.8713503058441021,-4.473079477604402
130.25,-1.9159226466614026,-4.43931245192839
130.26,-1.96013655488267,-4.401297045480416
130.27,-2.003948587571011,-4.358844168856415
130.28,-2.047313438259798,-4.311770870294799
130.29,-2.0901840049769067,-4.259901695067764
130.3,-2.1325114721611533,-4.203070100469068
130.31,-2.174245406986288,-4.141119917491035
130.32,-2.215333870510974,-4.07390684870166
130.33,-2.255723543960322,-4.0012999902413515
130.34,-2.2953598703158016,-3.9231833642894425
130.35,-2.3341872112461104,-3.839457446838535
130.36,-2.3721490192525723,-3.750040674198582
130.37,-2.4091880247300823,-3.654870910373768
130.38,-2.4452464374600478,-3.5539068563568734
130.39000000000001,-2.48026616185722,-3.447129381511786
130.4,-2.5141890250902836,-3.3345427566085597
130.41,-2.546957016989391,-3.2161757677784006
130.42000000000002,-2.5785125404458515,-3.092082690706194
130.43,-2.608798670803515,-2.96234410480864
130.44,-2.6377594225420244,-2.827067527982968
130.45,-2.665340021363175,-2.686387853772543
130.46,-2.6914871796174755,-2.540467574489597
130.47,-2.716149372852967,-2.389496775959061
130.48,-2.739277115136657,-2.2336928920861148
130.49,-2.7608232306946894,-2.0733002103761686
130.5,-2.7807431193441805,-1.9085891228091658
130.51,-2.798995013150873,-1.7398551200373946
130.52,-2.8155402217449286,-1.5674175306726017
130.53,-2.830343363764325,-1.3916180113787855
130.54,-2.8433725819725044,-1.2128187975074443
130.55,-2.854599739714474,-1.03140072801164
130.56,-2.8640005965327373,-0.8477610622594691
130.57,-2.8715549609596636,-0.6623111100409261
130.58,-2.877246818733556,-0.47547369943146545
130.59,-2.881064434948293,-0.2876805101529203
130.6,-2.8830004289366142,-0.09936930257845611
130.61,-2.883051820999862,0.08901892550505053
130.62,-2.8812200504265135,0.27704282089048415
130.63,-2.8775109645820525,0.46426356147127523
130.64000000000001,-2.8719347791970877,0.6502477129713646
130.65,-2.8645060103226245,0.8345700221313819
130.66,-2.85524337875446,1.016816113802239
130.67000000000002,-2.84416968804658,1.1965850612070423
130.68,-2.8313116775303193,1.3734918009976111
130.69,-2.816699852026628,1.5471693675885665
130.7,-2.800368290178548,1.717270924523411
130.71,-2.7823544335361596,1.883471574227415
130.72,-2.7626988586939993,2.045469931339355
130.73,-2.7414450349093724,2.202989448793036
130.74,-2.718639069718139,2.3557794898449536
130.75,-2.6943294451124733,2.503616143224413
130.76,-2.6685667468536507,2.646302782430741
130.77,-2.641403389463859,2.7836703738409225
130.78,-2.6128933393768325,2.91557754165216
130.79,-2.583091838630816,3.0419104007112447
130.8,-2.5520551313626076,3.162582170932254
130.81,-2.5198401952121707,3.277532589244968
130.82,-2.4865044795777087,3.3867271368302316
130.83,-2.4521056524755664,3.4901561007792017
130.84,-2.416701357562125,3.587833490266246
130.85,-2.380348982670242,3.679795827865696
130.86,-2.3431054410048113,3.7661008367947044
130.87,-2.305026965934348,3.846826044659468
130.88,-2.266168920111622,3.9220673237568024
130.89000000000001,-2.226585619459212,3.9919373871781936
130.9,-2.1863301723680584,4.056564258922014
130.91,-2.145454334280772,4.116089734985495
130.92000000000002,-2.1040083776683485,4.170667851024756
130.93,-2.062040977260277,4.220463370680675
130.94,-2.0195991102547346,4.265650307110136
130.95,-1.9767279711180736,4.3064104886724905
130.96,-1.9334709004812847,4.342932178132506
130.97,-1.8898693275554235,4.375408753182227
130.98,-1.84596272541764,4.404037454579195
130.99,-1.8017885784638394,4.429018206767563
131.0,-1.7573823612822888,4.4505525145074225
131.01,-1.712777528173691,4.468842437798299
131.02,-1.6680055125263227,4.484089646253197
131.03,-1.623095735248627,4.496494553064889
131.04,-1.578075621465025,4.506255527808184
131.05,-1.5329706246924633,4.513568186539978
131.06,-1.4878042577342252,4.518624756990371
131.07,-1.4425981295526558,4.5216135160782835
131.08,-1.3973719874126593,4.522718296528067
131.09,-1.3521437636220943,4.52211805900246
131.1,-1.3069296262326102,4.519986525894325
131.11,-1.261744033104208,4.5164918727267
131.12,-1.2165997887780764,4.511796472989465
131.13,-1.1715081036444186,4.50605669218313
131.14000000000001,-1.1264786549344137,4.499422726837635
131.15,-1.081519649107666,4.492038484318801
131.16,-1.0366378852480376,4.484041499319895
131.17000000000002,-0.991838819121268,4.475562883053487
131.18,-0.947126627586968,4.46672730130334
131.19,-0.9025042730952013,4.457652977661424
131.2,-0.8579735680337396,4.448451718456264
131.21,-0.8135352387260761,4.439228956071026
131.22,-0.7691889889123191,4.430083807549095
131.23,-0.7249335625750943,4.421109145587837
131.24,-0.6807668060005624,4.4123916792249736
131.25,-0.6366857289905948,4.404012041723936
131.26,-0.5926865651660836,4.396044883362948
131.27,-0.5487648313233359,4.3885589670256335
131.28,-0.504915385825571,4.38161726467766
131.29,-0.4611324860297827,4.375277052993383
131.3,-0.41740984476570336,4.369590006568163
131.31,-0.3737406858984194,4.364602287315685
131.32,-0.3301177990193897,4.360354628805204
131.33,-0.28653359332231537,4.356882414441419
131.34,-0.24298015073056137,4.354215748529755
131.35,-0.1994492783517203,4.352379519403059
131.36,-0.1559325603425002,4.351393453912326
131.37,-0.11242140927347377,4.351272162705061
131.38,-0.06890711708839897,4.352025175830959
131.39000000000001,-0.025380905756854595,4.35365696832657
131.4,0.018166022278132427,4.356166975539514
131.41,0.061742433753935684,4.359549598059568
131.42000000000002,0.1053570142393238,4.363794196229504
131.43,0.14901831767852577,4.368885074313957
131.44,0.19273471572560294,4.374801454510871
131.45,0.2365143467687432,4.381517441098126
131.46,0.28036506454756543,4.389001975118838
131.47,0.32429438627111995,4.397218780123471
131.48,0.36830944015003486,4.4061262996061465
131.49,0.41241691226324284,4.415677626897285
131.5,0.4566229926879805,4.425820428405676
131.51,0.5009333208313563,4.436496861240901
131.52,0.5453529299127985,4.447643486392288
131.53,0.589886190559202,4.4591911787936445
131.54,0.6345367534886713,4.471065035764142
131.55,0.6793074912744849,4.483184285484947
131.56,0.7242004391983703,4.495462197348327
131.57,0.7692167352214515,4.507805996200613
131.58,0.8143565591223826,4.5201167826918045
131.59,0.8596190708752875,4.532289462141718
131.6,0.905002348365217,4.544212684534056
131.61,0.9505033245659686,4.555768798453691
131.62,0.9961177243342908,4.56683382198666
131.63,1.041840001005702,4.577277433804022
131.64000000000001,1.0876632730103715,4.586962987846659
131.65,1.1335792607626354,4.595747555214422
131.66,1.17957822411466,4.6034819970354
131.67000000000002,1.2256489007033433,4.610011072244549
131.68,1.2717784455595509,4.615173584329818
131.69,1.3179523723899396,4.618802571202204
131.7,1.3641544969835948,4.620725542407013
131.71,1.4103668832380798,4.620764767909814
131.72,1.4565697923417913,4.618737622654484
131.73,1.5027416356911696,4.614456990994158
131.74,1.5488589321616746,4.60773173493078
131.75,1.5948962703897853,4.598367229856606
131.76,1.6408262767588067,4.586165971163601
131.77,1.6866195898130572,4.570928254665911
131.78,1.7322448418521248,4.552452933259552
131.79,1.7776686484782482,4.530538251615581
131.8,1.8228556068844364,4.504982759963275
131.81,1.8677683036775137,4.475586307164839
131.82,1.912367333027733,4.4421511123113415
131.83,1.9566113259237405,4.40448291298194
131.84,2.000456991287372,4.3623921871088465
131.85,2.0438591696659176,4.3156954440857405
131.86,2.086770900169087,4.264216579358092
131.87,2.1291435012530795,4.207788285254539
131.88,2.1709266658741777,4.146253509277462
131.89000000000001,2.212068571438629,4.079466949491093
131.9,2.252516004864,4.007296575053808
131.91,2.292214502939705,3.929625158368887
131.92000000000002,2.3311085080313774,3.846351803809986
131.93,2.3691415390159043,3.757393456552288
131.94,2.4062563771624226,3.662686373748895
131.95,2.442395266490882,3.562187539177625
131.96,2.477500127945975,3.4558760015898016
131.97,2.511512786522678,3.343754116363373
131.98,2.5443752102732424,3.225848669739492
131.99,2.5760297599174677,3.102211864942839
132.0,2.606419447572099,2.9729221498849188
132.01,2.635488202915166,2.8380848669531518
132.02,2.663181144911162,2.697832706615493
132.03,2.6894448570474756,2.5523259482295444
132.04,2.7142276638757528,2.401752473534812
132.05,2.737479906518172,2.246327540812997
132.06,2.7591542146920127,2.086293310597585
132.07,2.7792057727301236,1.9219181170611077
132.08,2.797592577033235,1.7534954827544074
132.09,2.8142756823852118,1.581342878153064
132.1,2.8292194345962964,1.405800231407344
132.11,2.8423916870133588,1.2272281977100383
132.12,2.853763998550497,1.0460062017012088
132.13,2.8633118110473825,0.8625302702257674
132.14000000000001,2.871014603955012,0.6772106764535325
132.15,2.876856024576453,0.490469419768332
132.16,2.8808239923503782,0.30273756884446035
132.17000000000002,2.882910775953342,0.11445249787518205
132.18,2.8831130423078815,-0.073944952069975
132.19,2.8814318769119422,-0.26201335315996543
132.2,2.877872775244682,-0.44931357819646883
132.21,2.8724456053480125,-0.6354116609529442
132.22,2.865164542025623,-0.8198815956368948
132.23,2.856047973435275,-1.0023080428077322
132.24,2.8451183811694687,-1.182288910845456
132.25,2.832402195218366,-1.359437784388409
132.26,2.817929625481701,-1.533386173978352
132.27,2.8017344717387993,-1.7037855643923452
132.28,2.783853914193854,-1.870309242718254
132.29,2.764328286884434,-2.032653891052404
132.3,2.743200836372806,-2.190540932668905
132.31,2.7205174682310562,-2.3437176245352407
132.32,2.6963264838821015,-2.491957893035555
132.33,2.6706783103703455,-2.635062913624839
132.34,2.6436252256096053,-2.77286143879529
132.35,2.61522108159444,-2.9052098821217194
132.36,2.585521027967171,-3.0319921692087073
132.37,2.554581238210266,-3.1531193690433716
132.38,2.5224586405863034,-3.268529121532044
132.39000000000001,2.4892106557796247,-3.3781848788475175
132.4,2.4548949430093527,-3.48207497962886
132.41,2.4195691561870474,-3.580211576062442
132.42000000000002,2.3832907114881037,-3.6726294344454824
132.43,2.3461165674981377,-3.759384630015507
132.44,2.3081030188877936,-3.8405531566514357
132.45,2.269305504365109,-3.9162294715509365
132.46,2.2297784294567746,-3.986524994204672
132.47,2.189575004481015,-4.0515665779639685
132.48,2.1487470978974956,-4.111494971278182
132.49,2.107345105055452,-4.1664632843051495
132.5,2.0654178322113923,-4.216635475114706
132.51,2.0230123955531574,-4.262184868151063
132.52,1.980174134848371,-4.303292716031453
132.53,1.9369465412325284,-4.340146814168696
132.54,1.893371198564997,-4.372940176143174
132.55,1.8494877377096648,-4.401869776239676
132.56,1.8053338030402033,-4.4271353641270546
132.57,1.7609450304271237,-4.448938355309837
132.58,1.7163550359340067,-4.467480799733001
132.59,1.6715954144324636,-4.482964429782621
132.6,1.6266957473383543,-4.495589787901064
132.61,1.5816836186744425,-4.505555433128121
132.62,1.536584638675792,-4.513057225088326
132.63,1.491422474172676,-4.518287683267253
132.64000000000001,1.446218885010447,-4.521435418851262
132.65,1.4009937657956508,-4.522684635940175
132.66,1.3557651922916436,-4.522214698573904
132.67000000000002,1.3105494718241728,-4.520199759734307
132.68,1.2653611970969576,-4.516808448284559
132.69,1.2202133028584818,-4.512203609681667
132.7,1.1751171249033243,-4.5065420962352
132.71,1.1300824609337778,-4.499974602678499
132.72,1.0851176328497543,-4.492645542859962
132.73,1.0402295500765786,-4.484692963443761
132.74,0.9954237735808791,-4.476248490624771
132.75,0.9507045802640832,-4.467437306005041
132.76,0.9060750274607783,-4.458378147943069
132.77,0.8615370173052218,-4.449183334867141
132.78,0.8170913607634356,-4.439958807235476
132.79,0.7727378411605124,-4.43080418502481
132.8,0.7284752770629394,-4.421812837831831
132.81,0.6843015844038758,-4.413071964875604
132.82,0.6402138377654273,-4.404662682391354
132.83,0.5962083307560486,-4.396660116104621
132.84,0.5522806354433348,-4.389133496668368
132.85,0.5084256608226813,-4.382146256132882
132.86,0.4646377103206772,-4.375756123698333
132.87,0.4209105383487146,-4.37001521917222
132.88,0.3772374059372328,-4.36497014271822
132.89000000000001,0.33361113549435023,-4.360662059639222
132.9,0.29002416474444837,-4.357126779085666
132.91,0.24646859991263692,-4.354394825721049
132.92000000000002,0.20293626823002742,-4.35249150351015
132.93,0.15941876984243394,-4.351436950922686
132.94,0.1159075292115737,-4.3512461869665096
132.95,0.07239384610310376,-4.351929147580873
132.96,0.02886894625995623,-4.353490712032593
132.97,-0.0146759681375481,-4.355930719067046
132.98,-0.05824966812138469,-4.359243972672817
132.99,-0.10186084759100446,-4.363420237424436
133.0,-0.14551807286987342,-4.368444223473026
133.01,-0.18922973206046498,-4.374295561360827
133.02,-0.23300398409708997,-4.380948766943461
133.03,-0.2768487073993342,-4.388373196814404
133.04,-0.3207714480333781,-4.396532994740468
133.05,-0.3647793672941436,-4.405387029735921
133.06,-0.4088791886280965,-4.414888826527164
133.07,-0.4530771438246869,-4.424986489290337
133.08,-0.49737891841390325,-4.435622619681431
133.09,-0.5417895962183156,-4.446734230323199
133.1,-0.5863136030203673,-4.458252655065531
133.11,-0.6309546493196262,-4.470103457496465
133.12,-0.6757156721702966,-4.482206339349567
133.13,-0.7205987761066176,-4.494475050629944
133.14000000000001,-0.7656051731828956,-4.5068173034652155
133.15,-0.8107351221759219,-4.519134691878651
133.16,-0.8559878670204685,-4.5313226198784315
133.17000000000002,-0.9013615745734904,-4.543270240458142
133.18,-0.9468532718296313,-4.554860408307405
133.19,-0.9924587827396385,-4.565969649235866
133.2,-1.0381726648143486,-4.576468149515688
133.21,-1.0839881457299523,-4.586219768544248
133.22,-1.1298970601852336,-4.595082078415967
133.23,-1.1758897872982716,-4.60290643416589
133.24,-1.2219551888685514,-4.609538078602776
133.25,-1.2680805488703273,-4.614816285780586
133.26,-1.3142515145841631,-4.618574547258203
133.27,-1.3604520398154913,-4.620640805361365
133.28,-1.4066643306913906,-4.620837737680834
133.29,-1.4528687945691081,-4.618983097009207
133.3,-1.4990439926315748,-4.614890110827396
133.31,-1.545166596785656,-4.608367944292398
133.32,-1.5912113515174227,-4.599222230442225
133.33,-1.6371510413945005,-4.587255671013469
133.34,-1.6829564649376922,-4.572268710854063
133.35,-1.7285964156115818,-4.5540602884009695
133.36,-1.7740376707057115,-4.532428664073452
133.37,-1.8192449888930509,-4.507172327701955
133.38,-1.8641811172597504,-4.478090985266925
133.39000000000001,-1.9088068085983891,-4.444986624259421
133.4,-1.9530808497449388,-4.407664655896949
133.41,-1.996960101716328,-4.365935131237036
133.42000000000002,-2.0403995523696796,-4.319614026934444
133.43,-2.083352382255017,-4.26852459499575
133.44,-2.1257700442695944,-4.212498769411485
133.45,-2.1676023576432466,-4.151378621009169
133.46,-2.208797616689778,-4.085017850292948
133.47,-2.249302714649106,-4.013283306443703
133.48,-2.289063282818652,-3.936056519078324
133.49,-2.3280238450306725,-3.853235227843087
133.5,-2.366127987375514,-3.764734893481845
133.51,-2.403318542900309,-3.6704901727160797
133.52,-2.4395377908298355,-3.5704563381436096
133.53,-2.4747276696631815,-3.464610623449908
133.54,-2.5088300032988338,-3.352953473573953
133.55,-2.5417867391346602,-3.2355096791213445
133.56,-2.5735401968812606,-3.1123293743096827
133.57,-2.604033326620854,-2.9834888780987794
133.58,-2.633209974443236,-2.849091358928663
133.59,-2.661015153799427,-2.709267304680848
133.6,-2.6873953205368526,-2.564174781102873
133.61,-2.7122986494214847,-2.4139994639916567
133.62,-2.735675309816686,-2.2589544329049156
133.63,-2.7574777380795834,-2.0992797170362762
133.64000000000001,-2.777660904157412,-1.9352415871105049
133.65,-2.7961825698217937,-1.767131590679504
133.66,-2.813003535971002,-1.5952653319643706
133.67000000000002,-2.8280878764610806,-1.4199810013201473
133.68,-2.841403155997405,-1.2416376634150301
133.69,-2.8529206297293817,-1.0606133172249628
133.7,-2.8626154223419045,-0.8773027448536381
133.71,-2.8704666846264546,-0.692115169901427
133.72,-2.8764577257399333,-0.5054717495308231
133.73,-2.8805761196170714,-0.3178029274216841
133.74,-2.882813784288367,-0.12954567739593656
133.75,-2.88316703316499,0.05885933045148986
133.76,-2.8816365976793374,0.24697060780738522
133.77,-2.8782276210088424,0.4343487362277032
133.78,-2.872949622954783,0.6205592309100824
133.79,-2.8658164363906407,0.8051753462646858
133.8,-2.856846116029489,0.9877807905001996
133.81,-2.8460608205806364,1.1679723181574708
133.82,-2.83348666966634,1.3453621718036017
133.83,-2.8191535771445646,1.5195803468821332
133.84,-2.8030950627286972,1.6902766569254934
133.85,-2.7853480440060547,1.8571225798896343
133.86,-2.765952611130905,2.01981287017639
133.87,-2.744951786602527,2.1780669248716737
133.88,-2.7223912726334714,2.3316298967518683
133.89000000000001,-2.6983191886674898,2.4802735506039424
133.9,-2.6727858016213926,2.6237968632796647
133.91,-2.6458432514018964,2.7620263715813795
133.92000000000002,-2.617545274189765,2.8948162754864994
133.93,-2.5879469258921666,3.0220483073019597
133.94,-2.557104308043726,3.1436313800524287
133.95,-2.525074298291118,3.2595010307139525
133.96,-2.4919142874294464,3.3696186757876503
133.97,-2.4576819247753643,3.473970698158072
133.98,-2.4224348734662846,3.572567385201425
133.99,-2.3862305770713355,3.6654417387139357
134.0,-2.3491260386920056,3.752648177442941
134.01,-2.3111776135224766,3.834261152853163
134.02,-2.2724408156349427,3.9103736982840163
134.03,-2.2329701395567967,3.9810959308908567
134.04,-2.192818897017126,4.046553524756632
134.05,-2.152039069061664,4.10688617235421
134.06,-2.1106811735700415,4.162246050177412
134.07,-2.0687941480581156,4.212796302882732
134.08,-2.0264252475123867,4.25870955873381
134.09,-1.9836199568834396,4.30016648755377
134.1,-1.9404219177613113,4.337354410799815
134.11,-1.8968728686674434,4.370465971809102
134.12,-1.8530125983251293,4.399697872749878
134.13,-1.8088789112124457,4.425249683367934
134.14000000000001,-1.7645076046577706,4.447322725261957
134.15,-1.7199324567072065,4.4661190341650405
134.16,-1.6751852239744696,4.481840401562052
134.17000000000002,-1.6302956486759652,4.494687495939302
134.18,-1.5852914740556834,4.504859063046226
134.19,-1.5401984674150406,4.51255120374849
134.2,-1.4950404499807135,4.517956727365456
134.21,-1.4498393328677315,4.521264577808076
134.22,-1.4046151584245519,4.522659329360306
134.23,-1.3593861462805252,4.522320748571162
134.24,-1.3141687434531288,4.520423418437988
134.25,-1.2689776779117656,4.517136420856393
134.26,-1.223826015036001,4.512623073180123
134.27,-1.1787252164481632,4.50704071466677
134.28,-1.1336852007426657,4.5005405385742465
134.29,-1.0887144056766782,4.493267465710685
134.3,-1.0438198514284518,4.4853600553192505
134.31,-0.9990072045702931,4.4769504492922785
134.32,-0.9542808424426061,4.468164345849787
134.33,-0.9096439176532973,4.45912099897982
134.34,-0.8650984224630098,4.449933240116963
134.35,-0.8206452528509581,4.440707518726106
134.36,-0.7762842720884877,4.431543958656954
134.37,-0.7320143736778191,4.422536427337369
134.38,-0.6878335435417404,4.413772615077392
134.39000000000001,-0.6437389213762713,4.405334121958201
134.4,-0.5997268611025763,4.39729654997926
134.41,-0.5557929903766861,4.389729598330983
134.42000000000002,-0.5119322691359567,4.382697159847956
134.43,-0.468139047179727,4.3762574168784685
134.44,-0.4244071207983873,4.370462934979053
134.45,-0.3807297884801459,4.3653607530076854
134.46,-0.3370999057382336,4.360992468346207
134.47,-0.29350993911322176,4.357394316131472
134.48,-0.2499520194156042,4.354597241516107
134.49,-0.20641799428289964,4.352626964113943
134.5,-0.16289948013332534,4.351504033912893
134.51,-0.1193879136046418,4.351243878059843
134.52,-0.07587460257212848,4.351856838038935
134.53,-0.03235077684386309,4.353348196877208
134.54,0.01119236136541569,4.355718196120898
134.55,0.054763587078554866,4.35896204243271
134.56,0.09837160221406989,4.363069903766092
134.57,0.14202498515387668,4.368026895177865
134.58,0.18573214011762718,4.373813054446662
134.59,0.22950124624280993,4.380403307772293
134.6,0.27334020627307304,4.387767425941576
134.61,0.3172565947616414,4.3958699714601135
134.62,0.3612576057022753,4.404670237267974
134.63,0.40534999950700085,4.414122177781062
134.64000000000001,0.4495400492578964,4.424174333129858
134.65,0.493833486169598,4.4347697476039185
134.66,0.5382354442099748,4.445845883454571
134.67000000000002,0.5827504038386894,4.457334531360024
134.68,0.6273821348371753,4.469161719016944
134.69,0.6721336382190283,4.481247619490504
134.7,0.7170070872269854,4.493506461130777
134.71,0.7620037674416439,4.505846441046873
134.72,0.8071240160479228,4.518169644320554
134.73,0.8523671603280549,4.530371971337427
134.74,0.8977314554746715,4.542343075814641
134.75,0.9432140218443478,4.553966316307713
134.76,0.9888107818008257,4.565118724183455
134.77,1.0345163963280168,4.575670991248208
134.78,1.0803242016257897,4.585487480417719
134.79,1.1262261459363712,4.594426263003115
134.8,1.172212726885852,4.602339186362371
134.81,1.2182729296636186,4.609071975823502
134.82,1.264394166402322,4.6144643749189695
134.83,1.3105622171619977,4.6183503280743965
134.84,1.3567611729638098,4.620558209962013
134.85,1.402973381361238,4.620911105753124
134.86,1.4491793950788723,4.619227146476677
134.87,1.4953579242907715,4.6153199036047
134.88,1.5414857931509662,4.608998846831715
134.89000000000001,1.587537901227406,4.600069868785905
134.9,1.6334871905266843,4.588335880096441
134.91,1.6793046188293346,4.573597477836132
134.92000000000002,1.7249591400834068,4.5556536898539814
134.93,1.7704176926264141,4.534302796901811
134.94,1.815645196021443,4.5093432337375585
134.95,1.8606045573011651,4.480574569551435
134.96,1.9052566874124717,4.447798567107935
134.97,1.949560528643324,4.410820318927472
134.98,1.9934730937910212,4.369449457649226
134.99,2.036949517796309,4.323501436428289
135.0,2.079943122519587,4.272798873835157
135.01,2.1224054952730116,4.217172956257944
135.02,2.164286581644746,4.156464889275117
135.03,2.205534793058514,4.0905273878912265
135.04,2.2460971294025707,4.019226193936267
135.05,2.28591931693724,3.9424416073516064
135.06,2.324945961549603,3.8600700165561146
135.07,2.3631207172683624,3.772025411643292
135.08,2.400386469782469,3.6782408628444943
135.09,2.4366855345252523,3.5786699455476647
135.1,2.471959868693422,3.4732880922291107
135.11,2.506151296369834,3.362093850981453
135.12,2.539201745713051,3.2451100299460127
135.13,2.5710534969687546,3.1223847069215687
135.14000000000001,2.601649439851483,2.993992083757946
135.15,2.630933338643914,2.860033165880283
135.16,2.658850103169089,2.7206362484481588
135.17000000000002,2.685346063612877,2.575957192243714
135.18,2.710369247013963,2.4261794744043637
135.19,2.7338696531009643,2.2715140015568136
135.2,2.7557995270450992,2.1121986757454088
135.21,2.776113626615872,1.9484977067420977
135.22,2.794769481179941,1.7807006678275052
135.23,2.8117276399724225,1.6091212958807004
135.24,2.826951907097555,1.4340960405362662
135.25,2.8404095607831477,1.2559823711790095
135.26,2.852071554521135,1.07515685455977
135.27,2.8619126978743425,0.8920130197364391
135.28,2.8699118149158633,0.7069590307769602
135.29,2.876051878489882,0.5204151911116632
135.3,2.880320118738097,0.33281130650132607
135.31,2.8827081046199083,0.1445839362131871
135.32,2.8832117974623603,-0.04382643590122559
135.33,2.8818315759018835,-0.2319782772127332
135.34,2.8785722319181053,-0.419431894895947
135.35,2.8734429380039646,-0.6057523029288072
135.36,2.866457185859529,-0.7905120335623013
135.37,2.8576326973327184,-0.9732938603656565
135.38,2.846991308652216,-1.1536934016206537
135.39000000000001,2.8345588293003052,-1.3313215750761054
135.4,2.820364877150694,-1.5058068778188887
135.41,2.804442691743928,-1.676797468197384
135.42000000000002,2.7868289277867464,-1.8439630302628582
135.43,2.7675634311386705,-2.0069964049833535
135.44,2.746688999687079,-2.165614976438293
135.45,2.7242511316099045,-2.3195618052248324
135.46,2.7002977635825824,-2.46860650530601
135.47,2.674879001503784,-2.6125458644181263
135.48,2.6480468462942195,-2.751204211850408
135.49,2.6198549172667756,-2.884433540843387
135.5,2.590358175477352,-3.012113395964411
135.51,2.559612649347488,-3.134150538562313
135.52,2.527675164706106,-3.2504784057444076
135.53,2.4946030812326,-3.3610563802362865
135.54,2.46045403710138,-3.465868889969488
135.55,2.42528570343321,-3.5649243572965967
135.56,2.3891555499554484,-3.6582540183708163
135.57,2.352120623065794,-3.745910633469718
135.58,2.314237337286054,-3.827967108920385
135.59,2.275561280887386,-3.90451505083116
135.6,2.2361470362694305,-3.9756632700935794
135.61,2.196048015485514,-4.04153625712941
135.62,2.155316311126842,-4.10227264366584
135.63,2.1140025626121974,-4.158023667470469
135.64000000000001,2.0721558377774327,-4.208951654509266
135.65,2.029823529522012,-4.255228531445189
135.66,1.987051267148529,-4.297034379809906
135.67000000000002,1.9438828419258138,-4.334556041589455
135.68,1.9003601463167399,-4.367985784396285
135.69,1.856523126237888,-4.397520032880286
135.7,1.8124097456591344,-4.423358171581038
135.71,1.7680559628062675,-4.4457014230596155
135.72,1.723495717197942,-4.46475180388353
135.73,1.6787609267285968,-4.480711159881922
135.74,1.6338814940003037,-4.493780281045598
135.75,1.588885321107685,-4.50415809552044
135.76,1.5437983320898947,-4.512040941333187
135.77,1.498644502281021,-4.517621913793142
135.78,1.4534458938140318,-4.5210902859279605
135.79,1.4082226965624618,-4.52263099883063
135.8,1.362993273837419,-4.5224242184112935
135.81,1.3177742121942357,-4.520644954754211
135.82,1.2725803747423348,-4.517462740068803
135.83,1.2274249573928595,-4.513041361086071
135.84,1.1823195475206132,-4.507538641679386
135.85,1.1372741845592718,-4.5011062714735415
135.86,1.0922974220911426,-4.493889676240036
135.87,1.0473963910344712,-4.4860279259523885
135.88,1.0025768635720949,-4.477653676485748
135.89000000000001,0.9578433175047564,-4.468893141083703
135.9,0.9131990007504208,-4.459866087876062
135.91,0.8686459957472351,-4.4506858599091546
135.92000000000002,0.8241852835522377,-4.441459414340143
135.93,0.7798168074604322,-4.432287377644765
135.94,0.7355395359993424,-4.423264113890338
135.95,0.6913515251826255,-4.414477803329597
135.96,0.6472499799327505,-4.406010528773558
135.97,0.6032313146071543,-4.39793836740092
135.98,0.5592912125847319,-4.390331485856054
135.99,0.5154246848900331,-4.383254236675867
136.0,0.47162612785121455,-4.376765254267162
136.01,0.4278893798046899,-4.370917548829641
136.02,0.38420777687462176,-4.365758596785371
136.03,0.3405742078689825,-4.361330426433013
136.04,0.2969811683459615,-4.357669697694728
136.05,0.2534208139150879,-4.3548077749656375
136.06,0.20988501284664873,-4.352770792210431
136.07,0.1663653980708793,-4.351579709579942
136.08,0.12285341865504991,-4.351250360942737
136.09,0.07934039085202456,-4.351793491843956
136.1,0.035817548818170813,-4.353214787516504
136.11,-0.00772390489830552,-4.355514890679321
136.12,-0.0512927489954156,-4.358689408964536
136.13,-0.09489769307759625,-4.362728911921164
136.14000000000001,-0.1385473272338389,-4.3676189176483025
136.15,-0.1822500714305623,-4.3733398692167675
136.16,-0.22601412461817422,-4.379867101145656
136.17000000000002,-0.2698474134534754,-4.387170796310457
136.18,-0.3137575405443834,-4.395215933772966
136.19,-0.35775173212893474,-4.403962228141375
136.2,-0.4018367851072109,-4.413364061192242
136.21,-0.4460190133527796,-4.423370406615465
136.22,-0.49030419323952024,-4.433924748879519
136.23,-0.53469750833037,-4.444964997357655
136.24,-0.5792034931866734,-4.456423397006947
136.25,-0.6238259762705091,-4.468226437051218
136.26,-0.6685680219276978,-4.480294759286223
136.27,-0.7134318714562334,-4.492543067800715
136.28,-0.758418883283712,-4.504880042089926
136.29,-0.803529472298032,-4.517208255727884
136.3,-0.8487630483982698,-4.529424102960851
136.31,-0.8941179543572491,-4.541417735784747
136.32,-0.9395914031139647,-4.553073014272973
136.33,-0.9851794146427084,-4.564267473125393
136.34,-1.0308767525764724,-4.574872307611793
136.35,-1.0766768607949442,-4.5847523822807865
136.36,-1.122571800222088,-4.593766265994119
136.37,-1.1685521861148265,-4.601766297022483
136.38,-1.2146071261625377,-4.608598682097453
136.39000000000001,-1.2607241597567755,-4.6141036334494645
136.4,-1.306889198831527,-4.618115547967974
136.41,-1.3530864707161352,-4.620463232690427
136.42000000000002,-1.3992984634853358,-4.6209701808542345
136.43,-1.44550587433322,-4.619454902723103
136.44,-1.491687561539798,-4.615731315317762
136.45,-1.5378205006395753,-4.609609195033144
136.46,-1.583879745440461,-4.600894696901003
136.47,-1.6298383945775954,-4.589390943950654
136.48,-1.6756675643194738,-4.5748986897227795
136.49,-1.7213363683720508,-4.557217056494847
136.5,-1.7668119054493707,-4.536144351174885
136.51,-1.8120592553955486,-4.511478960107791
136.52,-1.8570414846515266,-4.4830203232111225
136.53,-1.9017196618597711,-4.45056998691348
136.54,-1.9460528843897964,-4.413932734308414
136.55,-1.9899983165459396,-4.37291778976347
136.56,-2.033511240185066,-4.327340093943514
136.57,-2.07654511842481,-4.277021643829743
136.58,-2.119051673061661,-4.221792890853991
136.59,-2.16098097624189,-4.161494188739802
136.6,-2.2022815568364567,-4.095977281068851
136.61,-2.2429005218632665,-4.025106816999734
136.62,-2.282783693176451,-3.9487618819860257
136.63,-2.3218757595029866,-3.866837528806061
136.64000000000001,-2.360120443752572,-3.7792462927656407
136.65,-2.397460685358299,-3.6859196736075415
136.66,-2.4338388372247226,-3.586809565500856
136.67000000000002,-2.4691968766683163,-3.4818896155327157
136.68,-2.503476629535377,-3.37115649042848
136.69,-2.5366200064768862,-3.2546310308263218
136.70000000000002,-2.5685692501519033,-3.132359272367554
136.71,-2.5992671919242367,-3.004413313169816
136.72,-2.6286575164152994,-2.870892007954919
136.73,-2.6566850320833355,-2.7319214702275048
136.74,-2.6832959458198498,-2.5876553654561807
136.75,-2.708438139392459,-2.438274980196268
136.76,-2.7320614454237755,-2.2839890545017902
136.77,-2.7541179204824955,-2.1250333677804734
136.78,-2.7745621127793854,-1.9616700714130346
136.79,-2.793351321910756,-1.7941867649379186
136.8,-2.8104458480781433,-1.6228953163337814
136.81,-2.8258092282374316,-1.4481304308422447
136.82,-2.839408456694988,-1.2702479767812018
136.83,-2.8512141877730555,-1.089623080815414
136.84,-2.8612009183112965,-0.9066480090826825
136.85,-2.8693471479547092,-0.721729854325014
136.86,-2.875635515397797,-0.5352880526505951
136.87,-2.8800529090077207,-0.34775175666412406
136.88,-2.882590550531079,-0.15955709436767923
136.89000000000001,-2.8832440508950743,0.028855654620059318
136.9,-2.882013437438678,0.21704493241054654
136.91,-2.8789031522468633,0.404570791695694
136.92000000000002,-2.8739220216047636,0.5909977657402818
136.93,-2.8670831969320574,0.7758976855118122
136.94,-2.8584040678945275,0.9588524109460146
136.95000000000002,-2.8479061487131374,1.1394564449671685
136.96,-2.8356149389951844,1.3173194010766565
136.97,-2.8215597606916045,1.4920682980307391
136.98,-2.8057735730345694,1.6633496582764893
136.99,-2.7882927675260745,1.8308313903199773
137.0,-2.76915694522817,1.994204438972706
137.01,-2.7484086787466206,2.1531841913664027
137.02,-2.726093261400842,2.3075116306471117
137.03,-2.7022584461336785,2.456954233263787
137.04,-2.6769541767355665,2.601306609665938
137.05,-2.6502323139403594,2.740390891938498
137.06,-2.622146358896796,2.8740568753586766
137.07,-2.5927511764331856,3.0021819239989904
137.08,-2.5621027204168163,3.124670653275014
137.09,-2.5302577633676857,3.2414544047104754
137.1,-2.497273632322607,3.352490530143829
137.11,-2.4632079527648094,3.4577615041194782
137.12,-2.4281184022402176,3.5572738842951357
137.13,-2.3920624750789066,3.6510571403667424
137.14000000000001,-2.355097259432883,3.739162372285411
137.15,-2.3172792276331986,3.8216609384461164
137.16,-2.27866404066396,3.898643014100649
137.17000000000002,-2.2393063673511855,3.970216099527151
137.18,-2.1992597186734173,4.036503496517931
137.19,-2.1585762974208267,4.0976427705698955
137.20000000000002,-2.1173068632620193,4.153784214821618
137.21,-2.0755006131243947,4.205089330320364
137.22,-2.0332050766556127,4.251729335661609
137.23,-1.9904660264111629,4.293883717460201
137.24,-1.9473274023064089,4.331738831520059
137.25,-1.903831249780762,4.365486562998076
137.26,-1.8600176710464476,4.395323052333322
137.27,-1.8159247887340955,4.4214474922561005
137.28,-1.7715887212013255,4.444060999820093
137.29,-1.7270435687376937,4.463365566127781
137.3,-1.68232140987877,4.479563085254047
137.31,-1.6374523070326128,4.492854462821092
137.32,-1.5924643206223483,4.503438803742478
137.33,-1.5473835309577633,4.511512677835363
137.34,-1.5022340670656409,4.517269461295598
137.35,-1.4570381417318512,4.5208987514364205
137.36,-1.4118160920369125,4.522585851602337
137.37,-1.3665864246998045,4.522511322778886
137.38,-1.3213658655813347,4.5208505981187095
137.39000000000001,-1.2761694127374303,4.517773656386824
137.4,-1.2310103924535984,4.513444750184748
137.41,-1.1859005177337354,4.5080221847359985
137.42000000000002,-1.1408499487588784,4.501658142996088
137.43,-1.0958673548738138,4.4944985528806125
137.44,-1.0509599777012661,4.486682992477811
137.45000000000002,-1.0061336950242574,4.4783446292199285
137.46,-0.9613930851168675,4.469610189124341
137.47,-0.9167414912417706,4.460599952374728
137.48,-0.872181086069373,4.451427771689166
137.49,-0.8277129358079873,4.442201110111177
137.5,-0.7833370638671494,4.433021095057196
137.51,-0.7390525139068433,4.423982585656088
137.52,-0.6948574121540276,4.415174250620109
137.53,-0.6507490288944411,4.406678654089454
137.54,-0.6067238390722385,4.398572347092241
137.55,-0.5627775819525962,4.390925962456699
137.56,-0.5189053198231044,4.383804311201151
137.57,-0.4751014957285732,4.377266478609238
137.58,-0.43135999025091964,4.371365918372081
137.59,-0.3876741773611315,4.366150543345264
137.6,-0.34403697938401434,4.361662811626761
137.61,-0.3004409211285963,4.357939806812114
137.62,-0.25687818324777206,4.355013311425693
137.63,-0.21334065490008244,4.352909872662227
137.64000000000001,-0.1698199857945275,4.35165085970143
137.65,-0.12630763770605383,4.351252511981269
137.66,-0.08279493555490212,4.351725977932968
137.67000000000002,-0.03927311814739447,4.353077343794043
137.68,0.004266611320978739,4.355307652225443
137.69,0.04783303489711439,4.358412910566218
137.70000000000002,0.0914348695323031,4.3623840886649665
137.71,0.13508071667041374,4.367207106332661
137.72,0.17877901165895635,4.372862810567341
137.73,0.22253797288176055,4.379326942808535
137.74,0.26636555051512706,4.386570096589187
137.75,0.31026937481354433,4.394557666066172
137.76,0.3542567038364505,4.403249786028215
137.77,0.39833437053410864,4.412601264102936
137.78,0.44250872911850925,4.422561506013624
137.79,0.4867856006543811,4.433074434871947
137.8,0.5311702178159482,4.444078405635659
137.81,0.5756671687670942,4.45550611601086
137.82,0.6202803401361654,4.4672845152369804
137.83,0.6650128590718339,4.479334712359252
137.84,0.7098670343833504,4.491571885768125
137.85,0.7548442967871963,4.503905195967391
137.86,0.7999451383026982,4.516237703722136
137.87,0.8451690508616391,4.528466295933075
137.88,0.8905144642213597,4.540481621784107
137.89000000000001,0.9359786832973213,4.552168041913275
137.9,0.9815578250596253,4.5634035935617305
137.91,1.027246755168556,4.574059974858095
137.92000000000002,1.0730390245567873,4.584002551593752
137.93,1.118926806200431,4.593090390034467
137.94,1.1649008323574765,4.601176319491055
137.95000000000002,1.2109503325902522,4.608107028531892
137.96,1.2570629729281146,4.613723198857466
137.97,1.3032247965674015,4.61785968096589
137.98,1.3494201665474324,4.620345715811896
137.99,1.3956317108836394,4.621005206693065
138.0,1.4418402706812936,4.619657045578491
138.01,1.4880248517952093,4.616115498018726
138.02,1.534162580641668,4.610190650633396
138.03,1.5802286648078772,4.6016889249561865
138.04,1.6261963591407917,4.590413661117351
138.05,1.672036938030224,4.576165774453819
138.06,1.717719674629868,4.558744487648586
138.07,1.7632118277831956,4.537948140407871
138.08,1.8084786374380253,4.5135750779808985
138.09,1.8534833293428135,4.485424619009157
138.1,1.8981871298182085,4.453298102257373
138.11,1.942549291387961,4.417000010727467
138.12,1.9865271300327578,4.376339170492168
138.13,2.0300760747978046,4.331130020312779
138.14000000000001,2.0731497304390136,4.281193946735015
138.15,2.1156999537325047,4.2263606779012
138.16,2.1576769439970374,4.16646972779347
138.17000000000002,2.199029348288374,4.101371881052385
138.18,2.2397043816180853,4.030930706924218
138.19,2.279647962426859,3.9550240893079978
138.20000000000002,2.3188048634042455,3.8735457583339126
138.21,2.357118877593537,3.7864068074454496
138.22,2.3945329995531544,3.6935371786188886
138.23,2.4309896211659145,3.5948870971781526
138.24,2.4664307414967173,3.490428436694228
138.25,2.5007981898997995,3.3801559937401757
138.26,2.534033861371521,3.26408865184761
138.27,2.566079962936752,3.1422704139179665
138.28,2.5968792696498806,3.0147712826171444
138.29,2.6263753885890946,2.8816879689542687
138.3,2.6545130290289656,2.743144410335818
138.31,2.6812382767958107,2.5992920809075133
138.32,2.706498870647116,2.4503100789497863
138.33,2.7302444783748068,2.2964049784684395
138.34,2.7524269702164847,2.137810434897866
138.35,2.773000687072764,1.9747865379746545
138.36,2.791922700975978,1.8076189082965985
138.37,2.809153065238696,1.6366175377958472
138.38,2.8246550517318947,1.4621153782538086
138.39000000000001,2.838395372803772,1.284466685988628
138.4,2.8503443854516672,1.1040451348652007
138.41,2.860476275501076,0.9212417137194557
138.42000000000002,2.868769219726056,0.7364624280575802
138.43,2.875205524062227,0.5501258293924218
138.44,2.8797717363139044,0.3626603987230976
138.45000000000002,2.8824587320366892,0.17450181336673184
138.46,2.883261772581239,-0.013909871459599848
138.47,2.8821805346074973,-0.20213309329314408
138.48,2.8792191107153764,-0.38972767130520847
138.49,2.874385981181393,-0.5762576790445746
138.5,2.8676939571344846,-0.7612942669877251
138.51,2.8591600958416383,-0.9444184017914222
138.52,2.848805589098656,-1.12522349071652
138.53,2.836655626027308,-1.3033178618426673
138.54,2.822739231861803,-1.4783270733629303
138.55,2.8070890845600496,-1.6498960283632993
138.56,2.789741311294537,-1.817690874972092
138.57,2.770735267060608,-1.9814006755184477
138.58,2.7501132977841682,-2.140738832273046
138.59,2.7279204904151473,-2.2954442613623978
138.6,2.7042044125569205,-2.4452823104569523
138.61,2.679014844206008,-2.590045419744004
138.62,2.65240350416204,-2.7295535294274793
138.63,2.6244237736174583,-2.8636542404760377
138.64000000000001,2.5951304193525195,-2.9922227385074254
138.65,2.56457931884731,-3.115161493501785
138.66,2.5328271894824836,-3.2323997504434665
138.67000000000002,2.4999313238384406,-3.343892827976427
138.68,2.465949332922955,-3.4496212437117344
138.69,2.4309388989642056,-3.5495896859478786
138.70000000000002,2.3949575392039972,-3.6438258522670326
138.71,2.358062381918865,-3.7323791757739473
138.72,2.320309955688518,-3.815319459677421
138.73,2.281755992725316,-3.8927354405120043
138.74,2.242455246878278,-3.964733299599161
138.75,2.202461326733333,-4.031435141394735
138.76,2.1618265440503834,-4.092977456207014
138.77,2.1206017776091928,-4.149509583440716
138.78,2.0788363523815687,-4.20119219006955
138.79,2.0365779338078016,-4.248195777504168
138.8,1.9938724368314855,-4.290699228441038
138.81,1.950763949238981,-4.328888403685049
138.82,1.9072946687577848,-4.362954797364784
138.83,1.8635048532916854,-4.3930942574302785
138.84,1.819432783609179,-4.419505776860462
138.85,1.775114737754476,-4.442390359628855
138.86,1.730584976416602,-4.461949964194891
138.87,1.6858757384705783,-4.478386526114088
138.88,1.6410172458943202,-4.4919010602994325
138.89000000000001,1.5960377172645894,-4.502692842521706
138.9,1.5509633890438859,-4.510958668908532
138.91,1.5058185438864187,-4.51689219148861
138.92000000000002,1.4606255452141137,-4.520683327225072
138.93,1.4154048773419174,-4.522517737484648
138.94,1.3701751904644208,-4.522576374490954
138.95000000000002,1.3249533498520982,-4.521035091002991
138.96,1.279754488644361,-4.518064309236179
138.97,1.2345920636673748,-4.513828744894412
138.98,1.1894779137464728,-4.508487182099562
138.99,1.1444223200253836,-4.502192294981137
139.0,1.09943406784685,-4.495090511715658
139.01,1.0545205097910704,-4.487321916874944
139.02,1.009687629509351,-4.479020188047971
139.03,0.9649401060301109,-4.470312562835497
139.04,0.9202813782526412,-4.461319832474394
139.05,0.8757137093806231,-4.452156358524052
139.06,0.8312382510821602,-4.442930109235498
139.07,0.7868551071959131,-4.433742712420832
139.08,0.7425633968337435,-4.42468952184248
139.09,0.6983613167590634,-4.41585969434546
139.1,0.6542462029468342,-4.407336275158854
139.11,0.6102145912558863,-4.399196288992619
139.12,0.5662622771669817,-4.391510834751249
139.13,0.5223843745608613,-4.384345181875146
139.14000000000001,0.4785753735294788,-4.377758866503009
139.15,0.4348291972308011,-4.371805785823368
139.16,0.3911392578130115,-4.366534289150291
139.17000000000002,0.3474985114477953,-4.36198726441711
139.18,0.3038995125246693,-4.358202218932841
139.19,0.2603344670691385,-4.355211353389113
139.20000000000002,0.21679528545688706,-4.353041628241282
139.21,0.17327363450431285,-4.351714821716593
139.22,0.1297609890225552,-4.3512475788254
139.23,0.08624868292780485,-4.351651450869378
139.24,0.04272796000516764,-4.3529329250541755
139.25,-0.0008099755732786532,-4.355093443923979
139.26,-0.04437390887331193,-4.358129414442961
139.27,-0.08797256386213786,-4.362032206654494
139.28,-0.1316145530064018,-4.366788141954362
139.29,-0.1753083267012251,-4.372378471120015
139.3,-0.21906212242880208,-4.37877934234513
139.31,-0.2628839135481277,-4.3859617596383975
139.32,-0.30678135762157,-4.393891532058503
139.33,-0.3507617441892977,-4.40252921437457
139.34,-0.39483194190906135,-4.411830039863821
139.35,-0.4389983449865741,-4.421743846086591
139.36,-0.4832668188307932,-4.432214994613892
139.37,-0.5276426448788518,-4.443182285824917
139.38,-0.5721304645472914,-4.4545788700418605
139.39000000000001,-0.616734222279689,-4.466332156427278
139.4,-0.661457107675837,-4.4783637212352465
139.41,-0.7063014967043939,-4.4905892171816095
139.42000000000002,-0.7512688920194691,-4.502918285880321
139.43,-0.7963598624220003,-4.515254475481719
139.44,-0.8415739815291036,-4.527495165843566
139.45000000000002,-0.8869097657388717,-4.539531503765633
139.46,-0.9323646116044163,-4.551248351021794
139.47,-0.9779347327593076,-4.562524248127985
139.48,-1.023615096566976,-4.573231396987438
139.49,-1.0693993606990564,-4.583235665753232
139.5,-1.1152798098820405,-4.592396619438832
139.51,-1.1612472930878328,-4.6005675799858246
139.52,-1.2072911614817567,-4.607595719659663
139.53,-1.253399207481026,-4.61332219178362
139.54,-1.2995576053174294,-4.617582302932445
139.55,-1.3457508535396752,-4.620205730783796
139.56,-1.3919617199331054,-4.621016791860424
139.57,-1.4381711893768836,-4.619834763381765
139.58,-1.4843584152007407,-4.616474263372098
139.59,-1.5305006746443257,-4.610745693035598
139.6,-1.5765733290614528,-4.602455745198034
139.61,-1.6225497895482865,-4.591407982322259
139.62,-1.668401488707898,-4.577403487222024
139.63,-1.7140978592927267,-4.560241589118291
139.64000000000001,-1.7596063204902637,-4.53972066709761
139.65,-1.8048922726346788,-4.515639032337418
139.66,-1.849919101137012,-4.487795889654296
139.67000000000002,-1.8946481904277648,-4.45599237800593
139.68,-1.9390389486971307,-4.420032688535702
139.69,-1.983048844198479,-4.379725257593136
139.70000000000002,-2.0266334538489934,-4.33488403089945
139.71,-2.069746524816468,-4.285329793664349
139.72,-2.11234004972228,-4.230891560010706
139.73,-2.154364356016682,-4.171408013544834
139.74,-2.1957682099931772,-4.106728989342655
139.75,-2.236498935803535,-4.036716986031557
139.76,-2.276502549713808,-3.961248695063641
139.77,-2.3157239097048077,-3.8802165327319287
139.78,-2.3541068803684464,-3.793530159014007
139.79,-2.3915945128850877,-3.7011179659777933
139.8,-2.428129239688002,-3.6029285172939205
139.81,-2.463653083230966,-3.4989319194124304
139.82,-2.498107878076251,-3.3891211042218097
139.83,-2.5314355053154025,-3.273513002558474
139.84,-2.5635781381274203,-3.1521495878145065
139.85,-2.5944784970716923,-3.025098769136329
139.86,-2.624080113510147,-2.8924551143467396
139.87,-2.652327599358627,-2.754340383779431
139.88,-2.679166921185735,-2.6109038577018353
139.89000000000001,-2.7045456765126636,-2.462322441921414
139.9,-2.728413370024163,-2.3088005385134043
139.91,-2.7507216872829314,-2.150569671353108
139.92000000000002,-2.7714247634512255,-1.987887859248881
139.93,-2.790479444467909,-1.8210387329060187
139.94,-2.807845538109346,-1.6503303956475392
139.95000000000002,-2.82348605238086,-1.4760940317048303
139.96,-2.837367418743442,-1.2986822698891805
139.97,-2.8494596977786433,-1.118467314476412
139.98,-2.85973676503297,-0.9358388590882107
139.99,-2.868176474960407,-0.7512018031398728
140.0,-2.8747608010957673,-0.5649737939503396
140.01,-2.8794759508394137,-0.37758262078574156
140.02,-2.882312453511482,-0.18946348984837952
140.03,-2.883265220636381,-0.00105621145539464
140.04,-2.8823335777405896,0.18719766768571944
140.05,-2.8795212672826667,0.3748577531500772
140.06,-2.874836422677588,0.5614876780591855
140.07,-2.8682915137214833,0.7466579308307968
140.08,-2.8599032640609727,0.9299486022117678
140.09,-2.849692541677248,1.1109520199162406
140.1,-2.8376842236626483,1.2892752412983242
140.11,-2.8239070368512817,1.4645423771190762
140.12,-2.8083933761202666,1.6363967225509155
140.13,-2.7911791024002635,1.8045026750169195
140.14000000000001,-2.7723033226199285,1.968547422198233
140.15,-2.751808153956299,2.1282423874659457
140.16,-2.7297384748706093,2.2833244240087613
140.17000000000002,-2.7061416654761237,2.4335567529407047
140.18,-2.6810673398117952,2.578729644594713
140.19,-2.6545670725842294,2.7186608459560815
140.20000000000002,-2.6266941228926735,2.8531957606914338
140.21,-2.5975031573704004,2.9822073914221865
140.22,-2.5670499750642297,3.105596056726455
140.23,-2.5353912362358715,3.2232888977927985
140.24,-2.5025841971083738,3.335239191668768
140.25,-2.468686452402496,3.441425489635076
140.26,-2.433755687315672,3.5418506003923698
140.27,-2.3978494403946486,3.636540438482718
140.28,-2.3610248785460177,3.725542758702199
140.29,-2.3233385852206045,3.808925797222461
140.3,-2.2848463626015683,3.8867768397621076
140.31,-2.245603048425362,3.9592007364723596
140.32,-2.2056623478721207,4.026318382267641
140.33,-2.165076680780009,4.0882651801843135
140.34,-2.1238970442684346,4.145189504033425
140.35,-2.082172890699341,4.197251175169027
140.36,-2.039952020765054,4.244619966662968
140.37,-1.9972804913660813,4.287474146598075
140.38,-1.9542025378330927,4.3259990705987486
140.39000000000001,-1.9107605099541065,4.360385832141557
140.4,-1.8669948211902616,4.390829977654949
140.41,-1.8229439104010077,4.417530291948599
140.42000000000002,-1.7786442153512898,4.440687658127074
140.43,-1.7341301572384662,4.460503994853155
140.44,-1.6894341354542266,4.477181272643266
140.45000000000002,-1.6445865317856008,4.490920609807437
140.46,-1.5996157232580779,4.501921447692301
140.47,-1.5545481028317547,4.510380804048516
140.48,-1.5094081071771075,4.5164926026216206
140.49,-1.4642182507793224,4.5204470764542455
140.5,-1.4189991656480228,4.522430241882211
140.51,-1.3737696459416782,4.522623439801031
140.52,-1.328546696852002,4.521202940465233
140.53,-1.2833455871323736,4.518339607852746
140.54,-1.238179904694947,4.51419861947217
140.55,-1.19306161474293,4.508939237403648
140.56,-1.148001119946874,4.502714626336015
140.57,-1.1030073222162096,4.495671714386015
140.58,-1.0580876856591537,4.487951092551884
140.59,-1.0132483003651718,4.479686948756435
140.6,-0.9684939466840249,4.471007032567277
140.61,-0.9238281597138263,4.4620326468378675
140.62,-0.8792532937472676,4.452878662687316
140.63,-0.83477058646008,4.443653554424274
140.64000000000001,-0.790380222658782,4.434459451216662
140.65,-0.7460813974357466,4.4253922025105785
140.66,-0.7018723786085704,4.416541454405454
140.67000000000002,-0.6577505683476376,4.407990734395566
140.68,-0.6137125639206591,4.399817542088352
140.69,-0.5697542175058706,4.392093443705699
140.70000000000002,-0.5258706950465452,4.384884168364312
140.71,-0.48205653413858435,4.3782497043142
140.72,-0.43830570096026117,4.372244393489845
140.73,-0.3946116462687875,4.366917022896123
140.74,-0.35096736050233873,4.362310911510476
140.75,-0.30736542803857797,4.358463991534336
140.76,-0.26379808067165206,4.355408882970508
140.77,-0.22025725037916785,4.353172960639652
140.78,-0.17673462145885901,4.351778412878685
140.79,-0.13322168212159413,4.351242291287531
140.8,-0.08970977563310839,4.351576551008957
140.81,-0.04619015110141499,4.3527880811400514
140.82,-0.002654014010307369,4.354878724984184
140.83,0.04090742339826869,4.3578452899599425
140.84,0.08450289178889148,4.361679547089523
140.85,0.12814101434005915,4.366368220094445
140.86,0.1718302561907804,4.371892964232168
140.87,0.21557887362470252,4.378230335114256
140.88,0.2593948628930655,4.385351747856199
140.89000000000001,0.30328590858182647,4.393223427021694
140.9,0.3472593314334994,4.40180634794114
140.91,0.3913220355406493,4.411056170106148
140.92000000000002,0.43548045483562237,4.420923163469763
140.93,0.47974049881004455,4.431352128616537
140.94,0.5241074974079531,4.442282311908298
140.95000000000002,0.5685861450482106,4.4536473168607085
140.96,0.6131804437451673,4.4653750131629995
140.97,0.6578936453114705,4.4773874449185955
140.98,0.7027281926435391,4.489600739857784
140.99,0.7476856601086261,4.501925021454675
141.0,0.7927666930726327,4.5142643260690045
141.01,0.8379709466300063,4.526516527427884
141.02,0.8832970236211903,4.53857327096219
141.03,0.92874241204925,4.550319920715288
141.04,0.974303422035496,4.561635521746173
141.05,1.0199751224841735,4.572392781152366
141.06,1.0657512776585434,4.5824580710369975
141.07,1.1116242839049133,4.591691456935967
141.08,1.1575851067972627,4.599946755400661
141.09,1.2036232190129266,4.607071624594899
141.1,1.2497265392891608,4.612907691906138
141.11,1.2958813728510494,4.617290722684712
141.12,1.342072353742855,4.620050834304465
141.13,1.3882823895371386,4.621012759776659
141.14000000000001,1.434492608938388,4.619996165138899
141.15,1.4806823128399167,4.616816024774177
141.16,1.5268289294338717,4.611283058683799
141.17000000000002,1.5729079740135927,4.6032042355335925
141.18,1.6188930141445437,4.592383345006992
141.19,1.6647556409137327,4.578621642623439
141.20000000000002,1.7104654469970124,4.561718569708248
141.21,1.7559900123078975,4.54147255062397
141.22,1.8012948980094916,4.517681868687559
141.23,1.8463436496816485,4.4901456213980016
141.24,1.8910978104374516,4.458664754683114
141.25,1.9355169447753107,4.4230431748416
141.26,1.9795586739342834,4.383088935709686
141.27,2.023178723489504,4.338615497326039
141.28,2.0663309838808037,4.289443051012995
141.29,2.1089675845097635,4.235399904349022
141.3,2.1510389819677838,4.176323917993183
141.31,2.1924940628696272,4.112063984757996
141.32,2.233280261662944,4.042481539737377
141.33,2.273343693664375,3.9674520887106133
141.34,2.312629303437156,3.886866740494675
141.35,2.3510810284742685,3.800633727442545
141.36,2.388641977986007,3.708679896924578
141.37,2.42525462641276,3.61095215542544
141.38,2.460861021094516,3.5074188458845694
141.39000000000001,2.495403003330451,3.3980710381471813
141.4,2.5288224418574594,3.2829237119183494
141.41,2.561061477568818,3.1620168114647744
141.42000000000002,2.5920627780867544,3.0354161515234668
141.43,2.621769800599287,2.9032141544839587
141.44,2.6501270611764336,2.7655303999335303
141.45000000000002,2.6770804085979574,2.6225119691071543
141.46,2.7025773005585765,2.4743335686688623
141.47,2.7265670799713346,2.3211974205609818
141.48,2.749001248969796,2.1633329073717977
141.49,2.7698337381187708,2.0009959657574887
141.5,2.789021168284946,1.8344682238646588
141.51,2.8065231025960635,1.6640558823771334
141.52,2.8223022859324884,1.4900883426852425
141.53,2.8363248694497685,1.3129165896680988
141.54,2.8485606177258505,1.1329113406020614
141.55,2.8589830962618095,0.9504609756689599
141.56,2.8675698372392295,0.7659692693404043
141.57,2.8743024816486176,0.5798529454647311
141.58,2.879166896148524,0.39253908208957466
141.59,2.882153263290409,0.20446239483121387
141.6,2.8832561440451485,0.016062429877044704
141.61,2.8824745118879505,-0.17221930058232893
141.62,2.8798117580335023,-0.35994220659706133
141.63,2.8752756677560094,-0.5466694980288177
141.64000000000001,2.868878368072926,-0.7319710172997094
141.65,2.860636247410015,-0.9154259940214986
141.66,2.850569848192496,-1.0966256896841906
141.67000000000002,2.8387037336163314,-1.2751759026455747
141.68,2.8250663301395846,-1.4506993062545925
141.69,2.8096897474912397,-1.6228375959915482
141.70000000000002,2.7926095782197535,-1.7912534249360939
141.71,2.7738646789925174,-1.955632110590659
141.72,2.75349693600794,-2.115683099998677
141.73,2.7315510169925443,-2.2711411841080436
141.74,2.7080741123257797,-2.4217674563466396
141.75,2.683115667865611,-2.567350014308726
141.76,2.6567271120396048,-2.7077044072157186
141.77,2.6289615797212966,-2.842673835338579
141.78,2.599873635332833,-2.9721291107888876
141.79,2.569518997505519,-3.0959683919506946
141.8,2.537954267493819,-3.2141167062972493
141.81,2.505236663379574,-3.3265252783902817
141.82,2.4714237619260135,-3.4331706814819163
141.83,2.436573249749936,-3.534053832329565
141.84,2.4007426852794223,-3.629198849602184
141.85,2.363989272757892,-3.7186517966215735
141.86,2.3263696493469905,-3.8024793291723746
141.87,2.287939686174444,-3.880767268763002
141.88,2.2487543039717304,-3.9536191210656924
141.89000000000001,2.20886730375313,-4.021154558348977
141.9,2.1683312128047505,-4.083507883583862
141.91,2.1271971460814525,-4.140826492599638
141.92000000000002,2.0855146829527578,-4.193269349229487
141.93,2.043331759096863,-4.241005486860893
141.94,2.0006945732155397,-4.284212548229438
141.95000000000002,1.957647508132274,-4.323075373701577
141.96,1.914233065741508,-4.357784646713288
141.97,1.8704918151980081,-4.388535603493714
141.98,1.826462353671634,-4.415526812728456
141.99,1.7821812789434393,-4.438959029424213
142.0,1.7376831730831497,-4.4590341259390165
142.01,1.6930005964246588,-4.475954101950689
142.02,1.6481640910441357,-4.489920174056959
142.03,1.6032021929435194,-4.501131944737474
142.04,1.5581414521493862,-4.50978664956156
142.05,1.513006459952288,-4.516078480794184
142.06,1.4678198825335025,-4.5201979849327865
142.07,1.4226025002536324,-4.522331531194094
142.08,1.3773732519096205,-4.522660847556339
142.09,1.3321492833025055,-4.521362620641156
142.1,1.2869459994967973,-4.5186081554829185
142.11,1.2417771201928471,-4.514563091073077
142.12,1.1966547376753358,-4.509387167474913
142.13,1.151589376843349,-4.5032340402717
142.14000000000001,1.1065900568699019,-4.496251138130537
142.15,1.061664354080738,-4.48857955932749
142.16,1.0168184656833519,-4.480354003179815
142.17000000000002,0.9720572740171418,-4.471702732461452
142.18,0.927384411034123,-4.462747563032334
142.19,0.8828023227564952,-4.453603877085026
142.20000000000002,0.8383123334924225,-4.444380656598756
142.21,0.7939147096245202,-4.435180533786691
142.22,0.7496087228166888,-4.426099855523689
142.23,0.7053927125140464,-4.417228758945321
142.24,0.6612641476377823,-4.40865125561223
142.25,0.6172196874018018,-4.400445321834431
142.26,0.5732552412010936,-4.39268299294638
142.27,0.5293660275428741,-4.385430459513999
142.28,0.4855466320108136,-4.378748163638421
142.29,0.4417910642701056,-4.372690893697331
142.3,0.398092814136867,-4.367307876032909
142.31,0.35444490674944745,-4.362642862255488
142.32,0.3108399568917572,-4.358734210984145
142.33,0.26727022252976457,-4.355614962989757
142.34,0.22372765763196206,-4.3533129088430425
142.35,0.1802039643529037,-4.351850648300319
142.36,0.13669064466595565,-4.351245640783764
142.37,0.0931790515372284,-4.351510246431645
142.38,0.049660439737322745,-4.352651757308166
142.39000000000001,0.006126016391065068,-4.354672418473087
142.4,-0.037433008632139005,-4.357569438719083
142.41,-0.0810253723833166,-4.361334990890934
142.42000000000002,-0.12465970844995769,-4.3659562018059965
142.43,-0.16834449641943652,-4.371415131901066
142.44,-0.212088011087979,-4.377688744837681
142.45000000000002,-0.25589827131619014,-4.384748867407121
142.46,-0.29978298843612144,-4.392562140188767
142.47,-0.3437495141199655,-4.401089959532093
142.48,-0.38780478762676335,-4.410288411554136
142.49,-0.4319552823510483,-4.420108198971694
142.5,-0.47620695160619725,-4.430494561721428
142.51,-0.5205651735854768,-4.441387192462111
142.52,-0.5650346954554394,-4.452720148201943
142.53,-0.6096195765495156,-4.464421759450442
142.54,-0.6543231306444482,-4.476414538459151
142.55,-0.6991478673186987,-4.48861508828819
142.56,-0.7440954324102121,-4.500934014616155
142.57,-0.7891665476110219,-4.5132758423986585
142.58,-0.8343609492581853,-4.5255389396748855
142.59,-0.8796773264045196,-4.5376154510207645
142.6,-0.9251132582786006,-4.549391243350175
142.61,-0.9706651512715231,-4.560745866969962
142.62,-1.0163281756179998,-4.571552534997982
142.63,-1.0620962019714828,-4.581678124452943
142.64000000000001,-1.1079617381070588,-4.590983202517021
142.65,-1.1539158660218234,-4.599322081652932
142.66,-1.1999481797401175,-4.606542907421825
142.67000000000002,-1.2460467241702597,-4.612487782991669
142.68,-1.2921979353999506,-4.61699293444197
142.69,-1.338386582859099,-4.61988892105325
142.70000000000002,-1.3845957138210157,-4.621000894811745
142.71,-1.430806600755334,-4.620148913353822
142.72,-1.4769986920880922,-4.6171483105127935
142.73,-1.5231495669655897,-4.6118101285049224
142.74,-1.5692348946581904,-4.60394161559317
142.75,-1.615228399277453,-4.593346792788263
142.76,-1.6611018305139558,-4.579827092778881
142.77,-1.7068249411330307,-4.5631820738185285
142.78,-1.7523654719903266,-4.543210210729008
142.79,-1.7976891453476112,-4.519709764503646
142.8,-1.8427596672803994,-4.492479731202971
142.81,-1.8875387399716705,-4.461320869928893
142.82,-1.9319860846789774,-4.426036808640124
142.83,-1.9760594761444732,-4.386435225433722
142.84,-2.019714789187652,-4.342329101670456
142.85,-2.0629060581778824,-4.293538041973593
142.86,-2.1055855500271243,-4.2398896546940295
142.87,-2.147703851271763,-4.181220984925508
142.88,-2.1892099697256344,-4.117379990592427
142.89000000000001,-2.230051451083612,-4.048227050544077
142.9,-2.2701745107365157,-3.973636492001893
142.91,-2.3095241809236495,-3.893498123153432
142.92000000000002,-2.3480444731995846,-3.807718755204819
142.93,-2.385678556027746,-3.716223696832125
142.94,-2.4223689471362273,-3.618958202753633
142.95000000000002,-2.458057720082819,-3.5158888571227833
142.96,-2.4926867242786828,-3.4070048716596455
142.97,-2.5261978175160116,-3.2923192779398986
142.98,-2.5585331098374806,-3.1718699930849414
142.99,-2.5896352173777104,-3.0457207382812617
143.0,-2.6194475246031055,-2.913961790132284
143.01,-2.6479144531803556,-2.7767105458350057
143.02,-2.6749817355198053,-2.6341118845914195
143.03,-2.700596690872184,-2.4863383095153195
143.04,-2.724708501710112,-2.333589856571506
143.05,-2.747268488003614,-2.17609375976731
143.06,-2.7682303769054584,-2.014103864873512
143.07,-2.7875505653010846,-1.8478997873382645
143.08,-2.8051883726522235,-1.6777858137160433
143.09,-2.821106281575405,-1.5040895497952902
143.1,-2.8352701636481292,-1.3271603225943782
143.11,-2.847649488027293,-1.14736734741913
143.12,-2.8582175105965115,-0.9650976751439425
143.13,-2.8669514415301713,-0.7807539386973866
143.14000000000001,-2.8738325893704593,-0.5947519213069312
143.15,-2.87884647995631,-0.40751797229451225
143.16,-2.8819829488163498,-0.21948629902986633
143.17000000000002,-2.8832362059369077,-0.03109616596634185
143.18,-2.8826048721356767,0.1572109665589358
143.19,-2.880091986605729,0.34499432993063994
143.20000000000002,-2.8757049855370638,0.5318167269296995
143.21,-2.869455652067135,0.7172473692880923
143.22,-2.8613600381513016,0.9008646397348957
143.23,-2.8514383592724366,1.0822587465728368
143.24,-2.8397148632198452,1.261034240842191
143.25,-2.826217674455593,1.4368123686804002
143.26,-2.810978615846237,1.6092332345021307
143.27,-2.7940330097655504,1.7779577540254454
143.28,-2.775419460765728,1.9426693798668275
143.29,-2.7551796221682134,2.1030755863274218
143.3,-2.733357949039179,2.2589091039994793
143.31,-2.7100014400882237,2.40992889884132
143.32,-2.685159371062353,2.5559208943109715
143.33,-2.658883022202004,2.696698438929513
143.34,-2.6312254022837624,2.832102525190551
143.35,-2.602240971698193,2.9620017689783644
143.36,-2.5719853669041948,3.0862921615521595
143.37,-2.5405151284671494,3.204896608658311
143.38,-2.5078874347310283,3.3177642734200847
143.39000000000001,-2.474159842998748,3.4248697413113103
143.4,-2.439390039904802,3.5262120267449806
143.41,-2.403635602463848,3.6218134416089156
143.42000000000002,-2.3669537710726236,3.7117183464771157
143.43,-2.3294012355343057,3.7959918052442005
143.44,-2.2910339349677398,3.8747181636047934
143.45000000000002,-2.25190687226221,3.9479995711682876
143.46,-2.212073943544374,4.015954466103801
143.47,-2.1715877829401338,4.078716040093809
143.48,-2.1304996227424975,4.1364307000818386
143.49,-2.0888591689384968,4.189256541872712
143.5,-2.046714491905043,4.237361849124382
143.51,-2.004111931956009,4.28092362969674
143.52,-1.9610960193111082,4.320126199729931
143.53,-1.9177094079614103,4.355159824243863
143.54,-1.873992822826231,4.386219421508638
143.55,-1.8299850195312377,4.413503336955473
143.56,-1.7857227560871218,4.437212190997565
143.57,-1.7412407757112864,4.457547803824947
143.58,-1.696571800010623,4.474712199036971
143.59,-1.651746531730547,4.488906686887744
143.6,-1.606793666272868,4.500331026947353
143.61,-1.5617399111916,4.509182669125992
143.62,-1.5166100128903481,4.515656071267695
143.63,-1.471426789766246,4.519942090891822
143.64000000000001,-1.4262111710725118,4.5222274481386595
143.65,-1.380982240803473,4.52269425655406
143.66,-1.3357572859414308,4.5215196180198705
143.67000000000002,-1.2905518484430758,4.518875277893839
143.68,-1.245379780383554,4.514927336256789
143.69,-1.2002533017179402,4.509836011067521
143.70000000000002,-1.1551830601622037,4.503755448989051
143.71,-1.1101781927381593,4.4968335796651955
143.72,-1.0652463885689,4.489212009286653
143.73,-1.0203939525524264,4.481025949383208
143.74,-0.975625869581236,4.4724041769068545
143.75,-0.9309458690142893,4.46346902182335
143.76,-0.8863564891447689,4.454336378601366
143.77,-0.8418591414422619,4.445115738174002
143.78,-0.7974541743812888,4.435910237142684
143.79,-0.7531409366994083,4.4268167211944505
143.8,-0.7089178399573999,4.4179258199072144
143.81,-0.664782420301264,4.409322030320875
143.82,-0.6207313993509824,4.401083806853061
143.83,-0.5767607441642029,4.393283655334856
143.84,-0.5328657262442853,4.3859882291327486
143.85,-0.48904097958154785,4.379258425507199
143.86,-0.4452805577341413,4.37314948053493
143.87,-0.40157798997084926,4.367711061090814
143.88,-0.357926336512325,4.362987352546026
143.89000000000001,-0.3143182429199287,4.359017140991789
143.9,-0.27074599369248925,4.355833888943032
143.91,-0.2272015651410681,4.353465803613805
143.92000000000002,-0.18367667762021317,4.3519358969870146
143.93,-0.14016284720132782,4.351262037025578
143.94,-0.09665143687970161,4.3514569894911785
143.95000000000002,-0.053133707411504257,4.352528449951289
143.96,-0.009600867880675828,4.35447906566592
143.97,0.033955873901814156,4.357306447153534
143.98,0.07754526106239486,4.361003169341778
143.99,0.12117593728864971,4.365556762314091
144.0,0.16485639630867666,4.370949691768814
144.01,0.208594931124026,4.377159329414275
144.02,0.2523995828969622,4.384157913632242
144.03,0.2962780893966709,4.391912500854342
144.04,0.3402378329140491,4.400384908212207
144.05,0.3842857875609151,4.409531648143302
144.06,0.42842846587691513,4.419303855761283
144.07,0.47267186467614075,4.4296472099331226
144.08,0.5170214100755776,4.440501849145717
144.09,0.5614819016590551,4.451802283392734
144.1,0.6060574557434323,4.463477303468429
144.11,0.6507514477284237,4.475449889219232
144.12,0.695566453527817,4.4876371184760355
144.13,0.7405041900979445,4.499950078570041
144.14000000000001,0.7855654550992178,4.512293782522215
144.15,0.8307500657483887,4.524567092190029
144.16,0.8760567969430184,4.5366626508540575
144.17000000000002,0.92148331876547,4.548466827929565
144.18,0.9670261335016097,4.559859678692566
144.19,1.0126805123393212,4.570714922113437
144.20000000000002,1.0584404319438783,4.580899940091171
144.21,1.1042985111411443,4.590275801574253
144.22,1.150245947975363,4.598697315235987
144.23,1.1962724574458639,4.606013114538184
144.24,1.2423662102661268,4.612065779162392
144.25,1.2885137730291119,4.61669199690638
144.26,1.3347000502042543,4.619722770229118
144.27,1.3809082284336942,4.620983671673029
144.28,1.4271197236377149,4.620295152390437
144.29,1.4733141314815028,4.617472907944083
144.3,1.5194691817965964,4.612328305431095
144.31,1.5655606975901246,4.604668875787642
144.32,1.6115625593123493,4.594298874859277
144.33,1.65744667508731,4.581019916461586
144.34,1.703182957641581,4.564631680199429
144.35,1.7487393086912986,4.544932696253967
144.36,1.79408161156666,4.521721208678741
144.37,1.8391737328648732,4.494796117964818
144.38,1.8839775339259563,4.463958002737709
144.39000000000001,1.9284528929196274,4.429010219434684
144.4,1.9725577383146502,4.389760077682284
144.41,2.0162480944732732,4.346020087855044
144.42000000000002,2.059478140071751,4.297609275956069
144.43,2.102200279992395,4.2443545595298735
144.44,2.144365231262349,4.186092176813868
144.45000000000002,2.1859221235286723,4.122669159776902
144.46,2.2268186144578865,4.053944840105802
144.47,2.2670010203307878,3.9797923756123144
144.48,2.3064144619701326,3.900100282975942
144.49,2.3450030259903065,3.8147739612491174
144.5,2.382709941195115,3.7237371891695124
144.51,2.4194777697736964,3.626933578092006
144.52,2.4552486127569546,3.5243279613133778
144.53,2.4899643289999642,3.4159076997600843
144.54,2.5235667667521566,3.301683883486498
144.55,2.5559980066696943,3.1816924082284177
144.56,2.587200614916725,3.0559949064112364
144.57,2.6171179047979187,2.9246795125551093
144.58,2.645694205167827,2.7878614439748732
144.59,2.672875133677416,2.6456833790556518
144.6,2.69860787274894,2.49831561720124
144.61,2.7228414460214414,2.3459560067953715
144.62,2.7455269928848476,2.1888296301674317
144.63,2.76661803862479,2.0271882375830015
144.64000000000001,2.7860707576365074,1.8613094256417813
144.65,2.8038442271376254,1.6914955591045973
144.66,2.8199006688185997,1.5180724390193718
144.67000000000002,2.834205675918013,1.341387723995097
144.68,2.8467284232985013,1.1618091154967978
144.69,2.8574418582279484,0.9797223220111393
144.70000000000002,2.866322869738724,0.7955288207666487
144.71,2.8733524346432815,0.6096434392892867
144.72,2.8785157385245097,0.42249178234127927
144.73,2.8818022702901067,0.23450753264290664
144.74,2.8832058891773675,0.04612965613693512
144.75,2.8827248634128453,-0.14220045564074127
144.76,2.8803618800645525,-0.3300418723226458
144.77,2.876124025966392,-0.5169570062829815
144.78,2.8700227399388925,-0.7025144547980837
144.79,2.86207373687043,-0.8862917693176343
144.8,2.85229690455254,-1.0678781197495881
144.81,2.8407161744754386,-1.2468768236341954
144.82,2.827359368079856,-1.422907712593805
144.83,2.8122580202235627,-1.5956093114272185
144.84,2.7954471818513116,-1.7646408085907905
144.85,2.7769652040517467,-1.9296838004853258
144.86,2.756853505841605,-2.090443795854783
144.87,2.735156328134651,-2.246651470604388
144.88,2.7119204764295173,-2.3980636673674818
144.89000000000001,2.6871950547873014,-2.544464138101614
144.9,2.661031193667485,-2.685664031790985
144.91,2.6334817741514818,-2.8215021328990355
144.92000000000002,2.604601151009504,-2.951844859487046
144.93,2.5744448769617407,-3.0765860328391272
144.94,2.5430694303527215,-3.1956464329707575
144.95000000000002,2.5105319483023254,-3.308973156519528
144.96,2.476889967222331,-3.4165387952083393
144.97,2.4422011723981583,-3.518340454330099
144.98,2.4065231581357285,-3.6143986315373415
144.99,2.3699131997674114,-3.704755976648074
145.0,2.3324280386027674,-3.7894759532269067
145.01,2.2941236807028735,-3.868641422401109
145.02,2.2550552101547456,-3.9423531687627063
145.03,2.21527661732762,-4.010728387331598
145.04,2.174840642408114,-4.073899149454361
145.05,2.133798634338533,-4.13201086423278
145.06,2.0922004251234583,-4.185220750658394
145.07,2.050094219325365,-4.233696334115835
145.08,2.0075264984411416,-4.277613979347033
145.09,1.9645419397384243,-4.317157470375899
145.1,1.9211833490336236,-4.352516646310164
145.11,1.8774916068122212,-4.383886100391197
145.12,1.8335056270257999,-4.411463948176685
145.13,1.7892623278486874,-4.435450669334072
145.14000000000001,1.7447966136391184,-4.456048026209192
145.15,1.7001413673245034,-4.473458061125459
145.16,1.6553274524166088,-4.487882173271546
145.17000000000002,1.6103837238590724,-4.499520275053685
145.18,1.5653370469155352,-4.508570026923688
145.19,1.5202123233205986,-4.515226148944306
145.20000000000002,1.475032523936649,-4.519679806716211
145.21,1.4298187271862743,-4.522118068760795
145.22,1.3845901625614332,-4.522723432023829
145.23,1.3393642585457979,-4.521673411829639
145.24,1.2941566943248406,-4.519140192365952
145.25,1.248981454698479,-4.515290333607783
145.26,1.203850887652685,-4.510284530486269
145.27,1.1587757640887535,-4.504277420066932
145.28,1.1137653392513462,-4.497417432513452
145.29,1.0688274154384845,-4.489846681669779
145.3,1.0239684056179506,-4.481700891188246
145.31,0.9791933976147195,-4.473109352257249
145.32,0.9345062185728056,-4.464194909133071
145.33,0.8899094994320581,-4.455073968850707
145.34,0.8454047391957915,-4.445856531673265
145.35,0.8009923687985928,-4.436646239034109
145.36,0.7566718144151093,-4.4275404359265735
145.37,0.7124415600800613,-4.418630244899569
145.38,0.668299209517118,-4.41000064902079
145.39000000000001,0.6242415470996456,-4.401730581370414
145.4,0.5802645978897099,-4.393893018825149
145.41,0.5363636867231427,-4.386555078083868
145.42000000000002,0.49253349632803245,-4.379778112070808
145.43,0.44876812448172654,-4.373617805029606
145.44,0.40506114022744033,-4.368124264790899
145.45000000000002,0.3614056391859085,-4.3633421108576
145.46,0.3177942980102883,-4.359310557105295
145.47,0.2742194280438026,-4.356063488040804
145.48,0.23067302824947225,-4.35362952770001
145.49,0.18714683748980243,-4.352032100397352
145.5,0.14363238624152522,-4.351289482664346
145.51,0.10012104783651551,-4.351414845833989
145.52,0.05660408932484544,-4.352416288842748
145.53,0.013072722059660567,-4.354296860932853
145.54,-0.030481847893811607,-4.357054574045806
145.55,-0.07406836942125555,-4.360682404804343
145.56,-0.11769549598989845,-4.365168286085476
145.57,-0.16137173514296507,-4.370495088292842
145.58,-0.2051053977557553,-4.376640590543195
145.59,-0.24890454695382896,-4.3835774420906795
145.6,-0.2927769465975689,-4.391273114424399
145.61,-0.33673000924231694,-4.399689844590598
145.62,-0.38077074348938084,-4.408784570411563
145.63,-0.42490570065054817,-4.418508858399745
145.64000000000001,-0.4691409206573757,-4.428808825298468
145.65,-0.5134818771565175,-4.4396250543204525
145.66,-0.5579334217437847,-4.45089250730285
145.67000000000002,-0.6024997273025744,-4.46254043415278
145.68,-0.6471842304268403,-4.474492281120811
145.69,-0.6919895729249906,-4.486665599611303
145.70000000000002,-0.7369175424190664,-4.498971957417871
145.71,-0.7819690120733481,-4.5113168544588484
145.72,-0.8271438795082433,-4.523599645280799
145.73,-0.872441004978964,-4.535713470796649
145.74,-0.9178581489241763,-4.547545201927338
145.75,-0.9633919090175108,-4.558975398020203
145.76,-1.0090376568845802,-4.569878283121033
145.77,-1.0547894746799313,-4.580121743377188
145.78,-1.100640091752124,-4.58956734904274
145.79,-1.1465808216607862,-4.598070404739508
145.8,-1.1926014998469143,-4.605480031795366
145.81,-1.2386904222966937,-4.611639286628358
145.82,-1.2848342855794814,-4.616385319265997
145.83,-1.3310181286820137,-4.6195495761776115
145.84,-1.3772252771030338,-4.620958051646499
145.85,-1.4234372897149437,-4.620431591910935
145.86,-1.4696339089412525,-4.617786256250662
145.87,-1.515793014839957,-4.612833739080414
145.88,-1.5618905837228607,-4.60538185692585
145.89000000000001,-1.607900651978474,-4.59523510389176
145.9,-1.6537952858006961,-4.582195278879298
145.91,-1.6995445575560602,-4.566062187360621
145.92000000000002,-1.7451165295479085,-4.546634419968603
145.93,-1.7904772459554321,-4.523710209500242
145.94,-1.8355907337379134,-4.497088367160277
145.95000000000002,-1.8804190132986376,-4.466569297983523
145.96,-1.9249221196975839,-4.431956094369623
145.97,-1.9690581351860301,-4.393055705544066
145.98,-2.0127832338084652,-4.349680179529085
145.99,-2.056051738776612,-4.301647972875313
146.0,-2.098816193265972,-4.248785321981546
146.01,-2.141027445216243,-4.190927668331055
146.02,-2.182634746632593,-4.127921128418419
146.03,-2.2235858677846116,-4.059623997554721
146.04,-2.2638272265836874,-3.9859082751493347
146.05,-2.3033040332875983,-3.9066611975058203
146.06,-2.341960450533804,-3.821786762673552
146.07,-2.3797397685410697,-3.7312072305049964
146.08,-2.4165845951439042,-3.6348645798227777
146.09,-2.4524370601375254,-3.5327219035442354
146.1,-2.487239033214789,-3.4247647217879984
146.11,-2.520932354573285,-3.311002192440297
146.12,-2.5534590770635948,-3.1914681984292166
146.13,-2.5847617185418694,-3.066222291079991
146.14000000000001,-2.6147835228851943,-2.935350469435449
146.15,-2.643468727930578,-2.7989657763475937
146.16,-2.670762838412146,-2.657208693495063
146.17000000000002,-2.696612901800479,-2.5102473192629464
146.18,-2.7209677847974048,-2.3582773156309655
146.19,-2.7437784481130985,-2.201521612835909
146.20000000000002,-2.7649982170541225,-2.0402298635744316
146.21,-2.784583045384587,-1.87467764184985
146.22,-2.8024917698911196,-1.7051653851860353
146.23,-2.818686353088307,-1.5320170827657515
146.24,-2.8331321115464343,-1.3555787160226367
146.25,-2.84579792740876,-1.1762164622397104
146.26,-2.856656440791229,-0.9943146756912313
146.27,-2.865684220922585,-0.8102736647139039
146.28,-2.872861914085507,-0.624507286712595
146.29,-2.878174366656837,-0.4374403864024145
146.3,-2.8816107218135554,-0.24950610547686608
146.31,-2.883164488766374,-0.061143094293492795
146.32,-2.882833583699425,0.12720734198133032
146.33,-2.8806203419267473,0.31510412907903457
146.34,-2.8765315011178445,0.5021093068868963
146.35,-2.8705781557890098,0.687790876001077
146.36,-2.8627756835978233,0.8717255740149271
146.37,-2.8531436443087115,1.0535015493130842
146.38,-2.841705652611562,1.2327209020688863
146.39000000000001,-2.828489226267334,1.40900206461332
146.4,-2.8135256113192955,1.5819819962910908
146.41,-2.796849586341512,1.7513181712648203
146.42000000000002,-2.778499247893999,1.9166903413844176
146.43,-2.758515779513824,2.0778020601124236
146.44,-2.736943206691751,2.2343819574921033
146.45000000000002,-2.713828140363982,2.3861847601685886
146.46,-2.6892195114883792,2.532992054433388
146.47,-2.6631682992753145,2.6746127940744024
146.48,-2.6357272556068914,2.8108835584011373
146.49,-2.606950628107292,2.94166856911245
146.5,-2.576893884224642,3.0668594776280576
146.51,-2.54561343855473,3.186374937073861
146.52,-2.5131663854831645,3.3001599752664785
146.53,-2.4796102390494004,3.4081851867684394
146.54,-2.4450026817477957,3.510445763378652
146.55,-2.4094013237818275,3.6069603832903843
146.56,-2.372863474081988,3.6977699796084047
146.57,-2.3354459241896595,3.782936408993849
146.58,-2.297204745902111,3.8625410409322574
146.59,-2.258195103371014,3.93668328753485
146.6,-2.218471080151414,4.0054790929267154
146.61,-2.17808552151248,4.069059400191499
146.62,-2.1370898921475843,4.1275686125743185
146.63,-2.095534149260994,4.181163064236263
146.64000000000001,-2.053466630862859,4.230009514346459
146.65,-2.0109339589740647,4.274283676730213
146.66,-1.967980957328255,4.3141687956997785
146.67000000000002,-1.9246505830600693,4.349854277109557
146.68,-1.8809838717860639,4.381534382127786
146.69,-1.8370198954175134,4.4094069897253485
146.70000000000002,-1.7927957319915568,4.433672432468433
146.71,-1.7483464467681447,4.454532408880397
146.72,-1.7037050838139487,4.472188974420518
146.73,-1.6589026672797342,4.486843612020781
146.74,-1.613968211573533,4.498696382130741
146.75,-1.5689287396371192,4.507945151346206
146.76,-1.523809308546609,4.514784897938878
146.77,-1.4786330416783418,4.519407091957986
146.78,-1.433421166707449,4.521999147036527
146.79,-1.388193058737611,4.522743940597779
146.8,-1.3429662878954933,4.521819398815199
146.81,-1.297756670761307,4.519398142422735
146.82,-1.2525783250470388,4.515647189294948
146.83,-1.2074437269754081,4.510727709608645
146.84,-1.1623637708548658,4.50479482935173
146.85,-1.1173478303883735,4.497997477952647
146.86,-1.0724038212958127,4.490478275857237
146.87,-1.0275382648712286,4.482373457971847
146.88,-0.9827563521363758,4.47381282901523
146.89000000000001,-0.938062008290924,4.464919746970982
146.9,-0.8934579571969561,4.455811131001198
146.91,-0.8489457856709,4.446597490365788
146.92000000000002,-0.8045260073896403,4.437382971085814
146.93,-0.7601981262491837,4.42826541728957
146.94,-0.715960699043849,4.419336444383427
146.95000000000002,-0.6718113973615152,4.410681521393053
146.96,-0.6277470686159878,4.402380060021938
146.97,-0.5837637961610763,4.394505508171617
146.98,-0.5398569584525554,4.387125445859781
146.99,-0.49602128724388067,4.380301681657809
147.0,-0.45225092481939927,4.374090347947144
147.01,-0.40853948028493775,4.368541993464038
147.02,-0.3648800849501185,4.363701671764203
147.03,-0.3212654468496537,4.359609024392909
147.04,-0.2776879044622603,4.3562983576922125
147.05,-0.23413947969580945,4.353798712315731
147.06,-0.1906119302159457,4.35213392465309
147.07,-0.14709680120274765,4.351322679491694
147.08,-0.10358547662611182,4.351378553363335
147.09,-0.06006923013548094,4.352310048138344
147.1,-0.01653927566334494,4.3541206145412685
147.11,0.027013182155344432,4.356808665370477
147.12,0.07059689764406461,4.360367578310485
147.13,0.11422053372155415,4.364785688331267
147.14000000000001,0.15789261141068997,4.370046269774329
147.15,0.20162145911704074,4.376127508331836
147.16,0.2454151615773267,4.383002463233676
147.17000000000002,0.28928150838171424,4.390639020068926
147.18,0.3332279419787052,4.398999834783661
147.19,0.3772615050773875,4.408042269517392
147.20000000000002,0.42138878736905305,4.417718321066373
147.21,0.4656158714987149,4.427974542894284
147.22,0.5099482782269387,4.438751961750158
147.23,0.5543909107337179,4.449985990100197
147.24,0.5989479980289426,4.461606335734843
147.25,0.6436230374484149,4.473536910075221
147.26,0.6884187362304469,4.485695736873957
147.27,0.7333369521858939,4.497994863184084
147.28,0.7783786334941286,4.5103402746558
147.29,0.8235437576790099,4.522631817413576
147.3,0.8688312698424001,4.5347631289642
147.31,0.914239020258294,4.546621580788495
147.32,0.95976370145817,4.558088235473622
147.33,1.0054007849677664,4.569037821446829
147.34,1.0511444578871065,4.579338728572249
147.35,1.0969875595392113,4.588853028066696
147.36,1.1429215184484405,4.597436520374246
147.37,1.1889362899466964,4.604938814808371
147.38,1.235020294744608,4.611203444919312
147.39000000000001,1.2811603588450828,4.6160680236676175
147.4,1.3273416552179604,4.61936444257597
147.41,1.3735476476966022,4.62091911908385
147.42000000000002,1.4197600375996375,4.620553296335792
147.43,1.465958713623318,4.618083399586229
147.44,1.5121217055913623,4.613321453294159
147.45000000000002,1.5582251426892013,4.60607556280062
147.46,1.6042432168473746,4.596150464223104
147.47,1.6501481519736634,4.583348145855147
147.48,1.6959101797644776,4.5674685439188405
147.49,1.7414975228520402,4.548310314975675
147.5,1.786876386063991,4.525671686650848
147.51,1.832010956585057,4.499351387563258
147.52,1.8768634138152562,4.469149656474615
147.53,1.9213939497145496,4.434869329675597
147.54,1.9655608004087683,4.396317004516131
147.55,2.0093202898048723,4.353304275765185
147.56,2.052626885924072,4.305649040160499
147.57,2.095433270608082,4.2531768630918485
147.58,2.1376904231859086,4.195722399867873
147.59,2.1793477186054395,4.1331308624656025
147.6,2.2203530404352207,4.065259521077235
147.61,2.2606529090269842,3.9919792281782502
147.62,2.300192624998786,3.9131759512766364
147.63,2.338916428052517,3.828752299000565
147.64000000000001,2.3767676709787975,3.738629023780336
147.65,2.4136890085281237,3.642746483121449
147.66,2.4496226006412263,3.541066040392534
147.67000000000002,2.4845103293359747,3.4335713852085386
147.68,2.518294028345397,3.3202697529192324
147.69,2.5509157243943594,3.201193022456904
147.70000000000002,2.5823178887945355,3.076398671892562
147.71,2.6124436978322105,2.9459705715292666
147.72,2.6412373002251206,2.8100195952496434
147.73,2.668644089737203,2.668684032149104
147.74,2.6946109808681022,2.5221297822336046
147.75,2.7190866853818747,2.3705503221367326
147.76,2.7420219873108365,2.214166429399111
147.77,2.7633700139698565,2.0532256568244502
147.78,2.7830865004473253,1.8880015517391737
147.79,2.80113004500464,1.718792618581873
147.8,2.8174623528189624,1.5459210270687522
147.81,2.8320484655460145,1.3697310721451605
147.82,2.8448569742618655,1.1905873959561881
147.83,2.8558602134651383,1.0088729860598753
147.84,2.865034433983063,0.8249869679699999
147.85,2.8723599528245383,0.6393422137563283
147.86,2.8778212782581893,0.4523627917558436
147.87,2.8814072086596547,0.26448128537183335
147.88,2.8831109039656253,0.07613601138068396
147.89000000000001,2.8829299288872683,-0.11223182993757588
147.9,2.880866267366874,-0.3001810392317352
147.91,2.8769263081026337,-0.4872733027994536
147.92000000000002,2.871120801310885,-0.6730760433108656
147.93,2.8634647872364165,-0.8571652028968731
147.94,2.8539774972529477,-1.039127926244263
147.95000000000002,2.842682228711531,-1.2185651132210316
147.96,2.8296061949885267,-1.3950938129850354
147.97,2.8147803524518302,-1.5683494344412958
147.98,2.7982392062997006,-1.7379877512301294
147.99,2.7800205974272276,-1.9036866830629877
148.0,2.760165472638441,-2.0651478390828046
148.01,2.738717640645571,-2.2220978129154214
148.02,2.7157235163801325,-2.3742892231034114
148.03,2.691231856183503,-2.5215014965818985
148.04,2.665293486448494,-2.6635413966825214
148.05,2.6379610282498525,-2.8002433007596426
148.06,2.6092886204333015,-2.931469235855756
148.07,2.5793316435327376,-3.057108683805998
148.08,2.5481464467571815,-3.177078169782332
148.09,2.5157900801370907,-3.2913206504669645
148.1,2.4823200337478424,-3.399804719805071
148.11,2.4477939857409896,-3.502523651614375
148.12,2.412269560715555,-3.5994942992300833
148.13,2.375804099756388,-3.6907558728547634
148.14000000000001,2.3384544432584597,-3.7763686153889435
148.15,2.300276727448609,-3.856412397271654
148.16,2.2613261953130266,-3.9309852502980966
148.17000000000002,2.2216570224426473,-4.000201859545235
148.18,2.1813221581221223,-4.064192031468503
148.19,2.1403731818132776,-4.123099154977998
148.20000000000002,2.0988601750225624,-4.17707867090377
148.21,2.056831608395202,-4.2262965637588366
148.22,2.0143342437473852,-4.270927888144549
148.23,1.9714130506323106,-4.311155340551638
148.24,1.9281111369363524,-4.3471678857239295
148.25,1.884469692917832,-4.379159445198248
148.26,1.8405279480323875,-4.407327654137176
148.27,1.7963231398350885,-4.431872691150703
148.28,1.7518904942093734,-4.452996184473559
148.29,1.7072632161456172,-4.470900196638805
148.3,1.662472490276597,-4.485786288672668
148.31,1.6175474903721636,-4.497854663835225
148.32,1.5725153969998924,-4.507303390047972
148.33,1.5274014225712043,-4.51432769938158
148.34,1.482228843012261,-4.519119362322241
148.35,1.4370190353247596,-4.521866133988243
148.36,1.3917915203324962,-4.522751269023631
148.37,1.3465640099442868,-4.5219531015460275
148.38,1.3013524583015756,-4.519644686263019
148.39000000000001,1.2561711162190266,-4.515993496687959
148.4,1.2110325883678164,-4.5111611762730455
148.41,1.1659478926935656,-4.505303338226993
148.42000000000002,1.1209265216032767,-4.4985694097882405
148.43,1.075976504497801,-4.491102516774768
148.44,1.0311044712677815,-4.483039404320755
148.45000000000002,0.9863157164113859,-4.474510389831793
148.46,0.9416142634711457,-4.465639344337668
148.47,0.8970029295246327,-4.456543698589396
148.48,0.8524833894993578,-4.447334470429859
148.49,0.8080562401160354,-4.438116310160695
148.5,0.7637210632961438,-4.428987560828062
148.51,0.7194764888994741,-4.420040330553093
148.52,0.675320256685082,-4.411360574236462
148.53,0.6312492774147449,-4.403028182168152
148.54,0.5872596930417189,-4.3951170732712175
148.55,0.5433469359493205,-4.387695290900768
148.56,0.49950578722370353,-4.380825099305165
148.57,0.4557304339632172,-4.374563079035011
148.58,0.41201452564300334,-4.368960219756213
148.59,0.368351229568093,-4.364062009086043
148.6,0.3247332854612825,-4.359908516225798
148.61,0.2811530592435771,-4.356534469310388
148.62,0.23760259607507475,-4.3539693255344725
148.63,0.19407367273288761,-4.352237333247063
148.64000000000001,0.15055784941013348,-4.351357585332456
148.65,0.10704652102623849,-4.3513440633156515
148.66,0.06353096814382045,-4.352205671745964
148.67000000000002,0.020002407591319202,-4.3539462625240875
148.68,-0.023547957106661303,-4.356564648946444
148.69,-0.06712888538760968,-4.360054609347226
148.70000000000002,-0.11074904929360582,-4.364404880324011
148.71,-0.1544169829940899,-4.369599139638297
148.72,-0.19814103208637177,-4.37561597898873
148.73,-0.2419293025738645,-4.382428866963173
148.74,-0.28578960942563525,-4.390006102587069
148.75,-0.3297294246256059,-4.398310760000687
148.76,-0.37375582462564894,-4.407300624917787
148.77,-0.4178754371239616,-4.416928123643682
148.78,-0.4620943870985226,-4.427140245562455
148.79,-0.5064182420352107,-4.437878460141832
148.8,-0.5508519563013592,-4.449078629650411
148.81,-0.5953998146282189,-4.460670918936005
148.82,-0.6400653746800793,-4.47257970377598
148.83,-0.6848514087037385,-4.484723479480713
148.84,-0.7297598442696935,-4.497014771609373
148.85,-0.7747917041359259,-4.509360050842773
148.86,-0.8199470452865489,-4.521659654250213
148.87,-0.8652248972209301,-4.533807715384997
148.88,-0.9106231995942489,-4.545692105845177
148.89000000000001,-0.9561387393378337,-4.557194391140176
148.9,-1.0017670874170526,-4.568189803907999
148.91,-1.047502535415994,-4.578547237728865
148.92000000000002,-1.09333803217163,-4.5881292649760805
148.93,-1.1392651207155153,-4.596792182329798
148.94,-1.1852738758182257,-4.604386087749662
148.95000000000002,-1.2313528424705087,-4.610754992853033
148.96,-1.2774889756752865,-4.615736974771012
148.97,-1.323667581965929,-4.619164371648463
148.98,-1.3698722631082558,-4.620864026009993
148.99,-1.4160848624861289,-4.62065758022404
149.0,-1.4622854147127364,-4.618361828254007
149.01,-1.508452099051209,-4.613789127780891
149.02,-1.5545611972683544,-4.6067478766074945
149.03,-1.6005870565833586,-4.597043057002001
149.04,-1.6465020584083943,-4.5844768513000504
149.05,-1.6922765936093598,-4.568849331651725
149.06,-1.7378790450414288,-4.5499592262658455
149.07,-1.7832757781346766,-4.52760476386254
149.08,-1.8284311403186795,-4.501584597291151
149.09,-1.8733074700804995,-4.471698806401117
149.1,-1.9178651164467018,-4.437749979267158
149.11,-1.9620624696658426,-4.39954436976835
149.12,-2.005856003842069,-4.356893128307525
149.13,-2.0492003322319934,-4.309613601140355
149.14000000000001,-2.0920482758648764,-4.2575306923734075
149.15,-2.134350946079462,-4.200478281202388
149.16,-2.1760578414889244,-4.138300685414616
149.17000000000002,-2.2171169597877545,-4.070854160596914
149.18,-2.2574749247008628,-3.998008422898982
149.19,-2.2970771282457343,-3.919648181634665
149.20000000000002,-2.3358678883335564,-3.83567466649479
149.21,-2.37379062157563,-3.746007132734191
149.22,-2.41078803098824,-3.6505843264236817
149.23,-2.4468023081041035,-3.5493658907682257
149.24,-2.4817753488036045,-3.4423336936293327
149.25,-2.5156489819766903,-3.3294930557961284
149.26,-2.5483652099195266,-3.2108738592669357
149.27,-2.5798664591620284,-3.086531514869428
149.28,-2.610095840216915,-2.956547768995154
149.29,-2.6389974145419313,-2.8210313300794114
149.3,-2.666516466818503,-2.6801182967376156
149.31,-2.6925997804766837,-2.53397237118221
149.32,-2.7171959142421476,-2.3827848436864723
149.33,-2.7402554773504133,-2.2267743364178565
149.34,-2.7617314009705045,-2.0661862979057815
149.35,-2.781579203308529,-1.9012922426960257
149.36,-2.799757245824425,-1.73238873432272
149.37,-2.816226977994983,-1.5597961135339533
149.38,-2.8309531680951037,-1.3838569776625047
149.39000000000001,-2.843904117548233,-1.2049344210546888
149.4,-2.8550518565161975,-1.023410050466878
149.41,-2.8643723185575705,-0.8396817932163025
149.42000000000002,-2.8718454923805234,-0.6541615195347941
149.43,-2.8774555489482663,-0.46727250392812547
149.44,-2.881190942459086,-0.27944675330195035
149.45000000000002,-2.8830444840143055,-0.09112223209912373
149.46,-2.8830133871010686,0.09725998336501909
149.47,-2.881099284347005,0.28525858783647234
149.48,-2.877308215344339,0.4724349330789107
149.49,-2.8716505856854266,0.6583558825451787
149.5,-2.8641410976934356,0.8425966010501186
149.51,-2.8547986536644245,1.0247432469624422
149.52,-2.843646232754187,1.2043955362685566
149.53,-2.8307107429390537,1.3811691502496035
149.54,-2.816022849749195,1.5546979613895306
149.55,-2.799616783711263,1.724636055419744
149.56,-2.7815301286408003,1.8906595310186602
149.57,-2.7618035930908897,2.05246806252996
149.58,-2.7404807673902005,2.209786215046286
149.59,-2.7176078687899636,2.3623645052304934
149.6,-2.6932334772855904,2.5099802052225795
149.61,-2.6674082646855117,2.6524378908211457
149.62,-2.6401847194691674,2.789569738756178
149.63,-2.6116168699103883,2.9212355812176423
149.64000000000001,-2.5817600078448146,3.0473227288160576
149.65,-2.5506704153340674,3.1677455757835604
149.66,-2.5184050963291433,3.2824450034464627
149.67000000000002,-2.485021515265138,3.391387599795236
149.68,-2.4505773443332384,3.4945647143396448
149.69,-2.4151302209783445,3.5919913683711746
149.70000000000002,-2.3787375169658147,3.683705041277741
149.71,-2.34145612015279,3.7697643536913925
149.72,-2.303342229891987,3.8502476680299025
149.73,-2.264451166792192,3.925251626454743
149.74,-2.224837197362892,3.9948896454517877
149.75,-2.1845533738831557,4.0592903851902875
149.76,-2.143651389659086,4.118596210574115
149.77,-2.102181449671673,4.1729616595104035
149.78,-2.0601921564688777,4.222551932426412
149.79,-2.0177304110231447,4.267541415505047
149.8,-1.9748413281587764,4.308112248519176
149.81,-1.931568166052761,4.3444529465570065
149.82,-1.8879522692276363,4.376757083373809
149.83,-1.8440330243852847,4.405222042603168
149.84,-1.7998478283755728,4.43004784163357
149.85,-1.7554320675526134,4.451436031619226
149.86,-1.7108191077431885,4.46958867585925
149.87,-1.6660402940354286,4.484707407654717
149.88,-1.6211249595900943,4.496992567743502
149.89000000000001,-1.5761004426805587,4.506642420519948
149.9,-1.5309921111796954,4.513852447469529
149.91,-1.485823393731168,4.518814715584971
149.92000000000002,-1.440615816867996,4.52171731797514
149.93,-1.3953890473716652,4.522743883425351
149.94,-1.3501609391994889,4.522073151310675
149.95000000000002,-1.3049475843454517,4.519878607994583
149.96,-1.2597633670395971,4.516328180655625
149.97,-1.2146210207323394,4.511583984366642
149.98,-1.1695316873522645,4.505802118195733
149.99,-1.1245049783684247,4.499132506097842
