delta,omega,steady_time
0.0,0.5,149.99
0.0,0.5918367346938775,149.99
0.0,0.6836734693877551,149.99
0.0,0.7755102040816326,149.99
0.0,0.8673469387755102,149.99
0.0,0.9591836734693877,149.99
0.0,1.0510204081632653,149.99
0.0,1.1428571428571428,149.99
0.0,1.2346938775510203,149.99
0.0,1.3265306122448979,149.99
0.0,1.4183673469387754,149.99
0.0,1.5102040816326532,149.99
0.0,1.6020408163265307,149.99
0.0,1.6938775510204083,149.99
0.0,1.7857142857142858,149.99
0.0,1.8775510204081634,149.99
0.0,1.969387755102041,124.54
0.0,2.0612244897959187,149.99
0.0,2.1530612244897958,149.99
0.0,2.2448979591836737,149.99
0.0,2.336734693877551,149.99
0.0,2.428571428571429,149.99
0.0,2.5204081632653064,149.99
0.0,2.612244897959184,149.99
0.0,2.7040816326530615,149.99
0.0,2.795918367346939,149.99
0.0,2.8877551020408165,149.99
0.0,2.979591836734694,149.99
0.0,3.0714285714285716,149.99
0.0,3.163265306122449,149.99
0.0,3.2551020408163267,149.99
0.0,3.3469387755102042,149.99
0.0,3.438775510204082,149.99
0.0,3.5306122448979593,149.99
0.0,3.622448979591837,149.99
0.0,3.7142857142857144,149.99
0.0,3.806122448979592,149.99
0.0,3.8979591836734695,149.99
0.0,3.989795918367347,149.99
0.0,4.081632653061225,149.99
0.0,4.173469387755102,149.99
0.0,4.26530612244898,149.99
0.0,4.357142857142858,133.12
0.0,4.448979591836735,149.99
0.0,4.540816326530613,149.99
0.0,4.63265306122449,59.49
0.0,4.724489795918368,149.99
0.0,4.816326530612245,149.99
0.0,4.908163265306123,149.99
0.0,5.0,149.99
0.01020408163265306,0.5,149.99
0.01020408163265306,0.5918367346938775,149.99
0.01020408163265306,0.6836734693877551,149.99
0.01020408163265306,0.7755102040816326,149.99
0.01020408163265306,0.8673469387755102,82.28
0.01020408163265306,0.9591836734693877,149.99
0.01020408163265306,1.0510204081632653,149.99
0.01020408163265306,1.1428571428571428,149.99
0.01020408163265306,1.2346938775510203,149.99
0.01020408163265306,1.3265306122448979,149.99
0.01020408163265306,1.4183673469387754,149.99
0.01020408163265306,1.5102040816326532,149.99
0.01020408163265306,1.6020408163265307,149.99
0.01020408163265306,1.6938775510204083,149.99
0.01020408163265306,1.7857142857142858,149.99
0.01020408163265306,1.8775510204081634,149.99
0.01020408163265306,1.969387755102041,149.99
0.01020408163265306,2.0612244897959187,149.99
0.01020408163265306,2.1530612244897958,149.99
0.01020408163265306,2.2448979591836737,149.99
0.01020408163265306,2.336734693877551,149.99
0.01020408163265306,2.428571428571429,149.99
0.01020408163265306,2.5204081632653064,149.99
0.01020408163265306,2.612244897959184,149.99
0.01020408163265306,2.7040816326530615,149.99
0.01020408163265306,2.795918367346939,149.99
0.01020408163265306,2.8877551020408165,149.99
0.01020408163265306,2.979591836734694,149.99
0.01020408163265306,3.0714285714285716,149.99
0.01020408163265306,3.163265306122449,149.99
0.01020408163265306,3.2551020408163267,149.99
0.01020408163265306,3.3469387755102042,149.99
0.01020408163265306,3.438775510204082,149.99
0.01020408163265306,3.5306122448979593,149.99
0.01020408163265306,3.622448979591837,149.99
0.01020408163265306,3.7142857142857144,149.99
0.01020408163265306,3.806122448979592,149.99
0.01020408163265306,3.8979591836734695,149.99
0.01020408163265306,3.989795918367347,149.99
0.01020408163265306,4.081632653061225,149.99
0.01020408163265306,4.173469387755102,8.88
0.01020408163265306,4.26530612244898,149.99
0.01020408163265306,4.357142857142858,98.37
0.01020408163265306,4.448979591836735,149.99
0.01020408163265306,4.540816326530613,20.56
0.01020408163265306,4.63265306122449,149.99
0.01020408163265306,4.724489795918368,9.07
0.01020408163265306,4.816326530612245,149.99
0.01020408163265306,4.908163265306123,22.03
0.01020408163265306,5.0,15.200000000000001
0.02040816326530612,0.5,149.99
0.02040816326530612,0.5918367346938775,149.99
0.02040816326530612,0.6836734693877551,149.99
0.02040816326530612,0.7755102040816326,149.99
0.02040816326530612,0.8673469387755102,108.76
0.02040816326530612,0.9591836734693877,149.99
0.02040816326530612,1.0510204081632653,149.99
0.02040816326530612,1.1428571428571428,149.99
0.02040816326530612,1.2346938775510203,149.99
0.02040816326530612,1.3265306122448979,149.99
0.02040816326530612,1.4183673469387754,149.99
0.02040816326530612,1.5102040816326532,149.99
0.02040816326530612,1.6020408163265307,149.99
0.02040816326530612,1.6938775510204083,149.99
0.02040816326530612,1.7857142857142858,149.99
0.02040816326530612,1.8775510204081634,149.99
0.02040816326530612,1.969387755102041,149.99
0.02040816326530612,2.0612244897959187,149.99
0.02040816326530612,2.1530612244897958,149.99
0.02040816326530612,2.2448979591836737,149.99
0.02040816326530612,2.336734693877551,149.99
0.02040816326530612,2.428571428571429,149.99
0.02040816326530612,2.5204081632653064,149.99
0.02040816326530612,2.612244897959184,49.39
0.02040816326530612,2.7040816326530615,149.99
0.02040816326530612,2.795918367346939,149.99
0.02040816326530612,2.8877551020408165,149.99
0.02040816326530612,2.979591836734694,149.99
0.02040816326530612,3.0714285714285716,149.99
0.02040816326530612,3.163265306122449,131.65
0.02040816326530612,3.2551020408163267,149.99
0.02040816326530612,3.3469387755102042,55.81
0.02040816326530612,3.438775510204082,149.99
0.02040816326530612,3.5306122448979593,20.16
0.02040816326530612,3.622448979591837,149.99
0.02040816326530612,3.7142857142857144,149.99
0.02040816326530612,3.806122448979592,149.99
0.02040816326530612,3.8979591836734695,149.99
0.02040816326530612,3.989795918367347,14.16
0.02040816326530612,4.081632653061225,149.99
0.02040816326530612,4.173469387755102,26.53
0.02040816326530612,4.26530612244898,31.310000000000002
0.02040816326530612,4.357142857142858,19.72
0.02040816326530612,4.448979591836735,144.1
0.02040816326530612,4.540816326530613,149.99
0.02040816326530612,4.63265306122449,149.99
0.02040816326530612,4.724489795918368,149.79
0.02040816326530612,4.816326530612245,34.85
0.02040816326530612,4.908163265306123,56.370000000000005
0.02040816326530612,5.0,149.99
0.030612244897959183,0.5,149.99
0.030612244897959183,0.5918367346938775,144.93
0.030612244897959183,0.6836734693877551,149.99
0.030612244897959183,0.7755102040816326,149.99
0.030612244897959183,0.8673469387755102,149.99
0.030612244897959183,0.9591836734693877,149.99
0.030612244897959183,1.0510204081632653,149.99
0.030612244897959183,1.1428571428571428,149.99
0.030612244897959183,1.2346938775510203,149.99
0.030612244897959183,1.3265306122448979,149.99
0.030612244897959183,1.4183673469387754,149.99
0.030612244897959183,1.5102040816326532,149.99
0.030612244897959183,1.6020408163265307,149.99
0.030612244897959183,1.6938775510204083,149.99
0.030612244897959183,1.7857142857142858,149.99
0.030612244897959183,1.8775510204081634,149.99
0.030612244897959183,1.969387755102041,149.99
0.030612244897959183,2.0612244897959187,149.99
0.030612244897959183,2.1530612244897958,149.99
0.030612244897959183,2.2448979591836737,149.99
0.030612244897959183,2.336734693877551,149.99
0.030612244897959183,2.428571428571429,149.99
0.030612244897959183,2.5204081632653064,149.99
0.030612244897959183,2.612244897959184,149.99
0.030612244897959183,2.7040816326530615,149.99
0.030612244897959183,2.795918367346939,149.99
0.030612244897959183,2.8877551020408165,149.99
0.030612244897959183,2.979591836734694,149.99
0.030612244897959183,3.0714285714285716,149.99
0.030612244897959183,3.163265306122449,149.99
0.030612244897959183,3.2551020408163267,149.99
0.030612244897959183,3.3469387755102042,149.99
0.030612244897959183,3.438775510204082,149.99
0.030612244897959183,3.5306122448979593,149.99
0.030612244897959183,3.622448979591837,105.06
0.030612244897959183,3.7142857142857144,149.99
0.030612244897959183,3.806122448979592,86.83
0.030612244897959183,3.8979591836734695,130.55
0.030612244897959183,3.989795918367347,149.99
0.030612244897959183,4.081632653061225,149.99
0.030612244897959183,4.173469387755102,148.56
0.030612244897959183,4.26530612244898,149.99
0.030612244897959183,4.357142857142858,25.43
0.030612244897959183,4.448979591836735,89.82000000000001
0.030612244897959183,4.540816326530613,97.54
0.030612244897959183,4.63265306122449,124.78
0.030612244897959183,4.724489795918368,112.47
0.030612244897959183,4.816326530612245,9.05
0.030612244897959183,4.908163265306123,9.28
0.030612244897959183,5.0,8.71
0.04081632653061224,0.5,149.99
0.04081632653061224,0.5918367346938775,112.49000000000001
0.04081632653061224,0.6836734693877551,149.99
0.04081632653061224,0.7755102040816326,149.99
0.04081632653061224,0.8673469387755102,137.91
0.04081632653061224,0.9591836734693877,149.99
0.04081632653061224,1.0510204081632653,149.99
0.04081632653061224,1.1428571428571428,149.99
0.04081632653061224,1.2346938775510203,149.99
0.04081632653061224,1.3265306122448979,147.48
0.04081632653061224,1.4183673469387754,149.99
0.04081632653061224,1.5102040816326532,149.99
0.04081632653061224,1.6020408163265307,149.99
0.04081632653061224,1.6938775510204083,149.99
0.04081632653061224,1.7857142857142858,149.99
0.04081632653061224,1.8775510204081634,149.99
0.04081632653061224,1.969387755102041,149.99
0.04081632653061224,2.0612244897959187,149.99
0.04081632653061224,2.1530612244897958,149.99
0.04081632653061224,2.2448979591836737,149.99
0.04081632653061224,2.336734693877551,149.99
0.04081632653061224,2.428571428571429,149.99
0.04081632653061224,2.5204081632653064,149.99
0.04081632653061224,2.612244897959184,117.56
0.04081632653061224,2.7040816326530615,149.99
0.04081632653061224,2.795918367346939,149.99
0.04081632653061224,2.8877551020408165,149.99
0.04081632653061224,2.979591836734694,149.99
0.04081632653061224,3.0714285714285716,149.99
0.04081632653061224,3.163265306122449,31.080000000000002
0.04081632653061224,3.2551020408163267,149.99
0.04081632653061224,3.3469387755102042,68.69
0.04081632653061224,3.438775510204082,149.99
0.04081632653061224,3.5306122448979593,149.99
0.04081632653061224,3.622448979591837,149.99
0.04081632653061224,3.7142857142857144,149.99
0.04081632653061224,3.806122448979592,149.99
0.04081632653061224,3.8979591836734695,149.99
0.04081632653061224,3.989795918367347,113.73
0.04081632653061224,4.081632653061225,149.99
0.04081632653061224,4.173469387755102,149.99
0.04081632653061224,4.26530612244898,87.97
0.04081632653061224,4.357142857142858,78.52
0.04081632653061224,4.448979591836735,73.02
0.04081632653061224,4.540816326530613,74.03
0.04081632653061224,4.63265306122449,90.27
0.04081632653061224,4.724489795918368,134.99
0.04081632653061224,4.816326530612245,76.25
0.04081632653061224,4.908163265306123,86.37
0.04081632653061224,5.0,80.52
0.0510204081632653,0.5,149.99
0.0510204081632653,0.5918367346938775,89.5
0.0510204081632653,0.6836734693877551,149.99
0.0510204081632653,0.7755102040816326,149.99
0.0510204081632653,0.8673469387755102,148.96
0.0510204081632653,0.9591836734693877,149.99
0.0510204081632653,1.0510204081632653,92.94
0.0510204081632653,1.1428571428571428,149.99
0.0510204081632653,1.2346938775510203,149.99
0.0510204081632653,1.3265306122448979,128.05
0.0510204081632653,1.4183673469387754,149.99
0.0510204081632653,1.5102040816326532,149.99
0.0510204081632653,1.6020408163265307,149.99
0.0510204081632653,1.6938775510204083,149.99
0.0510204081632653,1.7857142857142858,149.99
0.0510204081632653,1.8775510204081634,140.95000000000002
0.0510204081632653,1.969387755102041,149.99
0.0510204081632653,2.0612244897959187,149.58
0.0510204081632653,2.1530612244897958,146.59
0.0510204081632653,2.2448979591836737,149.99
0.0510204081632653,2.336734693877551,149.99
0.0510204081632653,2.428571428571429,149.99
0.0510204081632653,2.5204081632653064,149.99
0.0510204081632653,2.612244897959184,149.99
0.0510204081632653,2.7040816326530615,149.99
0.0510204081632653,2.795918367346939,149.99
0.0510204081632653,2.8877551020408165,149.99
0.0510204081632653,2.979591836734694,43.57
0.0510204081632653,3.0714285714285716,55.86
0.0510204081632653,3.163265306122449,149.99
0.0510204081632653,3.2551020408163267,149.99
0.0510204081632653,3.3469387755102042,40.51
0.0510204081632653,3.438775510204082,9.620000000000001
0.0510204081632653,3.5306122448979593,149.99
0.0510204081632653,3.622448979591837,149.99
0.0510204081632653,3.7142857142857144,149.99
0.0510204081632653,3.806122448979592,149.99
0.0510204081632653,3.8979591836734695,149.99
0.0510204081632653,3.989795918367347,149.99
0.0510204081632653,4.081632653061225,47.18
0.0510204081632653,4.173469387755102,83.67
0.0510204081632653,4.26530612244898,52.54
0.0510204081632653,4.357142857142858,64.09
0.0510204081632653,4.448979591836735,58.980000000000004
0.0510204081632653,4.540816326530613,59.75
0.0510204081632653,4.63265306122449,75.95
0.0510204081632653,4.724489795918368,65.98
0.0510204081632653,4.816326530612245,87.99
0.0510204081632653,4.908163265306123,66.86
0.0510204081632653,5.0,66.43
0.061224489795918366,0.5,149.99
0.061224489795918366,0.5918367346938775,77.48
0.061224489795918366,0.6836734693877551,106.19
0.061224489795918366,0.7755102040816326,149.99
0.061224489795918366,0.8673469387755102,94.97
0.061224489795918366,0.9591836734693877,149.99
0.061224489795918366,1.0510204081632653,149.99
0.061224489795918366,1.1428571428571428,149.99
0.061224489795918366,1.2346938775510203,149.99
0.061224489795918366,1.3265306122448979,104.45
0.061224489795918366,1.4183673469387754,149.99
0.061224489795918366,1.5102040816326532,149.99
0.061224489795918366,1.6020408163265307,142.19
0.061224489795918366,1.6938775510204083,149.99
0.061224489795918366,1.7857142857142858,118.88
0.061224489795918366,1.8775510204081634,115.63
0.061224489795918366,1.969387755102041,126.53
0.061224489795918366,2.0612244897959187,123.94
0.061224489795918366,2.1530612244897958,120.22
0.061224489795918366,2.2448979591836737,137.47
0.061224489795918366,2.336734693877551,148.35
0.061224489795918366,2.428571428571429,63.910000000000004
0.061224489795918366,2.5204081632653064,149.99
0.061224489795918366,2.612244897959184,149.99
0.061224489795918366,2.7040816326530615,149.99
0.061224489795918366,2.795918367346939,149.99
0.061224489795918366,2.8877551020408165,149.99
0.061224489795918366,2.979591836734694,149.99
0.061224489795918366,3.0714285714285716,23.55
0.061224489795918366,3.163265306122449,33.230000000000004
0.061224489795918366,3.2551020408163267,149.99
0.061224489795918366,3.3469387755102042,149.99
0.061224489795918366,3.438775510204082,59.64
0.061224489795918366,3.5306122448979593,149.99
0.061224489795918366,3.622448979591837,149.98
0.061224489795918366,3.7142857142857144,149.99
0.061224489795918366,3.806122448979592,136.35
0.061224489795918366,3.8979591836734695,64.53
0.061224489795918366,3.989795918367347,149.99
0.061224489795918366,4.081632653061225,15.1
0.061224489795918366,4.173469387755102,56.94
0.061224489795918366,4.26530612244898,58.410000000000004
0.061224489795918366,4.357142857142858,54.32
0.061224489795918366,4.448979591836735,49.64
0.061224489795918366,4.540816326530613,50.36
0.061224489795918366,4.63265306122449,66.4
0.061224489795918366,4.724489795918368,55.52
0.061224489795918366,4.816326530612245,66.95
0.061224489795918366,4.908163265306123,61.52
0.061224489795918366,5.0,61.050000000000004
0.07142857142857142,0.5,149.99
0.07142857142857142,0.5918367346938775,65.81
0.07142857142857142,0.6836734693877551,119.8
0.07142857142857142,0.7755102040816326,149.99
0.07142857142857142,0.8673469387755102,88.43
0.07142857142857142,0.9591836734693877,148.1
0.07142857142857142,1.0510204081632653,62.45
0.07142857142857142,1.1428571428571428,149.99
0.07142857142857142,1.2346938775510203,149.99
0.07142857142857142,1.3265306122448979,123.42
0.07142857142857142,1.4183673469387754,149.99
0.07142857142857142,1.5102040816326532,149.99
0.07142857142857142,1.6020408163265307,110.5
0.07142857142857142,1.6938775510204083,103.67
0.07142857142857142,1.7857142857142858,99.4
0.07142857142857142,1.8775510204081634,100.07000000000001
0.07142857142857142,1.969387755102041,107.89
0.07142857142857142,2.0612244897959187,6.09
0.07142857142857142,2.1530612244897958,110.12
0.07142857142857142,2.2448979591836737,149.99
0.07142857142857142,2.336734693877551,118.01
0.07142857142857142,2.428571428571429,149.99
0.07142857142857142,2.5204081632653064,149.99
0.07142857142857142,2.612244897959184,149.99
0.07142857142857142,2.7040816326530615,149.99
0.07142857142857142,2.795918367346939,149.99
0.07142857142857142,2.8877551020408165,13.870000000000001
0.07142857142857142,2.979591836734694,149.99
0.07142857142857142,3.0714285714285716,149.99
0.07142857142857142,3.163265306122449,21.34
0.07142857142857142,3.2551020408163267,149.99
0.07142857142857142,3.3469387755102042,149.99
0.07142857142857142,3.438775510204082,149.99
0.07142857142857142,3.5306122448979593,14.47
0.07142857142857142,3.622448979591837,103.29
0.07142857142857142,3.7142857142857144,112.7
0.07142857142857142,3.806122448979592,39.84
0.07142857142857142,3.8979591836734695,149.99
0.07142857142857142,3.989795918367347,45.03
0.07142857142857142,4.081632653061225,62.67
0.07142857142857142,4.173469387755102,40.230000000000004
0.07142857142857142,4.26530612244898,44.89
0.07142857142857142,4.357142857142858,42.71
0.07142857142857142,4.448979591836735,44.82
0.07142857142857142,4.540816326530613,45.47
0.07142857142857142,4.63265306122449,56.63
0.07142857142857142,4.724489795918368,48.58
0.07142857142857142,4.816326530612245,46.28
0.07142857142857142,4.908163265306123,46.31
0.07142857142857142,5.0,45.910000000000004
0.08163265306122448,0.5,149.99
0.08163265306122448,0.5918367346938775,64.51
0.08163265306122448,0.6836734693877551,149.99
0.08163265306122448,0.7755102040816326,149.99
0.08163265306122448,0.8673469387755102,127.18
0.08163265306122448,0.9591836734693877,149.99
0.08163265306122448,1.0510204081632653,37.95
0.08163265306122448,1.1428571428571428,149.99
0.08163265306122448,1.2346938775510203,149.99
0.08163265306122448,1.3265306122448979,149.99
0.08163265306122448,1.4183673469387754,149.99
0.08163265306122448,1.5102040816326532,123.94
0.08163265306122448,1.6020408163265307,100.5
0.08163265306122448,1.6938775510204083,85.78
0.08163265306122448,1.7857142857142858,89.93
0.08163265306122448,1.8775510204081634,90.18
0.08163265306122448,1.969387755102041,96.81
0.08163265306122448,2.0612244897959187,6.09
0.08163265306122448,2.1530612244897958,104.35000000000001
0.08163265306122448,2.2448979591836737,127.96000000000001
0.08163265306122448,2.336734693877551,149.99
0.08163265306122448,2.428571428571429,94.54
0.08163265306122448,2.5204081632653064,149.99
0.08163265306122448,2.612244897959184,149.99
0.08163265306122448,2.7040816326530615,91.8
0.08163265306122448,2.795918367346939,149.99
0.08163265306122448,2.8877551020408165,44.13
0.08163265306122448,2.979591836734694,57.44
0.08163265306122448,3.0714285714285716,11.69
0.08163265306122448,3.163265306122449,22.44
0.08163265306122448,3.2551020408163267,39.38
0.08163265306122448,3.3469387755102042,149.99
0.08163265306122448,3.438775510204082,71.41
0.08163265306122448,3.5306122448979593,48.35
0.08163265306122448,3.622448979591837,29.95
0.08163265306122448,3.7142857142857144,82.34
0.08163265306122448,3.806122448979592,51.32
0.08163265306122448,3.8979591836734695,32.3
0.08163265306122448,3.989795918367347,149.99
0.08163265306122448,4.081632653061225,65.79
0.08163265306122448,4.173469387755102,48.99
0.08163265306122448,4.26530612244898,35.53
0.08163265306122448,4.357142857142858,40.13
0.08163265306122448,4.448979591836735,40.21
0.08163265306122448,4.540816326530613,40.81
0.08163265306122448,4.63265306122449,51.14
0.08163265306122448,4.724489795918368,46.04
0.08163265306122448,4.816326530612245,41.25
0.08163265306122448,4.908163265306123,40.99
0.08163265306122448,5.0,40.72
0.09183673469387754,0.5,149.99
0.09183673469387754,0.5918367346938775,61.57
0.09183673469387754,0.6836734693877551,149.99
0.09183673469387754,0.7755102040816326,149.99
0.09183673469387754,0.8673469387755102,65.81
0.09183673469387754,0.9591836734693877,149.99
0.09183673469387754,1.0510204081632653,55.93
0.09183673469387754,1.1428571428571428,149.99
0.09183673469387754,1.2346938775510203,149.99
0.09183673469387754,1.3265306122448979,149.99
0.09183673469387754,1.4183673469387754,112.59
0.09183673469387754,1.5102040816326532,129.69
0.09183673469387754,1.6020408163265307,91.52
0.09183673469387754,1.6938775510204083,85.94
0.09183673469387754,1.7857142857142858,81.26
0.09183673469387754,1.8775510204081634,80.81
0.09183673469387754,1.969387755102041,96.19
0.09183673469387754,2.0612244897959187,6.09
0.09183673469387754,2.1530612244897958,112.91
0.09183673469387754,2.2448979591836737,112.61
0.09183673469387754,2.336734693877551,149.99
0.09183673469387754,2.428571428571429,149.99
0.09183673469387754,2.5204081632653064,149.99
0.09183673469387754,2.612244897959184,149.99
0.09183673469387754,2.7040816326530615,149.99
0.09183673469387754,2.795918367346939,149.99
0.09183673469387754,2.8877551020408165,149.99
0.09183673469387754,2.979591836734694,149.99
0.09183673469387754,3.0714285714285716,11.290000000000001
0.09183673469387754,3.163265306122449,20.68
0.09183673469387754,3.2551020408163267,28.23
0.09183673469387754,3.3469387755102042,149.99
0.09183673469387754,3.438775510204082,149.99
0.09183673469387754,3.5306122448979593,53.410000000000004
0.09183673469387754,3.622448979591837,44.45
0.09183673469387754,3.7142857142857144,56.39
0.09183673469387754,3.806122448979592,47.33
0.09183673469387754,3.8979591836734695,149.99
0.09183673469387754,3.989795918367347,68.58
0.09183673469387754,4.081632653061225,79.68
0.09183673469387754,4.173469387755102,53.36
0.09183673469387754,4.26530612244898,33.13
0.09183673469387754,4.357142857142858,39.83
0.09183673469387754,4.448979591836735,33.39
0.09183673469387754,4.540816326530613,36.14
0.09183673469387754,4.63265306122449,41.62
0.09183673469387754,4.724489795918368,41.38
0.09183673469387754,4.816326530612245,38.78
0.09183673469387754,4.908163265306123,36.26
0.09183673469387754,5.0,35.93
0.1020408163265306,0.5,149.99
0.1020408163265306,0.5918367346938775,58.0
0.1020408163265306,0.6836734693877551,149.99
0.1020408163265306,0.7755102040816326,149.99
0.1020408163265306,0.8673469387755102,61.15
0.1020408163265306,0.9591836734693877,149.99
0.1020408163265306,1.0510204081632653,149.99
0.1020408163265306,1.1428571428571428,149.99
0.1020408163265306,1.2346938775510203,149.99
0.1020408163265306,1.3265306122448979,149.99
0.1020408163265306,1.4183673469387754,87.71000000000001
0.1020408163265306,1.5102040816326532,105.13
0.1020408163265306,1.6020408163265307,86.21000000000001
0.1020408163265306,1.6938775510204083,82.17
0.1020408163265306,1.7857142857142858,86.84
0.1020408163265306,1.8775510204081634,75.94
0.1020408163265306,1.969387755102041,82.62
0.1020408163265306,2.0612244897959187,80.39
0.1020408163265306,2.1530612244897958,94.28
0.1020408163265306,2.2448979591836737,99.73
0.1020408163265306,2.336734693877551,107.4
0.1020408163265306,2.428571428571429,149.99
0.1020408163265306,2.5204081632653064,149.99
0.1020408163265306,2.612244897959184,149.99
0.1020408163265306,2.7040816326530615,57.480000000000004
0.1020408163265306,2.795918367346939,149.99
0.1020408163265306,2.8877551020408165,149.99
0.1020408163265306,2.979591836734694,149.99
0.1020408163265306,3.0714285714285716,11.06
0.1020408163265306,3.163265306122449,19.0
0.1020408163265306,3.2551020408163267,29.490000000000002
0.1020408163265306,3.3469387755102042,149.99
0.1020408163265306,3.438775510204082,114.12
0.1020408163265306,3.5306122448979593,95.43
0.1020408163265306,3.622448979591837,94.06
0.1020408163265306,3.7142857142857144,34.0
0.1020408163265306,3.806122448979592,149.99
0.1020408163265306,3.8979591836734695,28.3
0.1020408163265306,3.989795918367347,90.67
0.1020408163265306,4.081632653061225,28.650000000000002
0.1020408163265306,4.173469387755102,44.32
0.1020408163265306,4.26530612244898,32.980000000000004
0.1020408163265306,4.357142857142858,35.33
0.1020408163265306,4.448979591836735,31.01
0.1020408163265306,4.540816326530613,35.85
0.1020408163265306,4.63265306122449,38.87
0.1020408163265306,4.724489795918368,40.980000000000004
0.1020408163265306,4.816326530612245,36.27
0.1020408163265306,4.908163265306123,35.94
0.1020408163265306,5.0,33.51
0.11224489795918366,0.5,149.99
0.11224489795918366,0.5918367346938775,50.46
0.11224489795918366,0.6836734693877551,149.99
0.11224489795918366,0.7755102040816326,149.99
0.11224489795918366,0.8673469387755102,44.35
0.11224489795918366,0.9591836734693877,149.99
0.11224489795918366,1.0510204081632653,149.99
0.11224489795918366,1.1428571428571428,149.99
0.11224489795918366,1.2346938775510203,79.53
0.11224489795918366,1.3265306122448979,77.15
0.11224489795918366,1.4183673469387754,87.65
0.11224489795918366,1.5102040816326532,149.99
0.11224489795918366,1.6020408163265307,82.8
0.11224489795918366,1.6938775510204083,78.62
0.11224489795918366,1.7857142857142858,78.11
0.11224489795918366,1.8775510204081634,66.62
0.11224489795918366,1.969387755102041,85.77
0.11224489795918366,2.0612244897959187,79.04
0.11224489795918366,2.1530612244897958,77.75
0.11224489795918366,2.2448979591836737,87.17
0.11224489795918366,2.336734693877551,117.28
0.11224489795918366,2.428571428571429,149.99
0.11224489795918366,2.5204081632653064,149.99
0.11224489795918366,2.612244897959184,149.99
0.11224489795918366,2.7040816326530615,149.99
0.11224489795918366,2.795918367346939,149.99
0.11224489795918366,2.8877551020408165,149.99
0.11224489795918366,2.979591836734694,149.99
0.11224489795918366,3.0714285714285716,10.040000000000001
0.11224489795918366,3.163265306122449,33.3
0.11224489795918366,3.2551020408163267,28.52
0.11224489795918366,3.3469387755102042,149.99
0.11224489795918366,3.438775510204082,67.82000000000001
0.11224489795918366,3.5306122448979593,41.6
0.11224489795918366,3.622448979591837,48.71
0.11224489795918366,3.7142857142857144,38.26
0.11224489795918366,3.806122448979592,149.99
0.11224489795918366,3.8979591836734695,149.99
0.11224489795918366,3.989795918367347,26.68
0.11224489795918366,4.081632653061225,23.72
0.11224489795918366,4.173469387755102,35.27
0.11224489795918366,4.26530612244898,30.55
0.11224489795918366,4.357142857142858,30.82
0.11224489795918366,4.448979591836735,30.84
0.11224489795918366,4.540816326530613,31.35
0.11224489795918366,4.63265306122449,36.22
0.11224489795918366,4.724489795918368,34.17
0.11224489795918366,4.816326530612245,35.97
0.11224489795918366,4.908163265306123,31.34
0.11224489795918366,5.0,31.02
0.12244897959183673,0.5,149.99
0.12244897959183673,0.5918367346938775,49.71
0.12244897959183673,0.6836734693877551,149.99
0.12244897959183673,0.7755102040816326,149.99
0.12244897959183673,0.8673469387755102,40.64
0.12244897959183673,0.9591836734693877,149.99
0.12244897959183673,1.0510204081632653,46.35
0.12244897959183673,1.1428571428571428,149.99
0.12244897959183673,1.2346938775510203,149.99
0.12244897959183673,1.3265306122448979,64.69
0.12244897959183673,1.4183673469387754,149.99
0.12244897959183673,1.5102040816326532,95.47
0.12244897959183673,1.6020408163265307,77.89
0.12244897959183673,1.6938775510204083,73.59
0.12244897959183673,1.7857142857142858,78.54
0.12244897959183673,1.8775510204081634,61.5
0.12244897959183673,1.969387755102041,73.14
0.12244897959183673,2.0612244897959187,76.45
0.12244897959183673,2.1530612244897958,133.42000000000002
0.12244897959183673,2.2448979591836737,98.53
0.12244897959183673,2.336734693877551,78.13
0.12244897959183673,2.428571428571429,149.99
0.12244897959183673,2.5204081632653064,149.99
0.12244897959183673,2.612244897959184,149.99
0.12244897959183673,2.7040816326530615,28.44
0.12244897959183673,2.795918367346939,149.99
0.12244897959183673,2.8877551020408165,133.21
0.12244897959183673,2.979591836734694,11.83
0.12244897959183673,3.0714285714285716,9.61
0.12244897959183673,3.163265306122449,28.7
0.12244897959183673,3.2551020408163267,26.44
0.12244897959183673,3.3469387755102042,35.94
0.12244897959183673,3.438775510204082,67.44
0.12244897959183673,3.5306122448979593,26.96
0.12244897959183673,3.622448979591837,31.17
0.12244897959183673,3.7142857142857144,41.24
0.12244897959183673,3.806122448979592,69.4
0.12244897959183673,3.8979591836734695,68.55
0.12244897959183673,3.989795918367347,21.51
0.12244897959183673,4.081632653061225,21.14
0.12244897959183673,4.173469387755102,30.650000000000002
0.12244897959183673,4.26530612244898,30.42
0.12244897959183673,4.357142857142858,26.34
0.12244897959183673,4.448979591836735,30.68
0.12244897959183673,4.540816326530613,31.16
0.12244897959183673,4.63265306122449,31.61
0.12244897959183673,4.724489795918368,31.6
0.12244897959183673,4.816326530612245,31.36
0.12244897959183673,4.908163265306123,31.080000000000002
0.12244897959183673,5.0,28.71
0.13265306122448978,0.5,149.99
0.13265306122448978,0.5918367346938775,48.79
0.13265306122448978,0.6836734693877551,149.99
0.13265306122448978,0.7755102040816326,149.99
0.13265306122448978,0.8673469387755102,39.82
0.13265306122448978,0.9591836734693877,149.99
0.13265306122448978,1.0510204081632653,48.13
0.13265306122448978,1.1428571428571428,149.99
0.13265306122448978,1.2346938775510203,149.99
0.13265306122448978,1.3265306122448979,62.52
0.13265306122448978,1.4183673469387754,77.49
0.13265306122448978,1.5102040816326532,77.92
0.13265306122448978,1.6020408163265307,73.46000000000001
0.13265306122448978,1.6938775510204083,59.97
0.13265306122448978,1.7857142857142858,76.42
0.13265306122448978,1.8775510204081634,60.89
0.13265306122448978,1.969387755102041,76.22
0.13265306122448978,2.0612244897959187,73.63
0.13265306122448978,2.1530612244897958,110.15
0.13265306122448978,2.2448979591836737,92.75
0.13265306122448978,2.336734693877551,149.99
0.13265306122448978,2.428571428571429,149.99
0.13265306122448978,2.5204081632653064,149.99
0.13265306122448978,2.612244897959184,28.75
0.13265306122448978,2.7040816326530615,94.56
0.13265306122448978,2.795918367346939,149.99
0.13265306122448978,2.8877551020408165,149.99
0.13265306122448978,2.979591836734694,149.99
0.13265306122448978,3.0714285714285716,9.43
0.13265306122448978,3.163265306122449,27.27
0.13265306122448978,3.2551020408163267,24.12
0.13265306122448978,3.3469387755102042,50.980000000000004
0.13265306122448978,3.438775510204082,55.38
0.13265306122448978,3.5306122448979593,116.24000000000001
0.13265306122448978,3.622448979591837,83.81
0.13265306122448978,3.7142857142857144,37.31
0.13265306122448978,3.806122448979592,56.75
0.13265306122448978,3.8979591836734695,26.5
0.13265306122448978,3.989795918367347,27.900000000000002
0.13265306122448978,4.081632653061225,20.96
0.13265306122448978,4.173469387755102,26.17
0.13265306122448978,4.26530612244898,30.29
0.13265306122448978,4.357142857142858,24.02
0.13265306122448978,4.448979591836735,26.35
0.13265306122448978,4.540816326530613,26.73
0.13265306122448978,4.63265306122449,29.18
0.13265306122448978,4.724489795918368,31.28
0.13265306122448978,4.816326530612245,31.05
0.13265306122448978,4.908163265306123,26.51
0.13265306122448978,5.0,26.28
0.14285714285714285,0.5,149.99
0.14285714285714285,0.5918367346938775,47.01
0.14285714285714285,0.6836734693877551,149.99
0.14285714285714285,0.7755102040816326,149.99
0.14285714285714285,0.8673469387755102,39.39
0.14285714285714285,0.9591836734693877,149.99
0.14285714285714285,1.0510204081632653,51.120000000000005
0.14285714285714285,1.1428571428571428,149.99
0.14285714285714285,1.2346938775510203,149.99
0.14285714285714285,1.3265306122448979,55.18
0.14285714285714285,1.4183673469387754,56.6
0.14285714285714285,1.5102040816326532,67.47
0.14285714285714285,1.6020408163265307,68.28
0.14285714285714285,1.6938775510204083,65.45
0.14285714285714285,1.7857142857142858,65.62
0.14285714285714285,1.8775510204081634,56.74
0.14285714285714285,1.969387755102041,66.02
0.14285714285714285,2.0612244897959187,63.370000000000005
0.14285714285714285,2.1530612244897958,73.97
0.14285714285714285,2.2448979591836737,149.99
0.14285714285714285,2.336734693877551,149.99
0.14285714285714285,2.428571428571429,149.99
0.14285714285714285,2.5204081632653064,149.99
0.14285714285714285,2.612244897959184,149.99
0.14285714285714285,2.7040816326530615,149.99
0.14285714285714285,2.795918367346939,149.99
0.14285714285714285,2.8877551020408165,149.99
0.14285714285714285,2.979591836734694,149.99
0.14285714285714285,3.0714285714285716,9.6
0.14285714285714285,3.163265306122449,28.86
0.14285714285714285,3.2551020408163267,22.47
0.14285714285714285,3.3469387755102042,69.57000000000001
0.14285714285714285,3.438775510204082,78.9
0.14285714285714285,3.5306122448979593,36.79
0.14285714285714285,3.622448979591837,96.29
0.14285714285714285,3.7142857142857144,59.28
0.14285714285714285,3.806122448979592,84.0
0.14285714285714285,3.8979591836734695,28.240000000000002
0.14285714285714285,3.989795918367347,27.87
0.14285714285714285,4.081632653061225,20.84
0.14285714285714285,4.173469387755102,23.81
0.14285714285714285,4.26530612244898,26.03
0.14285714285714285,4.357142857142858,23.900000000000002
0.14285714285714285,4.448979591836735,26.23
0.14285714285714285,4.540816326530613,26.54
0.14285714285714285,4.63265306122449,26.73
0.14285714285714285,4.724489795918368,26.73
0.14285714285714285,4.816326530612245,26.55
0.14285714285714285,4.908163265306123,26.310000000000002
0.14285714285714285,5.0,26.09
0.1530612244897959,0.5,149.99
0.1530612244897959,0.5918367346938775,45.89
0.1530612244897959,0.6836734693877551,74.27
0.1530612244897959,0.7755102040816326,149.99
0.1530612244897959,0.8673469387755102,37.54
0.1530612244897959,0.9591836734693877,73.51
0.1530612244897959,1.0510204081632653,59.21
0.1530612244897959,1.1428571428571428,149.99
0.1530612244897959,1.2346938775510203,91.47
0.1530612244897959,1.3265306122448979,50.83
0.1530612244897959,1.4183673469387754,60.39
0.1530612244897959,1.5102040816326532,62.9
0.1530612244897959,1.6020408163265307,61.050000000000004
0.1530612244897959,1.6938775510204083,62.120000000000005
0.1530612244897959,1.7857142857142858,62.230000000000004
0.1530612244897959,1.8775510204081634,52.32
0.1530612244897959,1.969387755102041,64.43
0.1530612244897959,2.0612244897959187,67.52
0.1530612244897959,2.1530612244897958,74.28
0.1530612244897959,2.2448979591836737,149.99
0.1530612244897959,2.336734693877551,149.99
0.1530612244897959,2.428571428571429,149.99
0.1530612244897959,2.5204081632653064,149.99
0.1530612244897959,2.612244897959184,149.99
0.1530612244897959,2.7040816326530615,149.99
0.1530612244897959,2.795918367346939,60.61
0.1530612244897959,2.8877551020408165,141.66
0.1530612244897959,2.979591836734694,149.99
0.1530612244897959,3.0714285714285716,149.99
0.1530612244897959,3.163265306122449,35.43
0.1530612244897959,3.2551020408163267,20.52
0.1530612244897959,3.3469387755102042,25.48
0.1530612244897959,3.438775510204082,35.68
0.1530612244897959,3.5306122448979593,48.76
0.1530612244897959,3.622448979591837,35.69
0.1530612244897959,3.7142857142857144,9.15
0.1530612244897959,3.806122448979592,31.990000000000002
0.1530612244897959,3.8979591836734695,28.42
0.1530612244897959,3.989795918367347,27.75
0.1530612244897959,4.081632653061225,18.97
0.1530612244897959,4.173469387755102,23.7
0.1530612244897959,4.26530612244898,25.92
0.1530612244897959,4.357142857142858,23.79
0.1530612244897959,4.448979591836735,26.12
0.1530612244897959,4.540816326530613,24.3
0.1530612244897959,4.63265306122449,26.52
0.1530612244897959,4.724489795918368,26.46
0.1530612244897959,4.816326530612245,26.32
0.1530612244897959,4.908163265306123,24.04
0.1530612244897959,5.0,23.91
0.16326530612244897,0.5,149.99
0.16326530612244897,0.5918367346938775,45.410000000000004
0.16326530612244897,0.6836734693877551,149.99
0.16326530612244897,0.7755102040816326,149.99
0.16326530612244897,0.8673469387755102,35.27
0.16326530612244897,0.9591836734693877,149.99
0.16326530612244897,1.0510204081632653,149.99
0.16326530612244897,1.1428571428571428,149.99
0.16326530612244897,1.2346938775510203,68.59
0.16326530612244897,1.3265306122448979,47.02
0.16326530612244897,1.4183673469387754,61.28
0.16326530612244897,1.5102040816326532,57.230000000000004
0.16326530612244897,1.6020408163265307,56.19
0.16326530612244897,1.6938775510204083,63.370000000000005
0.16326530612244897,1.7857142857142858,69.5
0.16326530612244897,1.8775510204081634,51.71
0.16326530612244897,1.969387755102041,11.98
0.16326530612244897,2.0612244897959187,103.35000000000001
0.16326530612244897,2.1530612244897958,63.190000000000005
0.16326530612244897,2.2448979591836737,149.99
0.16326530612244897,2.336734693877551,149.99
0.16326530612244897,2.428571428571429,104.53
0.16326530612244897,2.5204081632653064,149.99
0.16326530612244897,2.612244897959184,139.91
0.16326530612244897,2.7040816326530615,149.99
0.16326530612244897,2.795918367346939,149.99
0.16326530612244897,2.8877551020408165,62.79
0.16326530612244897,2.979591836734694,149.99
0.16326530612244897,3.0714285714285716,149.99
0.16326530612244897,3.163265306122449,17.19
0.16326530612244897,3.2551020408163267,26.330000000000002
0.16326530612244897,3.3469387755102042,23.71
0.16326530612244897,3.438775510204082,70.9
0.16326530612244897,3.5306122448979593,33.230000000000004
0.16326530612244897,3.622448979591837,26.150000000000002
0.16326530612244897,3.7142857142857144,29.77
0.16326530612244897,3.806122448979592,24.17
0.16326530612244897,3.8979591836734695,28.47
0.16326530612244897,3.989795918367347,25.64
0.16326530612244897,4.081632653061225,16.580000000000002
0.16326530612244897,4.173469387755102,21.63
0.16326530612244897,4.26530612244898,25.82
0.16326530612244897,4.357142857142858,21.59
0.16326530612244897,4.448979591836735,21.86
0.16326530612244897,4.540816326530613,24.17
0.16326530612244897,4.63265306122449,24.3
0.16326530612244897,4.724489795918368,24.29
0.16326530612244897,4.816326530612245,24.060000000000002
0.16326530612244897,4.908163265306123,21.68
0.16326530612244897,5.0,21.57
0.17346938775510204,0.5,149.99
0.17346938775510204,0.5918367346938775,44.74
0.17346938775510204,0.6836734693877551,149.99
0.17346938775510204,0.7755102040816326,149.99
0.17346938775510204,0.8673469387755102,33.21
0.17346938775510204,0.9591836734693877,149.99
0.17346938775510204,1.0510204081632653,149.99
0.17346938775510204,1.1428571428571428,149.99
0.17346938775510204,1.2346938775510203,61.08
0.17346938775510204,1.3265306122448979,45.96
0.17346938775510204,1.4183673469387754,59.160000000000004
0.17346938775510204,1.5102040816326532,52.72
0.17346938775510204,1.6020408163265307,51.59
0.17346938775510204,1.6938775510204083,55.25
0.17346938775510204,1.7857142857142858,55.25
0.17346938775510204,1.8775510204081634,48.09
0.17346938775510204,1.969387755102041,54.97
0.17346938775510204,2.0612244897959187,98.49000000000001
0.17346938775510204,2.1530612244897958,57.660000000000004
0.17346938775510204,2.2448979591836737,149.99
0.17346938775510204,2.336734693877551,149.99
0.17346938775510204,2.428571428571429,136.22
0.17346938775510204,2.5204081632653064,94.95
0.17346938775510204,2.612244897959184,91.98
0.17346938775510204,2.7040816326530615,149.99
0.17346938775510204,2.795918367346939,114.95
0.17346938775510204,2.8877551020408165,12.18
0.17346938775510204,2.979591836734694,149.99
0.17346938775510204,3.0714285714285716,149.99
0.17346938775510204,3.163265306122449,17.23
0.17346938775510204,3.2551020408163267,47.62
0.17346938775510204,3.3469387755102042,23.79
0.17346938775510204,3.438775510204082,24.330000000000002
0.17346938775510204,3.5306122448979593,51.47
0.17346938775510204,3.622448979591837,149.99
0.17346938775510204,3.7142857142857144,68.79
0.17346938775510204,3.806122448979592,28.66
0.17346938775510204,3.8979591836734695,28.37
0.17346938775510204,3.989795918367347,23.21
0.17346938775510204,4.081632653061225,16.52
0.17346938775510204,4.173469387755102,21.57
0.17346938775510204,4.26530612244898,25.72
0.17346938775510204,4.357142857142858,21.490000000000002
0.17346938775510204,4.448979591836735,21.77
0.17346938775510204,4.540816326530613,21.87
0.17346938775510204,4.63265306122449,21.97
0.17346938775510204,4.724489795918368,21.88
0.17346938775510204,4.816326530612245,21.7
0.17346938775510204,4.908163265306123,21.54
0.17346938775510204,5.0,21.45
0.18367346938775508,0.5,77.39
0.18367346938775508,0.5918367346938775,42.51
0.18367346938775508,0.6836734693877551,149.99
0.18367346938775508,0.7755102040816326,149.99
0.18367346938775508,0.8673469387755102,32.02
0.18367346938775508,0.9591836734693877,149.99
0.18367346938775508,1.0510204081632653,149.99
0.18367346938775508,1.1428571428571428,149.99
0.18367346938775508,1.2346938775510203,61.79
0.18367346938775508,1.3265306122448979,43.47
0.18367346938775508,1.4183673469387754,53.550000000000004
0.18367346938775508,1.5102040816326532,48.980000000000004
0.18367346938775508,1.6020408163265307,47.54
0.18367346938775508,1.6938775510204083,58.86
0.18367346938775508,1.7857142857142858,49.88
0.18367346938775508,1.8775510204081634,48.14
0.18367346938775508,1.969387755102041,68.3
0.18367346938775508,2.0612244897959187,72.3
0.18367346938775508,2.1530612244897958,67.95
0.18367346938775508,2.2448979591836737,149.99
0.18367346938775508,2.336734693877551,149.99
0.18367346938775508,2.428571428571429,149.99
0.18367346938775508,2.5204081632653064,149.99
0.18367346938775508,2.612244897959184,149.99
0.18367346938775508,2.7040816326530615,149.99
0.18367346938775508,2.795918367346939,64.02
0.18367346938775508,2.8877551020408165,149.99
0.18367346938775508,2.979591836734694,149.99
0.18367346938775508,3.0714285714285716,149.99
0.18367346938775508,3.163265306122449,17.39
0.18367346938775508,3.2551020408163267,28.12
0.18367346938775508,3.3469387755102042,22.11
0.18367346938775508,3.438775510204082,18.01
0.18367346938775508,3.5306122448979593,42.67
0.18367346938775508,3.622448979591837,28.66
0.18367346938775508,3.7142857142857144,24.44
0.18367346938775508,3.806122448979592,28.900000000000002
0.18367346938775508,3.8979591836734695,28.17
0.18367346938775508,3.989795918367347,21.09
0.18367346938775508,4.081632653061225,16.490000000000002
0.18367346938775508,4.173469387755102,21.52
0.18367346938775508,4.26530612244898,21.55
0.18367346938775508,4.357142857142858,21.41
0.18367346938775508,4.448979591836735,21.67
0.18367346938775508,4.540816326530613,21.75
0.18367346938775508,4.63265306122449,21.79
0.18367346938775508,4.724489795918368,21.72
0.18367346938775508,4.816326530612245,21.56
0.18367346938775508,4.908163265306123,21.41
0.18367346938775508,5.0,19.34
0.19387755102040816,0.5,78.15
0.19387755102040816,0.5918367346938775,37.03
0.19387755102040816,0.6836734693877551,149.99
0.19387755102040816,0.7755102040816326,149.99
0.19387755102040816,0.8673469387755102,31.26
0.19387755102040816,0.9591836734693877,149.99
0.19387755102040816,1.0510204081632653,149.99
0.19387755102040816,1.1428571428571428,149.99
0.19387755102040816,1.2346938775510203,69.44
0.19387755102040816,1.3265306122448979,42.47
0.19387755102040816,1.4183673469387754,48.480000000000004
0.19387755102040816,1.5102040816326532,47.25
0.19387755102040816,1.6020408163265307,45.86
0.19387755102040816,1.6938775510204083,49.1
0.19387755102040816,1.7857142857142858,48.61
0.19387755102040816,1.8775510204081634,48.22
0.19387755102040816,1.969387755102041,68.17
0.19387755102040816,2.0612244897959187,16.7
0.19387755102040816,2.1530612244897958,77.69
0.19387755102040816,2.2448979591836737,38.92
0.19387755102040816,2.336734693877551,149.99
0.19387755102040816,2.428571428571429,31.34
0.19387755102040816,2.5204081632653064,149.99
0.19387755102040816,2.612244897959184,149.99
0.19387755102040816,2.7040816326530615,149.99
0.19387755102040816,2.795918367346939,74.15
0.19387755102040816,2.8877551020408165,53.94
0.19387755102040816,2.979591836734694,9.94
0.19387755102040816,3.0714285714285716,149.99
0.19387755102040816,3.163265306122449,16.68
0.19387755102040816,3.2551020408163267,29.47
0.19387755102040816,3.3469387755102042,21.88
0.19387755102040816,3.438775510204082,25.88
0.19387755102040816,3.5306122448979593,9.9
0.19387755102040816,3.622448979591837,30.400000000000002
0.19387755102040816,3.7142857142857144,24.59
0.19387755102040816,3.806122448979592,28.91
0.19387755102040816,3.8979591836734695,23.75
0.19387755102040816,3.989795918367347,20.900000000000002
0.19387755102040816,4.081632653061225,16.48
0.19387755102040816,4.173469387755102,19.37
0.19387755102040816,4.26530612244898,21.47
0.19387755102040816,4.357142857142858,19.44
0.19387755102040816,4.448979591836735,19.52
0.19387755102040816,4.540816326530613,21.64
0.19387755102040816,4.63265306122449,21.63
0.19387755102040816,4.724489795918368,19.52
0.19387755102040816,4.816326530612245,19.400000000000002
0.19387755102040816,4.908163265306123,19.34
0.19387755102040816,5.0,19.25
0.2040816326530612,0.5,149.99
0.2040816326530612,0.5918367346938775,33.44
0.2040816326530612,0.6836734693877551,149.99
0.2040816326530612,0.7755102040816326,149.99
0.2040816326530612,0.8673469387755102,30.150000000000002
0.2040816326530612,0.9591836734693877,149.99
0.2040816326530612,1.0510204081632653,149.99
0.2040816326530612,1.1428571428571428,149.99
0.2040816326530612,1.2346938775510203,73.17
0.2040816326530612,1.3265306122448979,38.94
0.2040816326530612,1.4183673469387754,45.87
0.2040816326530612,1.5102040816326532,44.45
0.2040816326530612,1.6020408163265307,42.04
0.2040816326530612,1.6938775510204083,49.370000000000005
0.2040816326530612,1.7857142857142858,48.01
0.2040816326530612,1.8775510204081634,44.33
0.2040816326530612,1.969387755102041,58.63
0.2040816326530612,2.0612244897959187,50.03
0.2040816326530612,2.1530612244897958,149.99
0.2040816326530612,2.2448979591836737,69.72
0.2040816326530612,2.336734693877551,149.99
0.2040816326530612,2.428571428571429,149.99
0.2040816326530612,2.5204081632653064,149.99
0.2040816326530612,2.612244897959184,149.99
0.2040816326530612,2.7040816326530615,149.99
0.2040816326530612,2.795918367346939,149.99
0.2040816326530612,2.8877551020408165,149.99
0.2040816326530612,2.979591836734694,8.51
0.2040816326530612,3.0714285714285716,149.99
0.2040816326530612,3.163265306122449,14.9
0.2040816326530612,3.2551020408163267,38.980000000000004
0.2040816326530612,3.3469387755102042,21.900000000000002
0.2040816326530612,3.438775510204082,9.58
0.2040816326530612,3.5306122448979593,29.38
0.2040816326530612,3.622448979591837,23.400000000000002
0.2040816326530612,3.7142857142857144,26.52
0.2040816326530612,3.806122448979592,28.7
0.2040816326530612,3.8979591836734695,23.51
0.2040816326530612,3.989795918367347,18.62
0.2040816326530612,4.081632653061225,14.700000000000001
0.2040816326530612,4.173469387755102,19.34
0.2040816326530612,4.26530612244898,21.400000000000002
0.2040816326530612,4.357142857142858,19.37
0.2040816326530612,4.448979591836735,19.42
0.2040816326530612,4.540816326530613,21.52
0.2040816326530612,4.63265306122449,19.57
0.2040816326530612,4.724489795918368,19.39
0.2040816326530612,4.816326530612245,19.27
0.2040816326530612,4.908163265306123,19.22
0.2040816326530612,5.0,17.0
0.21428571428571427,0.5,149.99
0.21428571428571427,0.5918367346938775,32.94
0.21428571428571427,0.6836734693877551,149.99
0.21428571428571427,0.7755102040816326,149.99
0.21428571428571427,0.8673469387755102,29.92
0.21428571428571427,0.9591836734693877,66.92
0.21428571428571427,1.0510204081632653,149.99
0.21428571428571427,1.1428571428571428,149.99
0.21428571428571427,1.2346938775510203,68.3
0.21428571428571427,1.3265306122448979,38.480000000000004
0.21428571428571427,1.4183673469387754,42.49
0.21428571428571427,1.5102040816326532,43.09
0.21428571428571427,1.6020408163265307,40.89
0.21428571428571427,1.6938775510204083,13.84
0.21428571428571427,1.7857142857142858,43.38
0.21428571428571427,1.8775510204081634,45.04
0.21428571428571427,1.969387755102041,55.22
0.21428571428571427,2.0612244897959187,50.35
0.21428571428571427,2.1530612244897958,149.99
0.21428571428571427,2.2448979591836737,149.99
0.21428571428571427,2.336734693877551,149.99
0.21428571428571427,2.428571428571429,149.99
0.21428571428571427,2.5204081632653064,36.800000000000004
0.21428571428571427,2.612244897959184,149.99
0.21428571428571427,2.7040816326530615,149.99
0.21428571428571427,2.795918367346939,43.61
0.21428571428571427,2.8877551020408165,149.99
0.21428571428571427,2.979591836734694,7.930000000000001
0.21428571428571427,3.0714285714285716,19.17
0.21428571428571427,3.163265306122449,13.38
0.21428571428571427,3.2551020408163267,46.480000000000004
0.21428571428571427,3.3469387755102042,23.22
0.21428571428571427,3.438775510204082,81.27
0.21428571428571427,3.5306122448979593,37.83
0.21428571428571427,3.622448979591837,20.35
0.21428571428571427,3.7142857142857144,26.93
0.21428571428571427,3.806122448979592,26.22
0.21428571428571427,3.8979591836734695,23.26
0.21428571428571427,3.989795918367347,16.47
0.21428571428571427,4.081632653061225,14.67
0.21428571428571427,4.173469387755102,19.31
0.21428571428571427,4.26530612244898,21.32
0.21428571428571427,4.357142857142858,19.29
0.21428571428571427,4.448979591836735,19.330000000000002
0.21428571428571427,4.540816326530613,19.52
0.21428571428571427,4.63265306122449,19.44
0.21428571428571427,4.724489795918368,19.27
0.21428571428571427,4.816326530612245,17.04
0.21428571428571427,4.908163265306123,16.990000000000002
0.21428571428571427,5.0,16.95
0.22448979591836732,0.5,139.83
0.22448979591836732,0.5918367346938775,32.57
0.22448979591836732,0.6836734693877551,149.99
0.22448979591836732,0.7755102040816326,149.99
0.22448979591836732,0.8673469387755102,29.87
0.22448979591836732,0.9591836734693877,99.61
0.22448979591836732,1.0510204081632653,149.99
0.22448979591836732,1.1428571428571428,149.99
0.22448979591836732,1.2346938775510203,54.050000000000004
0.22448979591836732,1.3265306122448979,37.67
0.22448979591836732,1.4183673469387754,39.26
0.22448979591836732,1.5102040816326532,40.22
0.22448979591836732,1.6020408163265307,38.52
0.22448979591836732,1.6938775510204083,57.910000000000004
0.22448979591836732,1.7857142857142858,42.88
0.22448979591836732,1.8775510204081634,44.87
0.22448979591836732,1.969387755102041,51.58
0.22448979591836732,2.0612244897959187,16.830000000000002
0.22448979591836732,2.1530612244897958,141.47
0.22448979591836732,2.2448979591836737,149.99
0.22448979591836732,2.336734693877551,128.28
0.22448979591836732,2.428571428571429,149.99
0.22448979591836732,2.5204081632653064,149.99
0.22448979591836732,2.612244897959184,138.35
0.22448979591836732,2.7040816326530615,149.99
0.22448979591836732,2.795918367346939,149.99
0.22448979591836732,2.8877551020408165,149.99
0.22448979591836732,2.979591836734694,7.8
0.22448979591836732,3.0714285714285716,19.0
0.22448979591836732,3.163265306122449,13.52
0.22448979591836732,3.2551020408163267,62.31
0.22448979591836732,3.3469387755102042,23.240000000000002
0.22448979591836732,3.438775510204082,32.25
0.22448979591836732,3.5306122448979593,25.560000000000002
0.22448979591836732,3.622448979591837,26.29
0.22448979591836732,3.7142857142857144,26.87
0.22448979591836732,3.806122448979592,24.0
0.22448979591836732,3.8979591836734695,18.95
0.22448979591836732,3.989795918367347,16.36
0.22448979591836732,4.081632653061225,14.67
0.22448979591836732,4.173469387755102,19.28
0.22448979591836732,4.26530612244898,21.240000000000002
0.22448979591836732,4.357142857142858,17.09
0.22448979591836732,4.448979591836735,17.21
0.22448979591836732,4.540816326530613,17.26
0.22448979591836732,4.63265306122449,17.17
0.22448979591836732,4.724489795918368,17.04
0.22448979591836732,4.816326530612245,16.96
0.22448979591836732,4.908163265306123,16.92
0.22448979591836732,5.0,16.9
0.2346938775510204,0.5,81.51
0.2346938775510204,0.5918367346938775,32.08
0.2346938775510204,0.6836734693877551,149.99
0.2346938775510204,0.7755102040816326,149.99
0.2346938775510204,0.8673469387755102,29.97
0.2346938775510204,0.9591836734693877,63.42
0.2346938775510204,1.0510204081632653,149.99
0.2346938775510204,1.1428571428571428,149.99
0.2346938775510204,1.2346938775510203,42.71
0.2346938775510204,1.3265306122448979,36.94
0.2346938775510204,1.4183673469387754,37.64
0.2346938775510204,1.5102040816326532,38.97
0.2346938775510204,1.6020408163265307,38.43
0.2346938775510204,1.6938775510204083,44.51
0.2346938775510204,1.7857142857142858,39.27
0.2346938775510204,1.8775510204081634,49.08
0.2346938775510204,1.969387755102041,55.81
0.2346938775510204,2.0612244897959187,79.62
0.2346938775510204,2.1530612244897958,149.99
0.2346938775510204,2.2448979591836737,149.99
0.2346938775510204,2.336734693877551,106.21000000000001
0.2346938775510204,2.428571428571429,44.18
0.2346938775510204,2.5204081632653064,149.99
0.2346938775510204,2.612244897959184,117.85000000000001
0.2346938775510204,2.7040816326530615,149.99
0.2346938775510204,2.795918367346939,149.99
0.2346938775510204,2.8877551020408165,21.14
0.2346938775510204,2.979591836734694,7.930000000000001
0.2346938775510204,3.0714285714285716,19.73
0.2346938775510204,3.163265306122449,31.080000000000002
0.2346938775510204,3.2551020408163267,33.22
0.2346938775510204,3.3469387755102042,23.44
0.2346938775510204,3.438775510204082,26.52
0.2346938775510204,3.5306122448979593,20.69
0.2346938775510204,3.622448979591837,26.71
0.2346938775510204,3.7142857142857144,26.43
0.2346938775510204,3.806122448979592,23.67
0.2346938775510204,3.8979591836734695,18.76
0.2346938775510204,3.989795918367347,16.25
0.2346938775510204,4.081632653061225,14.68
0.2346938775510204,4.173469387755102,19.240000000000002
0.2346938775510204,4.26530612244898,19.36
0.2346938775510204,4.357142857142858,17.04
0.2346938775510204,4.448979591836735,17.13
0.2346938775510204,4.540816326530613,17.17
0.2346938775510204,4.63265306122449,17.080000000000002
0.2346938775510204,4.724489795918368,16.96
0.2346938775510204,4.816326530612245,16.88
0.2346938775510204,4.908163265306123,16.86
0.2346938775510204,5.0,16.86
0.24489795918367346,0.5,66.12
0.24489795918367346,0.5918367346938775,31.220000000000002
0.24489795918367346,0.6836734693877551,149.99
0.24489795918367346,0.7755102040816326,149.99
0.24489795918367346,0.8673469387755102,30.150000000000002
0.24489795918367346,0.9591836734693877,149.99
0.24489795918367346,1.0510204081632653,149.99
0.24489795918367346,1.1428571428571428,149.99
0.24489795918367346,1.2346938775510203,37.24
0.24489795918367346,1.3265306122448979,34.730000000000004
0.24489795918367346,1.4183673469387754,35.24
0.24489795918367346,1.5102040816326532,36.230000000000004
0.24489795918367346,1.6020408163265307,38.47
0.24489795918367346,1.6938775510204083,40.49
0.24489795918367346,1.7857142857142858,38.64
0.24489795918367346,1.8775510204081634,46.1
0.24489795918367346,1.969387755102041,65.74
0.24489795918367346,2.0612244897959187,81.35000000000001
0.24489795918367346,2.1530612244897958,149.99
0.24489795918367346,2.2448979591836737,149.99
0.24489795918367346,2.336734693877551,149.99
0.24489795918367346,2.428571428571429,32.64
0.24489795918367346,2.5204081632653064,149.99
0.24489795918367346,2.612244897959184,149.99
0.24489795918367346,2.7040816326530615,149.99
0.24489795918367346,2.795918367346939,21.490000000000002
0.24489795918367346,2.8877551020408165,149.99
0.24489795918367346,2.979591836734694,149.99
0.24489795918367346,3.0714285714285716,149.99
0.24489795918367346,3.163265306122449,26.91
0.24489795918367346,3.2551020408163267,35.03
0.24489795918367346,3.3469387755102042,24.59
0.24489795918367346,3.438775510204082,21.21
0.24489795918367346,3.5306122448979593,22.22
0.24489795918367346,3.622448979591837,26.91
0.24489795918367346,3.7142857142857144,24.55
0.24489795918367346,3.806122448979592,19.330000000000002
0.24489795918367346,3.8979591836734695,18.580000000000002
0.24489795918367346,3.989795918367347,14.47
0.24489795918367346,4.081632653061225,14.700000000000001
0.24489795918367346,4.173469387755102,17.26
0.24489795918367346,4.26530612244898,17.13
0.24489795918367346,4.357142857142858,16.990000000000002
0.24489795918367346,4.448979591836735,17.06
0.24489795918367346,4.540816326530613,17.080000000000002
0.24489795918367346,4.63265306122449,17.0
0.24489795918367346,4.724489795918368,16.88
0.24489795918367346,4.816326530612245,16.81
0.24489795918367346,4.908163265306123,16.81
0.24489795918367346,5.0,14.84
0.25510204081632654,0.5,62.57
0.25510204081632654,0.5918367346938775,31.39
0.25510204081632654,0.6836734693877551,149.99
0.25510204081632654,0.7755102040816326,149.99
0.25510204081632654,0.8673469387755102,30.38
0.25510204081632654,0.9591836734693877,149.99
0.25510204081632654,1.0510204081632653,149.99
0.25510204081632654,1.1428571428571428,149.99
0.25510204081632654,1.2346938775510203,34.14
0.25510204081632654,1.3265306122448979,34.160000000000004
0.25510204081632654,1.4183673469387754,34.11
0.25510204081632654,1.5102040816326532,35.26
0.25510204081632654,1.6020408163265307,38.45
0.25510204081632654,1.6938775510204083,39.51
0.25510204081632654,1.7857142857142858,38.42
0.25510204081632654,1.8775510204081634,57.88
0.25510204081632654,1.969387755102041,43.79
0.25510204081632654,2.0612244897959187,52.38
0.25510204081632654,2.1530612244897958,132.45
0.25510204081632654,2.2448979591836737,149.99
0.25510204081632654,2.336734693877551,149.99
0.25510204081632654,2.428571428571429,149.99
0.25510204081632654,2.5204081632653064,59.22
0.25510204081632654,2.612244897959184,68.81
0.25510204081632654,2.7040816326530615,149.99
0.25510204081632654,2.795918367346939,25.21
0.25510204081632654,2.8877551020408165,149.99
0.25510204081632654,2.979591836734694,149.99
0.25510204081632654,3.0714285714285716,149.99
0.25510204081632654,3.163265306122449,24.95
0.25510204081632654,3.2551020408163267,51.660000000000004
0.25510204081632654,3.3469387755102042,24.98
0.25510204081632654,3.438775510204082,22.39
0.25510204081632654,3.5306122448979593,27.04
0.25510204081632654,3.622448979591837,26.73
0.25510204081632654,3.7142857142857144,21.97
0.25510204081632654,3.806122448979592,19.11
0.25510204081632654,3.8979591836734695,16.63
0.25510204081632654,3.989795918367347,12.24
0.25510204081632654,4.081632653061225,14.73
0.25510204081632654,4.173469387755102,17.22
0.25510204081632654,4.26530612244898,17.080000000000002
0.25510204081632654,4.357142857142858,16.93
0.25510204081632654,4.448979591836735,16.98
0.25510204081632654,4.540816326530613,17.0
0.25510204081632654,4.63265306122449,16.92
0.25510204081632654,4.724489795918368,16.81
0.25510204081632654,4.816326530612245,16.75
0.25510204081632654,4.908163265306123,14.790000000000001
0.25510204081632654,5.0,14.81
0.26530612244897955,0.5,60.47
0.26530612244897955,0.5918367346938775,32.53
0.26530612244897955,0.6836734693877551,149.99
0.26530612244897955,0.7755102040816326,149.99
0.26530612244897955,0.8673469387755102,30.650000000000002
0.26530612244897955,0.9591836734693877,149.99
0.26530612244897955,1.0510204081632653,149.99
0.26530612244897955,1.1428571428571428,83.41
0.26530612244897955,1.2346938775510203,36.230000000000004
0.26530612244897955,1.3265306122448979,33.160000000000004
0.26530612244897955,1.4183673469387754,32.03
0.26530612244897955,1.5102040816326532,32.93
0.26530612244897955,1.6020408163265307,35.75
0.26530612244897955,1.6938775510204083,38.86
0.26530612244897955,1.7857142857142858,38.28
0.26530612244897955,1.8775510204081634,40.96
0.26530612244897955,1.969387755102041,43.92
0.26530612244897955,2.0612244897959187,96.05
0.26530612244897955,2.1530612244897958,149.99
0.26530612244897955,2.2448979591836737,149.99
0.26530612244897955,2.336734693877551,149.99
0.26530612244897955,2.428571428571429,139.51
0.26530612244897955,2.5204081632653064,149.99
0.26530612244897955,2.612244897959184,89.15
0.26530612244897955,2.7040816326530615,71.02
0.26530612244897955,2.795918367346939,49.34
0.26530612244897955,2.8877551020408165,149.99
0.26530612244897955,2.979591836734694,149.99
0.26530612244897955,3.0714285714285716,149.99
0.26530612244897955,3.163265306122449,23.53
0.26530612244897955,3.2551020408163267,27.94
0.26530612244897955,3.3469387755102042,25.16
0.26530612244897955,3.438775510204082,22.84
0.26530612244897955,3.5306122448979593,27.37
0.26530612244897955,3.622448979591837,25.22
0.26530612244897955,3.7142857142857144,19.77
0.26530612244897955,3.806122448979592,18.900000000000002
0.26530612244897955,3.8979591836734695,14.43
0.26530612244897955,3.989795918367347,12.25
0.26530612244897955,4.081632653061225,14.75
0.26530612244897955,4.173469387755102,17.18
0.26530612244897955,4.26530612244898,17.03
0.26530612244897955,4.357142857142858,16.88
0.26530612244897955,4.448979591836735,14.98
0.26530612244897955,4.540816326530613,14.92
0.26530612244897955,4.63265306122449,16.85
0.26530612244897955,4.724489795918368,16.740000000000002
0.26530612244897955,4.816326530612245,14.82
0.26530612244897955,4.908163265306123,14.75
0.26530612244897955,5.0,14.780000000000001
0.2755102040816326,0.5,59.43
0.2755102040816326,0.5918367346938775,33.31
0.2755102040816326,0.6836734693877551,149.99
0.2755102040816326,0.7755102040816326,149.99
0.2755102040816326,0.8673469387755102,31.48
0.2755102040816326,0.9591836734693877,149.99
0.2755102040816326,1.0510204081632653,124.33
0.2755102040816326,1.1428571428571428,54.56
0.2755102040816326,1.2346938775510203,36.46
0.2755102040816326,1.3265306122448979,31.68
0.2755102040816326,1.4183673469387754,30.830000000000002
0.2755102040816326,1.5102040816326532,32.19
0.2755102040816326,1.6020408163265307,34.99
0.2755102040816326,1.6938775510204083,38.89
0.2755102040816326,1.7857142857142858,34.62
0.2755102040816326,1.8775510204081634,41.34
0.2755102040816326,1.969387755102041,6.37
0.2755102040816326,2.0612244897959187,149.99
0.2755102040816326,2.1530612244897958,149.99
0.2755102040816326,2.2448979591836737,149.99
0.2755102040816326,2.336734693877551,136.85
0.2755102040816326,2.428571428571429,149.99
0.2755102040816326,2.5204081632653064,149.99
0.2755102040816326,2.612244897959184,149.99
0.2755102040816326,2.7040816326530615,149.99
0.2755102040816326,2.795918367346939,104.81
0.2755102040816326,2.8877551020408165,8.07
0.2755102040816326,2.979591836734694,149.99
0.2755102040816326,3.0714285714285716,149.99
0.2755102040816326,3.163265306122449,20.830000000000002
0.2755102040816326,3.2551020408163267,22.56
0.2755102040816326,3.3469387755102042,23.7
0.2755102040816326,3.438775510204082,23.13
0.2755102040816326,3.5306122448979593,27.32
0.2755102040816326,3.622448979591837,22.13
0.2755102040816326,3.7142857142857144,19.51
0.2755102040816326,3.806122448979592,18.69
0.2755102040816326,3.8979591836734695,14.3
0.2755102040816326,3.989795918367347,12.280000000000001
0.2755102040816326,4.081632653061225,14.780000000000001
0.2755102040816326,4.173469387755102,17.14
0.2755102040816326,4.26530612244898,16.98
0.2755102040816326,4.357142857142858,16.82
0.2755102040816326,4.448979591836735,14.92
0.2755102040816326,4.540816326530613,14.85
0.2755102040816326,4.63265306122449,14.86
0.2755102040816326,4.724489795918368,14.83
0.2755102040816326,4.816326530612245,14.76
0.2755102040816326,4.908163265306123,14.72
0.2755102040816326,5.0,14.76
0.2857142857142857,0.5,58.58
0.2857142857142857,0.5918367346938775,35.08
0.2857142857142857,0.6836734693877551,149.99
0.2857142857142857,0.7755102040816326,149.99
0.2857142857142857,0.8673469387755102,31.76
0.2857142857142857,0.9591836734693877,33.89
0.2857142857142857,1.0510204081632653,61.45
0.2857142857142857,1.1428571428571428,46.7
0.2857142857142857,1.2346938775510203,36.34
0.2857142857142857,1.3265306122448979,31.38
0.2857142857142857,1.4183673469387754,30.19
0.2857142857142857,1.5102040816326532,31.79
0.2857142857142857,1.6020408163265307,34.85
0.2857142857142857,1.6938775510204083,39.18
0.2857142857142857,1.7857142857142858,34.480000000000004
0.2857142857142857,1.8775510204081634,48.67
0.2857142857142857,1.969387755102041,6.37
0.2857142857142857,2.0612244897959187,149.99
0.2857142857142857,2.1530612244897958,149.99
0.2857142857142857,2.2448979591836737,145.25
0.2857142857142857,2.336734693877551,149.99
0.2857142857142857,2.428571428571429,149.99
0.2857142857142857,2.5204081632653064,149.99
0.2857142857142857,2.612244897959184,149.99
0.2857142857142857,2.7040816326530615,12.99
0.2857142857142857,2.795918367346939,26.21
0.2857142857142857,2.8877551020408165,7.75
0.2857142857142857,2.979591836734694,149.99
0.2857142857142857,3.0714285714285716,149.99
0.2857142857142857,3.163265306122449,19.1
0.2857142857142857,3.2551020408163267,32.480000000000004
0.2857142857142857,3.3469387755102042,30.79
0.2857142857142857,3.438775510204082,28.38
0.2857142857142857,3.5306122448979593,26.95
0.2857142857142857,3.622448979591837,21.53
0.2857142857142857,3.7142857142857144,19.25
0.2857142857142857,3.806122448979592,14.57
0.2857142857142857,3.8979591836734695,12.25
0.2857142857142857,3.989795918367347,12.33
0.2857142857142857,4.081632653061225,14.8
0.2857142857142857,4.173469387755102,17.1
0.2857142857142857,4.26530612244898,16.92
0.2857142857142857,4.357142857142858,16.76
0.2857142857142857,4.448979591836735,14.86
0.2857142857142857,4.540816326530613,14.780000000000001
0.2857142857142857,4.63265306122449,14.790000000000001
0.2857142857142857,4.724489795918368,14.76
0.2857142857142857,4.816326530612245,14.72
0.2857142857142857,4.908163265306123,14.69
0.2857142857142857,5.0,14.74
0.29591836734693877,0.5,58.0
0.29591836734693877,0.5918367346938775,149.99
0.29591836734693877,0.6836734693877551,149.99
0.29591836734693877,0.7755102040816326,149.99
0.29591836734693877,0.8673469387755102,31.94
0.29591836734693877,0.9591836734693877,37.47
0.29591836734693877,1.0510204081632653,43.46
0.29591836734693877,1.1428571428571428,41.42
0.29591836734693877,1.2346938775510203,35.62
0.29591836734693877,1.3265306122448979,30.77
0.29591836734693877,1.4183673469387754,29.05
0.29591836734693877,1.5102040816326532,31.11
0.29591836734693877,1.6020408163265307,34.92
0.29591836734693877,1.6938775510204083,40.32
0.29591836734693877,1.7857142857142858,34.46
0.29591836734693877,1.8775510204081634,45.15
0.29591836734693877,1.969387755102041,6.37
0.29591836734693877,2.0612244897959187,149.99
0.29591836734693877,2.1530612244897958,149.99
0.29591836734693877,2.2448979591836737,149.99
0.29591836734693877,2.336734693877551,149.99
0.29591836734693877,2.428571428571429,149.99
0.29591836734693877,2.5204081632653064,76.13
0.29591836734693877,2.612244897959184,56.7
0.29591836734693877,2.7040816326530615,149.99
0.29591836734693877,2.795918367346939,110.33
0.29591836734693877,2.8877551020408165,7.7
0.29591836734693877,2.979591836734694,149.99
0.29591836734693877,3.0714285714285716,17.39
0.29591836734693877,3.163265306122449,19.22
0.29591836734693877,3.2551020408163267,56.54
0.29591836734693877,3.3469387755102042,30.6
0.29591836734693877,3.438775510204082,28.3
0.29591836734693877,3.5306122448979593,22.38
0.29591836734693877,3.622448979591837,20.03
0.29591836734693877,3.7142857142857144,17.1
0.29591836734693877,3.806122448979592,14.42
0.29591836734693877,3.8979591836734695,12.18
0.29591836734693877,3.989795918367347,12.39
0.29591836734693877,4.081632653061225,14.82
0.29591836734693877,4.173469387755102,17.05
0.29591836734693877,4.26530612244898,16.87
0.29591836734693877,4.357142857142858,15.0
0.29591836734693877,4.448979591836735,14.8
0.29591836734693877,4.540816326530613,14.72
0.29591836734693877,4.63265306122449,14.72
0.29591836734693877,4.724489795918368,14.71
0.29591836734693877,4.816326530612245,12.57
0.29591836734693877,4.908163265306123,12.57
0.29591836734693877,5.0,12.63
0.3061224489795918,0.5,56.72
0.3061224489795918,0.5918367346938775,149.99
0.3061224489795918,0.6836734693877551,149.99
0.3061224489795918,0.7755102040816326,149.99
0.3061224489795918,0.8673469387755102,31.93
0.3061224489795918,0.9591836734693877,26.85
0.3061224489795918,1.0510204081632653,41.59
0.3061224489795918,1.1428571428571428,39.230000000000004
0.3061224489795918,1.2346938775510203,34.81
0.3061224489795918,1.3265306122448979,30.490000000000002
0.3061224489795918,1.4183673469387754,27.67
0.3061224489795918,1.5102040816326532,29.86
0.3061224489795918,1.6020408163265307,33.27
0.3061224489795918,1.6938775510204083,42.42
0.3061224489795918,1.7857142857142858,34.56
0.3061224489795918,1.8775510204081634,52.480000000000004
0.3061224489795918,1.969387755102041,6.37
0.3061224489795918,2.0612244897959187,149.99
0.3061224489795918,2.1530612244897958,149.99
0.3061224489795918,2.2448979591836737,149.99
0.3061224489795918,2.336734693877551,149.99
0.3061224489795918,2.428571428571429,17.72
0.3061224489795918,2.5204081632653064,149.99
0.3061224489795918,2.612244897959184,149.99
0.3061224489795918,2.7040816326530615,149.99
0.3061224489795918,2.795918367346939,44.36
0.3061224489795918,2.8877551020408165,7.96
0.3061224489795918,2.979591836734694,149.99
0.3061224489795918,3.0714285714285716,13.92
0.3061224489795918,3.163265306122449,34.24
0.3061224489795918,3.2551020408163267,149.99
0.3061224489795918,3.3469387755102042,30.51
0.3061224489795918,3.438775510204082,23.46
0.3061224489795918,3.5306122448979593,21.95
0.3061224489795918,3.622448979591837,19.61
0.3061224489795918,3.7142857142857144,14.81
0.3061224489795918,3.806122448979592,14.290000000000001
0.3061224489795918,3.8979591836734695,12.14
0.3061224489795918,3.989795918367347,12.450000000000001
0.3061224489795918,4.081632653061225,14.84
0.3061224489795918,4.173469387755102,17.0
0.3061224489795918,4.26530612244898,16.81
0.3061224489795918,4.357142857142858,14.93
0.3061224489795918,4.448979591836735,14.75
0.3061224489795918,4.540816326530613,14.66
0.3061224489795918,4.63265306122449,14.66
0.3061224489795918,4.724489795918368,12.59
0.3061224489795918,4.816326530612245,12.55
0.3061224489795918,4.908163265306123,12.57
0.3061224489795918,5.0,12.63
0.31632653061224486,0.5,55.51
0.31632653061224486,0.5918367346938775,149.99
0.31632653061224486,0.6836734693877551,149.99
0.31632653061224486,0.7755102040816326,149.99
0.31632653061224486,0.8673469387755102,24.02
0.31632653061224486,0.9591836734693877,27.25
0.31632653061224486,1.0510204081632653,34.12
0.31632653061224486,1.1428571428571428,34.39
0.31632653061224486,1.2346938775510203,33.46
0.31632653061224486,1.3265306122448979,30.18
0.31632653061224486,1.4183673469387754,27.37
0.31632653061224486,1.5102040816326532,29.09
0.31632653061224486,1.6020408163265307,33.15
0.31632653061224486,1.6938775510204083,51.65
0.31632653061224486,1.7857142857142858,34.75
0.31632653061224486,1.8775510204081634,61.39
0.31632653061224486,1.969387755102041,6.37
0.31632653061224486,2.0612244897959187,149.99
0.31632653061224486,2.1530612244897958,149.99
0.31632653061224486,2.2448979591836737,113.22
0.31632653061224486,2.336734693877551,149.99
0.31632653061224486,2.428571428571429,149.99
0.31632653061224486,2.5204081632653064,29.76
0.31632653061224486,2.612244897959184,31.330000000000002
0.31632653061224486,2.7040816326530615,149.99
0.31632653061224486,2.795918367346939,21.19
0.31632653061224486,2.8877551020408165,149.99
0.31632653061224486,2.979591836734694,149.99
0.31632653061224486,3.0714285714285716,13.4
0.31632653061224486,3.163265306122449,33.37
0.31632653061224486,3.2551020408163267,43.43
0.31632653061224486,3.3469387755102042,30.57
0.31632653061224486,3.438775510204082,22.79
0.31632653061224486,3.5306122448979593,21.54
0.31632653061224486,3.622448979591837,17.1
0.31632653061224486,3.7142857142857144,14.65
0.31632653061224486,3.806122448979592,14.18
0.31632653061224486,3.8979591836734695,12.11
0.31632653061224486,3.989795918367347,12.52
0.31632653061224486,4.081632653061225,14.85
0.31632653061224486,4.173469387755102,16.94
0.31632653061224486,4.26530612244898,16.75
0.31632653061224486,4.357142857142858,14.870000000000001
0.31632653061224486,4.448979591836735,14.69
0.31632653061224486,4.540816326530613,14.61
0.31632653061224486,4.63265306122449,12.620000000000001
0.31632653061224486,4.724489795918368,12.57
0.31632653061224486,4.816326530612245,12.540000000000001
0.31632653061224486,4.908163265306123,12.56
0.31632653061224486,5.0,12.63
0.32653061224489793,0.5,54.15
0.32653061224489793,0.5918367346938775,149.99
0.32653061224489793,0.6836734693877551,149.99
0.32653061224489793,0.7755102040816326,149.99
0.32653061224489793,0.8673469387755102,22.66
0.32653061224489793,0.9591836734693877,29.580000000000002
0.32653061224489793,1.0510204081632653,33.82
0.32653061224489793,1.1428571428571428,33.730000000000004
0.32653061224489793,1.2346938775510203,32.660000000000004
0.32653061224489793,1.3265306122448979,29.75
0.32653061224489793,1.4183673469387754,27.2
0.32653061224489793,1.5102040816326532,28.84
0.32653061224489793,1.6020408163265307,34.21
0.32653061224489793,1.6938775510204083,11.84
0.32653061224489793,1.7857142857142858,32.13
0.32653061224489793,1.8775510204081634,42.83
0.32653061224489793,1.969387755102041,34.25
0.32653061224489793,2.0612244897959187,149.99
0.32653061224489793,2.1530612244897958,149.99
0.32653061224489793,2.2448979591836737,128.22
0.32653061224489793,2.336734693877551,149.99
0.32653061224489793,2.428571428571429,127.81
0.32653061224489793,2.5204081632653064,149.99
0.32653061224489793,2.612244897959184,149.99
0.32653061224489793,2.7040816326530615,149.99
0.32653061224489793,2.795918367346939,149.99
0.32653061224489793,2.8877551020408165,149.99
0.32653061224489793,2.979591836734694,149.99
0.32653061224489793,3.0714285714285716,13.370000000000001
0.32653061224489793,3.163265306122449,32.58
0.32653061224489793,3.2551020408163267,31.810000000000002
0.32653061224489793,3.3469387755102042,23.6
0.32653061224489793,3.438775510204082,22.68
0.32653061224489793,3.5306122448979593,17.66
0.32653061224489793,3.622448979591837,15.16
0.32653061224489793,3.7142857142857144,14.51
0.32653061224489793,3.806122448979592,12.41
0.32653061224489793,3.8979591836734695,12.1
0.32653061224489793,3.989795918367347,12.59
0.32653061224489793,4.081632653061225,14.85
0.32653061224489793,4.173469387755102,15.05
0.32653061224489793,4.26530612244898,14.99
0.32653061224489793,4.357142857142858,14.8
0.32653061224489793,4.448979591836735,14.63
0.32653061224489793,4.540816326530613,12.57
0.32653061224489793,4.63265306122449,12.58
0.32653061224489793,4.724489795918368,12.55
0.32653061224489793,4.816326530612245,12.530000000000001
0.32653061224489793,4.908163265306123,12.56
0.32653061224489793,5.0,12.63
0.336734693877551,0.5,47.42
0.336734693877551,0.5918367346938775,149.99
0.336734693877551,0.6836734693877551,149.99
0.336734693877551,0.7755102040816326,149.99
0.336734693877551,0.8673469387755102,22.490000000000002
0.336734693877551,0.9591836734693877,32.27
0.336734693877551,1.0510204081632653,33.480000000000004
0.336734693877551,1.1428571428571428,32.84
0.336734693877551,1.2346938775510203,29.35
0.336734693877551,1.3265306122448979,28.59
0.336734693877551,1.4183673469387754,27.07
0.336734693877551,1.5102040816326532,28.69
0.336734693877551,1.6020408163265307,35.24
0.336734693877551,1.6938775510204083,12.33
0.336734693877551,1.7857142857142858,32.65
0.336734693877551,1.8775510204081634,51.38
0.336734693877551,1.969387755102041,149.99
0.336734693877551,2.0612244897959187,149.99
0.336734693877551,2.1530612244897958,149.99
0.336734693877551,2.2448979591836737,149.99
0.336734693877551,2.336734693877551,85.54
0.336734693877551,2.428571428571429,130.65
0.336734693877551,2.5204081632653064,79.91
0.336734693877551,2.612244897959184,124.36
0.336734693877551,2.7040816326530615,149.99
0.336734693877551,2.795918367346939,24.900000000000002
0.336734693877551,2.8877551020408165,149.99
0.336734693877551,2.979591836734694,149.99
0.336734693877551,3.0714285714285716,13.73
0.336734693877551,3.163265306122449,19.34
0.336734693877551,3.2551020408163267,24.16
0.336734693877551,3.3469387755102042,23.73
0.336734693877551,3.438775510204082,22.22
0.336734693877551,3.5306122448979593,17.150000000000002
0.336734693877551,3.622448979591837,15.01
0.336734693877551,3.7142857142857144,14.39
0.336734693877551,3.806122448979592,12.290000000000001
0.336734693877551,3.8979591836734695,12.1
0.336734693877551,3.989795918367347,12.65
0.336734693877551,4.081632653061225,14.85
0.336734693877551,4.173469387755102,15.0
0.336734693877551,4.26530612244898,14.92
0.336734693877551,4.357142857142858,14.73
0.336734693877551,4.448979591836735,12.57
0.336734693877551,4.540816326530613,12.540000000000001
0.336734693877551,4.63265306122449,12.55
0.336734693877551,4.724489795918368,12.530000000000001
0.336734693877551,4.816326530612245,12.52
0.336734693877551,4.908163265306123,12.56
0.336734693877551,5.0,12.620000000000001
0.3469387755102041,0.5,43.84
0.3469387755102041,0.5918367346938775,149.99
0.3469387755102041,0.6836734693877551,149.99
0.3469387755102041,0.7755102040816326,117.59
0.3469387755102041,0.8673469387755102,22.42
0.3469387755102041,0.9591836734693877,37.69
0.3469387755102041,1.0510204081632653,30.8
0.3469387755102041,1.1428571428571428,31.44
0.3469387755102041,1.2346938775510203,28.94
0.3469387755102041,1.3265306122448979,27.36
0.3469387755102041,1.4183673469387754,26.72
0.3469387755102041,1.5102040816326532,28.560000000000002
0.3469387755102041,1.6020408163265307,9.58
0.3469387755102041,1.6938775510204083,49.72
0.3469387755102041,1.7857142857142858,34.01
0.3469387755102041,1.8775510204081634,72.08
0.3469387755102041,1.969387755102041,149.1
0.3469387755102041,2.0612244897959187,149.99
0.3469387755102041,2.1530612244897958,149.99
0.3469387755102041,2.2448979591836737,149.99
0.3469387755102041,2.336734693877551,149.99
0.3469387755102041,2.428571428571429,19.46
0.3469387755102041,2.5204081632653064,149.99
0.3469387755102041,2.612244897959184,48.25
0.3469387755102041,2.7040816326530615,149.99
0.3469387755102041,2.795918367346939,7.84
0.3469387755102041,2.8877551020408165,149.99
0.3469387755102041,2.979591836734694,149.99
0.3469387755102041,3.0714285714285716,149.99
0.3469387755102041,3.163265306122449,18.95
0.3469387755102041,3.2551020408163267,26.0
0.3469387755102041,3.3469387755102042,24.54
0.3469387755102041,3.438775510204082,17.72
0.3469387755102041,3.5306122448979593,16.77
0.3469387755102041,3.622448979591837,14.86
0.3469387755102041,3.7142857142857144,14.26
0.3469387755102041,3.806122448979592,12.200000000000001
0.3469387755102041,3.8979591836734695,12.120000000000001
0.3469387755102041,3.989795918367347,12.71
0.3469387755102041,4.081632653061225,14.84
0.3469387755102041,4.173469387755102,14.950000000000001
0.3469387755102041,4.26530612244898,14.84
0.3469387755102041,4.357142857142858,12.63
0.3469387755102041,4.448979591836735,12.530000000000001
0.3469387755102041,4.540816326530613,12.5
0.3469387755102041,4.63265306122449,12.530000000000001
0.3469387755102041,4.724489795918368,12.52
0.3469387755102041,4.816326530612245,12.52
0.3469387755102041,4.908163265306123,12.56
0.3469387755102041,5.0,12.620000000000001
0.3571428571428571,0.5,41.550000000000004
0.3571428571428571,0.5918367346938775,149.99
0.3571428571428571,0.6836734693877551,149.99
0.3571428571428571,0.7755102040816326,87.95
0.3571428571428571,0.8673469387755102,22.48
0.3571428571428571,0.9591836734693877,36.47
0.3571428571428571,1.0510204081632653,25.68
0.3571428571428571,1.1428571428571428,31.0
0.3571428571428571,1.2346938775510203,28.13
0.3571428571428571,1.3265306122448979,27.03
0.3571428571428571,1.4183673469387754,26.580000000000002
0.3571428571428571,1.5102040816326532,28.45
0.3571428571428571,1.6020408163265307,42.910000000000004
0.3571428571428571,1.6938775510204083,38.01
0.3571428571428571,1.7857142857142858,37.7
0.3571428571428571,1.8775510204081634,49.49
0.3571428571428571,1.969387755102041,149.99
0.3571428571428571,2.0612244897959187,93.51
0.3571428571428571,2.1530612244897958,149.99
0.3571428571428571,2.2448979591836737,149.99
0.3571428571428571,2.336734693877551,149.99
0.3571428571428571,2.428571428571429,149.99
0.3571428571428571,2.5204081632653064,28.45
0.3571428571428571,2.612244897959184,50.45
0.3571428571428571,2.7040816326530615,149.99
0.3571428571428571,2.795918367346939,7.04
0.3571428571428571,2.8877551020408165,149.99
0.3571428571428571,2.979591836734694,149.99
0.3571428571428571,3.0714285714285716,149.99
0.3571428571428571,3.163265306122449,18.88
0.3571428571428571,3.2551020408163267,26.03
0.3571428571428571,3.3469387755102042,18.45
0.3571428571428571,3.438775510204082,17.29
0.3571428571428571,3.5306122448979593,15.51
0.3571428571428571,3.622448979591837,14.72
0.3571428571428571,3.7142857142857144,14.120000000000001
0.3571428571428571,3.806122448979592,12.120000000000001
0.3571428571428571,3.8979591836734695,12.14
0.3571428571428571,3.989795918367347,12.76
0.3571428571428571,4.081632653061225,14.82
0.3571428571428571,4.173469387755102,14.89
0.3571428571428571,4.26530612244898,14.780000000000001
0.3571428571428571,4.357142857142858,12.59
0.3571428571428571,4.448979591836735,12.49
0.3571428571428571,4.540816326530613,12.47
0.3571428571428571,4.63265306122449,12.51
0.3571428571428571,4.724489795918368,12.51
0.3571428571428571,4.816326530612245,12.51
0.3571428571428571,4.908163265306123,12.56
0.3571428571428571,5.0,12.620000000000001
0.36734693877551017,0.5,41.27
0.36734693877551017,0.5918367346938775,149.99
0.36734693877551017,0.6836734693877551,149.99
0.36734693877551017,0.7755102040816326,68.9
0.36734693877551017,0.8673469387755102,22.64
0.36734693877551017,0.9591836734693877,37.34
0.36734693877551017,1.0510204081632653,25.2
0.36734693877551017,1.1428571428571428,30.29
0.36734693877551017,1.2346938775510203,27.55
0.36734693877551017,1.3265306122448979,26.76
0.36734693877551017,1.4183673469387754,26.44
0.36734693877551017,1.5102040816326532,28.3
0.36734693877551017,1.6020408163265307,39.04
0.36734693877551017,1.6938775510204083,45.21
0.36734693877551017,1.7857142857142858,79.05
0.36734693877551017,1.8775510204081634,77.17
0.36734693877551017,1.969387755102041,149.99
0.36734693877551017,2.0612244897959187,149.99
0.36734693877551017,2.1530612244897958,108.61
0.36734693877551017,2.2448979591836737,94.5
0.36734693877551017,2.336734693877551,31.98
0.36734693877551017,2.428571428571429,149.99
0.36734693877551017,2.5204081632653064,149.99
0.36734693877551017,2.612244897959184,149.99
0.36734693877551017,2.7040816326530615,149.99
0.36734693877551017,2.795918367346939,7.1000000000000005
0.36734693877551017,2.8877551020408165,149.99
0.36734693877551017,2.979591836734694,149.99
0.36734693877551017,3.0714285714285716,149.99
0.36734693877551017,3.163265306122449,19.16
0.36734693877551017,3.2551020408163267,18.72
0.36734693877551017,3.3469387755102042,17.81
0.36734693877551017,3.438775510204082,17.07
0.36734693877551017,3.5306122448979593,15.33
0.36734693877551017,3.622448979591837,14.57
0.36734693877551017,3.7142857142857144,12.5
0.36734693877551017,3.806122448979592,12.06
0.36734693877551017,3.8979591836734695,12.16
0.36734693877551017,3.989795918367347,12.790000000000001
0.36734693877551017,4.081632653061225,14.8
0.36734693877551017,4.173469387755102,14.84
0.36734693877551017,4.26530612244898,12.72
0.36734693877551017,4.357142857142858,12.55
0.36734693877551017,4.448979591836735,12.46
0.36734693877551017,4.540816326530613,12.450000000000001
0.36734693877551017,4.63265306122449,12.49
0.36734693877551017,4.724489795918368,12.5
0.36734693877551017,4.816326530612245,12.51
0.36734693877551017,4.908163265306123,12.56
0.36734693877551017,5.0,12.61
0.37755102040816324,0.5,41.07
0.37755102040816324,0.5918367346938775,149.99
0.37755102040816324,0.6836734693877551,149.99
0.37755102040816324,0.7755102040816326,57.63
0.37755102040816324,0.8673469387755102,22.94
0.37755102040816324,0.9591836734693877,27.82
0.37755102040816324,1.0510204081632653,24.94
0.37755102040816324,1.1428571428571428,29.92
0.37755102040816324,1.2346938775510203,26.3
0.37755102040816324,1.3265306122448979,26.16
0.37755102040816324,1.4183673469387754,26.23
0.37755102040816324,1.5102040816326532,26.28
0.37755102040816324,1.6020408163265307,17.38
0.37755102040816324,1.6938775510204083,56.29
0.37755102040816324,1.7857142857142858,40.52
0.37755102040816324,1.8775510204081634,51.4
0.37755102040816324,1.969387755102041,29.28
0.37755102040816324,2.0612244897959187,149.99
0.37755102040816324,2.1530612244897958,149.99
0.37755102040816324,2.2448979591836737,70.83
0.37755102040816324,2.336734693877551,149.99
0.37755102040816324,2.428571428571429,149.99
0.37755102040816324,2.5204081632653064,149.99
0.37755102040816324,2.612244897959184,129.3
0.37755102040816324,2.7040816326530615,149.99
0.37755102040816324,2.795918367346939,8.07
0.37755102040816324,2.8877551020408165,149.99
0.37755102040816324,2.979591836734694,149.99
0.37755102040816324,3.0714285714285716,149.99
0.37755102040816324,3.163265306122449,20.330000000000002
0.37755102040816324,3.2551020408163267,18.240000000000002
0.37755102040816324,3.3469387755102042,17.7
0.37755102040816324,3.438775510204082,16.91
0.37755102040816324,3.5306122448979593,15.14
0.37755102040816324,3.622448979591837,14.41
0.37755102040816324,3.7142857142857144,12.36
0.37755102040816324,3.806122448979592,12.0
0.37755102040816324,3.8979591836734695,10.72
0.37755102040816324,3.989795918367347,12.82
0.37755102040816324,4.081632653061225,14.77
0.37755102040816324,4.173469387755102,14.780000000000001
0.37755102040816324,4.26530612244898,12.68
0.37755102040816324,4.357142857142858,12.51
0.37755102040816324,4.448979591836735,12.42
0.37755102040816324,4.540816326530613,12.42
0.37755102040816324,4.63265306122449,12.48
0.37755102040816324,4.724489795918368,12.5
0.37755102040816324,4.816326530612245,12.51
0.37755102040816324,4.908163265306123,12.56
0.37755102040816324,5.0,12.61
0.3877551020408163,0.5,40.89
0.3877551020408163,0.5918367346938775,149.99
0.3877551020408163,0.6836734693877551,149.99
0.3877551020408163,0.7755102040816326,48.800000000000004
0.3877551020408163,0.8673469387755102,23.86
0.3877551020408163,0.9591836734693877,27.41
0.3877551020408163,1.0510204081632653,24.740000000000002
0.3877551020408163,1.1428571428571428,29.52
0.3877551020408163,1.2346938775510203,25.93
0.3877551020408163,1.3265306122448979,25.84
0.3877551020408163,1.4183673469387754,25.400000000000002
0.3877551020408163,1.5102040816326532,26.11
0.3877551020408163,1.6020408163265307,32.44
0.3877551020408163,1.6938775510204083,38.18
0.3877551020408163,1.7857142857142858,47.39
0.3877551020408163,1.8775510204081634,141.4
0.3877551020408163,1.969387755102041,149.99
0.3877551020408163,2.0612244897959187,149.99
0.3877551020408163,2.1530612244897958,123.32000000000001
0.3877551020408163,2.2448979591836737,135.13
0.3877551020408163,2.336734693877551,149.99
0.3877551020408163,2.428571428571429,149.99
0.3877551020408163,2.5204081632653064,149.99
0.3877551020408163,2.612244897959184,149.99
0.3877551020408163,2.7040816326530615,67.29
0.3877551020408163,2.795918367346939,149.99
0.3877551020408163,2.8877551020408165,149.99
0.3877551020408163,2.979591836734694,149.99
0.3877551020408163,3.0714285714285716,74.12
0.3877551020408163,3.163265306122449,20.85
0.3877551020408163,3.2551020408163267,18.44
0.3877551020408163,3.3469387755102042,17.73
0.3877551020408163,3.438775510204082,16.69
0.3877551020408163,3.5306122448979593,14.94
0.3877551020408163,3.622448979591837,14.22
0.3877551020408163,3.7142857142857144,12.25
0.3877551020408163,3.806122448979592,11.9
0.3877551020408163,3.8979591836734695,10.73
0.3877551020408163,3.989795918367347,12.85
0.3877551020408163,4.081632653061225,13.0
0.3877551020408163,4.173469387755102,12.870000000000001
0.3877551020408163,4.26530612244898,12.64
0.3877551020408163,4.357142857142858,12.47
0.3877551020408163,4.448979591836735,12.39
0.3877551020408163,4.540816326530613,12.4
0.3877551020408163,4.63265306122449,12.46
0.3877551020408163,4.724489795918368,12.49
0.3877551020408163,4.816326530612245,12.5
0.3877551020408163,4.908163265306123,12.55
0.3877551020408163,5.0,12.6
0.39795918367346933,0.5,40.7
0.39795918367346933,0.5918367346938775,51.24
0.39795918367346933,0.6836734693877551,149.99
0.39795918367346933,0.7755102040816326,42.53
0.39795918367346933,0.8673469387755102,24.240000000000002
0.39795918367346933,0.9591836734693877,27.17
0.39795918367346933,1.0510204081632653,24.55
0.39795918367346933,1.1428571428571428,26.27
0.39795918367346933,1.2346938775510203,25.3
0.39795918367346933,1.3265306122448979,25.39
0.39795918367346933,1.4183673469387754,25.03
0.39795918367346933,1.5102040816326532,26.07
0.39795918367346933,1.6020408163265307,37.99
0.39795918367346933,1.6938775510204083,67.5
0.39795918367346933,1.7857142857142858,34.910000000000004
0.39795918367346933,1.8775510204081634,71.07000000000001
0.39795918367346933,1.969387755102041,141.03
0.39795918367346933,2.0612244897959187,105.87
0.39795918367346933,2.1530612244897958,149.99
0.39795918367346933,2.2448979591836737,149.99
0.39795918367346933,2.336734693877551,19.7
0.39795918367346933,2.428571428571429,149.99
0.39795918367346933,2.5204081632653064,149.99
0.39795918367346933,2.612244897959184,75.55
0.39795918367346933,2.7040816326530615,124.32000000000001
0.39795918367346933,2.795918367346939,149.99
0.39795918367346933,2.8877551020408165,149.99
0.39795918367346933,2.979591836734694,149.99
0.39795918367346933,3.0714285714285716,49.370000000000005
0.39795918367346933,3.163265306122449,21.25
0.39795918367346933,3.2551020408163267,18.84
0.39795918367346933,3.3469387755102042,17.7
0.39795918367346933,3.438775510204082,15.71
0.39795918367346933,3.5306122448979593,14.73
0.39795918367346933,3.622448979591837,12.56
0.39795918367346933,3.7142857142857144,12.14
0.39795918367346933,3.806122448979592,10.72
0.39795918367346933,3.8979591836734695,10.74
0.39795918367346933,3.989795918367347,12.86
0.39795918367346933,4.081632653061225,12.97
0.39795918367346933,4.173469387755102,12.83
0.39795918367346933,4.26530612244898,12.6
0.39795918367346933,4.357142857142858,12.43
0.39795918367346933,4.448979591836735,12.36
0.39795918367346933,4.540816326530613,10.57
0.39795918367346933,4.63265306122449,10.61
0.39795918367346933,4.724489795918368,12.48
0.39795918367346933,4.816326530612245,12.5
0.39795918367346933,4.908163265306123,12.540000000000001
0.39795918367346933,5.0,12.59
0.4081632653061224,0.5,40.47
0.4081632653061224,0.5918367346938775,149.99
0.4081632653061224,0.6836734693877551,149.99
0.4081632653061224,0.7755102040816326,38.44
0.4081632653061224,0.8673469387755102,24.6
0.4081632653061224,0.9591836734693877,27.0
0.4081632653061224,1.0510204081632653,24.150000000000002
0.4081632653061224,1.1428571428571428,25.95
0.4081632653061224,1.2346938775510203,24.92
0.4081632653061224,1.3265306122448979,24.3
0.4081632653061224,1.4183673469387754,24.46
0.4081632653061224,1.5102040816326532,26.060000000000002
0.4081632653061224,1.6020408163265307,28.63
0.4081632653061224,1.6938775510204083,19.37
0.4081632653061224,1.7857142857142858,51.14
0.4081632653061224,1.8775510204081634,95.92
0.4081632653061224,1.969387755102041,149.99
0.4081632653061224,2.0612244897959187,149.99
0.4081632653061224,2.1530612244897958,149.99
0.4081632653061224,2.2448979591836737,149.99
0.4081632653061224,2.336734693877551,149.99
0.4081632653061224,2.428571428571429,149.99
0.4081632653061224,2.5204081632653064,149.99
0.4081632653061224,2.612244897959184,149.99
0.4081632653061224,2.7040816326530615,8.08
0.4081632653061224,2.795918367346939,149.99
0.4081632653061224,2.8877551020408165,149.99
0.4081632653061224,2.979591836734694,149.99
0.4081632653061224,3.0714285714285716,41.12
0.4081632653061224,3.163265306122449,22.16
0.4081632653061224,3.2551020408163267,19.67
0.4081632653061224,3.3469387755102042,17.56
0.4081632653061224,3.438775510204082,15.39
0.4081632653061224,3.5306122448979593,14.5
0.4081632653061224,3.622448979591837,12.4
0.4081632653061224,3.7142857142857144,12.040000000000001
0.4081632653061224,3.806122448979592,10.71
0.4081632653061224,3.8979591836734695,10.76
0.4081632653061224,3.989795918367347,12.870000000000001
0.4081632653061224,4.081632653061225,12.94
0.4081632653061224,4.173469387755102,12.780000000000001
0.4081632653061224,4.26530612244898,12.55
0.4081632653061224,4.357142857142858,12.4
0.4081632653061224,4.448979591836735,12.32
0.4081632653061224,4.540816326530613,10.56
0.4081632653061224,4.63265306122449,10.620000000000001
0.4081632653061224,4.724489795918368,12.47
0.4081632653061224,4.816326530612245,12.48
0.4081632653061224,4.908163265306123,12.530000000000001
0.4081632653061224,5.0,12.57
0.4183673469387755,0.5,39.88
0.4183673469387755,0.5918367346938775,67.07000000000001
0.4183673469387755,0.6836734693877551,149.99
0.4183673469387755,0.7755102040816326,33.8
0.4183673469387755,0.8673469387755102,24.97
0.4183673469387755,0.9591836734693877,26.830000000000002
0.4183673469387755,1.0510204081632653,23.92
0.4183673469387755,1.1428571428571428,25.650000000000002
0.4183673469387755,1.2346938775510203,22.150000000000002
0.4183673469387755,1.3265306122448979,23.67
0.4183673469387755,1.4183673469387754,24.23
0.4183673469387755,1.5102040816326532,26.07
0.4183673469387755,1.6020408163265307,15.26
0.4183673469387755,1.6938775510204083,39.62
0.4183673469387755,1.7857142857142858,41.53
0.4183673469387755,1.8775510204081634,25.62
0.4183673469387755,1.969387755102041,149.99
0.4183673469387755,2.0612244897959187,149.99
0.4183673469387755,2.1530612244897958,149.99
0.4183673469387755,2.2448979591836737,149.99
0.4183673469387755,2.336734693877551,15.88
0.4183673469387755,2.428571428571429,149.99
0.4183673469387755,2.5204081632653064,149.99
0.4183673469387755,2.612244897959184,149.99
0.4183673469387755,2.7040816326530615,6.87
0.4183673469387755,2.795918367346939,149.99
0.4183673469387755,2.8877551020408165,149.99
0.4183673469387755,2.979591836734694,14.16
0.4183673469387755,3.0714285714285716,36.31
0.4183673469387755,3.163265306122449,22.39
0.4183673469387755,3.2551020408163267,19.64
0.4183673469387755,3.3469387755102042,17.26
0.4183673469387755,3.438775510204082,15.07
0.4183673469387755,3.5306122448979593,12.65
0.4183673469387755,3.622448979591837,10.34
0.4183673469387755,3.7142857142857144,10.620000000000001
0.4183673469387755,3.806122448979592,10.71
0.4183673469387755,3.8979591836734695,10.78
0.4183673469387755,3.989795918367347,12.870000000000001
0.4183673469387755,4.081632653061225,12.9
0.4183673469387755,4.173469387755102,12.74
0.4183673469387755,4.26530612244898,12.51
0.4183673469387755,4.357142857142858,12.36
0.4183673469387755,4.448979591836735,10.64
0.4183673469387755,4.540816326530613,10.55
0.4183673469387755,4.63265306122449,10.620000000000001
0.4183673469387755,4.724489795918368,10.72
0.4183673469387755,4.816326530612245,12.47
0.4183673469387755,4.908163265306123,12.51
0.4183673469387755,5.0,10.76
0.42857142857142855,0.5,39.62
0.42857142857142855,0.5918367346938775,117.93
0.42857142857142855,0.6836734693877551,108.72
0.42857142857142855,0.7755102040816326,32.27
0.42857142857142855,0.8673469387755102,25.29
0.42857142857142855,0.9591836734693877,26.560000000000002
0.42857142857142855,1.0510204081632653,23.76
0.42857142857142855,1.1428571428571428,25.04
0.42857142857142855,1.2346938775510203,21.95
0.42857142857142855,1.3265306122448979,23.45
0.42857142857142855,1.4183673469387754,24.05
0.42857142857142855,1.5102040816326532,26.11
0.42857142857142855,1.6020408163265307,29.54
0.42857142857142855,1.6938775510204083,37.78
0.42857142857142855,1.7857142857142858,136.9
0.42857142857142855,1.8775510204081634,149.99
0.42857142857142855,1.969387755102041,149.99
0.42857142857142855,2.0612244897959187,149.99
0.42857142857142855,2.1530612244897958,149.99
0.42857142857142855,2.2448979591836737,49.730000000000004
0.42857142857142855,2.336734693877551,132.81
0.42857142857142855,2.428571428571429,149.99
0.42857142857142855,2.5204081632653064,149.99
0.42857142857142855,2.612244897959184,39.410000000000004
0.42857142857142855,2.7040816326530615,6.83
0.42857142857142855,2.795918367346939,149.99
0.42857142857142855,2.8877551020408165,149.99
0.42857142857142855,2.979591836734694,13.780000000000001
0.42857142857142855,3.0714285714285716,32.99
0.42857142857142855,3.163265306122449,22.16
0.42857142857142855,3.2551020408163267,19.34
0.42857142857142855,3.3469387755102042,15.97
0.42857142857142855,3.438775510204082,12.94
0.42857142857142855,3.5306122448979593,10.450000000000001
0.42857142857142855,3.622448979591837,10.290000000000001
0.42857142857142855,3.7142857142857144,10.620000000000001
0.42857142857142855,3.806122448979592,10.72
0.42857142857142855,3.8979591836734695,10.8
0.42857142857142855,3.989795918367347,12.86
0.42857142857142855,4.081632653061225,12.870000000000001
0.42857142857142855,4.173469387755102,12.700000000000001
0.42857142857142855,4.26530612244898,12.47
0.42857142857142855,4.357142857142858,12.31
0.42857142857142855,4.448979591836735,10.6
0.42857142857142855,4.540816326530613,10.55
0.42857142857142855,4.63265306122449,10.64
0.42857142857142855,4.724489795918368,10.73
0.42857142857142855,4.816326530612245,10.790000000000001
0.42857142857142855,4.908163265306123,10.78
0.42857142857142855,5.0,10.75
0.4387755102040816,0.5,39.42
0.4387755102040816,0.5918367346938775,125.32000000000001
0.4387755102040816,0.6836734693877551,117.71000000000001
0.4387755102040816,0.7755102040816326,29.13
0.4387755102040816,0.8673469387755102,25.53
0.4387755102040816,0.9591836734693877,26.11
0.4387755102040816,1.0510204081632653,23.59
0.4387755102040816,1.1428571428571428,24.67
0.4387755102040816,1.2346938775510203,21.78
0.4387755102040816,1.3265306122448979,23.26
0.4387755102040816,1.4183673469387754,23.87
0.4387755102040816,1.5102040816326532,26.2
0.4387755102040816,1.6020408163265307,30.34
0.4387755102040816,1.6938775510204083,40.07
0.4387755102040816,1.7857142857142858,44.88
0.4387755102040816,1.8775510204081634,149.99
0.4387755102040816,1.969387755102041,125.13000000000001
0.4387755102040816,2.0612244897959187,149.99
0.4387755102040816,2.1530612244897958,44.99
0.4387755102040816,2.2448979591836737,46.9
0.4387755102040816,2.336734693877551,11.86
0.4387755102040816,2.428571428571429,149.99
0.4387755102040816,2.5204081632653064,149.99
0.4387755102040816,2.612244897959184,33.43
0.4387755102040816,2.7040816326530615,6.84
0.4387755102040816,2.795918367346939,149.99
0.4387755102040816,2.8877551020408165,149.99
0.4387755102040816,2.979591836734694,13.51
0.4387755102040816,3.0714285714285716,29.36
0.4387755102040816,3.163265306122449,21.13
0.4387755102040816,3.2551020408163267,18.150000000000002
0.4387755102040816,3.3469387755102042,15.4
0.4387755102040816,3.438775510204082,12.61
0.4387755102040816,3.5306122448979593,10.33
0.4387755102040816,3.622448979591837,10.26
0.4387755102040816,3.7142857142857144,10.63
0.4387755102040816,3.806122448979592,10.74
0.4387755102040816,3.8979591836734695,10.83
0.4387755102040816,3.989795918367347,12.85
0.4387755102040816,4.081632653061225,12.83
0.4387755102040816,4.173469387755102,12.65
0.4387755102040816,4.26530612244898,12.43
0.4387755102040816,4.357142857142858,12.24
0.4387755102040816,4.448979591836735,10.58
0.4387755102040816,4.540816326530613,10.55
0.4387755102040816,4.63265306122449,10.65
0.4387755102040816,4.724489795918368,10.74
0.4387755102040816,4.816326530612245,10.790000000000001
0.4387755102040816,4.908163265306123,10.78
0.4387755102040816,5.0,10.75
0.44897959183673464,0.5,39.21
0.44897959183673464,0.5918367346938775,118.38
0.44897959183673464,0.6836734693877551,149.99
0.44897959183673464,0.7755102040816326,27.62
0.44897959183673464,0.8673469387755102,25.69
0.44897959183673464,0.9591836734693877,25.84
0.44897959183673464,1.0510204081632653,23.36
0.44897959183673464,1.1428571428571428,23.56
0.44897959183673464,1.2346938775510203,21.64
0.44897959183673464,1.3265306122448979,23.07
0.44897959183673464,1.4183673469387754,23.69
0.44897959183673464,1.5102040816326532,26.35
0.44897959183673464,1.6020408163265307,31.94
0.44897959183673464,1.6938775510204083,41.72
0.44897959183673464,1.7857142857142858,126.68
0.44897959183673464,1.8775510204081634,149.99
0.44897959183673464,1.969387755102041,20.13
0.44897959183673464,2.0612244897959187,149.99
0.44897959183673464,2.1530612244897958,149.99
0.44897959183673464,2.2448979591836737,20.32
0.44897959183673464,2.336734693877551,18.5
0.44897959183673464,2.428571428571429,149.99
0.44897959183673464,2.5204081632653064,41.09
0.44897959183673464,2.612244897959184,52.050000000000004
0.44897959183673464,2.7040816326530615,6.9
0.44897959183673464,2.795918367346939,149.99
0.44897959183673464,2.8877551020408165,149.99
0.44897959183673464,2.979591836734694,13.26
0.44897959183673464,3.0714285714285716,27.37
0.44897959183673464,3.163265306122449,20.62
0.44897959183673464,3.2551020408163267,17.46
0.44897959183673464,3.3469387755102042,12.94
0.44897959183673464,3.438775510204082,10.68
0.44897959183673464,3.5306122448979593,10.24
0.44897959183673464,3.622448979591837,10.25
0.44897959183673464,3.7142857142857144,10.64
0.44897959183673464,3.806122448979592,10.75
0.44897959183673464,3.8979591836734695,10.84
0.44897959183673464,3.989795918367347,12.84
0.44897959183673464,4.081632653061225,12.790000000000001
0.44897959183673464,4.173469387755102,12.61
0.44897959183673464,4.26530612244898,12.38
0.44897959183673464,4.357142857142858,10.69
0.44897959183673464,4.448979591836735,10.56
0.44897959183673464,4.540816326530613,10.56
0.44897959183673464,4.63265306122449,10.67
0.44897959183673464,4.724489795918368,10.75
0.44897959183673464,4.816326530612245,10.790000000000001
0.44897959183673464,4.908163265306123,10.77
0.44897959183673464,5.0,10.74
0.4591836734693877,0.5,38.95
0.4591836734693877,0.5918367346938775,64.65
0.4591836734693877,0.6836734693877551,140.75
0.4591836734693877,0.7755102040816326,26.27
0.4591836734693877,0.8673469387755102,25.810000000000002
0.4591836734693877,0.9591836734693877,25.05
0.4591836734693877,1.0510204081632653,22.62
0.4591836734693877,1.1428571428571428,23.36
0.4591836734693877,1.2346938775510203,21.490000000000002
0.4591836734693877,1.3265306122448979,22.88
0.4591836734693877,1.4183673469387754,23.51
0.4591836734693877,1.5102040816326532,26.46
0.4591836734693877,1.6020408163265307,56.43
0.4591836734693877,1.6938775510204083,39.99
0.4591836734693877,1.7857142857142858,11.31
0.4591836734693877,1.8775510204081634,142.68
0.4591836734693877,1.969387755102041,13.66
0.4591836734693877,2.0612244897959187,29.8
0.4591836734693877,2.1530612244897958,38.46
0.4591836734693877,2.2448979591836737,149.99
0.4591836734693877,2.336734693877551,149.99
0.4591836734693877,2.428571428571429,20.19
0.4591836734693877,2.5204081632653064,20.85
0.4591836734693877,2.612244897959184,85.22
0.4591836734693877,2.7040816326530615,149.99
0.4591836734693877,2.795918367346939,149.99
0.4591836734693877,2.8877551020408165,149.99
0.4591836734693877,2.979591836734694,12.790000000000001
0.4591836734693877,3.0714285714285716,23.830000000000002
0.4591836734693877,3.163265306122449,19.84
0.4591836734693877,3.2551020408163267,13.44
0.4591836734693877,3.3469387755102042,12.63
0.4591836734693877,3.438775510204082,10.55
0.4591836734693877,3.5306122448979593,10.17
0.4591836734693877,3.622448979591837,10.26
0.4591836734693877,3.7142857142857144,10.67
0.4591836734693877,3.806122448979592,10.77
0.4591836734693877,3.8979591836734695,10.86
0.4591836734693877,3.989795918367347,12.82
0.4591836734693877,4.081632653061225,12.75
0.4591836734693877,4.173469387755102,12.56
0.4591836734693877,4.26530612244898,12.32
0.4591836734693877,4.357142857142858,10.65
0.4591836734693877,4.448979591836735,10.55
0.4591836734693877,4.540816326530613,10.57
0.4591836734693877,4.63265306122449,10.68
0.4591836734693877,4.724489795918368,10.76
0.4591836734693877,4.816326530612245,10.790000000000001
0.4591836734693877,4.908163265306123,10.77
0.4591836734693877,5.0,10.74
0.4693877551020408,0.5,38.27
0.4693877551020408,0.5918367346938775,51.4
0.4693877551020408,0.6836734693877551,149.99
0.4693877551020408,0.7755102040816326,25.93
0.4693877551020408,0.8673469387755102,25.900000000000002
0.4693877551020408,0.9591836734693877,24.84
0.4693877551020408,1.0510204081632653,22.330000000000002
0.4693877551020408,1.1428571428571428,23.23
0.4693877551020408,1.2346938775510203,21.31
0.4693877551020408,1.3265306122448979,22.69
0.4693877551020408,1.4183673469387754,23.31
0.4693877551020408,1.5102040816326532,24.76
0.4693877551020408,1.6020408163265307,52.27
0.4693877551020408,1.6938775510204083,41.660000000000004
0.4693877551020408,1.7857142857142858,117.83
0.4693877551020408,1.8775510204081634,68.01
0.4693877551020408,1.969387755102041,13.4
0.4693877551020408,2.0612244897959187,149.99
0.4693877551020408,2.1530612244897958,25.41
0.4693877551020408,2.2448979591836737,149.99
0.4693877551020408,2.336734693877551,149.99
0.4693877551020408,2.428571428571429,149.99
0.4693877551020408,2.5204081632653064,34.43
0.4693877551020408,2.612244897959184,45.57
0.4693877551020408,2.7040816326530615,149.99
0.4693877551020408,2.795918367346939,149.99
0.4693877551020408,2.8877551020408165,149.99
0.4693877551020408,2.979591836734694,12.72
0.4693877551020408,3.0714285714285716,13.94
0.4693877551020408,3.163265306122449,13.81
0.4693877551020408,3.2551020408163267,12.99
0.4693877551020408,3.3469387755102042,11.02
0.4693877551020408,3.438775510204082,10.44
0.4693877551020408,3.5306122448979593,10.1
0.4693877551020408,3.622448979591837,8.38
0.4693877551020408,3.7142857142857144,10.700000000000001
0.4693877551020408,3.806122448979592,10.790000000000001
0.4693877551020408,3.8979591836734695,10.88
0.4693877551020408,3.989795918367347,12.790000000000001
0.4693877551020408,4.081632653061225,12.700000000000001
0.4693877551020408,4.173469387755102,12.5
0.4693877551020408,4.26530612244898,10.8
0.4693877551020408,4.357142857142858,10.620000000000001
0.4693877551020408,4.448979591836735,10.55
0.4693877551020408,4.540816326530613,10.58
0.4693877551020408,4.63265306122449,10.700000000000001
0.4693877551020408,4.724489795918368,10.77
0.4693877551020408,4.816326530612245,10.790000000000001
0.4693877551020408,4.908163265306123,10.76
0.4693877551020408,5.0,10.73
0.47959183673469385,0.5,38.0
0.47959183673469385,0.5918367346938775,50.67
0.47959183673469385,0.6836734693877551,149.99
0.47959183673469385,0.7755102040816326,25.650000000000002
0.47959183673469385,0.8673469387755102,25.990000000000002
0.47959183673469385,0.9591836734693877,24.73
0.47959183673469385,1.0510204081632653,22.12
0.47959183673469385,1.1428571428571428,23.12
0.47959183673469385,1.2346938775510203,20.75
0.47959183673469385,1.3265306122448979,22.48
0.47959183673469385,1.4183673469387754,22.5
0.47959183673469385,1.5102040816326532,25.07
0.47959183673469385,1.6020408163265307,26.490000000000002
0.47959183673469385,1.6938775510204083,26.38
0.47959183673469385,1.7857142857142858,149.99
0.47959183673469385,1.8775510204081634,149.99
0.47959183673469385,1.969387755102041,13.4
0.47959183673469385,2.0612244897959187,149.99
0.47959183673469385,2.1530612244897958,80.74
0.47959183673469385,2.2448979591836737,149.99
0.47959183673469385,2.336734693877551,19.5
0.47959183673469385,2.428571428571429,149.99
0.47959183673469385,2.5204081632653064,149.99
0.47959183673469385,2.612244897959184,6.94
0.47959183673469385,2.7040816326530615,149.99
0.47959183673469385,2.795918367346939,149.99
0.47959183673469385,2.8877551020408165,149.99
0.47959183673469385,2.979591836734694,12.68
0.47959183673469385,3.0714285714285716,13.61
0.47959183673469385,3.163265306122449,13.33
0.47959183673469385,3.2551020408163267,12.64
0.47959183673469385,3.3469387755102042,10.9
0.47959183673469385,3.438775510204082,10.34
0.47959183673469385,3.5306122448979593,10.06
0.47959183673469385,3.622448979591837,8.42
0.47959183673469385,3.7142857142857144,10.72
0.47959183673469385,3.806122448979592,10.81
0.47959183673469385,3.8979591836734695,10.89
0.47959183673469385,3.989795918367347,12.76
0.47959183673469385,4.081632653061225,12.66
0.47959183673469385,4.173469387755102,12.44
0.47959183673469385,4.26530612244898,10.74
0.47959183673469385,4.357142857142858,10.59
0.47959183673469385,4.448979591836735,10.55
0.47959183673469385,4.540816326530613,10.6
0.47959183673469385,4.63265306122449,10.71
0.47959183673469385,4.724489795918368,10.78
0.47959183673469385,4.816326530612245,10.790000000000001
0.47959183673469385,4.908163265306123,10.76
0.47959183673469385,5.0,10.73
0.4897959183673469,0.5,37.75
0.4897959183673469,0.5918367346938775,49.230000000000004
0.4897959183673469,0.6836734693877551,108.7
0.4897959183673469,0.7755102040816326,25.080000000000002
0.4897959183673469,0.8673469387755102,26.11
0.4897959183673469,0.9591836734693877,24.650000000000002
0.4897959183673469,1.0510204081632653,21.93
0.4897959183673469,1.1428571428571428,23.01
0.4897959183673469,1.2346938775510203,20.400000000000002
0.4897959183673469,1.3265306122448979,22.22
0.4897959183673469,1.4183673469387754,21.46
0.4897959183673469,1.5102040816326532,25.560000000000002
0.4897959183673469,1.6020408163265307,32.17
0.4897959183673469,1.6938775510204083,19.48
0.4897959183673469,1.7857142857142858,149.99
0.4897959183673469,1.8775510204081634,6.69
0.4897959183673469,1.969387755102041,13.38
0.4897959183673469,2.0612244897959187,149.99
0.4897959183673469,2.1530612244897958,20.98
0.4897959183673469,2.2448979591836737,34.480000000000004
0.4897959183673469,2.336734693877551,149.99
0.4897959183673469,2.428571428571429,34.36
0.4897959183673469,2.5204081632653064,17.2
0.4897959183673469,2.612244897959184,6.890000000000001
0.4897959183673469,2.7040816326530615,149.99
0.4897959183673469,2.795918367346939,149.99
0.4897959183673469,2.8877551020408165,149.99
0.4897959183673469,2.979591836734694,12.66
0.4897959183673469,3.0714285714285716,13.21
0.4897959183673469,3.163265306122449,12.93
0.4897959183673469,3.2551020408163267,11.38
0.4897959183673469,3.3469387755102042,10.8
0.4897959183673469,3.438775510204082,10.25
0.4897959183673469,3.5306122448979593,10.0
0.4897959183673469,3.622448979591837,8.48
0.4897959183673469,3.7142857142857144,10.75
0.4897959183673469,3.806122448979592,10.82
0.4897959183673469,3.8979591836734695,10.9
0.4897959183673469,3.989795918367347,12.73
0.4897959183673469,4.081632653061225,12.6
0.4897959183673469,4.173469387755102,10.86
0.4897959183673469,4.26530612244898,10.700000000000001
0.4897959183673469,4.357142857142858,10.57
0.4897959183673469,4.448979591836735,10.55
0.4897959183673469,4.540816326530613,10.620000000000001
0.4897959183673469,4.63265306122449,10.73
0.4897959183673469,4.724489795918368,10.78
0.4897959183673469,4.816326530612245,10.78
0.4897959183673469,4.908163265306123,10.75
0.4897959183673469,5.0,10.73
0.5,0.5,37.19
0.5,0.5918367346938775,48.64
0.5,0.6836734693877551,149.99
0.5,0.7755102040816326,24.73
0.5,0.8673469387755102,26.46
0.5,0.9591836734693877,24.6
0.5,1.0510204081632653,21.69
0.5,1.1428571428571428,22.89
0.5,1.2346938775510203,19.47
0.5,1.3265306122448979,21.57
0.5,1.4183673469387754,21.41
0.5,1.5102040816326532,26.03
0.5,1.6020408163265307,37.63
0.5,1.6938775510204083,47.06
0.5,1.7857142857142858,149.99
0.5,1.8775510204081634,6.69
0.5,1.969387755102041,13.370000000000001
0.5,2.0612244897959187,128.99
0.5,2.1530612244897958,118.93
0.5,2.2448979591836737,149.99
0.5,2.336734693877551,25.16
0.5,2.428571428571429,149.99
0.5,2.5204081632653064,66.93
0.5,2.612244897959184,6.88
0.5,2.7040816326530615,149.99
0.5,2.795918367346939,149.99
0.5,2.8877551020408165,149.99
0.5,2.979591836734694,12.64
0.5,3.0714285714285716,12.24
0.5,3.163265306122449,11.84
0.5,3.2551020408163267,11.3
0.5,3.3469387755102042,10.71
0.5,3.438775510204082,10.15
0.5,3.5306122448979593,8.39
0.5,3.622448979591837,8.57
0.5,3.7142857142857144,10.77
0.5,3.806122448979592,10.84
0.5,3.8979591836734695,10.9
0.5,3.989795918367347,10.94
0.5,4.081632653061225,12.540000000000001
0.5,4.173469387755102,10.81
0.5,4.26530612244898,10.66
0.5,4.357142857142858,10.56
0.5,4.448979591836735,10.56
0.5,4.540816326530613,10.64
0.5,4.63265306122449,10.74
0.5,4.724489795918368,10.790000000000001
0.5,4.816326530612245,10.78
0.5,4.908163265306123,10.75
0.5,5.0,10.73
