beta,gamma,steady_time
0.5,1.5,21.05
0.5,1.5408163265306123,22.900000000000002
0.5,1.5816326530612246,23.05
0.5,1.6224489795918366,23.1
0.5,1.663265306122449,23.150000000000002
0.5,1.7040816326530612,23.150000000000002
0.5,1.7448979591836735,23.1
0.5,1.7857142857142856,24.950000000000003
0.5,1.8265306122448979,25.05
0.5,1.8673469387755102,25.05
0.5,1.9081632653061225,25.05
0.5,1.9489795918367347,25.0
0.5,1.989795918367347,24.950000000000003
0.5,2.0306122448979593,24.8
0.5,2.071428571428571,26.6
0.5,2.1122448979591835,26.650000000000002
0.5,2.1530612244897958,26.6
0.5,2.193877551020408,26.5
0.5,2.2346938775510203,26.400000000000002
0.5,2.2755102040816326,28.05
0.5,2.316326530612245,28.05
0.5,2.357142857142857,27.950000000000003
0.5,2.3979591836734695,27.75
0.5,2.4387755102040813,27.400000000000002
0.5,2.479591836734694,27.0
0.5,2.520408163265306,26.85
0.5,2.561224489795918,26.8
0.5,2.6020408163265305,26.700000000000003
0.5,2.642857142857143,28.1
0.5,2.683673469387755,28.1
0.5,2.724489795918367,29.5
0.5,2.7653061224489797,29.450000000000003
0.5,2.8061224489795915,32.25
0.5,2.8469387755102042,35.4
0.5,2.887755102040816,50.95
0.5,2.9285714285714284,47.5
0.5,2.9693877551020407,45.400000000000006
0.5,3.010204081632653,44.45
0.5,3.0510204081632653,52.85
0.5,3.091836734693877,51.800000000000004
0.5,3.13265306122449,51.300000000000004
0.5,3.1734693877551017,50.7
0.5,3.2142857142857144,49.95
0.5,3.2551020408163263,49.550000000000004
0.5,3.2959183673469385,48.75
0.5,3.336734693877551,48.400000000000006
0.5,3.377551020408163,48.050000000000004
0.5,3.4183673469387754,47.7
0.5,3.4591836734693877,47.0
0.5,3.5,46.7
0.5204081632653061,1.5,21.0
0.5204081632653061,1.5408163265306123,22.8
0.5204081632653061,1.5816326530612246,22.950000000000003
0.5204081632653061,1.6224489795918366,23.0
0.5204081632653061,1.663265306122449,23.05
0.5204081632653061,1.7040816326530612,23.0
0.5204081632653061,1.7448979591836735,23.0
0.5204081632653061,1.7857142857142856,24.900000000000002
0.5204081632653061,1.8265306122448979,24.950000000000003
0.5204081632653061,1.8673469387755102,25.0
0.5204081632653061,1.9081632653061225,24.950000000000003
0.5204081632653061,1.9489795918367347,24.85
0.5204081632653061,1.989795918367347,24.75
0.5204081632653061,2.0306122448979593,26.450000000000003
0.5204081632653061,2.071428571428571,26.55
0.5204081632653061,2.1122448979591835,26.5
0.5204081632653061,2.1530612244897958,26.450000000000003
0.5204081632653061,2.193877551020408,26.3
0.5204081632653061,2.2346938775510203,26.1
0.5204081632653061,2.2755102040816326,27.950000000000003
0.5204081632653061,2.316326530612245,27.85
0.5204081632653061,2.357142857142857,27.6
0.5204081632653061,2.3979591836734695,27.150000000000002
0.5204081632653061,2.4387755102040813,26.85
0.5204081632653061,2.479591836734694,26.8
0.5204081632653061,2.520408163265306,26.75
0.5204081632653061,2.561224489795918,26.650000000000002
0.5204081632653061,2.6020408163265305,28.1
0.5204081632653061,2.642857142857143,28.05
0.5204081632653061,2.683673469387755,29.5
0.5204081632653061,2.724489795918367,30.900000000000002
0.5204081632653061,2.7653061224489797,32.35
0.5204081632653061,2.8061224489795915,10.05
0.5204081632653061,2.8469387755102042,49.1
0.5204081632653061,2.887755102040816,46.400000000000006
0.5204081632653061,2.9285714285714284,44.85
0.5204081632653061,2.9693877551020407,43.650000000000006
0.5204081632653061,3.010204081632653,52.400000000000006
0.5204081632653061,3.0510204081632653,51.5
0.5204081632653061,3.091836734693877,50.95
0.5204081632653061,3.13265306122449,50.1
0.5204081632653061,3.1734693877551017,49.7
0.5204081632653061,3.2142857142857144,49.2
0.5204081632653061,3.2551020408163263,48.5
0.5204081632653061,3.2959183673469385,48.150000000000006
0.5204081632653061,3.336734693877551,47.800000000000004
0.5204081632653061,3.377551020408163,47.050000000000004
0.5204081632653061,3.4183673469387754,46.75
0.5204081632653061,3.4591836734693877,46.5
0.5204081632653061,3.5,46.2
0.5408163265306123,1.5,21.0
0.5408163265306123,1.5408163265306123,22.75
0.5408163265306123,1.5816326530612246,22.900000000000002
0.5408163265306123,1.6224489795918366,22.950000000000003
0.5408163265306123,1.663265306122449,22.950000000000003
0.5408163265306123,1.7040816326530612,22.900000000000002
0.5408163265306123,1.7448979591836735,24.700000000000003
0.5408163265306123,1.7857142857142856,24.85
0.5408163265306123,1.8265306122448979,24.900000000000002
0.5408163265306123,1.8673469387755102,24.85
0.5408163265306123,1.9081632653061225,24.8
0.5408163265306123,1.9489795918367347,24.700000000000003
0.5408163265306123,1.989795918367347,24.55
0.5408163265306123,2.0306122448979593,26.400000000000002
0.5408163265306123,2.071428571428571,26.450000000000003
0.5408163265306123,2.1122448979591835,26.35
0.5408163265306123,2.1530612244897958,26.200000000000003
0.5408163265306123,2.193877551020408,26.0
0.5408163265306123,2.2346938775510203,27.75
0.5408163265306123,2.2755102040816326,27.700000000000003
0.5408163265306123,2.316326530612245,27.400000000000002
0.5408163265306123,2.357142857142857,25.3
0.5408163265306123,2.3979591836734695,26.700000000000003
0.5408163265306123,2.4387755102040813,26.75
0.5408163265306123,2.479591836734694,26.700000000000003
0.5408163265306123,2.520408163265306,26.55
0.5408163265306123,2.561224489795918,28.05
0.5408163265306123,2.6020408163265305,27.950000000000003
0.5408163265306123,2.642857142857143,29.450000000000003
0.5408163265306123,2.683673469387755,30.900000000000002
0.5408163265306123,2.724489795918367,33.800000000000004
0.5408163265306123,2.7653061224489797,53.1
0.5408163265306123,2.8061224489795915,47.900000000000006
0.5408163265306123,2.8469387755102042,45.95
0.5408163265306123,2.887755102040816,44.5
0.5408163265306123,2.9285714285714284,43.300000000000004
0.5408163265306123,2.9693877551020407,51.7
0.5408163265306123,3.010204081632653,51.2
0.5408163265306123,3.0510204081632653,50.300000000000004
0.5408163265306123,3.091836734693877,49.85
0.5408163265306123,3.13265306122449,49.400000000000006
0.5408163265306123,3.1734693877551017,48.650000000000006
0.5408163265306123,3.2142857142857144,48.25
0.5408163265306123,3.2551020408163263,47.900000000000006
0.5408163265306123,3.2959183673469385,47.2
0.5408163265306123,3.336734693877551,46.85
0.5408163265306123,3.377551020408163,46.550000000000004
0.5408163265306123,3.4183673469387754,46.25
0.5408163265306123,3.4591836734693877,45.900000000000006
0.5408163265306123,3.5,45.300000000000004
0.5612244897959183,1.5,20.950000000000003
0.5612244897959183,1.5408163265306123,22.700000000000003
0.5612244897959183,1.5816326530612246,22.8
0.5612244897959183,1.6224489795918366,22.85
0.5612244897959183,1.663265306122449,22.8
0.5612244897959183,1.7040816326530612,22.8
0.5612244897959183,1.7448979591836735,24.650000000000002
0.5612244897959183,1.7857142857142856,24.8
0.5612244897959183,1.8265306122448979,24.8
0.5612244897959183,1.8673469387755102,24.700000000000003
0.5612244897959183,1.9081632653061225,24.6
0.5612244897959183,1.9489795918367347,24.5
0.5612244897959183,1.989795918367347,24.3
0.5612244897959183,2.0306122448979593,26.3
0.5612244897959183,2.071428571428571,26.3
0.5612244897959183,2.1122448979591835,26.150000000000002
0.5612244897959183,2.1530612244897958,25.950000000000003
0.5612244897959183,2.193877551020408,25.700000000000003
0.5612244897959183,2.2346938775510203,25.450000000000003
0.5612244897959183,2.2755102040816326,25.35
0.5612244897959183,2.316326530612245,25.3
0.5612244897959183,2.357142857142857,26.55
0.5612244897959183,2.3979591836734695,26.650000000000002
0.5612244897959183,2.4387755102040813,26.650000000000002
0.5612244897959183,2.479591836734694,26.5
0.5612244897959183,2.520408163265306,28.0
0.5612244897959183,2.561224489795918,27.900000000000002
0.5612244897959183,2.6020408163265305,29.400000000000002
0.5612244897959183,2.642857142857143,30.8
0.5612244897959183,2.683673469387755,33.65
0.5612244897959183,2.724489795918367,51.0
0.5612244897959183,2.7653061224489797,47.0
0.5612244897959183,2.8061224489795915,45.150000000000006
0.5612244897959183,2.8469387755102042,43.85
0.5612244897959183,2.887755102040816,43.1
0.5612244897959183,2.9285714285714284,51.5
0.5612244897959183,2.9693877551020407,50.95
0.5612244897959183,3.010204081632653,50.050000000000004
0.5612244897959183,3.0510204081632653,49.650000000000006
0.5612244897959183,3.091836734693877,49.1
0.5612244897959183,3.13265306122449,48.45
0.5612244897959183,3.1734693877551017,48.1
0.5612244897959183,3.2142857142857144,47.7
0.5612244897959183,3.2551020408163263,47.0
0.5612244897959183,3.2959183673469385,46.650000000000006
0.5612244897959183,3.336734693877551,46.35
0.5612244897959183,3.377551020408163,46.050000000000004
0.5612244897959183,3.4183673469387754,45.400000000000006
0.5612244897959183,3.4591836734693877,45.150000000000006
0.5612244897959183,3.5,44.85
0.5816326530612245,1.5,20.900000000000002
0.5816326530612245,1.5408163265306123,22.6
0.5816326530612245,1.5816326530612246,22.700000000000003
0.5816326530612245,1.6224489795918366,22.700000000000003
0.5816326530612245,1.663265306122449,22.700000000000003
0.5816326530612245,1.7040816326530612,22.700000000000003
0.5816326530612245,1.7448979591836735,24.6
0.5816326530612245,1.7857142857142856,24.700000000000003
0.5816326530612245,1.8265306122448979,24.650000000000002
0.5816326530612245,1.8673469387755102,24.55
0.5816326530612245,1.9081632653061225,24.400000000000002
0.5816326530612245,1.9489795918367347,24.25
0.5816326530612245,1.989795918367347,26.150000000000002
0.5816326530612245,2.0306122448979593,26.200000000000003
0.5816326530612245,2.071428571428571,26.05
0.5816326530612245,2.1122448979591835,25.85
0.5816326530612245,2.1530612244897958,25.6
0.5816326530612245,2.193877551020408,25.400000000000002
0.5816326530612245,2.2346938775510203,25.3
0.5816326530612245,2.2755102040816326,25.25
0.5816326530612245,2.316326530612245,25.150000000000002
0.5816326530612245,2.357142857142857,26.6
0.5816326530612245,2.3979591836734695,26.6
0.5816326530612245,2.4387755102040813,26.450000000000003
0.5816326530612245,2.479591836734694,28.0
0.5816326530612245,2.520408163265306,27.85
0.5816326530612245,2.561224489795918,29.3
0.5816326530612245,2.6020408163265305,30.700000000000003
0.5816326530612245,2.642857142857143,35.2
0.5816326530612245,2.683673469387755,49.75
0.5816326530612245,2.724489795918367,46.550000000000004
0.5816326530612245,2.7653061224489797,44.900000000000006
0.5816326530612245,2.8061224489795915,43.6
0.5816326530612245,2.8469387755102042,42.900000000000006
0.5816326530612245,2.887755102040816,51.300000000000004
0.5816326530612245,2.9285714285714284,50.300000000000004
0.5816326530612245,2.9693877551020407,49.900000000000006
0.5816326530612245,3.010204081632653,49.45
0.5816326530612245,3.0510204081632653,48.6
0.5816326530612245,3.091836734693877,48.25
0.5816326530612245,3.13265306122449,47.900000000000006
0.5816326530612245,3.1734693877551017,47.150000000000006
0.5816326530612245,3.2142857142857144,46.800000000000004
0.5816326530612245,3.2551020408163263,46.5
0.5816326530612245,3.2959183673469385,46.2
0.5816326530612245,3.336734693877551,45.550000000000004
0.5816326530612245,3.377551020408163,45.25
0.5816326530612245,3.4183673469387754,44.95
0.5816326530612245,3.4591836734693877,44.7
0.5816326530612245,3.5,44.400000000000006
0.6020408163265306,1.5,22.200000000000003
0.6020408163265306,1.5408163265306123,22.55
0.6020408163265306,1.5816326530612246,22.6
0.6020408163265306,1.6224489795918366,22.6
0.6020408163265306,1.663265306122449,22.6
0.6020408163265306,1.7040816326530612,22.6
0.6020408163265306,1.7448979591836735,24.5
0.6020408163265306,1.7857142857142856,24.55
0.6020408163265306,1.8265306122448979,24.5
0.6020408163265306,1.8673469387755102,24.35
0.6020408163265306,1.9081632653061225,24.200000000000003
0.6020408163265306,1.9489795918367347,24.1
0.6020408163265306,1.989795918367347,26.05
0.6020408163265306,2.0306122448979593,26.0
0.6020408163265306,2.071428571428571,25.8
0.6020408163265306,2.1122448979591835,25.55
0.6020408163265306,2.1530612244897958,25.35
0.6020408163265306,2.193877551020408,25.25
0.6020408163265306,2.2346938775510203,25.200000000000003
0.6020408163265306,2.2755102040816326,25.1
0.6020408163265306,2.316326530612245,26.55
0.6020408163265306,2.357142857142857,26.55
0.6020408163265306,2.3979591836734695,26.450000000000003
0.6020408163265306,2.4387755102040813,27.950000000000003
0.6020408163265306,2.479591836734694,27.8
0.6020408163265306,2.520408163265306,29.25
0.6020408163265306,2.561224489795918,30.6
0.6020408163265306,2.6020408163265305,10.05
0.6020408163265306,2.642857142857143,49.300000000000004
0.6020408163265306,2.683673469387755,46.35
0.6020408163265306,2.724489795918367,44.7
0.6020408163265306,2.7653061224489797,43.400000000000006
0.6020408163265306,2.8061224489795915,42.75
0.6020408163265306,2.8469387755102042,41.75
0.6020408163265306,2.887755102040816,50.150000000000006
0.6020408163265306,2.9285714285714284,49.75
0.6020408163265306,2.9693877551020407,49.2
0.6020408163265306,3.010204081632653,48.5
0.6020408163265306,3.0510204081632653,48.1
0.6020408163265306,3.091836734693877,47.7
0.6020408163265306,3.13265306122449,47.0
0.6020408163265306,3.1734693877551017,46.7
0.6020408163265306,3.2142857142857144,46.35
0.6020408163265306,3.2551020408163263,46.0
0.6020408163265306,3.2959183673469385,45.35
0.6020408163265306,3.336734693877551,45.1
0.6020408163265306,3.377551020408163,44.800000000000004
0.6020408163265306,3.4183673469387754,44.550000000000004
0.6020408163265306,3.4591836734693877,43.95
0.6020408163265306,3.5,43.7
0.6224489795918368,1.5,22.200000000000003
0.6224489795918368,1.5408163265306123,22.450000000000003
0.6224489795918368,1.5816326530612246,22.5
0.6224489795918368,1.6224489795918366,22.55
0.6224489795918368,1.663265306122449,22.5
0.6224489795918368,1.7040816326530612,22.5
0.6224489795918368,1.7448979591836735,24.400000000000002
0.6224489795918368,1.7857142857142856,24.400000000000002
0.6224489795918368,1.8265306122448979,24.3
0.6224489795918368,1.8673469387755102,24.150000000000002
0.6224489795918368,1.9081632653061225,24.05
0.6224489795918368,1.9489795918367347,23.950000000000003
0.6224489795918368,1.989795918367347,25.8
0.6224489795918368,2.0306122448979593,25.650000000000002
0.6224489795918368,2.071428571428571,25.450000000000003
0.6224489795918368,2.1122448979591835,25.3
0.6224489795918368,2.1530612244897958,25.200000000000003
0.6224489795918368,2.193877551020408,25.150000000000002
0.6224489795918368,2.2346938775510203,25.1
0.6224489795918368,2.2755102040816326,26.5
0.6224489795918368,2.316326530612245,26.55
0.6224489795918368,2.357142857142857,26.400000000000002
0.6224489795918368,2.3979591836734695,27.900000000000002
0.6224489795918368,2.4387755102040813,27.75
0.6224489795918368,2.479591836734694,29.25
0.6224489795918368,2.520408163265306,32.0
0.6224489795918368,2.561224489795918,9.950000000000001
0.6224489795918368,2.6020408163265305,49.0
0.6224489795918368,2.642857142857143,46.2
0.6224489795918368,2.683673469387755,44.6
0.6224489795918368,2.724489795918367,43.300000000000004
0.6224489795918368,2.7653061224489797,42.300000000000004
0.6224489795918368,2.8061224489795915,41.650000000000006
0.6224489795918368,2.8469387755102042,50.050000000000004
0.6224489795918368,2.887755102040816,49.6
0.6224489795918368,2.9285714285714284,48.7
0.6224489795918368,2.9693877551020407,48.35
0.6224489795918368,3.010204081632653,48.0
0.6224489795918368,3.0510204081632653,47.2
0.6224489795918368,3.091836734693877,46.85
0.6224489795918368,3.13265306122449,46.550000000000004
0.6224489795918368,3.1734693877551017,46.25
0.6224489795918368,3.2142857142857144,45.550000000000004
0.6224489795918368,3.2551020408163263,45.25
0.6224489795918368,3.2959183673469385,44.95
0.6224489795918368,3.336734693877551,44.7
0.6224489795918368,3.377551020408163,44.400000000000006
0.6224489795918368,3.4183673469387754,43.800000000000004
0.6224489795918368,3.4591836734693877,43.550000000000004
0.6224489795918368,3.5,43.300000000000004
0.6428571428571428,1.5,22.150000000000002
0.6428571428571428,1.5408163265306123,22.35
0.6428571428571428,1.5816326530612246,22.450000000000003
0.6428571428571428,1.6224489795918366,22.450000000000003
0.6428571428571428,1.663265306122449,22.450000000000003
0.6428571428571428,1.7040816326530612,22.400000000000002
0.6428571428571428,1.7448979591836735,24.200000000000003
0.6428571428571428,1.7857142857142856,24.200000000000003
0.6428571428571428,1.8265306122448979,24.1
0.6428571428571428,1.8673469387755102,24.0
0.6428571428571428,1.9081632653061225,23.900000000000002
0.6428571428571428,1.9489795918367347,23.85
0.6428571428571428,1.989795918367347,23.8
0.6428571428571428,2.0306122448979593,25.3
0.6428571428571428,2.071428571428571,25.200000000000003
0.6428571428571428,2.1122448979591835,25.200000000000003
0.6428571428571428,2.1530612244897958,25.150000000000002
0.6428571428571428,2.193877551020408,25.05
0.6428571428571428,2.2346938775510203,26.400000000000002
0.6428571428571428,2.2755102040816326,26.5
0.6428571428571428,2.316326530612245,26.400000000000002
0.6428571428571428,2.357142857142857,27.85
0.6428571428571428,2.3979591836734695,27.75
0.6428571428571428,2.4387755102040813,29.200000000000003
0.6428571428571428,2.479591836734694,30.5
0.6428571428571428,2.520408163265306,9.950000000000001
0.6428571428571428,2.561224489795918,48.6
0.6428571428571428,2.6020408163265305,46.1
0.6428571428571428,2.642857142857143,44.5
0.6428571428571428,2.683673469387755,43.25
0.6428571428571428,2.724489795918367,42.150000000000006
0.6428571428571428,2.7653061224489797,41.6
0.6428571428571428,2.8061224489795915,49.95
0.6428571428571428,2.8469387755102042,49.45
0.6428571428571428,2.887755102040816,48.6
0.6428571428571428,2.9285714285714284,48.25
0.6428571428571428,2.9693877551020407,47.85
0.6428571428571428,3.010204081632653,47.1
0.6428571428571428,3.0510204081632653,46.75
0.6428571428571428,3.091836734693877,46.45
0.6428571428571428,3.13265306122449,46.1
0.6428571428571428,3.1734693877551017,45.45
0.6428571428571428,3.2142857142857144,45.150000000000006
0.6428571428571428,3.2551020408163263,44.85
0.6428571428571428,3.2959183673469385,44.6
0.6428571428571428,3.336734693877551,43.95
0.6428571428571428,3.377551020408163,43.7
0.6428571428571428,3.4183673469387754,43.45
0.6428571428571428,3.4591836734693877,43.2
0.6428571428571428,3.5,43.0
0.6632653061224489,1.5,22.150000000000002
0.6632653061224489,1.5408163265306123,22.3
0.6632653061224489,1.5816326530612246,22.35
0.6632653061224489,1.6224489795918366,22.35
0.6632653061224489,1.663265306122449,22.35
0.6632653061224489,1.7040816326530612,22.35
0.6632653061224489,1.7448979591836735,22.3
0.6632653061224489,1.7857142857142856,23.950000000000003
0.6632653061224489,1.8265306122448979,23.900000000000002
0.6632653061224489,1.8673469387755102,23.85
0.6632653061224489,1.9081632653061225,23.8
0.6632653061224489,1.9489795918367347,23.8
0.6632653061224489,1.989795918367347,23.75
0.6632653061224489,2.0306122448979593,25.1
0.6632653061224489,2.071428571428571,25.150000000000002
0.6632653061224489,2.1122448979591835,25.1
0.6632653061224489,2.1530612244897958,25.05
0.6632653061224489,2.193877551020408,26.150000000000002
0.6632653061224489,2.2346938775510203,26.450000000000003
0.6632653061224489,2.2755102040816326,26.400000000000002
0.6632653061224489,2.316326530612245,27.8
0.6632653061224489,2.357142857142857,27.75
0.6632653061224489,2.3979591836734695,29.200000000000003
0.6632653061224489,2.4387755102040813,30.5
0.6632653061224489,2.479591836734694,9.950000000000001
0.6632653061224489,2.520408163265306,48.7
0.6632653061224489,2.561224489795918,46.1
0.6632653061224489,2.6020408163265305,44.5
0.6632653061224489,2.642857142857143,43.2
0.6632653061224489,2.683673469387755,42.1
0.6632653061224489,2.724489795918367,41.550000000000004
0.6632653061224489,2.7653061224489797,49.85
0.6632653061224489,2.8061224489795915,49.35
0.6632653061224489,2.8469387755102042,48.550000000000004
0.6632653061224489,2.887755102040816,48.2
0.6632653061224489,2.9285714285714284,47.75
0.6632653061224489,2.9693877551020407,47.0
0.6632653061224489,3.010204081632653,46.7
0.6632653061224489,3.0510204081632653,46.35
0.6632653061224489,3.091836734693877,46.0
0.6632653061224489,3.13265306122449,45.35
0.6632653061224489,3.1734693877551017,45.050000000000004
0.6632653061224489,3.2142857142857144,44.75
0.6632653061224489,3.2551020408163263,44.45
0.6632653061224489,3.2959183673469385,43.85
0.6632653061224489,3.336734693877551,43.6
0.6632653061224489,3.377551020408163,43.35
0.6632653061224489,3.4183673469387754,43.1
0.6632653061224489,3.4591836734693877,42.900000000000006
0.6632653061224489,3.5,42.35
0.6836734693877551,1.5,22.1
0.6836734693877551,1.5408163265306123,22.25
0.6836734693877551,1.5816326530612246,22.3
0.6836734693877551,1.6224489795918366,22.3
0.6836734693877551,1.663265306122449,22.3
0.6836734693877551,1.7040816326530612,22.3
0.6836734693877551,1.7448979591836735,22.25
0.6836734693877551,1.7857142857142856,23.8
0.6836734693877551,1.8265306122448979,23.8
0.6836734693877551,1.8673469387755102,23.75
0.6836734693877551,1.9081632653061225,23.75
0.6836734693877551,1.9489795918367347,23.700000000000003
0.6836734693877551,1.989795918367347,23.650000000000002
0.6836734693877551,2.0306122448979593,25.05
0.6836734693877551,2.071428571428571,25.1
0.6836734693877551,2.1122448979591835,25.05
0.6836734693877551,2.1530612244897958,24.950000000000003
0.6836734693877551,2.193877551020408,26.450000000000003
0.6836734693877551,2.2346938775510203,26.400000000000002
0.6836734693877551,2.2755102040816326,27.700000000000003
0.6836734693877551,2.316326530612245,27.75
0.6836734693877551,2.357142857142857,29.200000000000003
0.6836734693877551,2.3979591836734695,30.55
0.6836734693877551,2.4387755102040813,34.95
0.6836734693877551,2.479591836734694,49.25
0.6836734693877551,2.520408163265306,46.2
0.6836734693877551,2.561224489795918,44.5
0.6836734693877551,2.6020408163265305,43.2
0.6836734693877551,2.642857142857143,42.1
0.6836734693877551,2.683673469387755,41.5
0.6836734693877551,2.724489795918367,49.75
0.6836734693877551,2.7653061224489797,49.150000000000006
0.6836734693877551,2.8061224489795915,48.5
0.6836734693877551,2.8469387755102042,48.1
0.6836734693877551,2.887755102040816,47.650000000000006
0.6836734693877551,2.9285714285714284,46.95
0.6836734693877551,2.9693877551020407,46.6
0.6836734693877551,3.010204081632653,46.300000000000004
0.6836734693877551,3.0510204081632653,45.6
0.6836734693877551,3.091836734693877,45.25
0.6836734693877551,3.13265306122449,45.0
0.6836734693877551,3.1734693877551017,44.7
0.6836734693877551,3.2142857142857144,44.35
0.6836734693877551,3.2551020408163263,43.75
0.6836734693877551,3.2959183673469385,43.5
0.6836734693877551,3.336734693877551,43.25
0.6836734693877551,3.377551020408163,43.050000000000004
0.6836734693877551,3.4183673469387754,42.800000000000004
0.6836734693877551,3.4591836734693877,42.2
0.6836734693877551,3.5,42.0
0.7040816326530612,1.5,22.05
0.7040816326530612,1.5408163265306123,22.200000000000003
0.7040816326530612,1.5816326530612246,22.200000000000003
0.7040816326530612,1.6224489795918366,22.25
0.7040816326530612,1.663265306122449,22.25
0.7040816326530612,1.7040816326530612,22.200000000000003
0.7040816326530612,1.7448979591836735,22.200000000000003
0.7040816326530612,1.7857142857142856,23.700000000000003
0.7040816326530612,1.8265306122448979,23.700000000000003
0.7040816326530612,1.8673469387755102,23.700000000000003
0.7040816326530612,1.9081632653061225,23.700000000000003
0.7040816326530612,1.9489795918367347,23.650000000000002
0.7040816326530612,1.989795918367347,24.900000000000002
0.7040816326530612,2.0306122448979593,25.05
0.7040816326530612,2.071428571428571,25.0
0.7040816326530612,2.1122448979591835,24.950000000000003
0.7040816326530612,2.1530612244897958,26.35
0.7040816326530612,2.193877551020408,26.400000000000002
0.7040816326530612,2.2346938775510203,26.200000000000003
0.7040816326530612,2.2755102040816326,27.75
0.7040816326530612,2.316326530612245,29.150000000000002
0.7040816326530612,2.357142857142857,30.55
0.7040816326530612,2.3979591836734695,33.35
0.7040816326530612,2.4387755102040813,49.650000000000006
0.7040816326530612,2.479591836734694,46.300000000000004
0.7040816326530612,2.520408163265306,44.6
0.7040816326530612,2.561224489795918,43.2
0.7040816326530612,2.6020408163265305,42.1
0.7040816326530612,2.642857142857143,41.5
0.7040816326530612,2.683673469387755,49.7
0.7040816326530612,2.724489795918367,48.75
0.7040816326530612,2.7653061224489797,48.45
0.7040816326530612,2.8061224489795915,48.050000000000004
0.7040816326530612,2.8469387755102042,47.550000000000004
0.7040816326530612,2.887755102040816,46.900000000000006
0.7040816326530612,2.9285714285714284,46.550000000000004
0.7040816326530612,2.9693877551020407,46.2
0.7040816326530612,3.010204081632653,45.5
0.7040816326530612,3.0510204081632653,45.2
0.7040816326530612,3.091836734693877,44.95
0.7040816326530612,3.13265306122449,44.6
0.7040816326530612,3.1734693877551017,44.0
0.7040816326530612,3.2142857142857144,43.7
0.7040816326530612,3.2551020408163263,43.45
0.7040816326530612,3.2959183673469385,43.2
0.7040816326530612,3.336734693877551,42.95
0.7040816326530612,3.377551020408163,42.400000000000006
0.7040816326530612,3.4183673469387754,42.150000000000006
0.7040816326530612,3.4591836734693877,41.900000000000006
0.7040816326530612,3.5,41.7
0.7244897959183674,1.5,22.05
0.7244897959183674,1.5408163265306123,22.150000000000002
0.7244897959183674,1.5816326530612246,22.150000000000002
0.7244897959183674,1.6224489795918366,22.200000000000003
0.7244897959183674,1.663265306122449,22.200000000000003
0.7244897959183674,1.7040816326530612,22.150000000000002
0.7244897959183674,1.7448979591836735,23.450000000000003
0.7244897959183674,1.7857142857142856,23.650000000000002
0.7244897959183674,1.8265306122448979,23.650000000000002
0.7244897959183674,1.8673469387755102,23.650000000000002
0.7244897959183674,1.9081632653061225,23.6
0.7244897959183674,1.9489795918367347,23.55
0.7244897959183674,1.989795918367347,24.950000000000003
0.7244897959183674,2.0306122448979593,25.0
0.7244897959183674,2.071428571428571,24.950000000000003
0.7244897959183674,2.1122448979591835,26.150000000000002
0.7244897959183674,2.1530612244897958,26.35
0.7244897959183674,2.193877551020408,26.25
0.7244897959183674,2.2346938775510203,27.75
0.7244897959183674,2.2755102040816326,29.0
0.7244897959183674,2.316326530612245,30.450000000000003
0.7244897959183674,2.357142857142857,33.35
0.7244897959183674,2.3979591836734695,50.800000000000004
0.7244897959183674,2.4387755102040813,46.550000000000004
0.7244897959183674,2.479591836734694,44.7
0.7244897959183674,2.520408163265306,43.300000000000004
0.7244897959183674,2.561224489795918,42.150000000000006
0.7244897959183674,2.6020408163265305,41.550000000000004
0.7244897959183674,2.642857142857143,40.6
0.7244897959183674,2.683673469387755,48.7
0.7244897959183674,2.724489795918367,48.400000000000006
0.7244897959183674,2.7653061224489797,48.0
0.7244897959183674,2.8061224489795915,47.2
0.7244897959183674,2.8469387755102042,46.85
0.7244897959183674,2.887755102040816,46.550000000000004
0.7244897959183674,2.9285714285714284,46.150000000000006
0.7244897959183674,2.9693877551020407,45.45
0.7244897959183674,3.010204081632653,45.2
0.7244897959183674,3.0510204081632653,44.900000000000006
0.7244897959183674,3.091836734693877,44.550000000000004
0.7244897959183674,3.13265306122449,43.900000000000006
0.7244897959183674,3.1734693877551017,43.650000000000006
0.7244897959183674,3.2142857142857144,43.400000000000006
0.7244897959183674,3.2551020408163263,43.150000000000006
0.7244897959183674,3.2959183673469385,42.900000000000006
0.7244897959183674,3.336734693877551,42.300000000000004
0.7244897959183674,3.377551020408163,42.050000000000004
0.7244897959183674,3.4183673469387754,41.85
0.7244897959183674,3.4591836734693877,41.6
0.7244897959183674,3.5,41.400000000000006
0.7448979591836735,1.5,22.0
0.7448979591836735,1.5408163265306123,22.1
0.7448979591836735,1.5816326530612246,22.150000000000002
0.7448979591836735,1.6224489795918366,22.150000000000002
0.7448979591836735,1.663265306122449,22.150000000000002
0.7448979591836735,1.7040816326530612,22.1
0.7448979591836735,1.7448979591836735,23.450000000000003
0.7448979591836735,1.7857142857142856,23.6
0.7448979591836735,1.8265306122448979,23.6
0.7448979591836735,1.8673469387755102,23.6
0.7448979591836735,1.9081632653061225,23.55
0.7448979591836735,1.9489795918367347,24.8
0.7448979591836735,1.989795918367347,24.950000000000003
0.7448979591836735,2.0306122448979593,24.950000000000003
0.7448979591836735,2.071428571428571,24.85
0.7448979591836735,2.1122448979591835,26.35
0.7448979591836735,2.1530612244897958,26.25
0.7448979591836735,2.193877551020408,27.700000000000003
0.7448979591836735,2.2346938775510203,27.55
0.7448979591836735,2.2755102040816326,28.950000000000003
0.7448979591836735,2.316326530612245,31.900000000000002
0.7448979591836735,2.357142857142857,52.6
0.7448979591836735,2.3979591836734695,46.900000000000006
0.7448979591836735,2.4387755102040813,44.85
0.7448979591836735,2.479591836734694,43.400000000000006
0.7448979591836735,2.520408163265306,42.25
0.7448979591836735,2.561224489795918,41.550000000000004
0.7448979591836735,2.6020408163265305,40.650000000000006
0.7448979591836735,2.642857142857143,40.150000000000006
0.7448979591836735,2.683673469387755,48.400000000000006
0.7448979591836735,2.724489795918367,48.0
0.7448979591836735,2.7653061224489797,47.150000000000006
0.7448979591836735,2.8061224489795915,46.85
0.7448979591836735,2.8469387755102042,46.5
0.7448979591836735,2.887755102040816,46.150000000000006
0.7448979591836735,2.9285714285714284,45.45
0.7448979591836735,2.9693877551020407,45.150000000000006
0.7448979591836735,3.010204081632653,44.85
0.7448979591836735,3.0510204081632653,44.5
0.7448979591836735,3.091836734693877,43.85
0.7448979591836735,3.13265306122449,43.6
0.7448979591836735,3.1734693877551017,43.35
0.7448979591836735,3.2142857142857144,43.1
0.7448979591836735,3.2551020408163263,42.85
0.7448979591836735,3.2959183673469385,42.25
0.7448979591836735,3.336734693877551,42.0
0.7448979591836735,3.377551020408163,41.75
0.7448979591836735,3.4183673469387754,41.550000000000004
0.7448979591836735,3.4591836734693877,41.35
0.7448979591836735,3.5,41.150000000000006
0.7653061224489796,1.5,21.950000000000003
0.7653061224489796,1.5408163265306123,22.05
0.7653061224489796,1.5816326530612246,22.1
0.7653061224489796,1.6224489795918366,22.1
0.7653061224489796,1.663265306122449,22.1
0.7653061224489796,1.7040816326530612,22.05
0.7653061224489796,1.7448979591836735,23.5
0.7653061224489796,1.7857142857142856,23.55
0.7653061224489796,1.8265306122448979,23.6
0.7653061224489796,1.8673469387755102,23.55
0.7653061224489796,1.9081632653061225,23.450000000000003
0.7653061224489796,1.9489795918367347,24.900000000000002
0.7653061224489796,1.989795918367347,24.900000000000002
0.7653061224489796,2.0306122448979593,24.85
0.7653061224489796,2.071428571428571,26.200000000000003
0.7653061224489796,2.1122448979591835,26.3
0.7653061224489796,2.1530612244897958,27.400000000000002
0.7653061224489796,2.193877551020408,27.6
0.7653061224489796,2.2346938775510203,29.05
0.7653061224489796,2.2755102040816326,30.3
0.7653061224489796,2.316326530612245,9.8
0.7653061224489796,2.357142857142857,47.75
0.7653061224489796,2.3979591836734695,45.1
0.7653061224489796,2.4387755102040813,43.550000000000004
0.7653061224489796,2.479591836734694,42.7
0.7653061224489796,2.520408163265306,41.650000000000006
0.7653061224489796,2.561224489795918,40.75
0.7653061224489796,2.6020408163265305,40.150000000000006
0.7653061224489796,2.642857142857143,42.35
0.7653061224489796,2.683673469387755,48.0
0.7653061224489796,2.724489795918367,47.150000000000006
0.7653061224489796,2.7653061224489797,46.85
0.7653061224489796,2.8061224489795915,46.5
0.7653061224489796,2.8469387755102042,46.1
0.7653061224489796,2.887755102040816,45.400000000000006
0.7653061224489796,2.9285714285714284,45.150000000000006
0.7653061224489796,2.9693877551020407,44.800000000000004
0.7653061224489796,3.010204081632653,44.5
0.7653061224489796,3.0510204081632653,43.85
0.7653061224489796,3.091836734693877,43.550000000000004
0.7653061224489796,3.13265306122449,43.300000000000004
0.7653061224489796,3.1734693877551017,43.050000000000004
0.7653061224489796,3.2142857142857144,42.800000000000004
0.7653061224489796,3.2551020408163263,42.2
0.7653061224489796,3.2959183673469385,41.95
0.7653061224489796,3.336734693877551,41.75
0.7653061224489796,3.377551020408163,41.5
0.7653061224489796,3.4183673469387754,41.300000000000004
0.7653061224489796,3.4591836734693877,40.800000000000004
0.7653061224489796,3.5,40.550000000000004
0.7857142857142857,1.5,21.950000000000003
0.7857142857142857,1.5408163265306123,22.0
0.7857142857142857,1.5816326530612246,22.05
0.7857142857142857,1.6224489795918366,22.05
0.7857142857142857,1.663265306122449,22.05
0.7857142857142857,1.7040816326530612,22.0
0.7857142857142857,1.7448979591836735,23.5
0.7857142857142857,1.7857142857142856,23.55
0.7857142857142857,1.8265306122448979,23.55
0.7857142857142857,1.8673469387755102,23.450000000000003
0.7857142857142857,1.9081632653061225,24.700000000000003
0.7857142857142857,1.9489795918367347,24.900000000000002
0.7857142857142857,1.989795918367347,24.85
0.7857142857142857,2.0306122448979593,24.75
0.7857142857142857,2.071428571428571,26.25
0.7857142857142857,2.1122448979591835,26.150000000000002
0.7857142857142857,2.1530612244897958,27.650000000000002
0.7857142857142857,2.193877551020408,29.0
0.7857142857142857,2.2346938775510203,30.400000000000002
0.7857142857142857,2.2755102040816326,9.850000000000001
0.7857142857142857,2.316326530612245,48.45
0.7857142857142857,2.357142857142857,45.45
0.7857142857142857,2.3979591836734695,43.800000000000004
0.7857142857142857,2.4387755102040813,42.900000000000006
0.7857142857142857,2.479591836734694,41.75
0.7857142857142857,2.520408163265306,41.150000000000006
0.7857142857142857,2.561224489795918,40.2
0.7857142857142857,2.6020408163265305,42.300000000000004
0.7857142857142857,2.642857142857143,48.0
0.7857142857142857,2.683673469387755,47.150000000000006
0.7857142857142857,2.724489795918367,46.85
0.7857142857142857,2.7653061224489797,46.5
0.7857142857142857,2.8061224489795915,46.1
0.7857142857142857,2.8469387755102042,45.400000000000006
0.7857142857142857,2.887755102040816,45.1
0.7857142857142857,2.9285714285714284,44.800000000000004
0.7857142857142857,2.9693877551020407,44.45
0.7857142857142857,3.010204081632653,43.800000000000004
0.7857142857142857,3.0510204081632653,43.550000000000004
0.7857142857142857,3.091836734693877,43.300000000000004
0.7857142857142857,3.13265306122449,43.050000000000004
0.7857142857142857,3.1734693877551017,42.75
0.7857142857142857,3.2142857142857144,42.2
0.7857142857142857,3.2551020408163263,41.95
0.7857142857142857,3.2959183673469385,41.7
0.7857142857142857,3.336734693877551,41.45
0.7857142857142857,3.377551020408163,41.25
0.7857142857142857,3.4183673469387754,40.75
0.7857142857142857,3.4591836734693877,40.5
0.7857142857142857,3.5,40.300000000000004
0.8061224489795917,1.5,21.950000000000003
0.8061224489795917,1.5408163265306123,22.0
0.8061224489795917,1.5816326530612246,22.0
0.8061224489795917,1.6224489795918366,22.0
0.8061224489795917,1.663265306122449,21.950000000000003
0.8061224489795917,1.7040816326530612,23.3
0.8061224489795917,1.7448979591836735,23.5
0.8061224489795917,1.7857142857142856,23.5
0.8061224489795917,1.8265306122448979,23.450000000000003
0.8061224489795917,1.8673469387755102,23.35
0.8061224489795917,1.9081632653061225,24.8
0.8061224489795917,1.9489795918367347,24.85
0.8061224489795917,1.989795918367347,24.75
0.8061224489795917,2.0306122448979593,26.200000000000003
0.8061224489795917,2.071428571428571,26.200000000000003
0.8061224489795917,2.1122448979591835,27.6
0.8061224489795917,2.1530612244897958,27.400000000000002
0.8061224489795917,2.193877551020408,28.8
0.8061224489795917,2.2346938775510203,31.650000000000002
0.8061224489795917,2.2755102040816326,50.050000000000004
0.8061224489795917,2.316326530612245,46.25
0.8061224489795917,2.357142857142857,44.45
0.8061224489795917,2.3979591836734695,43.050000000000004
0.8061224489795917,2.4387755102040813,41.85
0.8061224489795917,2.479591836734694,41.25
0.8061224489795917,2.520408163265306,40.300000000000004
0.8061224489795917,2.561224489795918,39.85
0.8061224489795917,2.6020408163265305,48.0
0.8061224489795917,2.642857142857143,47.150000000000006
0.8061224489795917,2.683673469387755,46.85
0.8061224489795917,2.724489795918367,46.5
0.8061224489795917,2.7653061224489797,46.1
0.8061224489795917,2.8061224489795915,45.400000000000006
0.8061224489795917,2.8469387755102042,45.150000000000006
0.8061224489795917,2.887755102040816,44.800000000000004
0.8061224489795917,2.9285714285714284,44.45
0.8061224489795917,2.9693877551020407,43.800000000000004
0.8061224489795917,3.010204081632653,43.550000000000004
0.8061224489795917,3.0510204081632653,43.300000000000004
0.8061224489795917,3.091836734693877,43.0
0.8061224489795917,3.13265306122449,42.45
0.8061224489795917,3.1734693877551017,42.150000000000006
0.8061224489795917,3.2142857142857144,41.900000000000006
0.8061224489795917,3.2551020408163263,41.650000000000006
0.8061224489795917,3.2959183673469385,41.45
0.8061224489795917,3.336734693877551,41.2
0.8061224489795917,3.377551020408163,40.7
0.8061224489795917,3.4183673469387754,40.45
0.8061224489795917,3.4591836734693877,40.25
0.8061224489795917,3.5,40.1
0.8265306122448979,1.5,21.900000000000002
0.8265306122448979,1.5408163265306123,21.950000000000003
0.8265306122448979,1.5816326530612246,21.950000000000003
0.8265306122448979,1.6224489795918366,21.950000000000003
0.8265306122448979,1.663265306122449,21.900000000000002
0.8265306122448979,1.7040816326530612,23.35
0.8265306122448979,1.7448979591836735,23.450000000000003
0.8265306122448979,1.7857142857142856,23.450000000000003
0.8265306122448979,1.8265306122448979,23.400000000000002
0.8265306122448979,1.8673469387755102,24.6
0.8265306122448979,1.9081632653061225,24.8
0.8265306122448979,1.9489795918367347,24.8
0.8265306122448979,1.989795918367347,24.650000000000002
0.8265306122448979,2.0306122448979593,26.200000000000003
0.8265306122448979,2.071428571428571,26.0
0.8265306122448979,2.1122448979591835,27.5
0.8265306122448979,2.1530612244897958,28.900000000000002
0.8265306122448979,2.193877551020408,30.150000000000002
0.8265306122448979,2.2346938775510203,9.75
0.8265306122448979,2.2755102040816326,46.85
0.8265306122448979,2.316326530612245,44.75
0.8265306122448979,2.357142857142857,43.25
0.8265306122448979,2.3979591836734695,42.050000000000004
0.8265306122448979,2.4387755102040813,41.400000000000006
0.8265306122448979,2.479591836734694,40.400000000000006
0.8265306122448979,2.520408163265306,39.95
0.8265306122448979,2.561224489795918,48.0
0.8265306122448979,2.6020408163265305,47.1
0.8265306122448979,2.642857142857143,46.85
0.8265306122448979,2.683673469387755,46.550000000000004
0.8265306122448979,2.724489795918367,46.150000000000006
0.8265306122448979,2.7653061224489797,45.45
0.8265306122448979,2.8061224489795915,45.150000000000006
0.8265306122448979,2.8469387755102042,44.85
0.8265306122448979,2.887755102040816,44.45
0.8265306122448979,2.9285714285714284,43.800000000000004
0.8265306122448979,2.9693877551020407,43.550000000000004
0.8265306122448979,3.010204081632653,43.300000000000004
0.8265306122448979,3.0510204081632653,43.0
0.8265306122448979,3.091836734693877,42.45
0.8265306122448979,3.13265306122449,42.150000000000006
0.8265306122448979,3.1734693877551017,41.900000000000006
0.8265306122448979,3.2142857142857144,41.650000000000006
0.8265306122448979,3.2551020408163263,41.400000000000006
0.8265306122448979,3.2959183673469385,41.2
0.8265306122448979,3.336734693877551,40.650000000000006
0.8265306122448979,3.377551020408163,40.45
0.8265306122448979,3.4183673469387754,40.25
0.8265306122448979,3.4591836734693877,40.050000000000004
0.8265306122448979,3.5,39.900000000000006
0.846938775510204,1.5,21.900000000000002
0.846938775510204,1.5408163265306123,21.950000000000003
0.846938775510204,1.5816326530612246,21.950000000000003
0.846938775510204,1.6224489795918366,21.900000000000002
0.846938775510204,1.663265306122449,23.0
0.846938775510204,1.7040816326530612,23.400000000000002
0.846938775510204,1.7448979591836735,23.450000000000003
0.846938775510204,1.7857142857142856,23.400000000000002
0.846938775510204,1.8265306122448979,23.3
0.846938775510204,1.8673469387755102,24.75
0.846938775510204,1.9081632653061225,24.8
0.846938775510204,1.9489795918367347,24.700000000000003
0.846938775510204,1.989795918367347,26.150000000000002
0.846938775510204,2.0306122448979593,26.1
0.846938775510204,2.071428571428571,27.55
0.846938775510204,2.1122448979591835,28.700000000000003
0.846938775510204,2.1530612244897958,30.25
0.846938775510204,2.193877551020408,9.8
0.846938775510204,2.2346938775510203,48.1
0.846938775510204,2.2755102040816326,45.2
0.846938775510204,2.316326530612245,43.550000000000004
0.846938775510204,2.357142857142857,42.300000000000004
0.846938775510204,2.3979591836734695,41.550000000000004
0.846938775510204,2.4387755102040813,40.550000000000004
0.846938775510204,2.479591836734694,40.0
0.846938775510204,2.520408163265306,42.1
0.846938775510204,2.561224489795918,47.1
0.846938775510204,2.6020408163265305,46.900000000000006
0.846938775510204,2.642857142857143,46.550000000000004
0.846938775510204,2.683673469387755,46.2
0.846938775510204,2.724489795918367,45.45
0.846938775510204,2.7653061224489797,45.150000000000006
0.846938775510204,2.8061224489795915,44.85
0.846938775510204,2.8469387755102042,44.5
0.846938775510204,2.887755102040816,43.85
0.846938775510204,2.9285714285714284,43.550000000000004
0.846938775510204,2.9693877551020407,43.300000000000004
0.846938775510204,3.010204081632653,43.0
0.846938775510204,3.0510204081632653,42.400000000000006
0.846938775510204,3.091836734693877,42.150000000000006
0.846938775510204,3.13265306122449,41.900000000000006
0.846938775510204,3.1734693877551017,41.650000000000006
0.846938775510204,3.2142857142857144,41.400000000000006
0.846938775510204,3.2551020408163263,41.150000000000006
0.846938775510204,3.2959183673469385,40.650000000000006
0.846938775510204,3.336734693877551,40.400000000000006
0.846938775510204,3.377551020408163,40.2
0.846938775510204,3.4183673469387754,40.050000000000004
0.846938775510204,3.4591836734693877,39.900000000000006
0.846938775510204,3.5,39.75
0.8673469387755102,1.5,21.85
0.8673469387755102,1.5408163265306123,21.900000000000002
0.8673469387755102,1.5816326530612246,21.900000000000002
0.8673469387755102,1.6224489795918366,21.85
0.8673469387755102,1.663265306122449,23.200000000000003
0.8673469387755102,1.7040816326530612,23.400000000000002
0.8673469387755102,1.7448979591836735,23.400000000000002
0.8673469387755102,1.7857142857142856,23.35
0.8673469387755102,1.8265306122448979,23.200000000000003
0.8673469387755102,1.8673469387755102,24.75
0.8673469387755102,1.9081632653061225,24.75
0.8673469387755102,1.9489795918367347,25.900000000000002
0.8673469387755102,1.989795918367347,26.1
0.8673469387755102,2.0306122448979593,25.900000000000002
0.8673469387755102,2.071428571428571,27.400000000000002
0.8673469387755102,2.1122448979591835,28.75
0.8673469387755102,2.1530612244897958,31.6
0.8673469387755102,2.193877551020408,49.95
0.8673469387755102,2.2346938775510203,46.150000000000006
0.8673469387755102,2.2755102040816326,43.95
0.8673469387755102,2.316326530612245,42.900000000000006
0.8673469387755102,2.357142857142857,41.7
0.8673469387755102,2.3979591836734695,40.75
0.8673469387755102,2.4387755102040813,40.150000000000006
0.8673469387755102,2.479591836734694,39.7
0.8673469387755102,2.520408163265306,47.050000000000004
0.8673469387755102,2.561224489795918,46.900000000000006
0.8673469387755102,2.6020408163265305,46.6
0.8673469387755102,2.642857142857143,46.2
0.8673469387755102,2.683673469387755,45.5
0.8673469387755102,2.724489795918367,45.2
0.8673469387755102,2.7653061224489797,44.900000000000006
0.8673469387755102,2.8061224489795915,44.550000000000004
0.8673469387755102,2.8469387755102042,43.85
0.8673469387755102,2.887755102040816,43.6
0.8673469387755102,2.9285714285714284,43.300000000000004
0.8673469387755102,2.9693877551020407,43.050000000000004
0.8673469387755102,3.010204081632653,42.45
0.8673469387755102,3.0510204081632653,42.150000000000006
0.8673469387755102,3.091836734693877,41.900000000000006
0.8673469387755102,3.13265306122449,41.650000000000006
0.8673469387755102,3.1734693877551017,41.400000000000006
0.8673469387755102,3.2142857142857144,41.150000000000006
0.8673469387755102,3.2551020408163263,40.6
0.8673469387755102,3.2959183673469385,40.400000000000006
0.8673469387755102,3.336734693877551,40.2
0.8673469387755102,3.377551020408163,40.050000000000004
0.8673469387755102,3.4183673469387754,39.85
0.8673469387755102,3.4591836734693877,39.7
0.8673469387755102,3.5,39.5
0.8877551020408163,1.5,21.85
0.8877551020408163,1.5408163265306123,21.85
0.8877551020408163,1.5816326530612246,21.85
0.8877551020408163,1.6224489795918366,21.8
0.8877551020408163,1.663265306122449,23.25
0.8877551020408163,1.7040816326530612,23.35
0.8877551020408163,1.7448979591836735,23.35
0.8877551020408163,1.7857142857142856,23.25
0.8877551020408163,1.8265306122448979,24.650000000000002
0.8877551020408163,1.8673469387755102,24.75
0.8877551020408163,1.9081632653061225,24.650000000000002
0.8877551020408163,1.9489795918367347,26.1
0.8877551020408163,1.989795918367347,26.0
0.8877551020408163,2.0306122448979593,27.450000000000003
0.8877551020408163,2.071428571428571,28.8
0.8877551020408163,2.1122448979591835,30.1
0.8877551020408163,2.1530612244897958,9.700000000000001
0.8877551020408163,2.193877551020408,46.900000000000006
0.8877551020408163,2.2346938775510203,44.7
0.8877551020408163,2.2755102040816326,43.2
0.8877551020408163,2.316326530612245,41.95
0.8877551020408163,2.357142857142857,41.300000000000004
0.8877551020408163,2.3979591836734695,40.25
0.8877551020408163,2.4387755102040813,39.800000000000004
0.8877551020408163,2.479591836734694,41.900000000000006
0.8877551020408163,2.520408163265306,46.900000000000006
0.8877551020408163,2.561224489795918,46.650000000000006
0.8877551020408163,2.6020408163265305,46.300000000000004
0.8877551020408163,2.642857142857143,45.5
0.8877551020408163,2.683673469387755,45.25
0.8877551020408163,2.724489795918367,44.95
0.8877551020408163,2.7653061224489797,44.550000000000004
0.8877551020408163,2.8061224489795915,43.900000000000006
0.8877551020408163,2.8469387755102042,43.6
0.8877551020408163,2.887755102040816,43.35
0.8877551020408163,2.9285714285714284,43.050000000000004
0.8877551020408163,2.9693877551020407,42.45
0.8877551020408163,3.010204081632653,42.150000000000006
0.8877551020408163,3.0510204081632653,41.900000000000006
0.8877551020408163,3.091836734693877,41.650000000000006
0.8877551020408163,3.13265306122449,41.400000000000006
0.8877551020408163,3.1734693877551017,41.150000000000006
0.8877551020408163,3.2142857142857144,40.6
0.8877551020408163,3.2551020408163263,40.400000000000006
0.8877551020408163,3.2959183673469385,40.2
0.8877551020408163,3.336734693877551,40.0
0.8877551020408163,3.377551020408163,39.85
0.8877551020408163,3.4183673469387754,39.7
0.8877551020408163,3.4591836734693877,39.25
0.8877551020408163,3.5,38.95
0.9081632653061225,1.5,21.8
0.9081632653061225,1.5408163265306123,21.85
0.9081632653061225,1.5816326530612246,21.8
0.9081632653061225,1.6224489795918366,21.75
0.9081632653061225,1.663265306122449,23.3
0.9081632653061225,1.7040816326530612,23.35
0.9081632653061225,1.7448979591836735,23.3
0.9081632653061225,1.7857142857142856,23.150000000000002
0.9081632653061225,1.8265306122448979,24.700000000000003
0.9081632653061225,1.8673469387755102,24.700000000000003
0.9081632653061225,1.9081632653061225,24.5
0.9081632653061225,1.9489795918367347,26.05
0.9081632653061225,1.989795918367347,25.8
0.9081632653061225,2.0306122448979593,27.25
0.9081632653061225,2.071428571428571,28.6
0.9081632653061225,2.1122448979591835,33.0
0.9081632653061225,2.1530612244897958,48.5
0.9081632653061225,2.193877551020408,45.300000000000004
0.9081632653061225,2.2346938775510203,43.550000000000004
0.9081632653061225,2.2755102040816326,42.25
0.9081632653061225,2.316326530612245,41.5
0.9081632653061225,2.357142857142857,40.45
0.9081632653061225,2.3979591836734695,39.95
0.9081632653061225,2.4387755102040813,39.1
0.9081632653061225,2.479591836734694,46.900000000000006
0.9081632653061225,2.520408163265306,40.85
0.9081632653061225,2.561224489795918,46.35
0.9081632653061225,2.6020408163265305,45.550000000000004
0.9081632653061225,2.642857142857143,45.300000000000004
0.9081632653061225,2.683673469387755,45.0
0.9081632653061225,2.724489795918367,44.650000000000006
0.9081632653061225,2.7653061224489797,43.900000000000006
0.9081632653061225,2.8061224489795915,43.650000000000006
0.9081632653061225,2.8469387755102042,43.35
0.9081632653061225,2.887755102040816,43.1
0.9081632653061225,2.9285714285714284,42.75
0.9081632653061225,2.9693877551020407,42.2
0.9081632653061225,3.010204081632653,41.95
0.9081632653061225,3.0510204081632653,41.650000000000006
0.9081632653061225,3.091836734693877,41.45
0.9081632653061225,3.13265306122449,41.150000000000006
0.9081632653061225,3.1734693877551017,40.6
0.9081632653061225,3.2142857142857144,40.400000000000006
0.9081632653061225,3.2551020408163263,40.2
0.9081632653061225,3.2959183673469385,40.0
0.9081632653061225,3.336734693877551,39.85
0.9081632653061225,3.377551020408163,39.7
0.9081632653061225,3.4183673469387754,39.2
0.9081632653061225,3.4591836734693877,38.95
0.9081632653061225,3.5,38.75
0.9285714285714286,1.5,21.8
0.9285714285714286,1.5408163265306123,21.8
0.9285714285714286,1.5816326530612246,21.75
0.9285714285714286,1.6224489795918366,23.1
0.9285714285714286,1.663265306122449,23.3
0.9285714285714286,1.7040816326530612,23.3
0.9285714285714286,1.7448979591836735,23.200000000000003
0.9285714285714286,1.7857142857142856,24.55
0.9285714285714286,1.8265306122448979,24.700000000000003
0.9285714285714286,1.8673469387755102,24.6
0.9285714285714286,1.9081632653061225,26.05
0.9285714285714286,1.9489795918367347,25.950000000000003
0.9285714285714286,1.989795918367347,27.400000000000002
0.9285714285714286,2.0306122448979593,28.700000000000003
0.9285714285714286,2.071428571428571,30.0
0.9285714285714286,2.1122448979591835,51.85
0.9285714285714286,2.1530612244897958,46.400000000000006
0.9285714285714286,2.193877551020408,44.400000000000006
0.9285714285714286,2.2346938775510203,42.95
0.9285714285714286,2.2755102040816326,41.7
0.9285714285714286,2.316326530612245,40.7
0.9285714285714286,2.357142857142857,40.1
0.9285714285714286,2.3979591836734695,39.6
0.9285714285714286,2.4387755102040813,38.75
0.9285714285714286,2.479591836734694,40.85
0.9285714285714286,2.520408163265306,46.400000000000006
0.9285714285714286,2.561224489795918,45.6
0.9285714285714286,2.6020408163265305,45.35
0.9285714285714286,2.642857142857143,45.050000000000004
0.9285714285714286,2.683673469387755,44.7
0.9285714285714286,2.724489795918367,43.95
0.9285714285714286,2.7653061224489797,43.7
0.9285714285714286,2.8061224489795915,43.400000000000006
0.9285714285714286,2.8469387755102042,43.150000000000006
0.9285714285714286,2.887755102040816,42.800000000000004
0.9285714285714286,2.9285714285714284,42.2
0.9285714285714286,2.9693877551020407,41.95
0.9285714285714286,3.010204081632653,41.7
0.9285714285714286,3.0510204081632653,41.45
0.9285714285714286,3.091836734693877,41.2
0.9285714285714286,3.13265306122449,40.650000000000006
0.9285714285714286,3.1734693877551017,40.400000000000006
0.9285714285714286,3.2142857142857144,40.2
0.9285714285714286,3.2551020408163263,40.0
0.9285714285714286,3.2959183673469385,39.85
0.9285714285714286,3.336734693877551,39.650000000000006
0.9285714285714286,3.377551020408163,39.2
0.9285714285714286,3.4183673469387754,38.95
0.9285714285714286,3.4591836734693877,38.75
0.9285714285714286,3.5,38.550000000000004
0.9489795918367346,1.5,21.75
0.9489795918367346,1.5408163265306123,21.75
0.9489795918367346,1.5816326530612246,21.700000000000003
0.9489795918367346,1.6224489795918366,23.200000000000003
0.9489795918367346,1.663265306122449,23.3
0.9489795918367346,1.7040816326530612,23.25
0.9489795918367346,1.7448979591836735,23.150000000000002
0.9489795918367346,1.7857142857142856,24.6
0.9489795918367346,1.8265306122448979,24.650000000000002
0.9489795918367346,1.8673469387755102,24.450000000000003
0.9489795918367346,1.9081632653061225,26.0
0.9489795918367346,1.9489795918367347,25.75
0.9489795918367346,1.989795918367347,27.200000000000003
0.9489795918367346,2.0306122448979593,28.5
0.9489795918367346,2.071428571428571,9.700000000000001
0.9489795918367346,2.1122448979591835,47.95
0.9489795918367346,2.1530612244897958,44.95
0.9489795918367346,2.193877551020408,43.300000000000004
0.9489795918367346,2.2346938775510203,42.0
0.9489795918367346,2.2755102040816326,41.300000000000004
0.9489795918367346,2.316326530612245,40.25
0.9489795918367346,2.357142857142857,39.75
0.9489795918367346,2.3979591836734695,38.900000000000006
0.9489795918367346,2.4387755102040813,38.5
0.9489795918367346,2.479591836734694,46.45
0.9489795918367346,2.520408163265306,45.6
0.9489795918367346,2.561224489795918,45.400000000000006
0.9489795918367346,2.6020408163265305,45.1
0.9489795918367346,2.642857142857143,44.800000000000004
0.9489795918367346,2.683673469387755,44.050000000000004
0.9489795918367346,2.724489795918367,43.75
0.9489795918367346,2.7653061224489797,43.45
0.9489795918367346,2.8061224489795915,43.2
0.9489795918367346,2.8469387755102042,42.900000000000006
0.9489795918367346,2.887755102040816,42.25
0.9489795918367346,2.9285714285714284,42.0
0.9489795918367346,2.9693877551020407,41.75
0.9489795918367346,3.010204081632653,41.5
0.9489795918367346,3.0510204081632653,41.2
0.9489795918367346,3.091836734693877,40.650000000000006
0.9489795918367346,3.13265306122449,40.45
0.9489795918367346,3.1734693877551017,40.2
0.9489795918367346,3.2142857142857144,40.0
0.9489795918367346,3.2551020408163263,39.85
0.9489795918367346,3.2959183673469385,39.650000000000006
0.9489795918367346,3.336734693877551,39.2
0.9489795918367346,3.377551020408163,38.95
0.9489795918367346,3.4183673469387754,38.75
0.9489795918367346,3.4591836734693877,38.550000000000004
0.9489795918367346,3.5,38.400000000000006
0.9693877551020408,1.5,21.75
0.9693877551020408,1.5408163265306123,21.700000000000003
0.9693877551020408,1.5816326530612246,21.650000000000002
0.9693877551020408,1.6224489795918366,23.200000000000003
0.9693877551020408,1.663265306122449,23.25
0.9693877551020408,1.7040816326530612,23.200000000000003
0.9693877551020408,1.7448979591836735,23.05
0.9693877551020408,1.7857142857142856,24.6
0.9693877551020408,1.8265306122448979,24.55
0.9693877551020408,1.8673469387755102,25.950000000000003
0.9693877551020408,1.9081632653061225,25.900000000000002
0.9693877551020408,1.9489795918367347,27.3
0.9693877551020408,1.989795918367347,28.6
0.9693877551020408,2.0306122448979593,29.900000000000002
0.9693877551020408,2.071428571428571,50.900000000000006
0.9693877551020408,2.1122448979591835,46.150000000000006
0.9693877551020408,2.1530612244897958,43.800000000000004
0.9693877551020408,2.193877551020408,42.45
0.9693877551020408,2.2346938775510203,41.550000000000004
0.9693877551020408,2.2755102040816326,40.5
0.9693877551020408,2.316326530612245,39.95
0.9693877551020408,2.357142857142857,39.1
0.9693877551020408,2.3979591836734695,38.6
0.9693877551020408,2.4387755102040813,40.75
0.9693877551020408,2.479591836734694,45.6
0.9693877551020408,2.520408163265306,45.45
0.9693877551020408,2.561224489795918,45.2
0.9693877551020408,2.6020408163265305,44.85
0.9693877551020408,2.642857142857143,44.45
0.9693877551020408,2.683673469387755,43.800000000000004
0.9693877551020408,2.724489795918367,43.550000000000004
0.9693877551020408,2.7653061224489797,43.25
0.9693877551020408,2.8061224489795915,42.95
0.9693877551020408,2.8469387755102042,42.300000000000004
0.9693877551020408,2.887755102040816,42.050000000000004
0.9693877551020408,2.9285714285714284,41.800000000000004
0.9693877551020408,2.9693877551020407,41.5
0.9693877551020408,3.010204081632653,41.25
0.9693877551020408,3.0510204081632653,40.7
0.9693877551020408,3.091836734693877,40.45
0.9693877551020408,3.13265306122449,40.25
0.9693877551020408,3.1734693877551017,40.050000000000004
0.9693877551020408,3.2142857142857144,39.85
0.9693877551020408,3.2551020408163263,39.7
0.9693877551020408,3.2959183673469385,39.2
0.9693877551020408,3.336734693877551,38.95
0.9693877551020408,3.377551020408163,38.75
0.9693877551020408,3.4183673469387754,38.550000000000004
0.9693877551020408,3.4591836734693877,38.400000000000006
0.9693877551020408,3.5,38.25
0.9897959183673469,1.5,21.700000000000003
0.9897959183673469,1.5408163265306123,21.650000000000002
0.9897959183673469,1.5816326530612246,23.0
0.9897959183673469,1.6224489795918366,23.200000000000003
0.9897959183673469,1.663265306122449,23.200000000000003
0.9897959183673469,1.7040816326530612,23.1
0.9897959183673469,1.7448979591836735,24.5
0.9897959183673469,1.7857142857142856,24.6
0.9897959183673469,1.8265306122448979,24.400000000000002
0.9897959183673469,1.8673469387755102,25.950000000000003
0.9897959183673469,1.9081632653061225,25.700000000000003
0.9897959183673469,1.9489795918367347,27.150000000000002
0.9897959183673469,1.989795918367347,28.450000000000003
0.9897959183673469,2.0306122448979593,9.65
0.9897959183673469,2.071428571428571,47.650000000000006
0.9897959183673469,2.1122448979591835,44.800000000000004
0.9897959183673469,2.1530612244897958,43.150000000000006
0.9897959183673469,2.193877551020408,41.85
0.9897959183673469,2.2346938775510203,40.85
0.9897959183673469,2.2755102040816326,40.150000000000006
0.9897959183673469,2.316326530612245,39.650000000000006
0.9897959183673469,2.357142857142857,38.75
0.9897959183673469,2.3979591836734695,38.35
0.9897959183673469,2.4387755102040813,45.45
0.9897959183673469,2.479591836734694,45.5
0.9897959183673469,2.520408163265306,45.25
0.9897959183673469,2.561224489795918,44.95
0.9897959183673469,2.6020408163265305,44.550000000000004
0.9897959183673469,2.642857142857143,43.85
0.9897959183673469,2.683673469387755,43.6
0.9897959183673469,2.724489795918367,43.300000000000004
0.9897959183673469,2.7653061224489797,43.0
0.9897959183673469,2.8061224489795915,42.35
0.9897959183673469,2.8469387755102042,42.1
0.9897959183673469,2.887755102040816,41.85
0.9897959183673469,2.9285714285714284,41.550000000000004
0.9897959183673469,2.9693877551020407,41.300000000000004
0.9897959183673469,3.010204081632653,40.7
0.9897959183673469,3.0510204081632653,40.5
0.9897959183673469,3.091836734693877,40.25
0.9897959183673469,3.13265306122449,40.050000000000004
0.9897959183673469,3.1734693877551017,39.85
0.9897959183673469,3.2142857142857144,39.7
0.9897959183673469,3.2551020408163263,39.2
0.9897959183673469,3.2959183673469385,38.95
0.9897959183673469,3.336734693877551,38.75
0.9897959183673469,3.377551020408163,38.550000000000004
0.9897959183673469,3.4183673469387754,38.400000000000006
0.9897959183673469,3.4591836734693877,38.25
0.9897959183673469,3.5,38.1
1.010204081632653,1.5,21.650000000000002
1.010204081632653,1.5408163265306123,21.6
1.010204081632653,1.5816326530612246,23.1
1.010204081632653,1.6224489795918366,23.200000000000003
1.010204081632653,1.663265306122449,23.150000000000002
1.010204081632653,1.7040816326530612,23.0
1.010204081632653,1.7448979591836735,24.55
1.010204081632653,1.7857142857142856,24.5
1.010204081632653,1.8265306122448979,25.8
1.010204081632653,1.8673469387755102,25.85
1.010204081632653,1.9081632653061225,27.25
1.010204081632653,1.9489795918367347,28.450000000000003
1.010204081632653,1.989795918367347,29.85
1.010204081632653,2.0306122448979593,50.2
1.010204081632653,2.071428571428571,45.95
1.010204081632653,2.1122448979591835,43.650000000000006
1.010204081632653,2.1530612244897958,42.25
1.010204081632653,2.193877551020408,41.45
1.010204081632653,2.2346938775510203,40.35
1.010204081632653,2.2755102040816326,39.85
1.010204081632653,2.316326530612245,38.95
1.010204081632653,2.357142857142857,38.5
1.010204081632653,2.3979591836734695,40.650000000000006
1.010204081632653,2.4387755102040813,45.5
1.010204081632653,2.479591836734694,45.300000000000004
1.010204081632653,2.520408163265306,45.050000000000004
1.010204081632653,2.561224489795918,44.7
1.010204081632653,2.6020408163265305,43.95
1.010204081632653,2.642857142857143,43.650000000000006
1.010204081632653,2.683673469387755,43.400000000000006
1.010204081632653,2.724489795918367,43.1
1.010204081632653,2.7653061224489797,42.45
1.010204081632653,2.8061224489795915,42.150000000000006
1.010204081632653,2.8469387755102042,41.900000000000006
1.010204081632653,2.887755102040816,41.650000000000006
1.010204081632653,2.9285714285714284,41.35
1.010204081632653,2.9693877551020407,40.75
1.010204081632653,3.010204081632653,40.5
1.010204081632653,3.0510204081632653,40.300000000000004
1.010204081632653,3.091836734693877,40.1
1.010204081632653,3.13265306122449,39.900000000000006
1.010204081632653,3.1734693877551017,39.7
1.010204081632653,3.2142857142857144,39.25
1.010204081632653,3.2551020408163263,39.0
1.010204081632653,3.2959183673469385,38.75
1.010204081632653,3.336734693877551,38.550000000000004
1.010204081632653,3.377551020408163,38.400000000000006
1.010204081632653,3.4183673469387754,38.25
1.010204081632653,3.4591836734693877,38.1
1.010204081632653,3.5,37.85
1.030612244897959,1.5,21.650000000000002
1.030612244897959,1.5408163265306123,21.55
1.030612244897959,1.5816326530612246,23.1
1.030612244897959,1.6224489795918366,23.150000000000002
1.030612244897959,1.663265306122449,23.1
1.030612244897959,1.7040816326530612,24.3
1.030612244897959,1.7448979591836735,24.55
1.030612244897959,1.7857142857142856,24.400000000000002
1.030612244897959,1.8265306122448979,25.900000000000002
1.030612244897959,1.8673469387755102,25.700000000000003
1.030612244897959,1.9081632653061225,27.1
1.030612244897959,1.9489795918367347,28.400000000000002
1.030612244897959,1.989795918367347,9.65
1.030612244897959,2.0306122448979593,47.550000000000004
1.030612244897959,2.071428571428571,44.7
1.030612244897959,2.1122448979591835,43.1
1.030612244897959,2.1530612244897958,41.75
1.030612244897959,2.193877551020408,40.7
1.030612244897959,2.2346938775510203,40.050000000000004
1.030612244897959,2.2755102040816326,39.2
1.030612244897959,2.316326530612245,38.650000000000006
1.030612244897959,2.357142857142857,38.300000000000004
1.030612244897959,2.3979591836734695,40.550000000000004
1.030612244897959,2.4387755102040813,45.35
1.030612244897959,2.479591836734694,45.1
1.030612244897959,2.520408163265306,44.800000000000004
1.030612244897959,2.561224489795918,44.0
1.030612244897959,2.6020408163265305,43.75
1.030612244897959,2.642857142857143,43.45
1.030612244897959,2.683673469387755,43.150000000000006
1.030612244897959,2.724489795918367,42.800000000000004
1.030612244897959,2.7653061224489797,42.2
1.030612244897959,2.8061224489795915,41.95
1.030612244897959,2.8469387755102042,41.7
1.030612244897959,2.887755102040816,41.400000000000006
1.030612244897959,2.9285714285714284,40.85
1.030612244897959,2.9693877551020407,40.550000000000004
1.030612244897959,3.010204081632653,40.35
1.030612244897959,3.0510204081632653,40.1
1.030612244897959,3.091836734693877,39.900000000000006
1.030612244897959,3.13265306122449,39.75
1.030612244897959,3.1734693877551017,39.5
1.030612244897959,3.2142857142857144,39.0
1.030612244897959,3.2551020408163263,38.800000000000004
1.030612244897959,3.2959183673469385,38.6
1.030612244897959,3.336734693877551,38.400000000000006
1.030612244897959,3.377551020408163,38.25
1.030612244897959,3.4183673469387754,38.1
1.030612244897959,3.4591836734693877,37.85
1.030612244897959,3.5,37.45
1.0510204081632653,1.5,21.6
1.0510204081632653,1.5408163265306123,22.85
1.0510204081632653,1.5816326530612246,23.150000000000002
1.0510204081632653,1.6224489795918366,23.1
1.0510204081632653,1.663265306122449,23.0
1.0510204081632653,1.7040816326530612,24.450000000000003
1.0510204081632653,1.7448979591836735,24.5
1.0510204081632653,1.7857142857142856,24.3
1.0510204081632653,1.8265306122448979,25.8
1.0510204081632653,1.8673469387755102,27.1
1.0510204081632653,1.9081632653061225,26.900000000000002
1.0510204081632653,1.9489795918367347,29.85
1.0510204081632653,1.989795918367347,50.7
1.0510204081632653,2.0306122448979593,45.900000000000006
1.0510204081632653,2.071428571428571,43.6
1.0510204081632653,2.1122448979591835,42.2
1.0510204081632653,2.1530612244897958,41.35
1.0510204081632653,2.193877551020408,40.300000000000004
1.0510204081632653,2.2346938775510203,39.75
1.0510204081632653,2.2755102040816326,38.85
1.0510204081632653,2.316326530612245,38.400000000000006
1.0510204081632653,2.357142857142857,40.550000000000004
1.0510204081632653,2.3979591836734695,45.35
1.0510204081632653,2.4387755102040813,45.2
1.0510204081632653,2.479591836734694,44.900000000000006
1.0510204081632653,2.520408163265306,44.45
1.0510204081632653,2.561224489795918,43.800000000000004
1.0510204081632653,2.6020408163265305,43.550000000000004
1.0510204081632653,2.642857142857143,43.25
1.0510204081632653,2.683673469387755,42.95
1.0510204081632653,2.724489795918367,42.300000000000004
1.0510204081632653,2.7653061224489797,42.050000000000004
1.0510204081632653,2.8061224489795915,41.75
1.0510204081632653,2.8469387755102042,41.5
1.0510204081632653,2.887755102040816,41.150000000000006
1.0510204081632653,2.9285714285714284,40.6
1.0510204081632653,2.9693877551020407,40.400000000000006
1.0510204081632653,3.010204081632653,40.150000000000006
1.0510204081632653,3.0510204081632653,39.95
1.0510204081632653,3.091836734693877,39.75
1.0510204081632653,3.13265306122449,39.550000000000004
1.0510204081632653,3.1734693877551017,39.050000000000004
1.0510204081632653,3.2142857142857144,38.800000000000004
1.0510204081632653,3.2551020408163263,38.6
1.0510204081632653,3.2959183673469385,38.45
1.0510204081632653,3.336734693877551,38.25
1.0510204081632653,3.377551020408163,38.1
1.0510204081632653,3.4183673469387754,37.9
1.0510204081632653,3.4591836734693877,37.45
1.0510204081632653,3.5,37.300000000000004
1.0714285714285714,1.5,21.55
1.0714285714285714,1.5408163265306123,23.0
1.0714285714285714,1.5816326530612246,23.1
1.0714285714285714,1.6224489795918366,23.05
1.0714285714285714,1.663265306122449,22.900000000000002
1.0714285714285714,1.7040816326530612,24.5
1.0714285714285714,1.7448979591836735,24.400000000000002
1.0714285714285714,1.7857142857142856,25.8
1.0714285714285714,1.8265306122448979,25.700000000000003
1.0714285714285714,1.8673469387755102,27.05
1.0714285714285714,1.9081632653061225,28.400000000000002
1.0714285714285714,1.9489795918367347,9.65
1.0714285714285714,1.989795918367347,47.7
1.0714285714285714,2.0306122448979593,44.7
1.0714285714285714,2.071428571428571,43.050000000000004
1.0714285714285714,2.1122448979591835,41.75
1.0714285714285714,2.1530612244897958,40.650000000000006
1.0714285714285714,2.193877551020408,40.0
1.0714285714285714,2.2346938775510203,39.1
1.0714285714285714,2.2755102040816326,38.6
1.0714285714285714,2.316326530612245,38.2
1.0714285714285714,2.357142857142857,40.45
1.0714285714285714,2.3979591836734695,45.25
1.0714285714285714,2.4387755102040813,45.0
1.0714285714285714,2.479591836734694,44.650000000000006
1.0714285714285714,2.520408163265306,43.900000000000006
1.0714285714285714,2.561224489795918,43.650000000000006
1.0714285714285714,2.6020408163265305,43.35
1.0714285714285714,2.642857142857143,43.050000000000004
1.0714285714285714,2.683673469387755,42.35
1.0714285714285714,2.724489795918367,42.1
1.0714285714285714,2.7653061224489797,41.85
1.0714285714285714,2.8061224489795915,41.550000000000004
1.0714285714285714,2.8469387755102042,41.25
1.0714285714285714,2.887755102040816,40.7
1.0714285714285714,2.9285714285714284,40.45
1.0714285714285714,2.9693877551020407,40.2
1.0714285714285714,3.010204081632653,40.0
1.0714285714285714,3.0510204081632653,39.800000000000004
1.0714285714285714,3.091836734693877,39.6
1.0714285714285714,3.13265306122449,39.1
1.0714285714285714,3.1734693877551017,38.85
1.0714285714285714,3.2142857142857144,38.650000000000006
1.0714285714285714,3.2551020408163263,38.45
1.0714285714285714,3.2959183673469385,38.300000000000004
1.0714285714285714,3.336734693877551,38.1
1.0714285714285714,3.377551020408163,37.9
1.0714285714285714,3.4183673469387754,37.45
1.0714285714285714,3.4591836734693877,37.300000000000004
1.0714285714285714,3.5,37.2
1.0918367346938775,1.5,21.5
1.0918367346938775,1.5408163265306123,23.05
1.0918367346938775,1.5816326530612246,23.1
1.0918367346938775,1.6224489795918366,23.0
1.0918367346938775,1.663265306122449,24.200000000000003
1.0918367346938775,1.7040816326530612,24.450000000000003
1.0918367346938775,1.7448979591836735,24.3
1.0918367346938775,1.7857142857142856,25.75
1.0918367346938775,1.8265306122448979,25.55
1.0918367346938775,1.8673469387755102,26.950000000000003
1.0918367346938775,1.9081632653061225,29.75
1.0918367346938775,1.9489795918367347,51.400000000000006
1.0918367346938775,1.989795918367347,46.050000000000004
1.0918367346938775,2.0306122448979593,43.650000000000006
1.0918367346938775,2.071428571428571,42.2
1.0918367346938775,2.1122448979591835,41.35
1.0918367346938775,2.1530612244897958,40.25
1.0918367346938775,2.193877551020408,39.7
1.0918367346938775,2.2346938775510203,38.800000000000004
1.0918367346938775,2.2755102040816326,38.35
1.0918367346938775,2.316326530612245,40.45
1.0918367346938775,2.357142857142857,45.2
1.0918367346938775,2.3979591836734695,45.1
1.0918367346938775,2.4387755102040813,44.75
1.0918367346938775,2.479591836734694,44.0
1.0918367346938775,2.520408163265306,43.75
1.0918367346938775,2.561224489795918,43.45
1.0918367346938775,2.6020408163265305,43.150000000000006
1.0918367346938775,2.642857142857143,42.45
1.0918367346938775,2.683673469387755,42.2
1.0918367346938775,2.724489795918367,41.95
1.0918367346938775,2.7653061224489797,41.650000000000006
1.0918367346938775,2.8061224489795915,41.35
1.0918367346938775,2.8469387755102042,40.75
1.0918367346938775,2.887755102040816,40.5
1.0918367346938775,2.9285714285714284,40.25
1.0918367346938775,2.9693877551020407,40.050000000000004
1.0918367346938775,3.010204081632653,39.85
1.0918367346938775,3.0510204081632653,39.650000000000006
1.0918367346938775,3.091836734693877,39.150000000000006
1.0918367346938775,3.13265306122449,38.900000000000006
1.0918367346938775,3.1734693877551017,38.7
1.0918367346938775,3.2142857142857144,38.5
1.0918367346938775,3.2551020408163263,38.300000000000004
1.0918367346938775,3.2959183673469385,38.15
1.0918367346938775,3.336734693877551,37.95
1.0918367346938775,3.377551020408163,37.45
1.0918367346938775,3.4183673469387754,37.300000000000004
1.0918367346938775,3.4591836734693877,37.2
1.0918367346938775,3.5,37.1
1.1122448979591835,1.5,21.450000000000003
1.1122448979591835,1.5408163265306123,23.05
1.1122448979591835,1.5816326530612246,23.05
1.1122448979591835,1.6224489795918366,22.900000000000002
1.1122448979591835,1.663265306122449,24.400000000000002
1.1122448979591835,1.7040816326530612,24.400000000000002
1.1122448979591835,1.7448979591836735,24.150000000000002
1.1122448979591835,1.7857142857142856,25.700000000000003
1.1122448979591835,1.8265306122448979,27.0
1.1122448979591835,1.8673469387755102,28.25
1.1122448979591835,1.9081632653061225,31.150000000000002
1.1122448979591835,1.9489795918367347,48.0
1.1122448979591835,1.989795918367347,44.800000000000004
1.1122448979591835,2.0306122448979593,43.1
1.1122448979591835,2.071428571428571,41.75
1.1122448979591835,2.1122448979591835,40.6
1.1122448979591835,2.1530612244897958,39.95
1.1122448979591835,2.193877551020408,39.050000000000004
1.1122448979591835,2.2346938775510203,38.550000000000004
1.1122448979591835,2.2755102040816326,38.15
1.1122448979591835,2.316326530612245,40.400000000000006
1.1122448979591835,2.357142857142857,45.1
1.1122448979591835,2.3979591836734695,44.900000000000006
1.1122448979591835,2.4387755102040813,44.050000000000004
1.1122448979591835,2.479591836734694,43.800000000000004
1.1122448979591835,2.520408163265306,43.550000000000004
1.1122448979591835,2.561224489795918,43.25
1.1122448979591835,2.6020408163265305,42.900000000000006
1.1122448979591835,2.642857142857143,42.25
1.1122448979591835,2.683673469387755,42.0
1.1122448979591835,2.724489795918367,41.75
1.1122448979591835,2.7653061224489797,41.45
1.1122448979591835,2.8061224489795915,40.85
1.1122448979591835,2.8469387755102042,40.550000000000004
1.1122448979591835,2.887755102040816,40.35
1.1122448979591835,2.9285714285714284,40.1
1.1122448979591835,2.9693877551020407,39.900000000000006
1.1122448979591835,3.010204081632653,39.7
1.1122448979591835,3.0510204081632653,39.2
1.1122448979591835,3.091836734693877,38.95
1.1122448979591835,3.13265306122449,38.7
1.1122448979591835,3.1734693877551017,38.5
1.1122448979591835,3.2142857142857144,38.35
1.1122448979591835,3.2551020408163263,38.15
1.1122448979591835,3.2959183673469385,37.95
1.1122448979591835,3.336734693877551,37.5
1.1122448979591835,3.377551020408163,37.300000000000004
1.1122448979591835,3.4183673469387754,37.2
1.1122448979591835,3.4591836734693877,37.1
1.1122448979591835,3.5,37.0
1.1326530612244898,1.5,22.8
1.1326530612244898,1.5408163265306123,23.05
1.1326530612244898,1.5816326530612246,23.0
1.1326530612244898,1.6224489795918366,22.85
1.1326530612244898,1.663265306122449,24.400000000000002
1.1326530612244898,1.7040816326530612,24.3
1.1326530612244898,1.7448979591836735,25.700000000000003
1.1326530612244898,1.7857142857142856,25.55
1.1326530612244898,1.8265306122448979,26.900000000000002
1.1326530612244898,1.8673469387755102,28.200000000000003
1.1326530612244898,1.9081632653061225,9.55
1.1326530612244898,1.9489795918367347,46.300000000000004
1.1326530612244898,1.989795918367347,43.75
1.1326530612244898,2.0306122448979593,42.25
1.1326530612244898,2.071428571428571,41.35
1.1326530612244898,2.1122448979591835,40.25
1.1326530612244898,2.1530612244897958,39.7
1.1326530612244898,2.193877551020408,38.75
1.1326530612244898,2.2346938775510203,38.35
1.1326530612244898,2.2755102040816326,37.6
1.1326530612244898,2.316326530612245,40.25
1.1326530612244898,2.357142857142857,44.95
1.1326530612244898,2.3979591836734695,44.6
1.1326530612244898,2.4387755102040813,43.900000000000006
1.1326530612244898,2.479591836734694,43.650000000000006
1.1326530612244898,2.520408163265306,43.35
1.1326530612244898,2.561224489795918,43.050000000000004
1.1326530612244898,2.6020408163265305,42.35
1.1326530612244898,2.642857142857143,42.1
1.1326530612244898,2.683673469387755,41.85
1.1326530612244898,2.724489795918367,41.550000000000004
1.1326530612244898,2.7653061224489797,41.25
1.1326530612244898,2.8061224489795915,40.650000000000006
1.1326530612244898,2.8469387755102042,40.400000000000006
1.1326530612244898,2.887755102040816,40.150000000000006
1.1326530612244898,2.9285714285714284,39.95
1.1326530612244898,2.9693877551020407,39.75
1.1326530612244898,3.010204081632653,39.300000000000004
1.1326530612244898,3.0510204081632653,39.0
1.1326530612244898,3.091836734693877,38.75
1.1326530612244898,3.13265306122449,38.550000000000004
1.1326530612244898,3.1734693877551017,38.35
1.1326530612244898,3.2142857142857144,38.2
1.1326530612244898,3.2551020408163263,38.0
1.1326530612244898,3.2959183673469385,37.5
1.1326530612244898,3.336734693877551,37.300000000000004
1.1326530612244898,3.377551020408163,37.2
1.1326530612244898,3.4183673469387754,37.1
1.1326530612244898,3.4591836734693877,37.0
1.1326530612244898,3.5,36.9
1.1530612244897958,1.5,22.900000000000002
1.1530612244897958,1.5408163265306123,23.0
1.1530612244897958,1.5816326530612246,22.900000000000002
1.1530612244897958,1.6224489795918366,22.75
1.1530612244897958,1.663265306122449,24.35
1.1530612244897958,1.7040816326530612,24.200000000000003
1.1530612244897958,1.7448979591836735,25.650000000000002
1.1530612244897958,1.7857142857142856,25.400000000000002
1.1530612244897958,1.8265306122448979,26.8
1.1530612244897958,1.8673469387755102,29.55
1.1530612244897958,1.9081632653061225,48.6
1.1530612244897958,1.9489795918367347,45.0
1.1530612244897958,1.989795918367347,43.2
1.1530612244897958,2.0306122448979593,41.800000000000004
1.1530612244897958,2.071428571428571,40.650000000000006
1.1530612244897958,2.1122448979591835,39.95
1.1530612244897958,2.1530612244897958,39.050000000000004
1.1530612244897958,2.193877551020408,38.5
1.1530612244897958,2.2346938775510203,38.1
1.1530612244897958,2.2755102040816326,40.2
1.1530612244897958,2.316326530612245,40.050000000000004
1.1530612244897958,2.357142857142857,44.75
1.1530612244897958,2.3979591836734695,43.95
1.1530612244897958,2.4387755102040813,43.75
1.1530612244897958,2.479591836734694,43.5
1.1530612244897958,2.520408163265306,43.150000000000006
1.1530612244897958,2.561224489795918,42.45
1.1530612244897958,2.6020408163265305,42.2
1.1530612244897958,2.642857142857143,41.95
1.1530612244897958,2.683673469387755,41.650000000000006
1.1530612244897958,2.724489795918367,41.35
1.1530612244897958,2.7653061224489797,40.7
1.1530612244897958,2.8061224489795915,40.45
1.1530612244897958,2.8469387755102042,40.25
1.1530612244897958,2.887755102040816,40.0
1.1530612244897958,2.9285714285714284,39.800000000000004
1.1530612244897958,2.9693877551020407,39.6
1.1530612244897958,3.010204081632653,39.050000000000004
1.1530612244897958,3.0510204081632653,38.85
1.1530612244897958,3.091836734693877,38.6
1.1530612244897958,3.13265306122449,38.400000000000006
1.1530612244897958,3.1734693877551017,38.25
1.1530612244897958,3.2142857142857144,38.050000000000004
1.1530612244897958,3.2551020408163263,37.550000000000004
1.1530612244897958,3.2959183673469385,37.35
1.1530612244897958,3.336734693877551,37.2
1.1530612244897958,3.377551020408163,37.1
1.1530612244897958,3.4183673469387754,37.0
1.1530612244897958,3.4591836734693877,36.9
1.1530612244897958,3.5,36.800000000000004
1.1734693877551021,1.5,22.950000000000003
1.1734693877551021,1.5408163265306123,22.950000000000003
1.1734693877551021,1.5816326530612246,22.85
1.1734693877551021,1.6224489795918366,24.25
1.1734693877551021,1.663265306122449,24.3
1.1734693877551021,1.7040816326530612,24.05
1.1734693877551021,1.7448979591836735,25.55
1.1734693877551021,1.7857142857142856,26.85
1.1734693877551021,1.8265306122448979,28.25
1.1734693877551021,1.8673469387755102,9.55
1.1734693877551021,1.9081632653061225,46.7
1.1734693877551021,1.9489795918367347,43.95
1.1734693877551021,1.989795918367347,42.35
1.1734693877551021,2.0306122448979593,41.400000000000006
1.1734693877551021,2.071428571428571,40.300000000000004
1.1734693877551021,2.1122448979591835,39.7
1.1734693877551021,2.1530612244897958,38.75
1.1734693877551021,2.193877551020408,38.300000000000004
1.1734693877551021,2.2346938775510203,37.550000000000004
1.1734693877551021,2.2755102040816326,40.150000000000006
1.1734693877551021,2.316326530612245,39.800000000000004
1.1734693877551021,2.357142857142857,43.95
1.1734693877551021,2.3979591836734695,43.85
1.1734693877551021,2.4387755102040813,43.6
1.1734693877551021,2.479591836734694,43.300000000000004
1.1734693877551021,2.520408163265306,42.95
1.1734693877551021,2.561224489795918,42.300000000000004
1.1734693877551021,2.6020408163265305,42.050000000000004
1.1734693877551021,2.642857142857143,41.75
1.1734693877551021,2.683673469387755,41.45
1.1734693877551021,2.724489795918367,40.800000000000004
1.1734693877551021,2.7653061224489797,40.550000000000004
1.1734693877551021,2.8061224489795915,40.300000000000004
1.1734693877551021,2.8469387755102042,40.1
1.1734693877551021,2.887755102040816,39.85
1.1734693877551021,2.9285714285714284,39.650000000000006
1.1734693877551021,2.9693877551020407,39.150000000000006
1.1734693877551021,3.010204081632653,38.900000000000006
1.1734693877551021,3.0510204081632653,38.650000000000006
1.1734693877551021,3.091836734693877,38.45
1.1734693877551021,3.13265306122449,38.300000000000004
1.1734693877551021,3.1734693877551017,38.1
1.1734693877551021,3.2142857142857144,37.6
1.1734693877551021,3.2551020408163263,37.4
1.1734693877551021,3.2959183673469385,37.2
1.1734693877551021,3.336734693877551,37.1
1.1734693877551021,3.377551020408163,37.0
1.1734693877551021,3.4183673469387754,36.9
1.1734693877551021,3.4591836734693877,36.800000000000004
1.1734693877551021,3.5,36.75
1.193877551020408,1.5,22.950000000000003
1.193877551020408,1.5408163265306123,22.900000000000002
1.193877551020408,1.5816326530612246,22.75
1.193877551020408,1.6224489795918366,24.3
1.193877551020408,1.663265306122449,24.200000000000003
1.193877551020408,1.7040816326530612,25.55
1.193877551020408,1.7448979591836735,25.450000000000003
1.193877551020408,1.7857142857142856,26.8
1.193877551020408,1.8265306122448979,29.55
1.193877551020408,1.8673469387755102,50.150000000000006
1.193877551020408,1.9081632653061225,45.35
1.193877551020408,1.9489795918367347,43.35
1.193877551020408,1.989795918367347,41.900000000000006
1.193877551020408,2.0306122448979593,40.7
1.193877551020408,2.071428571428571,40.0
1.193877551020408,2.1122448979591835,39.050000000000004
1.193877551020408,2.1530612244897958,38.550000000000004
1.193877551020408,2.193877551020408,38.1
1.193877551020408,2.2346938775510203,37.300000000000004
1.193877551020408,2.2755102040816326,39.900000000000006
1.193877551020408,2.316326530612245,39.25
1.193877551020408,2.357142857142857,43.900000000000006
1.193877551020408,2.3979591836734695,43.7
1.193877551020408,2.4387755102040813,43.400000000000006
1.193877551020408,2.479591836734694,43.1
1.193877551020408,2.520408163265306,42.400000000000006
1.193877551020408,2.561224489795918,42.150000000000006
1.193877551020408,2.6020408163265305,41.85
1.193877551020408,2.642857142857143,41.6
1.193877551020408,2.683673469387755,41.25
1.193877551020408,2.724489795918367,40.650000000000006
1.193877551020408,2.7653061224489797,40.400000000000006
1.193877551020408,2.8061224489795915,40.150000000000006
1.193877551020408,2.8469387755102042,39.95
1.193877551020408,2.887755102040816,39.75
1.193877551020408,2.9285714285714284,39.2
1.193877551020408,2.9693877551020407,38.95
1.193877551020408,3.010204081632653,38.75
1.193877551020408,3.0510204081632653,38.5
1.193877551020408,3.091836734693877,38.35
1.193877551020408,3.13265306122449,38.15
1.193877551020408,3.1734693877551017,37.9
1.193877551020408,3.2142857142857144,37.45
1.193877551020408,3.2551020408163263,37.25
1.193877551020408,3.2959183673469385,37.1
1.193877551020408,3.336734693877551,37.0
1.193877551020408,3.377551020408163,36.9
1.193877551020408,3.4183673469387754,36.800000000000004
1.193877551020408,3.4591836734693877,36.75
1.193877551020408,3.5,42.400000000000006
1.2142857142857142,1.5,22.900000000000002
1.2142857142857142,1.5408163265306123,22.85
1.2142857142857142,1.5816326530612246,22.700000000000003
1.2142857142857142,1.6224489795918366,24.3
1.2142857142857142,1.663265306122449,24.1
1.2142857142857142,1.7040816326530612,25.55
1.2142857142857142,1.7448979591836735,25.3
1.2142857142857142,1.7857142857142856,26.650000000000002
1.2142857142857142,1.8265306122448979,31.05
1.2142857142857142,1.8673469387755102,47.75
1.2142857142857142,1.9081632653061225,44.6
1.2142857142857142,1.9489795918367347,42.85
1.2142857142857142,1.989795918367347,41.5
1.2142857142857142,2.0306122448979593,40.35
1.2142857142857142,2.071428571428571,39.75
1.2142857142857142,2.1122448979591835,38.800000000000004
1.2142857142857142,2.1530612244897958,38.35
1.2142857142857142,2.193877551020408,37.550000000000004
1.2142857142857142,2.2346938775510203,37.1
1.2142857142857142,2.2755102040816326,39.25
1.2142857142857142,2.316326530612245,43.900000000000006
1.2142857142857142,2.357142857142857,43.800000000000004
1.2142857142857142,2.3979591836734695,43.550000000000004
1.2142857142857142,2.4387755102040813,43.25
1.2142857142857142,2.479591836734694,42.85
1.2142857142857142,2.520408163265306,42.25
1.2142857142857142,2.561224489795918,42.0
1.2142857142857142,2.6020408163265305,41.7
1.2142857142857142,2.642857142857143,41.400000000000006
1.2142857142857142,2.683673469387755,40.75
1.2142857142857142,2.724489795918367,40.5
1.2142857142857142,2.7653061224489797,40.25
1.2142857142857142,2.8061224489795915,40.0
1.2142857142857142,2.8469387755102042,39.800000000000004
1.2142857142857142,2.887755102040816,39.550000000000004
1.2142857142857142,2.9285714285714284,39.050000000000004
1.2142857142857142,2.9693877551020407,38.800000000000004
1.2142857142857142,3.010204081632653,38.6
1.2142857142857142,3.0510204081632653,38.400000000000006
1.2142857142857142,3.091836734693877,38.2
1.2142857142857142,3.13265306122449,38.0
1.2142857142857142,3.1734693877551017,37.5
1.2142857142857142,3.2142857142857144,37.300000000000004
1.2142857142857142,3.2551020408163263,37.15
1.2142857142857142,3.2959183673469385,37.0
1.2142857142857142,3.336734693877551,36.9
1.2142857142857142,3.377551020408163,36.800000000000004
1.2142857142857142,3.4183673469387754,36.75
1.2142857142857142,3.4591836734693877,36.65
1.2142857142857142,3.5,42.300000000000004
1.2346938775510203,1.5,22.900000000000002
1.2346938775510203,1.5408163265306123,22.8
1.2346938775510203,1.5816326530612246,24.1
1.2346938775510203,1.6224489795918366,24.25
1.2346938775510203,1.663265306122449,24.0
1.2346938775510203,1.7040816326530612,25.5
1.2346938775510203,1.7448979591836735,26.75
1.2346938775510203,1.7857142857142856,28.150000000000002
1.2346938775510203,1.8265306122448979,9.5
1.2346938775510203,1.8673469387755102,46.2
1.2346938775510203,1.9081632653061225,43.6
1.2346938775510203,1.9489795918367347,42.050000000000004
1.2346938775510203,1.989795918367347,40.85
1.2346938775510203,2.0306122448979593,40.1
1.2346938775510203,2.071428571428571,39.1
1.2346938775510203,2.1122448979591835,38.550000000000004
1.2346938775510203,2.1530612244897958,38.15
1.2346938775510203,2.193877551020408,37.300000000000004
1.2346938775510203,2.2346938775510203,36.95
1.2346938775510203,2.2755102040816326,39.2
1.2346938775510203,2.316326530612245,43.800000000000004
1.2346938775510203,2.357142857142857,43.650000000000006
1.2346938775510203,2.3979591836734695,43.35
1.2346938775510203,2.4387755102040813,43.0
1.2346938775510203,2.479591836734694,42.35
1.2346938775510203,2.520408163265306,42.1
1.2346938775510203,2.561224489795918,41.800000000000004
1.2346938775510203,2.6020408163265305,41.5
1.2346938775510203,2.642857142857143,40.85
1.2346938775510203,2.683673469387755,40.6
1.2346938775510203,2.724489795918367,40.35
1.2346938775510203,2.7653061224489797,40.1
1.2346938775510203,2.8061224489795915,39.85
1.2346938775510203,2.8469387755102042,39.650000000000006
1.2346938775510203,2.887755102040816,39.1
1.2346938775510203,2.9285714285714284,38.900000000000006
1.2346938775510203,2.9693877551020407,38.650000000000006
1.2346938775510203,3.010204081632653,38.45
1.2346938775510203,3.0510204081632653,38.25
1.2346938775510203,3.091836734693877,38.050000000000004
1.2346938775510203,3.13265306122449,37.550000000000004
1.2346938775510203,3.1734693877551017,37.35
1.2346938775510203,3.2142857142857144,37.15
1.2346938775510203,3.2551020408163263,37.050000000000004
1.2346938775510203,3.2959183673469385,36.95
1.2346938775510203,3.336734693877551,36.85
1.2346938775510203,3.377551020408163,36.75
1.2346938775510203,3.4183673469387754,36.65
1.2346938775510203,3.4591836734693877,42.300000000000004
1.2346938775510203,3.5,42.25
1.2551020408163265,1.5,22.85
1.2551020408163265,1.5408163265306123,22.700000000000003
1.2551020408163265,1.5816326530612246,24.200000000000003
1.2551020408163265,1.6224489795918366,24.150000000000002
1.2551020408163265,1.663265306122449,23.900000000000002
1.2551020408163265,1.7040816326530612,25.35
1.2551020408163265,1.7448979591836735,26.75
1.2551020408163265,1.7857142857142856,29.55
1.2551020408163265,1.8265306122448979,49.25
1.2551020408163265,1.8673469387755102,45.0
1.2551020408163265,1.9081632653061225,43.1
1.2551020408163265,1.9489795918367347,41.650000000000006
1.2551020408163265,1.989795918367347,40.5
1.2551020408163265,2.0306122448979593,39.800000000000004
1.2551020408163265,2.071428571428571,38.85
1.2551020408163265,2.1122448979591835,38.35
1.2551020408163265,2.1530612244897958,37.550000000000004
1.2551020408163265,2.193877551020408,37.1
1.2551020408163265,2.2346938775510203,39.2
1.2551020408163265,2.2755102040816326,39.1
1.2551020408163265,2.316326530612245,43.7
1.2551020408163265,2.357142857142857,43.5
1.2551020408163265,2.3979591836734695,43.2
1.2551020408163265,2.4387755102040813,42.45
1.2551020408163265,2.479591836734694,42.2
1.2551020408163265,2.520408163265306,41.95
1.2551020408163265,2.561224489795918,41.650000000000006
1.2551020408163265,2.6020408163265305,41.35
1.2551020408163265,2.642857142857143,40.7
1.2551020408163265,2.683673469387755,40.45
1.2551020408163265,2.724489795918367,40.2
1.2551020408163265,2.7653061224489797,39.95
1.2551020408163265,2.8061224489795915,39.75
1.2551020408163265,2.8469387755102042,39.2
1.2551020408163265,2.887755102040816,38.95
1.2551020408163265,2.9285714285714284,38.75
1.2551020408163265,2.9693877551020407,38.5
1.2551020408163265,3.010204081632653,38.300000000000004
1.2551020408163265,3.0510204081632653,38.1
1.2551020408163265,3.091836734693877,37.65
1.2551020408163265,3.13265306122449,37.4
1.2551020408163265,3.1734693877551017,37.2
1.2551020408163265,3.2142857142857144,37.050000000000004
1.2551020408163265,3.2551020408163263,36.95
1.2551020408163265,3.2959183673469385,36.85
1.2551020408163265,3.336734693877551,36.75
1.2551020408163265,3.377551020408163,36.65
1.2551020408163265,3.4183673469387754,36.6
1.2551020408163265,3.4591836734693877,42.25
1.2551020408163265,3.5,42.1
1.2755102040816326,1.5,22.8
1.2755102040816326,1.5408163265306123,22.650000000000002
1.2755102040816326,1.5816326530612246,24.200000000000003
1.2755102040816326,1.6224489795918366,24.05
1.2755102040816326,1.663265306122449,25.450000000000003
1.2755102040816326,1.7040816326530612,25.25
1.2755102040816326,1.7448979591836735,26.55
1.2755102040816326,1.7857142857142856,9.55
1.2755102040816326,1.8265306122448979,46.900000000000006
1.2755102040816326,1.8673469387755102,43.95
1.2755102040816326,1.9081632653061225,42.300000000000004
1.2755102040816326,1.9489795918367347,41.35
1.2755102040816326,1.989795918367347,40.2
1.2755102040816326,2.0306122448979593,39.25
1.2755102040816326,2.071428571428571,38.6
1.2755102040816326,2.1122448979591835,38.15
1.2755102040816326,2.1530612244897958,37.35
1.2755102040816326,2.193877551020408,36.95
1.2755102040816326,2.2346938775510203,39.150000000000006
1.2755102040816326,2.2755102040816326,43.75
1.2755102040816326,2.316326530612245,43.6
1.2755102040816326,2.357142857142857,43.300000000000004
1.2755102040816326,2.3979591836734695,42.95
1.2755102040816326,2.4387755102040813,42.300000000000004
1.2755102040816326,2.479591836734694,42.050000000000004
1.2755102040816326,2.520408163265306,41.800000000000004
1.2755102040816326,2.561224489795918,41.5
1.2755102040816326,2.6020408163265305,40.800000000000004
1.2755102040816326,2.642857142857143,40.550000000000004
1.2755102040816326,2.683673469387755,40.300000000000004
1.2755102040816326,2.724489795918367,40.050000000000004
1.2755102040816326,2.7653061224489797,39.800000000000004
1.2755102040816326,2.8061224489795915,39.550000000000004
1.2755102040816326,2.8469387755102042,39.050000000000004
1.2755102040816326,2.887755102040816,38.800000000000004
1.2755102040816326,2.9285714285714284,38.6
1.2755102040816326,2.9693877551020407,38.35
1.2755102040816326,3.010204081632653,38.2
1.2755102040816326,3.0510204081632653,37.95
1.2755102040816326,3.091836734693877,37.45
1.2755102040816326,3.13265306122449,37.25
1.2755102040816326,3.1734693877551017,37.1
1.2755102040816326,3.2142857142857144,36.95
1.2755102040816326,3.2551020408163263,36.85
1.2755102040816326,3.2959183673469385,36.75
1.2755102040816326,3.336734693877551,36.65
1.2755102040816326,3.377551020408163,36.6
1.2755102040816326,3.4183673469387754,42.25
1.2755102040816326,3.4591836734693877,42.150000000000006
1.2755102040816326,3.5,42.0
1.2959183673469385,1.5,22.75
1.2959183673469385,1.5408163265306123,22.6
1.2959183673469385,1.5816326530612246,24.150000000000002
1.2959183673469385,1.6224489795918366,23.950000000000003
1.2959183673469385,1.663265306122449,25.400000000000002
1.2959183673469385,1.7040816326530612,25.1
1.2959183673469385,1.7448979591836735,28.05
1.2959183673469385,1.7857142857142856,9.450000000000001
1.2959183673469385,1.8265306122448979,45.550000000000004
1.2959183673469385,1.8673469387755102,43.400000000000006
1.2959183673469385,1.9081632653061225,41.900000000000006
1.2959183673469385,1.9489795918367347,40.650000000000006
1.2959183673469385,1.989795918367347,39.900000000000006
1.2959183673469385,2.0306122448979593,38.95
1.2959183673469385,2.071428571428571,38.400000000000006
1.2959183673469385,2.1122448979591835,37.65
1.2959183673469385,2.1530612244897958,37.15
1.2959183673469385,2.193877551020408,36.800000000000004
1.2959183673469385,2.2346938775510203,39.1
1.2959183673469385,2.2755102040816326,43.650000000000006
1.2959183673469385,2.316326530612245,43.45
1.2959183673469385,2.357142857142857,43.150000000000006
1.2959183673469385,2.3979591836734695,42.400000000000006
1.2959183673469385,2.4387755102040813,42.2
1.2959183673469385,2.479591836734694,41.900000000000006
1.2959183673469385,2.520408163265306,41.6
1.2959183673469385,2.561224489795918,41.25
1.2959183673469385,2.6020408163265305,40.650000000000006
1.2959183673469385,2.642857142857143,40.400000000000006
1.2959183673469385,2.683673469387755,40.150000000000006
1.2959183673469385,2.724489795918367,39.900000000000006
1.2959183673469385,2.7653061224489797,39.7
1.2959183673469385,2.8061224489795915,39.150000000000006
1.2959183673469385,2.8469387755102042,38.900000000000006
1.2959183673469385,2.887755102040816,38.650000000000006
1.2959183673469385,2.9285714285714284,38.45
1.2959183673469385,2.9693877551020407,38.25
1.2959183673469385,3.010204081632653,38.050000000000004
1.2959183673469385,3.0510204081632653,37.5
1.2959183673469385,3.091836734693877,37.300000000000004
1.2959183673469385,3.13265306122449,37.15
1.2959183673469385,3.1734693877551017,37.0
1.2959183673469385,3.2142857142857144,36.9
1.2959183673469385,3.2551020408163263,36.800000000000004
1.2959183673469385,3.2959183673469385,36.7
1.2959183673469385,3.336734693877551,36.6
1.2959183673469385,3.377551020408163,36.550000000000004
1.2959183673469385,3.4183673469387754,42.150000000000006
1.2959183673469385,3.4591836734693877,42.050000000000004
1.2959183673469385,3.5,41.900000000000006
1.316326530612245,1.5,22.700000000000003
1.316326530612245,1.5408163265306123,23.950000000000003
1.316326530612245,1.5816326530612246,24.1
1.316326530612245,1.6224489795918366,23.85
1.316326530612245,1.663265306122449,25.3
1.316326530612245,1.7040816326530612,26.650000000000002
1.316326530612245,1.7448979591836735,29.5
1.316326530612245,1.7857142857142856,48.550000000000004
1.316326530612245,1.8265306122448979,44.800000000000004
1.316326530612245,1.8673469387755102,42.95
1.316326530612245,1.9081632653061225,41.550000000000004
1.316326530612245,1.9489795918367347,40.35
1.316326530612245,1.989795918367347,39.650000000000006
1.316326530612245,2.0306122448979593,38.7
1.316326530612245,2.071428571428571,38.25
1.316326530612245,2.1122448979591835,37.4
1.316326530612245,2.1530612244897958,36.95
1.316326530612245,2.193877551020408,39.1
1.316326530612245,2.2346938775510203,39.0
1.316326530612245,2.2755102040816326,43.550000000000004
1.316326530612245,2.316326530612245,43.300000000000004
1.316326530612245,2.357142857142857,42.900000000000006
1.316326530612245,2.3979591836734695,42.300000000000004
1.316326530612245,2.4387755102040813,42.050000000000004
1.316326530612245,2.479591836734694,41.75
1.316326530612245,2.520408163265306,41.45
1.316326530612245,2.561224489795918,40.75
1.316326530612245,2.6020408163265305,40.5
1.316326530612245,2.642857142857143,40.25
1.316326530612245,2.683673469387755,40.0
1.316326530612245,2.724489795918367,39.800000000000004
1.316326530612245,2.7653061224489797,39.25
1.316326530612245,2.8061224489795915,39.0
1.316326530612245,2.8469387755102042,38.75
1.316326530612245,2.887755102040816,38.550000000000004
1.316326530612245,2.9285714285714284,38.300000000000004
1.316326530612245,2.9693877551020407,38.1
1.316326530612245,3.010204081632653,37.6
1.316326530612245,3.0510204081632653,37.35
1.316326530612245,3.091836734693877,37.2
1.316326530612245,3.13265306122449,37.050000000000004
1.316326530612245,3.1734693877551017,36.9
1.316326530612245,3.2142857142857144,36.800000000000004
1.316326530612245,3.2551020408163263,36.7
1.316326530612245,3.2959183673469385,36.6
1.316326530612245,3.336734693877551,36.5
1.316326530612245,3.377551020408163,36.5
1.316326530612245,3.4183673469387754,42.050000000000004
1.316326530612245,3.4591836734693877,41.95
1.316326530612245,3.5,41.75
1.3367346938775508,1.5,22.6
1.3367346938775508,1.5408163265306123,24.1
1.3367346938775508,1.5816326530612246,24.0
1.3367346938775508,1.6224489795918366,25.200000000000003
1.3367346938775508,1.663265306122449,25.200000000000003
1.3367346938775508,1.7040816326530612,26.5
1.3367346938775508,1.7448979591836735,9.5
1.3367346938775508,1.7857142857142856,46.75
1.3367346938775508,1.8265306122448979,43.800000000000004
1.3367346938775508,1.8673469387755102,42.150000000000006
1.3367346938775508,1.9081632653061225,40.900000000000006
1.3367346938775508,1.9489795918367347,40.050000000000004
1.3367346938775508,1.989795918367347,39.050000000000004
1.3367346938775508,2.0306122448979593,38.5
1.3367346938775508,2.071428571428571,38.0
1.3367346938775508,2.1122448979591835,37.2
1.3367346938775508,2.1530612244897958,36.800000000000004
1.3367346938775508,2.193877551020408,39.050000000000004
1.3367346938775508,2.2346938775510203,43.5
1.3367346938775508,2.2755102040816326,43.400000000000006
1.3367346938775508,2.316326530612245,43.1
1.3367346938775508,2.357142857142857,42.400000000000006
1.3367346938775508,2.3979591836734695,42.150000000000006
1.3367346938775508,2.4387755102040813,41.900000000000006
1.3367346938775508,2.479591836734694,41.6
1.3367346938775508,2.520408163265306,41.2
1.3367346938775508,2.561224489795918,40.650000000000006
1.3367346938775508,2.6020408163265305,40.400000000000006
1.3367346938775508,2.642857142857143,40.150000000000006
1.3367346938775508,2.683673469387755,39.900000000000006
1.3367346938775508,2.724489795918367,39.650000000000006
1.3367346938775508,2.7653061224489797,39.1
1.3367346938775508,2.8061224489795915,38.85
1.3367346938775508,2.8469387755102042,38.6
1.3367346938775508,2.887755102040816,38.400000000000006
1.3367346938775508,2.9285714285714284,38.2
1.3367346938775508,2.9693877551020407,37.95
1.3367346938775508,3.010204081632653,37.45
1.3367346938775508,3.0510204081632653,37.25
1.3367346938775508,3.091836734693877,37.050000000000004
1.3367346938775508,3.13265306122449,36.95
1.3367346938775508,3.1734693877551017,36.85
1.3367346938775508,3.2142857142857144,36.7
1.3367346938775508,3.2551020408163263,36.6
1.3367346938775508,3.2959183673469385,36.550000000000004
1.3367346938775508,3.336734693877551,36.45
1.3367346938775508,3.377551020408163,42.1
1.3367346938775508,3.4183673469387754,41.95
1.3367346938775508,3.4591836734693877,41.800000000000004
1.3367346938775508,3.5,41.6
1.3571428571428572,1.5,22.55
1.3571428571428572,1.5408163265306123,24.1
1.3571428571428572,1.5816326530612246,23.900000000000002
1.3571428571428572,1.6224489795918366,25.3
1.3571428571428572,1.663265306122449,25.05
1.3571428571428572,1.7040816326530612,28.0
1.3571428571428572,1.7448979591836735,9.450000000000001
1.3571428571428572,1.7857142857142856,45.45
1.3571428571428572,1.8265306122448979,43.300000000000004
1.3571428571428572,1.8673469387755102,41.800000000000004
1.3571428571428572,1.9081632653061225,40.550000000000004
1.3571428571428572,1.9489795918367347,39.800000000000004
1.3571428571428572,1.989795918367347,38.800000000000004
1.3571428571428572,2.0306122448979593,38.300000000000004
1.3571428571428572,2.071428571428571,37.45
1.3571428571428572,2.1122448979591835,37.0
1.3571428571428572,2.1530612244897958,36.7
1.3571428571428572,2.193877551020408,38.95
1.3571428571428572,2.2346938775510203,43.45
1.3571428571428572,2.2755102040816326,43.25
1.3571428571428572,2.316326530612245,42.45
1.3571428571428572,2.357142857142857,42.25
1.3571428571428572,2.3979591836734695,42.050000000000004
1.3571428571428572,2.4387755102040813,41.75
1.3571428571428572,2.479591836734694,41.45
1.3571428571428572,2.520408163265306,40.75
1.3571428571428572,2.561224489795918,40.5
1.3571428571428572,2.6020408163265305,40.25
1.3571428571428572,2.642857142857143,40.0
1.3571428571428572,2.683673469387755,39.75
1.3571428571428572,2.724489795918367,39.2
1.3571428571428572,2.7653061224489797,38.95
1.3571428571428572,2.8061224489795915,38.7
1.3571428571428572,2.8469387755102042,38.5
1.3571428571428572,2.887755102040816,38.300000000000004
1.3571428571428572,2.9285714285714284,38.050000000000004
1.3571428571428572,2.9693877551020407,37.550000000000004
1.3571428571428572,3.010204081632653,37.300000000000004
1.3571428571428572,3.0510204081632653,37.1
1.3571428571428572,3.091836734693877,37.0
1.3571428571428572,3.13265306122449,36.85
1.3571428571428572,3.1734693877551017,36.75
1.3571428571428572,3.2142857142857144,36.65
1.3571428571428572,3.2551020408163263,36.550000000000004
1.3571428571428572,3.2959183673469385,36.45
1.3571428571428572,3.336734693877551,36.4
1.3571428571428572,3.377551020408163,42.0
1.3571428571428572,3.4183673469387754,41.85
1.3571428571428572,3.4591836734693877,41.650000000000006
1.3571428571428572,3.5,41.400000000000006
1.3775510204081631,1.5,22.5
1.3775510204081631,1.5408163265306123,24.05
1.3775510204081631,1.5816326530612246,23.85
1.3775510204081631,1.6224489795918366,25.25
1.3775510204081631,1.663265306122449,26.55
1.3775510204081631,1.7040816326530612,27.55
1.3775510204081631,1.7448979591836735,48.6
1.3775510204081631,1.7857142857142856,44.75
1.3775510204081631,1.8265306122448979,42.85
1.3775510204081631,1.8673469387755102,41.45
1.3775510204081631,1.9081632653061225,40.25
1.3775510204081631,1.9489795918367347,39.25
1.3775510204081631,1.989795918367347,38.6
1.3775510204081631,2.0306122448979593,38.1
1.3775510204081631,2.071428571428571,37.25
1.3775510204081631,2.1122448979591835,36.85
1.3775510204081631,2.1530612244897958,39.0
1.3775510204081631,2.193877551020408,38.85
1.3775510204081631,2.2346938775510203,43.300000000000004
1.3775510204081631,2.2755102040816326,43.050000000000004
1.3775510204081631,2.316326530612245,42.35
1.3775510204081631,2.357142857142857,42.150000000000006
1.3775510204081631,2.3979591836734695,41.900000000000006
1.3775510204081631,2.4387755102040813,41.6
1.3775510204081631,2.479591836734694,40.900000000000006
1.3775510204081631,2.520408163265306,40.6
1.3775510204081631,2.561224489795918,40.35
1.3775510204081631,2.6020408163265305,40.1
1.3775510204081631,2.642857142857143,39.85
1.3775510204081631,2.683673469387755,39.6
1.3775510204081631,2.724489795918367,39.050000000000004
1.3775510204081631,2.7653061224489797,38.85
1.3775510204081631,2.8061224489795915,38.6
1.3775510204081631,2.8469387755102042,38.35
1.3775510204081631,2.887755102040816,38.15
1.3775510204081631,2.9285714285714284,37.65
1.3775510204081631,2.9693877551020407,37.4
1.3775510204081631,3.010204081632653,37.2
1.3775510204081631,3.0510204081632653,37.0
1.3775510204081631,3.091836734693877,36.9
1.3775510204081631,3.13265306122449,36.800000000000004
1.3775510204081631,3.1734693877551017,36.65
1.3775510204081631,3.2142857142857144,36.550000000000004
1.3775510204081631,3.2551020408163263,36.45
1.3775510204081631,3.2959183673469385,36.4
1.3775510204081631,3.336734693877551,36.4
1.3775510204081631,3.377551020408163,41.900000000000006
1.3775510204081631,3.4183673469387754,41.7
1.3775510204081631,3.4591836734693877,41.45
1.3775510204081631,3.5,40.800000000000004
1.3979591836734693,1.5,22.450000000000003
1.3979591836734693,1.5408163265306123,23.950000000000003
1.3979591836734693,1.5816326530612246,23.75
1.3979591836734693,1.6224489795918366,25.200000000000003
1.3979591836734693,1.663265306122449,26.5
1.3979591836734693,1.7040816326530612,9.5
1.3979591836734693,1.7448979591836735,46.85
1.3979591836734693,1.7857142857142856,43.800000000000004
1.3979591836734693,1.8265306122448979,42.1
1.3979591836734693,1.8673469387755102,40.800000000000004
1.3979591836734693,1.9081632653061225,40.0
1.3979591836734693,1.9489795918367347,38.95
1.3979591836734693,1.989795918367347,38.400000000000006
1.3979591836734693,2.0306122448979593,37.6
1.3979591836734693,2.071428571428571,37.1
1.3979591836734693,2.1122448979591835,36.75
1.3979591836734693,2.1530612244897958,38.95
1.3979591836734693,2.193877551020408,38.75
1.3979591836734693,2.2346938775510203,43.150000000000006
1.3979591836734693,2.2755102040816326,42.400000000000006
1.3979591836734693,2.316326530612245,42.25
1.3979591836734693,2.357142857142857,42.050000000000004
1.3979591836734693,2.3979591836734695,41.75
1.3979591836734693,2.4387755102040813,41.45
1.3979591836734693,2.479591836734694,40.75
1.3979591836734693,2.520408163265306,40.5
1.3979591836734693,2.561224489795918,40.25
1.3979591836734693,2.6020408163265305,40.0
1.3979591836734693,2.642857142857143,39.75
1.3979591836734693,2.683673469387755,39.150000000000006
1.3979591836734693,2.724489795918367,38.95
1.3979591836734693,2.7653061224489797,38.7
1.3979591836734693,2.8061224489795915,38.45
1.3979591836734693,2.8469387755102042,38.25
1.3979591836734693,2.887755102040816,38.0
1.3979591836734693,2.9285714285714284,37.5
1.3979591836734693,2.9693877551020407,37.25
1.3979591836734693,3.010204081632653,37.1
1.3979591836734693,3.0510204081632653,36.95
1.3979591836734693,3.091836734693877,36.800000000000004
1.3979591836734693,3.13265306122449,36.7
1.3979591836734693,3.1734693877551017,36.6
1.3979591836734693,3.2142857142857144,36.5
1.3979591836734693,3.2551020408163263,36.4
1.3979591836734693,3.2959183673469385,36.35
1.3979591836734693,3.336734693877551,41.900000000000006
1.3979591836734693,3.377551020408163,41.75
1.3979591836734693,3.4183673469387754,41.550000000000004
1.3979591836734693,3.4591836734693877,40.800000000000004
1.3979591836734693,3.5,40.7
1.4183673469387754,1.5,23.950000000000003
1.4183673469387754,1.5408163265306123,23.900000000000002
1.4183673469387754,1.5816326530612246,23.650000000000002
1.4183673469387754,1.6224489795918366,25.05
1.4183673469387754,1.663265306122449,26.200000000000003
1.4183673469387754,1.7040816326530612,9.4
1.4183673469387754,1.7448979591836735,45.550000000000004
1.4183673469387754,1.7857142857142856,43.300000000000004
1.4183673469387754,1.8265306122448979,41.75
1.4183673469387754,1.8673469387755102,40.5
1.4183673469387754,1.9081632653061225,39.75
1.4183673469387754,1.9489795918367347,38.75
1.4183673469387754,1.989795918367347,38.25
1.4183673469387754,2.0306122448979593,37.35
1.4183673469387754,2.071428571428571,36.95
1.4183673469387754,2.1122448979591835,36.6
1.4183673469387754,2.1530612244897958,38.85
1.4183673469387754,2.193877551020408,38.6
1.4183673469387754,2.2346938775510203,42.35
1.4183673469387754,2.2755102040816326,42.35
1.4183673469387754,2.316326530612245,42.150000000000006
1.4183673469387754,2.357142857142857,41.900000000000006
1.4183673469387754,2.3979591836734695,41.6
1.4183673469387754,2.4387755102040813,40.900000000000006
1.4183673469387754,2.479591836734694,40.6
1.4183673469387754,2.520408163265306,40.35
1.4183673469387754,2.561224489795918,40.1
1.4183673469387754,2.6020408163265305,39.85
1.4183673469387754,2.642857142857143,39.300000000000004
1.4183673469387754,2.683673469387755,39.050000000000004
1.4183673469387754,2.724489795918367,38.800000000000004
1.4183673469387754,2.7653061224489797,38.550000000000004
1.4183673469387754,2.8061224489795915,38.35
1.4183673469387754,2.8469387755102042,38.1
1.4183673469387754,2.887755102040816,37.6
1.4183673469387754,2.9285714285714284,37.35
1.4183673469387754,2.9693877551020407,37.15
1.4183673469387754,3.010204081632653,37.0
1.4183673469387754,3.0510204081632653,36.85
1.4183673469387754,3.091836734693877,36.75
1.4183673469387754,3.13265306122449,36.65
1.4183673469387754,3.1734693877551017,36.5
1.4183673469387754,3.2142857142857144,36.4
1.4183673469387754,3.2551020408163263,36.35
1.4183673469387754,3.2959183673469385,36.300000000000004
1.4183673469387754,3.336734693877551,41.800000000000004
1.4183673469387754,3.377551020408163,41.6
1.4183673469387754,3.4183673469387754,40.800000000000004
1.4183673469387754,3.4591836734693877,40.7
1.4183673469387754,3.5,40.6
1.4387755102040816,1.5,23.950000000000003
1.4387755102040816,1.5408163265306123,23.8
1.4387755102040816,1.5816326530612246,25.150000000000002
1.4387755102040816,1.6224489795918366,24.900000000000002
1.4387755102040816,1.663265306122449,27.75
1.4387755102040816,1.7040816326530612,49.45
1.4387755102040816,1.7448979591836735,44.85
1.4387755102040816,1.7857142857142856,42.85
1.4387755102040816,1.8265306122448979,41.45
1.4387755102040816,1.8673469387755102,40.2
1.4387755102040816,1.9081632653061225,39.2
1.4387755102040816,1.9489795918367347,38.550000000000004
1.4387755102040816,1.989795918367347,38.050000000000004
1.4387755102040816,2.0306122448979593,37.2
1.4387755102040816,2.071428571428571,36.800000000000004
1.4387755102040816,2.1122448979591835,36.45
1.4387755102040816,2.1530612244897958,38.75
1.4387755102040816,2.193877551020408,38.45
1.4387755102040816,2.2346938775510203,42.35
1.4387755102040816,2.2755102040816326,42.25
1.4387755102040816,2.316326530612245,42.050000000000004
1.4387755102040816,2.357142857142857,41.75
1.4387755102040816,2.3979591836734695,41.45
1.4387755102040816,2.4387755102040813,40.75
1.4387755102040816,2.479591836734694,40.5
1.4387755102040816,2.520408163265306,40.25
1.4387755102040816,2.561224489795918,40.0
1.4387755102040816,2.6020408163265305,39.7
1.4387755102040816,2.642857142857143,39.150000000000006
1.4387755102040816,2.683673469387755,38.900000000000006
1.4387755102040816,2.724489795918367,38.7
1.4387755102040816,2.7653061224489797,38.45
1.4387755102040816,2.8061224489795915,38.2
1.4387755102040816,2.8469387755102042,37.95
1.4387755102040816,2.887755102040816,37.45
1.4387755102040816,2.9285714285714284,37.25
1.4387755102040816,2.9693877551020407,37.050000000000004
1.4387755102040816,3.010204081632653,36.9
1.4387755102040816,3.0510204081632653,36.800000000000004
1.4387755102040816,3.091836734693877,36.65
1.4387755102040816,3.13265306122449,36.550000000000004
1.4387755102040816,3.1734693877551017,36.4
1.4387755102040816,3.2142857142857144,36.35
1.4387755102040816,3.2551020408163263,36.300000000000004
1.4387755102040816,3.2959183673469385,36.300000000000004
1.4387755102040816,3.336734693877551,41.650000000000006
1.4387755102040816,3.377551020408163,41.400000000000006
1.4387755102040816,3.4183673469387754,40.75
1.4387755102040816,3.4591836734693877,40.650000000000006
1.4387755102040816,3.5,40.5
1.4591836734693877,1.5,23.900000000000002
1.4591836734693877,1.5408163265306123,23.75
1.4591836734693877,1.5816326530612246,25.150000000000002
1.4591836734693877,1.6224489795918366,26.450000000000003
1.4591836734693877,1.663265306122449,28.900000000000002
1.4591836734693877,1.7040816326530612,47.150000000000006
1.4591836734693877,1.7448979591836735,43.900000000000006
1.4591836734693877,1.7857142857142856,42.150000000000006
1.4591836734693877,1.8265306122448979,40.75
1.4591836734693877,1.8673469387755102,39.95
1.4591836734693877,1.9081632653061225,38.95
1.4591836734693877,1.9489795918367347,38.35
1.4591836734693877,1.989795918367347,37.5
1.4591836734693877,2.0306122448979593,37.0
1.4591836734693877,2.071428571428571,36.65
1.4591836734693877,2.1122448979591835,38.800000000000004
1.4591836734693877,2.1530612244897958,38.650000000000006
1.4591836734693877,2.193877551020408,38.300000000000004
1.4591836734693877,2.2346938775510203,42.300000000000004
1.4591836734693877,2.2755102040816326,42.150000000000006
1.4591836734693877,2.316326530612245,41.900000000000006
1.4591836734693877,2.357142857142857,41.6
1.4591836734693877,2.3979591836734695,40.900000000000006
1.4591836734693877,2.4387755102040813,40.6
1.4591836734693877,2.479591836734694,40.400000000000006
1.4591836734693877,2.520408163265306,40.1
1.4591836734693877,2.561224489795918,39.85
1.4591836734693877,2.6020408163265305,39.300000000000004
1.4591836734693877,2.642857142857143,39.050000000000004
1.4591836734693877,2.683673469387755,38.800000000000004
1.4591836734693877,2.724489795918367,38.550000000000004
1.4591836734693877,2.7653061224489797,38.300000000000004
1.4591836734693877,2.8061224489795915,38.1
1.4591836734693877,2.8469387755102042,37.550000000000004
1.4591836734693877,2.887755102040816,37.300000000000004
1.4591836734693877,2.9285714285714284,37.1
1.4591836734693877,2.9693877551020407,36.95
1.4591836734693877,3.010204081632653,36.800000000000004
1.4591836734693877,3.0510204081632653,36.7
1.4591836734693877,3.091836734693877,36.6
1.4591836734693877,3.13265306122449,36.45
1.4591836734693877,3.1734693877551017,36.35
1.4591836734693877,3.2142857142857144,36.25
1.4591836734693877,3.2551020408163263,36.25
1.4591836734693877,3.2959183673469385,41.7
1.4591836734693877,3.336734693877551,41.45
1.4591836734693877,3.377551020408163,40.75
1.4591836734693877,3.4183673469387754,40.650000000000006
1.4591836734693877,3.4591836734693877,40.550000000000004
1.4591836734693877,3.5,40.400000000000006
1.4795918367346939,1.5,23.85
1.4795918367346939,1.5408163265306123,23.650000000000002
1.4795918367346939,1.5816326530612246,25.1
1.4795918367346939,1.6224489795918366,26.35
1.4795918367346939,1.663265306122449,9.4
1.4795918367346939,1.7040816326530612,46.2
1.4795918367346939,1.7448979591836735,43.400000000000006
1.4795918367346939,1.7857142857142856,41.800000000000004
1.4795918367346939,1.8265306122448979,40.5
1.4795918367346939,1.8673469387755102,39.75
1.4795918367346939,1.9081632653061225,38.7
1.4795918367346939,1.9489795918367347,38.2
1.4795918367346939,1.989795918367347,37.300000000000004
1.4795918367346939,2.0306122448979593,36.9
1.4795918367346939,2.071428571428571,36.550000000000004
1.4795918367346939,2.1122448979591835,38.75
1.4795918367346939,2.1530612244897958,38.5
1.4795918367346939,2.193877551020408,37.75
1.4795918367346939,2.2346938775510203,42.25
1.4795918367346939,2.2755102040816326,42.050000000000004
1.4795918367346939,2.316326530612245,41.800000000000004
1.4795918367346939,2.357142857142857,41.45
1.4795918367346939,2.3979591836734695,40.75
1.4795918367346939,2.4387755102040813,40.5
1.4795918367346939,2.479591836734694,40.25
1.4795918367346939,2.520408163265306,40.0
1.4795918367346939,2.561224489795918,39.7
1.4795918367346939,2.6020408163265305,39.150000000000006
1.4795918367346939,2.642857142857143,38.900000000000006
1.4795918367346939,2.683673469387755,38.650000000000006
1.4795918367346939,2.724489795918367,38.45
1.4795918367346939,2.7653061224489797,38.2
1.4795918367346939,2.8061224489795915,37.7
1.4795918367346939,2.8469387755102042,37.45
1.4795918367346939,2.887755102040816,37.2
1.4795918367346939,2.9285714285714284,37.0
1.4795918367346939,2.9693877551020407,36.85
1.4795918367346939,3.010204081632653,36.75
1.4795918367346939,3.0510204081632653,36.65
1.4795918367346939,3.091836734693877,36.5
1.4795918367346939,3.13265306122449,36.35
1.4795918367346939,3.1734693877551017,36.25
1.4795918367346939,3.2142857142857144,35.9
1.4795918367346939,3.2551020408163263,35.75
1.4795918367346939,3.2959183673469385,41.550000000000004
1.4795918367346939,3.336734693877551,40.75
1.4795918367346939,3.377551020408163,40.7
1.4795918367346939,3.4183673469387754,40.550000000000004
1.4795918367346939,3.4591836734693877,40.45
1.4795918367346939,3.5,40.25
1.5,1.5,23.8
1.5,1.5408163265306123,23.6
1.5,1.5816326530612246,24.950000000000003
1.5,1.6224489795918366,27.75
1.5,1.663265306122449,9.4
1.5,1.7040816326530612,45.050000000000004
1.5,1.7448979591836735,43.0
1.5,1.7857142857142856,41.5
1.5,1.8265306122448979,40.25
1.5,1.8673469387755102,39.150000000000006
1.5,1.9081632653061225,38.5
1.5,1.9489795918367347,37.95
1.5,1.989795918367347,37.15
1.5,2.0306122448979593,36.75
1.5,2.071428571428571,36.35
1.5,2.1122448979591835,38.650000000000006
1.5,2.1530612244897958,38.35
1.5,2.193877551020408,42.25
1.5,2.2346938775510203,42.150000000000006
1.5,2.2755102040816326,41.95
1.5,2.316326530612245,41.650000000000006
1.5,2.357142857142857,41.2
1.5,2.3979591836734695,40.650000000000006
1.5,2.4387755102040813,40.400000000000006
1.5,2.479591836734694,40.150000000000006
1.5,2.520408163265306,39.85
1.5,2.561224489795918,39.300000000000004
1.5,2.6020408163265305,39.050000000000004
1.5,2.642857142857143,38.800000000000004
1.5,2.683673469387755,38.550000000000004
1.5,2.724489795918367,38.300000000000004
1.5,2.7653061224489797,38.1
1.5,2.8061224489795915,37.550000000000004
1.5,2.8469387755102042,37.300000000000004
1.5,2.887755102040816,37.1
1.5,2.9285714285714284,36.95
1.5,2.9693877551020407,36.800000000000004
1.5,3.010204081632653,36.65
1.5,3.0510204081632653,36.550000000000004
1.5,3.091836734693877,36.4
1.5,3.13265306122449,36.25
1.5,3.1734693877551017,35.9
1.5,3.2142857142857144,35.800000000000004
1.5,3.2551020408163263,35.65
1.5,3.2959183673469385,35.5
1.5,3.336734693877551,40.7
1.5,3.377551020408163,40.6
1.5,3.4183673469387754,40.45
1.5,3.4591836734693877,40.300000000000004
1.5,3.5,40.150000000000006
