delta,gamma,steady_time
0.0,1.5,149.99
0.0,1.5408163265306123,149.99
0.0,1.5816326530612246,149.99
0.0,1.6224489795918366,149.99
0.0,1.663265306122449,149.99
0.0,1.7040816326530612,149.99
0.0,1.7448979591836735,149.99
0.0,1.7857142857142856,149.99
0.0,1.8265306122448979,149.99
0.0,1.8673469387755102,149.99
0.0,1.9081632653061225,149.99
0.0,1.9489795918367347,149.99
0.0,1.989795918367347,149.99
0.0,2.0306122448979593,149.99
0.0,2.071428571428571,149.99
0.0,2.1122448979591835,149.99
0.0,2.1530612244897958,149.99
0.0,2.193877551020408,149.99
0.0,2.2346938775510203,6.2700000000000005
0.0,2.2755102040816326,149.99
0.0,2.316326530612245,149.99
0.0,2.357142857142857,149.99
0.0,2.3979591836734695,149.99
0.0,2.4387755102040813,149.99
0.0,2.479591836734694,149.99
0.0,2.520408163265306,149.99
0.0,2.561224489795918,149.99
0.0,2.6020408163265305,149.99
0.0,2.642857142857143,149.99
0.0,2.683673469387755,149.99
0.0,2.724489795918367,149.99
0.0,2.7653061224489797,149.99
0.0,2.8061224489795915,149.99
0.0,2.8469387755102042,149.99
0.0,2.887755102040816,149.99
0.0,2.9285714285714284,149.99
0.0,2.9693877551020407,149.99
0.0,3.010204081632653,149.99
0.0,3.0510204081632653,149.99
0.0,3.091836734693877,149.99
0.0,3.13265306122449,149.99
0.0,3.1734693877551017,149.99
0.0,3.2142857142857144,149.53
0.0,3.2551020408163263,149.99
0.0,3.2959183673469385,149.99
0.0,3.336734693877551,149.99
0.0,3.377551020408163,149.99
0.0,3.4183673469387754,149.99
0.0,3.4591836734693877,149.99
0.0,3.5,149.99
0.01020408163265306,1.5,149.99
0.01020408163265306,1.5408163265306123,149.99
0.01020408163265306,1.5816326530612246,149.99
0.01020408163265306,1.6224489795918366,149.99
0.01020408163265306,1.663265306122449,149.99
0.01020408163265306,1.7040816326530612,149.99
0.01020408163265306,1.7448979591836735,149.99
0.01020408163265306,1.7857142857142856,149.99
0.01020408163265306,1.8265306122448979,149.99
0.01020408163265306,1.8673469387755102,149.99
0.01020408163265306,1.9081632653061225,149.99
0.01020408163265306,1.9489795918367347,149.99
0.01020408163265306,1.989795918367347,149.99
0.01020408163265306,2.0306122448979593,149.99
0.01020408163265306,2.071428571428571,149.99
0.01020408163265306,2.1122448979591835,149.99
0.01020408163265306,2.1530612244897958,149.99
0.01020408163265306,2.193877551020408,149.99
0.01020408163265306,2.2346938775510203,149.99
0.01020408163265306,2.2755102040816326,149.99
0.01020408163265306,2.316326530612245,149.99
0.01020408163265306,2.357142857142857,149.99
0.01020408163265306,2.3979591836734695,149.99
0.01020408163265306,2.4387755102040813,149.99
0.01020408163265306,2.479591836734694,149.99
0.01020408163265306,2.520408163265306,149.99
0.01020408163265306,2.561224489795918,149.99
0.01020408163265306,2.6020408163265305,149.99
0.01020408163265306,2.642857142857143,149.99
0.01020408163265306,2.683673469387755,149.99
0.01020408163265306,2.724489795918367,149.99
0.01020408163265306,2.7653061224489797,149.99
0.01020408163265306,2.8061224489795915,149.99
0.01020408163265306,2.8469387755102042,149.99
0.01020408163265306,2.887755102040816,149.99
0.01020408163265306,2.9285714285714284,149.99
0.01020408163265306,2.9693877551020407,149.99
0.01020408163265306,3.010204081632653,149.99
0.01020408163265306,3.0510204081632653,149.99
0.01020408163265306,3.091836734693877,149.99
0.01020408163265306,3.13265306122449,149.99
0.01020408163265306,3.1734693877551017,149.99
0.01020408163265306,3.2142857142857144,149.99
0.01020408163265306,3.2551020408163263,149.99
0.01020408163265306,3.2959183673469385,149.99
0.01020408163265306,3.336734693877551,149.99
0.01020408163265306,3.377551020408163,149.99
0.01020408163265306,3.4183673469387754,149.99
0.01020408163265306,3.4591836734693877,149.99
0.01020408163265306,3.5,149.99
0.02040816326530612,1.5,149.99
0.02040816326530612,1.5408163265306123,149.99
0.02040816326530612,1.5816326530612246,149.99
0.02040816326530612,1.6224489795918366,149.99
0.02040816326530612,1.663265306122449,149.99
0.02040816326530612,1.7040816326530612,149.99
0.02040816326530612,1.7448979591836735,149.99
0.02040816326530612,1.7857142857142856,149.99
0.02040816326530612,1.8265306122448979,149.99
0.02040816326530612,1.8673469387755102,149.99
0.02040816326530612,1.9081632653061225,149.99
0.02040816326530612,1.9489795918367347,149.99
0.02040816326530612,1.989795918367347,149.99
0.02040816326530612,2.0306122448979593,149.99
0.02040816326530612,2.071428571428571,149.99
0.02040816326530612,2.1122448979591835,149.99
0.02040816326530612,2.1530612244897958,149.99
0.02040816326530612,2.193877551020408,149.99
0.02040816326530612,2.2346938775510203,149.99
0.02040816326530612,2.2755102040816326,6.2700000000000005
0.02040816326530612,2.316326530612245,149.99
0.02040816326530612,2.357142857142857,149.99
0.02040816326530612,2.3979591836734695,149.99
0.02040816326530612,2.4387755102040813,149.99
0.02040816326530612,2.479591836734694,149.99
0.02040816326530612,2.520408163265306,149.99
0.02040816326530612,2.561224489795918,149.99
0.02040816326530612,2.6020408163265305,149.99
0.02040816326530612,2.642857142857143,149.99
0.02040816326530612,2.683673469387755,149.99
0.02040816326530612,2.724489795918367,149.99
0.02040816326530612,2.7653061224489797,149.99
0.02040816326530612,2.8061224489795915,149.99
0.02040816326530612,2.8469387755102042,149.99
0.02040816326530612,2.887755102040816,149.99
0.02040816326530612,2.9285714285714284,149.99
0.02040816326530612,2.9693877551020407,149.99
0.02040816326530612,3.010204081632653,149.99
0.02040816326530612,3.0510204081632653,149.99
0.02040816326530612,3.091836734693877,13.51
0.02040816326530612,3.13265306122449,149.99
0.02040816326530612,3.1734693877551017,149.99
0.02040816326530612,3.2142857142857144,149.99
0.02040816326530612,3.2551020408163263,149.99
0.02040816326530612,3.2959183673469385,149.99
0.02040816326530612,3.336734693877551,149.99
0.02040816326530612,3.377551020408163,149.99
0.02040816326530612,3.4183673469387754,149.99
0.02040816326530612,3.4591836734693877,149.99
0.02040816326530612,3.5,149.99
0.030612244897959183,1.5,149.99
0.030612244897959183,1.5408163265306123,149.99
0.030612244897959183,1.5816326530612246,149.99
0.030612244897959183,1.6224489795918366,149.99
0.030612244897959183,1.663265306122449,149.99
0.030612244897959183,1.7040816326530612,38.85
0.030612244897959183,1.7448979591836735,149.99
0.030612244897959183,1.7857142857142856,149.99
0.030612244897959183,1.8265306122448979,50.71
0.030612244897959183,1.8673469387755102,149.99
0.030612244897959183,1.9081632653061225,149.99
0.030612244897959183,1.9489795918367347,149.99
0.030612244897959183,1.989795918367347,149.99
0.030612244897959183,2.0306122448979593,149.99
0.030612244897959183,2.071428571428571,149.99
0.030612244897959183,2.1122448979591835,149.99
0.030612244897959183,2.1530612244897958,149.99
0.030612244897959183,2.193877551020408,149.99
0.030612244897959183,2.2346938775510203,149.99
0.030612244897959183,2.2755102040816326,6.2700000000000005
0.030612244897959183,2.316326530612245,149.99
0.030612244897959183,2.357142857142857,149.99
0.030612244897959183,2.3979591836734695,149.99
0.030612244897959183,2.4387755102040813,149.99
0.030612244897959183,2.479591836734694,149.99
0.030612244897959183,2.520408163265306,149.99
0.030612244897959183,2.561224489795918,149.99
0.030612244897959183,2.6020408163265305,149.99
0.030612244897959183,2.642857142857143,149.99
0.030612244897959183,2.683673469387755,149.99
0.030612244897959183,2.724489795918367,149.99
0.030612244897959183,2.7653061224489797,149.99
0.030612244897959183,2.8061224489795915,149.99
0.030612244897959183,2.8469387755102042,149.99
0.030612244897959183,2.887755102040816,149.99
0.030612244897959183,2.9285714285714284,149.99
0.030612244897959183,2.9693877551020407,149.99
0.030612244897959183,3.010204081632653,149.99
0.030612244897959183,3.0510204081632653,149.99
0.030612244897959183,3.091836734693877,149.99
0.030612244897959183,3.13265306122449,149.99
0.030612244897959183,3.1734693877551017,149.99
0.030612244897959183,3.2142857142857144,149.99
0.030612244897959183,3.2551020408163263,149.99
0.030612244897959183,3.2959183673469385,149.99
0.030612244897959183,3.336734693877551,149.99
0.030612244897959183,3.377551020408163,149.99
0.030612244897959183,3.4183673469387754,149.99
0.030612244897959183,3.4591836734693877,149.99
0.030612244897959183,3.5,8.620000000000001
0.04081632653061224,1.5,149.99
0.04081632653061224,1.5408163265306123,149.99
0.04081632653061224,1.5816326530612246,149.99
0.04081632653061224,1.6224489795918366,149.99
0.04081632653061224,1.663265306122449,149.99
0.04081632653061224,1.7040816326530612,149.99
0.04081632653061224,1.7448979591836735,149.99
0.04081632653061224,1.7857142857142856,149.99
0.04081632653061224,1.8265306122448979,149.99
0.04081632653061224,1.8673469387755102,149.99
0.04081632653061224,1.9081632653061225,149.99
0.04081632653061224,1.9489795918367347,149.99
0.04081632653061224,1.989795918367347,149.99
0.04081632653061224,2.0306122448979593,149.99
0.04081632653061224,2.071428571428571,149.99
0.04081632653061224,2.1122448979591835,149.99
0.04081632653061224,2.1530612244897958,149.99
0.04081632653061224,2.193877551020408,149.99
0.04081632653061224,2.2346938775510203,149.99
0.04081632653061224,2.2755102040816326,149.99
0.04081632653061224,2.316326530612245,149.99
0.04081632653061224,2.357142857142857,149.99
0.04081632653061224,2.3979591836734695,149.99
0.04081632653061224,2.4387755102040813,149.99
0.04081632653061224,2.479591836734694,149.99
0.04081632653061224,2.520408163265306,149.99
0.04081632653061224,2.561224489795918,149.99
0.04081632653061224,2.6020408163265305,149.99
0.04081632653061224,2.642857142857143,149.99
0.04081632653061224,2.683673469387755,149.99
0.04081632653061224,2.724489795918367,149.99
0.04081632653061224,2.7653061224489797,149.99
0.04081632653061224,2.8061224489795915,149.99
0.04081632653061224,2.8469387755102042,149.99
0.04081632653061224,2.887755102040816,149.99
0.04081632653061224,2.9285714285714284,149.99
0.04081632653061224,2.9693877551020407,149.99
0.04081632653061224,3.010204081632653,149.99
0.04081632653061224,3.0510204081632653,149.99
0.04081632653061224,3.091836734693877,149.99
0.04081632653061224,3.13265306122449,149.99
0.04081632653061224,3.1734693877551017,149.99
0.04081632653061224,3.2142857142857144,149.99
0.04081632653061224,3.2551020408163263,149.99
0.04081632653061224,3.2959183673469385,149.99
0.04081632653061224,3.336734693877551,149.99
0.04081632653061224,3.377551020408163,149.99
0.04081632653061224,3.4183673469387754,149.99
0.04081632653061224,3.4591836734693877,149.99
0.04081632653061224,3.5,149.99
0.0510204081632653,1.5,149.99
0.0510204081632653,1.5408163265306123,149.99
0.0510204081632653,1.5816326530612246,149.99
0.0510204081632653,1.6224489795918366,149.53
0.0510204081632653,1.663265306122449,146.84
0.0510204081632653,1.7040816326530612,149.99
0.0510204081632653,1.7448979591836735,148.83
0.0510204081632653,1.7857142857142856,141.54
0.0510204081632653,1.8265306122448979,149.99
0.0510204081632653,1.8673469387755102,149.99
0.0510204081632653,1.9081632653061225,149.99
0.0510204081632653,1.9489795918367347,149.99
0.0510204081632653,1.989795918367347,138.86
0.0510204081632653,2.0306122448979593,145.29
0.0510204081632653,2.071428571428571,147.28
0.0510204081632653,2.1122448979591835,149.99
0.0510204081632653,2.1530612244897958,141.9
0.0510204081632653,2.193877551020408,142.13
0.0510204081632653,2.2346938775510203,147.1
0.0510204081632653,2.2755102040816326,149.99
0.0510204081632653,2.316326530612245,146.78
0.0510204081632653,2.357142857142857,149.32
0.0510204081632653,2.3979591836734695,149.99
0.0510204081632653,2.4387755102040813,149.99
0.0510204081632653,2.479591836734694,149.99
0.0510204081632653,2.520408163265306,149.99
0.0510204081632653,2.561224489795918,141.75
0.0510204081632653,2.6020408163265305,149.99
0.0510204081632653,2.642857142857143,147.32
0.0510204081632653,2.683673469387755,146.59
0.0510204081632653,2.724489795918367,149.99
0.0510204081632653,2.7653061224489797,144.0
0.0510204081632653,2.8061224489795915,147.31
0.0510204081632653,2.8469387755102042,146.83
0.0510204081632653,2.887755102040816,149.99
0.0510204081632653,2.9285714285714284,149.99
0.0510204081632653,2.9693877551020407,149.99
0.0510204081632653,3.010204081632653,143.34
0.0510204081632653,3.0510204081632653,138.93
0.0510204081632653,3.091836734693877,149.99
0.0510204081632653,3.13265306122449,149.99
0.0510204081632653,3.1734693877551017,149.99
0.0510204081632653,3.2142857142857144,145.01
0.0510204081632653,3.2551020408163263,149.99
0.0510204081632653,3.2959183673469385,149.99
0.0510204081632653,3.336734693877551,149.98
0.0510204081632653,3.377551020408163,149.99
0.0510204081632653,3.4183673469387754,149.99
0.0510204081632653,3.4591836734693877,149.99
0.0510204081632653,3.5,149.99
0.061224489795918366,1.5,149.99
0.061224489795918366,1.5408163265306123,149.99
0.061224489795918366,1.5816326530612246,138.89000000000001
0.061224489795918366,1.6224489795918366,44.81
0.061224489795918366,1.663265306122449,143.52
0.061224489795918366,1.7040816326530612,128.03
0.061224489795918366,1.7448979591836735,124.58
0.061224489795918366,1.7857142857142856,149.99
0.061224489795918366,1.8265306122448979,149.99
0.061224489795918366,1.8673469387755102,128.03
0.061224489795918366,1.9081632653061225,47.86
0.061224489795918366,1.9489795918367347,121.55
0.061224489795918366,1.989795918367347,116.07000000000001
0.061224489795918366,2.0306122448979593,127.62
0.061224489795918366,2.071428571428571,126.98
0.061224489795918366,2.1122448979591835,135.77
0.061224489795918366,2.1530612244897958,149.99
0.061224489795918366,2.193877551020408,115.78
0.061224489795918366,2.2346938775510203,118.97
0.061224489795918366,2.2755102040816326,128.08
0.061224489795918366,2.316326530612245,6.2700000000000005
0.061224489795918366,2.357142857142857,124.78
0.061224489795918366,2.3979591836734695,125.94
0.061224489795918366,2.4387755102040813,121.76
0.061224489795918366,2.479591836734694,126.54
0.061224489795918366,2.520408163265306,129.21
0.061224489795918366,2.561224489795918,121.48
0.061224489795918366,2.6020408163265305,125.09
0.061224489795918366,2.642857142857143,121.51
0.061224489795918366,2.683673469387755,131.51
0.061224489795918366,2.724489795918367,125.78
0.061224489795918366,2.7653061224489797,119.56
0.061224489795918366,2.8061224489795915,118.28
0.061224489795918366,2.8469387755102042,117.34
0.061224489795918366,2.887755102040816,121.41
0.061224489795918366,2.9285714285714284,130.93
0.061224489795918366,2.9693877551020407,131.57
0.061224489795918366,3.010204081632653,134.47
0.061224489795918366,3.0510204081632653,147.75
0.061224489795918366,3.091836734693877,132.58
0.061224489795918366,3.13265306122449,132.71
0.061224489795918366,3.1734693877551017,144.06
0.061224489795918366,3.2142857142857144,141.61
0.061224489795918366,3.2551020408163263,149.51
0.061224489795918366,3.2959183673469385,128.33
0.061224489795918366,3.336734693877551,143.21
0.061224489795918366,3.377551020408163,147.77
0.061224489795918366,3.4183673469387754,148.18
0.061224489795918366,3.4591836734693877,149.99
0.061224489795918366,3.5,122.23
0.07142857142857142,1.5,149.99
0.07142857142857142,1.5408163265306123,149.99
0.07142857142857142,1.5816326530612246,123.77
0.07142857142857142,1.6224489795918366,115.89
0.07142857142857142,1.663265306122449,141.86
0.07142857142857142,1.7040816326530612,126.39
0.07142857142857142,1.7448979591836735,145.74
0.07142857142857142,1.7857142857142856,109.54
0.07142857142857142,1.8265306122448979,149.99
0.07142857142857142,1.8673469387755102,110.63
0.07142857142857142,1.9081632653061225,109.31
0.07142857142857142,1.9489795918367347,109.61
0.07142857142857142,1.989795918367347,104.36
0.07142857142857142,2.0306122448979593,104.86
0.07142857142857142,2.071428571428571,122.92
0.07142857142857142,2.1122448979591835,123.51
0.07142857142857142,2.1530612244897958,120.29
0.07142857142857142,2.193877551020408,110.58
0.07142857142857142,2.2346938775510203,103.03
0.07142857142857142,2.2755102040816326,129.79
0.07142857142857142,2.316326530612245,6.2700000000000005
0.07142857142857142,2.357142857142857,123.45
0.07142857142857142,2.3979591836734695,116.49000000000001
0.07142857142857142,2.4387755102040813,110.84
0.07142857142857142,2.479591836734694,13.6
0.07142857142857142,2.520408163265306,127.69
0.07142857142857142,2.561224489795918,115.93
0.07142857142857142,2.6020408163265305,116.39
0.07142857142857142,2.642857142857143,102.7
0.07142857142857142,2.683673469387755,111.3
0.07142857142857142,2.724489795918367,110.48
0.07142857142857142,2.7653061224489797,104.27
0.07142857142857142,2.8061224489795915,103.16
0.07142857142857142,2.8469387755102042,102.71000000000001
0.07142857142857142,2.887755102040816,106.62
0.07142857142857142,2.9285714285714284,106.36
0.07142857142857142,2.9693877551020407,115.98
0.07142857142857142,3.010204081632653,121.38
0.07142857142857142,3.0510204081632653,105.59
0.07142857142857142,3.091836734693877,127.46000000000001
0.07142857142857142,3.13265306122449,113.29
0.07142857142857142,3.1734693877551017,131.09
0.07142857142857142,3.2142857142857144,114.47
0.07142857142857142,3.2551020408163263,112.68
0.07142857142857142,3.2959183673469385,111.09
0.07142857142857142,3.336734693877551,114.9
0.07142857142857142,3.377551020408163,114.17
0.07142857142857142,3.4183673469387754,141.58
0.07142857142857142,3.4591836734693877,115.28
0.07142857142857142,3.5,117.52
0.08163265306122448,1.5,149.99
0.08163265306122448,1.5408163265306123,107.33
0.08163265306122448,1.5816326530612246,149.99
0.08163265306122448,1.6224489795918366,149.99
0.08163265306122448,1.663265306122449,149.99
0.08163265306122448,1.7040816326530612,149.99
0.08163265306122448,1.7448979591836735,114.3
0.08163265306122448,1.7857142857142856,119.18
0.08163265306122448,1.8265306122448979,149.99
0.08163265306122448,1.8673469387755102,149.99
0.08163265306122448,1.9081632653061225,127.86
0.08163265306122448,1.9489795918367347,96.88
0.08163265306122448,1.989795918367347,93.11
0.08163265306122448,2.0306122448979593,93.46000000000001
0.08163265306122448,2.071428571428571,106.49000000000001
0.08163265306122448,2.1122448979591835,100.91
0.08163265306122448,2.1530612244897958,100.88
0.08163265306122448,2.193877551020408,94.84
0.08163265306122448,2.2346938775510203,92.28
0.08163265306122448,2.2755102040816326,91.98
0.08163265306122448,2.316326530612245,111.27
0.08163265306122448,2.357142857142857,97.95
0.08163265306122448,2.3979591836734695,99.7
0.08163265306122448,2.4387755102040813,98.49000000000001
0.08163265306122448,2.479591836734694,110.37
0.08163265306122448,2.520408163265306,112.19
0.08163265306122448,2.561224489795918,93.15
0.08163265306122448,2.6020408163265305,106.51
0.08163265306122448,2.642857142857143,103.5
0.08163265306122448,2.683673469387755,91.64
0.08163265306122448,2.724489795918367,96.0
0.08163265306122448,2.7653061224489797,94.54
0.08163265306122448,2.8061224489795915,93.37
0.08163265306122448,2.8469387755102042,93.01
0.08163265306122448,2.887755102040816,92.41
0.08163265306122448,2.9285714285714284,96.56
0.08163265306122448,2.9693877551020407,96.51
0.08163265306122448,3.010204081632653,101.47
0.08163265306122448,3.0510204081632653,95.98
0.08163265306122448,3.091836734693877,112.0
0.08163265306122448,3.13265306122449,105.5
0.08163265306122448,3.1734693877551017,97.61
0.08163265306122448,3.2142857142857144,11.98
0.08163265306122448,3.2551020408163263,108.57000000000001
0.08163265306122448,3.2959183673469385,101.86
0.08163265306122448,3.336734693877551,105.72
0.08163265306122448,3.377551020408163,105.03
0.08163265306122448,3.4183673469387754,96.74000000000001
0.08163265306122448,3.4591836734693877,110.96000000000001
0.08163265306122448,3.5,113.95
0.09183673469387754,1.5,149.99
0.09183673469387754,1.5408163265306123,149.99
0.09183673469387754,1.5816326530612246,121.55
0.09183673469387754,1.6224489795918366,133.99
0.09183673469387754,1.663265306122449,101.44
0.09183673469387754,1.7040816326530612,104.85000000000001
0.09183673469387754,1.7448979591836735,149.99
0.09183673469387754,1.7857142857142856,132.7
0.09183673469387754,1.8265306122448979,143.18
0.09183673469387754,1.8673469387755102,147.24
0.09183673469387754,1.9081632653061225,96.16
0.09183673469387754,1.9489795918367347,85.26
0.09183673469387754,1.989795918367347,82.10000000000001
0.09183673469387754,2.0306122448979593,82.68
0.09183673469387754,2.071428571428571,92.95
0.09183673469387754,2.1122448979591835,88.63
0.09183673469387754,2.1530612244897958,129.97
0.09183673469387754,2.193877551020408,90.35000000000001
0.09183673469387754,2.2346938775510203,86.68
0.09183673469387754,2.2755102040816326,85.89
0.09183673469387754,2.316326530612245,92.04
0.09183673469387754,2.357142857142857,6.2700000000000005
0.09183673469387754,2.3979591836734695,91.48
0.09183673469387754,2.4387755102040813,98.55
0.09183673469387754,2.479591836734694,85.44
0.09183673469387754,2.520408163265306,96.84
0.09183673469387754,2.561224489795918,108.71000000000001
0.09183673469387754,2.6020408163265305,88.63
0.09183673469387754,2.642857142857143,90.22
0.09183673469387754,2.683673469387755,82.24
0.09183673469387754,2.724489795918367,85.68
0.09183673469387754,2.7653061224489797,85.10000000000001
0.09183673469387754,2.8061224489795915,83.94
0.09183673469387754,2.8469387755102042,83.56
0.09183673469387754,2.887755102040816,82.88
0.09183673469387754,2.9285714285714284,82.7
0.09183673469387754,2.9693877551020407,87.02
0.09183673469387754,3.010204081632653,87.14
0.09183673469387754,3.0510204081632653,87.16
0.09183673469387754,3.091836734693877,91.5
0.09183673469387754,3.13265306122449,94.64
0.09183673469387754,3.1734693877551017,20.53
0.09183673469387754,3.2142857142857144,98.68
0.09183673469387754,3.2551020408163263,22.78
0.09183673469387754,3.2959183673469385,88.57000000000001
0.09183673469387754,3.336734693877551,92.98
0.09183673469387754,3.377551020408163,92.34
0.09183673469387754,3.4183673469387754,91.95
0.09183673469387754,3.4591836734693877,99.43
0.09183673469387754,3.5,107.33
0.1020408163265306,1.5,149.99
0.1020408163265306,1.5408163265306123,149.99
0.1020408163265306,1.5816326530612246,149.99
0.1020408163265306,1.6224489795918366,96.48
0.1020408163265306,1.663265306122449,149.99
0.1020408163265306,1.7040816326530612,149.17000000000002
0.1020408163265306,1.7448979591836735,85.33
0.1020408163265306,1.7857142857142856,142.18
0.1020408163265306,1.8265306122448979,126.5
0.1020408163265306,1.8673469387755102,86.27
0.1020408163265306,1.9081632653061225,122.11
0.1020408163265306,1.9489795918367347,79.09
0.1020408163265306,1.989795918367347,76.26
0.1020408163265306,2.0306122448979593,78.74
0.1020408163265306,2.071428571428571,95.16
0.1020408163265306,2.1122448979591835,82.89
0.1020408163265306,2.1530612244897958,86.8
0.1020408163265306,2.193877551020408,82.22
0.1020408163265306,2.2346938775510203,76.47
0.1020408163265306,2.2755102040816326,80.47
0.1020408163265306,2.316326530612245,86.79
0.1020408163265306,2.357142857142857,6.2700000000000005
0.1020408163265306,2.3979591836734695,88.62
0.1020408163265306,2.4387755102040813,85.17
0.1020408163265306,2.479591836734694,91.67
0.1020408163265306,2.520408163265306,85.86
0.1020408163265306,2.561224489795918,85.79
0.1020408163265306,2.6020408163265305,85.27
0.1020408163265306,2.642857142857143,87.76
0.1020408163265306,2.683673469387755,82.71000000000001
0.1020408163265306,2.724489795918367,76.02
0.1020408163265306,2.7653061224489797,79.93
0.1020408163265306,2.8061224489795915,74.81
0.1020408163265306,2.8469387755102042,78.45
0.1020408163265306,2.887755102040816,77.98
0.1020408163265306,2.9285714285714284,77.69
0.1020408163265306,2.9693877551020407,77.67
0.1020408163265306,3.010204081632653,81.63
0.1020408163265306,3.0510204081632653,82.0
0.1020408163265306,3.091836734693877,77.27
0.1020408163265306,3.13265306122449,78.95
0.1020408163265306,3.1734693877551017,86.04
0.1020408163265306,3.2142857142857144,79.23
0.1020408163265306,3.2551020408163263,90.46000000000001
0.1020408163265306,3.2959183673469385,83.96000000000001
0.1020408163265306,3.336734693877551,83.95
0.1020408163265306,3.377551020408163,82.98
0.1020408163265306,3.4183673469387754,86.99
0.1020408163265306,3.4591836734693877,83.05
0.1020408163265306,3.5,88.59
0.11224489795918366,1.5,139.92000000000002
0.11224489795918366,1.5408163265306123,149.99
0.11224489795918366,1.5816326530612246,54.550000000000004
0.11224489795918366,1.6224489795918366,149.99
0.11224489795918366,1.663265306122449,149.99
0.11224489795918366,1.7040816326530612,149.99
0.11224489795918366,1.7448979591836735,124.81
0.11224489795918366,1.7857142857142856,92.14
0.11224489795918366,1.8265306122448979,93.49
0.11224489795918366,1.8673469387755102,104.60000000000001
0.11224489795918366,1.9081632653061225,89.9
0.11224489795918366,1.9489795918367347,72.85000000000001
0.11224489795918366,1.989795918367347,70.93
0.11224489795918366,2.0306122448979593,84.23
0.11224489795918366,2.071428571428571,84.38
0.11224489795918366,2.1122448979591835,84.39
0.11224489795918366,2.1530612244897958,77.76
0.11224489795918366,2.193877551020408,82.42
0.11224489795918366,2.2346938775510203,71.93
0.11224489795918366,2.2755102040816326,70.15
0.11224489795918366,2.316326530612245,91.65
0.11224489795918366,2.357142857142857,87.04
0.11224489795918366,2.3979591836734695,76.67
0.11224489795918366,2.4387755102040813,76.67
0.11224489795918366,2.479591836734694,76.35000000000001
0.11224489795918366,2.520408163265306,81.05
0.11224489795918366,2.561224489795918,97.89
0.11224489795918366,2.6020408163265305,76.60000000000001
0.11224489795918366,2.642857142857143,79.37
0.11224489795918366,2.683673469387755,74.59
0.11224489795918366,2.724489795918367,71.58
0.11224489795918366,2.7653061224489797,71.02
0.11224489795918366,2.8061224489795915,70.12
0.11224489795918366,2.8469387755102042,69.69
0.11224489795918366,2.887755102040816,69.35000000000001
0.11224489795918366,2.9285714285714284,68.7
0.11224489795918366,2.9693877551020407,72.60000000000001
0.11224489795918366,3.010204081632653,72.74
0.11224489795918366,3.0510204081632653,76.89
0.11224489795918366,3.091836734693877,76.48
0.11224489795918366,3.13265306122449,78.23
0.11224489795918366,3.1734693877551017,87.85000000000001
0.11224489795918366,3.2142857142857144,83.91
0.11224489795918366,3.2551020408163263,82.17
0.11224489795918366,3.2959183673469385,87.13
0.11224489795918366,3.336734693877551,75.07000000000001
0.11224489795918366,3.377551020408163,78.12
0.11224489795918366,3.4183673469387754,77.78
0.11224489795918366,3.4591836734693877,77.54
0.11224489795918366,3.5,80.45
0.12244897959183673,1.5,149.99
0.12244897959183673,1.5408163265306123,149.99
0.12244897959183673,1.5816326530612246,149.99
0.12244897959183673,1.6224489795918366,149.99
0.12244897959183673,1.663265306122449,149.99
0.12244897959183673,1.7040816326530612,149.99
0.12244897959183673,1.7448979591836735,149.99
0.12244897959183673,1.7857142857142856,33.55
0.12244897959183673,1.8265306122448979,149.99
0.12244897959183673,1.8673469387755102,77.75
0.12244897959183673,1.9081632653061225,72.91
0.12244897959183673,1.9489795918367347,66.95
0.12244897959183673,1.989795918367347,65.48
0.12244897959183673,2.0306122448979593,148.41
0.12244897959183673,2.071428571428571,80.72
0.12244897959183673,2.1122448979591835,90.78
0.12244897959183673,2.1530612244897958,95.59
0.12244897959183673,2.193877551020408,86.66
0.12244897959183673,2.2346938775510203,67.1
0.12244897959183673,2.2755102040816326,65.1
0.12244897959183673,2.316326530612245,71.33
0.12244897959183673,2.357142857142857,79.31
0.12244897959183673,2.3979591836734695,6.2700000000000005
0.12244897959183673,2.4387755102040813,109.44
0.12244897959183673,2.479591836734694,71.54
0.12244897959183673,2.520408163265306,70.28
0.12244897959183673,2.561224489795918,82.99
0.12244897959183673,2.6020408163265305,74.46000000000001
0.12244897959183673,2.642857142857143,72.47
0.12244897959183673,2.683673469387755,77.37
0.12244897959183673,2.724489795918367,67.94
0.12244897959183673,2.7653061224489797,65.75
0.12244897959183673,2.8061224489795915,65.34
0.12244897959183673,2.8469387755102042,64.97
0.12244897959183673,2.887755102040816,64.58
0.12244897959183673,2.9285714285714284,63.9
0.12244897959183673,2.9693877551020407,67.98
0.12244897959183673,3.010204081632653,67.99
0.12244897959183673,3.0510204081632653,68.17
0.12244897959183673,3.091836734693877,68.21000000000001
0.12244897959183673,3.13265306122449,68.36
0.12244897959183673,3.1734693877551017,71.73
0.12244897959183673,3.2142857142857144,75.28
0.12244897959183673,3.2551020408163263,75.93
0.12244897959183673,3.2959183673469385,19.66
0.12244897959183673,3.336734693877551,79.46000000000001
0.12244897959183673,3.377551020408163,69.99
0.12244897959183673,3.4183673469387754,69.60000000000001
0.12244897959183673,3.4591836734693877,73.38
0.12244897959183673,3.5,70.43
0.13265306122448978,1.5,149.99
0.13265306122448978,1.5408163265306123,149.99
0.13265306122448978,1.5816326530612246,149.99
0.13265306122448978,1.6224489795918366,54.64
0.13265306122448978,1.663265306122449,149.99
0.13265306122448978,1.7040816326530612,98.65
0.13265306122448978,1.7448979591836735,75.38
0.13265306122448978,1.7857142857142856,130.86
0.13265306122448978,1.8265306122448979,97.96000000000001
0.13265306122448978,1.8673469387755102,73.41
0.13265306122448978,1.9081632653061225,64.84
0.13265306122448978,1.9489795918367347,61.660000000000004
0.13265306122448978,1.989795918367347,60.7
0.13265306122448978,2.0306122448979593,110.38
0.13265306122448978,2.071428571428571,71.58
0.13265306122448978,2.1122448979591835,114.29
0.13265306122448978,2.1530612244897958,83.97
0.13265306122448978,2.193877551020408,86.9
0.13265306122448978,2.2346938775510203,67.81
0.13265306122448978,2.2755102040816326,60.39
0.13265306122448978,2.316326530612245,64.82000000000001
0.13265306122448978,2.357142857142857,90.94
0.13265306122448978,2.3979591836734695,6.2700000000000005
0.13265306122448978,2.4387755102040813,73.33
0.13265306122448978,2.479591836734694,66.51
0.13265306122448978,2.520408163265306,68.22
0.13265306122448978,2.561224489795918,8.77
0.13265306122448978,2.6020408163265305,73.24
0.13265306122448978,2.642857142857143,66.61
0.13265306122448978,2.683673469387755,79.95
0.13265306122448978,2.724489795918367,64.75
0.13265306122448978,2.7653061224489797,61.93
0.13265306122448978,2.8061224489795915,60.82
0.13265306122448978,2.8469387755102042,60.49
0.13265306122448978,2.887755102040816,60.18
0.13265306122448978,2.9285714285714284,59.88
0.13265306122448978,2.9693877551020407,63.2
0.13265306122448978,3.010204081632653,63.17
0.13265306122448978,3.0510204081632653,63.32
0.13265306122448978,3.091836734693877,67.25
0.13265306122448978,3.13265306122449,63.13
0.13265306122448978,3.1734693877551017,64.69
0.13265306122448978,3.2142857142857144,78.03
0.13265306122448978,3.2551020408163263,71.12
0.13265306122448978,3.2959183673469385,13.22
0.13265306122448978,3.336734693877551,66.64
0.13265306122448978,3.377551020408163,66.3
0.13265306122448978,3.4183673469387754,65.27
0.13265306122448978,3.4591836734693877,65.13
0.13265306122448978,3.5,64.94
0.14285714285714285,1.5,53.2
0.14285714285714285,1.5408163265306123,68.33
0.14285714285714285,1.5816326530612246,149.99
0.14285714285714285,1.6224489795918366,149.99
0.14285714285714285,1.663265306122449,149.99
0.14285714285714285,1.7040816326530612,149.99
0.14285714285714285,1.7448979591836735,149.99
0.14285714285714285,1.7857142857142856,149.99
0.14285714285714285,1.8265306122448979,132.63
0.14285714285714285,1.8673469387755102,149.99
0.14285714285714285,1.9081632653061225,63.56
0.14285714285714285,1.9489795918367347,61.25
0.14285714285714285,1.989795918367347,62.17
0.14285714285714285,2.0306122448979593,112.56
0.14285714285714285,2.071428571428571,85.98
0.14285714285714285,2.1122448979591835,96.48
0.14285714285714285,2.1530612244897958,67.19
0.14285714285714285,2.193877551020408,68.59
0.14285714285714285,2.2346938775510203,64.28
0.14285714285714285,2.2755102040816326,60.38
0.14285714285714285,2.316326530612245,59.49
0.14285714285714285,2.357142857142857,63.92
0.14285714285714285,2.3979591836734695,6.2700000000000005
0.14285714285714285,2.4387755102040813,61.92
0.14285714285714285,2.479591836734694,67.24
0.14285714285714285,2.520408163265306,68.17
0.14285714285714285,2.561224489795918,86.26
0.14285714285714285,2.6020408163265305,68.03
0.14285714285714285,2.642857142857143,66.56
0.14285714285714285,2.683673469387755,29.72
0.14285714285714285,2.724489795918367,66.58
0.14285714285714285,2.7653061224489797,62.25
0.14285714285714285,2.8061224489795915,56.36
0.14285714285714285,2.8469387755102042,60.14
0.14285714285714285,2.887755102040816,59.5
0.14285714285714285,2.9285714285714284,59.11
0.14285714285714285,2.9693877551020407,58.84
0.14285714285714285,3.010204081632653,58.75
0.14285714285714285,3.0510204081632653,58.800000000000004
0.14285714285714285,3.091836734693877,58.97
0.14285714285714285,3.13265306122449,58.800000000000004
0.14285714285714285,3.1734693877551017,63.85
0.14285714285714285,3.2142857142857144,65.68
0.14285714285714285,3.2551020408163263,16.51
0.14285714285714285,3.2959183673469385,72.04
0.14285714285714285,3.336734693877551,65.75
0.14285714285714285,3.377551020408163,69.85000000000001
0.14285714285714285,3.4183673469387754,60.86
0.14285714285714285,3.4591836734693877,60.54
0.14285714285714285,3.5,64.22
0.1530612244897959,1.5,149.99
0.1530612244897959,1.5408163265306123,149.99
0.1530612244897959,1.5816326530612246,149.99
0.1530612244897959,1.6224489795918366,149.99
0.1530612244897959,1.663265306122449,149.99
0.1530612244897959,1.7040816326530612,149.99
0.1530612244897959,1.7448979591836735,149.99
0.1530612244897959,1.7857142857142856,149.99
0.1530612244897959,1.8265306122448979,95.22
0.1530612244897959,1.8673469387755102,19.57
0.1530612244897959,1.9081632653061225,58.47
0.1530612244897959,1.9489795918367347,57.19
0.1530612244897959,1.989795918367347,122.97
0.1530612244897959,2.0306122448979593,88.91
0.1530612244897959,2.071428571428571,140.3
0.1530612244897959,2.1122448979591835,75.78
0.1530612244897959,2.1530612244897958,41.2
0.1530612244897959,2.193877551020408,91.38
0.1530612244897959,2.2346938775510203,78.44
0.1530612244897959,2.2755102040816326,55.84
0.1530612244897959,2.316326530612245,54.51
0.1530612244897959,2.357142857142857,68.44
0.1530612244897959,2.3979591836734695,72.16
0.1530612244897959,2.4387755102040813,6.2700000000000005
0.1530612244897959,2.479591836734694,73.46000000000001
0.1530612244897959,2.520408163265306,77.48
0.1530612244897959,2.561224489795918,62.31
0.1530612244897959,2.6020408163265305,60.96
0.1530612244897959,2.642857142857143,60.54
0.1530612244897959,2.683673469387755,58.44
0.1530612244897959,2.724489795918367,68.63
0.1530612244897959,2.7653061224489797,59.050000000000004
0.1530612244897959,2.8061224489795915,56.79
0.1530612244897959,2.8469387755102042,55.550000000000004
0.1530612244897959,2.887755102040816,55.29
0.1530612244897959,2.9285714285714284,54.65
0.1530612244897959,2.9693877551020407,54.35
0.1530612244897959,3.010204081632653,54.230000000000004
0.1530612244897959,3.0510204081632653,54.29
0.1530612244897959,3.091836734693877,58.39
0.1530612244897959,3.13265306122449,58.33
0.1530612244897959,3.1734693877551017,59.02
0.1530612244897959,3.2142857142857144,62.26
0.1530612244897959,3.2551020408163263,62.08
0.1530612244897959,3.2959183673469385,61.120000000000005
0.1530612244897959,3.336734693877551,12.48
0.1530612244897959,3.377551020408163,62.07
0.1530612244897959,3.4183673469387754,57.74
0.1530612244897959,3.4591836734693877,56.95
0.1530612244897959,3.5,59.620000000000005
0.16326530612244897,1.5,54.17
0.16326530612244897,1.5408163265306123,56.34
0.16326530612244897,1.5816326530612246,149.99
0.16326530612244897,1.6224489795918366,149.99
0.16326530612244897,1.663265306122449,149.99
0.16326530612244897,1.7040816326530612,34.910000000000004
0.16326530612244897,1.7448979591836735,63.04
0.16326530612244897,1.7857142857142856,56.15
0.16326530612244897,1.8265306122448979,149.99
0.16326530612244897,1.8673469387755102,149.99
0.16326530612244897,1.9081632653061225,60.18
0.16326530612244897,1.9489795918367347,149.99
0.16326530612244897,1.989795918367347,79.4
0.16326530612244897,2.0306122448979593,146.9
0.16326530612244897,2.071428571428571,79.79
0.16326530612244897,2.1122448979591835,79.82000000000001
0.16326530612244897,2.1530612244897958,99.45
0.16326530612244897,2.193877551020408,97.10000000000001
0.16326530612244897,2.2346938775510203,77.49
0.16326530612244897,2.2755102040816326,56.09
0.16326530612244897,2.316326530612245,54.4
0.16326530612244897,2.357142857142857,76.3
0.16326530612244897,2.3979591836734695,90.97
0.16326530612244897,2.4387755102040813,6.2700000000000005
0.16326530612244897,2.479591836734694,67.06
0.16326530612244897,2.520408163265306,64.05
0.16326530612244897,2.561224489795918,56.160000000000004
0.16326530612244897,2.6020408163265305,57.7
0.16326530612244897,2.642857142857143,82.54
0.16326530612244897,2.683673469387755,57.25
0.16326530612244897,2.724489795918367,58.61
0.16326530612244897,2.7653061224489797,77.32000000000001
0.16326530612244897,2.8061224489795915,53.04
0.16326530612244897,2.8469387755102042,51.6
0.16326530612244897,2.887755102040816,51.050000000000004
0.16326530612244897,2.9285714285714284,50.84
0.16326530612244897,2.9693877551020407,54.04
0.16326530612244897,3.010204081632653,53.86
0.16326530612244897,3.0510204081632653,53.800000000000004
0.16326530612244897,3.091836734693877,53.86
0.16326530612244897,3.13265306122449,53.9
0.16326530612244897,3.1734693877551017,54.09
0.16326530612244897,3.2142857142857144,55.89
0.16326530612244897,3.2551020408163263,62.11
0.16326530612244897,3.2959183673469385,68.13
0.16326530612244897,3.336734693877551,67.95
0.16326530612244897,3.377551020408163,65.21000000000001
0.16326530612244897,3.4183673469387754,61.050000000000004
0.16326530612244897,3.4591836734693877,56.120000000000005
0.16326530612244897,3.5,55.84
0.17346938775510204,1.5,149.99
0.17346938775510204,1.5408163265306123,149.99
0.17346938775510204,1.5816326530612246,149.99
0.17346938775510204,1.6224489795918366,149.99
0.17346938775510204,1.663265306122449,149.99
0.17346938775510204,1.7040816326530612,149.99
0.17346938775510204,1.7448979591836735,149.99
0.17346938775510204,1.7857142857142856,149.99
0.17346938775510204,1.8265306122448979,149.99
0.17346938775510204,1.8673469387755102,52.53
0.17346938775510204,1.9081632653061225,149.99
0.17346938775510204,1.9489795918367347,149.99
0.17346938775510204,1.989795918367347,99.69
0.17346938775510204,2.0306122448979593,77.98
0.17346938775510204,2.071428571428571,21.38
0.17346938775510204,2.1122448979591835,69.54
0.17346938775510204,2.1530612244897958,70.28
0.17346938775510204,2.193877551020408,64.95
0.17346938775510204,2.2346938775510203,60.160000000000004
0.17346938775510204,2.2755102040816326,52.480000000000004
0.17346938775510204,2.316326530612245,49.99
0.17346938775510204,2.357142857142857,56.620000000000005
0.17346938775510204,2.3979591836734695,59.29
0.17346938775510204,2.4387755102040813,6.2700000000000005
0.17346938775510204,2.479591836734694,56.45
0.17346938775510204,2.520408163265306,25.86
0.17346938775510204,2.561224489795918,60.5
0.17346938775510204,2.6020408163265305,34.36
0.17346938775510204,2.642857142857143,56.93
0.17346938775510204,2.683673469387755,61.75
0.17346938775510204,2.724489795918367,57.28
0.17346938775510204,2.7653061224489797,65.25
0.17346938775510204,2.8061224489795915,54.51
0.17346938775510204,2.8469387755102042,52.230000000000004
0.17346938775510204,2.887755102040816,50.92
0.17346938775510204,2.9285714285714284,50.58
0.17346938775510204,2.9693877551020407,50.0
0.17346938775510204,3.010204081632653,49.76
0.17346938775510204,3.0510204081632653,49.65
0.17346938775510204,3.091836734693877,49.660000000000004
0.17346938775510204,3.13265306122449,49.730000000000004
0.17346938775510204,3.1734693877551017,49.84
0.17346938775510204,3.2142857142857144,54.56
0.17346938775510204,3.2551020408163263,57.07
0.17346938775510204,3.2959183673469385,61.76
0.17346938775510204,3.336734693877551,57.25
0.17346938775510204,3.377551020408163,80.55
0.17346938775510204,3.4183673469387754,59.410000000000004
0.17346938775510204,3.4591836734693877,53.24
0.17346938775510204,3.5,52.1
0.18367346938775508,1.5,149.99
0.18367346938775508,1.5408163265306123,149.99
0.18367346938775508,1.5816326530612246,98.47
0.18367346938775508,1.6224489795918366,149.99
0.18367346938775508,1.663265306122449,149.99
0.18367346938775508,1.7040816326530612,149.99
0.18367346938775508,1.7448979591836735,149.99
0.18367346938775508,1.7857142857142856,131.45
0.18367346938775508,1.8265306122448979,149.99
0.18367346938775508,1.8673469387755102,149.99
0.18367346938775508,1.9081632653061225,149.99
0.18367346938775508,1.9489795918367347,144.91
0.18367346938775508,1.989795918367347,106.04
0.18367346938775508,2.0306122448979593,149.99
0.18367346938775508,2.071428571428571,88.2
0.18367346938775508,2.1122448979591835,87.79
0.18367346938775508,2.1530612244897958,63.72
0.18367346938775508,2.193877551020408,77.76
0.18367346938775508,2.2346938775510203,65.18
0.18367346938775508,2.2755102040816326,53.81
0.18367346938775508,2.316326530612245,50.22
0.18367346938775508,2.357142857142857,50.94
0.18367346938775508,2.3979591836734695,60.29
0.18367346938775508,2.4387755102040813,6.2700000000000005
0.18367346938775508,2.479591836734694,51.410000000000004
0.18367346938775508,2.520408163265306,58.78
0.18367346938775508,2.561224489795918,67.24
0.18367346938775508,2.6020408163265305,60.78
0.18367346938775508,2.642857142857143,58.74
0.18367346938775508,2.683673469387755,60.09
0.18367346938775508,2.724489795918367,51.57
0.18367346938775508,2.7653061224489797,52.5
0.18367346938775508,2.8061224489795915,58.69
0.18367346938775508,2.8469387755102042,48.47
0.18367346938775508,2.887755102040816,47.08
0.18367346938775508,2.9285714285714284,46.34
0.18367346938775508,2.9693877551020407,49.82
0.18367346938775508,3.010204081632653,49.57
0.18367346938775508,3.0510204081632653,49.4
0.18367346938775508,3.091836734693877,49.34
0.18367346938775508,3.13265306122449,49.35
0.18367346938775508,3.1734693877551017,49.43
0.18367346938775508,3.2142857142857144,50.74
0.18367346938775508,3.2551020408163263,54.71
0.18367346938775508,3.2959183673469385,54.06
0.18367346938775508,3.336734693877551,53.730000000000004
0.18367346938775508,3.377551020408163,81.38
0.18367346938775508,3.4183673469387754,65.76
0.18367346938775508,3.4591836734693877,56.32
0.18367346938775508,3.5,48.26
0.19387755102040816,1.5,149.99
0.19387755102040816,1.5408163265306123,56.27
0.19387755102040816,1.5816326530612246,149.99
0.19387755102040816,1.6224489795918366,149.99
0.19387755102040816,1.663265306122449,149.99
0.19387755102040816,1.7040816326530612,149.99
0.19387755102040816,1.7448979591836735,149.99
0.19387755102040816,1.7857142857142856,139.44
0.19387755102040816,1.8265306122448979,135.42000000000002
0.19387755102040816,1.8673469387755102,149.99
0.19387755102040816,1.9081632653061225,149.99
0.19387755102040816,1.9489795918367347,149.99
0.19387755102040816,1.989795918367347,149.99
0.19387755102040816,2.0306122448979593,90.82000000000001
0.19387755102040816,2.071428571428571,149.99
0.19387755102040816,2.1122448979591835,86.21000000000001
0.19387755102040816,2.1530612244897958,62.56
0.19387755102040816,2.193877551020408,68.18
0.19387755102040816,2.2346938775510203,87.19
0.19387755102040816,2.2755102040816326,17.39
0.19387755102040816,2.316326530612245,50.800000000000004
0.19387755102040816,2.357142857142857,50.29
0.19387755102040816,2.3979591836734695,60.35
0.19387755102040816,2.4387755102040813,68.32000000000001
0.19387755102040816,2.479591836734694,6.2700000000000005
0.19387755102040816,2.520408163265306,87.0
0.19387755102040816,2.561224489795918,69.03
0.19387755102040816,2.6020408163265305,50.68
0.19387755102040816,2.642857142857143,66.62
0.19387755102040816,2.683673469387755,53.99
0.19387755102040816,2.724489795918367,71.33
0.19387755102040816,2.7653061224489797,53.86
0.19387755102040816,2.8061224489795915,112.13
0.19387755102040816,2.8469387755102042,50.730000000000004
0.19387755102040816,2.887755102040816,47.58
0.19387755102040816,2.9285714285714284,46.32
0.19387755102040816,2.9693877551020407,45.910000000000004
0.19387755102040816,3.010204081632653,45.39
0.19387755102040816,3.0510204081632653,45.21
0.19387755102040816,3.091836734693877,45.13
0.19387755102040816,3.13265306122449,45.160000000000004
0.19387755102040816,3.1734693877551017,45.29
0.19387755102040816,3.2142857142857144,49.85
0.19387755102040816,3.2551020408163263,51.71
0.19387755102040816,3.2959183673469385,56.480000000000004
0.19387755102040816,3.336734693877551,57.52
0.19387755102040816,3.377551020408163,60.4
0.19387755102040816,3.4183673469387754,28.16
0.19387755102040816,3.4591836734693877,66.65
0.19387755102040816,3.5,49.35
0.2040816326530612,1.5,149.99
0.2040816326530612,1.5408163265306123,91.95
0.2040816326530612,1.5816326530612246,149.99
0.2040816326530612,1.6224489795918366,149.99
0.2040816326530612,1.663265306122449,149.99
0.2040816326530612,1.7040816326530612,94.18
0.2040816326530612,1.7448979591836735,75.06
0.2040816326530612,1.7857142857142856,149.99
0.2040816326530612,1.8265306122448979,149.99
0.2040816326530612,1.8673469387755102,149.99
0.2040816326530612,1.9081632653061225,149.99
0.2040816326530612,1.9489795918367347,26.330000000000002
0.2040816326530612,1.989795918367347,149.99
0.2040816326530612,2.0306122448979593,125.06
0.2040816326530612,2.071428571428571,149.99
0.2040816326530612,2.1122448979591835,123.61
0.2040816326530612,2.1530612244897958,149.99
0.2040816326530612,2.193877551020408,56.06
0.2040816326530612,2.2346938775510203,54.63
0.2040816326530612,2.2755102040816326,63.29
0.2040816326530612,2.316326530612245,46.62
0.2040816326530612,2.357142857142857,45.97
0.2040816326530612,2.3979591836734695,55.75
0.2040816326530612,2.4387755102040813,60.51
0.2040816326530612,2.479591836734694,6.2700000000000005
0.2040816326530612,2.520408163265306,52.36
0.2040816326530612,2.561224489795918,55.54
0.2040816326530612,2.6020408163265305,66.99
0.2040816326530612,2.642857142857143,57.07
0.2040816326530612,2.683673469387755,59.69
0.2040816326530612,2.724489795918367,54.64
0.2040816326530612,2.7653061224489797,47.660000000000004
0.2040816326530612,2.8061224489795915,47.99
0.2040816326530612,2.8469387755102042,50.83
0.2040816326530612,2.887755102040816,44.800000000000004
0.2040816326530612,2.9285714285714284,46.62
0.2040816326530612,2.9693877551020407,42.160000000000004
0.2040816326530612,3.010204081632653,45.21
0.2040816326530612,3.0510204081632653,44.99
0.2040816326530612,3.091836734693877,44.86
0.2040816326530612,3.13265306122449,44.83
0.2040816326530612,3.1734693877551017,44.92
0.2040816326530612,3.2142857142857144,45.6
0.2040816326530612,3.2551020408163263,46.88
0.2040816326530612,3.2959183673469385,78.36
0.2040816326530612,3.336734693877551,49.69
0.2040816326530612,3.377551020408163,52.51
0.2040816326530612,3.4183673469387754,18.21
0.2040816326530612,3.4591836734693877,14.280000000000001
0.2040816326530612,3.5,52.43
0.21428571428571427,1.5,149.99
0.21428571428571427,1.5408163265306123,117.71000000000001
0.21428571428571427,1.5816326530612246,39.24
0.21428571428571427,1.6224489795918366,149.99
0.21428571428571427,1.663265306122449,149.99
0.21428571428571427,1.7040816326530612,149.99
0.21428571428571427,1.7448979591836735,149.99
0.21428571428571427,1.7857142857142856,149.99
0.21428571428571427,1.8265306122448979,149.99
0.21428571428571427,1.8673469387755102,149.99
0.21428571428571427,1.9081632653061225,149.99
0.21428571428571427,1.9489795918367347,149.99
0.21428571428571427,1.989795918367347,149.99
0.21428571428571427,2.0306122448979593,149.99
0.21428571428571427,2.071428571428571,80.39
0.21428571428571427,2.1122448979591835,149.99
0.21428571428571427,2.1530612244897958,149.99
0.21428571428571427,2.193877551020408,55.03
0.21428571428571427,2.2346938775510203,95.68
0.21428571428571427,2.2755102040816326,62.440000000000005
0.21428571428571427,2.316326530612245,47.75
0.21428571428571427,2.357142857142857,46.04
0.21428571428571427,2.3979591836734695,52.72
0.21428571428571427,2.4387755102040813,65.66
0.21428571428571427,2.479591836734694,6.2700000000000005
0.21428571428571427,2.520408163265306,46.71
0.21428571428571427,2.561224489795918,52.18
0.21428571428571427,2.6020408163265305,52.95
0.21428571428571427,2.642857142857143,58.01
0.21428571428571427,2.683673469387755,55.68
0.21428571428571427,2.724489795918367,61.07
0.21428571428571427,2.7653061224489797,93.28
0.21428571428571427,2.8061224489795915,52.75
0.21428571428571427,2.8469387755102042,62.410000000000004
0.21428571428571427,2.887755102040816,48.22
0.21428571428571427,2.9285714285714284,43.44
0.21428571428571427,2.9693877551020407,42.36
0.21428571428571427,3.010204081632653,41.730000000000004
0.21428571428571427,3.0510204081632653,41.52
0.21428571428571427,3.091836734693877,41.42
0.21428571428571427,3.13265306122449,41.410000000000004
0.21428571428571427,3.1734693877551017,44.67
0.21428571428571427,3.2142857142857144,45.1
0.21428571428571427,3.2551020408163263,46.09
0.21428571428571427,3.2959183673469385,56.31
0.21428571428571427,3.336734693877551,49.85
0.21428571428571427,3.377551020408163,55.51
0.21428571428571427,3.4183673469387754,53.09
0.21428571428571427,3.4591836734693877,16.6
0.21428571428571427,3.5,23.45
0.22448979591836732,1.5,149.99
0.22448979591836732,1.5408163265306123,149.99
0.22448979591836732,1.5816326530612246,149.99
0.22448979591836732,1.6224489795918366,149.99
0.22448979591836732,1.663265306122449,149.99
0.22448979591836732,1.7040816326530612,149.99
0.22448979591836732,1.7448979591836735,149.99
0.22448979591836732,1.7857142857142856,68.9
0.22448979591836732,1.8265306122448979,149.99
0.22448979591836732,1.8673469387755102,149.99
0.22448979591836732,1.9081632653061225,149.99
0.22448979591836732,1.9489795918367347,149.99
0.22448979591836732,1.989795918367347,149.99
0.22448979591836732,2.0306122448979593,149.99
0.22448979591836732,2.071428571428571,149.99
0.22448979591836732,2.1122448979591835,149.99
0.22448979591836732,2.1530612244897958,149.99
0.22448979591836732,2.193877551020408,51.08
0.22448979591836732,2.2346938775510203,64.09
0.22448979591836732,2.2755102040816326,52.17
0.22448979591836732,2.316326530612245,45.4
0.22448979591836732,2.357142857142857,46.38
0.22448979591836732,2.3979591836734695,53.42
0.22448979591836732,2.4387755102040813,67.24
0.22448979591836732,2.479591836734694,55.56
0.22448979591836732,2.520408163265306,6.2700000000000005
0.22448979591836732,2.561224489795918,59.550000000000004
0.22448979591836732,2.6020408163265305,63.59
0.22448979591836732,2.642857142857143,45.9
0.22448979591836732,2.683673469387755,66.84
0.22448979591836732,2.724489795918367,59.68
0.22448979591836732,2.7653061224489797,49.95
0.22448979591836732,2.8061224489795915,47.88
0.22448979591836732,2.8469387755102042,47.660000000000004
0.22448979591836732,2.887755102040816,59.35
0.22448979591836732,2.9285714285714284,44.87
0.22448979591836732,2.9693877551020407,42.92
0.22448979591836732,3.010204081632653,41.910000000000004
0.22448979591836732,3.0510204081632653,41.480000000000004
0.22448979591836732,3.091836734693877,41.31
0.22448979591836732,3.13265306122449,41.24
0.22448979591836732,3.1734693877551017,41.300000000000004
0.22448979591836732,3.2142857142857144,41.59
0.22448979591836732,3.2551020408163263,42.21
0.22448979591836732,3.2959183673469385,46.02
0.22448979591836732,3.336734693877551,70.25
0.22448979591836732,3.377551020408163,17.47
0.22448979591836732,3.4183673469387754,49.61
0.22448979591836732,3.4591836734693877,18.93
0.22448979591836732,3.5,16.22
0.2346938775510204,1.5,131.24
0.2346938775510204,1.5408163265306123,149.99
0.2346938775510204,1.5816326530612246,149.99
0.2346938775510204,1.6224489795918366,149.99
0.2346938775510204,1.663265306122449,149.99
0.2346938775510204,1.7040816326530612,149.99
0.2346938775510204,1.7448979591836735,149.99
0.2346938775510204,1.7857142857142856,149.99
0.2346938775510204,1.8265306122448979,149.99
0.2346938775510204,1.8673469387755102,149.99
0.2346938775510204,1.9081632653061225,149.99
0.2346938775510204,1.9489795918367347,86.17
0.2346938775510204,1.989795918367347,79.37
0.2346938775510204,2.0306122448979593,13.44
0.2346938775510204,2.071428571428571,149.99
0.2346938775510204,2.1122448979591835,149.99
0.2346938775510204,2.1530612244897958,149.99
0.2346938775510204,2.193877551020408,53.17
0.2346938775510204,2.2346938775510203,19.91
0.2346938775510204,2.2755102040816326,89.51
0.2346938775510204,2.316326530612245,120.35000000000001
0.2346938775510204,2.357142857142857,43.0
0.2346938775510204,2.3979591836734695,51.19
0.2346938775510204,2.4387755102040813,53.82
0.2346938775510204,2.479591836734694,68.98
0.2346938775510204,2.520408163265306,6.2700000000000005
0.2346938775510204,2.561224489795918,48.13
0.2346938775510204,2.6020408163265305,51.660000000000004
0.2346938775510204,2.642857142857143,46.980000000000004
0.2346938775510204,2.683673469387755,50.76
0.2346938775510204,2.724489795918367,47.07
0.2346938775510204,2.7653061224489797,47.800000000000004
0.2346938775510204,2.8061224489795915,43.57
0.2346938775510204,2.8469387755102042,52.53
0.2346938775510204,2.887755102040816,54.68
0.2346938775510204,2.9285714285714284,61.02
0.2346938775510204,2.9693877551020407,43.660000000000004
0.2346938775510204,3.010204081632653,42.22
0.2346938775510204,3.0510204081632653,41.63
0.2346938775510204,3.091836734693877,41.31
0.2346938775510204,3.13265306122449,41.11
0.2346938775510204,3.1734693877551017,41.160000000000004
0.2346938775510204,3.2142857142857144,41.4
0.2346938775510204,3.2551020408163263,41.85
0.2346938775510204,3.2959183673469385,43.96
0.2346938775510204,3.336734693877551,47.52
0.2346938775510204,3.377551020408163,45.83
0.2346938775510204,3.4183673469387754,45.9
0.2346938775510204,3.4591836734693877,14.620000000000001
0.2346938775510204,3.5,30.02
0.24489795918367346,1.5,149.99
0.24489795918367346,1.5408163265306123,13.65
0.24489795918367346,1.5816326530612246,74.93
0.24489795918367346,1.6224489795918366,149.99
0.24489795918367346,1.663265306122449,43.2
0.24489795918367346,1.7040816326530612,55.77
0.24489795918367346,1.7448979591836735,149.99
0.24489795918367346,1.7857142857142856,149.99
0.24489795918367346,1.8265306122448979,149.99
0.24489795918367346,1.8673469387755102,149.99
0.24489795918367346,1.9081632653061225,149.99
0.24489795918367346,1.9489795918367347,149.99
0.24489795918367346,1.989795918367347,149.99
0.24489795918367346,2.0306122448979593,149.99
0.24489795918367346,2.071428571428571,149.99
0.24489795918367346,2.1122448979591835,149.99
0.24489795918367346,2.1530612244897958,114.4
0.24489795918367346,2.193877551020408,88.82000000000001
0.24489795918367346,2.2346938775510203,66.88
0.24489795918367346,2.2755102040816326,76.24
0.24489795918367346,2.316326530612245,149.26
0.24489795918367346,2.357142857142857,44.58
0.24489795918367346,2.3979591836734695,33.27
0.24489795918367346,2.4387755102040813,61.910000000000004
0.24489795918367346,2.479591836734694,50.39
0.24489795918367346,2.520408163265306,6.2700000000000005
0.24489795918367346,2.561224489795918,43.1
0.24489795918367346,2.6020408163265305,49.88
0.24489795918367346,2.642857142857143,55.870000000000005
0.24489795918367346,2.683673469387755,57.99
0.24489795918367346,2.724489795918367,61.940000000000005
0.24489795918367346,2.7653061224489797,66.96000000000001
0.24489795918367346,2.8061224489795915,51.9
0.24489795918367346,2.8469387755102042,44.980000000000004
0.24489795918367346,2.887755102040816,43.230000000000004
0.24489795918367346,2.9285714285714284,46.6
0.24489795918367346,2.9693877551020407,42.300000000000004
0.24489795918367346,3.010204081632653,39.1
0.24489795918367346,3.0510204081632653,41.9
0.24489795918367346,3.091836734693877,38.02
0.24489795918367346,3.13265306122449,40.910000000000004
0.24489795918367346,3.1734693877551017,40.86
0.24489795918367346,3.2142857142857144,41.29
0.24489795918367346,3.2551020408163263,41.65
0.24489795918367346,3.2959183673469385,43.19
0.24489795918367346,3.336734693877551,48.36
0.24489795918367346,3.377551020408163,45.56
0.24489795918367346,3.4183673469387754,49.730000000000004
0.24489795918367346,3.4591836734693877,51.01
0.24489795918367346,3.5,15.97
0.25510204081632654,1.5,149.99
0.25510204081632654,1.5408163265306123,149.99
0.25510204081632654,1.5816326530612246,149.99
0.25510204081632654,1.6224489795918366,13.48
0.25510204081632654,1.663265306122449,134.28
0.25510204081632654,1.7040816326530612,84.29
0.25510204081632654,1.7448979591836735,149.99
0.25510204081632654,1.7857142857142856,28.04
0.25510204081632654,1.8265306122448979,149.99
0.25510204081632654,1.8673469387755102,149.99
0.25510204081632654,1.9081632653061225,149.99
0.25510204081632654,1.9489795918367347,149.99
0.25510204081632654,1.989795918367347,149.99
0.25510204081632654,2.0306122448979593,149.99
0.25510204081632654,2.071428571428571,149.99
0.25510204081632654,2.1122448979591835,149.99
0.25510204081632654,2.1530612244897958,149.99
0.25510204081632654,2.193877551020408,149.99
0.25510204081632654,2.2346938775510203,75.51
0.25510204081632654,2.2755102040816326,33.27
0.25510204081632654,2.316326530612245,120.23
0.25510204081632654,2.357142857142857,17.5
0.25510204081632654,2.3979591836734695,124.05
0.25510204081632654,2.4387755102040813,38.81
0.25510204081632654,2.479591836734694,11.96
0.25510204081632654,2.520408163265306,6.2700000000000005
0.25510204081632654,2.561224489795918,58.14
0.25510204081632654,2.6020408163265305,52.47
0.25510204081632654,2.642857142857143,75.35000000000001
0.25510204081632654,2.683673469387755,44.480000000000004
0.25510204081632654,2.724489795918367,59.88
0.25510204081632654,2.7653061224489797,59.08
0.25510204081632654,2.8061224489795915,57.32
0.25510204081632654,2.8469387755102042,42.95
0.25510204081632654,2.887755102040816,53.89
0.25510204081632654,2.9285714285714284,87.93
0.25510204081632654,2.9693877551020407,47.59
0.25510204081632654,3.010204081632653,40.49
0.25510204081632654,3.0510204081632653,38.62
0.25510204081632654,3.091836734693877,38.12
0.25510204081632654,3.13265306122449,37.5
0.25510204081632654,3.1734693877551017,37.4
0.25510204081632654,3.2142857142857144,37.57
0.25510204081632654,3.2551020408163263,41.53
0.25510204081632654,3.2959183673469385,42.83
0.25510204081632654,3.336734693877551,55.92
0.25510204081632654,3.377551020408163,53.07
0.25510204081632654,3.4183673469387754,17.3
0.25510204081632654,3.4591836734693877,45.64
0.25510204081632654,3.5,16.26
0.26530612244897955,1.5,149.99
0.26530612244897955,1.5408163265306123,149.99
0.26530612244897955,1.5816326530612246,131.83
0.26530612244897955,1.6224489795918366,149.99
0.26530612244897955,1.663265306122449,145.55
0.26530612244897955,1.7040816326530612,13.48
0.26530612244897955,1.7448979591836735,43.81
0.26530612244897955,1.7857142857142856,149.99
0.26530612244897955,1.8265306122448979,149.99
0.26530612244897955,1.8673469387755102,65.14
0.26530612244897955,1.9081632653061225,13.4
0.26530612244897955,1.9489795918367347,149.99
0.26530612244897955,1.989795918367347,19.77
0.26530612244897955,2.0306122448979593,149.99
0.26530612244897955,2.071428571428571,149.99
0.26530612244897955,2.1122448979591835,104.42
0.26530612244897955,2.1530612244897958,149.99
0.26530612244897955,2.193877551020408,82.4
0.26530612244897955,2.2346938775510203,149.99
0.26530612244897955,2.2755102040816326,85.94
0.26530612244897955,2.316326530612245,149.99
0.26530612244897955,2.357142857142857,55.58
0.26530612244897955,2.3979591836734695,66.53
0.26530612244897955,2.4387755102040813,49.31
0.26530612244897955,2.479591836734694,89.18
0.26530612244897955,2.520408163265306,64.04
0.26530612244897955,2.561224489795918,6.2700000000000005
0.26530612244897955,2.6020408163265305,45.01
0.26530612244897955,2.642857142857143,60.050000000000004
0.26530612244897955,2.683673469387755,42.17
0.26530612244897955,2.724489795918367,46.53
0.26530612244897955,2.7653061224489797,49.46
0.26530612244897955,2.8061224489795915,73.55
0.26530612244897955,2.8469387755102042,46.07
0.26530612244897955,2.887755102040816,55.06
0.26530612244897955,2.9285714285714284,42.980000000000004
0.26530612244897955,2.9693877551020407,43.95
0.26530612244897955,3.010204081632653,49.09
0.26530612244897955,3.0510204081632653,39.79
0.26530612244897955,3.091836734693877,38.38
0.26530612244897955,3.13265306122449,37.7
0.26530612244897955,3.1734693877551017,37.47
0.26530612244897955,3.2142857142857144,37.49
0.26530612244897955,3.2551020408163263,38.07
0.26530612244897955,3.2959183673469385,38.93
0.26530612244897955,3.336734693877551,48.06
0.26530612244897955,3.377551020408163,43.75
0.26530612244897955,3.4183673469387754,42.79
0.26530612244897955,3.4591836734693877,47.92
0.26530612244897955,3.5,50.08
0.2755102040816326,1.5,149.99
0.2755102040816326,1.5408163265306123,149.99
0.2755102040816326,1.5816326530612246,149.99
0.2755102040816326,1.6224489795918366,149.99
0.2755102040816326,1.663265306122449,69.93
0.2755102040816326,1.7040816326530612,149.99
0.2755102040816326,1.7448979591836735,123.17
0.2755102040816326,1.7857142857142856,149.99
0.2755102040816326,1.8265306122448979,149.99
0.2755102040816326,1.8673469387755102,73.03
0.2755102040816326,1.9081632653061225,149.99
0.2755102040816326,1.9489795918367347,149.99
0.2755102040816326,1.989795918367347,149.99
0.2755102040816326,2.0306122448979593,149.99
0.2755102040816326,2.071428571428571,149.99
0.2755102040816326,2.1122448979591835,108.11
0.2755102040816326,2.1530612244897958,17.95
0.2755102040816326,2.193877551020408,149.99
0.2755102040816326,2.2346938775510203,149.99
0.2755102040816326,2.2755102040816326,149.99
0.2755102040816326,2.316326530612245,78.67
0.2755102040816326,2.357142857142857,51.32
0.2755102040816326,2.3979591836734695,48.71
0.2755102040816326,2.4387755102040813,76.9
0.2755102040816326,2.479591836734694,126.78
0.2755102040816326,2.520408163265306,149.99
0.2755102040816326,2.561224489795918,6.2700000000000005
0.2755102040816326,2.6020408163265305,43.9
0.2755102040816326,2.642857142857143,50.82
0.2755102040816326,2.683673469387755,44.550000000000004
0.2755102040816326,2.724489795918367,48.45
0.2755102040816326,2.7653061224489797,8.73
0.2755102040816326,2.8061224489795915,49.68
0.2755102040816326,2.8469387755102042,47.870000000000005
0.2755102040816326,2.887755102040816,39.09
0.2755102040816326,2.9285714285714284,14.82
0.2755102040816326,2.9693877551020407,102.41
0.2755102040816326,3.010204081632653,57.86
0.2755102040816326,3.0510204081632653,43.45
0.2755102040816326,3.091836734693877,39.13
0.2755102040816326,3.13265306122449,38.26
0.2755102040816326,3.1734693877551017,37.64
0.2755102040816326,3.2142857142857144,37.58
0.2755102040816326,3.2551020408163263,38.01
0.2755102040816326,3.2959183673469385,38.78
0.2755102040816326,3.336734693877551,12.96
0.2755102040816326,3.377551020408163,43.160000000000004
0.2755102040816326,3.4183673469387754,41.44
0.2755102040816326,3.4591836734693877,21.73
0.2755102040816326,3.5,48.160000000000004
0.2857142857142857,1.5,64.3
0.2857142857142857,1.5408163265306123,52.76
0.2857142857142857,1.5816326530612246,149.99
0.2857142857142857,1.6224489795918366,149.99
0.2857142857142857,1.663265306122449,63.5
0.2857142857142857,1.7040816326530612,149.99
0.2857142857142857,1.7448979591836735,149.99
0.2857142857142857,1.7857142857142856,149.99
0.2857142857142857,1.8265306122448979,67.39
0.2857142857142857,1.8673469387755102,149.99
0.2857142857142857,1.9081632653061225,149.99
0.2857142857142857,1.9489795918367347,149.99
0.2857142857142857,1.989795918367347,44.77
0.2857142857142857,2.0306122448979593,149.99
0.2857142857142857,2.071428571428571,149.99
0.2857142857142857,2.1122448979591835,149.99
0.2857142857142857,2.1530612244897958,149.99
0.2857142857142857,2.193877551020408,149.99
0.2857142857142857,2.2346938775510203,149.99
0.2857142857142857,2.2755102040816326,149.99
0.2857142857142857,2.316326530612245,149.99
0.2857142857142857,2.357142857142857,149.99
0.2857142857142857,2.3979591836734695,43.01
0.2857142857142857,2.4387755102040813,99.87
0.2857142857142857,2.479591836734694,40.84
0.2857142857142857,2.520408163265306,75.88
0.2857142857142857,2.561224489795918,6.2700000000000005
0.2857142857142857,2.6020408163265305,87.55
0.2857142857142857,2.642857142857143,66.1
0.2857142857142857,2.683673469387755,61.89
0.2857142857142857,2.724489795918367,47.93
0.2857142857142857,2.7653061224489797,62.33
0.2857142857142857,2.8061224489795915,43.35
0.2857142857142857,2.8469387755102042,43.22
0.2857142857142857,2.887755102040816,63.9
0.2857142857142857,2.9285714285714284,53.38
0.2857142857142857,2.9693877551020407,39.660000000000004
0.2857142857142857,3.010204081632653,77.8
0.2857142857142857,3.0510204081632653,43.31
0.2857142857142857,3.091836734693877,38.43
0.2857142857142857,3.13265306122449,38.94
0.2857142857142857,3.1734693877551017,38.25
0.2857142857142857,3.2142857142857144,37.75
0.2857142857142857,3.2551020408163263,38.17
0.2857142857142857,3.2959183673469385,38.84
0.2857142857142857,3.336734693877551,43.57
0.2857142857142857,3.377551020408163,23.490000000000002
0.2857142857142857,3.4183673469387754,45.64
0.2857142857142857,3.4591836734693877,16.77
0.2857142857142857,3.5,43.410000000000004
0.29591836734693877,1.5,149.99
0.29591836734693877,1.5408163265306123,149.99
0.29591836734693877,1.5816326530612246,40.230000000000004
0.29591836734693877,1.6224489795918366,149.99
0.29591836734693877,1.663265306122449,149.99
0.29591836734693877,1.7040816326530612,149.99
0.29591836734693877,1.7448979591836735,149.99
0.29591836734693877,1.7857142857142856,149.99
0.29591836734693877,1.8265306122448979,149.99
0.29591836734693877,1.8673469387755102,149.99
0.29591836734693877,1.9081632653061225,149.99
0.29591836734693877,1.9489795918367347,149.99
0.29591836734693877,1.989795918367347,149.99
0.29591836734693877,2.0306122448979593,149.99
0.29591836734693877,2.071428571428571,149.99
0.29591836734693877,2.1122448979591835,149.99
0.29591836734693877,2.1530612244897958,103.61
0.29591836734693877,2.193877551020408,29.51
0.29591836734693877,2.2346938775510203,149.99
0.29591836734693877,2.2755102040816326,149.99
0.29591836734693877,2.316326530612245,149.99
0.29591836734693877,2.357142857142857,149.99
0.29591836734693877,2.3979591836734695,149.99
0.29591836734693877,2.4387755102040813,96.61
0.29591836734693877,2.479591836734694,149.99
0.29591836734693877,2.520408163265306,149.99
0.29591836734693877,2.561224489795918,6.2700000000000005
0.29591836734693877,2.6020408163265305,6.2700000000000005
0.29591836734693877,2.642857142857143,48.49
0.29591836734693877,2.683673469387755,52.65
0.29591836734693877,2.724489795918367,44.78
0.29591836734693877,2.7653061224489797,47.31
0.29591836734693877,2.8061224489795915,46.99
0.29591836734693877,2.8469387755102042,54.84
0.29591836734693877,2.887755102040816,50.72
0.29591836734693877,2.9285714285714284,39.74
0.29591836734693877,2.9693877551020407,14.98
0.29591836734693877,3.010204081632653,41.660000000000004
0.29591836734693877,3.0510204081632653,40.85
0.29591836734693877,3.091836734693877,44.68
0.29591836734693877,3.13265306122449,37.76
0.29591836734693877,3.1734693877551017,35.77
0.29591836734693877,3.2142857142857144,35.37
0.29591836734693877,3.2551020408163263,35.410000000000004
0.29591836734693877,3.2959183673469385,39.050000000000004
0.29591836734693877,3.336734693877551,12.9
0.29591836734693877,3.377551020408163,55.14
0.29591836734693877,3.4183673469387754,23.89
0.29591836734693877,3.4591836734693877,49.050000000000004
0.29591836734693877,3.5,42.62
0.3061224489795918,1.5,149.99
0.3061224489795918,1.5408163265306123,149.99
0.3061224489795918,1.5816326530612246,149.99
0.3061224489795918,1.6224489795918366,149.99
0.3061224489795918,1.663265306122449,149.99
0.3061224489795918,1.7040816326530612,149.99
0.3061224489795918,1.7448979591836735,109.04
0.3061224489795918,1.7857142857142856,149.99
0.3061224489795918,1.8265306122448979,149.99
0.3061224489795918,1.8673469387755102,149.99
0.3061224489795918,1.9081632653061225,149.99
0.3061224489795918,1.9489795918367347,149.99
0.3061224489795918,1.989795918367347,71.71000000000001
0.3061224489795918,2.0306122448979593,149.99
0.3061224489795918,2.071428571428571,149.99
0.3061224489795918,2.1122448979591835,63.4
0.3061224489795918,2.1530612244897958,21.14
0.3061224489795918,2.193877551020408,93.06
0.3061224489795918,2.2346938775510203,149.99
0.3061224489795918,2.2755102040816326,120.25
0.3061224489795918,2.316326530612245,149.99
0.3061224489795918,2.357142857142857,41.71
0.3061224489795918,2.3979591836734695,149.99
0.3061224489795918,2.4387755102040813,149.99
0.3061224489795918,2.479591836734694,108.24000000000001
0.3061224489795918,2.520408163265306,11.88
0.3061224489795918,2.561224489795918,6.2700000000000005
0.3061224489795918,2.6020408163265305,6.2700000000000005
0.3061224489795918,2.642857142857143,44.67
0.3061224489795918,2.683673469387755,48.74
0.3061224489795918,2.724489795918367,40.45
0.3061224489795918,2.7653061224489797,58.7
0.3061224489795918,2.8061224489795915,8.47
0.3061224489795918,2.8469387755102042,53.22
0.3061224489795918,2.887755102040816,73.88
0.3061224489795918,2.9285714285714284,50.34
0.3061224489795918,2.9693877551020407,46.03
0.3061224489795918,3.010204081632653,40.84
0.3061224489795918,3.0510204081632653,30.86
0.3061224489795918,3.091836734693877,72.13
0.3061224489795918,3.13265306122449,46.46
0.3061224489795918,3.1734693877551017,38.28
0.3061224489795918,3.2142857142857144,36.53
0.3061224489795918,3.2551020408163263,35.95
0.3061224489795918,3.2959183673469385,36.85
0.3061224489795918,3.336734693877551,13.22
0.3061224489795918,3.377551020408163,41.95
0.3061224489795918,3.4183673469387754,54.800000000000004
0.3061224489795918,3.4591836734693877,40.85
0.3061224489795918,3.5,35.69
0.31632653061224486,1.5,93.7
0.31632653061224486,1.5408163265306123,149.99
0.31632653061224486,1.5816326530612246,149.99
0.31632653061224486,1.6224489795918366,115.46000000000001
0.31632653061224486,1.663265306122449,132.61
0.31632653061224486,1.7040816326530612,109.53
0.31632653061224486,1.7448979591836735,149.99
0.31632653061224486,1.7857142857142856,149.99
0.31632653061224486,1.8265306122448979,149.99
0.31632653061224486,1.8673469387755102,149.99
0.31632653061224486,1.9081632653061225,149.99
0.31632653061224486,1.9489795918367347,149.99
0.31632653061224486,1.989795918367347,149.99
0.31632653061224486,2.0306122448979593,149.99
0.31632653061224486,2.071428571428571,149.99
0.31632653061224486,2.1122448979591835,149.99
0.31632653061224486,2.1530612244897958,149.99
0.31632653061224486,2.193877551020408,149.99
0.31632653061224486,2.2346938775510203,149.99
0.31632653061224486,2.2755102040816326,113.98
0.31632653061224486,2.316326530612245,149.99
0.31632653061224486,2.357142857142857,71.73
0.31632653061224486,2.3979591836734695,149.99
0.31632653061224486,2.4387755102040813,149.99
0.31632653061224486,2.479591836734694,149.99
0.31632653061224486,2.520408163265306,102.03
0.31632653061224486,2.561224489795918,52.550000000000004
0.31632653061224486,2.6020408163265305,6.2700000000000005
0.31632653061224486,2.642857142857143,65.74
0.31632653061224486,2.683673469387755,65.07000000000001
0.31632653061224486,2.724489795918367,19.52
0.31632653061224486,2.7653061224489797,77.61
0.31632653061224486,2.8061224489795915,99.64
0.31632653061224486,2.8469387755102042,56.72
0.31632653061224486,2.887755102040816,45.26
0.31632653061224486,2.9285714285714284,57.410000000000004
0.31632653061224486,2.9693877551020407,40.480000000000004
0.31632653061224486,3.010204081632653,54.67
0.31632653061224486,3.0510204081632653,39.88
0.31632653061224486,3.091836734693877,52.53
0.31632653061224486,3.13265306122449,49.6
0.31632653061224486,3.1734693877551017,48.63
0.31632653061224486,3.2142857142857144,40.08
0.31632653061224486,3.2551020408163263,37.800000000000004
0.31632653061224486,3.2959183673469385,38.59
0.31632653061224486,3.336734693877551,43.86
0.31632653061224486,3.377551020408163,41.47
0.31632653061224486,3.4183673469387754,41.300000000000004
0.31632653061224486,3.4591836734693877,38.43
0.31632653061224486,3.5,20.93
0.32653061224489793,1.5,105.92
0.32653061224489793,1.5408163265306123,149.99
0.32653061224489793,1.5816326530612246,149.99
0.32653061224489793,1.6224489795918366,101.72
0.32653061224489793,1.663265306122449,149.99
0.32653061224489793,1.7040816326530612,149.99
0.32653061224489793,1.7448979591836735,149.99
0.32653061224489793,1.7857142857142856,149.99
0.32653061224489793,1.8265306122448979,149.99
0.32653061224489793,1.8673469387755102,149.99
0.32653061224489793,1.9081632653061225,52.39
0.32653061224489793,1.9489795918367347,74.45
0.32653061224489793,1.989795918367347,149.99
0.32653061224489793,2.0306122448979593,149.99
0.32653061224489793,2.071428571428571,149.99
0.32653061224489793,2.1122448979591835,149.99
0.32653061224489793,2.1530612244897958,149.99
0.32653061224489793,2.193877551020408,43.08
0.32653061224489793,2.2346938775510203,149.99
0.32653061224489793,2.2755102040816326,44.910000000000004
0.32653061224489793,2.316326530612245,149.99
0.32653061224489793,2.357142857142857,42.99
0.32653061224489793,2.3979591836734695,149.99
0.32653061224489793,2.4387755102040813,149.99
0.32653061224489793,2.479591836734694,149.99
0.32653061224489793,2.520408163265306,149.99
0.32653061224489793,2.561224489795918,149.99
0.32653061224489793,2.6020408163265305,6.2700000000000005
0.32653061224489793,2.642857142857143,25.990000000000002
0.32653061224489793,2.683673469387755,122.76
0.32653061224489793,2.724489795918367,33.02
0.32653061224489793,2.7653061224489797,69.8
0.32653061224489793,2.8061224489795915,22.580000000000002
0.32653061224489793,2.8469387755102042,135.8
0.32653061224489793,2.887755102040816,48.19
0.32653061224489793,2.9285714285714284,10.28
0.32653061224489793,2.9693877551020407,76.3
0.32653061224489793,3.010204081632653,21.96
0.32653061224489793,3.0510204081632653,88.03
0.32653061224489793,3.091836734693877,46.74
0.32653061224489793,3.13265306122449,40.230000000000004
0.32653061224489793,3.1734693877551017,43.75
0.32653061224489793,3.2142857142857144,43.07
0.32653061224489793,3.2551020408163263,51.54
0.32653061224489793,3.2959183673469385,67.95
0.32653061224489793,3.336734693877551,42.36
0.32653061224489793,3.377551020408163,44.730000000000004
0.32653061224489793,3.4183673469387754,39.61
0.32653061224489793,3.4591836734693877,41.42
0.32653061224489793,3.5,24.080000000000002
0.336734693877551,1.5,123.21000000000001
0.336734693877551,1.5408163265306123,98.35000000000001
0.336734693877551,1.5816326530612246,149.99
0.336734693877551,1.6224489795918366,71.34
0.336734693877551,1.663265306122449,149.99
0.336734693877551,1.7040816326530612,54.51
0.336734693877551,1.7448979591836735,149.99
0.336734693877551,1.7857142857142856,129.66
0.336734693877551,1.8265306122448979,85.95
0.336734693877551,1.8673469387755102,110.53
0.336734693877551,1.9081632653061225,149.99
0.336734693877551,1.9489795918367347,149.99
0.336734693877551,1.989795918367347,149.99
0.336734693877551,2.0306122448979593,110.60000000000001
0.336734693877551,2.071428571428571,149.99
0.336734693877551,2.1122448979591835,149.99
0.336734693877551,2.1530612244897958,149.99
0.336734693877551,2.193877551020408,83.94
0.336734693877551,2.2346938775510203,149.99
0.336734693877551,2.2755102040816326,142.19
0.336734693877551,2.316326530612245,101.38
0.336734693877551,2.357142857142857,149.99
0.336734693877551,2.3979591836734695,149.99
0.336734693877551,2.4387755102040813,149.99
0.336734693877551,2.479591836734694,57.44
0.336734693877551,2.520408163265306,149.99
0.336734693877551,2.561224489795918,121.87
0.336734693877551,2.6020408163265305,6.2700000000000005
0.336734693877551,2.642857142857143,6.2700000000000005
0.336734693877551,2.683673469387755,51.17
0.336734693877551,2.724489795918367,51.42
0.336734693877551,2.7653061224489797,90.68
0.336734693877551,2.8061224489795915,11.32
0.336734693877551,2.8469387755102042,8.39
0.336734693877551,2.887755102040816,43.87
0.336734693877551,2.9285714285714284,46.08
0.336734693877551,2.9693877551020407,67.48
0.336734693877551,3.010204081632653,38.89
0.336734693877551,3.0510204081632653,58.01
0.336734693877551,3.091836734693877,35.9
0.336734693877551,3.13265306122449,30.28
0.336734693877551,3.1734693877551017,40.81
0.336734693877551,3.2142857142857144,51.480000000000004
0.336734693877551,3.2551020408163263,37.6
0.336734693877551,3.2959183673469385,31.17
0.336734693877551,3.336734693877551,49.58
0.336734693877551,3.377551020408163,27.62
0.336734693877551,3.4183673469387754,39.29
0.336734693877551,3.4591836734693877,28.02
0.336734693877551,3.5,51.660000000000004
0.3469387755102041,1.5,149.99
0.3469387755102041,1.5408163265306123,149.99
0.3469387755102041,1.5816326530612246,66.69
0.3469387755102041,1.6224489795918366,139.18
0.3469387755102041,1.663265306122449,27.78
0.3469387755102041,1.7040816326530612,118.4
0.3469387755102041,1.7448979591836735,149.99
0.3469387755102041,1.7857142857142856,149.99
0.3469387755102041,1.8265306122448979,149.99
0.3469387755102041,1.8673469387755102,43.54
0.3469387755102041,1.9081632653061225,22.5
0.3469387755102041,1.9489795918367347,149.99
0.3469387755102041,1.989795918367347,35.42
0.3469387755102041,2.0306122448979593,149.99
0.3469387755102041,2.071428571428571,22.93
0.3469387755102041,2.1122448979591835,149.99
0.3469387755102041,2.1530612244897958,149.99
0.3469387755102041,2.193877551020408,52.67
0.3469387755102041,2.2346938775510203,149.99
0.3469387755102041,2.2755102040816326,149.99
0.3469387755102041,2.316326530612245,149.99
0.3469387755102041,2.357142857142857,50.910000000000004
0.3469387755102041,2.3979591836734695,96.84
0.3469387755102041,2.4387755102040813,149.99
0.3469387755102041,2.479591836734694,149.99
0.3469387755102041,2.520408163265306,149.99
0.3469387755102041,2.561224489795918,149.99
0.3469387755102041,2.6020408163265305,6.2700000000000005
0.3469387755102041,2.642857142857143,6.2700000000000005
0.3469387755102041,2.683673469387755,122.45
0.3469387755102041,2.724489795918367,104.65
0.3469387755102041,2.7653061224489797,49.94
0.3469387755102041,2.8061224489795915,102.16
0.3469387755102041,2.8469387755102042,89.65
0.3469387755102041,2.887755102040816,94.04
0.3469387755102041,2.9285714285714284,60.42
0.3469387755102041,2.9693877551020407,76.73
0.3469387755102041,3.010204081632653,45.99
0.3469387755102041,3.0510204081632653,47.5
0.3469387755102041,3.091836734693877,76.43
0.3469387755102041,3.13265306122449,37.63
0.3469387755102041,3.1734693877551017,26.39
0.3469387755102041,3.2142857142857144,41.63
0.3469387755102041,3.2551020408163263,19.45
0.3469387755102041,3.2959183673469385,41.63
0.3469387755102041,3.336734693877551,42.5
0.3469387755102041,3.377551020408163,53.6
0.3469387755102041,3.4183673469387754,39.47
0.3469387755102041,3.4591836734693877,22.91
0.3469387755102041,3.5,39.0
0.3571428571428571,1.5,87.11
0.3571428571428571,1.5408163265306123,98.27
0.3571428571428571,1.5816326530612246,149.99
0.3571428571428571,1.6224489795918366,149.99
0.3571428571428571,1.663265306122449,82.41
0.3571428571428571,1.7040816326530612,134.69
0.3571428571428571,1.7448979591836735,149.99
0.3571428571428571,1.7857142857142856,149.99
0.3571428571428571,1.8265306122448979,149.99
0.3571428571428571,1.8673469387755102,149.99
0.3571428571428571,1.9081632653061225,122.09
0.3571428571428571,1.9489795918367347,149.99
0.3571428571428571,1.989795918367347,29.3
0.3571428571428571,2.0306122448979593,149.99
0.3571428571428571,2.071428571428571,149.99
0.3571428571428571,2.1122448979591835,137.19
0.3571428571428571,2.1530612244897958,149.99
0.3571428571428571,2.193877551020408,149.99
0.3571428571428571,2.2346938775510203,149.99
0.3571428571428571,2.2755102040816326,149.99
0.3571428571428571,2.316326530612245,149.99
0.3571428571428571,2.357142857142857,149.99
0.3571428571428571,2.3979591836734695,149.99
0.3571428571428571,2.4387755102040813,149.99
0.3571428571428571,2.479591836734694,19.78
0.3571428571428571,2.520408163265306,149.99
0.3571428571428571,2.561224489795918,42.85
0.3571428571428571,2.6020408163265305,149.99
0.3571428571428571,2.642857142857143,6.2700000000000005
0.3571428571428571,2.683673469387755,44.94
0.3571428571428571,2.724489795918367,60.26
0.3571428571428571,2.7653061224489797,61.75
0.3571428571428571,2.8061224489795915,98.60000000000001
0.3571428571428571,2.8469387755102042,53.54
0.3571428571428571,2.887755102040816,117.94
0.3571428571428571,2.9285714285714284,87.49
0.3571428571428571,2.9693877551020407,59.15
0.3571428571428571,3.010204081632653,82.27
0.3571428571428571,3.0510204081632653,44.42
0.3571428571428571,3.091836734693877,59.35
0.3571428571428571,3.13265306122449,38.53
0.3571428571428571,3.1734693877551017,46.56
0.3571428571428571,3.2142857142857144,44.38
0.3571428571428571,3.2551020408163263,37.480000000000004
0.3571428571428571,3.2959183673469385,49.620000000000005
0.3571428571428571,3.336734693877551,87.87
0.3571428571428571,3.377551020408163,68.8
0.3571428571428571,3.4183673469387754,40.37
0.3571428571428571,3.4591836734693877,57.15
0.3571428571428571,3.5,38.64
0.36734693877551017,1.5,149.99
0.36734693877551017,1.5408163265306123,149.99
0.36734693877551017,1.5816326530612246,69.92
0.36734693877551017,1.6224489795918366,149.99
0.36734693877551017,1.663265306122449,149.99
0.36734693877551017,1.7040816326530612,149.99
0.36734693877551017,1.7448979591836735,116.86
0.36734693877551017,1.7857142857142856,149.99
0.36734693877551017,1.8265306122448979,149.99
0.36734693877551017,1.8673469387755102,77.59
0.36734693877551017,1.9081632653061225,149.99
0.36734693877551017,1.9489795918367347,149.99
0.36734693877551017,1.989795918367347,149.99
0.36734693877551017,2.0306122448979593,132.97
0.36734693877551017,2.071428571428571,149.99
0.36734693877551017,2.1122448979591835,149.99
0.36734693877551017,2.1530612244897958,149.99
0.36734693877551017,2.193877551020408,92.01
0.36734693877551017,2.2346938775510203,149.99
0.36734693877551017,2.2755102040816326,149.99
0.36734693877551017,2.316326530612245,120.11
0.36734693877551017,2.357142857142857,149.99
0.36734693877551017,2.3979591836734695,149.99
0.36734693877551017,2.4387755102040813,90.45
0.36734693877551017,2.479591836734694,149.99
0.36734693877551017,2.520408163265306,18.09
0.36734693877551017,2.561224489795918,12.25
0.36734693877551017,2.6020408163265305,121.61
0.36734693877551017,2.642857142857143,6.2700000000000005
0.36734693877551017,2.683673469387755,106.09
0.36734693877551017,2.724489795918367,149.99
0.36734693877551017,2.7653061224489797,62.15
0.36734693877551017,2.8061224489795915,44.64
0.36734693877551017,2.8469387755102042,106.92
0.36734693877551017,2.887755102040816,8.34
0.36734693877551017,2.9285714285714284,51.75
0.36734693877551017,2.9693877551020407,48.75
0.36734693877551017,3.010204081632653,124.87
0.36734693877551017,3.0510204081632653,46.25
0.36734693877551017,3.091836734693877,21.32
0.36734693877551017,3.13265306122449,15.18
0.36734693877551017,3.1734693877551017,36.27
0.36734693877551017,3.2142857142857144,93.61
0.36734693877551017,3.2551020408163263,90.27
0.36734693877551017,3.2959183673469385,36.94
0.36734693877551017,3.336734693877551,37.54
0.36734693877551017,3.377551020408163,36.94
0.36734693877551017,3.4183673469387754,49.86
0.36734693877551017,3.4591836734693877,50.75
0.36734693877551017,3.5,39.03
0.37755102040816324,1.5,149.99
0.37755102040816324,1.5408163265306123,149.99
0.37755102040816324,1.5816326530612246,149.99
0.37755102040816324,1.6224489795918366,76.43
0.37755102040816324,1.663265306122449,149.99
0.37755102040816324,1.7040816326530612,46.06
0.37755102040816324,1.7448979591836735,146.65
0.37755102040816324,1.7857142857142856,149.99
0.37755102040816324,1.8265306122448979,149.99
0.37755102040816324,1.8673469387755102,149.99
0.37755102040816324,1.9081632653061225,86.85000000000001
0.37755102040816324,1.9489795918367347,149.99
0.37755102040816324,1.989795918367347,149.99
0.37755102040816324,2.0306122448979593,149.99
0.37755102040816324,2.071428571428571,124.91
0.37755102040816324,2.1122448979591835,149.99
0.37755102040816324,2.1530612244897958,149.99
0.37755102040816324,2.193877551020408,149.99
0.37755102040816324,2.2346938775510203,149.99
0.37755102040816324,2.2755102040816326,149.99
0.37755102040816324,2.316326530612245,57.26
0.37755102040816324,2.357142857142857,149.99
0.37755102040816324,2.3979591836734695,149.99
0.37755102040816324,2.4387755102040813,149.99
0.37755102040816324,2.479591836734694,79.42
0.37755102040816324,2.520408163265306,149.99
0.37755102040816324,2.561224489795918,149.99
0.37755102040816324,2.6020408163265305,149.99
0.37755102040816324,2.642857142857143,6.2700000000000005
0.37755102040816324,2.683673469387755,6.2700000000000005
0.37755102040816324,2.724489795918367,85.69
0.37755102040816324,2.7653061224489797,149.99
0.37755102040816324,2.8061224489795915,149.99
0.37755102040816324,2.8469387755102042,118.52
0.37755102040816324,2.887755102040816,27.810000000000002
0.37755102040816324,2.9285714285714284,56.45
0.37755102040816324,2.9693877551020407,93.42
0.37755102040816324,3.010204081632653,9.96
0.37755102040816324,3.0510204081632653,57.480000000000004
0.37755102040816324,3.091836734693877,24.490000000000002
0.37755102040816324,3.13265306122449,26.26
0.37755102040816324,3.1734693877551017,33.45
0.37755102040816324,3.2142857142857144,37.53
0.37755102040816324,3.2551020408163263,38.65
0.37755102040816324,3.2959183673469385,17.89
0.37755102040816324,3.336734693877551,51.02
0.37755102040816324,3.377551020408163,43.38
0.37755102040816324,3.4183673469387754,35.27
0.37755102040816324,3.4591836734693877,48.56
0.37755102040816324,3.5,36.94
0.3877551020408163,1.5,68.73
0.3877551020408163,1.5408163265306123,149.99
0.3877551020408163,1.5816326530612246,149.99
0.3877551020408163,1.6224489795918366,149.99
0.3877551020408163,1.663265306122449,51.14
0.3877551020408163,1.7040816326530612,149.99
0.3877551020408163,1.7448979591836735,149.99
0.3877551020408163,1.7857142857142856,32.55
0.3877551020408163,1.8265306122448979,27.150000000000002
0.3877551020408163,1.8673469387755102,109.15
0.3877551020408163,1.9081632653061225,149.99
0.3877551020408163,1.9489795918367347,149.99
0.3877551020408163,1.989795918367347,82.41
0.3877551020408163,2.0306122448979593,17.68
0.3877551020408163,2.071428571428571,149.99
0.3877551020408163,2.1122448979591835,130.77
0.3877551020408163,2.1530612244897958,130.85
0.3877551020408163,2.193877551020408,47.56
0.3877551020408163,2.2346938775510203,110.77
0.3877551020408163,2.2755102040816326,149.99
0.3877551020408163,2.316326530612245,149.99
0.3877551020408163,2.357142857142857,19.86
0.3877551020408163,2.3979591836734695,149.99
0.3877551020408163,2.4387755102040813,74.49
0.3877551020408163,2.479591836734694,149.99
0.3877551020408163,2.520408163265306,149.99
0.3877551020408163,2.561224489795918,149.99
0.3877551020408163,2.6020408163265305,149.99
0.3877551020408163,2.642857142857143,6.2700000000000005
0.3877551020408163,2.683673469387755,6.2700000000000005
0.3877551020408163,2.724489795918367,53.96
0.3877551020408163,2.7653061224489797,149.99
0.3877551020408163,2.8061224489795915,92.58
0.3877551020408163,2.8469387755102042,32.7
0.3877551020408163,2.887755102040816,149.99
0.3877551020408163,2.9285714285714284,45.11
0.3877551020408163,2.9693877551020407,30.05
0.3877551020408163,3.010204081632653,68.87
0.3877551020408163,3.0510204081632653,64.22
0.3877551020408163,3.091836734693877,128.93
0.3877551020408163,3.13265306122449,69.60000000000001
0.3877551020408163,3.1734693877551017,92.58
0.3877551020408163,3.2142857142857144,60.56
0.3877551020408163,3.2551020408163263,19.14
0.3877551020408163,3.2959183673469385,53.18
0.3877551020408163,3.336734693877551,16.82
0.3877551020408163,3.377551020408163,20.45
0.3877551020408163,3.4183673469387754,17.84
0.3877551020408163,3.4591836734693877,24.71
0.3877551020408163,3.5,37.76
0.39795918367346933,1.5,149.99
0.39795918367346933,1.5408163265306123,149.99
0.39795918367346933,1.5816326530612246,149.99
0.39795918367346933,1.6224489795918366,149.99
0.39795918367346933,1.663265306122449,149.99
0.39795918367346933,1.7040816326530612,124.69
0.39795918367346933,1.7448979591836735,143.42000000000002
0.39795918367346933,1.7857142857142856,60.24
0.39795918367346933,1.8265306122448979,105.15
0.39795918367346933,1.8673469387755102,77.97
0.39795918367346933,1.9081632653061225,115.13
0.39795918367346933,1.9489795918367347,149.99
0.39795918367346933,1.989795918367347,149.99
0.39795918367346933,2.0306122448979593,149.99
0.39795918367346933,2.071428571428571,149.99
0.39795918367346933,2.1122448979591835,149.99
0.39795918367346933,2.1530612244897958,26.060000000000002
0.39795918367346933,2.193877551020408,60.39
0.39795918367346933,2.2346938775510203,149.99
0.39795918367346933,2.2755102040816326,126.68
0.39795918367346933,2.316326530612245,149.99
0.39795918367346933,2.357142857142857,149.99
0.39795918367346933,2.3979591836734695,101.26
0.39795918367346933,2.4387755102040813,117.16
0.39795918367346933,2.479591836734694,94.74
0.39795918367346933,2.520408163265306,149.99
0.39795918367346933,2.561224489795918,149.99
0.39795918367346933,2.6020408163265305,67.91
0.39795918367346933,2.642857142857143,6.2700000000000005
0.39795918367346933,2.683673469387755,6.2700000000000005
0.39795918367346933,2.724489795918367,142.08
0.39795918367346933,2.7653061224489797,149.99
0.39795918367346933,2.8061224489795915,149.99
0.39795918367346933,2.8469387755102042,149.99
0.39795918367346933,2.887755102040816,67.89
0.39795918367346933,2.9285714285714284,8.290000000000001
0.39795918367346933,2.9693877551020407,18.93
0.39795918367346933,3.010204081632653,46.18
0.39795918367346933,3.0510204081632653,19.89
0.39795918367346933,3.091836734693877,85.33
0.39795918367346933,3.13265306122449,54.77
0.39795918367346933,3.1734693877551017,30.66
0.39795918367346933,3.2142857142857144,39.68
0.39795918367346933,3.2551020408163263,38.980000000000004
0.39795918367346933,3.2959183673469385,63.84
0.39795918367346933,3.336734693877551,52.58
0.39795918367346933,3.377551020408163,48.72
0.39795918367346933,3.4183673469387754,55.82
0.39795918367346933,3.4591836734693877,51.06
0.39795918367346933,3.5,38.72
0.4081632653061224,1.5,149.99
0.4081632653061224,1.5408163265306123,149.99
0.4081632653061224,1.5816326530612246,149.99
0.4081632653061224,1.6224489795918366,113.99000000000001
0.4081632653061224,1.663265306122449,149.99
0.4081632653061224,1.7040816326530612,108.87
0.4081632653061224,1.7448979591836735,149.99
0.4081632653061224,1.7857142857142856,132.34
0.4081632653061224,1.8265306122448979,149.99
0.4081632653061224,1.8673469387755102,149.99
0.4081632653061224,1.9081632653061225,149.99
0.4081632653061224,1.9489795918367347,117.25
0.4081632653061224,1.989795918367347,149.99
0.4081632653061224,2.0306122448979593,149.99
0.4081632653061224,2.071428571428571,145.61
0.4081632653061224,2.1122448979591835,85.45
0.4081632653061224,2.1530612244897958,35.38
0.4081632653061224,2.193877551020408,149.99
0.4081632653061224,2.2346938775510203,149.99
0.4081632653061224,2.2755102040816326,149.99
0.4081632653061224,2.316326530612245,149.99
0.4081632653061224,2.357142857142857,149.99
0.4081632653061224,2.3979591836734695,149.99
0.4081632653061224,2.4387755102040813,149.99
0.4081632653061224,2.479591836734694,149.99
0.4081632653061224,2.520408163265306,149.99
0.4081632653061224,2.561224489795918,149.99
0.4081632653061224,2.6020408163265305,149.99
0.4081632653061224,2.642857142857143,149.99
0.4081632653061224,2.683673469387755,6.2700000000000005
0.4081632653061224,2.724489795918367,80.71000000000001
0.4081632653061224,2.7653061224489797,149.99
0.4081632653061224,2.8061224489795915,149.99
0.4081632653061224,2.8469387755102042,149.99
0.4081632653061224,2.887755102040816,11.67
0.4081632653061224,2.9285714285714284,79.21000000000001
0.4081632653061224,2.9693877551020407,85.61
0.4081632653061224,3.010204081632653,132.49
0.4081632653061224,3.0510204081632653,17.330000000000002
0.4081632653061224,3.091836734693877,67.99
0.4081632653061224,3.13265306122449,41.94
0.4081632653061224,3.1734693877551017,75.29
0.4081632653061224,3.2142857142857144,45.54
0.4081632653061224,3.2551020408163263,43.11
0.4081632653061224,3.2959183673469385,39.11
0.4081632653061224,3.336734693877551,73.27
0.4081632653061224,3.377551020408163,36.96
0.4081632653061224,3.4183673469387754,53.44
0.4081632653061224,3.4591836734693877,52.65
0.4081632653061224,3.5,39.37
0.4183673469387755,1.5,149.99
0.4183673469387755,1.5408163265306123,149.99
0.4183673469387755,1.5816326530612246,149.99
0.4183673469387755,1.6224489795918366,149.99
0.4183673469387755,1.663265306122449,149.99
0.4183673469387755,1.7040816326530612,107.28
0.4183673469387755,1.7448979591836735,49.620000000000005
0.4183673469387755,1.7857142857142856,149.99
0.4183673469387755,1.8265306122448979,149.99
0.4183673469387755,1.8673469387755102,70.33
0.4183673469387755,1.9081632653061225,149.99
0.4183673469387755,1.9489795918367347,46.08
0.4183673469387755,1.989795918367347,17.8
0.4183673469387755,2.0306122448979593,32.67
0.4183673469387755,2.071428571428571,101.69
0.4183673469387755,2.1122448979591835,149.99
0.4183673469387755,2.1530612244897958,149.99
0.4183673469387755,2.193877551020408,149.99
0.4183673469387755,2.2346938775510203,149.99
0.4183673469387755,2.2755102040816326,73.52
0.4183673469387755,2.316326530612245,149.99
0.4183673469387755,2.357142857142857,149.99
0.4183673469387755,2.3979591836734695,123.11
0.4183673469387755,2.4387755102040813,43.2
0.4183673469387755,2.479591836734694,25.97
0.4183673469387755,2.520408163265306,75.94
0.4183673469387755,2.561224489795918,149.99
0.4183673469387755,2.6020408163265305,149.99
0.4183673469387755,2.642857142857143,149.99
0.4183673469387755,2.683673469387755,6.2700000000000005
0.4183673469387755,2.724489795918367,6.2700000000000005
0.4183673469387755,2.7653061224489797,149.99
0.4183673469387755,2.8061224489795915,149.99
0.4183673469387755,2.8469387755102042,149.99
0.4183673469387755,2.887755102040816,69.33
0.4183673469387755,2.9285714285714284,28.92
0.4183673469387755,2.9693877551020407,8.66
0.4183673469387755,3.010204081632653,17.830000000000002
0.4183673469387755,3.0510204081632653,98.7
0.4183673469387755,3.091836734693877,21.900000000000002
0.4183673469387755,3.13265306122449,60.31
0.4183673469387755,3.1734693877551017,55.25
0.4183673469387755,3.2142857142857144,44.82
0.4183673469387755,3.2551020408163263,14.74
0.4183673469387755,3.2959183673469385,71.23
0.4183673469387755,3.336734693877551,41.730000000000004
0.4183673469387755,3.377551020408163,42.64
0.4183673469387755,3.4183673469387754,47.47
0.4183673469387755,3.4591836734693877,48.57
0.4183673469387755,3.5,41.480000000000004
0.42857142857142855,1.5,149.99
0.42857142857142855,1.5408163265306123,149.99
0.42857142857142855,1.5816326530612246,87.44
0.42857142857142855,1.6224489795918366,43.56
0.42857142857142855,1.663265306122449,149.99
0.42857142857142855,1.7040816326530612,149.99
0.42857142857142855,1.7448979591836735,149.99
0.42857142857142855,1.7857142857142856,52.26
0.42857142857142855,1.8265306122448979,149.99
0.42857142857142855,1.8673469387755102,149.99
0.42857142857142855,1.9081632653061225,78.87
0.42857142857142855,1.9489795918367347,149.99
0.42857142857142855,1.989795918367347,48.31
0.42857142857142855,2.0306122448979593,149.99
0.42857142857142855,2.071428571428571,149.99
0.42857142857142855,2.1122448979591835,149.99
0.42857142857142855,2.1530612244897958,149.99
0.42857142857142855,2.193877551020408,149.99
0.42857142857142855,2.2346938775510203,149.99
0.42857142857142855,2.2755102040816326,149.99
0.42857142857142855,2.316326530612245,149.99
0.42857142857142855,2.357142857142857,121.26
0.42857142857142855,2.3979591836734695,149.99
0.42857142857142855,2.4387755102040813,141.8
0.42857142857142855,2.479591836734694,149.99
0.42857142857142855,2.520408163265306,33.89
0.42857142857142855,2.561224489795918,107.23
0.42857142857142855,2.6020408163265305,132.6
0.42857142857142855,2.642857142857143,149.99
0.42857142857142855,2.683673469387755,6.2700000000000005
0.42857142857142855,2.724489795918367,6.2700000000000005
0.42857142857142855,2.7653061224489797,85.92
0.42857142857142855,2.8061224489795915,149.99
0.42857142857142855,2.8469387755102042,149.99
0.42857142857142855,2.887755102040816,149.99
0.42857142857142855,2.9285714285714284,110.78
0.42857142857142855,2.9693877551020407,8.24
0.42857142857142855,3.010204081632653,13.07
0.42857142857142855,3.0510204081632653,57.07
0.42857142857142855,3.091836734693877,9.97
0.42857142857142855,3.13265306122449,49.1
0.42857142857142855,3.1734693877551017,37.93
0.42857142857142855,3.2142857142857144,43.24
0.42857142857142855,3.2551020408163263,70.94
0.42857142857142855,3.2959183673469385,15.31
0.42857142857142855,3.336734693877551,38.4
0.42857142857142855,3.377551020408163,37.28
0.42857142857142855,3.4183673469387754,32.06
0.42857142857142855,3.4591836734693877,51.97
0.42857142857142855,3.5,28.6
0.4387755102040816,1.5,149.99
0.4387755102040816,1.5408163265306123,149.99
0.4387755102040816,1.5816326530612246,149.99
0.4387755102040816,1.6224489795918366,149.99
0.4387755102040816,1.663265306122449,112.51
0.4387755102040816,1.7040816326530612,149.99
0.4387755102040816,1.7448979591836735,149.99
0.4387755102040816,1.7857142857142856,140.45000000000002
0.4387755102040816,1.8265306122448979,149.99
0.4387755102040816,1.8673469387755102,149.99
0.4387755102040816,1.9081632653061225,149.99
0.4387755102040816,1.9489795918367347,149.99
0.4387755102040816,1.989795918367347,149.99
0.4387755102040816,2.0306122448979593,149.99
0.4387755102040816,2.071428571428571,149.99
0.4387755102040816,2.1122448979591835,149.99
0.4387755102040816,2.1530612244897958,149.99
0.4387755102040816,2.193877551020408,149.99
0.4387755102040816,2.2346938775510203,149.99
0.4387755102040816,2.2755102040816326,43.54
0.4387755102040816,2.316326530612245,149.99
0.4387755102040816,2.357142857142857,149.99
0.4387755102040816,2.3979591836734695,149.99
0.4387755102040816,2.4387755102040813,149.99
0.4387755102040816,2.479591836734694,149.99
0.4387755102040816,2.520408163265306,106.24000000000001
0.4387755102040816,2.561224489795918,149.99
0.4387755102040816,2.6020408163265305,149.99
0.4387755102040816,2.642857142857143,149.99
0.4387755102040816,2.683673469387755,6.2700000000000005
0.4387755102040816,2.724489795918367,6.2700000000000005
0.4387755102040816,2.7653061224489797,92.96000000000001
0.4387755102040816,2.8061224489795915,149.99
0.4387755102040816,2.8469387755102042,45.81
0.4387755102040816,2.887755102040816,149.99
0.4387755102040816,2.9285714285714284,11.11
0.4387755102040816,2.9693877551020407,149.99
0.4387755102040816,3.010204081632653,149.99
0.4387755102040816,3.0510204081632653,75.06
0.4387755102040816,3.091836734693877,17.96
0.4387755102040816,3.13265306122449,16.19
0.4387755102040816,3.1734693877551017,79.97
0.4387755102040816,3.2142857142857144,43.33
0.4387755102040816,3.2551020408163263,46.26
0.4387755102040816,3.2959183673469385,63.0
0.4387755102040816,3.336734693877551,22.02
0.4387755102040816,3.377551020408163,58.72
0.4387755102040816,3.4183673469387754,29.64
0.4387755102040816,3.4591836734693877,37.82
0.4387755102040816,3.5,35.17
0.44897959183673464,1.5,149.99
0.44897959183673464,1.5408163265306123,149.99
0.44897959183673464,1.5816326530612246,149.99
0.44897959183673464,1.6224489795918366,149.99
0.44897959183673464,1.663265306122449,74.87
0.44897959183673464,1.7040816326530612,149.99
0.44897959183673464,1.7448979591836735,149.99
0.44897959183673464,1.7857142857142856,149.99
0.44897959183673464,1.8265306122448979,140.5
0.44897959183673464,1.8673469387755102,144.1
0.44897959183673464,1.9081632653061225,122.87
0.44897959183673464,1.9489795918367347,17.72
0.44897959183673464,1.989795918367347,69.99
0.44897959183673464,2.0306122448979593,149.99
0.44897959183673464,2.071428571428571,97.74000000000001
0.44897959183673464,2.1122448979591835,149.99
0.44897959183673464,2.1530612244897958,149.99
0.44897959183673464,2.193877551020408,149.99
0.44897959183673464,2.2346938775510203,149.99
0.44897959183673464,2.2755102040816326,149.99
0.44897959183673464,2.316326530612245,43.97
0.44897959183673464,2.357142857142857,149.99
0.44897959183673464,2.3979591836734695,149.99
0.44897959183673464,2.4387755102040813,140.21
0.44897959183673464,2.479591836734694,149.99
0.44897959183673464,2.520408163265306,104.04
0.44897959183673464,2.561224489795918,130.87
0.44897959183673464,2.6020408163265305,11.72
0.44897959183673464,2.642857142857143,149.99
0.44897959183673464,2.683673469387755,60.39
0.44897959183673464,2.724489795918367,6.2700000000000005
0.44897959183673464,2.7653061224489797,6.2700000000000005
0.44897959183673464,2.8061224489795915,149.99
0.44897959183673464,2.8469387755102042,149.99
0.44897959183673464,2.887755102040816,60.32
0.44897959183673464,2.9285714285714284,47.56
0.44897959183673464,2.9693877551020407,41.94
0.44897959183673464,3.010204081632653,8.41
0.44897959183673464,3.0510204081632653,35.11
0.44897959183673464,3.091836734693877,82.21000000000001
0.44897959183673464,3.13265306122449,9.85
0.44897959183673464,3.1734693877551017,55.050000000000004
0.44897959183673464,3.2142857142857144,51.69
0.44897959183673464,3.2551020408163263,21.22
0.44897959183673464,3.2959183673469385,22.82
0.44897959183673464,3.336734693877551,17.68
0.44897959183673464,3.377551020408163,22.14
0.44897959183673464,3.4183673469387754,37.46
0.44897959183673464,3.4591836734693877,53.22
0.44897959183673464,3.5,57.47
0.4591836734693877,1.5,149.99
0.4591836734693877,1.5408163265306123,149.99
0.4591836734693877,1.5816326530612246,149.99
0.4591836734693877,1.6224489795918366,149.99
0.4591836734693877,1.663265306122449,149.99
0.4591836734693877,1.7040816326530612,149.99
0.4591836734693877,1.7448979591836735,149.99
0.4591836734693877,1.7857142857142856,149.99
0.4591836734693877,1.8265306122448979,23.22
0.4591836734693877,1.8673469387755102,149.99
0.4591836734693877,1.9081632653061225,149.99
0.4591836734693877,1.9489795918367347,17.55
0.4591836734693877,1.989795918367347,149.99
0.4591836734693877,2.0306122448979593,149.99
0.4591836734693877,2.071428571428571,109.25
0.4591836734693877,2.1122448979591835,149.99
0.4591836734693877,2.1530612244897958,149.99
0.4591836734693877,2.193877551020408,118.54
0.4591836734693877,2.2346938775510203,149.99
0.4591836734693877,2.2755102040816326,149.99
0.4591836734693877,2.316326530612245,143.38
0.4591836734693877,2.357142857142857,82.60000000000001
0.4591836734693877,2.3979591836734695,149.99
0.4591836734693877,2.4387755102040813,149.99
0.4591836734693877,2.479591836734694,149.99
0.4591836734693877,2.520408163265306,149.99
0.4591836734693877,2.561224489795918,149.99
0.4591836734693877,2.6020408163265305,109.09
0.4591836734693877,2.642857142857143,19.55
0.4591836734693877,2.683673469387755,69.72
0.4591836734693877,2.724489795918367,6.2700000000000005
0.4591836734693877,2.7653061224489797,6.2700000000000005
0.4591836734693877,2.8061224489795915,49.0
0.4591836734693877,2.8469387755102042,113.43
0.4591836734693877,2.887755102040816,149.99
0.4591836734693877,2.9285714285714284,42.51
0.4591836734693877,2.9693877551020407,140.20000000000002
0.4591836734693877,3.010204081632653,8.19
0.4591836734693877,3.0510204081632653,36.7
0.4591836734693877,3.091836734693877,119.24000000000001
0.4591836734693877,3.13265306122449,16.11
0.4591836734693877,3.1734693877551017,75.53
0.4591836734693877,3.2142857142857144,97.71000000000001
0.4591836734693877,3.2551020408163263,23.84
0.4591836734693877,3.2959183673469385,33.67
0.4591836734693877,3.336734693877551,34.09
0.4591836734693877,3.377551020408163,16.2
0.4591836734693877,3.4183673469387754,21.42
0.4591836734693877,3.4591836734693877,35.9
0.4591836734693877,3.5,149.99
0.4693877551020408,1.5,149.99
0.4693877551020408,1.5408163265306123,149.99
0.4693877551020408,1.5816326530612246,149.99
0.4693877551020408,1.6224489795918366,149.99
0.4693877551020408,1.663265306122449,149.99
0.4693877551020408,1.7040816326530612,149.99
0.4693877551020408,1.7448979591836735,149.99
0.4693877551020408,1.7857142857142856,149.99
0.4693877551020408,1.8265306122448979,149.99
0.4693877551020408,1.8673469387755102,149.99
0.4693877551020408,1.9081632653061225,74.28
0.4693877551020408,1.9489795918367347,17.55
0.4693877551020408,1.989795918367347,44.45
0.4693877551020408,2.0306122448979593,149.99
0.4693877551020408,2.071428571428571,79.72
0.4693877551020408,2.1122448979591835,104.8
0.4693877551020408,2.1530612244897958,149.99
0.4693877551020408,2.193877551020408,149.99
0.4693877551020408,2.2346938775510203,67.79
0.4693877551020408,2.2755102040816326,149.99
0.4693877551020408,2.316326530612245,149.99
0.4693877551020408,2.357142857142857,149.99
0.4693877551020408,2.3979591836734695,149.99
0.4693877551020408,2.4387755102040813,34.09
0.4693877551020408,2.479591836734694,66.63
0.4693877551020408,2.520408163265306,149.99
0.4693877551020408,2.561224489795918,149.99
0.4693877551020408,2.6020408163265305,146.66
0.4693877551020408,2.642857142857143,53.89
0.4693877551020408,2.683673469387755,55.57
0.4693877551020408,2.724489795918367,6.2700000000000005
0.4693877551020408,2.7653061224489797,6.2700000000000005
0.4693877551020408,2.8061224489795915,149.99
0.4693877551020408,2.8469387755102042,149.99
0.4693877551020408,2.887755102040816,33.37
0.4693877551020408,2.9285714285714284,149.99
0.4693877551020408,2.9693877551020407,11.63
0.4693877551020408,3.010204081632653,114.18
0.4693877551020408,3.0510204081632653,25.61
0.4693877551020408,3.091836734693877,16.17
0.4693877551020408,3.13265306122449,17.67
0.4693877551020408,3.1734693877551017,10.11
0.4693877551020408,3.2142857142857144,28.07
0.4693877551020408,3.2551020408163263,58.03
0.4693877551020408,3.2959183673469385,52.31
0.4693877551020408,3.336734693877551,79.53
0.4693877551020408,3.377551020408163,34.45
0.4693877551020408,3.4183673469387754,15.8
0.4693877551020408,3.4591836734693877,20.14
0.4693877551020408,3.5,16.7
0.47959183673469385,1.5,149.99
0.47959183673469385,1.5408163265306123,149.99
0.47959183673469385,1.5816326530612246,149.99
0.47959183673469385,1.6224489795918366,149.99
0.47959183673469385,1.663265306122449,149.99
0.47959183673469385,1.7040816326530612,149.99
0.47959183673469385,1.7448979591836735,149.99
0.47959183673469385,1.7857142857142856,149.99
0.47959183673469385,1.8265306122448979,149.99
0.47959183673469385,1.8673469387755102,149.99
0.47959183673469385,1.9081632653061225,140.09
0.47959183673469385,1.9489795918367347,17.95
0.47959183673469385,1.989795918367347,63.2
0.47959183673469385,2.0306122448979593,149.99
0.47959183673469385,2.071428571428571,149.99
0.47959183673469385,2.1122448979591835,93.17
0.47959183673469385,2.1530612244897958,149.99
0.47959183673469385,2.193877551020408,149.99
0.47959183673469385,2.2346938775510203,149.99
0.47959183673469385,2.2755102040816326,142.34
0.47959183673469385,2.316326530612245,30.41
0.47959183673469385,2.357142857142857,149.99
0.47959183673469385,2.3979591836734695,149.99
0.47959183673469385,2.4387755102040813,149.99
0.47959183673469385,2.479591836734694,48.97
0.47959183673469385,2.520408163265306,149.99
0.47959183673469385,2.561224489795918,149.99
0.47959183673469385,2.6020408163265305,149.99
0.47959183673469385,2.642857142857143,149.99
0.47959183673469385,2.683673469387755,74.57000000000001
0.47959183673469385,2.724489795918367,6.2700000000000005
0.47959183673469385,2.7653061224489797,6.2700000000000005
0.47959183673469385,2.8061224489795915,34.93
0.47959183673469385,2.8469387755102042,122.84
0.47959183673469385,2.887755102040816,53.02
0.47959183673469385,2.9285714285714284,83.35000000000001
0.47959183673469385,2.9693877551020407,11.33
0.47959183673469385,3.010204081632653,149.99
0.47959183673469385,3.0510204081632653,8.25
0.47959183673469385,3.091836734693877,12.81
0.47959183673469385,3.13265306122449,17.740000000000002
0.47959183673469385,3.1734693877551017,10.200000000000001
0.47959183673469385,3.2142857142857144,12.94
0.47959183673469385,3.2551020408163263,42.89
0.47959183673469385,3.2959183673469385,75.69
0.47959183673469385,3.336734693877551,95.56
0.47959183673469385,3.377551020408163,29.03
0.47959183673469385,3.4183673469387754,27.18
0.47959183673469385,3.4591836734693877,16.76
0.47959183673469385,3.5,15.09
0.4897959183673469,1.5,149.99
0.4897959183673469,1.5408163265306123,149.99
0.4897959183673469,1.5816326530612246,149.99
0.4897959183673469,1.6224489795918366,149.99
0.4897959183673469,1.663265306122449,149.99
0.4897959183673469,1.7040816326530612,149.99
0.4897959183673469,1.7448979591836735,149.99
0.4897959183673469,1.7857142857142856,149.99
0.4897959183673469,1.8265306122448979,149.99
0.4897959183673469,1.8673469387755102,85.64
0.4897959183673469,1.9081632653061225,149.99
0.4897959183673469,1.9489795918367347,88.2
0.4897959183673469,1.989795918367347,124.37
0.4897959183673469,2.0306122448979593,149.99
0.4897959183673469,2.071428571428571,149.99
0.4897959183673469,2.1122448979591835,149.99
0.4897959183673469,2.1530612244897958,149.99
0.4897959183673469,2.193877551020408,149.99
0.4897959183673469,2.2346938775510203,55.230000000000004
0.4897959183673469,2.2755102040816326,28.64
0.4897959183673469,2.316326530612245,149.99
0.4897959183673469,2.357142857142857,149.99
0.4897959183673469,2.3979591836734695,149.99
0.4897959183673469,2.4387755102040813,149.99
0.4897959183673469,2.479591836734694,110.27
0.4897959183673469,2.520408163265306,53.870000000000005
0.4897959183673469,2.561224489795918,36.75
0.4897959183673469,2.6020408163265305,149.99
0.4897959183673469,2.642857142857143,14.47
0.4897959183673469,2.683673469387755,149.99
0.4897959183673469,2.724489795918367,6.2700000000000005
0.4897959183673469,2.7653061224489797,6.2700000000000005
0.4897959183673469,2.8061224489795915,6.2700000000000005
0.4897959183673469,2.8469387755102042,97.96000000000001
0.4897959183673469,2.887755102040816,135.83
0.4897959183673469,2.9285714285714284,30.41
0.4897959183673469,2.9693877551020407,48.99
0.4897959183673469,3.010204081632653,19.52
0.4897959183673469,3.0510204081632653,8.14
0.4897959183673469,3.091836734693877,40.660000000000004
0.4897959183673469,3.13265306122449,35.86
0.4897959183673469,3.1734693877551017,38.42
0.4897959183673469,3.2142857142857144,12.77
0.4897959183673469,3.2551020408163263,20.79
0.4897959183673469,3.2959183673469385,20.18
0.4897959183673469,3.336734693877551,44.09
0.4897959183673469,3.377551020408163,34.44
0.4897959183673469,3.4183673469387754,33.910000000000004
0.4897959183673469,3.4591836734693877,54.71
0.4897959183673469,3.5,19.22
0.5,1.5,149.99
0.5,1.5408163265306123,149.99
0.5,1.5816326530612246,149.99
0.5,1.6224489795918366,149.99
0.5,1.663265306122449,149.99
0.5,1.7040816326530612,149.99
0.5,1.7448979591836735,149.99
0.5,1.7857142857142856,149.99
0.5,1.8265306122448979,149.99
0.5,1.8673469387755102,149.99
0.5,1.9081632653061225,149.99
0.5,1.9489795918367347,135.82
0.5,1.989795918367347,17.5
0.5,2.0306122448979593,96.57000000000001
0.5,2.071428571428571,149.99
0.5,2.1122448979591835,149.99
0.5,2.1530612244897958,96.41
0.5,2.193877551020408,90.06
0.5,2.2346938775510203,46.61
0.5,2.2755102040816326,19.91
0.5,2.316326530612245,149.99
0.5,2.357142857142857,59.11
0.5,2.3979591836734695,149.99
0.5,2.4387755102040813,149.99
0.5,2.479591836734694,149.99
0.5,2.520408163265306,21.18
0.5,2.561224489795918,149.99
0.5,2.6020408163265305,82.94
0.5,2.642857142857143,149.99
0.5,2.683673469387755,149.99
0.5,2.724489795918367,6.2700000000000005
0.5,2.7653061224489797,6.2700000000000005
0.5,2.8061224489795915,6.2700000000000005
0.5,2.8469387755102042,149.99
0.5,2.887755102040816,149.99
0.5,2.9285714285714284,16.240000000000002
0.5,2.9693877551020407,24.060000000000002
0.5,3.010204081632653,124.11
0.5,3.0510204081632653,17.84
0.5,3.091836734693877,8.89
0.5,3.13265306122449,13.17
0.5,3.1734693877551017,24.05
0.5,3.2142857142857144,9.75
0.5,3.2551020408163263,12.870000000000001
0.5,3.2959183673469385,36.36
0.5,3.336734693877551,48.33
0.5,3.377551020408163,46.06
0.5,3.4183673469387754,23.490000000000002
0.5,3.4591836734693877,24.29
0.5,3.5,36.76
