delta,alpha,steady_time
0.0,-0.5,35.29
0.0,-0.45918367346938777,149.99
0.0,-0.41836734693877553,149.99
0.0,-0.37755102040816324,149.99
0.0,-0.33673469387755106,149.99
0.0,-0.29591836734693877,149.99
0.0,-0.25510204081632654,149.99
0.0,-0.2142857142857143,149.99
0.0,-0.17346938775510207,149.99
0.0,-0.13265306122448983,149.99
0.0,-0.0918367346938776,149.99
0.0,-0.05102040816326536,149.99
0.0,-0.010204081632653073,149.99
0.0,0.030612244897959107,149.99
0.0,0.0714285714285714,149.99
0.0,0.11224489795918358,149.99
0.0,0.15306122448979587,149.99
0.0,0.19387755102040816,149.99
0.0,0.23469387755102034,149.99
0.0,0.2755102040816326,149.99
0.0,0.3163265306122448,149.99
0.0,0.3571428571428571,149.99
0.0,0.3979591836734693,149.99
0.0,0.43877551020408156,149.99
0.0,0.47959183673469385,149.99
0.0,0.5204081632653061,149.99
0.0,0.5612244897959182,149.99
0.0,0.6020408163265305,149.99
0.0,0.6428571428571428,149.99
0.0,0.6836734693877551,149.99
0.0,0.7244897959183672,149.99
0.0,0.7653061224489794,149.99
0.0,0.8061224489795917,149.99
0.0,0.846938775510204,149.99
0.0,0.8877551020408163,149.99
0.0,0.9285714285714284,149.99
0.0,0.9693877551020407,149.99
0.0,1.010204081632653,149.99
0.0,1.0510204081632653,149.99
0.0,1.0918367346938773,149.99
0.0,1.1326530612244896,149.99
0.0,1.173469387755102,149.99
0.0,1.2142857142857142,149.99
0.0,1.2551020408163265,149.99
0.0,1.2959183673469385,149.99
0.0,1.3367346938775508,149.99
0.0,1.3775510204081631,149.99
0.0,1.4183673469387754,149.99
0.0,1.4591836734693877,149.99
0.0,1.5,149.99
0.01020408163265306,-0.5,149.99
0.01020408163265306,-0.45918367346938777,149.99
0.01020408163265306,-0.41836734693877553,149.99
0.01020408163265306,-0.37755102040816324,149.99
0.01020408163265306,-0.33673469387755106,149.99
0.01020408163265306,-0.29591836734693877,149.99
0.01020408163265306,-0.25510204081632654,149.99
0.01020408163265306,-0.2142857142857143,149.99
0.01020408163265306,-0.17346938775510207,149.99
0.01020408163265306,-0.13265306122448983,149.99
0.01020408163265306,-0.0918367346938776,149.99
0.01020408163265306,-0.05102040816326536,149.99
0.01020408163265306,-0.010204081632653073,149.99
0.01020408163265306,0.030612244897959107,149.99
0.01020408163265306,0.0714285714285714,149.99
0.01020408163265306,0.11224489795918358,149.99
0.01020408163265306,0.15306122448979587,149.99
0.01020408163265306,0.19387755102040816,149.99
0.01020408163265306,0.23469387755102034,149.99
0.01020408163265306,0.2755102040816326,149.99
0.01020408163265306,0.3163265306122448,149.99
0.01020408163265306,0.3571428571428571,149.99
0.01020408163265306,0.3979591836734693,149.99
0.01020408163265306,0.43877551020408156,149.99
0.01020408163265306,0.47959183673469385,149.99
0.01020408163265306,0.5204081632653061,149.99
0.01020408163265306,0.5612244897959182,149.99
0.01020408163265306,0.6020408163265305,149.99
0.01020408163265306,0.6428571428571428,149.99
0.01020408163265306,0.6836734693877551,149.99
0.01020408163265306,0.7244897959183672,149.99
0.01020408163265306,0.7653061224489794,149.99
0.01020408163265306,0.8061224489795917,149.99
0.01020408163265306,0.846938775510204,149.99
0.01020408163265306,0.8877551020408163,149.99
0.01020408163265306,0.9285714285714284,149.99
0.01020408163265306,0.9693877551020407,149.99
0.01020408163265306,1.010204081632653,149.99
0.01020408163265306,1.0510204081632653,149.99
0.01020408163265306,1.0918367346938773,149.99
0.01020408163265306,1.1326530612244896,149.99
0.01020408163265306,1.173469387755102,149.99
0.01020408163265306,1.2142857142857142,149.99
0.01020408163265306,1.2551020408163265,149.99
0.01020408163265306,1.2959183673469385,149.99
0.01020408163265306,1.3367346938775508,149.99
0.01020408163265306,1.3775510204081631,149.99
0.01020408163265306,1.4183673469387754,149.99
0.01020408163265306,1.4591836734693877,149.99
0.01020408163265306,1.5,149.99
0.02040816326530612,-0.5,149.99
0.02040816326530612,-0.45918367346938777,149.99
0.02040816326530612,-0.41836734693877553,149.99
0.02040816326530612,-0.37755102040816324,149.99
0.02040816326530612,-0.33673469387755106,21.52
0.02040816326530612,-0.29591836734693877,149.99
0.02040816326530612,-0.25510204081632654,149.99
0.02040816326530612,-0.2142857142857143,149.99
0.02040816326530612,-0.17346938775510207,149.99
0.02040816326530612,-0.13265306122448983,149.99
0.02040816326530612,-0.0918367346938776,149.99
0.02040816326530612,-0.05102040816326536,149.99
0.02040816326530612,-0.010204081632653073,149.99
0.02040816326530612,0.030612244897959107,149.99
0.02040816326530612,0.0714285714285714,149.99
0.02040816326530612,0.11224489795918358,149.99
0.02040816326530612,0.15306122448979587,149.99
0.02040816326530612,0.19387755102040816,149.99
0.02040816326530612,0.23469387755102034,149.99
0.02040816326530612,0.2755102040816326,149.99
0.02040816326530612,0.3163265306122448,149.99
0.02040816326530612,0.3571428571428571,149.99
0.02040816326530612,0.3979591836734693,149.99
0.02040816326530612,0.43877551020408156,149.99
0.02040816326530612,0.47959183673469385,149.99
0.02040816326530612,0.5204081632653061,149.99
0.02040816326530612,0.5612244897959182,149.99
0.02040816326530612,0.6020408163265305,149.99
0.02040816326530612,0.6428571428571428,149.99
0.02040816326530612,0.6836734693877551,149.99
0.02040816326530612,0.7244897959183672,149.99
0.02040816326530612,0.7653061224489794,149.99
0.02040816326530612,0.8061224489795917,149.99
0.02040816326530612,0.846938775510204,149.99
0.02040816326530612,0.8877551020408163,149.99
0.02040816326530612,0.9285714285714284,149.99
0.02040816326530612,0.9693877551020407,149.99
0.02040816326530612,1.010204081632653,149.99
0.02040816326530612,1.0510204081632653,149.99
0.02040816326530612,1.0918367346938773,149.99
0.02040816326530612,1.1326530612244896,149.99
0.02040816326530612,1.173469387755102,149.99
0.02040816326530612,1.2142857142857142,149.99
0.02040816326530612,1.2551020408163265,149.99
0.02040816326530612,1.2959183673469385,149.99
0.02040816326530612,1.3367346938775508,149.99
0.02040816326530612,1.3775510204081631,149.99
0.02040816326530612,1.4183673469387754,149.99
0.02040816326530612,1.4591836734693877,149.99
0.02040816326530612,1.5,149.99
0.030612244897959183,-0.5,31.75
0.030612244897959183,-0.45918367346938777,149.99
0.030612244897959183,-0.41836734693877553,149.99
0.030612244897959183,-0.37755102040816324,149.99
0.030612244897959183,-0.33673469387755106,149.99
0.030612244897959183,-0.29591836734693877,149.99
0.030612244897959183,-0.25510204081632654,149.99
0.030612244897959183,-0.2142857142857143,149.99
0.030612244897959183,-0.17346938775510207,149.99
0.030612244897959183,-0.13265306122448983,149.99
0.030612244897959183,-0.0918367346938776,112.55
0.030612244897959183,-0.05102040816326536,145.92000000000002
0.030612244897959183,-0.010204081632653073,149.99
0.030612244897959183,0.030612244897959107,149.99
0.030612244897959183,0.0714285714285714,149.99
0.030612244897959183,0.11224489795918358,149.99
0.030612244897959183,0.15306122448979587,149.99
0.030612244897959183,0.19387755102040816,131.99
0.030612244897959183,0.23469387755102034,149.99
0.030612244897959183,0.2755102040816326,149.99
0.030612244897959183,0.3163265306122448,149.99
0.030612244897959183,0.3571428571428571,149.99
0.030612244897959183,0.3979591836734693,149.99
0.030612244897959183,0.43877551020408156,149.99
0.030612244897959183,0.47959183673469385,149.99
0.030612244897959183,0.5204081632653061,149.99
0.030612244897959183,0.5612244897959182,149.99
0.030612244897959183,0.6020408163265305,149.99
0.030612244897959183,0.6428571428571428,149.99
0.030612244897959183,0.6836734693877551,149.99
0.030612244897959183,0.7244897959183672,149.99
0.030612244897959183,0.7653061224489794,149.99
0.030612244897959183,0.8061224489795917,149.99
0.030612244897959183,0.846938775510204,149.99
0.030612244897959183,0.8877551020408163,149.99
0.030612244897959183,0.9285714285714284,149.99
0.030612244897959183,0.9693877551020407,149.99
0.030612244897959183,1.010204081632653,149.99
0.030612244897959183,1.0510204081632653,149.99
0.030612244897959183,1.0918367346938773,149.99
0.030612244897959183,1.1326530612244896,149.99
0.030612244897959183,1.173469387755102,149.99
0.030612244897959183,1.2142857142857142,149.99
0.030612244897959183,1.2551020408163265,149.99
0.030612244897959183,1.2959183673469385,149.99
0.030612244897959183,1.3367346938775508,149.99
0.030612244897959183,1.3775510204081631,149.99
0.030612244897959183,1.4183673469387754,149.99
0.030612244897959183,1.4591836734693877,149.99
0.030612244897959183,1.5,149.99
0.04081632653061224,-0.5,149.99
0.04081632653061224,-0.45918367346938777,149.99
0.04081632653061224,-0.41836734693877553,149.99
0.04081632653061224,-0.37755102040816324,149.99
0.04081632653061224,-0.33673469387755106,149.99
0.04081632653061224,-0.29591836734693877,149.99
0.04081632653061224,-0.25510204081632654,149.99
0.04081632653061224,-0.2142857142857143,149.99
0.04081632653061224,-0.17346938775510207,149.99
0.04081632653061224,-0.13265306122448983,149.99
0.04081632653061224,-0.0918367346938776,149.99
0.04081632653061224,-0.05102040816326536,56.77
0.04081632653061224,-0.010204081632653073,87.07000000000001
0.04081632653061224,0.030612244897959107,149.99
0.04081632653061224,0.0714285714285714,149.99
0.04081632653061224,0.11224489795918358,91.75
0.04081632653061224,0.15306122448979587,149.99
0.04081632653061224,0.19387755102040816,110.8
0.04081632653061224,0.23469387755102034,149.99
0.04081632653061224,0.2755102040816326,9.950000000000001
0.04081632653061224,0.3163265306122448,149.99
0.04081632653061224,0.3571428571428571,149.99
0.04081632653061224,0.3979591836734693,149.99
0.04081632653061224,0.43877551020408156,149.99
0.04081632653061224,0.47959183673469385,149.99
0.04081632653061224,0.5204081632653061,149.99
0.04081632653061224,0.5612244897959182,149.99
0.04081632653061224,0.6020408163265305,149.99
0.04081632653061224,0.6428571428571428,149.99
0.04081632653061224,0.6836734693877551,149.99
0.04081632653061224,0.7244897959183672,149.99
0.04081632653061224,0.7653061224489794,149.99
0.04081632653061224,0.8061224489795917,149.99
0.04081632653061224,0.846938775510204,149.99
0.04081632653061224,0.8877551020408163,149.99
0.04081632653061224,0.9285714285714284,149.99
0.04081632653061224,0.9693877551020407,149.99
0.04081632653061224,1.010204081632653,149.99
0.04081632653061224,1.0510204081632653,149.99
0.04081632653061224,1.0918367346938773,149.99
0.04081632653061224,1.1326530612244896,149.99
0.04081632653061224,1.173469387755102,149.99
0.04081632653061224,1.2142857142857142,149.99
0.04081632653061224,1.2551020408163265,149.99
0.04081632653061224,1.2959183673469385,149.99
0.04081632653061224,1.3367346938775508,149.99
0.04081632653061224,1.3775510204081631,149.99
0.04081632653061224,1.4183673469387754,149.99
0.04081632653061224,1.4591836734693877,149.99
0.04081632653061224,1.5,149.99
0.0510204081632653,-0.5,149.99
0.0510204081632653,-0.45918367346938777,144.93
0.0510204081632653,-0.41836734693877553,149.99
0.0510204081632653,-0.37755102040816324,149.99
0.0510204081632653,-0.33673469387755106,149.99
0.0510204081632653,-0.29591836734693877,149.99
0.0510204081632653,-0.25510204081632654,149.99
0.0510204081632653,-0.2142857142857143,149.99
0.0510204081632653,-0.17346938775510207,15.98
0.0510204081632653,-0.13265306122448983,149.63
0.0510204081632653,-0.0918367346938776,149.99
0.0510204081632653,-0.05102040816326536,93.79
0.0510204081632653,-0.010204081632653073,76.44
0.0510204081632653,0.030612244897959107,149.99
0.0510204081632653,0.0714285714285714,149.99
0.0510204081632653,0.11224489795918358,149.99
0.0510204081632653,0.15306122448979587,81.3
0.0510204081632653,0.19387755102040816,149.99
0.0510204081632653,0.23469387755102034,109.11
0.0510204081632653,0.2755102040816326,83.63
0.0510204081632653,0.3163265306122448,145.79
0.0510204081632653,0.3571428571428571,143.15
0.0510204081632653,0.3979591836734693,142.41
0.0510204081632653,0.43877551020408156,136.05
0.0510204081632653,0.47959183673469385,135.82
0.0510204081632653,0.5204081632653061,140.67000000000002
0.0510204081632653,0.5612244897959182,140.48
0.0510204081632653,0.6020408163265305,135.2
0.0510204081632653,0.6428571428571428,134.12
0.0510204081632653,0.6836734693877551,134.09
0.0510204081632653,0.7244897959183672,134.22
0.0510204081632653,0.7653061224489794,134.31
0.0510204081632653,0.8061224489795917,138.89000000000001
0.0510204081632653,0.846938775510204,138.83
0.0510204081632653,0.8877551020408163,138.71
0.0510204081632653,0.9285714285714284,138.46
0.0510204081632653,0.9693877551020407,133.12
0.0510204081632653,1.010204081632653,132.81
0.0510204081632653,1.0510204081632653,132.62
0.0510204081632653,1.0918367346938773,132.52
0.0510204081632653,1.1326530612244896,132.46
0.0510204081632653,1.173469387755102,132.44
0.0510204081632653,1.2142857142857142,132.43
0.0510204081632653,1.2551020408163265,132.43
0.0510204081632653,1.2959183673469385,132.43
0.0510204081632653,1.3367346938775508,132.43
0.0510204081632653,1.3775510204081631,132.41
0.0510204081632653,1.4183673469387754,132.39000000000001
0.0510204081632653,1.4591836734693877,132.35
0.0510204081632653,1.5,132.31
0.061224489795918366,-0.5,32.03
0.061224489795918366,-0.45918367346938777,127.83
0.061224489795918366,-0.41836734693877553,149.99
0.061224489795918366,-0.37755102040816324,128.03
0.061224489795918366,-0.33673469387755106,132.72
0.061224489795918366,-0.29591836734693877,149.99
0.061224489795918366,-0.25510204081632654,149.99
0.061224489795918366,-0.2142857142857143,44.37
0.061224489795918366,-0.17346938775510207,132.52
0.061224489795918366,-0.13265306122448983,127.53
0.061224489795918366,-0.0918367346938776,134.33
0.061224489795918366,-0.05102040816326536,122.31
0.061224489795918366,-0.010204081632653073,69.45
0.061224489795918366,0.030612244897959107,120.17
0.061224489795918366,0.0714285714285714,137.37
0.061224489795918366,0.11224489795918358,149.99
0.061224489795918366,0.15306122448979587,74.87
0.061224489795918366,0.19387755102040816,109.57000000000001
0.061224489795918366,0.23469387755102034,70.5
0.061224489795918366,0.2755102040816326,93.85000000000001
0.061224489795918366,0.3163265306122448,9.76
0.061224489795918366,0.3571428571428571,123.17
0.061224489795918366,0.3979591836734693,121.48
0.061224489795918366,0.43877551020408156,115.81
0.061224489795918366,0.47959183673469385,115.14
0.061224489795918366,0.5204081632653061,119.93
0.061224489795918366,0.5612244897959182,119.71000000000001
0.061224489795918366,0.6020408163265305,113.92
0.061224489795918366,0.6428571428571428,113.54
0.061224489795918366,0.6836734693877551,113.52
0.061224489795918366,0.7244897959183672,118.15
0.061224489795918366,0.7653061224489794,118.2
0.061224489795918366,0.8061224489795917,118.16
0.061224489795918366,0.846938775510204,118.01
0.061224489795918366,0.8877551020408163,113.28
0.061224489795918366,0.9285714285714284,112.47
0.061224489795918366,0.9693877551020407,112.22
0.061224489795918366,1.010204081632653,112.06
0.061224489795918366,1.0510204081632653,111.95
0.061224489795918366,1.0918367346938773,111.88
0.061224489795918366,1.1326530612244896,111.84
0.061224489795918366,1.173469387755102,111.82000000000001
0.061224489795918366,1.2142857142857142,111.81
0.061224489795918366,1.2551020408163265,111.8
0.061224489795918366,1.2959183673469385,111.78
0.061224489795918366,1.3367346938775508,111.76
0.061224489795918366,1.3775510204081631,111.71000000000001
0.061224489795918366,1.4183673469387754,111.21000000000001
0.061224489795918366,1.4591836734693877,111.13
0.061224489795918366,1.5,111.04
0.07142857142857142,-0.5,124.96000000000001
0.07142857142857142,-0.45918367346938777,128.61
0.07142857142857142,-0.41836734693877553,140.4
0.07142857142857142,-0.37755102040816324,123.31
0.07142857142857142,-0.33673469387755106,129.63
0.07142857142857142,-0.29591836734693877,16.71
0.07142857142857142,-0.25510204081632654,120.02
0.07142857142857142,-0.2142857142857143,115.2
0.07142857142857142,-0.17346938775510207,116.83
0.07142857142857142,-0.13265306122448983,36.21
0.07142857142857142,-0.0918367346938776,141.4
0.07142857142857142,-0.05102040816326536,68.54
0.07142857142857142,-0.010204081632653073,65.12
0.07142857142857142,0.030612244897959107,149.99
0.07142857142857142,0.0714285714285714,34.68
0.07142857142857142,0.11224489795918358,73.93
0.07142857142857142,0.15306122448979587,74.73
0.07142857142857142,0.19387755102040816,74.13
0.07142857142857142,0.23469387755102034,70.48
0.07142857142857142,0.2755102040816326,87.88
0.07142857142857142,0.3163265306122448,64.02
0.07142857142857142,0.3571428571428571,102.83
0.07142857142857142,0.3979591836734693,101.10000000000001
0.07142857142857142,0.43877551020408156,105.73
0.07142857142857142,0.47959183673469385,99.52
0.07142857142857142,0.5204081632653061,104.36
0.07142857142857142,0.5612244897959182,104.17
0.07142857142857142,0.6020408163265305,98.41
0.07142857142857142,0.6428571428571428,97.97
0.07142857142857142,0.6836734693877551,97.91
0.07142857142857142,0.7244897959183672,102.64
0.07142857142857142,0.7653061224489794,102.65
0.07142857142857142,0.8061224489795917,102.58
0.07142857142857142,0.846938775510204,102.42
0.07142857142857142,0.8877551020408163,97.52
0.07142857142857142,0.9285714285714284,96.77
0.07142857142857142,0.9693877551020407,96.56
0.07142857142857142,1.010204081632653,96.41
0.07142857142857142,1.0510204081632653,96.31
0.07142857142857142,1.0918367346938773,96.25
0.07142857142857142,1.1326530612244896,96.21000000000001
0.07142857142857142,1.173469387755102,96.19
0.07142857142857142,1.2142857142857142,96.16
0.07142857142857142,1.2551020408163265,96.14
0.07142857142857142,1.2959183673469385,96.11
0.07142857142857142,1.3367346938775508,96.06
0.07142857142857142,1.3775510204081631,96.0
0.07142857142857142,1.4183673469387754,95.51
0.07142857142857142,1.4591836734693877,95.42
0.07142857142857142,1.5,95.33
0.08163265306122448,-0.5,132.34
0.08163265306122448,-0.45918367346938777,104.88
0.08163265306122448,-0.41836734693877553,103.31
0.08163265306122448,-0.37755102040816324,50.08
0.08163265306122448,-0.33673469387755106,145.89000000000001
0.08163265306122448,-0.29591836734693877,129.12
0.08163265306122448,-0.25510204081632654,81.65
0.08163265306122448,-0.2142857142857143,112.46000000000001
0.08163265306122448,-0.17346938775510207,149.99
0.08163265306122448,-0.13265306122448983,106.5
0.08163265306122448,-0.0918367346938776,82.0
0.08163265306122448,-0.05102040816326536,69.41
0.08163265306122448,-0.010204081632653073,61.18
0.08163265306122448,0.030612244897959107,46.29
0.08163265306122448,0.0714285714285714,149.99
0.08163265306122448,0.11224489795918358,72.48
0.08163265306122448,0.15306122448979587,65.54
0.08163265306122448,0.19387755102040816,58.61
0.08163265306122448,0.23469387755102034,64.03
0.08163265306122448,0.2755102040816326,64.32000000000001
0.08163265306122448,0.3163265306122448,62.08
0.08163265306122448,0.3571428571428571,94.03
0.08163265306122448,0.3979591836734693,96.4
0.08163265306122448,0.43877551020408156,95.28
0.08163265306122448,0.47959183673469385,89.2
0.08163265306122448,0.5204081632653061,88.99
0.08163265306122448,0.5612244897959182,88.88
0.08163265306122448,0.6020408163265305,88.39
0.08163265306122448,0.6428571428571428,87.53
0.08163265306122448,0.6836734693877551,87.32000000000001
0.08163265306122448,0.7244897959183672,87.29
0.08163265306122448,0.7653061224489794,87.27
0.08163265306122448,0.8061224489795917,87.18
0.08163265306122448,0.846938775510204,87.02
0.08163265306122448,0.8877551020408163,86.83
0.08163265306122448,0.9285714285714284,86.63
0.08163265306122448,0.9693877551020407,86.03
0.08163265306122448,1.010204081632653,85.86
0.08163265306122448,1.0510204081632653,85.74
0.08163265306122448,1.0918367346938773,85.66
0.08163265306122448,1.1326530612244896,85.60000000000001
0.08163265306122448,1.173469387755102,85.55
0.08163265306122448,1.2142857142857142,85.51
0.08163265306122448,1.2551020408163265,85.47
0.08163265306122448,1.2959183673469385,85.43
0.08163265306122448,1.3367346938775508,85.38
0.08163265306122448,1.3775510204081631,85.32000000000001
0.08163265306122448,1.4183673469387754,85.26
0.08163265306122448,1.4591836734693877,85.19
0.08163265306122448,1.5,85.12
0.09183673469387754,-0.5,93.24
0.09183673469387754,-0.45918367346938777,109.0
0.09183673469387754,-0.41836734693877553,99.43
0.09183673469387754,-0.37755102040816324,118.27
0.09183673469387754,-0.33673469387755106,127.7
0.09183673469387754,-0.29591836734693877,129.44
0.09183673469387754,-0.25510204081632654,149.99
0.09183673469387754,-0.2142857142857143,27.0
0.09183673469387754,-0.17346938775510207,104.25
0.09183673469387754,-0.13265306122448983,105.95
0.09183673469387754,-0.0918367346938776,57.18
0.09183673469387754,-0.05102040816326536,65.33
0.09183673469387754,-0.010204081632653073,57.81
0.09183673469387754,0.030612244897959107,43.0
0.09183673469387754,0.0714285714285714,85.14
0.09183673469387754,0.11224489795918358,63.54
0.09183673469387754,0.15306122448979587,63.67
0.09183673469387754,0.19387755102040816,49.42
0.09183673469387754,0.23469387755102034,58.34
0.09183673469387754,0.2755102040816326,51.56
0.09183673469387754,0.3163265306122448,54.77
0.09183673469387754,0.3571428571428571,9.75
0.09183673469387754,0.3979591836734693,86.85000000000001
0.09183673469387754,0.43877551020408156,85.26
0.09183673469387754,0.47959183673469385,79.67
0.09183673469387754,0.5204081632653061,83.68
0.09183673469387754,0.5612244897959182,83.60000000000001
0.09183673469387754,0.6020408163265305,82.82000000000001
0.09183673469387754,0.6428571428571428,77.71000000000001
0.09183673469387754,0.6836734693877551,77.5
0.09183673469387754,0.7244897959183672,82.03
0.09183673469387754,0.7653061224489794,81.98
0.09183673469387754,0.8061224489795917,81.51
0.09183673469387754,0.846938775510204,81.32000000000001
0.09183673469387754,0.8877551020408163,76.49
0.09183673469387754,0.9285714285714284,76.27
0.09183673469387754,0.9693877551020407,76.10000000000001
0.09183673469387754,1.010204081632653,75.97
0.09183673469387754,1.0510204081632653,75.88
0.09183673469387754,1.0918367346938773,75.81
0.09183673469387754,1.1326530612244896,75.75
0.09183673469387754,1.173469387755102,75.7
0.09183673469387754,1.2142857142857142,75.65
0.09183673469387754,1.2551020408163265,75.59
0.09183673469387754,1.2959183673469385,75.13
0.09183673469387754,1.3367346938775508,75.04
0.09183673469387754,1.3775510204081631,74.96000000000001
0.09183673469387754,1.4183673469387754,74.88
0.09183673469387754,1.4591836734693877,74.8
0.09183673469387754,1.5,74.72
0.1020408163265306,-0.5,82.3
0.1020408163265306,-0.45918367346938777,87.61
0.1020408163265306,-0.41836734693877553,91.87
0.1020408163265306,-0.37755102040816324,139.38
0.1020408163265306,-0.33673469387755106,108.55
0.1020408163265306,-0.29591836734693877,73.0
0.1020408163265306,-0.25510204081632654,149.99
0.1020408163265306,-0.2142857142857143,149.99
0.1020408163265306,-0.17346938775510207,94.54
0.1020408163265306,-0.13265306122448983,47.160000000000004
0.1020408163265306,-0.0918367346938776,50.17
0.1020408163265306,-0.05102040816326536,71.13
0.1020408163265306,-0.010204081632653073,57.24
0.1020408163265306,0.030612244897959107,39.85
0.1020408163265306,0.0714285714285714,87.93
0.1020408163265306,0.11224489795918358,66.26
0.1020408163265306,0.15306122448979587,60.230000000000004
0.1020408163265306,0.19387755102040816,46.71
0.1020408163265306,0.23469387755102034,58.49
0.1020408163265306,0.2755102040816326,46.95
0.1020408163265306,0.3163265306122448,50.300000000000004
0.1020408163265306,0.3571428571428571,56.81
0.1020408163265306,0.3979591836734693,78.13
0.1020408163265306,0.43877551020408156,75.86
0.1020408163265306,0.47959183673469385,74.83
0.1020408163265306,0.5204081632653061,74.08
0.1020408163265306,0.5612244897959182,73.43
0.1020408163265306,0.6020408163265305,73.13
0.1020408163265306,0.6428571428571428,72.76
0.1020408163265306,0.6836734693877551,72.45
0.1020408163265306,0.7244897959183672,71.89
0.1020408163265306,0.7653061224489794,71.77
0.1020408163265306,0.8061224489795917,71.66
0.1020408163265306,0.846938775510204,71.51
0.1020408163265306,0.8877551020408163,71.36
0.1020408163265306,0.9285714285714284,71.21000000000001
0.1020408163265306,0.9693877551020407,71.06
0.1020408163265306,1.010204081632653,70.91
0.1020408163265306,1.0510204081632653,70.4
0.1020408163265306,1.0918367346938773,70.29
0.1020408163265306,1.1326530612244896,70.2
0.1020408163265306,1.173469387755102,70.13
0.1020408163265306,1.2142857142857142,70.06
0.1020408163265306,1.2551020408163265,70.0
0.1020408163265306,1.2959183673469385,69.94
0.1020408163265306,1.3367346938775508,69.87
0.1020408163265306,1.3775510204081631,69.81
0.1020408163265306,1.4183673469387754,69.75
0.1020408163265306,1.4591836734693877,69.69
0.1020408163265306,1.5,69.63
0.11224489795918366,-0.5,77.56
0.11224489795918366,-0.45918367346938777,79.29
0.11224489795918366,-0.41836734693877553,82.75
0.11224489795918366,-0.37755102040816324,126.43
0.11224489795918366,-0.33673469387755106,55.22
0.11224489795918366,-0.29591836734693877,125.52
0.11224489795918366,-0.25510204081632654,149.99
0.11224489795918366,-0.2142857142857143,149.99
0.11224489795918366,-0.17346938775510207,101.35000000000001
0.11224489795918366,-0.13265306122448983,123.07000000000001
0.11224489795918366,-0.0918367346938776,131.08
0.11224489795918366,-0.05102040816326536,67.26
0.11224489795918366,-0.010204081632653073,53.980000000000004
0.11224489795918366,0.030612244897959107,39.39
0.11224489795918366,0.0714285714285714,47.050000000000004
0.11224489795918366,0.11224489795918358,42.2
0.11224489795918366,0.15306122448979587,54.34
0.11224489795918366,0.19387755102040816,41.57
0.11224489795918366,0.23469387755102034,45.78
0.11224489795918366,0.2755102040816326,46.94
0.11224489795918366,0.3163265306122448,50.0
0.11224489795918366,0.3571428571428571,47.74
0.11224489795918366,0.3979591836734693,9.68
0.11224489795918366,0.43877551020408156,71.32000000000001
0.11224489795918366,0.47959183673469385,69.81
0.11224489795918366,0.5204081632653061,68.8
0.11224489795918366,0.5612244897959182,68.27
0.11224489795918366,0.6020408163265305,68.08
0.11224489795918366,0.6428571428571428,67.4
0.11224489795918366,0.6836734693877551,66.97
0.11224489795918366,0.7244897959183672,66.73
0.11224489795918366,0.7653061224489794,66.61
0.11224489795918366,0.8061224489795917,66.51
0.11224489795918366,0.846938775510204,66.39
0.11224489795918366,0.8877551020408163,66.23
0.11224489795918366,0.9285714285714284,65.68
0.11224489795918366,0.9693877551020407,65.5
0.11224489795918366,1.010204081632653,65.35
0.11224489795918366,1.0510204081632653,65.22
0.11224489795918366,1.0918367346938773,65.12
0.11224489795918366,1.1326530612244896,65.03
0.11224489795918366,1.173469387755102,64.96000000000001
0.11224489795918366,1.2142857142857142,64.9
0.11224489795918366,1.2551020408163265,64.83
0.11224489795918366,1.2959183673469385,64.77
0.11224489795918366,1.3367346938775508,64.68
0.11224489795918366,1.3775510204081631,64.24
0.11224489795918366,1.4183673469387754,64.15
0.11224489795918366,1.4591836734693877,64.07000000000001
0.11224489795918366,1.5,60.120000000000005
0.12244897959183673,-0.5,149.99
0.12244897959183673,-0.45918367346938777,72.95
0.12244897959183673,-0.41836734693877553,87.73
0.12244897959183673,-0.37755102040816324,30.41
0.12244897959183673,-0.33673469387755106,105.04
0.12244897959183673,-0.29591836734693877,149.99
0.12244897959183673,-0.25510204081632654,19.86
0.12244897959183673,-0.2142857142857143,149.99
0.12244897959183673,-0.17346938775510207,128.43
0.12244897959183673,-0.13265306122448983,69.84
0.12244897959183673,-0.0918367346938776,52.71
0.12244897959183673,-0.05102040816326536,79.53
0.12244897959183673,-0.010204081632653073,50.18
0.12244897959183673,0.030612244897959107,36.67
0.12244897959183673,0.0714285714285714,34.92
0.12244897959183673,0.11224489795918358,48.7
0.12244897959183673,0.15306122448979587,44.480000000000004
0.12244897959183673,0.19387755102040816,38.050000000000004
0.12244897959183673,0.23469387755102034,39.45
0.12244897959183673,0.2755102040816326,46.410000000000004
0.12244897959183673,0.3163265306122448,42.300000000000004
0.12244897959183673,0.3571428571428571,43.22
0.12244897959183673,0.3979591836734693,45.15
0.12244897959183673,0.43877551020408156,67.05
0.12244897959183673,0.47959183673469385,65.2
0.12244897959183673,0.5204081632653061,64.62
0.12244897959183673,0.5612244897959182,63.54
0.12244897959183673,0.6020408163265305,63.29
0.12244897959183673,0.6428571428571428,62.620000000000005
0.12244897959183673,0.6836734693877551,62.22
0.12244897959183673,0.7244897959183672,61.95
0.12244897959183673,0.7653061224489794,61.79
0.12244897959183673,0.8061224489795917,61.68
0.12244897959183673,0.846938775510204,61.550000000000004
0.12244897959183673,0.8877551020408163,61.01
0.12244897959183673,0.9285714285714284,60.82
0.12244897959183673,0.9693877551020407,60.660000000000004
0.12244897959183673,1.010204081632653,60.52
0.12244897959183673,1.0510204081632653,60.39
0.12244897959183673,1.0918367346938773,60.29
0.12244897959183673,1.1326530612244896,60.21
0.12244897959183673,1.173469387755102,60.13
0.12244897959183673,1.2142857142857142,60.06
0.12244897959183673,1.2551020408163265,59.97
0.12244897959183673,1.2959183673469385,59.52
0.12244897959183673,1.3367346938775508,59.43
0.12244897959183673,1.3775510204081631,59.35
0.12244897959183673,1.4183673469387754,59.28
0.12244897959183673,1.4591836734693877,59.21
0.12244897959183673,1.5,59.14
0.13265306122448978,-0.5,41.51
0.13265306122448978,-0.45918367346938777,67.28
0.13265306122448978,-0.41836734693877553,36.77
0.13265306122448978,-0.37755102040816324,35.75
0.13265306122448978,-0.33673469387755106,107.42
0.13265306122448978,-0.29591836734693877,149.99
0.13265306122448978,-0.25510204081632654,16.330000000000002
0.13265306122448978,-0.2142857142857143,149.99
0.13265306122448978,-0.17346938775510207,27.68
0.13265306122448978,-0.13265306122448983,56.550000000000004
0.13265306122448978,-0.0918367346938776,48.370000000000005
0.13265306122448978,-0.05102040816326536,149.99
0.13265306122448978,-0.010204081632653073,47.050000000000004
0.13265306122448978,0.030612244897959107,36.18
0.13265306122448978,0.0714285714285714,31.85
0.13265306122448978,0.11224489795918358,48.78
0.13265306122448978,0.15306122448979587,37.39
0.13265306122448978,0.19387755102040816,35.800000000000004
0.13265306122448978,0.23469387755102034,36.87
0.13265306122448978,0.2755102040816326,41.660000000000004
0.13265306122448978,0.3163265306122448,37.25
0.13265306122448978,0.3571428571428571,38.87
0.13265306122448978,0.3979591836734693,41.57
0.13265306122448978,0.43877551020408156,63.71
0.13265306122448978,0.47959183673469385,60.86
0.13265306122448978,0.5204081632653061,59.92
0.13265306122448978,0.5612244897959182,58.83
0.13265306122448978,0.6020408163265305,58.44
0.13265306122448978,0.6428571428571428,57.76
0.13265306122448978,0.6836734693877551,57.39
0.13265306122448978,0.7244897959183672,57.11
0.13265306122448978,0.7653061224489794,56.92
0.13265306122448978,0.8061224489795917,56.43
0.13265306122448978,0.846938775510204,56.230000000000004
0.13265306122448978,0.8877551020408163,56.06
0.13265306122448978,0.9285714285714284,55.89
0.13265306122448978,0.9693877551020407,55.74
0.13265306122448978,1.010204081632653,55.6
0.13265306122448978,1.0510204081632653,55.49
0.13265306122448978,1.0918367346938773,55.38
0.13265306122448978,1.1326530612244896,55.27
0.13265306122448978,1.173469387755102,54.82
0.13265306122448978,1.2142857142857142,54.71
0.13265306122448978,1.2551020408163265,54.620000000000005
0.13265306122448978,1.2959183673469385,54.53
0.13265306122448978,1.3367346938775508,54.46
0.13265306122448978,1.3775510204081631,54.38
0.13265306122448978,1.4183673469387754,54.31
0.13265306122448978,1.4591836734693877,54.24
0.13265306122448978,1.5,54.17
0.14285714285714285,-0.5,77.98
0.14285714285714285,-0.45918367346938777,62.33
0.14285714285714285,-0.41836734693877553,147.23
0.14285714285714285,-0.37755102040816324,37.34
0.14285714285714285,-0.33673469387755106,112.77
0.14285714285714285,-0.29591836734693877,149.99
0.14285714285714285,-0.25510204081632654,22.37
0.14285714285714285,-0.2142857142857143,149.99
0.14285714285714285,-0.17346938775510207,41.86
0.14285714285714285,-0.13265306122448983,32.59
0.14285714285714285,-0.0918367346938776,63.79
0.14285714285714285,-0.05102040816326536,149.99
0.14285714285714285,-0.010204081632653073,40.77
0.14285714285714285,0.030612244897959107,33.12
0.14285714285714285,0.0714285714285714,29.09
0.14285714285714285,0.11224489795918358,42.64
0.14285714285714285,0.15306122448979587,35.82
0.14285714285714285,0.19387755102040816,34.68
0.14285714285714285,0.23469387755102034,34.160000000000004
0.14285714285714285,0.2755102040816326,38.49
0.14285714285714285,0.3163265306122448,35.08
0.14285714285714285,0.3571428571428571,38.980000000000004
0.14285714285714285,0.3979591836734693,37.39
0.14285714285714285,0.43877551020408156,9.6
0.14285714285714285,0.47959183673469385,57.1
0.14285714285714285,0.5204081632653061,55.5
0.14285714285714285,0.5612244897959182,54.43
0.14285714285714285,0.6020408163265305,53.910000000000004
0.14285714285714285,0.6428571428571428,53.63
0.14285714285714285,0.6836734693877551,52.83
0.14285714285714285,0.7244897959183672,52.54
0.14285714285714285,0.7653061224489794,52.33
0.14285714285714285,0.8061224489795917,52.160000000000004
0.14285714285714285,0.846938775510204,51.58
0.14285714285714285,0.8877551020408163,51.39
0.14285714285714285,0.9285714285714284,51.230000000000004
0.14285714285714285,0.9693877551020407,51.09
0.14285714285714285,1.010204081632653,50.96
0.14285714285714285,1.0510204081632653,50.85
0.14285714285714285,1.0918367346938773,50.74
0.14285714285714285,1.1326530612244896,50.65
0.14285714285714285,1.173469387755102,50.550000000000004
0.14285714285714285,1.2142857142857142,50.050000000000004
0.14285714285714285,1.2551020408163265,49.93
0.14285714285714285,1.2959183673469385,49.84
0.14285714285714285,1.3367346938775508,49.75
0.14285714285714285,1.3775510204081631,49.68
0.14285714285714285,1.4183673469387754,49.6
0.14285714285714285,1.4591836734693877,49.53
0.14285714285714285,1.5,49.47
0.1530612244897959,-0.5,79.48
0.1530612244897959,-0.45918367346938777,62.28
0.1530612244897959,-0.41836734693877553,85.3
0.1530612244897959,-0.37755102040816324,47.49
0.1530612244897959,-0.33673469387755106,40.62
0.1530612244897959,-0.29591836734693877,149.99
0.1530612244897959,-0.25510204081632654,32.0
0.1530612244897959,-0.2142857142857143,149.99
0.1530612244897959,-0.17346938775510207,42.0
0.1530612244897959,-0.13265306122448983,38.72
0.1530612244897959,-0.0918367346938776,149.99
0.1530612244897959,-0.05102040816326536,149.99
0.1530612244897959,-0.010204081632653073,37.46
0.1530612244897959,0.030612244897959107,32.72
0.1530612244897959,0.0714285714285714,28.490000000000002
0.1530612244897959,0.11224489795918358,35.910000000000004
0.1530612244897959,0.15306122448979587,36.230000000000004
0.1530612244897959,0.19387755102040816,32.55
0.1530612244897959,0.23469387755102034,31.38
0.1530612244897959,0.2755102040816326,33.53
0.1530612244897959,0.3163265306122448,34.85
0.1530612244897959,0.3571428571428571,36.01
0.1530612244897959,0.3979591836734693,35.02
0.1530612244897959,0.43877551020408156,37.67
0.1530612244897959,0.47959183673469385,57.67
0.1530612244897959,0.5204081632653061,55.6
0.1530612244897959,0.5612244897959182,54.35
0.1530612244897959,0.6020408163265305,53.77
0.1530612244897959,0.6428571428571428,52.94
0.1530612244897959,0.6836734693877551,52.620000000000005
0.1530612244897959,0.7244897959183672,52.34
0.1530612244897959,0.7653061224489794,51.71
0.1530612244897959,0.8061224489795917,51.45
0.1530612244897959,0.846938775510204,51.26
0.1530612244897959,0.8877551020408163,51.11
0.1530612244897959,0.9285714285714284,50.96
0.1530612244897959,0.9693877551020407,50.83
0.1530612244897959,1.010204081632653,50.69
0.1530612244897959,1.0510204081632653,50.2
0.1530612244897959,1.0918367346938773,50.03
0.1530612244897959,1.1326530612244896,49.910000000000004
0.1530612244897959,1.173469387755102,49.800000000000004
0.1530612244897959,1.2142857142857142,49.71
0.1530612244897959,1.2551020408163265,49.620000000000005
0.1530612244897959,1.2959183673469385,49.54
0.1530612244897959,1.3367346938775508,49.46
0.1530612244897959,1.3775510204081631,49.39
0.1530612244897959,1.4183673469387754,49.32
0.1530612244897959,1.4591836734693877,49.25
0.1530612244897959,1.5,49.18
0.16326530612244897,-0.5,59.06
0.16326530612244897,-0.45918367346938777,59.96
0.16326530612244897,-0.41836734693877553,22.69
0.16326530612244897,-0.37755102040816324,89.39
0.16326530612244897,-0.33673469387755106,39.56
0.16326530612244897,-0.29591836734693877,149.99
0.16326530612244897,-0.25510204081632654,41.11
0.16326530612244897,-0.2142857142857143,51.85
0.16326530612244897,-0.17346938775510207,46.93
0.16326530612244897,-0.13265306122448983,25.61
0.16326530612244897,-0.0918367346938776,35.37
0.16326530612244897,-0.05102040816326536,41.08
0.16326530612244897,-0.010204081632653073,36.660000000000004
0.16326530612244897,0.030612244897959107,30.36
0.16326530612244897,0.0714285714285714,28.14
0.16326530612244897,0.11224489795918358,30.34
0.16326530612244897,0.15306122448979587,35.87
0.16326530612244897,0.19387755102040816,31.57
0.16326530612244897,0.23469387755102034,29.32
0.16326530612244897,0.2755102040816326,30.94
0.16326530612244897,0.3163265306122448,32.94
0.16326530612244897,0.3571428571428571,31.42
0.16326530612244897,0.3979591836734693,32.67
0.16326530612244897,0.43877551020408156,35.77
0.16326530612244897,0.47959183673469385,9.6
0.16326530612244897,0.5204081632653061,51.39
0.16326530612244897,0.5612244897959182,49.94
0.16326530612244897,0.6020408163265305,49.31
0.16326530612244897,0.6428571428571428,48.410000000000004
0.16326530612244897,0.6836734693877551,48.01
0.16326530612244897,0.7244897959183672,47.75
0.16326530612244897,0.7653061224489794,47.480000000000004
0.16326530612244897,0.8061224489795917,46.83
0.16326530612244897,0.846938775510204,46.6
0.16326530612244897,0.8877551020408163,46.42
0.16326530612244897,0.9285714285714284,46.28
0.16326530612244897,0.9693877551020407,46.15
0.16326530612244897,1.010204081632653,46.03
0.16326530612244897,1.0510204081632653,45.89
0.16326530612244897,1.0918367346938773,45.39
0.16326530612244897,1.1326530612244896,45.230000000000004
0.16326530612244897,1.173469387755102,45.1
0.16326530612244897,1.2142857142857142,44.99
0.16326530612244897,1.2551020408163265,44.9
0.16326530612244897,1.2959183673469385,44.81
0.16326530612244897,1.3367346938775508,44.730000000000004
0.16326530612244897,1.3775510204081631,44.660000000000004
0.16326530612244897,1.4183673469387754,44.59
0.16326530612244897,1.4591836734693877,44.52
0.16326530612244897,1.5,44.45
0.17346938775510204,-0.5,57.4
0.17346938775510204,-0.45918367346938777,64.96000000000001
0.17346938775510204,-0.41836734693877553,28.46
0.17346938775510204,-0.37755102040816324,99.74000000000001
0.17346938775510204,-0.33673469387755106,46.63
0.17346938775510204,-0.29591836734693877,149.99
0.17346938775510204,-0.25510204081632654,46.36
0.17346938775510204,-0.2142857142857143,23.47
0.17346938775510204,-0.17346938775510207,51.44
0.17346938775510204,-0.13265306122448983,26.05
0.17346938775510204,-0.0918367346938776,32.44
0.17346938775510204,-0.05102040816326536,34.79
0.17346938775510204,-0.010204081632653073,33.6
0.17346938775510204,0.030612244897959107,29.92
0.17346938775510204,0.0714285714285714,26.1
0.17346938775510204,0.11224489795918358,27.150000000000002
0.17346938775510204,0.15306122448979587,33.71
0.17346938775510204,0.19387755102040816,30.0
0.17346938775510204,0.23469387755102034,28.71
0.17346938775510204,0.2755102040816326,28.51
0.17346938775510204,0.3163265306122448,32.3
0.17346938775510204,0.3571428571428571,29.07
0.17346938775510204,0.3979591836734693,32.58
0.17346938775510204,0.43877551020408156,31.740000000000002
0.17346938775510204,0.47959183673469385,9.69
0.17346938775510204,0.5204081632653061,52.28
0.17346938775510204,0.5612244897959182,50.08
0.17346938775510204,0.6020408163265305,49.26
0.17346938775510204,0.6428571428571428,48.32
0.17346938775510204,0.6836734693877551,47.870000000000005
0.17346938775510204,0.7244897959183672,47.56
0.17346938775510204,0.7653061224489794,46.9
0.17346938775510204,0.8061224489795917,46.62
0.17346938775510204,0.846938775510204,46.39
0.17346938775510204,0.8877551020408163,46.21
0.17346938775510204,0.9285714285714284,46.050000000000004
0.17346938775510204,0.9693877551020407,45.84
0.17346938775510204,1.010204081632653,45.37
0.17346938775510204,1.0510204081632653,45.22
0.17346938775510204,1.0918367346938773,45.09
0.17346938775510204,1.1326530612244896,44.96
0.17346938775510204,1.173469387755102,44.85
0.17346938775510204,1.2142857142857142,44.74
0.17346938775510204,1.2551020408163265,44.65
0.17346938775510204,1.2959183673469385,44.56
0.17346938775510204,1.3367346938775508,44.46
0.17346938775510204,1.3775510204081631,44.33
0.17346938775510204,1.4183673469387754,43.89
0.17346938775510204,1.4591836734693877,43.800000000000004
0.17346938775510204,1.5,43.72
0.18367346938775508,-0.5,54.45
0.18367346938775508,-0.45918367346938777,50.480000000000004
0.18367346938775508,-0.41836734693877553,111.28
0.18367346938775508,-0.37755102040816324,98.33
0.18367346938775508,-0.33673469387755106,70.68
0.18367346938775508,-0.29591836734693877,149.99
0.18367346938775508,-0.25510204081632654,59.93
0.18367346938775508,-0.2142857142857143,15.620000000000001
0.18367346938775508,-0.17346938775510207,51.25
0.18367346938775508,-0.13265306122448983,26.94
0.18367346938775508,-0.0918367346938776,32.43
0.18367346938775508,-0.05102040816326536,31.060000000000002
0.18367346938775508,-0.010204081632653073,30.69
0.18367346938775508,0.030612244897959107,29.54
0.18367346938775508,0.0714285714285714,25.69
0.18367346938775508,0.11224489795918358,24.71
0.18367346938775508,0.15306122448979587,30.82
0.18367346938775508,0.19387755102040816,29.47
0.18367346938775508,0.23469387755102034,26.94
0.18367346938775508,0.2755102040816326,27.76
0.18367346938775508,0.3163265306122448,29.8
0.18367346938775508,0.3571428571428571,28.89
0.18367346938775508,0.3979591836734693,30.52
0.18367346938775508,0.43877551020408156,29.73
0.18367346938775508,0.47959183673469385,32.29
0.18367346938775508,0.5204081632653061,49.44
0.18367346938775508,0.5612244897959182,46.46
0.18367346938775508,0.6020408163265305,45.08
0.18367346938775508,0.6428571428571428,44.52
0.18367346938775508,0.6836734693877551,43.59
0.18367346938775508,0.7244897959183672,43.230000000000004
0.18367346938775508,0.7653061224489794,42.980000000000004
0.18367346938775508,0.8061224489795917,42.72
0.18367346938775508,0.846938775510204,42.03
0.18367346938775508,0.8877551020408163,41.81
0.18367346938775508,0.9285714285714284,41.65
0.18367346938775508,0.9693877551020407,41.51
0.18367346938775508,1.010204081632653,41.38
0.18367346938775508,1.0510204081632653,41.26
0.18367346938775508,1.0918367346938773,41.12
0.18367346938775508,1.1326530612244896,40.56
0.18367346938775508,1.173469387755102,40.42
0.18367346938775508,1.2142857142857142,40.31
0.18367346938775508,1.2551020408163265,40.2
0.18367346938775508,1.2959183673469385,40.11
0.18367346938775508,1.3367346938775508,40.03
0.18367346938775508,1.3775510204081631,39.96
0.18367346938775508,1.4183673469387754,39.89
0.18367346938775508,1.4591836734693877,39.82
0.18367346938775508,1.5,39.75
0.19387755102040816,-0.5,79.35000000000001
0.19387755102040816,-0.45918367346938777,76.11
0.19387755102040816,-0.41836734693877553,85.63
0.19387755102040816,-0.37755102040816324,120.97
0.19387755102040816,-0.33673469387755106,149.99
0.19387755102040816,-0.29591836734693877,149.99
0.19387755102040816,-0.25510204081632654,64.49
0.19387755102040816,-0.2142857142857143,15.44
0.19387755102040816,-0.17346938775510207,42.13
0.19387755102040816,-0.13265306122448983,27.39
0.19387755102040816,-0.0918367346938776,25.21
0.19387755102040816,-0.05102040816326536,28.39
0.19387755102040816,-0.010204081632653073,30.11
0.19387755102040816,0.030612244897959107,26.62
0.19387755102040816,0.0714285714285714,25.330000000000002
0.19387755102040816,0.11224489795918358,24.02
0.19387755102040816,0.15306122448979587,28.21
0.19387755102040816,0.19387755102040816,28.63
0.19387755102040816,0.23469387755102034,26.43
0.19387755102040816,0.2755102040816326,25.53
0.19387755102040816,0.3163265306122448,27.36
0.19387755102040816,0.3571428571428571,27.11
0.19387755102040816,0.3979591836734693,28.23
0.19387755102040816,0.43877551020408156,27.310000000000002
0.19387755102040816,0.47959183673469385,30.400000000000002
0.19387755102040816,0.5204081632653061,9.49
0.19387755102040816,0.5612244897959182,46.97
0.19387755102040816,0.6020408163265305,45.29
0.19387755102040816,0.6428571428571428,44.54
0.19387755102040816,0.6836734693877551,43.61
0.19387755102040816,0.7244897959183672,43.18
0.19387755102040816,0.7653061224489794,42.88
0.19387755102040816,0.8061224489795917,42.21
0.19387755102040816,0.846938775510204,41.93
0.19387755102040816,0.8877551020408163,41.7
0.19387755102040816,0.9285714285714284,41.52
0.19387755102040816,0.9693877551020407,41.37
0.19387755102040816,1.010204081632653,41.21
0.19387755102040816,1.0510204081632653,40.69
0.19387755102040816,1.0918367346938773,40.53
0.19387755102040816,1.1326530612244896,40.39
0.19387755102040816,1.173469387755102,40.27
0.19387755102040816,1.2142857142857142,40.15
0.19387755102040816,1.2551020408163265,40.050000000000004
0.19387755102040816,1.2959183673469385,39.96
0.19387755102040816,1.3367346938775508,39.87
0.19387755102040816,1.3775510204081631,39.79
0.19387755102040816,1.4183673469387754,39.7
0.19387755102040816,1.4591836734693877,39.58
0.19387755102040816,1.5,39.14
0.2040816326530612,-0.5,100.86
0.2040816326530612,-0.45918367346938777,23.75
0.2040816326530612,-0.41836734693877553,46.86
0.2040816326530612,-0.37755102040816324,63.18
0.2040816326530612,-0.33673469387755106,149.99
0.2040816326530612,-0.29591836734693877,149.99
0.2040816326530612,-0.25510204081632654,55.15
0.2040816326530612,-0.2142857142857143,15.610000000000001
0.2040816326530612,-0.17346938775510207,32.74
0.2040816326530612,-0.13265306122448983,27.61
0.2040816326530612,-0.0918367346938776,24.64
0.2040816326530612,-0.05102040816326536,28.02
0.2040816326530612,-0.010204081632653073,27.14
0.2040816326530612,0.030612244897959107,26.23
0.2040816326530612,0.0714285714285714,24.93
0.2040816326530612,0.11224489795918358,21.87
0.2040816326530612,0.15306122448979587,26.62
0.2040816326530612,0.19387755102040816,27.21
0.2040816326530612,0.23469387755102034,25.95
0.2040816326530612,0.2755102040816326,24.85
0.2040816326530612,0.3163265306122448,25.29
0.2040816326530612,0.3571428571428571,26.810000000000002
0.2040816326530612,0.3979591836734693,25.88
0.2040816326530612,0.43877551020408156,27.310000000000002
0.2040816326530612,0.47959183673469385,28.310000000000002
0.2040816326530612,0.5204081632653061,31.11
0.2040816326530612,0.5612244897959182,48.11
0.2040816326530612,0.6020408163265305,45.92
0.2040816326530612,0.6428571428571428,44.660000000000004
0.2040816326530612,0.6836734693877551,43.67
0.2040816326530612,0.7244897959183672,43.2
0.2040816326530612,0.7653061224489794,42.800000000000004
0.2040816326530612,0.8061224489795917,42.14
0.2040816326530612,0.846938775510204,41.88
0.2040816326530612,0.8877551020408163,41.64
0.2040816326530612,0.9285714285714284,41.43
0.2040816326530612,0.9693877551020407,41.18
0.2040816326530612,1.010204081632653,40.69
0.2040816326530612,1.0510204081632653,40.54
0.2040816326530612,1.0918367346938773,40.4
0.2040816326530612,1.1326530612244896,40.27
0.2040816326530612,1.173469387755102,40.15
0.2040816326530612,1.2142857142857142,40.03
0.2040816326530612,1.2551020408163265,39.910000000000004
0.2040816326530612,1.2959183673469385,35.550000000000004
0.2040816326530612,1.3367346938775508,35.45
0.2040816326530612,1.3775510204081631,39.18
0.2040816326530612,1.4183673469387754,39.09
0.2040816326530612,1.4591836734693877,39.01
0.2040816326530612,1.5,38.93
0.21428571428571427,-0.5,24.240000000000002
0.21428571428571427,-0.45918367346938777,149.99
0.21428571428571427,-0.41836734693877553,38.24
0.21428571428571427,-0.37755102040816324,149.99
0.21428571428571427,-0.33673469387755106,149.99
0.21428571428571427,-0.29591836734693877,149.99
0.21428571428571427,-0.25510204081632654,45.99
0.21428571428571427,-0.2142857142857143,15.870000000000001
0.21428571428571427,-0.17346938775510207,27.67
0.21428571428571427,-0.13265306122448983,27.6
0.21428571428571427,-0.0918367346938776,22.1
0.21428571428571427,-0.05102040816326536,24.900000000000002
0.21428571428571427,-0.010204081632653073,26.77
0.21428571428571427,0.030612244897959107,25.84
0.21428571428571427,0.0714285714285714,22.900000000000002
0.21428571428571427,0.11224489795918358,21.5
0.21428571428571427,0.15306122448979587,24.04
0.21428571428571427,0.19387755102040816,26.53
0.21428571428571427,0.23469387755102034,25.26
0.21428571428571427,0.2755102040816326,23.32
0.21428571428571427,0.3163265306122448,24.76
0.21428571428571427,0.3571428571428571,26.26
0.21428571428571427,0.3979591836734693,23.830000000000002
0.21428571428571427,0.43877551020408156,25.39
0.21428571428571427,0.47959183673469385,26.63
0.21428571428571427,0.5204081632653061,29.3
0.21428571428571427,0.5612244897959182,9.52
0.21428571428571427,0.6020408163265305,42.06
0.21428571428571427,0.6428571428571428,40.54
0.21428571428571427,0.6836734693877551,39.85
0.21428571428571427,0.7244897959183672,38.910000000000004
0.21428571428571427,0.7653061224489794,38.5
0.21428571428571427,0.8061224489795917,38.21
0.21428571428571427,0.846938775510204,37.56
0.21428571428571427,0.8877551020408163,37.24
0.21428571428571427,0.9285714285714284,37.02
0.21428571428571427,0.9693877551020407,36.84
0.21428571428571427,1.010204081632653,36.69
0.21428571428571427,1.0510204081632653,36.54
0.21428571428571427,1.0918367346938773,36.04
0.21428571428571427,1.1326530612244896,35.84
0.21428571428571427,1.173469387755102,35.69
0.21428571428571427,1.2142857142857142,35.56
0.21428571428571427,1.2551020408163265,35.44
0.21428571428571427,1.2959183673469385,35.34
0.21428571428571427,1.3367346938775508,35.25
0.21428571428571427,1.3775510204081631,35.17
0.21428571428571427,1.4183673469387754,35.08
0.21428571428571427,1.4591836734693877,35.0
0.21428571428571427,1.5,34.910000000000004
0.22448979591836732,-0.5,43.56
0.22448979591836732,-0.45918367346938777,91.11
0.22448979591836732,-0.41836734693877553,135.16
0.22448979591836732,-0.37755102040816324,149.99
0.22448979591836732,-0.33673469387755106,149.99
0.22448979591836732,-0.29591836734693877,149.99
0.22448979591836732,-0.25510204081632654,41.160000000000004
0.22448979591836732,-0.2142857142857143,16.16
0.22448979591836732,-0.17346938775510207,22.96
0.22448979591836732,-0.13265306122448983,27.37
0.22448979591836732,-0.0918367346938776,22.27
0.22448979591836732,-0.05102040816326536,24.23
0.22448979591836732,-0.010204081632653073,24.42
0.22448979591836732,0.030612244897959107,23.650000000000002
0.22448979591836732,0.0714285714285714,22.54
0.22448979591836732,0.11224489795918358,21.17
0.22448979591836732,0.15306122448979587,22.26
0.22448979591836732,0.19387755102040816,24.55
0.22448979591836732,0.23469387755102034,23.87
0.22448979591836732,0.2755102040816326,23.03
0.22448979591836732,0.3163265306122448,22.580000000000002
0.22448979591836732,0.3571428571428571,24.35
0.22448979591836732,0.3979591836734693,23.69
0.22448979591836732,0.43877551020408156,25.14
0.22448979591836732,0.47959183673469385,24.53
0.22448979591836732,0.5204081632653061,27.560000000000002
0.22448979591836732,0.5612244897959182,9.5
0.22448979591836732,0.6020408163265305,43.07
0.22448979591836732,0.6428571428571428,40.9
0.22448979591836732,0.6836734693877551,39.94
0.22448979591836732,0.7244897959183672,38.980000000000004
0.22448979591836732,0.7653061224489794,38.5
0.22448979591836732,0.8061224489795917,38.15
0.22448979591836732,0.846938775510204,37.47
0.22448979591836732,0.8877551020408163,37.18
0.22448979591836732,0.9285714285714284,36.94
0.22448979591836732,0.9693877551020407,36.75
0.22448979591836732,1.010204081632653,36.56
0.22448979591836732,1.0510204081632653,36.04
0.22448979591836732,1.0918367346938773,35.86
0.22448979591836732,1.1326530612244896,35.7
0.22448979591836732,1.173469387755102,35.56
0.22448979591836732,1.2142857142857142,35.44
0.22448979591836732,1.2551020408163265,35.32
0.22448979591836732,1.2959183673469385,35.21
0.22448979591836732,1.3367346938775508,35.11
0.22448979591836732,1.3775510204081631,35.01
0.22448979591836732,1.4183673469387754,34.57
0.22448979591836732,1.4591836734693877,34.44
0.22448979591836732,1.5,34.34
0.2346938775510204,-0.5,146.70000000000002
0.2346938775510204,-0.45918367346938777,56.76
0.2346938775510204,-0.41836734693877553,75.66
0.2346938775510204,-0.37755102040816324,46.92
0.2346938775510204,-0.33673469387755106,149.99
0.2346938775510204,-0.29591836734693877,149.99
0.2346938775510204,-0.25510204081632654,36.56
0.2346938775510204,-0.2142857142857143,16.41
0.2346938775510204,-0.17346938775510207,18.64
0.2346938775510204,-0.13265306122448983,27.02
0.2346938775510204,-0.0918367346938776,22.34
0.2346938775510204,-0.05102040816326536,21.26
0.2346938775510204,-0.010204081632653073,23.91
0.2346938775510204,0.030612244897959107,23.3
0.2346938775510204,0.0714285714285714,22.26
0.2346938775510204,0.11224489795918358,19.89
0.2346938775510204,0.15306122448979587,21.240000000000002
0.2346938775510204,0.19387755102040816,23.55
0.2346938775510204,0.23469387755102034,23.400000000000002
0.2346938775510204,0.2755102040816326,22.7
0.2346938775510204,0.3163265306122448,22.21
0.2346938775510204,0.3571428571428571,23.85
0.2346938775510204,0.3979591836734693,23.52
0.2346938775510204,0.43877551020408156,23.14
0.2346938775510204,0.47959183673469385,24.41
0.2346938775510204,0.5204081632653061,25.45
0.2346938775510204,0.5612244897959182,28.18
0.2346938775510204,0.6020408163265305,44.59
0.2346938775510204,0.6428571428571428,41.58
0.2346938775510204,0.6836734693877551,40.15
0.2346938775510204,0.7244897959183672,39.08
0.2346938775510204,0.7653061224489794,38.57
0.2346938775510204,0.8061224489795917,38.1
0.2346938775510204,0.846938775510204,37.44
0.2346938775510204,0.8877551020408163,37.160000000000004
0.2346938775510204,0.9285714285714284,36.910000000000004
0.2346938775510204,0.9693877551020407,36.67
0.2346938775510204,1.010204081632653,36.1
0.2346938775510204,1.0510204081632653,35.910000000000004
0.2346938775510204,1.0918367346938773,35.75
0.2346938775510204,1.1326530612244896,35.61
0.2346938775510204,1.173469387755102,35.47
0.2346938775510204,1.2142857142857142,35.34
0.2346938775510204,1.2551020408163265,35.21
0.2346938775510204,1.2959183673469385,35.06
0.2346938775510204,1.3367346938775508,34.57
0.2346938775510204,1.3775510204081631,34.45
0.2346938775510204,1.4183673469387754,34.35
0.2346938775510204,1.4591836734693877,34.26
0.2346938775510204,1.5,34.18
0.24489795918367346,-0.5,93.01
0.24489795918367346,-0.45918367346938777,42.67
0.24489795918367346,-0.41836734693877553,77.15
0.24489795918367346,-0.37755102040816324,149.99
0.24489795918367346,-0.33673469387755106,149.99
0.24489795918367346,-0.29591836734693877,149.99
0.24489795918367346,-0.25510204081632654,32.22
0.24489795918367346,-0.2142857142857143,16.62
0.24489795918367346,-0.17346938775510207,14.97
0.24489795918367346,-0.13265306122448983,23.14
0.24489795918367346,-0.0918367346938776,22.31
0.24489795918367346,-0.05102040816326536,20.93
0.24489795918367346,-0.010204081632653073,23.52
0.24489795918367346,0.030612244897959107,23.0
0.24489795918367346,0.0714285714285714,21.98
0.24489795918367346,0.11224489795918358,19.48
0.24489795918367346,0.15306122448979587,20.490000000000002
0.24489795918367346,0.19387755102040816,22.06
0.24489795918367346,0.23469387755102034,22.86
0.24489795918367346,0.2755102040816326,22.2
0.24489795918367346,0.3163265306122448,21.78
0.24489795918367346,0.3571428571428571,21.990000000000002
0.24489795918367346,0.3979591836734693,23.19
0.24489795918367346,0.43877551020408156,22.87
0.24489795918367346,0.47959183673469385,22.53
0.24489795918367346,0.5204081632653061,23.79
0.24489795918367346,0.5612244897959182,24.91
0.24489795918367346,0.6020408163265305,9.4
0.24489795918367346,0.6428571428571428,38.46
0.24489795918367346,0.6836734693877551,36.75
0.24489795918367346,0.7244897959183672,35.51
0.24489795918367346,0.7653061224489794,35.01
0.24489795918367346,0.8061224489795917,34.09
0.24489795918367346,0.846938775510204,33.76
0.24489795918367346,0.8877551020408163,33.5
0.24489795918367346,0.9285714285714284,33.24
0.24489795918367346,0.9693877551020407,32.54
0.24489795918367346,1.010204081632653,32.34
0.24489795918367346,1.0510204081632653,32.17
0.24489795918367346,1.0918367346938773,32.03
0.24489795918367346,1.1326530612244896,31.89
0.24489795918367346,1.173469387755102,31.76
0.24489795918367346,1.2142857142857142,31.16
0.24489795918367346,1.2551020408163265,31.01
0.24489795918367346,1.2959183673469385,30.89
0.24489795918367346,1.3367346938775508,30.78
0.24489795918367346,1.3775510204081631,30.69
0.24489795918367346,1.4183673469387754,30.6
0.24489795918367346,1.4591836734693877,30.52
0.24489795918367346,1.5,30.44
0.25510204081632654,-0.5,29.47
0.25510204081632654,-0.45918367346938777,102.19
0.25510204081632654,-0.41836734693877553,60.27
0.25510204081632654,-0.37755102040816324,149.99
0.25510204081632654,-0.33673469387755106,149.99
0.25510204081632654,-0.29591836734693877,149.99
0.25510204081632654,-0.25510204081632654,31.66
0.25510204081632654,-0.2142857142857143,16.77
0.25510204081632654,-0.17346938775510207,14.72
0.25510204081632654,-0.13265306122448983,22.66
0.25510204081632654,-0.0918367346938776,22.2
0.25510204081632654,-0.05102040816326536,20.830000000000002
0.25510204081632654,-0.010204081632653073,20.6
0.25510204081632654,0.030612244897959107,22.67
0.25510204081632654,0.0714285714285714,21.66
0.25510204081632654,0.11224489795918358,19.240000000000002
0.25510204081632654,0.15306122448979587,18.94
0.25510204081632654,0.19387755102040816,21.18
0.25510204081632654,0.23469387755102034,21.32
0.25510204081632654,0.2755102040816326,20.72
0.25510204081632654,0.3163265306122448,20.18
0.25510204081632654,0.3571428571428571,21.63
0.25510204081632654,0.3979591836734693,21.5
0.25510204081632654,0.43877551020408156,20.94
0.25510204081632654,0.47959183673469385,22.32
0.25510204081632654,0.5204081632653061,23.34
0.25510204081632654,0.5612244897959182,24.810000000000002
0.25510204081632654,0.6020408163265305,9.58
0.25510204081632654,0.6428571428571428,39.77
0.25510204081632654,0.6836734693877551,37.08
0.25510204081632654,0.7244897959183672,35.72
0.25510204081632654,0.7653061224489794,35.1
0.25510204081632654,0.8061224489795917,34.17
0.25510204081632654,0.846938775510204,33.78
0.25510204081632654,0.8877551020408163,33.49
0.25510204081632654,0.9285714285714284,32.79
0.25510204081632654,0.9693877551020407,32.52
0.25510204081632654,1.010204081632653,32.3
0.25510204081632654,1.0510204081632653,32.12
0.25510204081632654,1.0918367346938773,31.96
0.25510204081632654,1.1326530612244896,31.8
0.25510204081632654,1.173469387755102,31.240000000000002
0.25510204081632654,1.2142857142857142,31.07
0.25510204081632654,1.2551020408163265,30.93
0.25510204081632654,1.2959183673469385,30.810000000000002
0.25510204081632654,1.3367346938775508,30.7
0.25510204081632654,1.3775510204081631,30.6
0.25510204081632654,1.4183673469387754,30.51
0.25510204081632654,1.4591836734693877,30.42
0.25510204081632654,1.5,30.34
0.26530612244897955,-0.5,60.45
0.26530612244897955,-0.45918367346938777,28.580000000000002
0.26530612244897955,-0.41836734693877553,33.51
0.26530612244897955,-0.37755102040816324,149.99
0.26530612244897955,-0.33673469387755106,149.99
0.26530612244897955,-0.29591836734693877,149.99
0.26530612244897955,-0.25510204081632654,27.54
0.26530612244897955,-0.2142857142857143,16.87
0.26530612244897955,-0.17346938775510207,14.64
0.26530612244897955,-0.13265306122448983,18.830000000000002
0.26530612244897955,-0.0918367346938776,22.03
0.26530612244897955,-0.05102040816326536,20.76
0.26530612244897955,-0.010204081632653073,20.28
0.26530612244897955,0.030612244897959107,20.2
0.26530612244897955,0.0714285714285714,19.91
0.26530612244897955,0.11224489795918358,19.04
0.26530612244897955,0.15306122448979587,18.47
0.26530612244897955,0.19387755102040816,20.55
0.26530612244897955,0.23469387755102034,20.86
0.26530612244897955,0.2755102040816326,20.45
0.26530612244897955,0.3163265306122448,19.900000000000002
0.26530612244897955,0.3571428571428571,21.01
0.26530612244897955,0.3979591836734693,21.240000000000002
0.26530612244897955,0.43877551020408156,20.72
0.26530612244897955,0.47959183673469385,21.92
0.26530612244897955,0.5204081632653061,21.85
0.26530612244897955,0.5612244897959182,23.12
0.26530612244897955,0.6020408163265305,23.92
0.26530612244897955,0.6428571428571428,9.42
0.26530612244897955,0.6836734693877551,37.76
0.26530612244897955,0.7244897959183672,36.11
0.26530612244897955,0.7653061224489794,35.28
0.26530612244897955,0.8061224489795917,34.34
0.26530612244897955,0.846938775510204,33.88
0.26530612244897955,0.8877551020408163,33.54
0.26530612244897955,0.9285714285714284,32.84
0.26530612244897955,0.9693877551020407,32.55
0.26530612244897955,1.010204081632653,32.32
0.26530612244897955,1.0510204081632653,32.12
0.26530612244897955,1.0918367346938773,31.94
0.26530612244897955,1.1326530612244896,31.41
0.26530612244897955,1.173469387755102,31.2
0.26530612244897955,1.2142857142857142,31.04
0.26530612244897955,1.2551020408163265,30.900000000000002
0.26530612244897955,1.2959183673469385,30.78
0.26530612244897955,1.3367346938775508,30.66
0.26530612244897955,1.3775510204081631,30.55
0.26530612244897955,1.4183673469387754,30.45
0.26530612244897955,1.4591836734693877,30.35
0.26530612244897955,1.5,30.22
0.2755102040816326,-0.5,51.58
0.2755102040816326,-0.45918367346938777,27.42
0.2755102040816326,-0.41836734693877553,28.13
0.2755102040816326,-0.37755102040816324,149.99
0.2755102040816326,-0.33673469387755106,149.99
0.2755102040816326,-0.29591836734693877,149.99
0.2755102040816326,-0.25510204081632654,27.07
0.2755102040816326,-0.2142857142857143,16.94
0.2755102040816326,-0.17346938775510207,14.64
0.2755102040816326,-0.13265306122448983,18.400000000000002
0.2755102040816326,-0.0918367346938776,21.81
0.2755102040816326,-0.05102040816326536,20.68
0.2755102040816326,-0.010204081632653073,20.04
0.2755102040816326,0.030612244897959107,19.86
0.2755102040816326,0.0714285714285714,19.580000000000002
0.2755102040816326,0.11224489795918358,18.84
0.2755102040816326,0.15306122448979587,18.14
0.2755102040816326,0.19387755102040816,19.23
0.2755102040816326,0.23469387755102034,20.43
0.2755102040816326,0.2755102040816326,20.17
0.2755102040816326,0.3163265306122448,19.64
0.2755102040816326,0.3571428571428571,19.36
0.2755102040816326,0.3979591836734693,20.85
0.2755102040816326,0.43877551020408156,20.490000000000002
0.2755102040816326,0.47959183673469385,20.400000000000002
0.2755102040816326,0.5204081632653061,21.67
0.2755102040816326,0.5612244897959182,21.19
0.2755102040816326,0.6020408163265305,22.27
0.2755102040816326,0.6428571428571428,9.39
0.2755102040816326,0.6836734693877551,38.910000000000004
0.2755102040816326,0.7244897959183672,36.88
0.2755102040816326,0.7653061224489794,35.56
0.2755102040816326,0.8061224489795917,34.550000000000004
0.2755102040816326,0.846938775510204,34.03
0.2755102040816326,0.8877551020408163,33.63
0.2755102040816326,0.9285714285714284,32.92
0.2755102040816326,0.9693877551020407,32.62
0.2755102040816326,1.010204081632653,32.37
0.2755102040816326,1.0510204081632653,32.15
0.2755102040816326,1.0918367346938773,31.93
0.2755102040816326,1.1326530612244896,31.37
0.2755102040816326,1.173469387755102,31.19
0.2755102040816326,1.2142857142857142,31.03
0.2755102040816326,1.2551020408163265,30.89
0.2755102040816326,1.2959183673469385,30.76
0.2755102040816326,1.3367346938775508,30.64
0.2755102040816326,1.3775510204081631,30.52
0.2755102040816326,1.4183673469387754,30.39
0.2755102040816326,1.4591836734693877,30.22
0.2755102040816326,1.5,29.78
0.2857142857142857,-0.5,79.95
0.2857142857142857,-0.45918367346938777,26.87
0.2857142857142857,-0.41836734693877553,33.35
0.2857142857142857,-0.37755102040816324,149.99
0.2857142857142857,-0.33673469387755106,149.99
0.2857142857142857,-0.29591836734693877,149.99
0.2857142857142857,-0.25510204081632654,26.78
0.2857142857142857,-0.2142857142857143,16.98
0.2857142857142857,-0.17346938775510207,14.69
0.2857142857142857,-0.13265306122448983,18.04
0.2857142857142857,-0.0918367346938776,18.66
0.2857142857142857,-0.05102040816326536,20.57
0.2857142857142857,-0.010204081632653073,19.82
0.2857142857142857,0.030612244897959107,19.56
0.2857142857142857,0.0714285714285714,19.29
0.2857142857142857,0.11224489795918358,18.64
0.2857142857142857,0.15306122448979587,17.84
0.2857142857142857,0.19387755102040816,18.28
0.2857142857142857,0.23469387755102034,19.93
0.2857142857142857,0.2755102040816326,19.84
0.2857142857142857,0.3163265306122448,19.34
0.2857142857142857,0.3571428571428571,19.03
0.2857142857142857,0.3979591836734693,19.2
0.2857142857142857,0.43877551020408156,20.13
0.2857142857142857,0.47959183673469385,20.21
0.2857142857142857,0.5204081632653061,19.87
0.2857142857142857,0.5612244897959182,21.18
0.2857142857142857,0.6020408163265305,22.14
0.2857142857142857,0.6428571428571428,9.65
0.2857142857142857,0.6836734693877551,9.47
0.2857142857142857,0.7244897959183672,37.43
0.2857142857142857,0.7653061224489794,35.89
0.2857142857142857,0.8061224489795917,35.11
0.2857142857142857,0.846938775510204,34.2
0.2857142857142857,0.8877551020408163,33.75
0.2857142857142857,0.9285714285714284,32.99
0.2857142857142857,0.9693877551020407,32.69
0.2857142857142857,1.010204081632653,32.42
0.2857142857142857,1.0510204081632653,32.17
0.2857142857142857,1.0918367346938773,31.900000000000002
0.2857142857142857,1.1326530612244896,31.35
0.2857142857142857,1.173469387755102,31.18
0.2857142857142857,1.2142857142857142,31.03
0.2857142857142857,1.2551020408163265,30.88
0.2857142857142857,1.2959183673469385,30.740000000000002
0.2857142857142857,1.3367346938775508,30.6
0.2857142857142857,1.3775510204081631,30.45
0.2857142857142857,1.4183673469387754,29.96
0.2857142857142857,1.4591836734693877,29.810000000000002
0.2857142857142857,1.5,29.7
0.29591836734693877,-0.5,63.68
0.29591836734693877,-0.45918367346938777,22.2
0.29591836734693877,-0.41836734693877553,56.61
0.29591836734693877,-0.37755102040816324,149.99
0.29591836734693877,-0.33673469387755106,149.99
0.29591836734693877,-0.29591836734693877,149.99
0.29591836734693877,-0.25510204081632654,26.52
0.29591836734693877,-0.2142857142857143,16.990000000000002
0.29591836734693877,-0.17346938775510207,14.75
0.29591836734693877,-0.13265306122448983,14.6
0.29591836734693877,-0.0918367346938776,18.31
0.29591836734693877,-0.05102040816326536,18.25
0.29591836734693877,-0.010204081632653073,17.82
0.29591836734693877,0.030612244897959107,19.26
0.29591836734693877,0.0714285714285714,19.01
0.29591836734693877,0.11224489795918358,18.42
0.29591836734693877,0.15306122448979587,17.54
0.29591836734693877,0.19387755102040816,17.8
0.29591836734693877,0.23469387755102034,18.45
0.29591836734693877,0.2755102040816326,19.31
0.29591836734693877,0.3163265306122448,18.93
0.29591836734693877,0.3571428571428571,18.68
0.29591836734693877,0.3979591836734693,18.92
0.29591836734693877,0.43877551020408156,18.78
0.29591836734693877,0.47959183673469385,19.91
0.29591836734693877,0.5204081632653061,19.81
0.29591836734693877,0.5612244897959182,19.240000000000002
0.29591836734693877,0.6020408163265305,20.54
0.29591836734693877,0.6428571428571428,23.05
0.29591836734693877,0.6836734693877551,9.32
0.29591836734693877,0.7244897959183672,34.43
0.29591836734693877,0.7653061224489794,32.52
0.29591836734693877,0.8061224489795917,31.29
0.29591836734693877,0.846938775510204,30.63
0.29591836734693877,0.8877551020408163,30.2
0.29591836734693877,0.9285714285714284,29.34
0.29591836734693877,0.9693877551020407,29.03
0.29591836734693877,1.010204081632653,28.77
0.29591836734693877,1.0510204081632653,28.12
0.29591836734693877,1.0918367346938773,27.85
0.29591836734693877,1.1326530612244896,27.650000000000002
0.29591836734693877,1.173469387755102,27.48
0.29591836734693877,1.2142857142857142,27.330000000000002
0.29591836734693877,1.2551020408163265,27.19
0.29591836734693877,1.2959183673469385,27.07
0.29591836734693877,1.3367346938775508,26.48
0.29591836734693877,1.3775510204081631,26.330000000000002
0.29591836734693877,1.4183673469387754,26.2
0.29591836734693877,1.4591836734693877,26.09
0.29591836734693877,1.5,25.990000000000002
0.3061224489795918,-0.5,22.79
0.3061224489795918,-0.45918367346938777,28.580000000000002
0.3061224489795918,-0.41836734693877553,149.99
0.3061224489795918,-0.37755102040816324,149.99
0.3061224489795918,-0.33673469387755106,149.99
0.3061224489795918,-0.29591836734693877,41.25
0.3061224489795918,-0.25510204081632654,22.46
0.3061224489795918,-0.2142857142857143,16.98
0.3061224489795918,-0.17346938775510207,11.92
0.3061224489795918,-0.13265306122448983,14.34
0.3061224489795918,-0.0918367346938776,18.01
0.3061224489795918,-0.05102040816326536,17.990000000000002
0.3061224489795918,-0.010204081632653073,17.57
0.3061224489795918,0.030612244897959107,17.43
0.3061224489795918,0.0714285714285714,18.7
0.3061224489795918,0.11224489795918358,18.13
0.3061224489795918,0.15306122448979587,16.240000000000002
0.3061224489795918,0.19387755102040816,17.400000000000002
0.3061224489795918,0.23469387755102034,17.86
0.3061224489795918,0.2755102040816326,17.990000000000002
0.3061224489795918,0.3163265306122448,17.740000000000002
0.3061224489795918,0.3571428571428571,17.35
0.3061224489795918,0.3979591836734693,18.63
0.3061224489795918,0.43877551020408156,18.650000000000002
0.3061224489795918,0.47959183673469385,18.2
0.3061224489795918,0.5204081632653061,19.650000000000002
0.3061224489795918,0.5612244897959182,19.150000000000002
0.3061224489795918,0.6020408163265305,20.26
0.3061224489795918,0.6428571428571428,21.71
0.3061224489795918,0.6836734693877551,9.43
0.3061224489795918,0.7244897959183672,35.86
0.3061224489795918,0.7653061224489794,33.410000000000004
0.3061224489795918,0.8061224489795917,31.95
0.3061224489795918,0.846938775510204,30.8
0.3061224489795918,0.8877551020408163,30.27
0.3061224489795918,0.9285714285714284,29.42
0.3061224489795918,0.9693877551020407,29.07
0.3061224489795918,1.010204081632653,28.78
0.3061224489795918,1.0510204081632653,28.11
0.3061224489795918,1.0918367346938773,27.84
0.3061224489795918,1.1326530612244896,27.63
0.3061224489795918,1.173469387755102,27.45
0.3061224489795918,1.2142857142857142,27.29
0.3061224489795918,1.2551020408163265,27.11
0.3061224489795918,1.2959183673469385,26.580000000000002
0.3061224489795918,1.3367346938775508,26.400000000000002
0.3061224489795918,1.3775510204081631,26.26
0.3061224489795918,1.4183673469387754,26.14
0.3061224489795918,1.4591836734693877,26.02
0.3061224489795918,1.5,25.92
0.31632653061224486,-0.5,42.65
0.31632653061224486,-0.45918367346938777,80.04
0.31632653061224486,-0.41836734693877553,149.99
0.31632653061224486,-0.37755102040816324,149.99
0.31632653061224486,-0.33673469387755106,149.99
0.31632653061224486,-0.29591836734693877,31.92
0.31632653061224486,-0.25510204081632654,22.23
0.31632653061224486,-0.2142857142857143,16.96
0.31632653061224486,-0.17346938775510207,11.870000000000001
0.31632653061224486,-0.13265306122448983,14.16
0.31632653061224486,-0.0918367346938776,17.73
0.31632653061224486,-0.05102040816326536,17.77
0.31632653061224486,-0.010204081632653073,17.39
0.31632653061224486,0.030612244897959107,17.080000000000002
0.31632653061224486,0.0714285714285714,17.01
0.31632653061224486,0.11224489795918358,16.41
0.31632653061224486,0.15306122448979587,15.88
0.31632653061224486,0.19387755102040816,16.95
0.31632653061224486,0.23469387755102034,17.46
0.31632653061224486,0.2755102040816326,17.61
0.31632653061224486,0.3163265306122448,17.48
0.31632653061224486,0.3571428571428571,17.2
0.31632653061224486,0.3979591836734693,18.16
0.31632653061224486,0.43877551020408156,18.47
0.31632653061224486,0.47959183673469385,18.12
0.31632653061224486,0.5204081632653061,17.73
0.31632653061224486,0.5612244897959182,19.0
0.31632653061224486,0.6020408163265305,18.87
0.31632653061224486,0.6428571428571428,20.2
0.31632653061224486,0.6836734693877551,23.02
0.31632653061224486,0.7244897959183672,9.31
0.31632653061224486,0.7653061224489794,34.09
0.31632653061224486,0.8061224489795917,32.33
0.31632653061224486,0.846938775510204,31.09
0.31632653061224486,0.8877551020408163,30.47
0.31632653061224486,0.9285714285714284,29.59
0.31632653061224486,0.9693877551020407,29.17
0.31632653061224486,1.010204081632653,28.85
0.31632653061224486,1.0510204081632653,28.19
0.31632653061224486,1.0918367346938773,27.89
0.31632653061224486,1.1326530612244896,27.66
0.31632653061224486,1.173469387755102,27.46
0.31632653061224486,1.2142857142857142,27.28
0.31632653061224486,1.2551020408163265,26.8
0.31632653061224486,1.2959183673469385,26.560000000000002
0.31632653061224486,1.3367346938775508,26.39
0.31632653061224486,1.3775510204081631,26.240000000000002
0.31632653061224486,1.4183673469387754,26.11
0.31632653061224486,1.4591836734693877,26.0
0.31632653061224486,1.5,25.89
0.32653061224489793,-0.5,27.88
0.32653061224489793,-0.45918367346938777,61.58
0.32653061224489793,-0.41836734693877553,149.99
0.32653061224489793,-0.37755102040816324,149.99
0.32653061224489793,-0.33673469387755106,149.99
0.32653061224489793,-0.29591836734693877,27.32
0.32653061224489793,-0.25510204081632654,22.03
0.32653061224489793,-0.2142857142857143,16.92
0.32653061224489793,-0.17346938775510207,11.84
0.32653061224489793,-0.13265306122448983,14.030000000000001
0.32653061224489793,-0.0918367346938776,17.46
0.32653061224489793,-0.05102040816326536,17.56
0.32653061224489793,-0.010204081632653073,17.240000000000002
0.32653061224489793,0.030612244897959107,16.85
0.32653061224489793,0.0714285714285714,16.62
0.32653061224489793,0.11224489795918358,16.14
0.32653061224489793,0.15306122448979587,15.67
0.32653061224489793,0.19387755102040816,15.88
0.32653061224489793,0.23469387755102034,17.09
0.32653061224489793,0.2755102040816326,17.3
0.32653061224489793,0.3163265306122448,17.25
0.32653061224489793,0.3571428571428571,17.04
0.32653061224489793,0.3979591836734693,16.77
0.32653061224489793,0.43877551020408156,18.21
0.32653061224489793,0.47959183673469385,18.0
0.32653061224489793,0.5204081632653061,17.62
0.32653061224489793,0.5612244897959182,17.44
0.32653061224489793,0.6020408163265305,18.75
0.32653061224489793,0.6428571428571428,19.990000000000002
0.32653061224489793,0.6836734693877551,21.39
0.32653061224489793,0.7244897959183672,9.290000000000001
0.32653061224489793,0.7653061224489794,35.49
0.32653061224489793,0.8061224489795917,32.89
0.32653061224489793,0.846938775510204,31.48
0.32653061224489793,0.8877551020408163,30.71
0.32653061224489793,0.9285714285714284,29.8
0.32653061224489793,0.9693877551020407,29.330000000000002
0.32653061224489793,1.010204081632653,28.96
0.32653061224489793,1.0510204081632653,28.29
0.32653061224489793,1.0918367346938773,27.98
0.32653061224489793,1.1326530612244896,27.73
0.32653061224489793,1.173469387755102,27.51
0.32653061224489793,1.2142857142857142,27.310000000000002
0.32653061224489793,1.2551020408163265,26.78
0.32653061224489793,1.2959183673469385,26.57
0.32653061224489793,1.3367346938775508,26.400000000000002
0.32653061224489793,1.3775510204081631,26.25
0.32653061224489793,1.4183673469387754,26.11
0.32653061224489793,1.4591836734693877,25.990000000000002
0.32653061224489793,1.5,25.87
0.336734693877551,-0.5,33.59
0.336734693877551,-0.45918367346938777,33.04
0.336734693877551,-0.41836734693877553,149.99
0.336734693877551,-0.37755102040816324,149.99
0.336734693877551,-0.33673469387755106,149.99
0.336734693877551,-0.29591836734693877,26.85
0.336734693877551,-0.25510204081632654,21.85
0.336734693877551,-0.2142857142857143,16.88
0.336734693877551,-0.17346938775510207,11.83
0.336734693877551,-0.13265306122448983,13.92
0.336734693877551,-0.0918367346938776,14.32
0.336734693877551,-0.05102040816326536,17.35
0.336734693877551,-0.010204081632653073,17.080000000000002
0.336734693877551,0.030612244897959107,16.67
0.336734693877551,0.0714285714285714,16.37
0.336734693877551,0.11224489795918358,15.950000000000001
0.336734693877551,0.15306122448979587,15.49
0.336734693877551,0.19387755102040816,15.55
0.336734693877551,0.23469387755102034,16.51
0.336734693877551,0.2755102040816326,16.990000000000002
0.336734693877551,0.3163265306122448,17.03
0.336734693877551,0.3571428571428571,16.88
0.336734693877551,0.3979591836734693,16.63
0.336734693877551,0.43877551020408156,16.41
0.336734693877551,0.47959183673469385,17.8
0.336734693877551,0.5204081632653061,17.48
0.336734693877551,0.5612244897959182,17.36
0.336734693877551,0.6020408163265305,18.48
0.336734693877551,0.6428571428571428,18.5
0.336734693877551,0.6836734693877551,19.69
0.336734693877551,0.7244897959183672,9.48
0.336734693877551,0.7653061224489794,9.33
0.336734693877551,0.8061224489795917,33.95
0.336734693877551,0.846938775510204,32.26
0.336734693877551,0.8877551020408163,31.03
0.336734693877551,0.9285714285714284,30.330000000000002
0.336734693877551,0.9693877551020407,29.52
0.336734693877551,1.010204081632653,29.11
0.336734693877551,1.0510204081632653,28.41
0.336734693877551,1.0918367346938773,28.07
0.336734693877551,1.1326530612244896,27.810000000000002
0.336734693877551,1.173469387755102,27.57
0.336734693877551,1.2142857142857142,27.35
0.336734693877551,1.2551020408163265,26.79
0.336734693877551,1.2959183673469385,26.580000000000002
0.336734693877551,1.3367346938775508,26.42
0.336734693877551,1.3775510204081631,26.27
0.336734693877551,1.4183673469387754,26.12
0.336734693877551,1.4591836734693877,25.990000000000002
0.336734693877551,1.5,25.86
0.3469387755102041,-0.5,61.76
0.3469387755102041,-0.45918367346938777,149.99
0.3469387755102041,-0.41836734693877553,149.99
0.3469387755102041,-0.37755102040816324,149.99
0.3469387755102041,-0.33673469387755106,31.88
0.3469387755102041,-0.29591836734693877,22.63
0.3469387755102041,-0.25510204081632654,18.01
0.3469387755102041,-0.2142857142857143,16.82
0.3469387755102041,-0.17346938775510207,11.83
0.3469387755102041,-0.13265306122448983,13.82
0.3469387755102041,-0.0918367346938776,14.09
0.3469387755102041,-0.05102040816326536,17.150000000000002
0.3469387755102041,-0.010204081632653073,16.92
0.3469387755102041,0.030612244897959107,16.5
0.3469387755102041,0.0714285714285714,16.17
0.3469387755102041,0.11224489795918358,15.780000000000001
0.3469387755102041,0.15306122448979587,15.33
0.3469387755102041,0.19387755102040816,15.31
0.3469387755102041,0.23469387755102034,15.64
0.3469387755102041,0.2755102040816326,16.56
0.3469387755102041,0.3163265306122448,16.76
0.3469387755102041,0.3571428571428571,16.69
0.3469387755102041,0.3979591836734693,16.48
0.3469387755102041,0.43877551020408156,16.27
0.3469387755102041,0.47959183673469385,16.1
0.3469387755102041,0.5204081632653061,17.26
0.3469387755102041,0.5612244897959182,17.240000000000002
0.3469387755102041,0.6020408163265305,17.09
0.3469387755102041,0.6428571428571428,18.43
0.3469387755102041,0.6836734693877551,19.66
0.3469387755102041,0.7244897959183672,20.72
0.3469387755102041,0.7653061224489794,9.23
0.3469387755102041,0.8061224489795917,35.230000000000004
0.3469387755102041,0.846938775510204,32.78
0.3469387755102041,0.8877551020408163,31.37
0.3469387755102041,0.9285714285714284,30.66
0.3469387755102041,0.9693877551020407,29.71
0.3469387755102041,1.010204081632653,29.28
0.3469387755102041,1.0510204081632653,28.810000000000002
0.3469387755102041,1.0918367346938773,28.17
0.3469387755102041,1.1326530612244896,27.900000000000002
0.3469387755102041,1.173469387755102,27.64
0.3469387755102041,1.2142857142857142,27.39
0.3469387755102041,1.2551020408163265,26.8
0.3469387755102041,1.2959183673469385,26.6
0.3469387755102041,1.3367346938775508,26.44
0.3469387755102041,1.3775510204081631,26.28
0.3469387755102041,1.4183673469387754,26.13
0.3469387755102041,1.4591836734693877,25.990000000000002
0.3469387755102041,1.5,25.84
0.3571428571428571,-0.5,19.37
0.3571428571428571,-0.45918367346938777,149.99
0.3571428571428571,-0.41836734693877553,149.99
0.3571428571428571,-0.37755102040816324,37.06
0.3571428571428571,-0.33673469387755106,27.12
0.3571428571428571,-0.29591836734693877,22.330000000000002
0.3571428571428571,-0.25510204081632654,17.77
0.3571428571428571,-0.2142857142857143,16.76
0.3571428571428571,-0.17346938775510207,11.83
0.3571428571428571,-0.13265306122448983,11.39
0.3571428571428571,-0.0918367346938776,13.91
0.3571428571428571,-0.05102040816326536,16.92
0.3571428571428571,-0.010204081632653073,16.76
0.3571428571428571,0.030612244897959107,16.35
0.3571428571428571,0.0714285714285714,16.0
0.3571428571428571,0.11224489795918358,15.620000000000001
0.3571428571428571,0.15306122448979587,15.17
0.3571428571428571,0.19387755102040816,15.09
0.3571428571428571,0.23469387755102034,15.35
0.3571428571428571,0.2755102040816326,15.51
0.3571428571428571,0.3163265306122448,16.35
0.3571428571428571,0.3571428571428571,16.44
0.3571428571428571,0.3979591836734693,16.3
0.3571428571428571,0.43877551020408156,16.13
0.3571428571428571,0.47959183673469385,15.99
0.3571428571428571,0.5204081632653061,15.83
0.3571428571428571,0.5612244897959182,17.080000000000002
0.3571428571428571,0.6020408163265305,17.03
0.3571428571428571,0.6428571428571428,18.21
0.3571428571428571,0.6836734693877551,17.97
0.3571428571428571,0.7244897959183672,19.150000000000002
0.3571428571428571,0.7653061224489794,9.32
0.3571428571428571,0.8061224489795917,9.35
0.3571428571428571,0.846938775510204,33.75
0.3571428571428571,0.8877551020408163,32.08
0.3571428571428571,0.9285714285714284,30.93
0.3571428571428571,0.9693877551020407,29.88
0.3571428571428571,1.010204081632653,29.42
0.3571428571428571,1.0510204081632653,28.94
0.3571428571428571,1.0918367346938773,28.240000000000002
0.3571428571428571,1.1326530612244896,27.96
0.3571428571428571,1.173469387755102,27.68
0.3571428571428571,1.2142857142857142,27.38
0.3571428571428571,1.2551020408163265,26.79
0.3571428571428571,1.2959183673469385,26.6
0.3571428571428571,1.3367346938775508,26.44
0.3571428571428571,1.3775510204081631,26.27
0.3571428571428571,1.4183673469387754,26.11
0.3571428571428571,1.4591836734693877,25.94
0.3571428571428571,1.5,25.72
0.36734693877551017,-0.5,18.25
0.36734693877551017,-0.45918367346938777,19.080000000000002
0.36734693877551017,-0.41836734693877553,23.47
0.36734693877551017,-0.37755102040816324,23.31
0.36734693877551017,-0.33673469387755106,22.72
0.36734693877551017,-0.29591836734693877,22.09
0.36734693877551017,-0.25510204081632654,17.6
0.36734693877551017,-0.2142857142857143,16.69
0.36734693877551017,-0.17346938775510207,11.84
0.36734693877551017,-0.13265306122448983,11.290000000000001
0.36734693877551017,-0.0918367346938776,13.75
0.36734693877551017,-0.05102040816326536,14.120000000000001
0.36734693877551017,-0.010204081632653073,16.57
0.36734693877551017,0.030612244897959107,16.18
0.36734693877551017,0.0714285714285714,15.83
0.36734693877551017,0.11224489795918358,15.46
0.36734693877551017,0.15306122448979587,14.99
0.36734693877551017,0.19387755102040816,14.870000000000001
0.36734693877551017,0.23469387755102034,15.1
0.36734693877551017,0.2755102040816326,15.26
0.36734693877551017,0.3163265306122448,15.16
0.36734693877551017,0.3571428571428571,15.99
0.36734693877551017,0.3979591836734693,16.06
0.36734693877551017,0.43877551020408156,15.97
0.36734693877551017,0.47959183673469385,15.870000000000001
0.36734693877551017,0.5204081632653061,15.74
0.36734693877551017,0.5612244897959182,16.740000000000002
0.36734693877551017,0.6020408163265305,16.93
0.36734693877551017,0.6428571428571428,16.67
0.36734693877551017,0.6836734693877551,17.95
0.36734693877551017,0.7244897959183672,18.94
0.36734693877551017,0.7653061224489794,9.52
0.36734693877551017,0.8061224489795917,9.200000000000001
0.36734693877551017,0.846938775510204,31.0
0.36734693877551017,0.8877551020408163,29.05
0.36734693877551017,0.9285714285714284,27.650000000000002
0.36734693877551017,0.9693877551020407,26.54
0.36734693877551017,1.010204081632653,26.0
0.36734693877551017,1.0510204081632653,25.62
0.36734693877551017,1.0918367346938773,24.76
0.36734693877551017,1.1326530612244896,24.46
0.36734693877551017,1.173469387755102,24.22
0.36734693877551017,1.2142857142857142,24.01
0.36734693877551017,1.2551020408163265,23.28
0.36734693877551017,1.2959183673469385,23.07
0.36734693877551017,1.3367346938775508,22.900000000000002
0.36734693877551017,1.3775510204081631,22.75
0.36734693877551017,1.4183673469387754,22.63
0.36734693877551017,1.4591836734693877,22.51
0.36734693877551017,1.5,22.42
0.37755102040816324,-0.5,14.23
0.37755102040816324,-0.45918367346938777,18.88
0.37755102040816324,-0.41836734693877553,18.94
0.37755102040816324,-0.37755102040816324,22.93
0.37755102040816324,-0.33673469387755106,22.44
0.37755102040816324,-0.29591836734693877,18.13
0.37755102040816324,-0.25510204081632654,17.46
0.37755102040816324,-0.2142857142857143,16.62
0.37755102040816324,-0.17346938775510207,11.84
0.37755102040816324,-0.13265306122448983,11.23
0.37755102040816324,-0.0918367346938776,13.59
0.37755102040816324,-0.05102040816326536,13.91
0.37755102040816324,-0.010204081632653073,16.37
0.37755102040816324,0.030612244897959107,16.02
0.37755102040816324,0.0714285714285714,15.67
0.37755102040816324,0.11224489795918358,15.290000000000001
0.37755102040816324,0.15306122448979587,14.790000000000001
0.37755102040816324,0.19387755102040816,14.620000000000001
0.37755102040816324,0.23469387755102034,14.870000000000001
0.37755102040816324,0.2755102040816326,15.030000000000001
0.37755102040816324,0.3163265306122448,14.97
0.37755102040816324,0.3571428571428571,14.77
0.37755102040816324,0.3979591836734693,14.6
0.37755102040816324,0.43877551020408156,15.76
0.37755102040816324,0.47959183673469385,15.74
0.37755102040816324,0.5204081632653061,15.65
0.37755102040816324,0.5612244897959182,15.49
0.37755102040816324,0.6020408163265305,16.77
0.37755102040816324,0.6428571428571428,16.63
0.37755102040816324,0.6836734693877551,16.26
0.37755102040816324,0.7244897959183672,17.51
0.37755102040816324,0.7653061224489794,18.93
0.37755102040816324,0.8061224489795917,9.21
0.37755102040816324,0.846938775510204,9.36
0.37755102040816324,0.8877551020408163,29.7
0.37755102040816324,0.9285714285714284,28.09
0.37755102040816324,0.9693877551020407,27.3
0.37755102040816324,1.010204081632653,26.240000000000002
0.37755102040816324,1.0510204081632653,25.78
0.37755102040816324,1.0918367346938773,24.93
0.37755102040816324,1.1326530612244896,24.580000000000002
0.37755102040816324,1.173469387755102,24.3
0.37755102040816324,1.2142857142857142,24.04
0.37755102040816324,1.2551020408163265,23.35
0.37755102040816324,1.2959183673469385,23.12
0.37755102040816324,1.3367346938775508,22.94
0.37755102040816324,1.3775510204081631,22.78
0.37755102040816324,1.4183673469387754,22.63
0.37755102040816324,1.4591836734693877,22.48
0.37755102040816324,1.5,21.89
0.3877551020408163,-0.5,14.450000000000001
0.3877551020408163,-0.45918367346938777,18.490000000000002
0.3877551020408163,-0.41836734693877553,18.54
0.3877551020408163,-0.37755102040816324,18.43
0.3877551020408163,-0.33673469387755106,18.27
0.3877551020408163,-0.29591836734693877,17.87
0.3877551020408163,-0.25510204081632654,17.330000000000002
0.3877551020408163,-0.2142857142857143,12.86
0.3877551020408163,-0.17346938775510207,11.84
0.3877551020408163,-0.13265306122448983,11.18
0.3877551020408163,-0.0918367346938776,13.44
0.3877551020408163,-0.05102040816326536,13.73
0.3877551020408163,-0.010204081632653073,14.02
0.3877551020408163,0.030612244897959107,15.84
0.3877551020408163,0.0714285714285714,15.49
0.3877551020408163,0.11224489795918358,15.1
0.3877551020408163,0.15306122448979587,14.52
0.3877551020408163,0.19387755102040816,14.33
0.3877551020408163,0.23469387755102034,14.63
0.3877551020408163,0.2755102040816326,14.81
0.3877551020408163,0.3163265306122448,14.790000000000001
0.3877551020408163,0.3571428571428571,14.63
0.3877551020408163,0.3979591836734693,14.47
0.3877551020408163,0.43877551020408156,15.42
0.3877551020408163,0.47959183673469385,15.58
0.3877551020408163,0.5204081632653061,15.55
0.3877551020408163,0.5612244897959182,15.42
0.3877551020408163,0.6020408163265305,15.18
0.3877551020408163,0.6428571428571428,16.55
0.3877551020408163,0.6836734693877551,16.2
0.3877551020408163,0.7244897959183672,17.34
0.3877551020408163,0.7653061224489794,18.66
0.3877551020408163,0.8061224489795917,9.36
0.3877551020408163,0.846938775510204,9.19
0.3877551020408163,0.8877551020408163,30.990000000000002
0.3877551020408163,0.9285714285714284,29.080000000000002
0.3877551020408163,0.9693877551020407,27.69
0.3877551020408163,1.010204081632653,26.580000000000002
0.3877551020408163,1.0510204081632653,26.02
0.3877551020408163,1.0918367346938773,25.21
0.3877551020408163,1.1326530612244896,24.75
0.3877551020408163,1.173469387755102,24.44
0.3877551020408163,1.2142857142857142,24.16
0.3877551020408163,1.2551020408163265,23.48
0.3877551020408163,1.2959183673469385,23.22
0.3877551020408163,1.3367346938775508,23.01
0.3877551020408163,1.3775510204081631,22.84
0.3877551020408163,1.4183673469387754,22.67
0.3877551020408163,1.4591836734693877,22.51
0.3877551020408163,1.5,21.93
0.39795918367346933,-0.5,14.35
0.39795918367346933,-0.45918367346938777,14.07
0.39795918367346933,-0.41836734693877553,18.490000000000002
0.39795918367346933,-0.37755102040816324,18.240000000000002
0.39795918367346933,-0.33673469387755106,18.02
0.39795918367346933,-0.29591836734693877,17.69
0.39795918367346933,-0.25510204081632654,17.22
0.39795918367346933,-0.2142857142857143,12.77
0.39795918367346933,-0.17346938775510207,11.83
0.39795918367346933,-0.13265306122448983,11.15
0.39795918367346933,-0.0918367346938776,13.280000000000001
0.39795918367346933,-0.05102040816326536,13.57
0.39795918367346933,-0.010204081632653073,13.81
0.39795918367346933,0.030612244897959107,14.06
0.39795918367346933,0.0714285714285714,15.290000000000001
0.39795918367346933,0.11224489795918358,14.85
0.39795918367346933,0.15306122448979587,13.66
0.39795918367346933,0.19387755102040816,13.530000000000001
0.39795918367346933,0.23469387755102034,14.370000000000001
0.39795918367346933,0.2755102040816326,14.6
0.39795918367346933,0.3163265306122448,14.620000000000001
0.39795918367346933,0.3571428571428571,14.49
0.39795918367346933,0.3979591836734693,14.35
0.39795918367346933,0.43877551020408156,14.25
0.39795918367346933,0.47959183673469385,15.35
0.39795918367346933,0.5204081632653061,15.42
0.39795918367346933,0.5612244897959182,15.34
0.39795918367346933,0.6020408163265305,15.120000000000001
0.39795918367346933,0.6428571428571428,16.38
0.39795918367346933,0.6836734693877551,16.13
0.39795918367346933,0.7244897959183672,15.96
0.39795918367346933,0.7653061224489794,17.27
0.39795918367346933,0.8061224489795917,9.55
0.39795918367346933,0.846938775510204,9.14
0.39795918367346933,0.8877551020408163,9.36
0.39795918367346933,0.9285714285714284,29.8
0.39795918367346933,0.9693877551020407,28.21
0.39795918367346933,1.010204081632653,27.38
0.39795918367346933,1.0510204081632653,26.32
0.39795918367346933,1.0918367346938773,25.830000000000002
0.39795918367346933,1.1326530612244896,24.990000000000002
0.39795918367346933,1.173469387755102,24.62
0.39795918367346933,1.2142857142857142,24.32
0.39795918367346933,1.2551020408163265,23.68
0.39795918367346933,1.2959183673469385,23.36
0.39795918367346933,1.3367346938775508,23.12
0.39795918367346933,1.3775510204081631,22.93
0.39795918367346933,1.4183673469387754,22.75
0.39795918367346933,1.4591836734693877,22.57
0.39795918367346933,1.5,22.01
0.4081632653061224,-0.5,13.99
0.4081632653061224,-0.45918367346938777,13.97
0.4081632653061224,-0.41836734693877553,18.13
0.4081632653061224,-0.37755102040816324,18.17
0.4081632653061224,-0.33673469387755106,17.89
0.4081632653061224,-0.29591836734693877,17.56
0.4081632653061224,-0.25510204081632654,17.11
0.4081632653061224,-0.2142857142857143,12.700000000000001
0.4081632653061224,-0.17346938775510207,11.82
0.4081632653061224,-0.13265306122448983,11.13
0.4081632653061224,-0.0918367346938776,11.03
0.4081632653061224,-0.05102040816326536,13.41
0.4081632653061224,-0.010204081632653073,13.63
0.4081632653061224,0.030612244897959107,13.82
0.4081632653061224,0.0714285714285714,13.91
0.4081632653061224,0.11224489795918358,13.780000000000001
0.4081632653061224,0.15306122448979587,13.42
0.4081632653061224,0.19387755102040816,13.19
0.4081632653061224,0.23469387755102034,14.040000000000001
0.4081632653061224,0.2755102040816326,14.38
0.4081632653061224,0.3163265306122448,14.450000000000001
0.4081632653061224,0.3571428571428571,14.36
0.4081632653061224,0.3979591836734693,14.24
0.4081632653061224,0.43877551020408156,14.14
0.4081632653061224,0.47959183673469385,14.040000000000001
0.4081632653061224,0.5204081632653061,15.26
0.4081632653061224,0.5612244897959182,15.24
0.4081632653061224,0.6020408163265305,15.05
0.4081632653061224,0.6428571428571428,14.790000000000001
0.4081632653061224,0.6836734693877551,16.01
0.4081632653061224,0.7244897959183672,15.870000000000001
0.4081632653061224,0.7653061224489794,17.080000000000002
0.4081632653061224,0.8061224489795917,18.55
0.4081632653061224,0.846938775510204,9.24
0.4081632653061224,0.8877551020408163,9.19
0.4081632653061224,0.9285714285714284,31.11
0.4081632653061224,0.9693877551020407,29.22
0.4081632653061224,1.010204081632653,27.830000000000002
0.4081632653061224,1.0510204081632653,26.71
0.4081632653061224,1.0918367346938773,26.13
0.4081632653061224,1.1326530612244896,25.32
0.4081632653061224,1.173469387755102,24.84
0.4081632653061224,1.2142857142857142,24.5
0.4081632653061224,1.2551020408163265,24.2
0.4081632653061224,1.2959183673469385,23.52
0.4081632653061224,1.3367346938775508,23.26
0.4081632653061224,1.3775510204081631,23.04
0.4081632653061224,1.4183673469387754,22.85
0.4081632653061224,1.4591836734693877,22.66
0.4081632653061224,1.5,22.13
0.4183673469387755,-0.5,13.61
0.4183673469387755,-0.45918367346938777,13.99
0.4183673469387755,-0.41836734693877553,13.91
0.4183673469387755,-0.37755102040816324,17.96
0.4183673469387755,-0.33673469387755106,17.77
0.4183673469387755,-0.29591836734693877,17.44
0.4183673469387755,-0.25510204081632654,16.990000000000002
0.4183673469387755,-0.2142857142857143,12.64
0.4183673469387755,-0.17346938775510207,11.81
0.4183673469387755,-0.13265306122448983,11.11
0.4183673469387755,-0.0918367346938776,10.9
0.4183673469387755,-0.05102040816326536,13.25
0.4183673469387755,-0.010204081632653073,13.47
0.4183673469387755,0.030612244897959107,13.620000000000001
0.4183673469387755,0.0714285714285714,13.68
0.4183673469387755,0.11224489795918358,13.56
0.4183673469387755,0.15306122448979587,13.25
0.4183673469387755,0.19387755102040816,13.0
0.4183673469387755,0.23469387755102034,13.15
0.4183673469387755,0.2755102040816326,14.14
0.4183673469387755,0.3163265306122448,14.27
0.4183673469387755,0.3571428571428571,14.22
0.4183673469387755,0.3979591836734693,14.13
0.4183673469387755,0.43877551020408156,14.040000000000001
0.4183673469387755,0.47959183673469385,13.94
0.4183673469387755,0.5204081632653061,15.0
0.4183673469387755,0.5612244897959182,15.11
0.4183673469387755,0.6020408163265305,14.97
0.4183673469387755,0.6428571428571428,14.72
0.4183673469387755,0.6836734693877551,14.55
0.4183673469387755,0.7244897959183672,15.73
0.4183673469387755,0.7653061224489794,15.74
0.4183673469387755,0.8061224489795917,17.12
0.4183673469387755,0.846938775510204,9.39
0.4183673469387755,0.8877551020408163,9.1
0.4183673469387755,0.9285714285714284,9.36
0.4183673469387755,0.9693877551020407,29.98
0.4183673469387755,1.010204081632653,28.39
0.4183673469387755,1.0510204081632653,27.53
0.4183673469387755,1.0918367346938773,26.47
0.4183673469387755,1.1326530612244896,25.95
0.4183673469387755,1.173469387755102,25.1
0.4183673469387755,1.2142857142857142,24.72
0.4183673469387755,1.2551020408163265,24.39
0.4183673469387755,1.2959183673469385,23.73
0.4183673469387755,1.3367346938775508,23.42
0.4183673469387755,1.3775510204081631,23.18
0.4183673469387755,1.4183673469387754,22.97
0.4183673469387755,1.4591836734693877,22.77
0.4183673469387755,1.5,22.54
0.42857142857142855,-0.5,13.26
0.42857142857142855,-0.45918367346938777,13.93
0.42857142857142855,-0.41836734693877553,13.74
0.42857142857142855,-0.37755102040816324,13.92
0.42857142857142855,-0.33673469387755106,17.57
0.42857142857142855,-0.29591836734693877,17.3
0.42857142857142855,-0.25510204081632654,16.85
0.42857142857142855,-0.2142857142857143,12.58
0.42857142857142855,-0.17346938775510207,11.8
0.42857142857142855,-0.13265306122448983,11.1
0.42857142857142855,-0.0918367346938776,10.82
0.42857142857142855,-0.05102040816326536,13.1
0.42857142857142855,-0.010204081632653073,13.31
0.42857142857142855,0.030612244897959107,13.46
0.42857142857142855,0.0714285714285714,13.5
0.42857142857142855,0.11224489795918358,13.38
0.42857142857142855,0.15306122448979587,13.11
0.42857142857142855,0.19387755102040816,12.86
0.42857142857142855,0.23469387755102034,12.870000000000001
0.42857142857142855,0.2755102040816326,13.83
0.42857142857142855,0.3163265306122448,14.08
0.42857142857142855,0.3571428571428571,14.08
0.42857142857142855,0.3979591836734693,14.01
0.42857142857142855,0.43877551020408156,13.94
0.42857142857142855,0.47959183673469385,13.84
0.42857142857142855,0.5204081632653061,13.700000000000001
0.42857142857142855,0.5612244897959182,14.93
0.42857142857142855,0.6020408163265305,14.870000000000001
0.42857142857142855,0.6428571428571428,14.64
0.42857142857142855,0.6836734693877551,14.48
0.42857142857142855,0.7244897959183672,15.46
0.42857142857142855,0.7653061224489794,15.65
0.42857142857142855,0.8061224489795917,16.93
0.42857142857142855,0.846938775510204,9.56
0.42857142857142855,0.8877551020408163,9.14
0.42857142857142855,0.9285714285714284,9.18
0.42857142857142855,0.9693877551020407,31.29
0.42857142857142855,1.010204081632653,29.41
0.42857142857142855,1.0510204081632653,28.01
0.42857142857142855,1.0918367346938773,26.88
0.42857142857142855,1.1326530612244896,26.28
0.42857142857142855,1.173469387755102,25.7
0.42857142857142855,1.2142857142857142,24.96
0.42857142857142855,1.2551020408163265,24.6
0.42857142857142855,1.2959183673469385,24.26
0.42857142857142855,1.3367346938775508,23.580000000000002
0.42857142857142855,1.3775510204081631,23.330000000000002
0.42857142857142855,1.4183673469387754,23.1
0.42857142857142855,1.4591836734693877,22.89
0.42857142857142855,1.5,22.67
0.4387755102040816,-0.5,12.92
0.4387755102040816,-0.45918367346938777,13.790000000000001
0.4387755102040816,-0.41836734693877553,13.67
0.4387755102040816,-0.37755102040816324,13.66
0.4387755102040816,-0.33673469387755106,13.75
0.4387755102040816,-0.29591836734693877,13.620000000000001
0.4387755102040816,-0.25510204081632654,13.120000000000001
0.4387755102040816,-0.2142857142857143,12.52
0.4387755102040816,-0.17346938775510207,11.790000000000001
0.4387755102040816,-0.13265306122448983,11.08
0.4387755102040816,-0.0918367346938776,10.75
0.4387755102040816,-0.05102040816326536,12.93
0.4387755102040816,-0.010204081632653073,13.16
0.4387755102040816,0.030612244897959107,13.3
0.4387755102040816,0.0714285714285714,13.34
0.4387755102040816,0.11224489795918358,13.23
0.4387755102040816,0.15306122448979587,12.98
0.4387755102040816,0.19387755102040816,12.74
0.4387755102040816,0.23469387755102034,12.69
0.4387755102040816,0.2755102040816326,12.93
0.4387755102040816,0.3163265306122448,13.86
0.4387755102040816,0.3571428571428571,13.93
0.4387755102040816,0.3979591836734693,13.89
0.4387755102040816,0.43877551020408156,13.83
0.4387755102040816,0.47959183673469385,13.75
0.4387755102040816,0.5204081632653061,13.61
0.4387755102040816,0.5612244897959182,13.46
0.4387755102040816,0.6020408163265305,14.73
0.4387755102040816,0.6428571428571428,14.56
0.4387755102040816,0.6836734693877551,14.39
0.4387755102040816,0.7244897959183672,14.31
0.4387755102040816,0.7653061224489794,15.51
0.4387755102040816,0.8061224489795917,15.610000000000001
0.4387755102040816,0.846938775510204,17.04
0.4387755102040816,0.8877551020408163,9.27
0.4387755102040816,0.9285714285714284,9.07
0.4387755102040816,0.9693877551020407,9.34
0.4387755102040816,1.010204081632653,30.45
0.4387755102040816,1.0510204081632653,28.810000000000002
0.4387755102040816,1.0918367346938773,27.69
0.4387755102040816,1.1326530612244896,26.62
0.4387755102040816,1.173469387755102,26.07
0.4387755102040816,1.2142857142857142,25.21
0.4387755102040816,1.2551020408163265,24.82
0.4387755102040816,1.2959183673469385,24.47
0.4387755102040816,1.3367346938775508,23.78
0.4387755102040816,1.3775510204081631,23.48
0.4387755102040816,1.4183673469387754,23.240000000000002
0.4387755102040816,1.4591836734693877,23.01
0.4387755102040816,1.5,22.78
0.44897959183673464,-0.5,12.47
0.44897959183673464,-0.45918367346938777,13.620000000000001
0.44897959183673464,-0.41836734693877553,13.64
0.44897959183673464,-0.37755102040816324,13.52
0.44897959183673464,-0.33673469387755106,13.5
0.44897959183673464,-0.29591836734693877,13.36
0.44897959183673464,-0.25510204081632654,12.99
0.44897959183673464,-0.2142857142857143,12.47
0.44897959183673464,-0.17346938775510207,11.77
0.44897959183673464,-0.13265306122448983,11.07
0.44897959183673464,-0.0918367346938776,10.700000000000001
0.44897959183673464,-0.05102040816326536,10.88
0.44897959183673464,-0.010204081632653073,13.01
0.44897959183673464,0.030612244897959107,13.15
0.44897959183673464,0.0714285714285714,13.19
0.44897959183673464,0.11224489795918358,13.09
0.44897959183673464,0.15306122448979587,12.870000000000001
0.44897959183673464,0.19387755102040816,12.64
0.44897959183673464,0.23469387755102034,12.55
0.44897959183673464,0.2755102040816326,12.66
0.44897959183673464,0.3163265306122448,13.540000000000001
0.44897959183673464,0.3571428571428571,13.75
0.44897959183673464,0.3979591836734693,13.76
0.44897959183673464,0.43877551020408156,13.72
0.44897959183673464,0.47959183673469385,13.65
0.44897959183673464,0.5204081632653061,13.52
0.44897959183673464,0.5612244897959182,13.36
0.44897959183673464,0.6020408163265305,14.48
0.44897959183673464,0.6428571428571428,14.44
0.44897959183673464,0.6836734693877551,14.3
0.44897959183673464,0.7244897959183672,14.25
0.44897959183673464,0.7653061224489794,15.13
0.44897959183673464,0.8061224489795917,15.450000000000001
0.44897959183673464,0.846938775510204,16.76
0.44897959183673464,0.8877551020408163,9.41
0.44897959183673464,0.9285714285714284,9.07
0.44897959183673464,0.9693877551020407,9.17
0.44897959183673464,1.010204081632653,31.44
0.44897959183673464,1.0510204081632653,29.560000000000002
0.44897959183673464,1.0918367346938773,28.150000000000002
0.44897959183673464,1.1326530612244896,27.01
0.44897959183673464,1.173469387755102,26.38
0.44897959183673464,1.2142857142857142,25.78
0.44897959183673464,1.2551020408163265,25.03
0.44897959183673464,1.2959183673469385,24.66
0.44897959183673464,1.3367346938775508,24.28
0.44897959183673464,1.3775510204081631,23.62
0.44897959183673464,1.4183673469387754,23.36
0.44897959183673464,1.4591836734693877,23.12
0.44897959183673464,1.5,22.89
0.4591836734693877,-0.5,9.4
0.4591836734693877,-0.45918367346938777,13.42
0.4591836734693877,-0.41836734693877553,13.59
0.4591836734693877,-0.37755102040816324,13.42
0.4591836734693877,-0.33673469387755106,13.35
0.4591836734693877,-0.29591836734693877,13.200000000000001
0.4591836734693877,-0.25510204081632654,12.89
0.4591836734693877,-0.2142857142857143,12.42
0.4591836734693877,-0.17346938775510207,11.75
0.4591836734693877,-0.13265306122448983,11.06
0.4591836734693877,-0.0918367346938776,10.66
0.4591836734693877,-0.05102040816326536,10.700000000000001
0.4591836734693877,-0.010204081632653073,12.86
0.4591836734693877,0.030612244897959107,13.0
0.4591836734693877,0.0714285714285714,13.05
0.4591836734693877,0.11224489795918358,12.96
0.4591836734693877,0.15306122448979587,12.77
0.4591836734693877,0.19387755102040816,12.540000000000001
0.4591836734693877,0.23469387755102034,12.44
0.4591836734693877,0.2755102040816326,12.48
0.4591836734693877,0.3163265306122448,12.66
0.4591836734693877,0.3571428571428571,13.51
0.4591836734693877,0.3979591836734693,13.6
0.4591836734693877,0.43877551020408156,13.6
0.4591836734693877,0.47959183673469385,13.55
0.4591836734693877,0.5204081632653061,13.43
0.4591836734693877,0.5612244897959182,13.280000000000001
0.4591836734693877,0.6020408163265305,13.15
0.4591836734693877,0.6428571428571428,14.23
0.4591836734693877,0.6836734693877551,14.18
0.4591836734693877,0.7244897959183672,14.16
0.4591836734693877,0.7653061224489794,14.120000000000001
0.4591836734693877,0.8061224489795917,15.34
0.4591836734693877,0.846938775510204,15.49
0.4591836734693877,0.8877551020408163,9.56
0.4591836734693877,0.9285714285714284,9.16
0.4591836734693877,0.9693877551020407,9.040000000000001
0.4591836734693877,1.010204081632653,9.31
0.4591836734693877,1.0510204081632653,30.5
0.4591836734693877,1.0918367346938773,28.64
0.4591836734693877,1.1326530612244896,27.740000000000002
0.4591836734693877,1.173469387755102,26.66
0.4591836734693877,1.2142857142857142,26.09
0.4591836734693877,1.2551020408163265,25.22
0.4591836734693877,1.2959183673469385,24.830000000000002
0.4591836734693877,1.3367346938775508,24.45
0.4591836734693877,1.3775510204081631,23.740000000000002
0.4591836734693877,1.4183673469387754,23.47
0.4591836734693877,1.4591836734693877,23.22
0.4591836734693877,1.5,22.97
0.4693877551020408,-0.5,9.23
0.4693877551020408,-0.45918367346938777,13.19
0.4693877551020408,-0.41836734693877553,13.51
0.4693877551020408,-0.37755102040816324,13.36
0.4693877551020408,-0.33673469387755106,13.24
0.4693877551020408,-0.29591836734693877,13.09
0.4693877551020408,-0.25510204081632654,12.81
0.4693877551020408,-0.2142857142857143,12.370000000000001
0.4693877551020408,-0.17346938775510207,11.72
0.4693877551020408,-0.13265306122448983,11.05
0.4693877551020408,-0.0918367346938776,10.620000000000001
0.4693877551020408,-0.05102040816326536,10.58
0.4693877551020408,-0.010204081632653073,12.700000000000001
0.4693877551020408,0.030612244897959107,12.86
0.4693877551020408,0.0714285714285714,12.91
0.4693877551020408,0.11224489795918358,12.84
0.4693877551020408,0.15306122448979587,12.67
0.4693877551020408,0.19387755102040816,12.46
0.4693877551020408,0.23469387755102034,12.33
0.4693877551020408,0.2755102040816326,12.34
0.4693877551020408,0.3163265306122448,12.44
0.4693877551020408,0.3571428571428571,12.6
0.4693877551020408,0.3979591836734693,13.4
0.4693877551020408,0.43877551020408156,13.46
0.4693877551020408,0.47959183673469385,13.43
0.4693877551020408,0.5204081632653061,13.34
0.4693877551020408,0.5612244897959182,13.19
0.4693877551020408,0.6020408163265305,13.07
0.4693877551020408,0.6428571428571428,12.99
0.4693877551020408,0.6836734693877551,14.0
0.4693877551020408,0.7244897959183672,14.06
0.4693877551020408,0.7653061224489794,14.05
0.4693877551020408,0.8061224489795917,15.0
0.4693877551020408,0.846938775510204,15.290000000000001
0.4693877551020408,0.8877551020408163,16.51
0.4693877551020408,0.9285714285714284,9.290000000000001
0.4693877551020408,0.9693877551020407,9.01
0.4693877551020408,1.010204081632653,9.15
0.4693877551020408,1.0510204081632653,27.91
0.4693877551020408,1.0918367346938773,26.03
0.4693877551020408,1.1326530612244896,24.59
0.4693877551020408,1.173469387755102,23.42
0.4693877551020408,1.2142857142857142,22.82
0.4693877551020408,1.2551020408163265,25.34
0.4693877551020408,1.2959183673469385,24.95
0.4693877551020408,1.3367346938775508,24.55
0.4693877551020408,1.3775510204081631,23.8
0.4693877551020408,1.4183673469387754,23.52
0.4693877551020408,1.4591836734693877,23.27
0.4693877551020408,1.5,23.01
0.47959183673469385,-0.5,9.120000000000001
0.47959183673469385,-0.45918367346938777,12.92
0.47959183673469385,-0.41836734693877553,13.41
0.47959183673469385,-0.37755102040816324,13.31
0.47959183673469385,-0.33673469387755106,13.15
0.47959183673469385,-0.29591836734693877,12.99
0.47959183673469385,-0.25510204081632654,12.73
0.47959183673469385,-0.2142857142857143,12.32
0.47959183673469385,-0.17346938775510207,11.700000000000001
0.47959183673469385,-0.13265306122448983,11.03
0.47959183673469385,-0.0918367346938776,10.59
0.47959183673469385,-0.05102040816326536,10.49
0.47959183673469385,-0.010204081632653073,12.530000000000001
0.47959183673469385,0.030612244897959107,12.72
0.47959183673469385,0.0714285714285714,12.780000000000001
0.47959183673469385,0.11224489795918358,12.73
0.47959183673469385,0.15306122448979587,12.57
0.47959183673469385,0.19387755102040816,12.370000000000001
0.47959183673469385,0.23469387755102034,12.24
0.47959183673469385,0.2755102040816326,12.22
0.47959183673469385,0.3163265306122448,12.27
0.47959183673469385,0.3571428571428571,12.34
0.47959183673469385,0.3979591836734693,13.08
0.47959183673469385,0.43877551020408156,13.280000000000001
0.47959183673469385,0.47959183673469385,13.3
0.47959183673469385,0.5204081632653061,13.24
0.47959183673469385,0.5612244897959182,13.11
0.47959183673469385,0.6020408163265305,12.99
0.47959183673469385,0.6428571428571428,12.91
0.47959183673469385,0.6836734693877551,12.84
0.47959183673469385,0.7244897959183672,13.91
0.47959183673469385,0.7653061224489794,13.98
0.47959183673469385,0.8061224489795917,13.96
0.47959183673469385,0.846938775510204,15.15
0.47959183673469385,0.8877551020408163,15.23
0.47959183673469385,0.9285714285714284,9.42
0.47959183673469385,0.9693877551020407,9.08
0.47959183673469385,1.010204081632653,9.02
0.47959183673469385,1.0510204081632653,9.28
0.47959183673469385,1.0918367346938773,26.900000000000002
0.47959183673469385,1.1326530612244896,25.2
0.47959183673469385,1.173469387755102,24.28
0.47959183673469385,1.2142857142857142,23.13
0.47959183673469385,1.2551020408163265,22.59
0.47959183673469385,1.2959183673469385,21.66
0.47959183673469385,1.3367346938775508,21.27
0.47959183673469385,1.3775510204081631,20.95
0.47959183673469385,1.4183673469387754,20.16
0.47959183673469385,1.4591836734693877,19.88
0.47959183673469385,1.5,19.66
0.4897959183673469,-0.5,9.040000000000001
0.4897959183673469,-0.45918367346938777,12.58
0.4897959183673469,-0.41836734693877553,13.290000000000001
0.4897959183673469,-0.37755102040816324,13.26
0.4897959183673469,-0.33673469387755106,13.08
0.4897959183673469,-0.29591836734693877,12.91
0.4897959183673469,-0.25510204081632654,12.66
0.4897959183673469,-0.2142857142857143,12.27
0.4897959183673469,-0.17346938775510207,11.67
0.4897959183673469,-0.13265306122448983,11.02
0.4897959183673469,-0.0918367346938776,10.57
0.4897959183673469,-0.05102040816326536,10.41
0.4897959183673469,-0.010204081632653073,10.66
0.4897959183673469,0.030612244897959107,12.58
0.4897959183673469,0.0714285714285714,12.66
0.4897959183673469,0.11224489795918358,12.620000000000001
0.4897959183673469,0.15306122448979587,12.48
0.4897959183673469,0.19387755102040816,12.290000000000001
0.4897959183673469,0.23469387755102034,12.14
0.4897959183673469,0.2755102040816326,12.11
0.4897959183673469,0.3163265306122448,12.14
0.4897959183673469,0.3571428571428571,12.17
0.4897959183673469,0.3979591836734693,12.19
0.4897959183673469,0.43877551020408156,13.030000000000001
0.4897959183673469,0.47959183673469385,13.15
0.4897959183673469,0.5204081632653061,13.120000000000001
0.4897959183673469,0.5612244897959182,13.02
0.4897959183673469,0.6020408163265305,12.9
0.4897959183673469,0.6428571428571428,12.84
0.4897959183673469,0.6836734693877551,12.77
0.4897959183673469,0.7244897959183672,13.57
0.4897959183673469,0.7653061224489794,13.88
0.4897959183673469,0.8061224489795917,13.870000000000001
0.4897959183673469,0.846938775510204,13.97
0.4897959183673469,0.8877551020408163,15.07
0.4897959183673469,0.9285714285714284,9.55
0.4897959183673469,0.9693877551020407,9.18
0.4897959183673469,1.010204081632653,8.96
0.4897959183673469,1.0510204081632653,9.120000000000001
0.4897959183673469,1.0918367346938773,28.25
0.4897959183673469,1.1326530612244896,26.29
0.4897959183673469,1.173469387755102,24.8
0.4897959183673469,1.2142857142857142,23.61
0.4897959183673469,1.2551020408163265,22.93
0.4897959183673469,1.2959183673469385,21.990000000000002
0.4897959183673469,1.3367346938775508,21.51
0.4897959183673469,1.3775510204081631,21.13
0.4897959183673469,1.4183673469387754,20.36
0.4897959183673469,1.4591836734693877,20.03
0.4897959183673469,1.5,19.76
0.5,-0.5,8.99
0.5,-0.45918367346938777,9.17
0.5,-0.41836734693877553,13.14
0.5,-0.37755102040816324,13.200000000000001
0.5,-0.33673469387755106,13.030000000000001
0.5,-0.29591836734693877,12.84
0.5,-0.25510204081632654,12.59
0.5,-0.2142857142857143,12.22
0.5,-0.17346938775510207,11.64
0.5,-0.13265306122448983,11.0
0.5,-0.0918367346938776,10.540000000000001
0.5,-0.05102040816326536,10.35
0.5,-0.010204081632653073,10.49
0.5,0.030612244897959107,12.43
0.5,0.0714285714285714,12.530000000000001
0.5,0.11224489795918358,12.51
0.5,0.15306122448979587,12.38
0.5,0.19387755102040816,12.200000000000001
0.5,0.23469387755102034,12.05
0.5,0.2755102040816326,12.0
0.5,0.3163265306122448,12.01
0.5,0.3571428571428571,12.030000000000001
0.5,0.3979591836734693,12.030000000000001
0.5,0.43877551020408156,12.02
0.5,0.47959183673469385,12.950000000000001
0.5,0.5204081632653061,12.99
0.5,0.5612244897959182,12.91
0.5,0.6020408163265305,12.82
0.5,0.6428571428571428,12.76
0.5,0.6836734693877551,12.71
0.5,0.7244897959183672,12.65
0.5,0.7653061224489794,13.71
0.5,0.8061224489795917,13.81
0.5,0.846938775510204,13.81
0.5,0.8877551020408163,14.92
0.5,0.9285714285714284,9.69
0.5,0.9693877551020407,9.3
0.5,1.010204081632653,9.0
0.5,1.0510204081632653,8.99
0.5,1.0918367346938773,9.24
0.5,1.1326530612244896,27.61
0.5,1.173469387755102,25.89
0.5,1.2142857142857142,24.53
0.5,1.2551020408163265,23.36
0.5,1.2959183673469385,22.76
0.5,1.3367346938775508,21.82
0.5,1.3775510204081631,21.38
0.5,1.4183673469387754,20.93
0.5,1.4591836734693877,20.23
0.5,1.5,19.92
