time,x,v
0.0,0.0,0.0
0.01,0.000175,0.034943125116638316
0.02,0.0006988625023327663,0.06976401372260055
0.03,0.001570280274452011,0.10444565592900659
0.04,0.002787775620912898,0.13897104539990654
0.05,0.004349701182450142,0.1733232590283367
0.06,0.006254240801479632,0.2074854636060283
0.07,0.008499410454570708,0.24144092242005144
0.08,0.011083059249880662,0.2751730016319628
0.09,0.014002870487209966,0.3086651764070945
0.1,0.017256362778022553,0.3419010367637813
0.11,0.020840891222485593,0.37486429311483405
0.12,0.024753648640319238,0.4075387814762557
0.13,0.028991666852010708,0.4399084683210405
0.14,0.03355181800674005,0.4719574550588851
0.15,0.03843081595318841,0.5036699821257555
0.16,0.04362521764925516,0.5350304326704778
0.17,0.04913142460659796,0.5660233358288329
0.18,0.05494568436583181,0.5966333695790317
0.19,0.061064091998178596,0.626845363175886
0.2,0.06748259162934954,0.6566442991644815
0.21,0.07419697798146824,0.6860153149776606
0.22,0.08120289792890276,0.7149437041251328
0.23,0.0884958520639709,0.7434149169855251
0.24,0.09607119626861327,0.7714145612161432
0.25,0.10392414328829377,0.7989284017986286
0.26,0.11204976430458585,0.8259423607420407
0.27,0.12044299050313459,0.8524425164681576
0.28,0.129098614633949,0.8784151029069496
0.29,0.1380112925612736,0.9038465083332338
0.3,0.14717554480061368,0.9287232739784331
0.31,0.15658575804084224,0.9530320924541429
0.32,0.16623618664969653,0.9767598060268222
0.33,0.17612095416137868,0.9998934047853748
0.34,0.18623405474540403,1.0224200247456443
0.35000000000000003,0.19656935465629155,1.0443269459379096
0.36,0.2071205936641622,1.0656015905253222
0.37,0.217881386466798,1.0862315210028561
0.38,0.2288452240842193,1.1062044385277434
0.39,0.24000547523735286,1.1255081814335208
0.4,0.2513553877128897,1.1441307239807226
0.41000000000000003,0.26288808971696725,1.1620601753978896
0.42,0.27459659122084745,1.179284779266938
0.43,0.286473785302306,1.1957929133070193
0.44,0.29851244948698785,1.2115730896108015
0.45,0.310705247094522,1.226613955386612
0.46,0.32304472859472005,1.2409042942590753
0.47000000000000003,0.33552333297970355,1.2544330281797798
0.48,0.3481333891583157,1.2671892199980772
0.49,0.3608671173796651,1.2791620767403777
0.5,0.3737166306931232,1.2903409536442334
0.51,0.3866739364525497,1.3007153589911036
0.52,0.3997309378729453,1.310274959778968
0.53,0.41287943564812907,1.3190095882728863
0.54,0.426111129638403,1.3269092494682115
0.55,0.4394176206374933,1.3339641294974292
0.56,0.45279041222835154,1.3401646050075338
0.5700000000000001,0.46622091273764393,1.3455012535304673
0.58,0.4797004372989609,1.3499648648644267
0.59,0.4932202100349325,1.3535464534788233
0.6,0.5067713663685374,1.3562372719503393
0.61,0.5203449554739393,1.3580288254318944
0.62,0.5339319428771753,1.3589128871504221
0.63,0.5475232132169477,1.3588815149231726
0.64,0.5611095731756387,1.3579270686758262
0.65,0.5746817545904642,1.3560422289390461
0.66,0.5882304177544196,1.3532200162932275
0.67,0.6017461549163289,1.3494538117241688
0.68,0.6152194939889031,1.3447373778451892
0.6900000000000001,0.6286409024732326,1.33906488093392
0.7000000000000001,0.6420007916075814,1.3324309137246066
0.71,0.6552895207477246,1.3248305188893337
0.72,0.668497401985368,1.3162592131341646
0.73,0.6816147050104079,1.306713011828802
0.74,0.694631662221944,1.2961884540810997
0.75,0.7075384740920299,1.2846826281606158
0.76,0.7203253147851563,1.272193197168456
0.77,0.732982338035399,1.258718424843974
0.78,0.7454996832820359,1.2442572013925244
0.79,0.7578674820632496,1.2288090692124536
0.8,0.770075864666285,1.212374248393955
0.81,0.7821149670311287,1.194953661857327
0.8200000000000001,0.7939749379034314,1.176548959993652
0.8300000000000001,0.8056459462310016,1.1571625446670037
0.84,0.8171181887967714,1.1367975924340534
0.85,0.8283818980796827,1.1154580768344455
0.86,0.8394273503334603,1.0931487896035932
0.87,0.8502448738717544,1.0698753606586766
0.88,0.8608248575466337,1.0456442767086431
0.89,0.8711577594059272,1.0204628983399573
0.9,0.8812341155134329,0.9943394754317825
0.91,0.8910445489145629,0.9672831607572039
0.92,0.900579778728577,0.9393040216310772
0.93,0.9098306293471845,0.9104130494701057
0.9400000000000001,0.9187880397179792,0.8806221671368376
0.9500000000000001,0.9274430726899212,0.8499442339464257
0.96,0.9357869243969076,0.8183930482232085
0.97,0.9438109336543854,0.7859833473034231
0.98,0.9515065913429761,0.7527308048906378
0.99,0.9588655497521981,0.7186520256817416
1.0,0.9658796318566109,0.6837645371935175
1.01,0.9725408404960685,0.6480867787328867
1.02,0.9788413674312686,0.6116380874677828
1.03,0.9847736022454241,0.574438681570217
1.04,0.990330141062673,0.5365096404183403
1.05,0.9955037950537909,0.49787288186010387
1.06,1.0002875986998752,0.458551136557358
1.07,1.004674817784938,0.4185679194457955
1.08,1.008658957088791,0.377947498362934
1.09,1.0122337677521966,0.33671485991320205
1.1,1.015393254287055,0.29489567265602934
1.11,1.0181316812053174,0.2525162477195069
1.12,1.0204435792414452,0.2096034969585448
1.1300000000000001,1.0223237511444885,0.16618488879238208
1.1400000000000001,1.023767277017293,0.1222884018716619
1.1500000000000001,1.0247695191819217,0.07794247673994527
1.16,1.025326126552092,0.03317596566837514
1.17,1.0254330384952894,-0.011981919144901841
1.18,1.0250864881691941,-0.05750165880710897
1.19,1.0242830053191472,-0.10335348218088042
1.2,1.0230194185255763,-0.14950742132841566
1.21,1.0212928568925788,-0.1959333677181047
1.22,1.0191007511712142,-0.24260112895530378
1.23,1.0164408343134725,-0.28948048579373103
1.24,1.0133111414553393,-0.3365412491802588
1.25,1.0097100093298672,-0.3837533170837291
1.26,1.0056360751136646,-0.4310867308578364
1.27,1.0010882747127103,-0.4785117308891005
1.28,0.9960658404958825,-0.5259988112834895
1.29,0.9905682984870405,-0.5735187733493121
1.3,0.9845954650288963,-0.621042777639547
1.31,0.9781474429342496,-0.6685423943237541
1.32,0.9712246171424211,-0.7159896516680577
1.33,0.9638276499008883,-0.7633570824113142
1.34,0.9559574754941949,-0.8106177678364023
1.35,0.9476152945441604,-0.8577453793474882
1.36,0.9388025679072451,-0.9047142173770182
1.37,0.9295210101966199,-0.9514992474599661
1.3800000000000001,0.9197725829580458,-0.9980761333273821
1.3900000000000001,0.9095594875300723,-1.0444212668864343
1.4000000000000001,0.8988841576203171,-1.0905117949697767
1.41,0.8877492516306769,-1.136325642753081
1.42,0.8761576447652556,-1.181841533755819
1.43,0.8641124209555605,-1.227039006356732
1.44,0.8516168646381209,-1.2718984267717701
1.45,0.8386744524201252,-1.3164009984584912
1.46,0.8252888446689511,-1.3605287679268736
1.47,0.8114638770615877,-1.4042646269521077
1.48,0.797203552129909,-1.4475923112000904
1.49,0.7825120308375859,-1.4904963952909636
1.5,0.7673936242240897,-1.5329622843400383
1.51,0.7518527851507851,-1.5749762020287434
1.52,0.7358941001835149,-1.6165251752707956
1.53,0.7195222816453691,-1.6575970155505357
1.54,0.7027421598725041,-1.6981802970212876
1.55,0.6855586757049433,-1.7382643314616455
1.56,0.6679768732432712,-1.777839140196755
1.57,0.6500018929010082,-1.8168954230999375
1.58,0.6316389647812723,-1.8554245247973975
1.59,0.6128934024050602,-1.8934183982052921
1.6,0.5937705968171664,-1.930869565534123
1.61,0.5742760110943776,-1.9677710769003065
1.62,0.5544151752791603,-2.004116466688886
1.6300000000000001,0.5341936817606,-2.0398997078147696
1.6400000000000001,0.5136171811228649,-2.0751151640326118
1.6500000000000001,0.4926913784799478,-2.1097575404476223
1.6600000000000001,0.47142203031391255,-2.1438218323812075
1.67,0.4498149418323237,-2.1773032727465207
1.68,0.4278759648589821,-2.210197278089797
1.69,0.4056109962705277,-2.2424993934538366
1.7,0.3830259769899053,-2.274205236220277
1.71,0.3601268915461221,-2.3053104390874233
1.72,0.33691976820815683,-2.3358105923404917
1.73,0.3134106796993123,-2.3657011855712065
1.74,0.2896057444967327,-2.3949775490039023
1.75,0.26551112871923427,-2.4236347945856487
1.76,0.24113304860501975,-2.451667756998557
1.77,0.21647777357926312,-2.4790709347533655
1.78,0.19155162990995245,-2.5058384315247384
1.79,0.16636100494876838,-2.5319638978905075
1.8,0.14091235195214233,-2.557440473639344
1.81,0.11521219547598151,-2.5822607308141974
1.82,0.08926713733585838,-2.6064166176622434
1.83,0.06308386312273663,-2.62989940366611
1.84,0.03666914926253617,-2.652699625835835
1.85,0.010029870606019932,-2.674807036446325
1.86,-0.01682699146639033,-2.6962105524110687
1.87,-0.04389434044220144,-2.716898206489487
1.8800000000000001,-0.07116495559618007,-2.736857100532557
1.8900000000000001,-0.09863148245285258,-2.756073360979191
1.9000000000000001,-0.12628642281576388,-2.774532096824251
1.9100000000000001,-0.1541221243893376,-2.792217360287955
1.92,-0.18213077002152298,-2.809112110425724
1.93,-0.21030436659785207,-2.8251981799271295
1.94,-0.23863473362006557,-2.840456245362411
1.95,-0.26711349150510033,-2.8548658011449506
1.96,-0.2957320496429646,-2.868405137487936
1.97,-0.324481594254859,-2.8810513226430636
1.98,-0.35335307609582584,-2.892780189718391
1.99,-0.38233719804922683,-2.903566328381063
2.0,-0.4114244026634471,-2.913383081758488
2.0100000000000002,-0.44060485968439655,-2.922202548858315
2.02,-0.4698684536406134,-2.9299955928330528
2.0300000000000002,-0.49920477154105763,-2.936731855419088
2.04,-0.5286030907489951,-2.942379777881942
2.05,-0.5580523670986964,-2.9469066287994874
2.06,-0.5875412233249848,-2.9502785390123174
2.07,-0.6170579378789427,-2.952460544065085
2.08,-0.6465904342062865,-2.953416634454168
2.09,-0.676126270568026,-2.9531098139850718
2.1,-0.7056526304859878,-2.951502166527236
2.11,-0.7351563138985706,-2.948554931434066
2.12,-0.7646237291146691,-2.9442285878716747
2.13,-0.7940408856560042,-2.9384829482707513
2.14,-0.8233933880800841,-2.931277261081855
2.15,-0.8526664308776412,-2.922570322975017
2.16,-0.8818447945395844,-2.912320600579591
2.17,-0.910912842889233,-2.900486361809679
2.18,-0.9398545217757781,-2.8870258167640053
2.19,-0.9686533592245132,-2.8718972681268267
2.2,-0.9972924671383147,-2.855059270928276
2.21,-1.0257545446430787,-2.836470801448635
2.22,-1.0540218831672874,-2.816091434971507
2.23,-1.082076373342509,-2.7938815320060724
2.24,-1.109899513807409,-2.769802432508879
2.25,-1.1374724219926868,-2.7438166575415113
2.2600000000000002,-1.1647758469582394,-2.7158881177025544
2.27,-1.191790184346738,-2.6859823275713084
2.2800000000000002,-1.2184954935096657,-2.6540666252975678
2.29,-1.2448715168526894,-2.6201103963674446
2.3000000000000003,-1.2708977014370146,-2.5840853004708326
2.31,-1.2965532228621062,-2.5459655002928803
2.32,-1.3218170114428724,-2.505727890951168
2.33,-1.3466677806811296,-2.4633523287035857
2.34,-1.371084058016944,-2.418821857460733
2.35,-1.3950442178303444,-2.372122931552676
2.36,-1.4185265166479977,-2.3232456331246762
2.37,-1.4415091304928378,-2.2721838824718503
2.38,-1.4639701942974346,-2.2189356395702493
2.39,-1.4858878432842428,-2.163503095023254
2.4,-1.5072402561978997,-2.1058928486190807
2.41,-1.5280057002566245,-2.046116073689061
2.42,-1.548162577671681,-1.9841886654685965
2.43,-1.5676894735659963,-1.9201313716944552
2.44,-1.5865652051055699,-1.8539699037244262
2.45,-1.6047688716404847,-1.7857350265389498
2.46,-1.6222799056363488,-1.7154626260797412
2.47,-1.6390781241620793,-1.643193752497729
2.48,-1.6551437806863032,-1.5689746380217078
2.49,-1.6704576169225134,-1.4928566883194
2.5,-1.6850009144526912,-1.4148964464032576
2.5100000000000002,-1.6987555458505785,-1.3351555283330205
2.52,-1.7117040250193514,-1.25370053018414
2.5300000000000002,-1.7238295564542612,-1.1706029059836285
2.54,-1.735116083139024,-1.0859388165603512
2.5500000000000003,-1.7455483327854684,-0.9997889495124928
2.56,-1.755111862129274,-0.912238310757929
2.57,-1.763793099000627,-0.8233759884002354
2.58,-1.7715793818972787,-0.733294889910618
2.59,-1.7784589967988391,-0.6420914538905589
2.6,-1.7844212109750897,-0.5498653379377314
2.61,-1.7894563035575937,-0.4567190843850878
2.62,-1.7935555926627915,-0.3627577659162995
2.63,-1.7967114588759199,-0.2680886132764514
2.64,-1.7989173649283206,-0.1728206274917487
2.65,-1.8001678714257547,-0.07706417918296925
2.66,-1.8004586485119798,0.019069402298208762
2.67,-1.7997864833797905,0.11546824706534495
2.68,-1.798149283570673,0.2120203672963703
2.69,-1.795546076033863,0.30861408125351564
2.7,-1.7919770019456027,0.4051384357220288
2.71,-1.7874433073194227,0.5014836238791075
2.72,-1.7819473294680206,0.5975413956509081
2.73,-1.7754924794064044,0.6932054576941614
2.74,-1.7680832203141374,0.788371860248535
2.75,-1.7597250422014339,0.8829393682446549
2.7600000000000002,-1.7504244329492442,0.976809814218394
2.77,-1.7401888459170658,1.0698884307720165
2.7800000000000002,-1.7290266643338037,1.162084160534053
2.79,-1.7169471627063846,1.253309941799098
2.8000000000000003,-1.7039604654978215,1.343482968272588
2.81,-1.6900775033409328,1.4325249216004219
2.82,-1.6753099670658131,1.520362175625306
2.83,-1.6596702598284265,1.6069259715772704
2.84,-1.6431714476342676,1.6921525636712766
2.85,-1.625827208555001,1.7759833348467244
2.86,-1.6076517809373332,1.8583648826386714
2.87,-1.5886599109022277,1.9392490754156546
2.88,-1.5688667994290202,2.018593079451375
2.89,-1.5482880493132,2.0963593575147406
2.9,-1.5269396122787253,2.1725156398627847
2.91,-1.5048377365159444,2.247034868702046
2.92,-1.4819989149046846,2.319895117344815
2.93,-1.4584398341690483,2.391079485426245
2.94,-1.4341773251961596,2.4605759716661124
2.95,-1.4092283147357259,2.5283773257548146
2.96,-1.3836097786810633,2.5944808810170783
2.97,-1.3573386971153842,2.6588883695593366
2.98,-1.3304320112898764,2.7216057216384604
2.99,-1.302906582682615,2.7826428510015533
3.0,-1.2747791542698452,2.8420134279399925
3.0100000000000002,-1.246066314123815,2.899734641777207
3.02,-1.2167844614343013,2.9558269544703593
3.0300000000000002,-1.186949775034408,3.010313846952754
3.04,-1.156578184495246,3.0632215597781594
3.0500000000000003,-1.1256853438388448,3.114578829551994
3.06,-1.0942866079042062,3.1644166225493233
3.0700000000000003,-1.0623970113878582,3.212767866827483
3.08,-1.0300312505676563,3.2596671840436584
3.09,-0.9972036677069849,3.3051506220864892
3.1,-0.9639282381259264,3.3492553895273085
3.11,-0.9302185599164386,3.3920195927924075
3.12,-0.8960878462700783,3.433481976854102
3.13,-0.8615489203793566,3.473681670136592
3.14,-0.8266142128673464,3.5126579342337876
3.15,-0.7912957616946807,3.5504499189414105
3.16,-0.7556052144885181,3.5870964230156552
3.17,-0.7195538332343676,3.622635660986297
3.18,-0.6831525012687922,3.6571050362739763
3.19,-0.6464117325088881,3.690540920790077
3.2,-0.6093416828529906,3.72297844113355
3.21,-0.571952163686217,3.7544512714425946
3.22,-0.5342526574241387,3.7849914329105725
3.23,-0.4962523350280056,3.8146290999350896
3.24,-0.45796007542543693,3.843392412836947
3.25,-0.4193844867712666,3.8713072970617564
3.2600000000000002,-0.3805339294842018,3.8983972887613816
3.27,-0.341416540996039,3.924683366645056
3.2800000000000002,-0.3020402621513007,3.9501837899909016
3.29,-0.262412865196221,3.97491394271758
3.3000000000000003,-0.2225419832969491,3.9988861834327856
3.31,-0.1824351415275653,4.0221097014000895
3.3200000000000003,-0.1420997892689473,4.0445903783980715
3.33,-0.10154333395960387,4.066330656485523
3.34,-0.060773176139236856,4.087329411733541
3.35,-0.01979674572493304,4.10758183403926
3.36,0.021378460541548336,4.127079313196508
3.37,0.06274484053899712,4.145809331465528
3.38,0.10429464717085889,4.1637553629565724
3.39,0.14601994779812857,4.180896780220402
3.4,0.18791258277526696,4.197208768521841
3.41,0.2299641231685654,4.212662248360137
3.42,0.2721658277424697,4.227223806891234
3.43,0.31450859930639014,4.240855639001486
3.44,0.35698294052249946,4.253515498879019
3.45,0.3995789092839705,4.265156663026945
3.46,0.4422860737830383,4.275727905760838
3.47,0.48509346739918724,4.2851734883302095
3.48,0.5279895435496424,4.293433162898709
3.49,0.5709621306571614,4.300442192709034
3.5,0.6139983874038232,4.3061313898443405
3.5100000000000002,0.6570847584540482,4.310427172076504
3.52,0.7002069308453532,4.313251640360869
3.5300000000000002,0.7433497912612657,4.314522678595032
3.54,0.7864973844172539,4.314154077303315
3.5500000000000003,0.8296328728073319,4.3120556829364975
3.56,0.8727384980759838,4.308133574485404
3.5700000000000003,0.91579554429704,4.302290269094405
3.58,0.9587843034578719,4.29442495832391
3.59,1.0016840434635181,4.284433776646719
3.6,1.0444729789908063,4.272210103668703
3.61,1.087128245536892,4.2576449014370334
3.62,1.1296258770195466,4.240627088036273
3.63,1.1719407872976173,4.2210439484717455
3.64,1.2140467559889814,4.198781583598447
3.65,1.2559164189695862,4.173725397570671
3.66,1.2975212639403948,4.145760623961091
3.67,1.3388316314488078,4.114772890327727
3.68,1.3798167217469492,4.0806488205929154
3.69,1.420444607860666,4.043276674141035
3.7,1.4606822552297698,4.0025470200431155
3.71,1.5004955482615283,3.9583534442793367
3.72,1.5398493241153564,3.910593287258907
3.73,1.5787074140067063,3.8591684083359965
3.74,1.6170326922820764,3.803985973396887
3.75,1.654787133474644,3.7449592609550324
3.7600000000000002,1.691931877501177,3.6820084815465184
3.77,1.7284273031055744,3.6150616045788646
3.7800000000000002,1.7642331095927544,3.5440551861629452
3.79,1.7993084068288334,3.4689351908637507
3.8000000000000003,1.8336118134100294,3.38965779975452
3.81,1.867101562823924,3.306190196664824
3.8200000000000003,1.899735617343326,3.2185113240913643
3.83,1.9314717893057514,3.1266125999055276
3.84,1.9622678693414366,3.0304985857588185
3.85,1.9920817610209276,2.9301875979702547
3.86,2.0208716213008415,2.8257122516915794
3.87,2.0485960060547592,2.7171199292981147
3.88,2.075214019886804,2.6044731642546157
3.89,2.100685469339852,2.487849932163409
3.9,2.124971018530072,2.367343841320413
3.91,2.14803234616626,2.2430642158839276
3.92,2.169832302847751,2.1151360656984273
3.93,2.1903350674802287,1.9836999379041316
3.94,2.209506301605834,1.8489116466920896
3.95,2.2273133004140706,1.7109418789190547
3.96,2.243725139184215,1.5699756747578788
3.97,2.258712813909228,1.4262117841051376
3.98,2.2722493748663175,1.2798619010725973
3.99,2.28431005193068,1.1311497805245383
4.0,2.294872370476808,0.9803102422583322
4.01,2.303916256775847,0.8275880700290744
4.0200000000000005,2.31142413187739,0.6732368141579784
4.03,2.3173809930590066,0.5175175079064055
4.04,2.321774482035518,0.3606973091118014
4.05,2.3245949392412424,0.20304807973951045
4.0600000000000005,2.325835443630308,0.04484491697949039
4.07,2.3254918375808318,-0.11363534971283401
4.08,2.323562736636051,-0.27211568068468567
4.09,2.320049523967138,-0.43032035200373114
4.1,2.3149563295959763,-0.5879764698964195
4.11,2.3082899945692095,-0.7448154585520301
4.12,2.3000600204249353,-0.9005745065519577
4.13,2.2902785044381697,-1.0549979578285038
4.14,2.278960061268365,-1.2078386339176093
4.15,2.2661217317598177,-1.3588590753258012
4.16,2.2517828797618495,-1.5078326910592106
4.17,2.2359650779386335,-1.6545448067344726
4.18,2.2186919836271595,-1.7987936031776803
4.19,2.1999892058750796,-1.9403909389866234
4.2,2.179884164847427,-2.0791630521507947
4.21,2.158405944832064,-2.2149511374606865
4.22,2.1355851420982135,-2.3476117980612314
4.23,2.1114537088708394,-2.4770173710841568
4.24,2.0860447946765306,-2.6030561288031784
4.25,2.059392586294776,-2.7256323581700808
4.26,2.031532147513129,-2.844666322887944
4.2700000000000005,2.002499259837017,-2.9600941133430116
4.28,1.9723302652462686,-3.071867390735858
4.29,1.9410619120222998,-3.1799530326164707
4.3,1.9087312045939393,-3.284332687731492
4.3100000000000005,1.8753752582676702,-3.38500224863376
4.32,1.841031159621264,-3.4819712508865663
4.33,1.8057358332499387,-3.5752622079229575
4.34,1.769525915462805,-3.664909890701964
4.3500000000000005,1.7324376354358995,-3.750960561249152
4.36,1.694506704237822,-3.83347116899047
4.37,1.6557682120560901,-3.9125085184995836
4.38,1.6162565338678303,-3.988148416894157
4.39,1.5760052437182068,-4.060474808650784
4.4,1.5350470376948144,-4.129578905076582
4.41,1.493413665616675,-4.195558315092562
4.42,1.4511358713929632,-4.258516183364063
4.43,1.408243341949394,-4.318560341170238
4.44,1.3647646645695586,-4.375802474750183
4.45,1.3207272924543905,-4.430357315209191
4.46,1.2761575182653748,-4.482341853424771
4.47,1.231080455385895,-4.531874582767331
4.48,1.185520026610028,-4.579074771852138
4.49,1.1394989599488523,-4.624061768973614
4.5,1.093038791230556,-4.666954339344983
4.51,1.0461598731619526,-4.707870035779684
4.5200000000000005,0.9988813905149623,-4.7469246030082575
4.53,0.9512213811017874,-4.7842314154275405
4.54,0.9031967622064114,-4.81990094772862
4.55,0.8548233621472151,-4.854040277546332
4.5600000000000005,0.8061159566554849,-4.886752619015536
4.57,0.7570883097669044,-4.918136885906974
4.58,0.7077532189373454,-4.948287282846737
4.59,0.6581225641099696,-4.9772929229965195
4.6000000000000005,0.6082073604774149,-5.0052374704848965
4.61,0.5580178147002716,-5.032198805830817
4.62,0.5075633843607984,-5.058248712587115
4.63,0.45685284044852914,-5.083452583452022
4.64,0.40589433269175795,-5.107869144148263
4.65,0.3546954575655639,-5.131550193450345
4.66,0.3032633288227511,-5.154540357849209
4.67,0.25160465040857977,-5.176876859477741
4.68,0.19972579163319626,-5.198589296079145
4.69,0.14763286448699686,-5.219699431981345
4.7,0.09533180299356937,-5.2402209992431725
4.71,0.04282844450213341,-5.260159508360832
4.72,-0.009871387173647272,-5.279512068164919
4.73,-0.06276179686116495,-5.298267214798102
4.74,-0.11583673146960931,-5.316404749940405
4.75,-0.16908989185997306,-5.333895588741806
4.76,-0.2225146432444454,-5.3507016182295155
4.7700000000000005,-0.27610392422456337,-5.36677556727859
4.78,-0.3298501545900172,-5.382060889567926
4.79,-0.38374514201592186,-5.396491661287674
4.8,-0.43777998781577065,-5.409992495716466
4.8100000000000005,-0.49194499193025115,-5.422478477145299
4.82,-0.5462295573586766,-5.4338551169864155
4.83,-0.6006220942699795,-5.444018335266696
4.84,-0.6551099240640106,-5.452854471061711
4.8500000000000005,-0.7096791836912137,-5.460240325773892
4.86,-0.7643147305794884,-5.4660432434906685
4.87,-0.8190000485610271,-5.470121232969398
4.88,-0.8737171552388764,-5.4723231360782405
4.89,-0.9284465112825919,-5.472488847767507
4.9,-0.9831669321942266,-5.470449592845426
4.91,-1.0378555031395005,-5.466028264975633
4.92,-1.0924874974937393,-5.459039833390294
4.93,-1.1470362998073065,-5.44929182281104
4.94,-1.2014733339499601,-5.43658487197774
4.95,-1.2557679972468612,-5.42071337599014
4.96,-1.309887601469763,-5.4014662173569095
4.97,-1.3637973215939994,-5.378627590208243
4.98,-1.4174601532739277,-5.351977921550053
4.99,-1.4708368800250002,-5.321294892709027
5.0,-1.523886051128108,-5.286354563229022
5.01,-1.5765639712895805,-5.246932598423126
5.0200000000000005,-1.6288247030965703,-5.202805600557436
5.03,-1.6806200833007292,-5.153752542240798
5.04,-1.7318997539413863,-5.099556299021901
5.05,-1.7826112092811672,-5.040005276458273
5.0600000000000005,-1.8326998594705517,-4.974895125033165
5.07,-1.8821091117818305,-4.904030534274171
5.08,-1.9307804701560352,-4.827227095295842
5.09,-1.9786536536877473,-4.744313218778589
5.1000000000000005,-2.025666734531607,-4.655132093145229
5.11,-2.0717562955506517,-4.55954366544901
5.12,-2.1168576078405867,-4.457426625293378
5.13,-2.1609048280565193,-4.348680370020529
5.14,-2.2038312152409976,-4.233226927494018
5.15,-2.2455693666063996,-4.111012811125125
5.16,-2.2860514714635,-3.982010780420021
5.17,-2.3252095822148,-3.846221479321613
5.18,-2.362975901049932,-3.70367492405099
5.19,-2.3992830806958194,-3.5544318120784086
5.2,-2.4340645372915,-3.3985846243255757
5.21,-2.467254773182331,-3.236258493762332
5.22,-2.498789707166747,-3.067611815242088
5.23,-2.528607009487173,-2.892836573736782
5.24,-2.556646438641483,-2.712158371082007
5.25,-2.582850176908813,-2.5258361349056795
5.26,-2.6071631613395962,-2.3341614975488185
5.2700000000000005,-2.6295334068597893,-2.137457837433867
5.28,-2.6499123180882735,-1.9360789804139398
5.29,-2.6682549864680682,-1.7304075640461216
5.3,-2.684520469369196,-1.5208530733576697
5.3100000000000005,-2.6986720479352213,-1.3078495623863453
5.32,-2.7106774606169224,-1.0918530814359642
5.33,-2.7205091095639404,-0.8733388354510476
5.34,-2.7281442373259437,-0.6527981040351025
5.3500000000000005,-2.7335650716446427,-0.4307349582751171
5.36,-2.7367589364914457,-0.20766281355972743
5.37,-2.737718327915837,0.015899139125585438
5.38,-2.736440953708934,0.2394295784723453
5.39,-2.73292973634639,0.46240872816598766
5.4,-2.7271927791456143,0.6843220150931946
5.41,-2.7192432960445263,0.9046636636246203
5.42,-2.709099505873122,1.1229401804496726
5.43,-2.696784492435533,1.3386736866472295
5.44,-2.682326032140177,1.5514050567333604
5.45,-2.6657563913008655,1.760696828244531
5.46,-2.6471120955752867,1.9661358498819905
5.47,-2.6264336743032257,2.1673356412333975
5.48,-2.6037653827506184,2.363938442463161
5.49,-2.5791549054539624,2.5556169379791753
5.5,-2.5526530439910347,2.7420756437952964
5.51,-2.524313392578056,2.923051953974674
5.5200000000000005,-2.494192004911541,3.0983168470261404
5.53,-2.462347055637533,3.267675258313883
5.54,-2.4288384997452632,3.430966129325029
5.55,-2.3937277330510325,3.5880621489339872
5.5600000000000005,-2.357077256766584,3.7388692055395456
5.57,-2.3189503489402417,3.8833255720841757
5.58,-2.2794107453249,4.021400848468171
5.59,-2.238522331970878,4.153094687736861
5.6000000000000005,-2.1963488515701624,4.278435333657436
5.61,-2.152953625297729,4.397477997939016
5.62,-2.1083992916113816,4.510303105424601
5.63,-2.0627475631892365,4.6170144351466496
5.64,-2.0160590029084484,4.717737184247122
5.65,-1.968392819504294,4.81261598048141
5.66,-1.91980668329882,4.901812867419973
5.67,-1.8703565621558944,4.98550528459868
5.68,-1.8200965776068465,5.063884062814348
5.69,-1.7690788808996074,5.137151452578282
5.7,-1.7173535485552809,5.205519201485695
5.71,-1.6649684968698937,5.269206693985389
5.72,-1.6119694146755734,5.328439164788187
5.73,-1.55839971357413,5.383445994974284
5.74,-1.5043004947760876,5.434459097781847
5.75,-1.449710531618493,5.481711399108397
5.76,-1.3946662667939196,5.525435415952792
5.7700000000000005,-1.3392018232994372,5.565861934383259
5.78,-1.2833490281062545,5.603218787144743
5.79,-1.2271374475565424,5.637729729721005
5.8,-1.1705944335118346,5.669613412543336
5.8100000000000005,-1.1137451793056758,5.699082446085225
5.82,-1.05661278459013,5.726342554794449
5.83,-0.9992183282097867,5.751591815182687
5.84,-0.9415809482864763,5.775019972907805
5.8500000000000005,-0.8837179287516307,5.796807833334545
5.86,-0.8256447916197854,5.817126719833754
5.87,-0.7673753943549556,5.836137993966839
5.88,-0.7089220317404487,5.853992631688884
5.89,-0.6502955417211779,5.8708308497798045
5.9,-0.5915054147448525,5.8867817768670365
5.91,-0.5325599061838371,5.901963163625798
5.92,-0.4734661514723365,5.916481127024728
5.93,-0.41423028364334247,5.930429923817643
5.94,-0.35485755299598365,5.9438917488589285
5.95,-0.2953524486661639,5.956936554234686
5.96,-0.2357188219112899,5.969621885648698
5.97,-0.17596001095318994,5.981992732977294
5.98,-0.11607896725174403,5.994081392406656
5.99,-0.05607838310505682,6.0059073380870505
6.0,0.004039179509996979,6.017477101778767
6.01,0.06427115893051853,6.02878415952225
6.0200000000000005,0.12461486270044199,6.039808824938712
6.03,0.18506733542929277,6.05051814935616
6.04,0.2456252256875652,6.060865829558179
6.05,0.30628465202045635,6.07079212456772
6.0600000000000005,0.36704106817891957,6.080223783504229
6.07,0.42788912769054094,6.089073987187812
6.08,0.4888225479226759,6.0972423068063755
6.09,0.5498339738266684,6.104614683607722
6.1000000000000005,0.6109148415948302,6.111063434224333
6.11,0.672055242511155,6.116447286878831
6.12,0.7332437873324068,6.120611454346578
6.13,0.7944674715980866,6.123387750160554
6.140000000000001,0.855711542335618,6.1245947551232724
6.15,0.9169593667005521,6.124038041729839
6.16,0.9781923031702148,6.121510464592417
6.17,1.0393895759924003,6.116792525374634
6.18,1.1005281536777072,6.109652821078114
6.19,1.1615826324139624,6.099848584754004
6.2,1.2225251253727873,6.087126327819878
6.21,1.28332515897036,6.071222593125166
6.22,1.3439495772352905,6.05186482770361
6.23,1.404362455524432,6.028772383755569
6.24,1.4645250249104018,6.00165765579285
6.25,1.5243956086402892,5.970227361030831
6.26,1.5839295721310187,5.934183969005417
6.2700000000000005,1.6430792880203977,5.893227285006267
6.28,1.7017941178311442,5.847056190236849
6.29,1.7600204118251348,5.795370539624874
6.3,1.8177015286236415,5.737873215908142
6.3100000000000005,1.8747778761432976,5.674272336012809
6.32,1.9311869753438977,5.604283602834271
6.33,1.986863548199983,5.527632792345993
6.34,2.0417396311908176,5.4440583625308445
6.3500000000000005,2.0957447154506,5.353314166997219
6.36,2.148805914530762,5.255172252365911
6.37,2.2008481604979178,5.149425714664374
6.38,2.2517944288240495,5.035891586126813
6.390000000000001,2.3015659922204543,4.914413720068536
6.4,2.3500827032254206,4.784865637989234
6.41,2.3972633049802394,4.647153299879945
6.42,2.4430257692230195,4.501217755986234
6.43,2.487287660099964,4.34703763614245
6.44,2.5299665219458682,4.184631431364448
6.45,2.570980288727253,4.014059521790079
6.46,2.61024771238167,3.8354259053961672
6.47,2.6476888068351765,3.6488795832882577
6.48,2.6832253040474354,3.454615559823446
6.49,2.7167811180316455,3.2528754194270912
6.5,2.748282812435977,3.043947446708585
6.51,2.777660066965817,2.8281662623401274
6.5200000000000005,2.8048461376827794,2.605911954066971
6.53,2.829778306047156,2.3776086900584588
6.54,2.852398311483949,2.1437228104372053
6.55,2.8726527622559006,1.9047604020521287
6.5600000000000005,2.8904935195249912,1.6612643711698225
6.57,2.9058780496792966,1.4138110385012457
6.58,2.918769740295016,1.1630062905913072
6.59,2.929138175491123,0.909481330802641
6.6000000000000005,2.936959366911069,0.6538880816477148
6.61,2.942215937124077,0.39689429780335045
6.62,2.9448972528671358,0.139178455539541
6.63,2.944999506234868,-0.11857551069595285
6.640000000000001,2.9425257426532165,-0.3756835503382882
6.65,2.937485835228102,-0.6314668414216399
6.66,2.9298964058247834,-0.8852570618961413
6.67,2.919780693990179,-1.1364015131548475
6.68,2.9071683755616866,-1.3842680247168162
6.69,2.8920953334958424,-1.6282495739121616
6.7,2.874603384083443,-1.8677685607172083
6.71,2.854739962281498,-2.102280685389522
6.72,2.8325577703756526,-2.3312783850166023
6.73,2.808114394581166,-2.554293794257728
6.74,2.7814718944904984,-2.7709012051523274
6.75,2.75269637047812,-2.9807190106150303
6.76,2.7218575142781978,-3.1834111258704794
6.7700000000000005,2.6890281479607103,-3.3786878913515617
6.78,2.6542837564511665,-3.566306469270625
6.79,2.6177020185752977,-3.7460707539849416
6.8,2.5793623413714677,-3.9178308232627934
6.8100000000000005,2.5393454021100417,-4.081481963502616
6.82,2.4977327021014153,-4.23696330679274
6.83,2.454606135974187,-4.384256121390966
6.84,2.410047579673596,-4.523381799756094
6.8500000000000005,2.364138499979065,-4.654399589715266
6.86,2.3169595878792903,-4.777404114767776
6.87,2.2685904176837095,-4.892522728997006
6.88,2.2191091332993502,-4.999912750694192
6.890000000000001,2.1685921626698255,-5.099758616709478
6.9,2.117113960965161,-5.192268996862336
6.91,2.064746782732579,-5.277673904591895
6.92,2.0115604828733233,-5.356221836532266
6.93,1.957622346001934,-5.428176969976718
6.94,1.9029969434737888,-5.493816443356428
6.95,1.8477460171348052,-5.553427741002497
6.96,1.791928388653739,-5.607306199669138
6.97,1.7355998931414225,-5.6557526506434215
6.98,1.6788133356408703,-5.699071207811274
6.99,1.621618468985197,-5.737567208835876
7.0,1.564061991464153,-5.771545313666281
7.01,1.5061875627118715,-5.801307761952468
7.0200000000000005,1.4480358362251036,-5.827152788609646
7.03,1.3896445069396786,-5.849373194751959
7.04,1.3310483723300643,-5.868255069498888
7.05,1.2722794055497006,-5.884076656735681
7.0600000000000005,1.2133668391953507,-5.897107359766323
7.07,1.1543372583543743,-5.907606875914543
7.08,1.09521470167706,-5.915824452483627
7.09,1.0360207693047019,-5.921998255056073
7.1000000000000005,0.9767747365759386,-5.926354838875865
7.11,0.9174936725271846,-5.9291087139856495
7.12,0.8581925622962255,-5.930461994865537
7.13,0.7988844326298739,-5.930604125517844
7.140000000000001,0.7395804797858687,-5.929711671242534
7.15,0.6802901992050232,-5.9279481687327396
7.16,0.6210215164112138,-5.925464026571815
7.17,0.5617809186735868,-5.922396468717888
7.18,0.5025735870368562,-5.918869514105893
7.19,0.443403528391469,-5.914993986069308
7.2,0.38427370731547,-5.910867545874931
7.21,0.3251861774739704,-5.90657474526617
7.22,0.2661422124101466,-5.902187093517219
7.23,0.207142435603626,-5.897763135107224
7.24,0.14818694970800206,-5.893348534726347
7.25,0.08927546490909903,-5.888976166921839
7.26,0.030407426369565293,-5.884666208279964
7.2700000000000005,-0.02841785925650026,-5.88042623061779
7.28,-0.0872010982427905,-5.8762512942268
7.29,-0.14594288514103626,-5.872124040767977
7.3,-0.20464357905815006,-5.868014785965262
7.3100000000000005,-0.26330318086034155,-5.863881612781513
7.32,-0.3219212113137803,-5.859670466288166
7.33,-0.3804965901861048,-5.855315251956852
7.34,-0.4390275163529173,-5.850737939607712
7.3500000000000005,-0.49751134897825905,-5.845848675744418
7.36,-0.5559444898678056,-5.840545907488492
7.37,-0.6143222671280288,-5.834716521793447
7.38,-0.6726388203036746,-5.828236004069762
7.390000000000001,-0.7308869872094241,-5.82096862078107
7.4,-0.7890581927192961,-5.812767630975585
7.41,-0.8471423398289358,-5.803475532089074
7.42,-0.9051277033610775,-5.792924345689872
7.43,-0.9630008267427334,-5.780935949124655
7.44,-1.0207464223435705,-5.767322459257071
7.45,-1.0783472759278745,-5.751886674659635
7.46,-1.1357841558367632,-5.73442258271162
7.47,-1.1930357275821069,-5.714715938059807
7.48,-1.2500784745979592,-5.692544918802223
7.49,-1.3068866259581513,-5.667680866543966
7.5,-1.3634320919288385,-5.639889116135306
7.51,-1.4196844082808575,-5.608929920421874
7.5200000000000005,-1.475610690337276,-5.574559474701924
7.53,-1.531175597774896,-5.536531044784223
7.54,-1.5863413112329605,-5.494596201561651
7.55,-1.641067521806129,-5.448506163851771
7.5600000000000005,-1.695311434509996,-5.39801324990088
7.57,-1.7490277868041466,-5.342872436400746
7.58,-1.802168883238011,-5.282843022129609
7.59,-1.8546846472467389,-5.217690391408949
7.6000000000000005,-1.90652269106619,-5.147187870478244
7.61,-1.957628404656304,-5.071118667651518
7.62,-2.0079450644192205,-4.989277885758786
7.63,-2.0574139623714798,-4.901474592926975
7.640000000000001,-2.10597455627776,-4.807533935260502
7.65,-2.1535646410766898,-4.707299272490942
7.66,-2.200120541727579,-4.600634315234924
7.67,-2.2455773273813886,-4.487425240192714
7.68,-2.2898690465314333,-4.367582757505613
7.69,-2.3329289825315005,-4.241044102641044
7.7,-2.374689928584254,-4.107774923664794
7.71,-2.4150844810047962,-3.967771033665313
7.72,-2.4540453492575605,-3.8210599974873225
7.73,-2.491505680954543,-3.667702521878356
7.74,-2.5273993996951276,-3.5077936187106222
7.75,-2.5616615533287557,-3.3414635121589207
7.76,-2.5942286699383064,-3.168878262625943
7.7700000000000005,-2.6250391185812747,-2.99024008282465
7.78,-2.6540334715947993,-2.805787324749416
7.79,-2.681154865076263,-2.6157941202677435
7.8,-2.7063493540001544,-2.4205696626943123
7.8100000000000005,-2.7295662583301494,-2.2204571218977875
7.82,-2.75075849643811,-2.01583219114451
7.83,-2.7698829021530393,-1.8071012698874518
7.84,-2.7869005218358587,-1.594699292930923
7.8500000000000005,-2.8017768880116574,-1.379087222693975
7.86,-2.814482266289738,-1.1607492275005118
7.87,-2.8249918725616676,-0.9401895747789112
7.88,-2.8332860577853163,-0.7179292735960896
7.890000000000001,-2.8393504580335898,-0.4945025059245056
7.9,-2.843176107903807,-0.27045289030207065
7.91,-2.8447595158396313,-0.046329624968802746
7.92,-2.844102700403183,0.17731643995211202
7.930000000000001,-2.841213187040589,0.39993675019259933
7.94,-2.8361039653993307,0.6209889635525206
7.95,-2.8287934077695382,0.8399407838063113
7.96,-2.8193051497232045,1.056273663239157
7.97,-2.8076679345047553,1.2694863274651311
7.98,-2.7939154231739014,1.4790980798147642
7.99,-2.7780859729084595,1.6846518470246505
8.0,-2.7602223862334085,1.8857169330867416
8.01,-2.740371634246725,2.081891453772963
8.02,-2.7185845571579494,2.2728044303838226
8.03,-2.6949155456390486,2.4581175275147182
8.040000000000001,-2.669422206607655,2.637526425928575
8.05,-2.642165017120477,2.8107618278124873
8.06,-2.613206970051405,2.9775900976348706
8.07,-2.5826132151677794,3.137813547379516
8.08,-2.550450699103815,3.2912703800041636
8.09,-2.516787807567696,3.4378343094652997
8.1,-2.4816940129145086,3.5774138795020507
8.11,-2.445239529977655,3.7099515065374797
8.120000000000001,-2.407494982783759,3.8354222745149076
8.13,-2.368531084487357,3.9538325112407735
8.14,-2.3284183325589436,4.065218176873807
8.15,-2.2872267209498807,4.169643095619223
8.16,-2.245025470646559,4.267197061506346
8.17,-2.201882779719754,4.357993848409258
8.18,-2.157865593678374,4.442169153281192
8.19,-2.1130393966541305,4.519878499987497
8.2,-2.0674680236786247,4.591295129214152
8.21,-2.0212134940698476,4.6566078977735375
8.22,-1.974335865723154,4.716019208298271
8.23,-1.9268931099038822,4.769742987874948
8.24,-1.8789410059656548,4.818002731684261
8.25,-1.8305330552701968,4.8610296252372756
8.26,-1.7817204134609095,4.899060756377285
8.27,-1.7325518401426512,4.932337425892773
8.28,-1.683073664943054,4.961103563392101
8.290000000000001,-1.6333297688748092,4.985604253049641
8.3,-1.583361579882061,5.006084371964551
8.31,-1.5332080814355182,5.022787342188893
8.32,-1.4829058330382834,5.035953995987611
8.33,-1.432489001515766,5.045821552590077
8.34,-1.3819894019864818,5.052622703578548
8.35,-1.331436547444195,5.056584803126294
8.36,-1.2808577059239556,5.057929158538306
8.370000000000001,-1.2302779642734287,5.056870415948822
8.38,-1.1797202976049792,5.053616035579821
8.39,-1.1292056435618325,5.048365850649208
8.4,-1.0787529805919953,5.041311703822682
8.41,-1.0283794094853789,5.032637155014806
8.42,-0.9781002374916992,5.022517254348827
8.43,-0.9279290643984024,5.011118374167757
8.44,-0.877877870008344,4.998598094138542
8.45,-0.8279571025156316,4.985105133695038
8.46,-0.7781757673344434,4.970779326313084
8.47,-0.72854151598937,4.955751630392556
8.48,-0.6790607347265923,4.940144171828127
8.49,-0.6297386325528075,4.924070313674906
8.5,-0.5805793284530941,4.907634748650542
8.51,-0.5315859375797966,4.89093361055608
8.52,-0.4827606562419725,4.874054601039101
8.53,-0.4341048455590145,4.857077128460515
8.540000000000001,-0.3856191136727622,4.840072455957657
8.55,-0.3373033964398614,4.823103856118595
8.56,-0.2891570365503903,4.806226769993938
8.57,-0.24117886103998268,4.789488968471499
8.58,-0.19336725718096037,4.772930714325255
8.59,-0.14572024675347758,4.756584923522386
8.6,-0.09823555871051264,4.740477324630854
8.61,-0.050910700260860496,4.72462661541491
8.620000000000001,-0.003743026402214437,4.709044615937514
8.63,0.043270192057889775,4.693736417707292
8.64,0.0901317019519314,4.678700528613953
8.65,0.13684420263016883,4.663929013590631
8.66,0.18341028222374403,4.649407631125138
8.67,0.2298323552526716,4.63511596591516
8.68,0.2761126015420472,4.6210275581257525
8.69,0.3222529064151866,4.607110029861548
8.700000000000001,0.3682548021392782,4.593325209611434
8.71,0.4141194106074153,4.579629255560423
8.72,0.45984738725048663,4.565972778792313
8.73,0.5054388661832615,4.552300967527585
8.74,0.5508934066010384,4.538553713653834
8.75,0.5962099404563383,4.524665742910587
8.76,0.6413867214592501,4.510566750186327
8.77,0.6864212754600648,4.496181541472296
8.78,0.731310352288696,4.481430184094427
8.790000000000001,0.7760498791419533,4.466228166910667
8.8,0.8206349156269094,4.450486572214789
8.81,0.8650596105862491,4.434112261128287
8.82,0.9093171608494751,4.417008074287544
8.83,0.953399772072,4.399073049642584
8.84,0.9972986218423268,4.380202659174435
8.85,1.0410038252554885,4.360289066308631
8.86,1.0845044031684992,4.339221405750548
8.870000000000001,1.1277882533704993,4.316886087392076
8.88,1.1708421249163403,4.29316712583649
8.89,1.213651595887229,4.267946496957181
8.9,1.256201054855484,4.241104522744288
8.91,1.2984736863421147,4.212520285499329
8.92,1.3404514605654705,4.182072072210236
8.93,1.3821151277863193,4.149637849676357
8.94,1.4234442175589974,4.115095770654317
8.950000000000001,1.4644170431994055,4.078324710960628
8.96,1.50501071177821,4.039204837095944
8.97,1.5452011399413244,3.997618203549679
8.98,1.5849630758492035,3.9534493785040583
8.99,1.6242701275114053,3.9065860961860217
9.0,1.6630947977729238,3.8569199336171747
9.01,1.7014085261837486,3.8043470089906104
9.02,1.739181737952736,3.7487686983643242
9.03,1.776383900151035,3.690092366810623
9.040000000000001,1.8129835852889482,3.628232109606956
9.05,1.8489485423431742,3.5631094985045664
9.06,1.8842457752590396,3.494654327576845
9.07,1.9188416288947112,3.422805352639721
9.08,1.952701882311834,3.3475110177630394
9.09,1.985791849249972,3.268730161966427
9.1,2.018076485551163,3.186432698827745
9.11,2.0495205032265273,3.1006002614391064
9.120000000000001,2.080088490779945,3.011226804936609
9.13,2.1097450393252593,2.9183191587169417
9.14,2.138454873954284,2.8218975204475076
9.15,2.1661829897342098,2.7219958840861245
9.16,2.1928947916360064,2.618662394359544
9.17,2.2185562376214003,2.511959620512905
9.18,2.2431339840462643,2.401964742638364
9.19,2.2665955324741676,2.288769644521586
9.200000000000001,2.2889093769366964,2.172480907707604
9.21,2.3100451506283197,2.0532197023778984
9.22,2.329973770984254,1.9311215716402679
9.23,2.348667582061125,1.8063361069508157
9.24,2.3661004931232705,1.679026513598723
9.25,2.3822481123330994,1.549369066471857
9.26,2.3970878744527075,1.4175524576645153
9.27,2.4105991614863895,1.283777038865116
9.28,2.4227634152300097,1.148253962846952
9.290000000000001,2.4335642407433284,1.0112042297534312
9.3,2.4429874998250782,0.872857645194002
9.31,2.4510213936472085,0.7334516984216743
9.32,2.4576565337935117,0.5932303700218248
9.33,2.462886001047645,0.4524428795803675
9.34,2.466705391385119,0.3113423846950129
9.35,2.4691128487415455,0.17018464342663028
9.36,2.470109084253652,0.02922665284241882
9.370000000000001,2.469697381798394,-0.11127472333374655
9.38,2.467883589786977,-0.25106412478399287
9.39,2.4646760993027144,-0.3898890492308703
9.4,2.4600858088023596,-0.5275011787428576
9.41,2.454126075727857,-0.6636576652475932
9.42,2.446812655497408,-0.7981223634136438
9.43,2.4381636284595842,-0.9306669998587623
9.44,2.4281993155002324,-1.0610722685951297
9.450000000000001,2.4169421830876816,-1.1891288437093332
9.46,2.404416738626046,-1.314638301473579
9.47,2.39064941705821,-1.4374139453698218
9.48,2.3756684597186495,-1.5572815288539341
9.49,2.359503786481131,-1.6740798720661128
9.5,2.3421868622773268,-1.7876613700801354
9.51,2.323750559079528,-1.8978923916524697
9.52,2.304229014444277,-2.004653568758785
9.53,2.2836574877043523,-2.1078399784684074
9.540000000000001,2.262072214874909,-2.207361219887456
9.55,2.239510263306603,-2.303141389982447
9.56,2.2160093870752595,-2.3951189630647116
9.57,2.1916078840453084,-2.483246579561972
9.58,2.16634445548402,-2.567490750419918
9.59,2.1402580690369097,-2.6478314840599246
9.6,2.113387825802821,-2.72426184326835
9.61,2.0857728321715427,-2.7967874397102137
9.620000000000001,2.057452077008617,-2.8654258739499556
9.63,2.0284643146925436,-2.9302061289311205
9.64,1.9988479544299946,-2.9911679248236807
9.65,1.96864095619607,-3.0483610430022456
9.66,1.93788073356995,-3.10184462668165
9.67,1.906604063662437,-3.151686465420098
9.68,1.8748470042615477,-3.1979622703163217
9.69,1.8426448182561106,-3.2407549462882956
9.700000000000001,1.8100319053357818,-3.2801538673389334
9.71,1.777041740909332,-3.3162541602004927
9.72,1.743706822131772,-3.349156001214989
9.73,1.7100586208850321,-3.3789639307629624
9.74,1.6761275435165128,-3.405786189006617
9.75,1.6419428971048997,-3.429734076173865
9.76,1.6075328619930354,-3.4509213400843173
9.77,1.5729244703032135,-3.4694635931128417
9.78,1.5381435901307787,-3.4854777603059537
9.790000000000001,1.5032149150970946,-3.499081559915068
9.8,1.4681619589324775,-3.5103930171914812
9.81,1.433007054753265,-3.5195300119030555
9.82,1.3977713586944163,-3.5266098596831994
9.83,1.3624748575596008,-3.531748927009478
9.84,1.3271363801542269,-3.5350622793319353
9.85,1.2917736119729624,-3.5366633616293472
9.86,1.25640311292164,-3.536663710464015
9.870000000000001,1.221040337763682,-3.5351726964308967
9.88,1.1856996589930222,-3.532297295753031
9.89,1.1503943918486215,-3.528141889660349
9.9,1.1151368211998152,-3.52280809010088
9.91,1.0799382300466038,-3.5163945902698046
9.92,1.044808929394419,-3.5089970384004423
9.93,1.009758289278595,-3.5007079332397733
9.94,0.9747947707296235,-3.4916165396272167
9.950000000000001,0.9399259584860507,-3.4818088226069084
9.96,0.9051585942774852,-3.4713673985285243
9.97,0.87049861051548,-3.46037150162781
9.98,0.835951164244929,-3.4488969646235255
9.99,0.8015206712230095,-3.4370162119207857
10.0,0.7672108400065133,-3.424798264070187
10.01,0.7330247059416058,-3.412308752196261
10.02,0.6989646649625881,-3.399609941176359
10.03,0.6650325071180786,-3.386760760420969
10.040000000000001,0.6312294497541686,-3.3738168411776606
10.05,0.5975561702945253,-3.3608305593524834
10.06,0.564012838567119,-3.347851082914007
10.07,0.5305991486362452,-3.3349244230156
10.08,0.497314350106807,-3.32209348804054
10.09,0.46415727887543445,-3.3093981398416785
10.1,0.43112638730997344,-3.2968752515123083
10.11,0.39821977384518825,-3.2845587660873994
10.120000000000001,0.36543521198822543,-3.2724797556342216
10.13,0.3327701787325038,-3.2606664802485152
10.14,0.30022188238325515,-3.2491444465266954
10.15,0.2677872898019699,-3.237936465136074
10.16,0.23546315308053367,-3.227062707153792
10.17,0.20324603565889407,-3.216540758891121
10.18,0.17113233790271123,-3.206385674963096
10.19,0.13911832215963213,-3.19661002940422
10.200000000000001,0.10720013731462681,-3.1872239646693155
10.21,0.07537384286624582,-3.1782352383946897
10.22,0.04363543254673302,-3.169649267828729
10.23,0.011980857509671242,-3.1614691718730263
10.24,-0.01959395089072751,-3.1536958107053485
10.25,-0.051093058704435736,-3.1463278229843055
10.26,-0.08252050735041364,-3.1393616606626744
10.27,-0.11388029191768924,-3.1327916214621094
10.28,-0.14517633977965583,-3.126609879086589
10.290000000000001,-0.176412489499421,-3.1208065112755694
10.3,-0.2075924700051672,-3.1153695258205483
10.31,-0.23871988001583197,-3.1102848846907523
10.32,-0.26979816769898224,-3.105536526435033
10.33,-0.30083061054453264,-3.1011063870479143
10.34,-0.3318202954399405,-3.0969744195081628
10.35,-0.36277009893469586,-3.093118612218334
10.36,-0.39368266768430715,-3.089515006593509
10.370000000000001,-0.424560399066566,-3.086137714066989
10.38,-0.45540542196564693,-3.0829589327999867
10.39,-0.48621957772256574,-3.0799489644014426
10.4,-0.5170044012536759,-3.0770762309829127
10.41,-0.5477611023422241,-3.0743072928920143
10.42,-0.5784905471115162,-3.071606867486121
10.43,-0.6091932396919465,-3.068937849325753
10.44,-0.6398693040980311,-3.0662613321843306
10.450000000000001,-0.670518466335633,-3.0635366332875056
10.46,-0.7011400367637812,-3.06072132021095
10.47,-0.731732892739852,-3.057771240880166
10.48,-0.7622954615813845,-3.0546405571292543
10.49,-0.792825703882437,-3.051281782287479
10.5,-0.823321097227134,-3.047645823272579
10.51,-0.8537786203478885,-3.0436820276778125
10.52,-0.8841947377806901,-3.0393382363453454
10.53,-0.9145653850747953,-3.0345608419214667
10.540000000000001,-0.9448859546191194,-3.0292948538888425
10.55,-0.9751512821525721,-3.0234839705672294
10.56,-1.005355634030464,-3.017070658566329
10.57,-1.0354926953238988,-3.0099962401623674
10.58,-1.0655555588337113,-3.002200989053081
10.59,-1.0955367151049604,-2.993624234923665
10.6,-1.1254280435321846,-2.984204477228449
10.61,-1.1552208046495294,-2.9738795085591914
10.620000000000001,-1.1849056337033685,-2.9625865479305453
10.63,-1.2144725356081403,-2.9502623842660562
10.64,-1.2439108813886897,-2.9368435303136957
10.65,-1.2732094062144141,-2.9222663871581327
10.66,-1.3023562091318523,-2.9064674194274787
10.67,-1.3313387546029638,-2.889383341214996
10.68,-1.3601438759561524,-2.87095131265115
10.69,-1.388757780855987,-2.8511091469685113
10.700000000000001,-1.4171660588955226,-2.829795527801494
10.71,-1.4453536914120169,-2.8069502363551035
10.72,-1.4733050636226248,-2.782514387962135
10.73,-1.5010039791712597,-2.756430677427254
10.74,-1.52843367717117,-2.7286436324298307
10.75,-1.5555768518198565,-2.699099874126184
10.76,-1.5824156746536937,-2.667748383957157
10.77,-1.6089318194989997,-2.6345407755299344
10.78,-1.6351064901642924,-2.5994315703051494
10.790000000000001,-1.6609204509051025,-2.562378475683295
10.8,-1.6863540596779585,-2.523342663949954
10.81,-1.711387304184102,-2.482289050409403
10.82,-1.7359998406861468,-2.4391865689127257
10.83,-1.7601710355623565,-2.3940084428719497
10.84,-1.7838800095435856,-2.3467324497480706
10.85,-1.807105684557318,-2.297341176910541
10.86,-1.8298268330817966,-2.2458222666911687
10.870000000000001,-1.8520221298911412,-2.192168648398679
10.88,-1.87367020604977,-2.1363787550237228
10.89,-1.8947497049916158,-2.078456722349881
10.9,-1.9152393404967678,-2.0184125681962306
10.91,-1.9351179563555405,-1.9562623495529397
10.92,-1.9543645874878268,-1.8920282954345706
10.93,-1.972958522264232,-1.825738913367399
10.94,-1.9908793657551747,-1.757429067547752
10.950000000000001,-2.008107103615187,-1.6871400268584384
10.96,-2.024622166292344,-1.6149194811095589
10.97,-2.0404054932373787,-1.5408215240776604
10.98,-2.055438596773897,-1.4649066021521087
10.99,-2.069703625280421,-1.3872414276579352
11.0,-2.083183425327056,-1.3078988562079985
11.01,-2.0958616024045806,-1.2269577277412471
11.02,-2.1077225798818806,-1.1445026712249002
11.03,-2.1187516558290787,-1.0606238733326738
11.040000000000001,-2.128935057348534,-0.9754168117546258
11.05,-2.138259992064171,-0.8889819541422233
11.06,-2.146714696431378,-0.8014244240400747
11.07,-2.154288480544972,-0.7128536354984302
11.08,-2.1609717691413466,-0.6233828983929661
11.09,-2.1667561385128318,-0.5331289967954845
11.1,-2.171634349077257,-0.4422117430360038
11.11,-2.1756003733735523,-0.3507535103685861
11.120000000000001,-2.178649419284629,-0.2588787473957013
11.13,-2.180777948321466,-0.16671347761498365
11.14,-2.181983688836928,-0.07438478762439314
11.15,-2.182265644073954,0.017979692345853518
11.16,-2.181624094990011,0.11025231181592485
11.17,-2.1800605978376355,0.20230592354824412
11.18,-2.1775779765190464,0.29401440334096673
11.19,-2.174180309770816,0.38525316235762785
11.200000000000001,-2.1698729132718935,0.47589964831344206
11.21,-2.164662316804547,0.5658338319669303
11.22,-2.158556236632555,0.6549386755338441
11.23,-2.15156354329387,0.743100579845912
11.24,-2.1436942250356363,0.8302098073163243
11.25,-2.134959347147543,0.91616087804315
11.26,-2.1253710074747727,1.0008529366766714
11.27,-2.114942288414009,1.0841900879922235
11.28,-2.103687205714928,1.1660816994416079
11.290000000000001,-2.091620654425177,1.2464426692984543
11.3,-2.078758352328959,1.3251936593609546
11.31,-2.0651167812379576,1.4022612915241979
11.32,-2.050713126498475,1.4775783078790625
11.33,-2.0355652150803767,1.5510836943307236
11.34,-2.019691452611861,1.6227227680530687
11.35,-2.0031107597193154,1.692447229401876
11.36,-1.9858425080238233,1.7602151791961165
11.370000000000001,-1.9679064561353932,1.825991102540327
11.38,-1.9493226859730166,1.8897458205993092
11.39,-1.9301115397234068,1.951456411947618
11.4,-1.910293557734064,2.011106105299136
11.41,-1.889889417617424,2.0686841455757077
11.42,-1.86891987482255,2.1241856353980952
11.43,-1.847405704909462,2.1776113541776057
11.44,-1.825367647738998,2.228967557053283
11.450000000000001,-1.8028263537683964,2.278265755958608
11.46,-1.7798023326198258,2.3255224851145457
11.47,-1.7563159040661056,2.3707590532342366
11.48,-1.7323871515551412,2.414001284690493
11.49,-1.708035878372296,2.455279251842675
11.5,-1.6832815665182879,2.4946270006466507
11.51,-1.6581433383593631,2.532082271582697
11.52,-1.632639921086634,2.5676862178337467
11.53,-1.6067896140026883,2.601483122532554
11.540000000000001,-1.5806102586359831,2.633520116773541
11.55,-1.5541192116672176,2.663846899955363
11.56,-1.527333320636876,2.6925154638857833
11.57,-1.500268902389502,2.719579821943165
11.58,-1.4729417241980125,2.7450957444506097
11.59,-1.4453669875004895,2.7691205012811166
11.6,-1.4175593141723901,2.7917126125766045
11.61,-1.3895327352489575,2.812931608331483
11.620000000000001,-1.3613006820057603,2.8328377974638386
11.63,-1.3328759792996805,2.8514920468751304
11.64,-1.3042708410682575,2.8689555708833416
11.65,-1.2754968678820136,2.8852897313054475
11.66,-1.2465650464421487,2.9005558483632434
11.67,-1.217485750914749,2.9148150224924034
11.68,-1.188268745992301,2.928127967048258
11.69,-1.1589231915737839,2.940554851823269
11.700000000000001,-1.1294576489558354,2.9521551572205267
11.71,-1.0998800884293731,2.9629875388646503
11.72,-1.0701978981785423,2.9731097023760635
11.73,-1.040417894381852,2.9825782879864575
11.74,-1.0105463324188133,2.991448764632045
11.75,-0.9805889190892112,2.9997753331265833
11.76,-0.9505508257562817,3.007610837987717
11.77,-0.9204367023294568,3.015006687467545
11.78,-0.8902506920069307,3.0220127813210436
11.790000000000001,-0.8599964467030359,3.028677445833631
11.8,-0.8296771430902581,3.035047375621323
11.81,-0.7992954991906095,3.041167581713178
11.82,-0.7688537914559945,3.047081345425659
11.83,-0.7383538722820963,3.0528301775417623
11.84,-0.7077971879051592,3.058453782313881
11.85,-0.6771847966358185,3.063990025818075
11.86,-0.6465173873887977,3.0694749081983503
11.870000000000001,-0.6157952984718515,3.0749425393524152
11.88,-0.5850185366017494,3.0804251176249133
11.89,-0.5541867961193533,3.0859529110900876
11.9,-0.5232994783799476,3.0915542410229717
11.91,-0.4923557112988939,3.0972554671763466
11.92,-0.46135436903642074,3.1030809744996986
11.93,-0.43029409180889994,3.1090531609560808
11.94,-0.3991733058172991,3.1151924261130532
11.950000000000001,-0.3679902432866388,3.1215171602046157
11.96,-0.33674296261320674,3.128043733382216
11.97,-0.30542936861899445,3.1347864848944536
11.98,-0.27404723291531763,3.1417577119569606
11.99,-0.2425942143798552,3.148967658096165
12.0,-0.2110678797533943,3.156424500773162
12.01,-0.17946572436439195,3.164134338116832
12.02,-0.14778519299105766,3.1721011746186414
12.030000000000001,-0.11602370087201913,3.1803269056652907
12.040000000000001,-0.08417865487775185,3.188811300809644
12.05,-0.052247474855826245,3.1975519857051786
12.06,-0.020227615163648276,3.2065444226546798
12.07,0.011883413597267349,3.2157818897501227
12.08,0.04408802263135419,3.2252554586077133
12.09,0.07638852276942162,3.2349539707300172
12.1,0.10878710204595453,3.244864012556062
12.11,0.1412858030205429,3.2549698892903502
12.120000000000001,0.17388649983176155,3.265253597632934
12.13,0.20659087497320155,3.2756947975652007
12.14,0.23940039578306554,3.2862707833797913
12.15,0.2723162906407974,3.2969564541782783
12.16,0.30533952486663113,3.3077242840967904
12.17,0.3384707763227332,3.3185442925578217
12.18,0.3717104107177876,3.3293840148859064
12.19,0.40505845662045137,3.340208473665724
12.200000000000001,0.43851458019110207,3.3509801512633994
12.21,0.47207805964571936,3.361658963975249
12.22,0.505747759470607,3.3722022383128136
12.23,0.5395221044119756,3.3825646899785613
12.24,0.5733990532701783,3.392698406132918
12.25,0.607376072534634,3.4025528315999938
12.26,0.6414501099021781,3.4120747597061993
12.27,0.6756175677287579,3.421208328492491
12.280000000000001,0.7098742764720278,3.4298950230867566
12.290000000000001,0.744215468190493,3.438073685067355
12.3,0.7786357501733749,3.4456805296914044
12.31,0.8131290787843211,3.452649171901408
12.32,0.8476887336114032,3.4589106620604206
12.33,0.8823072920255296,3.464393532398367
12.34,0.9169766042593706,3.4690238551793486
12.35,0.9516877691291166,3.472725313620864
12.36,0.9864311105317878,3.47541928660965
12.370000000000001,1.0211961548613095,3.4770249482642486
12.38,1.0559716094970728,3.477459383390139
12.39,1.0907453425291125,3.476637719858079
12.4,1.1255043638942346,3.4744732789089197
12.41,1.160234808107291,3.4708777443471575
12.42,1.194921918781178,3.4657613515296797
12.43,1.2295500351378847,3.459033096984099
12.44,1.26410258072086,3.4506009694016346
12.450000000000001,1.2985620545259176,3.4403722026414285
12.46,1.3329100247736887,3.4282535512555143
12.47,1.3671271255510278,3.414151588895447
12.48,1.4011930565515975,3.3979730297922237
12.49,1.4350865861468725,3.379625073310111
12.5,1.4687855580178,3.359015771362234
12.51,1.5022669015741172,3.3360544182414595
12.52,1.5355066463826292,3.3106519621648265
12.530000000000001,1.5684799408174137,3.2827214375545575
12.540000000000001,1.6011610751337202,3.252178416785029
12.55,1.6335235091531142,3.2189414798150193
12.56,1.6655399047300208,3.1829326998006224
12.57,1.6971821631491268,3.1440781424495876
12.58,1.7284214675790126,3.102308376536219
12.59,1.7592283306798513,3.057558992651645
12.6,1.7895726474320457,3.0097711269221414
12.61,1.8194237532182942,2.9588919860936653
12.620000000000001,1.8487504871539189,2.9048753700597474
12.63,1.877521260619489,2.847682187608737
12.64,1.9057041309060936,2.7872809608917652
12.65,1.9332668798373243,2.723648313871619
12.66,1.9601770971835257,2.6567694398119834
12.67,1.9864022686335638,2.5866385427132275
12.68,2.0119098680377903,2.5132592475018276
12.69,2.0366674535836,2.4366449737420353
12.700000000000001,2.0606427675126304,2.356819267666356
12.71,2.083803838936927,2.273816087420871
12.72,2.106119089261048,2.1876800365965208
12.73,2.1275574396688577,2.098466541371186
12.74,2.148088420088472,2.0062419669214093
12.75,2.1676822790072863,1.911083669177122
12.76,2.1863100934720148,1.8130799784863552
12.77,2.203943878577013,1.7123301123266104
12.780000000000001,2.2205566957185465,1.6089440148404197
12.790000000000001,2.2361227588738215,1.5030421216781167
12.8,2.250617538152109,1.394755049392593
12.81,2.2640178598616734,1.2842232094388686
12.82,2.2763020023408864,1.1715963476741633
12.83,2.2874497868151566,1.0570330111190356
12.84,2.297442662563267,0.9406999446131423
12.85,2.3062637857074195,0.8227714208656152
12.86,2.313898090980579,0.7034285082447783
12.870000000000001,2.320332355872315,0.5828582814596729
12.88,2.3255552566097726,0.461252981041568
12.89,2.3295574154931464,0.3388091282229172
12.9,2.332331439174231,0.21572660242063885
12.91,2.333871947541559,0.09220768904808783
12.92,2.3341755929551926,-0.031543894204744904
12.93,2.333241069657464,-0.1553239841788627
12.94,2.3310691132716155,-0.2789289635103637
12.950000000000001,2.3276624903872567,-0.4021567476530967
12.96,2.3230259783185536,-0.52480775901764
12.97,2.317166335206904,-0.6466858797611565
12.98,2.31009226072333,-0.7675993750569396
12.99,2.301814347705765,-0.8873617790781808
13.0,2.292345025141766,-1.0057927364394406
13.01,2.2816984929769757,-1.1227187924412598
13.02,2.269890649292941,-1.2379741261463881
13.030000000000001,2.256939010454048,-1.3514012210669122
13.040000000000001,2.2428626248716026,-1.4628514690458092
13.05,2.2276819810731316,-1.5721857037591196
13.06,2.21141891079642,-1.6792746611307439
13.07,2.1940964878505165,-1.7839993648256385
13.08,2.175738923499907,-1.8862514358541498
13.09,2.1563714591334335,-1.9859333261664
13.1,2.1360202569765794,-2.0829584769280896
13.11,2.114712289594872,-2.1772514029361694
13.120000000000001,2.092475228917856,-2.2687477053444183
13.13,2.0693373354879836,-2.3573940155165145
13.14,2.045327348607526,-2.4431478734009553
13.15,2.0204743780199643,-2.5259775443231067
13.16,1.9948077977210634,-2.605861778511526
13.17,1.968357142449734,-2.6827895180169032
13.18,1.9411520073607254,-2.7567595559425992
13.19,1.913221951330882,-2.8277801530873146
13.200000000000001,1.8845964042989791,-2.8958686172058035
13.21,1.8553045789867657,-2.9610508501267376
13.22,1.8253753872964442,-3.0233608679328388
13.23,1.7948373616281088,-3.0828402993129878
13.24,1.7637185813101843,-3.13953786704554
13.25,1.7320466042871978,-3.193508857373287
13.26,1.6998484041627184,-3.244814581790354
13.27,1.6671503126513907,-3.2935218354868776
13.280000000000001,1.6339779674529809,-3.339702356395449
13.290000000000001,1.6003562655234818,-3.383432288460821
13.3,1.5663093216837645,-3.424791652417578
13.31,1.5318604324751302,-3.4638638270154005
13.32,1.4970320451434564,-3.500735043283641
13.33,1.4618457316094575,-3.53549389408116
13.34,1.4263221672618334,-3.568230860838116
13.35,1.3904811143926952,-3.5990378590674403
13.36,1.3543414100804847,-3.6280078039083197
13.370000000000001,1.3179209583145288,-3.6552341966647526
13.38,1.2812367261471895,-3.6808107330212563
13.39,1.2443047436541035,-3.704830933356672
13.4,1.2071401074800558,-3.7273877953368277
13.41,1.1697569877473668,-3.7485734687482406
13.42,1.132168638105091,-3.7684789523383575
13.43,1.0943874087005996,-3.7871938122529762
13.44,1.0564247618600313,-3.8048059215080845
13.450000000000001,1.0182912902704377,-3.82140121980081
13.46,0.979996737464015,-3.837063492851668
13.47,0.9415500204134044,-3.851874170376863
13.48,0.9029592540564778,-3.86591214171394
13.49,0.8642317775791256,-3.879253588065445
13.5,0.8253741822951689,-3.8919718302821846
13.51,0.786392340973482,-3.9041371910789415
13.52,0.7472914384735901,-3.9158168705598815
13.530000000000001,0.7080760035622843,-3.9270748339271133
13.540000000000001,0.6687499417950478,-3.9379717102528082
13.55,0.6293165693572281,-3.9485647012118084
13.56,0.5897786477708117,-3.9589074986967083
13.57,0.550138419383294,-3.969050210270013
13.58,0.5103976435654115,-3.9790392914472843
13.59,0.4705576335543484,-3.988917483850365
13.6,0.4306192938884042,-3.998723758320139
13.61,0.3905831583879456,-4.008493262133206
13.620000000000001,0.3504494286457401,-4.01825726952582
13.63,0.31021801299742924,-4.028043134790983
13.64,0.26988856594992044,-4.037874247280426
13.65,0.22946052805182074,-4.047769987711918
13.66,0.18893316619568207,-4.057745685253941
13.67,0.1483056143467419,-4.067812574933865
13.68,0.10757691469700476,-4.0779777549924745
13.69,0.06674605924689239,-4.088244143886921
13.700000000000001,0.02581203181926635,-4.098610436725884
13.71,-0.015226149487625283,-4.109071061005094
13.72,-0.056369389400835516,-4.1196161315983115
13.73,-0.09761847211959152,-4.13023140504865
13.74,-0.13897401750180852,-4.14089823329766
13.75,-0.18043643678554472,-4.151593517085181
13.76,-0.22200588784351213,-4.162289659351459
13.77,-0.26368222997257396,-4.172954519074668
13.780000000000001,-0.30546497822500557,-4.183551366081591
13.790000000000001,-0.3473532572942058,-4.194038837476886
13.8,-0.3893457549745433,-4.204370896446867
13.81,-0.43144067522314317,-4.214496794306877
13.82,-0.47363569086068086,-4.2243610367767985
13.83,-0.5159278959586792,-4.233903355586607
13.84,-0.558313757972413,-4.243058686632488
13.85,-0.6007890696913288,-4.251757156023251
13.86,-0.6433489010928779,-4.259924075475581
13.870000000000001,-0.6859875512008404,-4.267479948634078
13.88,-0.7286985000655595,-4.274340490006619
13.89,-0.7714743610009729,-4.280416658315958
13.9,-0.8143068332318787,-4.285614706172753
13.91,-0.8571866551244279,-4.289836248071497
13.92,-0.9001035581933087,-4.292978348796848
13.93,-0.9430462221003649,-4.294933634401065
13.94,-0.98600223088133,-4.295590427971025
13.950000000000001,-1.0289580306597854,-4.29483291244252
13.96,-1.0718988891301804,-4.292541322737157
13.97,-1.1148088571145285,-4.288592169489667
13.98,-1.1576707325199738,-4.282858496597396
13.99,-1.2004660270464764,-4.275210174755374
14.0,-1.2431749360150812,-4.265514233036098
14.01,-1.2857763117071983,-4.253635230429173
14.02,-1.3282476406236645,-4.239435669068805
14.030000000000001,-1.3705650250885744,-4.222776450643312
14.040000000000001,-1.4127031696365306,-4.203517377197332
14.05,-1.454635372632521,-4.18151769720163
14.06,-1.4963335235805633,-4.156636697375204
14.07,-1.537768106580025,-4.1287343402985455
14.08,-1.5789082103865342,-4.097671947354889
14.09,-1.6197215455271228,-4.063312925978645
14.1,-1.6601744689061069,-4.025523539578829
14.11,-1.7002320163186992,-3.984173717843125
14.120000000000001,-1.7398579432629695,-3.939137904419972
14.13,-1.7790147744070988,-3.890295938227902
14.14,-1.8176638620275274,-3.8375339638611123
14.15,-1.8557654536843207,-3.780745365757705
14.16,-1.8932787693426814,-3.7198317199835578
14.17,-1.9301620880839918,-3.654703756673621
14.18,-1.966372844476154,-3.585282325378505
14.19,-2.001867734591562,-3.5114993548039286
14.200000000000001,-2.0366028315722327,-3.4332987977217244
14.21,-2.070533710545997,-3.350637551192378
14.22,-2.1036155825960803,-3.263486341690029
14.23,-2.1358034373797974,-3.171830564281116
14.24,-2.1670521938817027,-3.075671064696846
14.25,-2.1973168586737346,-2.975024852976056
14.26,-2.226552690941224,-2.86992573735593
14.27,-2.2547153734208534,-2.760424867268634
14.280000000000001,-2.281761188286597,-2.646591174674631
14.290000000000001,-2.3076471969143464,-2.5285117035373905
14.3,-2.332331422357345,-2.40629181802455
14.31,-2.3557730332748372,-2.2800552810081545
14.32,-2.377932527977508,-2.1499441956271848
14.33,-2.3987719171873807,-2.016118804059939
14.34,-2.4182549040587067,-1.878757139217214
14.35,-2.4363470599717254,-1.7380545267896055
14.36,-2.453015994594499,-1.5942229369383252
14.370000000000001,-2.4682315187104917,-1.447490186878569
14.38,-2.4819657983320704,-1.2980989976332533
14.39,-2.494193498663157,-1.1463059102948179
14.4,-2.504891916537967,-0.9923800691830964
14.41,-2.514041100046819,-0.8366018812856231
14.42,-2.5216239541636796,-0.6792615632703596
14.43,-2.5276263313122262,-0.5206575891275926
14.44,-2.532037105946231,-0.36109505308757034
14.450000000000001,-2.5348482323739776,-0.20088396383643944
14.46,-2.53605478522296,-0.04033748718272531
14.47,-2.535654982117632,0.12022984481708651
14.48,-2.5336501883266185,0.2805039397030811
14.49,-2.5300449033235703,0.4401729466013464
14.5,-2.524846729394591,0.5989290355927186
14.51,-2.5180663226117157,0.7564701360674699
14.52,-2.5097173266732415,0.9125016163483243
14.530000000000001,-2.4998162902847496,1.0667378878270524
14.540000000000001,-2.4883825689167005,1.2189039180867056
14.55,-2.4754382119230147,1.3687366389430868
14.56,-2.4610078361378385,1.5159862370010535
14.57,-2.4451184871829934,1.6604173161454856
14.58,-2.4277994898149284,1.8018099233322091
14.59,-2.409082288716349,1.939960431068329
14.6,-2.389000281193562,2.0746822720314824
14.61,-2.36758864327572,2.2058065233316126
14.620000000000001,-2.34488415072693,2.333182339927132
14.63,-2.3209249964771774,2.4566772386330245
14.64,-2.29575060595427,2.576177235968572
14.65,-2.269401451757806,2.6915868447586155
14.66,-2.2419188690590977,2.802828935901165
14.67,-2.213344873039783,2.909844473027711
14.68,-2.1837219795985434,3.0125921288980244
14.69,-2.1530930304618225,3.11104779328124
14.700000000000001,-2.1215010237329186,3.2052039827773013
14.71,-2.088988950806277,3.2950691635298934
14.72,-2.0555996404623214,3.3806669980804718
14.73,-2.0213756108446677,3.4620355277234056
14.74,-1.9863589299078532,3.5392263016580388
14.75,-1.950591084811507,3.6123034640106515
14.76,-1.9141128606276403,3.681342809435677
14.77,-1.8769642286227934,3.74643081752004
14.780000000000001,-1.8391842442772395,3.8076636756267757
14.790000000000001,-1.800810955110258,3.865146299143819
14.8,-1.7618813182943631,3.918991357370236
14.81,-1.7224311279628532,3.9693183124937566
14.82,-1.682494952044488,4.016252478307434
14.83,-1.6421060783967045,4.059924104495653
14.84,-1.601296469954575,4.1004674915046895
14.85,-1.5600967285666107,4.138020140213332
14.86,-1.5185360671503083,4.172721939845379
14.870000000000001,-1.4766422897697034,4.204714396827305
14.88,-1.4344417792137625,4.234139906598147
14.89,-1.3919594916377405,4.261141069730515
14.9,-1.349218957819152,4.285860053125461
14.91,-1.3062422905752311,4.308437996502437
14.92,-1.263050197889103,4.329014463920142
14.93,-1.2196620012968282,4.347726939634776
14.94,-1.1760956590964078,4.364710367228422
14.950000000000001,-1.1323677939522598,4.380096730620416
14.96,-1.0884937244839996,4.3940146753062574
14.97,-1.0444875004461347,4.406589167949341
14.98,-1.0003619411250126,4.417941192277155
14.99,-0.9561286766005916,4.4281874791024425
15.0,-0.9117981915429638,4.437440268197392
15.01,-0.8673798712366438,4.445807099691738
15.02,-0.8228820495491291,4.453390632640029
15.030000000000001,-0.7783120585838432,4.460288488405752
15.040000000000001,-0.7336762797810141,4.466593116537127
15.05,-0.6889801962531007,4.472391680857987
15.06,-0.6442284461638543,4.477765963564207
15.07,-0.5994248769818166,4.482792285199007
15.08,-0.5545726004598742,4.4875414384764545
15.09,-0.5096740482122876,4.49207863402956
15.1,-0.4647310277792831,4.496463456275397
15.11,-0.41974477908677965,4.500749827713019
15.120000000000001,-0.3747160312250228,4.504985980099052
15.13,-0.3296450594847986,4.509214431079605
15.14,-0.28453174260343067,4.513471964994306
15.15,-0.23937562018491249,4.517789616708327
15.16,-0.19417595026926412,4.522192657470288
15.17,-0.1489317670355067,4.526700581937689
15.18,-0.10364193863051033,4.531327095656557
15.19,-0.05830522512237556,4.536080102428243
15.200000000000001,-0.01292033658194547,4.540961691143567
15.21,0.03251400870049577,4.5459681218128765
15.22,0.07799902585431207,4.551089810670132
15.23,0.12353580491389841,4.5563113143798555
15.24,0.16912525214190918,4.5616113135279805
15.25,0.21476803118445803,4.566962595731255
15.26,0.26046450405653426,4.572332038855101
15.27,0.30621467196156005,4.577680594986696
15.280000000000001,0.35201811595626825,4.582963275968483
15.290000000000001,0.39787393748092975,4.588129141457182
15.3,0.4437806987854119,4.593121290634466
15.31,0.489736363293619,4.597876858857202
15.32,0.5357382359625559,4.602327020697146
15.33,0.5817829037075619,4.606397000981222
15.34,0.6278661759821803,4.6100060956030875
15.35,0.6739830256196238,4.613067704033309
15.36,0.7201275300628466,4.615489375607434
15.370000000000001,0.7662928131317726,4.617172871816931
15.38,0.8124709874991853,4.61801424696492
15.39,0.858653098071071,4.617903949674561
15.4,0.9048290664926766,4.6167269478498785
15.41,0.9509876370280687,4.614362879783636
15.42,0.9971163240883494,4.610686234180953
15.43,1.0432013617116878,4.60556656191697
15.44,1.0892276553266889,4.598868722367758
15.450000000000001,1.135178736159043,4.5904531671414555
15.46,1.181036718669518,4.5801762639867185
15.47,1.2267822614387776,4.567890663563089
15.48,1.27239453194078,4.553445711618153
15.49,1.3178511756711406,4.536687908924405
15.5,1.363128290119268,4.5174614210800765
15.51,1.408200404092742,4.495608639968326
15.52,1.4530404629186344,4.47097079829438
15.530000000000001,1.4976198200586295,4.443388638177108
15.540000000000001,1.5419082356821765,4.412703134257732
15.55,1.585873882743784,4.3787562712024615
15.56,1.6294833611062254,4.341391874817738
15.57,1.6727017202401386,4.3004564952676585
15.58,1.7154924910115787,4.255800340086127
15.59,1.7578177270418613,4.2072782538161455
15.6,1.7996380560879017,4.154750740192348
15.610000000000001,1.8409127418457085,4.098085021819632
15.620000000000001,1.8815997565242946,4.037156131301918
15.63,1.9216558644717467,3.9718480267547496
15.64,1.9610367170593894,3.90205472360974
15.65,1.9996969589439415,3.8276814336066023
15.66,2.0375903457315214,3.748645700890311
15.67,2.074669872961748,3.6648785242096205
15.68,2.110887916215714,3.5763254533729745
15.69,2.1461963820292076,3.4829476473840715
15.700000000000001,2.1805468691633956,3.384722881077995
15.71,2.2138908396507673,3.2816464866355504
15.72,2.2461797988961067,3.1737322160932626
15.73,2.2773654839726327,3.0610130109125535
15.74,2.3074000591143577,2.9435416648446555
15.75,2.336236317269526,2.821391366745084
15.76,2.3638278864492595,2.694656110665945
15.77,2.3901294394828447,2.563450961493843
15.780000000000001,2.4150969056791363,2.4279121656076215
15.790000000000001,2.4386876827949973,2.288197097499103
15.8,2.4608608476291183,2.144484035019885
15.81,2.481577363495395,1.996971757869385
15.82,2.500800282786506,1.8458789660977468
15.83,2.51849494281735,1.6914435177289333
15.84,2.5346291531410845,1.533921487074727
15.85,2.5491733725588444,1.3735860478641126
15.860000000000001,2.562100874098367,1.2107261879044122
15.870000000000001,2.5733878963169325,1.0456452645668606
15.88,2.583013779389704,0.8786594128941718
15.89,2.590961084574816,0.7100958205046841
15.9,2.5972156957997976,0.5402908856616775
15.91,2.601766902288049,0.3695882768351187
15.92,2.6046074613365,0.1983369137587057
15.93,2.6057336405632237,0.026888891336114606
15.94,2.605145239163223,-0.14440263125715141
15.950000000000001,2.602845587938081,-0.3151855533211462
15.96,2.5988415280968002,-0.48511094406346666
15.97,2.5931433690568118,-0.6538351197464345
15.98,2.5857648257018715,-0.8210216641750003
15.99,2.576722935773312,-0.9863433711303814
16.0,2.5660379582792636,-1.1494840886936355
16.01,2.553733253999439,-1.3101404470686648
16.02,2.5398351493378906,-1.468023453464264
16.03,2.524372784930154,-1.6228599397822854
16.04,2.507377950542245,-1.7743938512316315
16.05,2.4888849079055215,-1.9223873664904716
16.06,2.4689302032124356,-2.0666218426154366
16.07,2.447552471053213,-2.2068985804906625
16.080000000000002,2.4247922316026225,-2.3430394091675484
16.09,2.4006916828698617,-2.474887089917628
16.1,2.37529448980427,-2.602305543160396
16.11,2.348645572006654,-2.725179903595502
16.12,2.32079089173236,-2.8434164108310727
16.13,2.291777243790033,-2.956942144530839
16.14,2.2616520488417433,-3.065704614583179
16.15,2.2304631514983693,-3.169671218013355
16.16,2.1982586244814764,-3.2688285753113333
16.17,2.1650865799921424,-3.363181759533296
16.18,2.13099498929081,-3.4527534319629227
16.19,2.0960315113528836,-3.5375828983014994
16.2,2.06024333132478,-3.617725099310975
16.21,2.023677009366664,-3.6932495495818793
16.22,1.9863783403331423,-3.7642392376615765
16.23,1.9483922246134326,-3.8307895001826227
16.240000000000002,1.90976255032949,-3.893006881901694
16.25,1.870532086975399,-3.9510079927226287
16.26,1.8307423904750375,-4.0049183718579195
16.27,1.7904337195382405,-4.054871368305876
16.28,1.74964496310892,-4.1010070458083865
16.29,1.7084135786220729,-4.143471119427676
16.3,1.6667755407203666,-4.182413929858355
16.31,1.6247653000249058,-4.217989460589865
16.32,1.5824157515085693,-4.250354402068058
16.330000000000002,1.5397582119835445,-4.2796672660848225
16.34,1.4968224061868727,-4.306087552760521
16.35,1.453636460928334,-4.329774971682641
16.36,1.41022690675322,-4.350888718030433
16.37,1.3666186865677254,-4.369586803852407
16.38,1.3228351706761718,-4.386025444072822
16.39,1.2788981776862691,-4.400358496284599
16.4,1.23482800075048,-4.41273695293805
16.41,1.1906434386275082,-4.423308484155062
16.42,1.1463618310673787,-4.432217029083662
16.43,1.101999098045835,-4.439602433454333
16.44,1.057569782398292,-4.445600130802752
16.45,1.0130870954297797,-4.450340864679072
16.46,0.9685629651047104,-4.453950449066694
16.47,0.9240080864484459,-4.4565495641788555
16.48,0.8794319738211334,-4.458253584784385
16.490000000000002,0.8348430147527581,-4.45917243823012
16.5,0.7902485250565309,-4.459410489372193
16.51,0.7456548049653142,-4.459066449697537
16.52,0.7010671960625801,-4.458233308006634
16.53,0.6564901388051815,-4.456998280135114
16.54,0.6119272304598777,-4.455442775312171
16.55,0.5673812832989381,-4.453642376884904
16.56,0.5228543829221798,-4.4516668352770985
16.57,0.4783479465933962,-4.449580071196429
16.580000000000002,0.4338627814982512,-4.447440187253695
16.59,0.38939914284832233,-4.445299486309782
16.6,0.34495679177205557,-4.443204495019446
16.61,0.3005350529479335,-4.4411959911944345
16.62,0.2561328719481669,-4.4393090337613135
16.63,0.2117488722727072,-4.437572994240763
16.64,0.16738141206335166,-4.4360115888248846
16.65,0.12302864049620951,-4.434642910276706
16.66,0.07868855385781755,-4.433479459021593
16.67,0.034359051315777635,-4.432528172943628
16.68,-0.009962009601055005,-4.431790455541188
16.69,-0.05427675779504612,-4.4312622022352395
16.7,-0.09858725364575979,-4.430933824761262
16.71,-0.14289543429027138,-4.430790273711629
16.72,-0.18720305911999238,-4.430811059429777
16.73,-0.2315116554788669,-4.43097027159091
16.740000000000002,-0.2758224645518106,-4.431236597936423
16.75,-0.32013638743759537,-4.431573342760834
16.76,-0.3644539314070273,-4.431938445880908
16.77,-0.40877515635521355,-4.432284502946685
16.78,-0.453099621465961,-4.432558788083302
16.79,-0.4974263321168796,-4.432703279980418
16.8,-0.5417536870655694,-4.432654692672456
16.81,-0.5860794259703287,-4.432344512377052
16.82,-0.6304005773131104,-4.431699041880424
16.830000000000002,-0.6747134068079371,-4.430639454075851
16.84,-0.7190133663946273,-4.429081856373966
16.85,-0.7632950439354164,-4.426937367809689
16.86,-0.8075521137508211,-4.424112210768903
16.87,-0.8517772881507945,-4.420507819346366
16.88,-0.8959622701377484,-4.4160209664230345
16.89,-0.9400977074792551,-4.41054391161338
16.9,-0.9841731483700161,-4.403964572279058
16.91,-1.0281769989248364,-4.396166719831582
16.92,-1.0720964827666477,-4.387030203550487
16.93,-1.1159176029958462,-4.376431204121767
16.94,-1.159625106849083,-4.364242519050775
16.95,-1.2032024533768615,-4.350333882021028
16.96,-1.2466317844895034,-4.334572318152014
16.97,-1.2898938997399017,-4.31682253695183
16.98,-1.33296823522854,-4.296947364561162
16.990000000000002,-1.3758328470311247,-4.2748082166406745
17.0,-1.4184643995613533,-4.250265612961785
17.01,-1.4608381592903603,-4.223179734418808
17.02,-1.5029279942497293,-4.193411022787033
17.03,-1.544706379746101,-4.16082082310557
17.04,-1.5861444107118405,-4.125272068065761
17.05,-1.627211821107416,-4.086630003236685
17.06,-1.6678770107765741,-4.044762951360892
17.07,-1.7081070801346336,-3.999543113309546
17.080000000000002,-1.747867873042765,-3.95084740260148
17.09,-1.7871240281866632,-3.8985583096716816
17.1,-1.8258390392361985,-3.8425647913294916
17.11,-1.863975324013253,-3.782763180084927
17.12,-1.9014943028378972,-3.7190581072543236
17.13,-1.9383564861583396,-3.6513634329968836
17.14,-1.9745215714978348,-3.5796031756960516
17.150000000000002,-2.00994854967226,-3.5037124323997193
17.16,-2.044595820145829,-3.4236382813879107
17.17,-2.078421315300019,-3.339340657363555
17.18,-2.1113826332931005,-3.2507931892793542
17.19,-2.143437179085606,-3.157983990439866
17.2,-2.174542313101898,-3.060916390270537
17.21,-2.204655506891017,-2.9596095970414313
17.22,-2.233734505042727,-2.8540992808881303
17.23,-2.2617374925087796,-2.744438066699048
17.240000000000002,-2.2886232663767077,-2.630695926847748
17.25,-2.3143514110457346,-2.5129604643481414
17.26,-2.33888247566367,-2.3913370778032372
17.27,-2.3621781526017993,-2.26594900050375
17.28,-2.3842014556737454,-2.1369372072060564
17.29,-2.4049168967459207,-2.004460183469656
17.3,-2.424290659343139,-1.868693553947283
17.31,-2.442290767824866,-1.729829567676183
17.32,-2.4588872506966624,-1.5880764401919727
17.330000000000002,-2.4740522966287055,-1.4436575541479417
17.34,-2.487760401779621,-1.2968105220396122
17.35,-2.4999885070694976,-1.1477861165709171
17.36,-2.510716124111039,-0.996847076116199
17.37,-2.519925448591821,-0.8442667945918813
17.38,-2.5276014600028764,-0.6903279068134371
17.39,-2.5337320067280897,-0.5353207820384555
17.400000000000002,-2.5383078756436452,-0.3795419398485384
17.41,-2.5413228455250607,-0.22329240376807405
17.42,-2.542773723719007,-0.06687600902745666
17.43,-2.5426603657056095,0.08940231837184628
17.44,-2.5409856773515695,0.24523829366082223
17.45,-2.537755599832393,0.40032999856237195
17.46,-2.532979077380322,0.5543795821044245
17.47,-2.5266680081903043,0.707094919685676
17.48,-2.5188371789866086,0.858191213775348
17.490000000000002,-2.509504183914798,1.007392520575654
17.5,-2.4986893285750957,1.1544331881653087
17.51,-2.4864155201514917,1.299059193046544
17.52,-2.472708144714165,1.4410293636042593
17.53,-2.4575949328794064,1.5801164807182395
17.54,-2.4411058150998004,1.7161082476095104
17.55,-2.4232727679272164,1.848808122910307
17.56,-2.4041296526415943,1.9780360128841772
17.57,-2.383712047669533,2.1036288206497353
17.580000000000002,-2.3620570762285995,2.225440852141876
17.59,-2.3392032306266954,2.34334408034407
17.6,-2.315190194621718,2.457228271014568
17.61,-2.2900586652064043,2.5670009746820206
17.62,-2.2638501751280784,2.6725873910809557
17.63,-2.2366069173847856,2.7739301134183494
17.64,-2.2083715728597118,2.8709887608978555
17.650000000000002,-2.1791871421668287,2.9637395087715928
17.66,-2.1490967826842797,3.0521745258389528
17.67,-2.11814365165005,3.136301329770208
17.68,-2.086370756088876,3.2161420709061947
17.69,-2.053820810231926,3.2917327552838467
17.7,-2.020536100983199,3.36312241757348
17.71,-1.9865583618804563,3.4303722544024042
17.72,-1.9519286558951507,3.4935547281971524
17.73,-1.9166872673165132,3.552752651221056
17.740000000000002,-1.8808736028707296,3.6080582589331858
17.75,-1.8445261021378494,3.6595722811670774
17.76,-1.807682157247388,3.7074030189410383
17.77,-1.7703780417590287,3.7516654339832574
17.78,-1.732648848567723,3.7924802573005225
17.79,-1.6945284366130182,3.829973122353792
17.8,-1.656049386120647,3.8642737276405135
17.81,-1.6172429620602078,3.895515032734105
17.82,-1.5781390854659647,3.923832491105501
17.830000000000002,-1.5387663122380977,3.9493633223585474
17.84,-1.4991518190187936,3.9722458258570734
17.85,-1.459321395720956,3.992618737112015
17.86,-1.4192994442765534,4.010620627735735
17.87,-1.3791089831662415,4.026389349260248
17.88,-1.3387716572913484,4.040061520657675
17.89,-1.298307752753088,4.051772058995133
17.900000000000002,-1.2577362161114458,4.06165375230181
17.91,-1.2170746777070518,4.069836873421651
17.92,-1.1763394786430128,4.076448833368927
17.93,-1.1355457010396732,4.081613872493317
17.94,-1.0947072011931465,4.08545278759314
17.95,-1.0538366452878105,4.088082692986826
17.96,-1.0129455473334101,4.0896168134601965
17.97,-0.9720443090186067,4.090164306947323
17.98,-0.9311422611944637,4.089830114772079
17.990000000000002,-0.8902477067231652,4.088714837272726
18.0,-0.8493679644490093,4.08691463264971
18.01,-0.8085094140701711,4.084521136914107
18.02,-0.7676775417107271,4.0816214028680795
18.03,-0.7268769860128095,4.078297856116399
18.04,-0.6861115845883992,4.074628266187241
18.05,-0.6453844206890647,4.07068573092867
18.06,-0.6046978699698258,4.066538672442579
18.07,-0.5640536472402131,4.062250842918461
18.080000000000002,-0.5234528531114566,4.057881338833749
18.09,-0.4828960204635382,4.053484622094211
18.1,-0.4423831606695724,4.049110546795799
18.11,-0.4019138095276222,4.044804390397595
18.12,-0.36148707286162046,4.040606888203161
18.13,-0.3211016717635589,4.036554270154136
18.14,-0.2807559874585377,4.032678299044844
18.150000000000002,-0.240448105782662,4.02900630936959
18.16,-0.20017586127114587,4.02556124611508
18.17,-0.1599368808603604,4.0223617029087695
18.18,-0.11972862721297048,4.019421959030007
18.19,-0.07954844167976027,4.016752014884497
18.2,-0.039393586915280554,4.014357625634045
18.21,0.0007387108329206419,4.012240332762884
18.22,0.04085121973997713,4.010397493449224
18.23,0.08094666070190513,4.008822307696364
18.240000000000002,0.12102766589390442,4.007503843261769
18.25,0.1610967375671405,4.006427058505355
18.26,0.2011562070640115,4.005572823359912
18.27,0.24120819403433874,4.00491793870739
18.28,0.28125456583815933,4.004435154524815
18.29,0.32129689712483506,4.0040931872430345
18.3,0.36133642958302004,4.003856736840382
18.31,0.4013740318616427,4.003686504271753
18.32,0.4414101596684551,4.003539209911422
18.330000000000002,0.48144481605987116,4.00336761376517
18.34,0.5214775119437585,4.003120538283659
18.35,0.5615072268255443,4.002742894684289
18.36,0.6015323698374442,4.002175713762566
18.37,0.6415507411007956,4.001356182245878
18.38,0.6815594934823617,4.0002176858118546
18.39,0.7215550948170326,3.9986898599595233
18.400000000000002,0.7615332906815522,3.9966986499834305
18.41,0.8014890678167013,3.994166381357723
18.42,0.8414166183087066,3.991011841887905
18.43,0.8813093046544593,3.9871503770312584
18.44,0.9211596258493318,3.98249399982144
18.45,0.9609591846508881,3.9769515168570284
18.46,1.0006986561864724,3.9704286718261836
18.47,1.0403677580874118,3.9628283080383984
18.48,1.0799552223472404,3.9540505514177284
18.490000000000002,1.1194487691157664,3.9439930153780507
18.5,1.1588350826548013,3.9325510289478585
18.51,1.1980997896947234,3.9196178894379505
18.52,1.2372274404435604,3.9050851408481893
18.53,1.2762014925116874,3.888842879087461
18.54,1.3150042980253096,3.8707800849323433
18.55,1.353617094210334,3.8507849854732155
18.56,1.3920199977347738,3.8287454445903566
18.57,1.4301920031021411,3.804549382765917
18.580000000000002,1.468110985390092,3.778085226269912
18.59,1.5057537076275394,3.7492423854593726
18.6,1.5430958330992794,3.7179117615998294
18.61,1.580111942859536,3.683986281258337
18.62,1.6167755587244463,3.647361456928856
18.63,1.6530591719981131,3.6079359721363513
18.64,1.6889342781671735,3.5656122888285475
18.650000000000002,1.7243714177746843,3.520297274407931
18.66,1.759340223655332,3.4719028452860896
18.67,1.7938094746804059,3.4203466233636974
18.68,1.827747156122606,3.3655526013589183
18.69,1.8611205267075843,3.3074518124323484
18.7,1.893896192371253,3.245982999096077
18.71,1.926040186689506,3.1810932759571258
18.72,1.9575180578903957,3.1127387804410334
18.73,1.9882949622983268,3.0408853052798253
18.740000000000002,2.0183357639959922,2.9655089062403737
18.75,2.0476051404231344,2.8865964783246545
18.76,2.0760676935624858,2.804146293502862
18.77,2.103688066293192,2.718168492953494
18.78,2.1304310634215557,2.6286855267903846
18.79,2.156261776829,2.5357325343631656
18.8,2.181145714108819,2.4393576584313896
18.81,2.2050489299976275,2.3396222868384164
18.82,2.2279381598455874,2.236601215752171
18.830000000000002,2.249780954312671,2.1303827290967536
18.84,2.270545814427522,2.0210685894699867
18.85,2.29020232610207,1.908773936623093
18.86,2.3087212931599836,1.7936270904628877
18.87,2.3260748679113274,1.6757692565145277
18.88,2.342236678290274,1.5553541328416995
18.89,2.3571819505681613,1.432547418546328
18.900000000000002,2.3708876266612,1.3075262251443305
18.91,2.3833324750710476,1.1804783933184937
18.92,2.3944971945275695,1.0516017187634539
18.93,2.4043645094463164,0.9211030920390983
18.94,2.4129192563683515,0.7891975585149062
18.95,2.4201484606166144,0.6561073055961347
18.96,2.426041402480274,0.5220605854511857
18.97,2.430589672325638,0.38729058238687586
18.98,2.4337872141280115,0.2520342348253004
18.990000000000002,2.435630357022144,0.11653102250537722
19.0,2.4361178345781194,-0.01897826995044108
19.01,2.4352507916231354,-0.15425280160964955
19.02,2.4330327785459263,-0.2890529242656059
19.03,2.429469733137823,-0.4231414202500519
19.04,2.424569950140925,-0.556284717503605
19.05,2.418344038787751,-0.6882540707243601
19.06,2.410804868726438,-0.8188266979176948
19.07,2.4019675048293974,-0.9477868623265684
19.080000000000002,2.3918491314799066,-1.0749268905169185
19.09,2.3804689670190586,-1.200048118310283
19.1,2.3678481691137008,-1.3229617572763235
19.11,2.3540097318735325,-1.4434896756005595
19.12,2.3389783756016898,-1.5614650883052648
19.13,2.3227804301074273,-1.6767331530014873
19.14,2.3054437125416603,-1.7891514685649073
19.150000000000002,2.2869974007361296,-1.8985904753357499
19.16,2.267471903034946,-2.0049337566223198
19.17,2.2468987256036836,-2.108078242419602
19.18,2.2253103381865538,-2.207934317321457
19.19,2.2027400392572543,-2.304425835592151
19.2,2.1792218214747106,-2.39749004725778
19.21,2.1547902383120983,-2.4870774398706543
19.22,2.1294802726772972,-2.5731515012827626
19.23,2.103327208286443,-2.6556884093334867
19.240000000000002,2.0763665044906277,-2.734676654809957
19.25,2.048633675190244,-2.8101166043762893
19.26,2.0201641724031014,-2.8820200103932616
19.27,1.9909932749823782,-2.9504094746674268
19.28,1.961155982909753,-3.0153178731847405
19.29,1.9306869175186836,-3.076787748806243
19.3,1.899620227933628,-3.1348706787411458
19.31,1.8679895039438605,-3.1896266233754957
19.32,1.8358276954661181,-3.2411232627326525
19.330000000000002,1.8031670386892076,-3.2894353264854703
19.34,1.7700389889364088,-3.3346439230397724
19.35,1.7364741602284122,-3.376835872774539
19.36,1.7025022714809182,-3.4161030500659173
19.37,1.668152099227094,-3.452541738248815
19.38,1.633451436715942,-3.4862520011898672
19.39,1.598427059203297,-3.5173370746665666
19.400000000000002,1.5631046952226109,-3.5459027802760548
19.41,1.5275090035977759,-3.572056964139358
19.42,1.4916635559398237,-3.5959089622276474
19.43,1.4555908243532227,-3.617569093720481
19.44,1.4193121740654138,-3.6371481834151727
19.45,1.3828478606849193,-3.654757113843826
19.46,1.3462170317885374,-3.6705064074218576
19.47,1.309437732536482,-3.684505838649973
19.48,1.272526915015538,-3.6968640761209786
19.490000000000002,1.2355004510140628,-3.7076883538433156
19.5,1.198373147938672,-3.7170841711842417
19.51,1.161158767590378,-3.725155020556115
19.52,1.1238700475275496,-3.7320021418180236
19.53,1.0865187247540176,-3.737724302240465
19.54,1.0491155614827403,-3.742417600781217
19.55,1.011670372738393,-3.746175295344095
19.56,0.9741920555758583,-3.7490876516370646
19.57,0.9366886197056519,-3.7512418122101585
19.580000000000002,0.8991672193316551,-3.75272168423497
19.59,0.8616341860209524,-3.7536078445841583
19.6,0.824095062439972,-3.7539774607796317
19.61,0.7865546368053598,-3.7539042264000595
19.62,0.7490169779119707,-3.753458309570459
19.63,0.7114854706139506,-3.752706313197277
19.64,0.6739628516480253,-3.751711245660166
19.650000000000002,0.6364512457007474,-3.7505325007252925
19.66,0.5989522016335195,-3.7492258455032936
19.67,0.5614667287906815,-3.7478434153368934
19.68,0.5239953333267816,-3.746433714567779
19.69,0.48653805449932597,-3.7450416221988063
19.7,0.4490945008828055,-3.7437084015352817
19.71,0.4116638864686203,-3.7424717129573675
19.72,0.37424506662365814,-3.741365629044112
19.73,0.336836573887738,-3.7404206513378218
19.740000000000002,0.29943665359690164,-3.739663728105192
19.75,0.26204329932563414,-3.73911827251856
19.76,0.2246542881465304,-3.73880418074672
19.77,0.1872672157106997,-3.7387378495098167
19.78,0.14987953115633407,-3.738932192716949
19.79,0.11248857185636076,-3.739396656868212
19.8,0.07509159801896985,-3.740137234965104
19.81,0.037685827157058684,-3.7411564787345974
19.82,0.00026846844427790397,-3.7424535090328
19.830000000000002,-0.03716324302359732,-3.7440240243542315
19.84,-0.07461201204280674,-3.7458603074323706
19.85,-0.11208044917224474,-3.7479512299765276
19.86,-0.14957103664233729,-3.7502822556493514
19.87,-0.18708609428523176,-3.752835441448601
19.88,-0.22462774547130931,-3.7555894377163015
19.89,-0.2621978830395578,-3.7585194870581913
19.900000000000002,-0.29979813521247317,-3.761597422516556
19.91,-0.3374298314898889,-3.7647916654001987
19.92,-0.3750939685204771,-3.7680672232364385
19.93,-0.4127911759546177,-3.7713856883716432
19.94,-0.45052168228790995,-3.7747052378088433
19.95,-0.4882852807107946,-3.7779806349332805
19.96,-0.5260812949865755,-3.7811632338391816
19.97,-0.5639085453875781,-3.784200987033301
19.98,-0.6017653147272415,-3.7870384573525624
19.990000000000002,-0.6396493145346294,-3.7896168349939914
20.0,-0.6775576514271213,-3.791873960614589
20.01,-0.7154867937469211,-3.793744355516215
20.02,-0.7534325385374456,-3.795159259985255
20.03,-0.7913899789466262,-3.7960466809080025
20.04,-0.8293534721556057,-3.796331449829382
20.05,-0.8673166079432139,-3.79593529266385
20.06,-0.9052721780088827,-3.794776912301887
20.07,-0.9432121461892516,-3.792772085382199
20.080000000000002,-0.9811276197165267,-3.7898337745172217
20.09,-1.019008821679596,-3.785872257266335
20.1,-1.0568450648618535,-3.780795273145795
20.11,-1.094624727142512,-3.7745081899452306
20.12,-1.132335228660758,-3.766914190585899
20.13,-1.16996301095423,-3.757914481704189
20.14,-1.2074935182948419,-3.747408525073299
20.150000000000002,-1.244911181455696,-3.7352942928850794
20.16,-1.2821994041525433,-3.721468547801049
20.17,-1.3193405524117168,-3.7058271485451897
20.18,-1.3563159471234472,-3.6882653816499307
20.19,-1.3931058600447155,-3.668678319779752
20.2,-1.4296895135190422,-3.6469612068431725
20.21,-1.466045084181579,-3.6230098698631363
20.22,-1.5021497109163051,-3.596721157307834
20.23,-1.5379795073277358,-3.567993403289203
20.240000000000002,-1.573509578982089,-3.5367269167155984
20.25,-1.6087140456620477,-3.502824494139917
20.26,-1.6435660688648874,-3.4661919546768556
20.27,-1.6780378847555848,-3.426738694975831
20.28,-1.712100842764404,-3.384378261832837
20.29,-1.7457254499922417,-3.3390289396094786
20.3,-1.7788814215565936,-3.290614349205587
20.31,-1.8115377369763532,-3.239064054909005
20.32,-1.8436627026547736,-3.18431417502882
20.330000000000002,-1.8752240204769297,-3.1263079918137247
20.34,-1.9061888624910481,-3.064996555773115
20.35,-1.936523951592392,-3.000339279163284
20.36,-1.9661956480743137,-2.9323045130833387
20.37,-1.9951700418540586,-2.8608701023541747
20.38,-2.0234130501213974,-2.786023912137936
20.39,-2.0508905200968175,-2.707764320103658
20.400000000000002,-2.0775683365234707,-2.6261006678656567
20.41,-2.1034125334541307,-2.541053665422431
20.42,-2.128389409831919,-2.4526557424122997
20.43,-2.1524656483023765,-2.3609513401834046
20.44,-2.1756084366355872,-2.265997138954476
20.45,-2.197785591081466,-2.167862214721509
20.46,-2.2189656809300176,-2.0666281210451896
20.47,-2.2391181535023703,-1.96238889143329
20.48,-2.2582134587586835,-1.8552509587080148
20.490000000000002,-2.2762231726765307,-1.7453329885147932
20.5,-2.2931201185289796,-1.632765624978358
20.51,-2.3088784851760975,-1.5176911474339214
20.52,-2.323473941477658,-1.40026303814352
20.53,-2.336883745938968,-1.2806454619357428
20.54,-2.349086850716373,-1.1590126597650037
20.55,-2.360063999134269,-1.0355482592566387
20.56,-2.369797815901506,-0.9104445063677988
20.57,-2.3782728892616247,-0.7839014233320032
20.580000000000002,-2.385475844368146,-0.6561258990478356
20.59,-2.3913954072425816,-0.5273307190003712
20.6,-2.3960224587481536,-0.3977335426490946
20.61,-2.3993500780955634,-0.26755583696117036
20.62,-2.4013735754873773,-0.13702177539858956
20.63,-2.4020905136035355,-0.006357112168755924
20.64,-2.4015007177307526,0.12421195809010918
20.650000000000002,-2.3996062744417332,0.2544599448024896
20.66,-2.3964115188347024,0.3841631996784626
20.67,-2.391923010448164,0.5131010383060108
20.68,-2.386149498068582,0.6410568349934586
20.69,-2.3791018737482945,0.7678190811292513
20.7,-2.370793116445997,0.8931823978504853
20.71,-2.361238225791285,1.0169484944623801
20.72,-2.3504541465567494,1.138927064814729
20.73,-2.3384596844949903,1.258936614702528
20.740000000000002,-2.325275414262699,1.3768052142991292
20.75,-2.3109235802090073,1.4923711706327474
20.76,-2.2954279908500435,1.6054836161617103
20.77,-2.2788139078857728,1.7160030105709165
20.78,-2.261107930638625,1.82380155398234
20.79,-2.242337876806126,1.9287635108275654
20.8,-2.2225326604220736,2.0307854446528832
20.81,-2.201722167913068,2.1297763651015633
20.82,-2.1799371331200423,2.2256577892294933
20.830000000000002,-2.1572090121284786,2.318363720147403
20.84,-2.1335698587170944,2.4078405467355393
20.85,-2.1090522011937676,2.494046868837393
20.86,-2.0836889213403462,2.5769532529026487
20.87,-2.0575131361357144,2.656541923512911
20.88,-2.030558082870088,2.7328063965862017
20.89,-2.0028570082039905,2.805751060318797
20.900000000000002,-1.974443061663712,2.8753907100887686
20.91,-1.945349194002215,2.941750043619138
20.92,-1.915608060791329,3.0048631226858187
20.93,-1.8852519315484986,3.0647728075635463
20.94,-1.8543126046400582,3.121530170239684
20.95,-1.822821328143705,3.175193892199616
20.96,-1.7908087267960657,3.2258296523072394
20.97,-1.7583047350975598,3.273509509978817
20.98,-1.7253385365964893,3.3183112884870423
20.990000000000002,-1.691938509327819,3.3603179628432334
21.0,-1.6581321773396245,3.3996170562973798
21.01,-1.6239461682018712,3.4363000490759954
21.02,-1.5894061763581044,3.47046180255352
21.03,-1.5545369321508007,3.5022000016307304
21.04,-1.5193621763254899,3.5316146176789562
21.05,-1.4839046397972218,3.558807394006756
21.06,-1.448186028445355,3.583881355420223
21.07,-1.4122270126888172,3.6069403430826843
21.080000000000002,-1.3760472215837012,3.628088575536887
21.09,-1.3396652411780794,3.647430236434847
21.1,-1.303098616855004,3.665069089228765
21.11,-1.266363859393504,3.6811081188115535
21.12,-1.229476454478773,3.695649199857931
21.13,-1.1924508753963454,3.7087927914065277
21.14,-1.1553005986506424,3.7206376570394974
21.150000000000002,-1.1180381222555555,3.7312806098579294
21.16,-1.080674986453484,3.740816281317729
21.17,-1.043221796629201,3.7493369128803278
21.18,-1.0056882481958773,3.7569321693441076
21.19,-0.9680831532423188,3.763688972654176
21.2,-0.9304144687427938,3.76969135493854
21.21,-0.8926893261435479,3.775020329486042
21.22,-0.8549140621530729,3.7797537783640753
21.23,-0.8170942505762664,3.7839663553703677
21.240000000000002,-0.7792347350456654,3.787729403021532
21.25,-0.7413396625158357,3.7911108823000372
21.26,-0.7034125173996647,3.794175313909424
21.27,-0.6654561562376473,3.796983729823582
21.28,-0.6274728428031932,3.7995936339585827
21.29,-0.5894642835584756,3.802058970843744
21.3,-0.5514316633863182,3.804430101221369
21.31,-0.5133756815340482,3.806753783561014
21.32,-0.475296587715098,3.809073160533439
21.330000000000002,-0.43719421832337946,3.8114277495509588
21.34,-0.39906803272407876,3.8138534365440724
21.35,-0.360917149592498,3.8163824722086557
21.36,-0.3227403832799056,3.819043470023163
21.37,-0.2845362801920347,3.8218614054009765
21.38,-0.24630315517188608,3.8248576154090075
21.39,-0.20803912788385454,3.8280497985497366
21.400000000000002,-0.16974215920089133,3.8314520141700066
21.41,-0.1314100876004544,3.835074681126005
21.42,-0.09304066557837123,3.8389245753999846
21.43,-0.0546315960924547,3.8430048264304624
21.44,-0.016180569049761995,3.847314911983944
21.45,0.022314702147224176,3.8518506514627844
21.46,0.06085644397949369,3.8566041976107304
21.47,0.09944678609943877,3.8615640266451243
21.48,0.13808772451239615,3.8667149269128447
21.490000000000002,0.17678108463769565,3.8720379862359326
21.5,0.21552848423711482,3.8775105781826453
21.51,0.25433129620134853,3.883106347570478
21.52,0.2931906111885243,3.8887951955796143
21.53,0.33210720011294076,3.8945432649283043
21.54,0.37108147648709033,3.9003129256358715
21.55,0.4101134586256582,3.906062761974337
21.56,0.4492027317265771,3.911747561285911
21.57,0.4883484098513764,3.9173183054206824
21.580000000000002,0.5275490978349907,3.9227221656264137
21.59,0.5668028531639047,3.927902501800155
21.6,0.6061071478709938,3.932798867088888
21.61,0.6454588305056824,3.937347018903094
21.62,0.6848540882490557,3.941478937482349
21.63,0.7242884092553293,3.945122853224895
21.64,0.7637565453135535,3.94820328406282
21.650000000000002,0.8032524749365857,3.9506410842298076
21.66,0.8427693669981497,3.9523535058282597
21.67,0.8822995450531509,3.9532542746555475
21.68,0.9218344524912606,3.9532536817937447
21.69,0.9613646186890258,3.952258692501752
21.7,1.0008796263412956,3.9501730739714933
21.71,1.0403680801684556,3.946897543518917
21.72,1.0798175772116738,3.942329938773866
21.73,1.1192146789439328,3.9363654114083793
21.740000000000002,1.1585448854398415,3.928896645898461
21.75,1.197792611861902,3.9198141047476436
21.76,1.2369411675347943,3.9090063015095056
21.77,1.2759727378920922,3.8963601028286137
21.78,1.3148683695913665,3.8817610605730386
21.79,1.3536079591035528,3.865093774954795
21.8,1.3921702450904623,3.8462422893256267
21.81,1.4305328048900652,3.825090517093155
21.82,1.4686720554323254,3.801522700925561
21.830000000000002,1.5065632589085765,3.7754239041012294
21.84,1.54418053351435,3.7466805335131284
21.85,1.581496869578839,3.7151808934569415
21.86,1.6184841513834887,3.6808157689184196
21.87,1.6551131849572072,3.6434790366314025
21.88,1.6913537321161165,3.6030683017065313
21.89,1.7271745509913379,3.559485557135908
21.900000000000002,1.7625434432588347,3.512637862965891
21.91,1.7974273082506556,3.4624380414049125
21.92,1.831792204086933,3.408805383602748
21.93,1.8656034159227106,3.3516663633101396
21.94,1.898825531353136,3.290955352112127
21.95,1.9314225229649533,3.2266153304347607
21.96,1.963357837961831,3.1585985880637244
21.97,1.9945944947262277,3.0868674074959994
21.98,2.025095186111751,3.0113947230836753
21.990000000000002,2.0548223891879016,2.932164748634138
22.0,2.0837384810844344,2.849173565914747
22.01,2.111805860506197,2.762429666384022
22.02,2.138987074412115,2.6719544384457063
22.03,2.165244949275111,2.5777825926062685
22.04,2.1905427262642405,2.479962517118358
22.05,2.2148441996174784,2.3785565570185403
22.06,2.2381138574046116,2.2736412099213505
22.07,2.2603170238159054,2.165307232514816
22.080000000000002,2.2814200020549076,2.0536596524140327
22.09,2.3013902168641858,1.9388176808650481
22.1,2.3201963556722083,1.8209145227441843
22.11,2.3378085073190693,1.7000970813578078
22.12,2.354198297299364,1.5765255567012681
22.13,2.3693390184530942,1.4503729370670857
22.14,2.383205756040706,1.3218243851826763
22.150000000000002,2.395775506156748,1.1910765213857548
22.16,2.4070272864684212,1.0583366076879255
22.17,2.4169422383105066,0.923821637909302
22.18,2.425503719226607,0.7877573403639107
22.19,2.4326973851177844,0.6503771008115106
22.2,2.438511261242837,0.5119208145412026
22.21,2.442935801408608,0.37263367749182363
22.22,2.445963934792673,0.23276492722151493
22.23,2.4475910999530384,0.09256654529436631
22.240000000000002,2.4478152656985603,-0.04770806676092143
22.25,2.44663693861782,-0.18780542535985784
22.26,2.4440591571913637,-0.3274733038629873
22.27,2.4400874725405606,-0.46646205987364964
22.28,2.434729915993891,-0.6045259382138859
22.29,2.427996953776283,-0.7414243373278815
22.3,2.4199014292473335,-0.8769230274142241
22.31,2.4104584932279987,-1.0107953093115813
22.32,2.399685523061102,-1.1428231040412944
22.330000000000002,2.387602031147173,-1.2727979639257685
22.34,2.3742295637825865,-1.4005219973317466
22.35,2.3595915912005383,-1.5258087003089413
22.36,2.3437133897764078,-1.648483689682122
22.37,2.3266219174068956,-1.7683853334830424
22.38,2.308345683106747,-1.885365275952059
22.39,2.2889146118878543,-1.999288855673142
22.400000000000002,2.2683599059932837,-2.1100354167067406
22.41,2.2467139035537196,-2.217498513830998
22.42,2.224009935716664,-2.3215860141737696
22.43,2.200282183270244,-2.4222200985990145
22.44,2.1755655337446833,-2.519337167187631
22.45,2.149895439926491,-2.612887654013801
22.46,2.123307780664407,-2.702835757155758
22.47,2.0958387247833756,-2.7891590904898726
22.48,2.0675245988546096,-2.8718482642973857
22.490000000000002,2.038401759497428,-2.950906402064983
22.5,2.00850647081331,-3.0263486010872476
22.51,1.9778747874756828,-3.0982013445865237
22.52,1.9465424439215793,-3.166501873061473
22.53,1.9145447500144535,-3.231297522468703
22.54,1.881916493472205,-3.2926450366425497
22.55,1.8486918492816022,-3.3506098610775235
22.56,1.8149042962506545,-3.4052654248476317
22.57,1.7805865407846497,-3.4566924170285733
22.580000000000002,1.745770447910083,-3.5049780635343177
22.59,1.7104869795139634,-3.5502154097901593
22.6,1.67476613971428,-3.5925026141508085
22.61,1.6386369272309471,-3.6319422564444683
22.62,1.6021272945853904,-3.668640665491429
22.63,1.5652641139211185,-3.702707268916775
22.64,1.528073149207055,-3.7342539680586477
22.650000000000002,1.4905790345599457,-3.7633945402724227
22.66,1.4528052584016067,-3.7902440704524114
22.67,1.4147741531508975,-3.814918413140556
22.68,1.3765068901387953,-3.8375336861693516
22.69,1.3380234794275103,-3.8582057963963363
22.7,1.2993427742108687,-3.877049997731529
22.71,1.2604824794728797,-3.894180481338031
22.72,1.221459164584108,-3.909709997599849
22.73,1.1822882795208827,-3.9237495091994345
22.740000000000002,1.1429841744001195,-3.9364078744297006
22.75,1.1035601220322888,-3.947791559680009
22.76,1.0640283432065192,-3.958004379881357
22.77,1.0244000344346615,-3.967147265570825
22.78,0.9846853978951026,-3.975318055137362
22.79,0.9448936733319142,-3.9826113107379975
22.8,0.9050331716803426,-3.989118156323494
22.81,0.8651113102054444,-3.994926136183029
22.82,0.8251346489566821,-4.000119092406626
22.830000000000002,0.7851089283573118,-4.004777059669638
22.84,0.7450391077632892,-4.008976175763572
22.85,0.7049294048420404,-4.012788606330124
22.86,0.6647833356366868,-4.016282482298603
22.87,0.6246037551960684,-4.019521848579416
22.88,0.5843928986650986,-4.022566622626421
22.89,0.54415242274354,-4.025472561547415
22.900000000000002,0.5038834474341503,-4.028291236513614
22.91,0.46358659801326774,-4.0310700132946815
22.92,0.42326204716825666,-4.033852037824731
22.93,0.3829095572567731,-4.036676225786038
22.94,0.34252852265253586,-4.0395772552802764
22.95,0.30211801215116757,-4.042585561741509
22.96,0.2616768114177057,-4.045727334330371
22.97,0.22120346546456018,-4.049024513134742
22.98,0.18069632115501089,-4.052494786588391
22.990000000000002,0.1401535697327924,-4.0561515886055055
23.0,0.0995732893829008,-4.060004095015639
23.01,0.0589534878324796,-4.064057218970427
23.02,0.01829214500349226,-4.068311605080444
23.03,-0.022412744269129283,-4.0727636221279875
23.04,-0.06316312743906749,-4.077405354289384
23.05,-0.10396085135491698,-4.082224590888884
23.06,-0.14480761925684515,-4.087204814795359
23.07,-0.18570494765082413,-4.092325189663132
23.080000000000002,-0.2266541230501078,-4.097560546309328
23.09,-0.2676561585770107,-4.102881368612372
23.1,-0.3087117504223552,-4.1082537794096705
23.11,-0.3498212341652041,-4.113639526967129
23.12,-0.39098454096169777,-4.118995972688918
23.13,-0.4322011536189824,-4.124276080832776
23.14,-0.4734700625783533,-4.129428411093753
23.150000000000002,-0.5147897218408575,-4.134397115017547
23.16,-0.5561580048787043,-4.139121937302918
23.17,-0.5975721605869159,-4.143538223150557
23.18,-0.6390287693417154,-4.147576932912651
23.19,-0.6805236992451689,-4.151164665392267
23.2,-0.7220520626495608,-4.154223691233695
23.21,-0.7636081730698429,-4.156671997932806
23.22,-0.8051855026082169,-4.158423348079021
23.23,-0.8467766400314232,-4.159387352516072
23.240000000000002,-0.8883732496585383,-4.159469560175688
23.25,-0.9299660312349369,-4.158571566394716
23.26,-0.9715446809864327,-4.156591141569954
23.27,-1.013097854066336,-4.153422382033773
23.28,-1.054613128627108,-4.148955885045091
23.29,-1.0960769717672378,-4.143078949781776
23.3,-1.1374747076227436,-4.13567580618944
23.31,-1.1787904878910267,-4.126627873485061
23.32,-1.2200072650924447,-4.11581405002906
23.330000000000002,-1.2611067688916078,-4.103111036163615
23.34,-1.302069485815717,-4.088393691465363
23.35,-1.3428746427209148,-4.071535427674577
23.36,-1.3835001943692085,-4.052408638338165
23.37,-1.4239228154876782,-4.030885165938239
23.38,-1.4641178976879732,-4.006836806970051
23.39,-1.5040595516270792,-3.980135855081619
23.400000000000002,-1.5437206147896054,-3.9506556819919196
23.41,-1.5830726652669174,-3.91827135546542
23.42,-1.6220860418989138,-3.8828602931391423
23.43,-1.6607298711297003,-3.844302950476469
23.44,-1.698972100908443,-3.802483540562845
23.45,-1.736779541940957,-3.757290782866747
23.46,-1.774117916565778,-3.7086186774704837
23.47,-1.8109519154903668,-3.6563673006365613
23.48,-1.8472452625785094,-3.6004436169247724
23.490000000000002,-1.8829607878288623,-3.540762302422584
23.5,-1.9180605086269609,-3.477246573007675
23.51,-1.9525057192890156,-3.4098290109388296
23.52,-1.9862570888457374,-3.3384523824829637
23.53,-2.019274766938675,-3.263070438746009
23.54,-2.0515184976206577,-3.1836486913983206
23.55,-2.0829477407666412,-3.100165154586332
23.56,-2.1135218007123844,-3.012611044016366
23.57,-2.143199961646969,-2.9209914239984585
23.580000000000002,-2.1719416291923537,-2.8253257931616225
23.59,-2.1997064775102015,-2.7256485996097126
23.6,-2.2264546011845483,-2.622009676489763
23.61,-2.252146671039997,-2.514474589300995
23.62,-2.2767440929705685,-2.4031248867885284
23.63,-2.3002091687757678,-2.288058247944105
23.64,-2.3225052579294503,-2.1693885184761967
23.650000000000002,-2.3435969391452915,-2.0472456311094516
23.66,-2.3634501705516393,-1.9217754052202367
23.67,-2.382032447249696,-1.7931392225987417
23.68,-2.399312955003614,-1.661513577532424
23.69,-2.4152627188003444,-1.5270895009102876
23.7,-2.4298547450218195,-1.390071859628848
23.71,-2.443064155992921,-1.2506785342117408
23.72,-2.454868315706054,-1.1091394792063125
23.73,-2.465246945577047,-0.9656956725607492
23.740000000000002,-2.4741822291572686,-0.8205979617818665
23.75,-2.4816589048126843,-0.6741058161937252
23.76,-2.4876643454811433,-0.5264859960285826
23.77,-2.4921886247332563,-0.37801115035364025
23.78,-2.4952245684882164,-0.22895835694138156
23.79,-2.496767791872084,-0.07960761810305206
23.8,-2.4968167208502776,0.0697596727968482
23.81,-2.495372598416147,0.2188622789584927
23.82,-2.4924394752711074,0.3674206664823607
23.830000000000002,-2.4880241850864993,0.51515853402561
23.84,-2.482136304590595,0.6618043106454834
23.85,-2.4747880988735895,0.807092607198665
23.86,-2.4659944524466217,0.9507656073958015
23.87,-2.4557727867256736,1.0925743855515369
23.88,-2.4441429647355912,1.2322801392008773
23.89,-2.431127183941656,1.3696553260470654
23.900000000000002,-2.41674985821465,1.5044846961357625
23.91,-2.401037490018941,1.6365662116842723
23.92,-2.3840185339809645,1.7657118486004273
23.93,-2.3657232530469323,1.8917482753707617
23.94,-2.346183568473549,2.014517406649264
23.95,-2.325432904913947,2.1338768305051574
23.96,-2.3035060318634457,2.249700109861612
23.97,-2.2804389027167145,2.361876960150544
23.98,-2.2562684926604346,2.4703133065984093
23.990000000000002,-2.231032636584746,2.5749312258244776
24.0,-2.204769868143945,2.675668777560671
24.01,-2.1775192610335323,2.7724797332789426
24.02,-2.149320273478366,2.8653332093305925
24.03,-2.1202125968469208,2.9542132128580922
24.04,-2.090236009221204,3.0391181092338204
24.05,-2.0594302346622437,3.120060020114885
24.060000000000002,-2.027834808818906,3.1970641613852946
24.07,-1.995488951434538,3.2701681302950405
24.080000000000002,-1.9624314462130052,3.3394211510112854
24.09,-1.9287005284143122,3.404883287582565
24.1,-1.8943337804613538,3.466624632996667
24.11,-1.8593680357543787,3.524724482601404
24.12,-1.8238392908093257,3.579270499669907
24.13,-1.7877826257609808,3.63035788034333
24.14,-1.7512321332024592,3.6780885245886967
24.150000000000002,-1.7142208552692066,3.722570219181911
24.16,-1.6767807288188208,3.763915838078871
24.17,-1.6389425385076293,3.8022425648831146
24.18,-1.6007358775211586,3.837671141467276
24.19,-1.562189115678284,3.870325146167358
24.2,-1.5233293745978114,3.900330304351555
24.21,-1.4841825095912526,3.9278138335759176
24.22,-1.444773097926293,3.9529038249830566
24.23,-1.4051244330915915,3.9757286620815706
24.240000000000002,-1.3652585246846616,3.99641647756607
24.25,-1.32519610354027,4.015094648402551
24.26,-1.2849566317166103,4.03188932901251
24.27,-1.2445583169600196,4.04692502204179
24.28,-1.2040181312757745,4.060324185896112
24.29,-1.1633518332420976,4.072206877963529
24.3,-1.1225739937165042,4.082690432222792
24.310000000000002,-1.0816980245976417,4.091889169753979
24.32,-1.0407362103214246,4.099914140521084
24.330000000000002,-0.9996997417872201,4.106872894683226
24.34,-0.9585987524277602,4.112869281608786
24.35,-0.9174423561550444,4.118003274712439
24.36,-0.8762386869335114,4.1223708202058775
24.37,-0.8349949397509269,4.126063707846199
24.38,-0.7937174127765874,4.129169461778911
24.39,-0.7524115505153486,4.1317712496026235
24.400000000000002,-0.7110819877845348,4.133947807827419
24.41,-0.6697325943588002,4.135773381956399
24.42,-0.6283665201454068,4.137317679487904
24.43,-0.5869862407690422,4.138645834212579
24.44,-0.5455936034611553,4.139818380263167
24.45,-0.5041898731637787,4.140891234464076
24.46,-0.46277577877187365,4.141915685621303
24.47,-0.4213515594513526,4.1429383894898475
24.48,-0.37991701098207664,4.144001368254632
24.490000000000002,-0.3384715320862599,4.145142013461209
24.5,-0.2970141707128524,4.146393091433658
24.51,-0.25554367025758673,4.147782750318551
24.52,-0.21405851570648138,4.149334527995308
24.53,-0.17255697969768058,4.1510673601944985
24.54,-0.13103716850259142,4.152995588266417
24.55,-0.08949706793235224,4.15512896614265
24.560000000000002,-0.04793458917973842,4.1574726661331916
24.57,-0.006347614609688395,4.160027283301193
24.580000000000002,0.035265956486285444,4.162788838256631
24.59,0.07690816215544423,4.1657487783092755
24.6,0.11858093205247096,4.168893977020409
24.61,0.16028604169585242,4.172206732292085
24.62,0.20202506669831266,4.175664763232326
24.63,0.24379933696049894,4.179241206134834
24.64,0.2856098908210093,4.182904610012525
24.650000000000002,0.32745742916074944,4.1866189322256355
24.66,0.369342269465522,4.190343534847258
24.67,0.4112642998576945,4.194033182511882
24.68,0.4532229331157596,4.1976380425957185
24.69,0.4952170607096089,4.201103688680997
24.7,0.5372450068893796,4.204371108359691
24.71,0.5793044828768028,4.207376716534757
24.72,0.6213925412200748,4.2100523754783925
24.73,0.6635055303863706,4.212325423006124
24.740000000000002,0.7056390496801972,4.214118710221927
24.75,0.7477879045908091,4.215350650381847
24.76,0.7899460626878341,4.215935280510467
24.77,0.8321066102010184,4.215782337484497
24.78,0.874261709437524,4.214797350369181
24.79,0.916402557208402,4.212881750854078
24.8,0.9585193444546056,4.209933003683095
24.810000000000002,1.000601217282064,4.205844759007127
24.82,1.0426362396347484,4.20050702860383
24.830000000000002,1.0846113578541408,4.1938063879053145
24.84,1.1265123673928548,4.185626205748181
24.85,1.1683238819691044,4.175846903708461
24.86,1.210029305467024,4.16434624680379
24.87,1.2516108069051803,4.1509996672337115
24.88,1.2930492988116982,4.1356806226834015
24.89,1.3343244193588482,4.11826099053383
24.900000000000002,1.3754145186223747,4.098611499099766
24.91,1.4162966493408435,4.076602196754043
24.92,1.4569465625574556,4.052102959490318
24.93,1.49733870853065,4.024984037125944
24.94,1.5374462432999745,3.995116637950888
24.95,1.5772410412896678,3.962373551188088
24.96,1.6166937143237363,3.926629806146141
24.97,1.6557736374125904,3.887763366418839
24.98,1.6944489816521129,3.845655856920877
24.990000000000002,1.7326867545510078,3.8001933209493366
25.0,1.7704528480710995,3.7512670038318827
25.01,1.8077120946276455,3.6987741590719345
25.02,1.8444283312525382,3.64261887223663
25.03,1.880564472072378,3.5827128971649427
25.04,1.9160825891958368,3.518976498411765
25.05,1.9509440020406132,3.451339293201483
25.060000000000002,1.9851093750598667,3.3797410855548438
25.07,2.0185388237517103,3.30413268469017
25.080000000000002,2.0511920287536705,3.224476699299149
25.09,2.0830283577376933,3.1407482988740014
25.1,2.11400699473115,3.052935932932276
25.11,2.144087076396339,2.9610419987629877
25.12,2.17322783470641,2.865083448217703
25.13,2.201388745360693,2.76509232410564
25.14,2.228529681188523,2.66111621693432
25.150000000000002,2.2546110696993793,2.553218633076078
25.16,2.2795940538500443,2.44147926594232
25.17,2.3034406550182256,2.3259941624153377
25.18,2.326113937098351,2.2068757776217005
25.19,2.3475781705706593,2.084252912127887
25.2,2.3677989953409084,1.958270526790057
25.21,2.386743581106461,1.8290894317836033
25.22,2.4043807839765807,1.6968858477582558
25.23,2.420681298061626,1.5618508385907663
25.240000000000002,2.435617800748396,1.4241896168157242
25.25,2.4491650903979405,1.2841207244785815
25.26,2.461300215237968,1.1418750938435207
25.27,2.4720025922748112,0.9976949940703425
25.28,2.481254115119375,0.8518328716157291
25.29,2.489039249707126,0.7045500936813199
25.3,2.4953451169930014,0.5561156054907606
25.310000000000002,2.5001615618169413,0.40680451349849855
25.32,2.5034812072629715,0.2568966077852022
25.330000000000002,2.5052994939726454,0.10667483785218732
25.34,2.5056147040200156,-0.043576243231842726
25.35,2.5044279691080087,-0.193572050871325
25.36,2.5017432630025893,-0.3430295414497776
25.37,2.4975673782790135,-0.4916687695696973
25.38,2.491909887611196,-0.6392144145374395
25.39,2.484783089988265,-0.7853972610929856
25.400000000000002,2.476201942389336,-0.9299556201083576
25.41,2.466183977586098,-1.0726366759204806
25.42,2.4547492088709264,-1.2131977481028788
25.43,2.44192002262404,-1.351407456789944
25.44,2.427721059735127,-1.4870467821184705
25.45,2.4121790869816704,-1.6199100099121153
25.46,2.395322859536885,-1.7498055573722153
25.47,2.3771829758342258,-1.8765566742192772
25.48,2.3577917260524988,-2.0000020164199888
25.490000000000002,2.3371829355058256,-2.1199960913026223
25.5,2.3153918042264463,-2.236409574479009
25.51,2.2924547440162457,-2.3491295005263875
25.52,2.268409214215919,-2.458059330813135
25.53,2.243293557399983,-2.563118903158177
25.54,2.217146836152755,-2.664244269178204
25.55,2.1900086720164187,-2.761387426187334
25.560000000000002,2.161919087629008,-2.8545159513622957
25.57,2.1329183529891727,-2.943612546568439
25.580000000000002,2.103046836697639,-3.0286745027575344
25.59,2.0723448629340218,-3.1097130932006367
25.6,2.040852574833626,-3.186752905014532
25.61,2.008609804833731,-3.2598311184876025
25.62,1.9756559524638744,-3.3289967436215133
25.63,1.942029869961301,-3.3943098230920645
25.64,1.9077697560020332,-3.4558406105101223
25.650000000000002,1.8729130577510986,-3.513668732446886
25.66,1.8374963813530956,-3.567882342192313
25.67,1.8015554109072522,-3.618577272656802
25.68,1.7651248358999594,-3.6658561952192477
25.69,1.7282382870028672,-3.709827790683791
25.7,1.6909282800862835,-3.750605937846414
25.71,1.6532261682459388,-3.7883089245033665
25.72,1.615162101596216,-3.823058685067413
25.73,1.5767649945445907,-3.854980068304782
25.740000000000002,1.5380625002301207,-3.884200138073965
25.75,1.4990809917831116,-3.910847509344145
25.76,1.459845550043238,-3.9350517212017415
25.77,1.4203799573590767,-3.956942648022737
25.78,1.3807066970827833,-3.9766499494992864
25.79,1.3408469583690912,-3.9943025597637063
25.8,1.3008206458875093,-4.010028215452365
25.810000000000002,1.260646394060044,-4.023953022196467
25.82,1.22034158544358,-4.03620105871567
25.830000000000002,1.1799223728857307,-4.046894017422742
25.84,1.1394037050951251,-4.056150880221262
25.85,1.0987993552813053,-4.064087627991589
25.86,1.0581219525352932,-4.070816982110566
25.87,1.017383015639094,-4.076448176234839
25.88,0.9765929890105964,-4.0810867564936695
25.89,0.9357612805092206,-4.084834408181564
25.900000000000002,0.8948963008469653,-4.087788807011262
25.91,0.8540055043689955,-4.090043492980576
25.92,0.8130954309873538,-4.091687764919667
25.93,0.7721717490706022,-4.092806593815809
25.94,0.7312392991110376,-4.093480553058173
25.95,0.6903021380094386,-4.093785763803242
25.96,0.6493635838349726,-4.093793853730159
25.97,0.6084262609348354,-4.093571927532539
25.98,0.5674921452843219,-4.093182547577463
25.990000000000002,0.5265626099832861,-4.092683723251898
26.0,0.48563847081928385,-4.092128907610316
26.01,0.4447200318310798,-4.0915670000337325
26.02,0.4038071308186092,-4.091042353708705
26.03,0.36289918475690564,-4.090594786834212
26.04,0.32199523508192496,-4.090259596564204
26.05,0.2810939928256216,-4.090067574793315
26.060000000000002,0.24019388358605867,-4.090045024992517
26.07,0.19929309232577125,-4.090213779399971
26.080000000000002,0.15838960799805926,-4.090591215969888
26.09,0.11748126800637347,-4.0911902745788025
26.1,0.0765658025064832,-4.0920194720840986
26.11,0.035640878564691496,-4.093082915924239
26.12,-0.00529585581200156,-4.094380316043729
26.13,-0.04624672775618308,-4.09590699501882
26.14,-0.08721399571237795,-4.0976538963522176
26.150000000000002,-0.12819980568322745,-4.09960759099707
26.16,-0.16920614753231936,-4.101750282262142
26.17,-0.2102348113284703,-4.1040598093418135
26.18,-0.2512873437191556,-4.106509649806258
26.19,-0.2923650043245954,-4.109068921479167
26.2,-0.33346872214873896,-4.111702384222686
26.21,-0.37459905200904914,-4.11437044224179
26.22,-0.4157561309935747,-4.117029147613269
26.23,-0.45693963496131446,-4.119630205837468
26.240000000000002,-0.49814873511032404,-4.122120984303938
26.25,-0.5393820546473932,-4.124444524654721
26.26,-0.5806376256034185,-4.126539560120792
26.27,-0.621912845849809,-4.128340538997594
26.28,-0.6632044363833702,-4.129777655514005
26.29,-0.704508398960089,-4.130776889434542
26.3,-0.745819974172061,-4.131260055816267
26.310000000000002,-0.7871336000764143,-4.131144866418441
26.32,-0.8284428715004298,-4.130345004333258
26.330000000000002,-0.8697405001630795,-4.128770213468436
26.34,-0.9110182757697985,-4.126326404565346
26.35,-0.9522670282543865,-4.122915779478045
26.36,-0.9934765913593595,-4.118436975466814
26.37,-1.0346357677637228,-4.112785231272683
26.38,-1.0757322959848132,-4.10585257673447
26.39,-1.1167528192984122,-4.097528047684818
26.400000000000002,-1.1576828569385096,-4.087697927814044
26.41,-1.1985067778546932,-4.076246019117741
26.42,-1.2392077773208645,-4.063053942443684
26.43,-1.2797678567035669,-4.048001469522889
26.44,-1.3201678067113223,-4.03096688770668
26.45,-1.3603871944577004,-4.0118273984338275
26.46,-1.4004043546799987,-3.990459550217602
26.47,-1.4401963854620523,-3.966739706670198
26.48,-1.4797391488134028,-3.9405445497704097
26.490000000000002,-1.519007276457461,-3.9117516182291157
26.5,-1.5579741811779855,-3.880239880416061
26.51,-1.5966120740657823,-3.8458903408815166
26.52,-1.6348919879956159,-3.8085866790392426
26.53,-1.6727838076465673,-3.7682159180754335
26.54,-1.7102563063571248,-3.724669121615588
26.55,-1.7472771900788793,-3.6778421151222647
26.560000000000002,-1.78381314865957,-3.6276362284173596
26.57,-1.8198299146472263,-3.573959055129906
26.580000000000002,-1.8552923297621682,-3.516725224272787
26.59,-1.890164419132682,-3.455857178558533
26.6,-1.924409473333339,-3.3912859534861135
26.61,-1.9579901382024045,-3.3229519506788794
26.62,-1.9908685123469168,-3.2508056984408547
26.63,-2.0230062521712218,-3.174808592037546
26.64,-2.054364684187668,-3.0949336058116645
26.650000000000002,-2.0849049242874553,-3.011165968927246
26.66,-2.1145880035662126,-2.9235037963109503
26.67,-2.1433750002136738,-2.831958666239572
26.68,-2.1712271768910036,-2.736556136019884
26.69,-2.1981061229340715,-2.637336187331244
26.7,-2.223973900637629,-2.534353593061694
26.71,-2.2487931947953057,-2.42767819787096
26.72,-2.2725274645950484,-2.3173951052628317
26.73,-2.2951410969005623,-2.2036047646457604
26.740000000000002,-2.316599559887963,-2.0864229527020175
26.75,-2.3368695559546024,-1.9659806443667054
26.76,-2.3559191727752973,-1.8424237698290769
26.77,-2.373718031351184,-1.7159128551972231
26.78,-2.390237429879242,-1.5866225457968257
26.79,-2.4054504822671205,-1.4547410124857059
26.8,-2.419332250128956,-1.3204692428356293
26.810000000000002,-2.4318598671238334,-1.1840202205359585
26.82,-2.4430126545396753,-1.045617997882966
26.830000000000002,-2.4527722270814927,-0.9054966677051877
26.84,-2.4611225878937795,-0.763899242509671
26.85,-2.4680502119316867,-0.6210764499870142
26.86,-2.47354411689352,-0.47728545525620414
26.87,-2.477595921036811,-0.33278852133669506
26.88,-2.480199887320254,-0.18785162028060118
26.89,-2.481352953442423,-0.0427430081612194
26.900000000000002,-2.4810547474834785,0.10226822232189836
26.91,-2.4793075889959852,0.24691359750930575
26.92,-2.4761164755332925,0.3909267124759242
26.93,-2.4714890547464665,0.5340446606014877
26.94,-2.4654355823212626,0.6760094291784905
26.95,-2.4579688661628967,0.8165692477460597
26.96,-2.449104197366341,0.9554798765673247
26.97,-2.4388592686315502,1.0925058235825813
26.98,-2.4272540808946896,1.2274214792504001
26.990000000000002,-2.4143108390465424,1.360012159910064
27.0,-2.4000538376964884,1.4900750516349288
27.01,-2.3845093380138436,1.617420047969281
27.02,-2.367705436737103,1.7418704764217507
27.03,-2.349671928485409,1.8632637100968397
27.04,-2.3304401625351665,1.9814516623537273
27.05,-2.3100428952383347,2.0963011638605606
27.060000000000002,-2.2885141392579555,2.207694222837232
27.07,-2.26588901078159,2.31552817062696
27.080000000000002,-2.242203575845416,2.419715695986592
27.09,-2.2174946968618583,2.52018477262039
27.1,-2.1917998803930083,2.616878485488742
27.11,-2.1651571271520833,2.709754762291785
27.12,-2.1376047851471722,2.7987860172520693
27.13,-2.1091814068070414,2.883958714897286
27.14,-2.079925610849226,2.965272861974113
27.150000000000002,-2.049875949567559,3.0427414359108353
27.16,-2.0190707821310094,3.116389758395575
27.17,-1.9875481543996474,3.1862548226570597
27.18,-1.9553456856778682,3.252384582935994
27.19,-1.9225004627409275,3.3148372144289038
27.2,-1.8890489413892901,3.3736803516854486
27.21,-1.8550268557072187,3.428990313057858
27.22,-1.8204691351281332,3.480851318350981
27.23,-1.7854098293401992,3.5293547063168207
27.240000000000002,-1.749882041001797,3.5745981580915545
27.25,-1.7139178661783683,3.6166849320983943
27.26,-1.6775483423598292,3.6557231153479055
27.27,-1.6408034038714103,3.6918248954693547
27.28,-1.6037118444504423,3.7251058572118847
27.29,-1.5663012867271728,3.7556843065713723
27.3,-1.528598158319015,3.78368062513495
27.310000000000002,-1.4906276742244737,3.8092166566965444
27.32,-1.452413825185084,3.8324151276882876
27.330000000000002,-1.413979371670708,3.8533991024981638
27.34,-1.3753458431351209,3.872291474306561
27.35,-1.3365335421845768,3.8892144916752964
27.36,-1.2975615533016147,3.9042893207631955
27.37,-1.2584477557693128,3.917635642722601
27.38,-1.2192088404471626,3.9293712855508187
27.39,-1.1798603300582964,3.939611889428456
27.400000000000002,-1.1404166026585936,3.9484706043714044
27.41,-1.1008909179708684,3.9560578188529885
27.42,-1.0612954462815338,3.9624809179154434
27.43,-1.0216412996125595,3.967844069183064
27.44,-0.9819385648978725,3.9722480351106
27.45,-0.9421963389103474,3.975790009747281
27.46,-0.9024227647029268,3.9785634782666497
27.47,-0.8626250693450144,3.980658097502721
27.48,-0.8228096027528724,3.982159595741386
27.490000000000002,-0.7829818774301867,3.983149690040164
27.5,-0.7431466089520691,3.983706019387172
27.51,-0.7033077570424432,3.983902092059448
27.52,-0.6634685671108802,3.9838072455997278
27.53,-0.6236316121304487,3.983486617897603
27.54,-0.5837988347529282,3.9830011279342457
27.55,-0.5439715895717637,3.982407464828106
27.560000000000002,-0.504150685456366,3.9817580839010125
27.57,-0.4643364278937435,3.9811012085688513
27.580000000000002,-0.424528661284989,3.9804808369475992
27.59,-0.38472681115479157,3.97993675215315
27.6,-0.344929926241926,3.9795045353615315
27.61,-0.3051367204475609,3.9792155807842344
27.62,-0.2653456146262413,3.9790971118011056
27.63,-0.2255547782115388,3.9791721975803345
27.64,-0.18576217067463463,3.9794597696012746
27.650000000000002,-0.14596558281951333,3.9799746375811202
27.66,-0.10616267792301222,3.980727504390756
27.67,-0.0663510327316982,3.981724979628453
27.68,-0.026528178330443165,3.982969591602564
27.69,0.013308359100353079,3.984459797556122
27.7,0.05316101762067927,3.986189992047351
27.71,0.09303215894130008,3.988150513480818
27.72,0.13292402789029562,3.9903276488643438
27.73,0.17283871191858696,3.9927036369471445
27.740000000000002,0.21277810062923852,3.995256669975036
27.75,0.2527438453180877,3.997960894379148
27.76,0.2927373185168215,4.000786410795502
27.77,0.33275957353399777,4.00369927389411
27.78,0.37281130399470375,4.006661492577986
27.79,0.4128928033855575,4.0096310311945755
27.8,0.45300392461859523,4.012561812484503
27.810000000000002,0.4931440396352475,4.015403723075043
27.82,0.5333119990800961,4.018102622408078
27.830000000000002,0.5735060920834092,4.020600356074117
27.84,0.6137240062015785,4.0228347746047755
27.85,0.6539627875755047,4.024739758855361
27.86,0.6942188013786857,4.026245253186137
27.87,0.7344876926392274,4.027277307724633
27.88,0.7747643475331784,4.027758131060992
27.89,0.8150428552604472,4.027606154792736
27.900000000000002,0.855316470629033,4.026736111393114
27.91,0.8955775774883095,4.025059126927
27.92,0.935817653167573,4.022482830178548
27.93,0.9760272340918805,4.018911479783666
27.94,1.0161958827632465,4.014246110976137
27.95,1.0563121563114033,4.008384703556716
27.96,1.0963635768343807,4.001222372677846
27.97,1.13633660376496,3.992651584000433
27.98,1.1762166085143893,3.9825623947213336
27.990000000000002,1.2159878516593865,3.9708427218884466
28.0,1.2556334629521582,3.957378639312464
28.01,1.295135424445636,3.9420547042482577
28.02,1.3344745570371233,3.9247543148525548
28.03,1.373630510742687,3.905360099226226
28.04,1.4125817590216476,3.8837543366176575
28.05,1.45130559747504,3.859819411097148
28.060000000000002,1.4897781472435905,3.8334382977103423
28.07,1.5279743634292466,3.804495080781208
28.080000000000002,1.5658680488592145,3.7728755036624095
28.09,1.6034318735024948,3.7384675488242003
28.1,1.6406373998356987,3.7011620467341726
28.11,1.6774551144371783,3.6608533115120077
28.12,1.7138544660659387,3.617439800849596
28.13,1.74980391045417,3.57082479717218
28.14,1.7852709620093823,3.5209171064862725
28.150000000000002,1.8202222525838956,3.467631770821807
28.16,1.8546235974258185,3.410890789637076
28.17,1.8884400683766371,3.3506238450243666
28.18,1.9216360743263057,3.286769025041505
28.19,1.9541754488774672,3.2192735390103517
28.2,1.9860215451065126,3.1480944181788795
28.21,2.0171373372410444,3.0731991947505004
28.22,2.047485529001522,2.994566551954769
28.23,2.0770286682801395,2.9121869375794134
28.240000000000002,2.10572926775311,2.8260631332165156
28.25,2.1335499309444694,2.7362107714065584
28.26,2.160453483181241,2.6426587929030716
28.27,2.1864031068025307,2.5454498364364317
28.28,2.21136247990997,2.4446405536350295
28.29,2.2352959178752316,2.340301842170502
28.3,2.25816851675338,2.2325189907336487
28.310000000000002,2.2799462976899045,2.121391730118976
28.32,2.3005963513557592,2.007034185495619
28.330000000000002,2.320086981399817,1.8895747258647069
28.34,2.3383878458730534,1.7691557077389521
28.35,2.3554700955545957,1.645933111217065
28.36,2.371306508097395,1.5200760678482617
28.37,2.3858716169115612,1.39176628097243
28.38,2.3991418337168433,1.2611973405587562
28.39,2.411095563722736,1.1285739359269165
28.400000000000002,2.4217133124353816,0.9941109710957585
28.41,2.4309777831446513,0.858032588839105
28.42,2.438873964212164,0.7205711108108175
28.43,2.445389205360868,0.5819659023056739
28.44,2.4505132822582776,0.44246217132399146
28.45,2.454238448787348,0.3023097125829123
28.46,2.456559476509936,0.16176160794483277
28.47,2.4574736809462445,0.02107289539544116
28.48,2.456980934417845,-0.1195007808144368
28.490000000000002,2.455083665329956,-0.2597045259582858
28.5,2.451786843898679,-0.39928554355662943
28.51,2.4470979544588234,-0.5379944641416069
28.52,2.4410269546158467,-0.6755866414758541
28.53,2.433586221629306,-0.8118234041325281
28.54,2.424790486533196,-0.946473251017158
28.55,2.414656756608963,-1.0793129802504016
28.560000000000002,2.4032042269281884,-1.2101287418153996
28.57,2.390454181772655,-1.3387170054830413
28.580000000000002,2.376429886818527,-1.46488543673962
28.59,2.361156473037862,-1.5884536747290299
28.6,2.344660813323946,-1.709254007559914
28.61,2.3269713928866635,-1.8271319416909355
28.62,2.3081181744901276,-1.941946663469005
28.63,2.2881324596172834,-2.0535713922314205
28.64,2.267046746645499,-2.161893625670667
28.650000000000002,2.2448945871038704,-2.2668152793795397
28.66,2.2217104410579087,-2.3682527236262625
28.67,2.1975295326313455,-2.4661367214392467
28.68,2.172387706629124,-2.560412272997006
28.69,2.1463212871714057,-2.651038372111551
28.7,2.1193669391868935,-2.7379876812575774
28.71,2.0915615335462543,-2.821246132132157
28.72,2.0629420165442505,-2.900812459130612
28.73,2.033545284363642,-2.9766976733965116
28.740000000000002,2.00340806307632,-3.0489244852524493
28.75,1.9725667946585932,-3.1175266828505324
28.76,1.9410575294193095,-3.1825484748061736
28.77,1.9089158251624698,-3.2440438044059228
28.78,1.876176653331191,-3.302075642720801
28.79,1.8428743123080538,-3.356715267622577
28.8,1.8090423479787394,-3.408041535303616
28.810000000000002,1.7747134816019814,-3.456140150453315
28.82,1.739919544969673,-3.5011029407573804
28.830000000000002,1.7046914227868335,-3.543027140871509
28.84,1.6690590021522427,-3.582014690488933
28.85,1.6330511289770548,-3.6181715505814287
28.86,1.596695571140614,-3.651607041354603
28.87,1.5600189881499624,-3.6824332049282544
28.88,1.5230469070420487,-3.710764195238118
28.89,1.4858037042452001,-3.7367156971620212
28.900000000000002,1.448312593098808,-3.76040437640605
28.91,1.4105956167170788,-3.7819473612483905
28.92,1.37267364587384,-3.80146175683285
28.93,1.3345663815804216,-3.819064192332492
28.94,1.2962923620271902,-3.8348704009674552
28.95,1.2578689735610726,-3.84899483256024
28.96,1.2193124653759853,-3.8615502980463443
28.97,1.1806379676001457,-3.8726476451273224
28.98,1.141859512473439,-3.8823954640560054
28.990000000000002,1.1029900583190257,-3.890899822378199
29.0,1.0640415160258752,-3.8982640273198705
29.01,1.0250247777726282,-3.904588414401678
29.02,0.9859497477378415,-3.909970160781499
29.03,0.9468253745569983,-3.914503121768231
29.04,0.9076596853024769,-3.9182776889142503
29.05,0.8684598207787133,-3.9213806680773846
29.060000000000002,0.8292320719409292,-3.9238951758438207
29.07,0.7899819172618369,-3.925900552719016
29.080000000000002,0.7507140608865488,-3.927472291522368
29.09,0.7114324714313894,-3.928681979461283
29.1,0.6721404212973232,-3.9295972524096427
29.11,0.6328405263831967,-3.9302817599729023
29.12,0.5935347860978653,-3.9307951399857353
29.13,0.554224623583482,-3.9311930011569833
29.14,0.5149109260747256,-3.931526912649535
29.150000000000002,0.4755940853304913,-3.9318443994586487
29.16,0.43627403808555254,-3.932188942530315
29.17,0.396950306479885,-3.9325999826407725
29.18,0.3576220384327371,-3.93311292713869
29.19,0.31828804793711113,-3.9337591587322915
29.2,0.2789468552580912,-3.9345660455844738
29.21,0.23959672702542162,-3.9355569520594744
29.22,0.2002357162169017,-3.9367512495446815
29.23,0.160861702034528,-3.9381643268506377
29.240000000000002,0.12147242967988894,-3.9398075997711404
29.25,0.08206555003910518,-3.9416885194635514
29.26,0.042638659290617914,-3.943810579387117
29.27,0.003189338451362837,-3.9461733206143097
29.28,-0.03628480712166828,-3.948772335407092
29.29,-0.075786108256779,-3.9515992690267163
29.3,-0.11531679250220261,-3.954641819822363
29.310000000000002,-0.15487894465322627,-3.9578837377207408
29.32,-0.19447446725661743,-3.961304821315905
29.330000000000002,-0.23410504107954438,-3.9648809138361054
29.34,-0.27377208553333954,-3.968583898342594
29.35,-0.31347671904639623,-3.972381692594057
29.36,-0.3532197193852207,-3.976238244089779
29.37,-0.39300148392819184,-3.980113525884707
29.38,-0.4328219899029148,-3.9839635338502792
29.39,-0.47268075460519743,-3.987740286135987
29.400000000000002,-0.5125767956256346,-3.9913918256679803
29.41,-0.5525085911185571,-3.9948622266022618
29.42,-0.5924740401576799,-3.998091605730736
29.43,-0.6324704232331718,-4.001016139918051
29.44,-0.6724943629560408,-4.0035680907251505
29.45,-0.7125417850476747,-4.005675837450957
29.46,-0.75260787970506,-4.007263919895744
29.47,-0.7926870634455897,-4.008253092217432
29.48,-0.8327729415494086,-4.008560389314106
29.490000000000002,-0.8728582712318718,-4.008099207221106
29.5,-0.9129349256938307,-4.0067793990576215
29.51,-0.9529938592130243,-4.004507388094171
29.52,-0.9930250734557142,-4.001186299536822
29.53,-1.0330175852037609,-3.9967161126347044
29.54,-1.0729593957084085,-3.990993834712126
29.55,-1.1128374618980035,-3.98391369870334
29.560000000000002,-1.1526376696824754,-3.975367385724564
29.57,-1.192344809612495,-3.965244274151898
29.580000000000002,-1.2319425551655134,-3.953431716583136
29.59,-1.2714134439441576,-3.939815345943936
29.6,-1.3107388620843923,-3.92427941185225
29.61,-1.3498990321812028,-3.9067071481774716
29.62,-1.3888730050479416,-3.8869811725206556
29.63,-1.4276386556316158,-3.8649839180980647
29.64,-1.466172683409903,-3.8405980982311547
29.650000000000002,-1.5044506175962389,-3.8137072033314015
29.66,-1.542446827476531,-3.784196029918099
29.67,-1.580134538194601,-3.751951240822101
29.68,-1.6174858522929731,-3.716861955309811
29.69,-1.654471777300797,-3.678820367411782
29.7,-1.6910622596412086,-3.637722390262171
29.71,-1.7272262251060404,-3.593468323753062
29.72,-1.76293162611627,-3.5459635422864024
29.73,-1.7981454959517686,-3.4951191988721373
29.740000000000002,-1.8328340100937126,-3.4408529412811664
29.75,-1.8669625547773918,-3.383089635424277
29.76,-1.900495802802198,-3.3217620906022916
29.77,-1.9333977965894376,-3.256811780768448
29.78,-1.965632038417567,-3.188189555472298
29.79,-1.9971615876988833,-3.1158563337265837
29.8,-2.0279491650920987,-3.0397837736665343
29.810000000000002,-2.057957263172214,-2.9599549105667498
29.82,-2.0871482633034333,-2.8763647555562795
29.830000000000002,-2.115484558283339,-2.789020847239079
29.84,-2.142928680248214,-2.6979437483955286
29.85,-2.1694434332512493,-2.6031674800206903
29.86,-2.194992029848628,-2.5047398851546996
29.87,-2.2195382309543437,-2.4027229152864016
29.88,-2.2430464881543566,-2.297192832567294
29.89,-2.26548208760569,-2.1882403216606843
29.900000000000002,-2.2868112945875705,-2.0759705057696847
29.91,-2.3070014977210835,-1.9605028622332612
29.92,-2.3260213518322357,-1.8419710340448734
29.93,-2.3438409184019813,-1.720522534723092
29.94,-2.3604318025266977,-1.5963183451345078
29.95,-2.375767285304671,-1.4695324021199099
29.96,-2.3898224505690955,-1.340350980085932
29.97,-2.4025743049063895,-1.2089719680745998
29.98,-2.4140018899305873,-1.0756040461888665
29.990000000000002,-2.424086385830167,-0.9404657666082816
30.0,-2.432811205262753,-0.8037845457494827
30.01,-2.440162076745157,-0.6657955753850853
30.02,-2.4461271167704552,-0.5267406617061262
30.03,-2.45069688997928,-0.3868670023729795
30.04,-2.453864456817915,-0.24642591252500418
30.05,-2.4556254082297797,-0.1056715114899889
30.060000000000002,-2.4559778870477147,0.035140617466240615
30.07,-2.4549225958804546,0.17575478159523406
30.080000000000002,-2.45246279141581,0.31591653435123346
30.09,-2.4486042651934303,0.45537401931010346
30.1,-2.443355311029608,0.5938792895040272
30.11,-2.4367266794033497,0.7311895897281759
30.12,-2.4287315192350443,0.8670685899368434
30.13,-2.4193853076046126,1.0012875585825654
30.14,-2.4087057680633928,1.133626465646275
30.150000000000002,-2.396712778291687,1.2638750061401256
30.16,-2.38342826794059,1.3918335360151022
30.17,-2.368876107571385,1.51731391364879
30.18,-2.3530819896676145,1.6401402413992197
30.19,-2.336073302743401,1.7601495030624308
30.2,-2.317878999606366,1.877192094438307
30.21,-2.2985294608546347,1.9911322455660057
30.22,-2.278056354695046,2.1018483345130248
30.23,-2.256492494164374,2.2092330938685456
30.240000000000002,-2.233871692817675,2.3131937122824513
30.25,-2.210228619918725,2.413651834489328
30.26,-2.1855986561278886,2.510543464247746
30.27,-2.16001775063377,2.603818775498213
30.28,-2.133522280617924,2.6934418377906275
30.29,-2.1061489138779574,2.7793902626491254
30.3,-2.0779344753649416,2.861654778027245
30.310000000000002,-2.0489158183174125,2.94023873836046
30.32,-2.0191297005977322,3.0151575779499797
30.330000000000002,-1.9886126667584128,3.086438215517234
30.34,-1.9574009362873874,3.1541184177603774
30.35,-1.9255302984032052,3.2182461296318765
30.36,-1.8930360136947497,3.278878778850253
30.37,-1.8599527228262,3.3360825618707124
30.38,-1.8263143624573355,3.3899317181805486
30.39,-1.792154088462589,3.4405077993678685
30.400000000000002,-1.7575042064699782,3.487898938948257
30.41,-1.722396109683624,3.532199128435028
30.42,-1.6868602239012775,3.573507504615693
30.43,-1.65092595959131,3.611927652460442
30.44,-1.6146216708520686,3.6475669275471714
30.45,-1.5779746210403665,3.680535801350331
30.46,-1.541010954825062,3.7109472322149615
30.47,-1.503755676396067,3.7389160643291657
30.48,-1.4662326335384785,3.764558456523139
30.490000000000002,-1.4284645072656041,3.787991342265148
30.5,-1.3904728066931753,3.8093319217977357
30.51,-1.3522778688296493,3.8286971869634088
30.52,-1.313898862953907,3.846203478909697
30.53,-1.2753537992514554,3.8619660785395586
30.54,-1.2366595413831158,3.876098829284849
30.55,-1.1978318226657583,3.8887137915274828
30.560000000000002,-1.158885265552566,3.899920927774181
30.57,-1.1198334041102747,3.9098278175049037
30.580000000000002,-1.080688709202468,3.9185394004606575
30.59,-1.0414626161010614,3.9261577470114157
30.6,-1.0021655542622396,3.9327818541473802
30.61,-0.9628069790181137,3.938507465564535
30.62,-0.9233954049509489,3.943426914266197
30.63,-0.8839384407327897,3.9476289860738167
30.64,-0.8444428252294724,3.951198802430395
30.650000000000002,-0.8049144646841817,3.9542177208864415
30.66,-0.7653584708117435,3.9567632516793405
30.67,-0.7257791996505948,3.9589089888503564
30.68,-0.6861802910347363,3.9607245543875353
30.69,-0.6465647085628441,3.962275553935718
30.7,-0.606934779956022,3.96362354267529
30.71,-0.5672922377093383,3.964826000037756
30.72,-0.5276382599552668,3.9659363119975315
30.73,-0.48797351146938767,3.967003759754416
30.740000000000002,-0.4482981847601785,3.9680735136990957
30.75,-0.4086120411954058,3.969186631633982
30.76,-0.3689144521274989,3.97038006030298
30.77,-0.3292044399893462,3.9716866393659385
30.78,-0.2894807193401801,3.9731351070360774
30.79,-0.2497417378486246,3.974750106681303
30.8,-0.209985717206554,3.9765521937728026
30.810000000000002,-0.17021069397316851,3.9785578426464583
30.82,-0.13041456035362484,3.9807794526244114
30.830000000000002,-0.09059510492068029,3.98322535312548
30.84,-0.05075005329111523,3.985899807474165
30.85,-0.010877108771196986,3.9888030151987244
30.86,0.029026007012859262,3.991931112689384
30.87,0.0689615134825907,3.9952761721683303
30.88,0.10893153045622588,3.998826199003818
30.89,0.14893803746266707,4.002565127481738
30.900000000000002,0.18898283300586063,4.006472815229416
30.91,0.2290674937672554,4.010525036568451
30.92,0.26919333373722965,4.014693475156118
30.93,0.3093613632703777,4.018945716358385
30.94,0.3495722480643973,4.023245239881893
30.95,0.38982626806801557,4.027551413277422
30.96,0.4301232763299457,4.0318194870131565
30.970000000000002,0.4704626578082786,4.036000591902534
30.98,0.5108432881679964,4.040041739758142
30.990000000000002,0.5512634926034415,4.043885828229862
31.0,0.5917210047325937,4.047471650871674
31.01,0.632212925620875,4.050733913566754
31.02,0.6727356830039287,4.053603258523928
31.03,0.7132849907913535,4.05600629713946
31.04,0.7538558089467179,4.0578656530954875
31.05,0.7944423038532633,4.059100017139099
31.060000000000002,0.8350378092894998,4.059624215052709
31.07,0.8756347881543175,4.059349290385698
31.080000000000002,0.9162247950972138,4.058182603567455
31.09,0.9567984402256665,4.056027949061425
31.1,0.9973453540784423,4.052785692246352
31.11,1.0378541540705934,4.048352927722779
31.12,1.0783124126328978,4.042623660737659
31.13,1.1187066272853468,4.035489013395389
31.14,1.1590221929008055,4.026837457277361
31.150000000000002,1.1992433764308938,4.0165550740217615
31.16,1.2393532943812409,4.004525845318408
31.17,1.2793338933372622,3.9906319736476235
31.18,1.3191659338541932,3.974754234935103
31.19,1.3588289780359641,3.956772364104505
31.2,1.3983013811362832,3.93656547428416
31.21,1.437560287521647,3.9140125101623906
31.220000000000002,1.476581631339531,3.888992735686434
31.23,1.5153401422353758,3.8613862559622203
31.240000000000002,1.5538093564587754,3.831074572836438
31.25,1.5919616336921047,3.7979411732291135
31.26,1.6297681799233579,3.7618721488359386
31.27,1.6671990766688236,3.722756845337282
31.28,1.7042233168301035,3.6804885387386244
31.29,1.740808847443596,3.634965135929601
31.3,1.7769226195486956,3.5860898959914693
31.310000000000002,1.8125306453634256,3.5337721682123946
31.32,1.8475980629129436,3.477928142194329
31.330000000000002,1.8820892082073122,3.4184816048633815
31.34,1.9159676950102111,3.3553646986375285
31.35,1.9491965021800628,3.2885186744722126
31.36,1.9817380684996555,3.217894633007661
31.37,2.013554394840216,3.1434542465940245
31.38,2.044607153431536,3.0651704545845266
31.39,2.0748578039319066,2.983028123975707
31.400000000000002,2.1042677159110506,2.8970246672503035
31.41,2.132798297276913,2.807170609154667
31.42,2.160411128094144,2.713490094130206
31.43,2.1870680991595175,2.616021326227387
31.44,2.212731554618692,2.5148169335696817
31.45,2.237364437830911,2.409944249810046
31.46,2.2609304396148926,2.301485505537931
31.470000000000002,2.2833941479416695,2.1895379232518124
31.48,2.3047211980799287,2.0742137103088596
31.490000000000002,2.3248784221478465,1.955639945194698
31.5,2.343833996983822,1.8339583535137263
31.51,2.3615575892181204,1.7093249712722771
31.52,2.3780204964092677,1.5819096942978108
31.53,2.3931957831040767,1.4518957139888273
31.54,2.4070584106890442,1.31947884100091
31.55,2.419585359924095,1.184866719920373
31.560000000000002,2.4307557450874517,1.048277939432455
31.57,2.440550918712744,0.9099410439285166
31.580000000000002,2.448954565966022,0.7700934538881697
31.59,2.4559527877905074,0.6289803036895266
31.6,2.4615341720398125,0.4868532067164043
31.61,2.465689851924836,0.34396895871944744
31.62,2.468413551214202,0.20058819132507036
31.63,2.4697016157513376,0.0569739883511671
31.64,2.469553030981226,-0.08660952183543807
31.650000000000002,2.4679694253146294,-0.2298985843108513
31.66,2.464955059295009,-0.3726312321629246
31.67,2.4605168006713707,-0.5145486839155741
31.68,2.4546640856166975,-0.6553967103512162
31.69,2.4474088664643463,-0.7949269577451654
31.7,2.438765546461794,-0.9328982151935546
31.71,2.4287509021604756,-1.0690776145655358
31.720000000000002,2.4173839941704838,-1.203241752622323
31.73,2.4046860671080292,-1.3351777259978643
31.740000000000002,2.3906804396505263,-1.4646840710037796
31.75,2.3753923856879533,-1.5915716015779415
31.76,2.3588490076189674,-1.7156641401138866
31.77,2.3410791028856757,-1.8367991373588461
31.78,2.3221130248717903,-1.9548281790237778
31.79,2.3019825393052,-2.069617378182545
31.8,2.2807206773081394,-2.1810476539243178
31.810000000000002,2.2583615862267137,-2.289014898040543
31.82,2.2349403793473286,-2.3934300327554037
31.830000000000002,2.2104929855716056,-2.4942189636295726
31.84,2.185056000074737,-2.5913224327675417
31.85,2.1586665369162543,-2.6846957783286025
31.86,2.1313620845081647,-2.7743086070738134
31.87,2.103180364774778,-2.8601443872724825
31.88,2.074159196762715,-2.942199969741475
31.89,2.0443363653799485,-3.020485045101575
31.900000000000002,2.0137494958606834,-3.095021545512369
31.91,1.982435934469701,-3.165842999198089
31.92,1.9504326358767214,-3.232993846010827
31.93,1.9177760575494842,-3.2965287221053425
31.94,1.8845020614346144,-3.356511721533134
31.95,1.8506458231188214,-3.413015642215131
31.96,1.8162417485903117,-3.466121223335222
31.970000000000002,1.7813233986521169,-3.515916380723774
31.98,1.745923420975836,-3.5624954462840295
31.990000000000002,1.7100734897264362,-3.605958416966942
32.0,1.6738042526364973,-3.646410218233052
32.01,1.6371452853617754,-3.6839599863639942
32.02,1.6001250529092177,-3.7187203734107106
32.03,1.5627708778935614,-3.7508068779988686
32.04,1.5251089153492403,-3.780337204661716
32.05,1.487164133800327,-3.807430653842835
32.06,1.4489603022723836,-3.8322075442110646
32.07,1.4105199829161055,-3.854788668461242
32.08,1.3718645289031586,-3.8752947833403946
32.09,1.3330140872492977,-3.8938461342415716
32.1,1.2939876062183273,-3.9105620143479056
32.11,1.2548028469623398,-3.9255603579881244
32.12,1.215476399058565,-3.9389573675813656
32.13,1.1760236996107125,-3.9508671733030116
32.14,1.1364590555925047,-3.9614015243930556
32.15,1.0967956691228513,-3.9706695108526002
32.160000000000004,1.0570456653754525,-3.9787773141305443
32.17,1.0172201228402402,-3.9858279852891263
32.18,0.9773291056696699,-3.9919212490515257
32.19,0.9373816978592097,-3.9971533320747135
32.2,0.8973860390281757,-4.00161681375383
32.21,0.8573493615841332,-4.005400497848112
32.22,0.8172780290712136,-4.008589303220499
32.230000000000004,0.7771775755197233,-4.011264172001214
32.24,0.7370527456311893,-4.0135019935177505
32.25,0.6969075356493682,-4.015375542377801
32.26,0.6567452347836333,-4.016953429145855
32.27,0.6165684670664512,-4.018300062116821
32.28,0.5763792335412969,-4.019475618759545
32.29,0.5361789546912603,-4.020536025478133
32.3,0.4959685130317342,-4.0215329444183645
32.31,0.455748295802893,-4.022513766129113
32.32,0.4155182377091519,-4.023521606973745
32.33,0.37527786366341803,-4.024595310273115
32.34,0.33502633150368955,-4.025769450249492
32.35,0.29476247465842814,-4.027074337928929
32.36,0.2544848447451109,-4.028536028247989
32.37,0.2141917540934683,-4.03017632769896
32.38,0.1738813181911317,-4.032012801935626
32.39,0.13355149805475577,-4.0340587828491685
32.4,0.09320014253414831,-4.036323374710872
32.410000000000004,0.05282503056053832,-4.038811459064954
32.42,0.012423913352849227,-4.041523698141142
32.43,-0.028005443402284516,-4.044456536642756
32.44,-0.0684652173800059,-4.047602201852022
32.45,-0.10895748743932496,-4.050948702080424
32.46,-0.14948419142161437,-4.054479823578244
32.47,-0.1900470839108898,-4.058175126104073
32.480000000000004,-0.23064769394369583,-4.062009937442366
32.49,-0.2712872826597372,-4.065955347244957
32.5,-0.311966800888595,-4.069978200661075
32.51,-0.3526868466729587,-4.074041092309773
32.52,-0.39344762273479045,-4.078102361238803
32.53,-0.43424889389773474,-4.0821160876047236
32.54,-0.47508994448688496,-4.08603209190028
32.55,-0.5159695357357403,-4.089795937646508
32.56,-0.5568858632398151,-4.093348938558302
32.57,-0.5978365145069064,-4.096628171282784
32.58,-0.6388184266654708,-4.099566494899149
32.59,-0.6798278444048894,-4.1020925784559665
32.6,-0.7208602782345902,-4.104130937906323
32.61,-0.7619104631630159,-4.105601983881537
32.62,-0.802972317912221,-4.106422081819432
32.63,-0.8440389047994046,-4.106503626031693
32.64,-0.8851023904328548,-4.105755129355303
32.65,-0.9261540073865105,-4.104081330083585
32.660000000000004,-0.9671840170345265,-4.101383317911133
32.67,-1.008181673744733,-4.097558680651773
32.68,-1.0491351906475619,-4.092501673497553
32.69,-1.0900317072146841,-4.086103412577117
32.7,-1.1308572588991042,-4.078252094541382
32.71,-1.1715967491055117,-4.068833243850576
32.72,-1.2122339237761155,-4.057729989356934
32.730000000000004,-1.2527513488926503,-4.04482337166908
32.74,-1.293130391209497,-4.0299926826449335
32.75,-1.3333512025455487,-4.013115838187518
32.76,-1.373392707973247,-3.994069785310126
32.77,-1.413232598251751,-3.972730944192202
32.78,-1.452847326857091,-3.948975685663417
32.79,-1.4922121119650193,-3.922680844229872
32.8,-1.5313009437416885,-3.8937242663926774
32.81,-1.5700865972928728,-3.861985393605593
32.82,-1.6085406516138,-3.827345878776024
32.83,-1.6466335148683933,-3.789690234734354
32.84,-1.6843344563084872,-3.748906512583216
32.85,-1.7216116451200576,-3.7048870072948694
32.86,-1.7584321964543848,-3.65752898735634
32.87,-1.7947622248671844,-3.6067354446747317
32.88,-1.8305669053478795,-3.55241586035651
32.89,-1.8658105420743147,-3.494486981373271
32.9,-1.9004566449753448,-3.432873602532368
32.910000000000004,-1.9344680141249622,-3.367509347594625
32.92,-1.9678068319272375,-3.2983374428351286
32.93,-2.000434762981665,-3.225311475839386
32.94,-2.0323130614440252,-3.1483961318792892
32.95,-2.06340268561925,-3.067567899834839
32.96,-2.0936644194407217,-2.982815739332225
32.97,-2.1230590004058945,-2.8941417005698535
32.980000000000004,-2.1515472534521183,-2.8015614882140234
32.99,-2.179090230170175,-2.705104960776713
33.0,-2.2056493526676526,-2.604816557049478
33.01,-2.2311865613111643,-2.5007556414679866
33.02,-2.255664465497012,-2.3929967607270473
33.03,-2.279046496525705,-2.281629804559397
33.04,-2.3012970615882002,-2.1667600643330385
33.05,-2.322381697812366,-2.048508184008474
33.06,-2.34226722526837,-1.9270099990220506
33.07,-2.3609218977928075,-1.802416259814522
33.08,-2.3783155504646607,-1.674892237990928
33.09,-2.394419742552626,-1.5446172144615673
33.1,-2.409207894753892,-1.4117838503534548
33.11,-2.4226554195596957,-1.276597442973582
33.12,-2.434739843613364,-1.139275070623404
33.13,-2.4454409209721635,-1.0000446315802316
33.14,-2.4547407362449682,-0.8591437840463876
33.15,-2.462623796653091,-0.7168187952913287
33.160000000000004,-2.469077112150795,-0.5733233095460284
33.17,-2.474090262844012,-0.42891704542444115
33.18,-2.477655453059284,-0.2838644347174523
33.19,-2.4797675515383606,-0.138433215306703
33.2,-2.4804241173654176,0.00710700834117009
33.21,-2.4796254113715372,0.15248622313120888
33.22,-2.4773743929027936,0.29743546948757293
33.230000000000004,-2.473676701981786,0.44168829336348003
33.24,-2.468540627035524,0.5849821739422227
33.25,-2.4619770585029412,0.7270599132360316
33.26,-2.4539994287708033,0.8676709743804397
33.27,-2.4446236390153326,1.0065727562119273
33.28,-2.4338679736465645,1.1435317926881574
33.29,-2.421753003161569,1.278324866841404
33.3,-2.4083014763097363,1.410740030222017
33.31,-2.3935382025571283,1.5405775201627367
33.32,-2.3774899259064814,1.667650568647511
33.33,-2.3601851911841782,1.7917860980705396
33.34,-2.3416542039450703,1.9128253006929168
33.35,-2.32192868517032,2.0306241001165986
33.36,-2.3010417219427386,2.145053494571147
33.37,-2.279027615278897,2.2559997832225243
33.38,-2.255921726278288,2.3633646780426067
33.39,-2.231760321718045,2.467065305003525
33.4,-2.2065804201782178,2.567034099466368
33.410000000000004,-2.1804196397287177,2.663218601606651
33.42,-2.153316048146085,2.7555811585503607
33.43,-2.1253080165577107,2.844098540579078
33.44,-2.096434077334503,2.9287614792987324
33.45,-2.066732786971736,3.0095741360553703
33.46,-2.036242594613396,3.0865535091271576
33.47,-2.005001716789193,3.1597287883315075
33.480000000000004,-1.973048018846766,3.2291406656687363
33.49,-1.9404189034758184,3.2948406104897043
33.5,-1.907151206636972,3.356890117436587
33.51,-1.8732811011270867,3.4153599350762045
33.52,-1.838844007935448,3.4703292827377306
33.53,-1.803874515472332,3.5218850625947775
33.54,-1.7684063066835523,3.5701210735093127
33.55,-1.7324720940021456,3.6151372325946802
33.56,-1.6961035620316587,3.6570388098695603
33.57,-1.6593313178047544,3.6959356807754946
33.58,-1.6221848484161487,3.731941600728174
33.59,-1.5846924857901907,3.765173505276335
33.6,-1.5468813783106217,3.795750838860102
33.61,-1.5087774690129885,3.823794914599885
33.62,-1.470405480018624,3.8494283070133206
33.63,-1.4317889028727222,3.872774279055828
33.64,-1.3929499944375074,3.893956244413719
33.65,-1.3539097779844478,3.9130972655499034
33.660000000000004,-1.3146880491265094,3.930319587612674
33.67,-1.2753033862321943,3.9457442079685383
33.68,-1.2357731649671386,3.959490480810606
33.69,-1.196113576615982,3.971675756023944
33.7,-1.1563396498466596,3.982415051257453
33.71,-1.116465275590833,3.991820755956526
33.72,-1.0765032347275292,4.00000236595012
33.730000000000004,-1.0364652282718305,4.007066247057633
33.74,-0.9963619097863764,4.01311542608279
33.75,-0.9562029197501748,4.01824940749108
33.76,-0.9159969216365548,4.022564014021577
33.77,-0.8757516394697432,4.026151249460765
33.78,-0.8354738966473395,4.029099181802652
33.79,-0.7951696558336901,4.0314918450337185
33.8,-0.7548440597466651,4.033409157810754
33.81,-0.7145014726774751,4.034926857342184
33.82,-0.6741455225998215,4.036116446837233
33.83,-0.6337791437407305,4.037045154950184
33.84,-0.5934046195008179,4.037775905717588
33.85,-0.5530236256263789,4.038367297562905
33.86,-0.5126372735495598,4.038873590024554
33.87,-0.47224615382588775,4.039344696948408
33.88,-0.43185037961059164,4.039826184973525
33.89,-0.3914496301264172,4.040359276229462
33.9,-0.3510431940860024,4.040980854254164
33.910000000000004,-0.310630013041334,4.041723472232652
33.92,-0.2702087246413494,4.0426153627480845
33.93,-0.2297777057863723,4.04368044832788
33.94,-0.18933511567479178,4.044938352158332
33.95,-0.14887893874320565,4.046404408431262
33.96,-0.10840702750616651,4.048089671875806
33.97,-0.06791714530568954,4.050000926117318
33.980000000000004,-0.027407008983820164,4.052140690593742
33.99,0.013125668506185292,4.054507225847682
34.0,0.05368313553313347,4.057094537100005
34.01,0.09426755924818538,4.059892376098213
34.02,0.13488098305509771,4.06288624132026
34.03,0.17552528407459056,4.0660573767020765
34.04,0.21620213058913923,4.069382769144995
34.05,0.2569129394574905,4.072835145147674
34.06,0.29765883349209277,4.076382966996034
34.07,0.3384405987974112,4.079990429034315
34.08,0.37925864207277904,4.0836174546305495
34.09,0.4201129478900222,4.087219694540488
34.1,0.4610030359635888,4.090748527465191
34.11,0.501927918439326,4.094151063688842
34.12,0.5428860572373657,4.097370152774571
34.13,0.5838753214948175,4.100344396386696
34.14,0.6248929451650996,4.103008167397256
34.15,0.6659354848427627,4.10529163652238
34.160000000000004,0.7069987778955473,4.107120807818935
34.17,0.7480779009991414,4.108417564453176
34.18,0.7891671291846107,4.109099726229516
34.19,0.8302598955237316,4.109081120437792
34.2,0.8713487515933666,4.108271667639942
34.21,0.9124253288765304,4.1065774840703035
34.22,0.9534803012747726,4.103901002365791
34.230000000000004,0.9945033489238463,4.100141112371147
34.24,1.0354831235221955,4.095193323778086
34.25,1.0764072153994078,4.0889499523531505
34.26,1.1172621225692585,4.081300331485162
34.27,1.1580332220291112,4.072131050736702
34.28,1.1987047435839926,4.061326223012656
34.29,1.2392597464893642,4.048767781859917
34.300000000000004,1.279680099221191,4.034335810283442
34.31,1.3199464626950332,4.01790890230257
34.32,1.3600382772672426,3.999364558275759
34.33,1.3999337538605485,3.978579614789623
34.34,1.439609869563035,3.9554307096379318
34.35,1.4790423680533071,3.9297947821068213
34.36,1.5182057652051715,3.9015496084333208
34.37,1.5570733602219735,3.8705743719154464
34.38,1.5956172526434802,3.8367502667243336
34.39,1.6338083655564601,3.7999611340038015
34.4,1.6716164753235563,3.7600941283429083
34.410000000000004,1.7090102481233183,3.7170404121760723
34.42,1.7459572835670776,3.670695875107852
34.43,1.7824241656254751,3.620961874581345
34.44,1.8183765210587044,3.5677459937174114
34.45,1.8537790854998233,3.510962811554717
34.46,1.8885957772897988,3.4505346803273715
34.47,1.9227897791063708,3.386392503838116
34.480000000000004,1.9563236273665612,3.318476510432116
34.49,1.989159309315013,3.246737013561765
34.5,2.021258367637796,3.1711351524694624
34.51,2.0525820123644025,3.0916436051165532
34.52,2.0830912397401273,3.0082472651660006
34.53,2.1127469576677225,2.9209438745973215
34.54,2.141510117232074,2.8297446034076024
34.550000000000004,2.1693418497358747,2.734674567843962
34.56,2.196203608588953,2.6357732787311057
34.57,2.2220573153104968,2.5330950117114437
34.58,2.2468655088231824,2.426709091611189
34.59,2.270591497142721,2.316700083687941
34.6,2.293199510496941,2.2031678852046688
34.61,2.314654854846814,2.0862277116096246
34.62,2.334924064729134,1.9660099725760833
34.63,2.353975054298336,1.8426600342608452
34.64,2.3717772654143507,1.716337865363521
34.65,2.388301811605606,1.5872175658935501
34.660000000000004,2.4035216167322213,1.4554867789591686
34.67,2.4174115471847895,1.3213459873595959
34.68,2.4299485364794133,1.1850076982633801
34.69,2.441111701150057,1.0466955207649018
34.7,2.4508824468947115,0.9066431425988113
34.71,2.459244564002033,0.7650932137292547
34.72,2.4661843111692963,0.6222961458877625
34.730000000000004,2.471690486919788,0.47850883838212344
34.74,2.4757544879369386,0.333993341611568
34.75,2.478370353752019,0.18901547067672544
34.76,2.479534797350473,0.04384338224483733
34.77,2.4792472213969163,-0.10125387159581956
34.78,2.4775097199185567,-0.24600779839651093
34.79,2.474327065428986,-0.39015191508593067
34.800000000000004,2.469706681616838,-0.5334231782290133
34.81,2.4636586018644056,-0.675563380952964
34.82,2.4561954139977784,-0.8163205032038985
34.83,2.4473321918003275,-0.9554500027172319
34.84,2.437086413943434,-1.0927160349910674
34.85,2.4254778711005063,-1.2278925916240713
34.86,2.4125285621109525,-1.3607645475940486
34.87,2.398262580148625,-1.4911286093844025
34.88,2.3827059899232643,-1.618794157284713
34.89,2.3658866970029306,-1.7435839766696006
34.9,2.3478343103898722,-1.8653348745673601
34.910000000000004,2.3285799995115832,-1.9838981793376103
34.92,2.30815634680312,-2.0991401227576776
34.93,2.28659719705643,-2.2109421052448375
34.94,2.263937504698223,-2.3192008462925235
34.95,2.240213180130579,-2.4238284234527825
34.96,2.2154609362291673,-2.5247522043374726
34.97,2.18971813604383,-2.621914677123292
34.980000000000004,2.163022642686702,-2.715273185920668
34.99,2.1354126723254168,-2.8047995780973074
35.0,2.1069266511247555,-2.8904797712308374
35.01,2.0776030769008,-2.972313247801704
35.02,2.047480386168721,-3.050312486030602
35.03,2.0165968271801873,-3.1245023354201025
35.04,1.984990339460319,-3.194919345586043
35.050000000000004,1.9526984402684664,-3.2616110568707004
35.06,1.9197581183229049,-3.324635261028348
35.07,1.8862057350478993,-3.384059239977077
35.08,1.8520769335233633,-3.439958990232005
35.09,1.8174065552432594,-3.492418440187713
35.1,1.7822285647196092,-3.541528666915451
35.11,1.7465759819049504,-3.5873871185964594
35.12,1.7104808223476802,-3.6300968481392104
35.13,1.6739740449421663,-3.669765762937209
35.14,1.6370855070889359,-3.7065058951260235
35.15,1.5998439270396458,-3.7404326961030816
35.160000000000004,1.5622768531668743,-3.7716643584900598
35.17,1.5244106398698447,-3.8003211681527613
35.18,1.486270429803819,-3.826524888353367
35.19,1.4478801421027772,-3.850398177599886
35.2,1.4092624662518212,-3.872064042281395
35.21,1.3704388612571492,-3.8916453247380756
35.22,1.3314295597570596,-3.9092642270140527
35.230000000000004,1.2922535767168681,-3.925041870179543
35.24,1.2529287223534686,-3.9390978887871713
35.25,1.2134716189411245,-3.951550059745005
35.26,1.1738977211585684,-3.9625139646449377
35.27,1.1342213396482257,-3.9721026843780636
35.28,1.094455667471007,-3.9804265246967883
35.29,1.05461280915429,-3.987592771244512
35.300000000000004,1.0147038120461167,-3.9937054724654804
35.31,0.9747386997049802,-3.998865248727372
35.32,0.9347265070715693,-4.003169125934879
35.33,0.8946753171862827,-4.006710391881391
35.34,0.8545922992339415,-4.00957847357542
35.35,0.8144837477147743,-4.011858833786204
35.36,0.7743551225582174,-4.013632885076644
35.37,0.7342110900132413,-4.014977919629205
35.38,0.6940555641656332,-4.015967053219572
35.39,0.6538917489488498,-4.016669181751865
35.4,0.6137221805305959,-4.0171489488362715
35.410000000000004,0.5735487699721245,-4.017466722963625
35.42,0.5333728460713235,-4.017678582910251
35.43,0.49319519831391945,-4.017836310089196
35.44,0.4530161198695396,-4.017987386649641
35.45,0.41283545058092663,-4.018174998214034
35.46,0.3726526199052589,-4.018438040231488
35.47,0.3324666897762969,-4.018811127015658
35.480000000000004,0.29227639736494576,-4.019324602625193
35.49,0.25208019772379303,-4.020004552834545
35.5,0.21187630630825488,-4.02087281753216
35.51,0.17166274137314982,-4.021947002971731
35.52,0.13143736624882021,-4.023240493390098
35.53,0.09119793150534784,-4.024762461592593
35.54,0.05094211701696834,-4.026517878193155
35.550000000000004,0.010667573941484742,-4.028507519282412
35.56,-0.029628033368679904,-4.030727972382398
35.57,-0.06994698550616323,-4.033171640631613
35.58,-0.11029146618131216,-4.035826745229086
35.59,-0.15066352041074493,-4.038677326251
35.6,-0.19106501270633217,-4.041703242038511
35.61,-0.23149758525151515,-4.044880167440777
35.62,-0.2719626160551477,-4.0481795912830565
35.63,-0.3124611770771763,-4.051568813516055
35.64,-0.3529939923254688,-4.0550109425896235
35.65,-0.3935613959289687,-4.05846489368139
35.660000000000004,-0.43416329019909655,-4.061885388498838
35.67,-0.47479910369894546,-4.065222957461578
35.68,-0.5154677493483281,-4.0684239451589015
35.69,-0.5561675826021235,-4.071430520065699
35.7,-0.5968963597496422,-4.074180689587107
35.71,-0.6376511963938657,-4.076608321588168
35.72,-0.6784285261814056,-4.078643173648693
35.730000000000004,-0.7192240598668396,-4.080210931364448
35.74,-0.7600327448086945,-4.081233257092868
35.75,-0.800848725008697,-4.081627850613473
35.76,-0.841665301820964,-4.081308523238707
35.77,-0.882474895473471,-4.080185286968611
35.78,-0.923269007560336,-4.078164460330847
35.79,-0.9640381846800878,-4.075148792584378
35.800000000000004,-1.0047719834120235,-4.071037607988497
35.81,-1.0454589368398577,-4.0657269718469395
35.82,-1.0860865228489625,-4.059109880027099
35.83,-1.1266411344403997,-4.051076473624737
35.84,-1.167108052321457,-4.041514280392487
35.85,-1.2074714200482493,-4.03030848447357
35.86,-1.2477142220109283,-4.017342225878018
35.87,-1.2878182645658096,-4.002496931004952
35.88,-1.3277641606310273,-3.985652675348928
35.89,-1.3675313180727884,-3.9666885793289275
35.9,-1.407097932217606,-3.9454832379435874
35.910000000000004,-1.4464409828316602,-3.9219151846841953
35.92,-1.48553623591129,-3.8958633898270056
35.93,-1.5243582506282003,-3.867207792878025
35.94,-1.5628803917688505,-3.8358298685568806
35.95,-1.601074847999338,-3.801613225282631
35.96,-1.638912656274503,-3.764444234665215
35.97,-1.6763637326926422,-3.7242126900143613
35.980000000000004,-1.7133969100747901,-3.6808124913569205
35.99,-1.7499799825197804,-3.634142353908483
36.0,-1.7860797571529599,-3.584106536381746
36.01,-1.8216621132474153,-3.5306155849393606
36.02,-1.8566920688517472,-3.4735870880211728
36.03,-1.891133855007839,-3.4129464367040656
36.04,-1.9249509975858285,-3.3486275846974074
36.050000000000004,-1.958106406701787,-3.28057380154959
36.06,-1.9905624736168201,-3.2087384121533598
36.07,-2.022281174944854,-3.1330855152021875
36.08,-2.0532241839208636,-3.053590672879748
36.09,-2.083352988402449,-2.970241563772676
36.1,-2.112629015196317,-2.8830385907959246
36.11,-2.141013760218367,-2.7919954358224026
36.12,-2.168468923912765,-2.6971395527252735
36.13,-2.1949565512728726,-2.598512590682203
36.14,-2.2204391757264093,-2.4961707398639232
36.15,-2.2448799660701515,-2.390184992040636
36.160000000000004,-2.268242875567222,-2.2806413091923665
36.17,-2.290492792253999,-2.1676406939038766
36.18,-2.3115956894452996,-2.051299156158574
36.19,-2.33151877537717,-1.9317475721130826
36.2,-2.350230640887561,-1.8091314315254081
36.21,-2.367701404007678,-1.683610471712168
36.22,-2.383902850321804,-1.555358197208002
36.230000000000004,-2.398808567951838,-1.4245612856737218
36.24,-2.4123940760352784,-1.2914188820268757
36.25,-2.424636945592375,-1.156141784224597
36.26,-2.43551691171977,-1.0189515255874442
36.27,-2.445015976104124,-0.8800793599866876
36.28,-2.4531184989195043,-0.7397651575978195
36.29,-2.4598112792560807,-0.5982562202218416
36.300000000000004,-2.4650836233239413,-0.4558060263658642
36.31,-2.4689273997833983,-0.31267291733022784
36.32,-2.471337081670546,-0.16911873644765674
36.33,-2.4723097745123512,-0.025407434340929375
36.34,-2.4718452303573644,0.11819634640699128
36.35,-2.4699458475842118,0.26142869345445074
36.36,-2.466616656488276,0.40402783994916
36.37,-2.4618652907852288,0.545735559103955
36.38,-2.455701945306197,0.6862985247005247
36.39,-2.4481393202912183,0.8254696246461722
36.4,-2.439192552813273,0.9630092154272761
36.410000000000004,-2.4288791359826725,1.0986863061993903
36.42,-2.4172188266892856,1.2322796623080046
36.43,-2.4042335427365127,1.3635788192228457
36.44,-2.3899472503048287,1.4923849991667657
36.45,-2.374385842753177,1.6185119241005204
36.46,-2.3575770118228183,1.7417865201589575
36.47,-2.339550112349998,1.862049510093971
36.480000000000004,-2.320336021620939,1.97915589173729
36.49,-2.2999669945152523,2.092975301925256
36.5,-2.2784765155824336,2.203392266703583
36.51,-2.2558991491811806,2.3103063399304946
36.52,-2.232270388783824,2.4136321336021984
36.53,-2.2076265065091367,2.513299244319186
36.54,-2.18200440389744,2.609252081282473
36.550000000000004,-2.1554414648834874,2.701449602046165
36.56,-2.127975411856517,2.789864962950701
36.57,-2.0996441656244733,2.87448509171706
36.58,-2.0704857100221754,2.9553101900966143
36.59,-2.0405379618225408,3.0323531747474086
36.6,-2.009838646527227,3.105639064651315
36.61,-1.9784251805295143,3.175204323405713
36.62,-1.9463345600591127,3.2410961646278458
36.63,-1.9136032572369572,3.3033718285109783
36.64,-1.8802671234888932,3.3620978372810244
36.65,-1.8463613004913368,3.417349236933243
36.660000000000004,-1.8119201387502284,3.469208832193856
36.67,-1.7769771238474599,3.5177664211640396
36.68,-1.7415648103269477,3.5631180355762626
36.69,-1.7057147631359346,3.6053651920374477
36.7,-1.6694575064861987,3.644614159061164
36.71,-1.6328224799547113,3.680975244112381
36.72,-1.595838001603951,3.714562104312517
36.730000000000004,-1.558531237868461,3.7454910838878117
36.74,-1.520928179926195,3.773880580897489
36.75,-1.4830536262505112,3.7998504452557005
36.76,-1.4449311710210808,3.8235214095676295
36.77,-1.4065831980591585,3.8450145538391354
36.78,-1.368030879944298,3.864450804693689
36.79,-1.3292941819652846,3.881950469341855
36.800000000000004,-1.2903918705574609,3.897632804198235
36.81,-1.2513415258813199,3.911615617728836
36.82,-1.2121595582028841,3.924014906837837
36.83,-1.1728612277445631,3.934944525865797
36.84,-1.133460667685568,3.9445158870700645
36.85,-1.0939709100031618,3.9528376912907524
36.86,-1.054403913859753,3.960015687370147
36.87,-1.014770596255759,3.966152458787561
36.88,-0.9750808646840018,3.9713472358930955
36.89,-0.935343651537897,3.975695732070118
36.9,-0.8955669500425995,3.9792900021250683
36.910000000000004,-0.8557578514953956,3.9822183211920565
36.92,-0.8159225836187584,3.9845650824462835
36.93,-0.77606654984647,3.9864107119423986
36.94,-0.7361943693799105,3.9878315989293274
36.95,-0.6963099178678835,3.988900040039953
36.96,-0.6564163685791115,3.989684195810441
36.97,-0.6165162339516748,3.990248058048347
36.980000000000004,-0.5766114074181445,3.990651426639383
36.99,-0.5367032054188872,3.990949894458581
37.0,-0.49679240952897297,3.9911948391313143
37.01,-0.45687930863626086,3.991433420472313
37.02,-0.4169637411195267,3.9917085825154626
37.03,-0.3770451369859516,3.992059059133141
37.04,-0.3371225599368639,3.9925193823305416
37.050000000000004,-0.2971947493393408,3.9931198923873183
37.06,-0.25726016208911756,3.9938867491056578
37.07,-0.21731701435722767,3.994841943510276
37.08,-0.17736332321891204,3.99600330943164
37.09,-0.13739694816859488,3.997384534488864
37.1,-0.09741563252913477,3.9989951700732247
37.11,-0.05741704476713038,4.000840640017029
37.12,-0.017398819728794184,4.002922247715857
37.13,0.022641400187186755,4.005237181554968
37.14,0.06270592390230517,4.007778518573167
37.15,0.1027969705586501,4.010535226379758
37.160000000000004,0.14291662842990036,4.013492163422561
37.17,0.18306681382710135,4.016630077787509
37.18,0.22324922998565053,4.019925604793186
37.19,0.26346532592296507,4.023351263727013
37.2,0.30371625526019075,4.026875454153639
37.21,0.3440028350060378,4.03046245231058
37.22,0.38432550430640233,4.034072408191236
37.230000000000004,0.4246842831698625,4.037661344001029
37.24,0.46507873118642296,4.041181154758463
37.25,0.5055079062650318,4.044579611899056
37.26,0.5459703234244041,4.047800370826241
37.27,0.5864639136815566,4.050782983438772
37.28,0.6269859830931795,4.053462916748609
37.29,0.6675331720165288,4.0557715787859125
37.300000000000004,0.7081014146688979,4.057636353067802
37.31,0.748685899077885,4.058980642984129
37.32,0.7892810275285805,4.059723927525435
37.33,0.8298803776283937,4.059781829844352
37.34,0.8704766641254676,4.059066200200516
37.35,0.9110617016324041,4.0574852148890015
37.36,0.9516263684232477,4.054943492791693
37.37,0.992160571488238,4.051342231217916
37.38,1.032653213047606,4.046579362713082
37.39,1.0730921587424997,4.040549734509956
37.4,1.1134642077378052,4.033145312274045
37.410000000000004,1.1537550649879806,4.024255409750365
37.42,1.1939493159328125,4.013766945850979
37.43,1.2340304039050003,4.001564730628889
37.44,1.2739806105453904,3.9875317814617945
37.45,1.313781039534236,3.9715496706166302
37.46,1.3534116039577229,3.9534989051806804
37.47,1.3928510176378497,3.933259340125565
37.480000000000004,1.432076790760234,3.9107106250150636
37.49,1.4710652301381508,3.8857326845754745
37.5,1.5097914444517437,3.8582062330174405
37.51,1.5482293547985,3.828013321630894
37.52,1.5863517108843619,3.7950379187707064
37.53,1.6241301131739143,3.759166520911221
37.54,1.6615350413025864,3.720288792975469
37.550000000000004,1.698535889033424,3.6782982356428238
37.56,1.735101006015443,3.633092876811416
37.57,1.7711977465696522,3.5845759838442697
37.58,1.8067925256923285,3.532656792667277
37.59,1.8418508824229978,3.4772512492204437
37.6,1.8763375506767375,3.4182827582000237
37.61,1.9102165375869984,3.3556829334779588
37.62,1.9434512093462968,3.289392344057141
37.63,1.9760043844681414,3.219361248927929
37.64,2.007838434324855,3.1455503137452183
37.65,2.0389153907430457,3.067931301858746
37.660000000000004,2.0691970603620304,2.9864877319149494
37.67,2.098645145381345,2.90121549401913
37.68,2.127221370242413,2.8121234163141144
37.69,2.154887613707627,2.719233773807238
37.7,2.1816060457185578,2.6225827313714953
37.71,2.207339268335057,2.5222207130675414
37.72,2.232050459979909,2.4182126902874534
37.730000000000004,2.2557035221408066,2.310638381712969
37.74,2.2782632276141683,2.1995923587118082
37.75,2.2996953693150424,2.085184050564287
37.76,2.319966908625454,1.9675376448141144
37.77,2.339046122211325,1.846791879064154
37.78,2.356902746206737,1.723099721678749
37.79,2.3735081166448997,1.5966279400943963
37.800000000000004,2.388835305008625,1.4675565567623352
37.81,2.4028592477801465,1.336078194129371
37.82,2.4155568688912123,1.2023973114838067
37.83,2.426907194009823,1.0667293379264782
37.84,2.436891455649742,0.9292997071458918
37.85,2.445493188152741,0.7903428010538135
37.86,2.4526983116708188,0.6501008106456896
37.87,2.4584952043656547,0.5088225236619643
37.88,2.4628747621440583,0.36676204971601634
37.89,2.465830445359975,0.22417749449851168
37.9,2.4673583120340283,0.08132959544570348
37.910000000000004,2.467457037268889,-0.061519668146732376
37.92,2.466127918671093,-0.20410847718572508
37.93,2.4633748677251743,-0.34617657344914954
37.94,2.45920438720211,-0.4874666453103874
37.95,2.453625534818966,-0.6277256851984652
37.96,2.446649873498141,-0.7667063059073554
37.97,2.438291408700819,-0.9041680034972353
37.980000000000004,2.428566513428196,-1.039878355340557
37.99,2.4174938415940077,-1.1736141428387215
38.0,2.405094230571421,-1.305162389449641
38.01,2.391390593805015,-1.4343213058985511
38.02,2.3764078044534505,-1.5609011357680922
38.03,2.3601725710896533,-1.6847248960517365
38.04,2.3427133065324157,-1.8056290086793836
38.050000000000004,2.3240599909160657,-1.9234638204579415
38.06,2.304244030123257,-2.038094010286469
38.07,2.2832981107103363,-2.149398883880081
38.08,2.2612560524456558,-2.257272557546535
38.09,2.238152659559406,-2.3616240337840906
38.1,2.214023571769974,-2.4623771725916233
38.11,2.188905116107574,-2.5594705633881247
38.12,2.1628341605022117,-2.6528573033178993
38.13,2.135847970041216,-2.7425046884627133
38.14,2.1079840667329575,-2.8283938250888356
38.15,2.079280093539439,-2.910519168524424
38.160000000000004,2.0497736833624693,-2.988887997593129
38.17,2.019502333587577,-3.0635198327276987
38.18,1.9885032867079153,-3.134445805959705
38.19,1.9568134174683829,-3.2017079909370922
38.2,1.9244691268891738,-3.265358700970379
38.21,1.8915062434489756,-3.325459762862544
38.22,1.857959931631923,-3.382081773949078
38.230000000000004,1.823864607969994,-3.435303349376069
38.24,1.7892538646444016,-3.485210366188201
38.25,1.75416040064623,-3.5318952102977206
38.26,1.718615960438447,-3.575456031871789
38.27,1.6826512800087938,-3.6159960141205825
38.28,1.6462960401560351,-3.6536226599025707
38.29,1.6095788268107425,-3.6884470999961656
38.300000000000004,1.572527098156112,-3.7205834263269035
38.31,1.5351671582842044,-3.7501480528939615
38.32,1.4975241370982328,-3.7772591066153853
38.33,1.4596219761518967,-3.802035849813171
38.34,1.4214834201019693,-3.8245981355913896
38.35,1.3831300134400688,-3.84506589692606
38.36,1.344582102163448,-3.863558669886605
38.37,1.3058588400423368,-3.8801951510468333
38.38,1.2669781991425115,-3.8950927888190496
38.39,1.227956984265956,-3.9083674081579947
38.4,1.1888108509793518,-3.9201328678311973
38.410000000000004,1.1495543269093322,-3.9305007492378263
38.42,1.1102008359945954,-3.939580075577697
38.43,1.0707627253977785,-3.9474770600238904
38.44,1.0312512947941177,-3.954294881434383
38.45,0.9916768277690907,-3.960133486047903
38.46,0.9520486250731597,-3.9650894135446433
38.47,0.912375039498198,-3.96925564581103
38.480000000000004,0.8726635121569392,-3.9727214767271697
38.49,0.8329206099636546,-3.975572401293502
38.5,0.7931520641310691,-3.977890022427388
38.51,0.7533628095151068,-3.9797519737886997
38.52,0.713557024655295,-3.9812318570339693
38.53,0.6737381723744273,-3.982399191949442
38.54,0.6339090408163062,-3.983319377972771
38.550000000000004,0.5940717848149719,-3.984053665679515
38.56,0.5542279675027159,-3.984659136882707
38.57,0.5143786020773178,-3.9851886920703117
38.58,0.4745241936613096,-3.9856910439852946
38.59,0.43466478119761187,-3.9862107162354183
38.6,0.39479997933660127,-3.9867880459038965
38.61,0.35492902027953394,-3.987459189217146
38.62,0.31505079555225834,-3.9882561294114365
38.63,0.2751638976913052,-3.9892066860259465
38.64,0.23526666183173942,-3.990334524935211
38.65,0.195357207192601,-3.9916591685190537
38.660000000000004,0.15543347846135833,-3.9931960054526288
38.67,0.1154932870835484,-3.994956299683182
38.68,0.07553435246769469,-3.9969471982435127
38.69,0.035554343118678146,-3.999171737635
38.7,-0.004449082285005308,-4.001628848595484
38.71,-0.044478233853231526,-4.0043133591494575
38.72,-0.08453534946799446,-4.007215995920028
38.730000000000004,-0.12462255377163207,-4.01032338376414
38.74,-0.16474181714327724,-4.013618043874772
38.75,-0.2048949146491275,-4.017078390576372
38.76,-0.2450833849548047,-4.0206787271228315
38.77,-0.2853084891915842,-4.024389240890925
38.78,-0.32557116977262324,-4.028175998446403
38.79,-0.36587200916051227,-4.032000941044889
38.800000000000004,-0.406211188593521,-4.035821881215338
38.81,-0.446588446784819,-4.039592501159917
38.82,-0.48700303861671934,-4.043262353790675
38.83,-0.5274536938606326,-4.0467768673099185
38.84,-0.5679385759629177,-4.050077354327435
38.85,-0.6084552409471812,-4.053101026593198
38.86,-0.6490005964947816,-4.055781016508199
38.87,-0.6895708612773451,-4.058046406657963
38.88,-0.7301615246279409,-4.059822268692157
38.89,-0.7707673066511883,-4.061029712948481
38.9,-0.8113821188869106,-4.0615859502885705
38.910000000000004,-0.8519990256569597,-4.061404367676542
38.92,-0.8926102062404414,-4.0603946190856215
38.93,-0.9332069180386722,-4.058462733363312
38.94,-0.9737794609077076,-4.055511240718945
38.95,-1.014317142853051,-4.051439319517289
38.96,-1.0548082472980533,-4.046142965065972
38.97,-1.0952400021543705,-4.039515182070705
38.980000000000004,-1.1355985509394675,-4.031446202398224
38.99,-1.175868926202335,-4.021823729730201
39.0,-1.2160350255340717,-4.010533212609727
39.01,-1.2560795904545299,-3.9974581472728894
39.02,-1.2959841884795296,-3.9824804115192225
39.03,-1.3357291986849142,-3.9654806307042216
39.04,-1.3752938010936142,-3.9463385767327255
39.050000000000004,-1.414655970219569,-3.924933600692129
39.06,-1.4537924731074567,-3.9011450994877905
39.07,-1.4926788722093245,-3.874853016528813
39.08,-1.5312895334380328,-3.845938376160328
39.09,-1.5695976397325309,-3.814283851148834
39.1,-1.6075752104610093,-3.779774362101183
39.11,-1.6451931269745543,-3.742297707237387
39.12,-1.682421164605757,-3.701745220445411
39.13,-1.7192280313834627,-3.6580124550263893
39.14,-1.7555814137062848,-3.6109998899961897
39.15,-1.7914480291833865,-3.5606136552499765
39.160000000000004,-1.8267936868112844,-3.506766271327554
39.17,-1.8615833546099376,-3.449377398947073
39.18,-1.8957812347902256,-3.3883745929125206
39.19,-1.9293508464681879,-3.323694054456638
39.2,-1.9622551158793584,-3.2552813755667445
39.21,-1.9944564739795227,-3.1830922683683984
39.22,-2.0259169612467263,-3.107093272223363
39.230000000000004,-2.05659833942399,-3.02726243084678
39.24,-2.0864622098636616,-2.9435899314765726
39.25,-2.1154701380535212,-2.856078697948387
39.26,-2.1435837838226295,-2.7647449294536695
39.27,-2.1707650366425946,-2.669618576797514
39.28,-2.1969761553585796,-2.5707437481361044
39.29,-2.2221799116053167,-2.468179036468395
39.300000000000004,-2.246339736087948,-2.361997761588549
39.31,-2.269419866837088,-2.252288119777297
39.32,-2.2913854984834936,-2.139153235221849
39.33,-2.312202931541525,-2.0227111080020137
39.34,-2.331839720643534,-1.9030944544584454
39.35,-2.350264820630694,-1.7804504368574927
39.36,-2.3674487293806843,-1.6549402804728715
39.37,-2.3833636262401514,-1.526738777500768
39.38,-2.3979835049306994,-1.3960336785925036
39.39,-2.411284299812001,-1.2630249742052633
39.4,-2.4232440044148045,-1.1279240694120443
39.410000000000004,-2.4338427812002417,-0.9909528572506002
39.42,-2.4430630615598163,-0.8523426971002436
39.43,-2.450889635142247,-0.7123333059270298
39.44,-2.457309727678357,-0.5711715715044263
39.45,-2.4623130665723356,-0.4291102978714775
39.46,-2.4658919336357865,-0.28640689430893085
39.47,-2.468041204458514,-0.14332201997350807
39.480000000000004,-2.4687583740352568,-0.0001181970124193299
39.49,-2.4680435683987625,0.14294159453098407
39.5,-2.4658995421446375,0.2855953264249198
39.51,-2.4623316618702646,0.42758332290081835
39.52,-2.4573478756866214,0.5686496387179192
39.53,-2.450958669095906,0.7085434014575218
39.54,-2.4431770076574706,0.8470201054126358
39.550000000000004,-2.4340182669876533,0.9838428451767867
39.56,-2.423500150753935,1.1187834779462367
39.57,-2.4116425974287283,1.251623704612774
39.58,-2.3984676766616793,1.3821560609164036
39.59,-2.3839994762104,1.5101848112233416
39.6,-2.3682639804372125,1.6355267388676764
39.61,-2.351288941433047,1.75801182841711
39.62,-2.3331037438688704,1.8774838366664515
39.63,-2.3137392646997177,1.9938007505998194
39.64,-2.293227728856874,2.106835131967911
39.65,-2.2716025620603597,2.2164743494763046
39.660000000000004,-2.2488982418673475,2.3226207008530446
39.67,-2.2251501480432982,2.4251914282400686
39.68,-2.200394413302546,2.524118631417818
39.69,-2.174667775414942,2.619349084313461
39.7,-2.1480074316162767,2.7108439610516615
39.71,-2.120450896193909,2.7985784784773857
39.72,-2.092035862046729,2.8825414626105315
39.730000000000004,-2.062800066941698,2.962734846883144
39.74,-2.032781165109066,3.0391731102651085
39.75,-2.0020166047363954,3.1118826635096437
39.76,-1.970543511838873,3.1809011917536787
39.77,-1.938398580901322,3.2462769616001816
39.78,-1.9056179726068694,3.3080681006007926
39.79,-1.8722372188893062,3.366341856759787
39.800000000000004,-1.8382911354716736,3.4211738453070675
39.81,-1.8038137419831648,3.4726472895513707
39.82,-1.7688381896806462,3.5208522621379355
39.83,-1.733396696740406,3.5658849325098783
39.84,-1.6975204910304484,3.607846825821236
39.85,-1.6612397602239812,3.646844097983062
39.86,-1.6245836090707872,3.682986830952191
39.87,-1.5875800236049376,3.716388351804349
39.88,-1.5502558420347006,3.747164578577121
39.89,-1.5126367320333953,3.775433395330781
39.9,-1.474747174128085,3.8013140583617697
39.910000000000004,-1.43661045086616,3.8249266350193665
39.92,-1.3982486414276976,3.8463914761243565
39.93,-1.3596826213436728,3.8658287225718664
39.94,-1.3209320669762603,3.8833578463207172
39.95,-1.2820154644172583,3.8990972256294985
39.96,-1.2429501224636703,3.91316375409528
39.97,-1.2037521893353529,3.925672482783998
39.980000000000004,-1.1644366728079905,3.9367362945110886
39.99,-1.1250174634451313,3.9464656091354944
40.0,-1.0855073606252807,3.954968118568008
40.01,-1.045918101073771,3.9623485500639744
40.02,-1.0062603896240012,3.9687084562684998
40.03,-0.9665439319484012,3.9741460304071667
40.04,-0.9267774690158579,3.9787559449644356
40.050000000000004,-0.8869688130491123,3.9826292121630655
40.06,-0.8471248847725965,3.9858530645486008
40.07,-0.8072517517581402,3.988510853991028
40.08,-0.7673546676927759,3.9906819674388383
40.09,-0.7274381124093635,3.992441757796943
40.1,-0.6875058325368371,3.9938614883471972
40.11,-0.6475608826424196,3.9950082891869645
40.12,-0.6076056667530978,3.9959451242255284
40.13,-0.567641980157909,3.996730767348819
40.14,-0.5276710514061214,3.9974197864385475
40.15,-0.487693584429138,3.998062534011297
40.160000000000004,-0.4477098007258954,3.9987051433254264
40.17,-0.4077194815626295,3.9993895288879524
40.18,-0.3677220101481364,4.000153390379208
40.19,-0.32771641375504534,4.001030219099435
40.2,-0.2877014057661477,4.002049306128111
40.21,-0.24767542763248315,4.0032357514734365
40.22,-0.207636690736679,4.004610473575668
40.230000000000004,-0.16758321816096983,4.006190218613866
40.24,-0.12751288636440172,4.007987569150905
40.25,-0.08742346677795174,4.01001095173638
40.26,-0.047312667329674124,4.012264643171268
40.27,-0.00717817391452637,4.014748775222069
40.28,0.032982308174767265,4.017459337655642
40.29,0.07317101283858647,4.02038817954936
40.300000000000004,0.11339007176575447,4.023523008914571
40.31,0.15364147301687792,4.02684739075489
40.32,0.1939270195808523,4.030340743764739
40.33,0.23424828789217272,4.033978335957883
40.34,0.27460658630000995,4.037731279600625
40.35,0.3150029134841852,4.041566525909938
40.36,0.3554379168182087,4.045446860063081
40.37,0.3959118506854468,4.049330897152236
40.38,0.4364245347612534,4.053173079805236
40.39,0.4769753122815516,4.056923678281452
40.4,0.5175630083268825,4.060528793940009
40.410000000000004,0.5581858881603518,4.063930367065464
40.42,0.5988416156681917,4.067066190123282
40.43,0.6395272119628174,4.069869927603495
40.44,0.6802390142202617,4.072271143694864
40.45,0.7209726348367147,4.074195339113032
40.46,0.7617229210025223,4.075563998483388
40.47,0.8024839148063824,4.076294649751559
40.480000000000004,0.8432488139975534,4.076300937160267
40.49,0.8840099335495877,4.075492709389175
40.5,0.9247586681853368,4.073776124502715
40.51,0.9654854560396419,4.071053773387864
40.52,1.0061797436530941,4.067224823387402
40.53,1.0468299525073899,4.062185183842337
40.54,1.0874234473299407,4.055827695247534
40.550000000000004,1.1279465064123404,4.04804234369489
40.56,1.1683842942038385,4.038716502226211
40.57,1.2087208364568647,4.027735200640804
40.58,1.2489389982166546,4.0149814251983065
40.59,1.289020464960831,4.00033644952301
40.6,1.3289457272071148,3.9836801978497407
40.61,1.3686940689178255,3.9648916415510875
40.62,1.4082435600381364,3.943849229649745
40.63,1.4475710535108204,3.9204313537465123
40.64,1.4866521871130667,3.894516847483079
40.65,1.5254613904604821,3.8659855203087763
40.660000000000004,1.5639718975192423,3.834718724932133
40.67,1.6021557649591247,3.800599957412385
40.68,1.6399838966674898,3.763515488384784
40.69,1.6774260747268201,3.7233550234194133
40.7,1.714450997135878,3.6800123899899417
40.71,1.751026322526619,3.633386247981172
40.72,1.7871187220955014,3.583380820098267
40.730000000000004,1.8226939389285843,3.529906637963271
40.74,1.8577168548547667,3.472881299104178
40.75,1.8921515649106677,3.412230229467705
40.76,1.9259614594441208,3.3478874455294503
40.77,1.9591093138212567,3.2797963095455853
40.78,1.9915573856350324,3.2079102710007237
40.79,2.0232675192412715,3.132193586869818
40.800000000000004,2.054201257372429,3.0526220129408586
40.81,2.0843199595000885,2.969183458152871
40.82,2.1135849265354865,2.8818785937030786
40.83,2.14195753137415,2.7907214085802825
40.84,2.169399354707092,2.6957397031997643
40.85,2.1958723254381454,2.5969755129581658
40.86,2.221338864966255,2.494485453802882
40.87,2.2457620345142026,2.3883409823254
40.88,2.269105684612763,2.2786285634450616
40.89,2.291334605783104,2.165449739449388
40.9,2.312414679401751,2.0489210949967127
40.910000000000004,2.332313027683038,1.9291741136604135
40.92,2.350998161674959,1.8063549226920894
40.93,2.36844012613688,1.6806239238906506
40.94,2.384610640152772,1.5521553097692076
40.95,2.399483232332264,1.4211364655924028
40.96,2.41303336946462,1.2877672592911027
40.97,2.4252385775180865,1.1522592227244266
40.980000000000004,2.436078553919109,1.0148346292243116
40.99,2.4455352701025728,0.875725473797289
41.0,2.453593063395055,0.7351723637434127
41.01,2.4602387173774414,0.5934233287550355
41.02,2.465461529970156,0.45073256075104084
41.03,2.4692533685924625,0.3073590947595658
41.04,2.471608711865348,0.16356544306108395
41.050000000000004,2.4725246774536846,0.01961619552395452
41.06,2.4720010357758273,-0.12422340041000107
41.07,2.470040209445485,-0.2676888663135987
41.08,2.466647258449555,-0.41051791205503196
41.09,2.461829851204384,-0.5524518340018939
41.1,2.4555982217695176,-0.6932368787046621
41.11,2.4479651136302913,-0.8326255591478418
41.12,2.438945710586561,-0.9703779113833837
41.13,2.4285575554026235,-1.106262680265529
41.14,2.41682045698125,-1.240058424068807
41.15,2.403756386921247,-1.3715545289683118
41.160000000000004,2.3893893664018835,-1.500552125667929
41.17,2.3737453444078884,-1.6268649018504946
41.18,2.3568520683648737,-1.7503198055656275
41.19,2.3387389482965757,-1.8707576361377172
41.2,2.319436915642119,-1.9880335206403745
41.21,2.2989782778837684,-2.1020172754179933
41.22,2.2773965701337597,-2.21259365351521
41.230000000000004,2.2547264048134643,-2.319662480178763
41.24,2.2310033205301845,-2.4231386798041226
41.25,2.2062636312173822,-2.5229521987951133
41.26,2.1805442765542824,-2.6190478297757185
41.27,2.153882674621868,-2.711384943429978
41.28,2.126316577685683,-2.7999371349424758
41.29,2.0978839319230183,-2.88469179256572
41.300000000000004,2.068622741834368,-2.9656495962523355
41.31,2.0385709399979715,-3.0428239545627926
41.32,2.0077662627431123,-3.1162403881993144
41.33,1.976246132233985,-3.185935868531752
41.34,1.9440475453724773,-3.251958119381462
41.35,1.9112069698463559,-3.314364890125798
41.36,1.8777602475699613,-3.3732232078909967
41.37,1.8437425056885357,-3.428608616227833
41.38,1.8091880752454046,-3.4806044072254863
41.39,1.774130417544026,-3.529300853527689
41.4,1.7386020581748507,-3.5747944461840255
41.410000000000004,1.7026345286203455,-3.617187143710321
41.42,1.6662583153006443,-3.6565856371566983
41.43,1.6295028158772116,-3.6931006354004507
41.44,1.5923963025926353,-3.7268461743026724
41.45,1.554965892391158,-3.757938952800842
41.46,1.5172375235366184,-3.7864976984612975
41.47,1.4792359384219322,-3.8126425644916977
41.480000000000004,1.4409846722467847,-3.836494559718909
41.49,1.4025060472275541,-3.858175012576018
41.5,1.3638211719952644,-3.8778050697160547
41.51,1.3249499458332332,-3.8955052294812935
41.52,1.2859110674056387,-3.911394910106654
41.53,1.2467220476311,-3.9255920522239336
41.54,1.20739922636116,-3.9382127549599937
41.550000000000004,1.1679577925319,-3.9493709446855543
41.56,1.1284118074674487,-3.959178075270583
41.57,1.0887742310264885,-3.967742858535571
41.58,1.0490569502967375,-3.9751710234532585
41.59,1.0092708105574235,-3.9815651025503533
41.6,0.9694256482457305,-3.987024243881103
41.61,0.9295303256798015,-3.9916440468918344
41.62,0.8895927673078939,-3.9955164204652913
41.63,0.8496199972704958,-3.9987294614233795
41.64,0.8096181780794264,-4.001367351774444
41.65,0.7695926502350069,-4.003510273014198
41.660000000000004,0.7295479726191424,-4.005234335825796
41.67,0.689487963518491,-4.00661152357231
41.68,0.6494157421476962,-4.0077096480322165
41.69,0.6093337705578465,-4.008592315893772
41.7,0.5692438958298207,-4.0093189045958555
41.71,0.5291473924659295,-4.009944546179645
41.72,0.4890450049062278,-4.01052011789622
41.730000000000004,0.44893699010800503,-4.011092238398841
41.74,0.408823160138251,-4.011703268434336
41.75,0.3687029247393183,-4.012391315035115
41.76,0.32857533383754867,-4.0131902383010924
41.77,0.2884391199732965,-4.014129659948916
41.78,0.24829274063857038,-4.015234972893942
41.79,0.20813442051541767,-4.016527351218093
41.800000000000004,0.16796219361420853,-4.018023759963986
41.81,0.12777394531613792,-4.019736964282415
41.82,0.08756745432856022,-4.021675537546335
41.83,0.047340434565211226,-4.023843868130113
41.84,0.007090576965957965,-4.026242164637866
41.85,-0.03318440872754609,-4.028866459449518
41.86,-0.0734867522230324,-4.031708610537792
41.87,-0.11381858093830192,-4.034756301593909
41.88,-0.15418187825491056,-4.03799304058449
41.89,-0.1945784417499917,-4.0413981569471416
41.9,-0.2350098413938534,-4.044946797717661
41.910000000000004,-0.27547737770434494,-4.048609922967818
41.92,-0.3159820398532097,-4.0523543010192915
41.93,-0.35652446372473073,-4.056142503986696
41.94,-0.3971048899329436,-4.059932904290574
41.95,-0.43772312181054224,-4.063679672869785
41.96,-0.47837848339033934,-4.067332779911627
41.97,-0.5190697774087748,-4.070837999007046
41.980000000000004,-0.5597952433704804,-4.074136915727095
41.99,-0.6005525157233168,-4.077166941704837
42.0,-0.6413385822045771,-4.079861335393608
42.01,-0.6821497424311889,-4.082149230757226
42.02,-0.7229815668197216,-4.083955675229387
42.03,-0.7638288559357767,-4.085201678357227
42.04,-0.8046856003868662,-4.0858042726165404
42.050000000000004,-0.8455449413881075,-4.08567658795211
42.06,-0.8863991321459085,-4.084727941654553
42.07,-0.9272395002211986,-4.082863945233226
42.08,-0.9680564110505729,-4.0799866299813115
42.09,-1.0088392328208247,-4.075994592952149
42.1,-1.049576302909616,-4.070783165073048
42.11,-1.0902548961222858,-4.064244603111996
42.12,-1.1308611949718557,-4.056268307181415
42.13,-1.171380262265914,-4.0467410654090035
42.14,-1.2117960162800359,-4.035547327326335
42.15,-1.2520912088124407,-4.0225695074186625
42.160000000000004,-1.292247406428409,-4.007688320142084
42.17,-1.3322449752152825,-3.9907831475444944
42.18,-1.372063069379299,-3.971732440422568
42.19,-1.4116796240237337,-3.950414153706666
42.2,-1.4510713524534322,-3.926706216487562
42.21,-1.490213748353485,-3.9004870367823825
42.22,-1.52908109318908,-3.8716360407817216
42.230000000000004,-1.5676464691691192,-3.840034245925825
42.24,-1.6058817781075962,-3.8055648667260535
42.25,-1.6437577665036402,-3.7681139517804363
42.26,-1.6812440571432048,-3.7275710499318246
42.27,-1.7183091875022765,-3.6838299029877777
42.28,-1.7549206552029601,-3.636789161867845
42.29,-1.7910449707396334,-3.5863531224723664
42.300000000000004,-1.8266477176524076,-3.532432476984559
42.31,-1.8616936202793246,-3.4749450757328795
42.32,-1.896146619167065,-3.413816694162933
42.33,-1.9299699541625832,-3.3489817989081283
42.34,-1.9631262551452278,-3.2803843064172975
42.35,-1.9955776402909293,-3.207978327107905
42.36,-2.0272858216873857,-3.1317288875780664
42.37,-2.0582122180424904,-3.0516126230425527
42.38,-2.088318074148237,-2.9676184318704606
42.39,-2.1175645866799,-2.8797480839082055
42.4,-2.145913035826401,-2.7880167741831596
42.410000000000004,-2.1733249221635633,-2.6924536136119013
42.42,-2.1997621080986396,-2.5931020484923755
42.43,-2.225186963133411,-2.4900202008493135
42.44,-2.249562512115626,-2.3832811221326966
42.45,-2.2728525855760653,-2.272972953343011
42.46,-2.2950219711824866,-2.1591989853747675
42.47,-2.316036565283561,-2.0420776142282024
42.480000000000004,-2.335863523467051,-1.9217421867319464
42.49,-2.3544714090182,-1.798340733536823
42.5,-2.371830338137787,-1.6720355873695272
42.51,-2.3879121207655905,-1.5430028858579428
42.52,-2.402690395854946,-1.411431959637413
42.53,-2.4161407599583384,-1.2775246078965636
42.54,-2.428240888012877,-1.1414942649971653
42.550000000000004,-2.4389706452582818,-1.003565063277952
42.56,-2.448312189278436,-0.8639707985990566
42.57,-2.456250061230263,-0.722953806573018
42.58,-2.4627712654098968,-0.5807637587316599
42.59,-2.467865336404896,-0.4376563890680717
42.6,-2.471524393191258,-0.2938921624437956
42.61,-2.4737431796537717,-0.14973489724005823
42.62,-2.4745190911360586,-0.005450355338690788
42.63,-2.473852186760545,0.13869518697270292
42.64,-2.4717451873966043,0.2824363732773133
42.65,-2.468203459294999,0.4255101925102709
42.660000000000004,-2.463234983546399,0.5676573818023168
42.67,-2.4568503116589526,0.7086237931942019
42.68,-2.449062507682515,0.8481617112874601
42.69,-2.4398870774332035,0.9860311096491887
42.7,-2.4293418854895314,1.1220008347181103
42.71,-2.4174470607388416,1.2558497070458672
42.72,-2.404224891348614,1.3873675309274685
42.730000000000004,-2.389699710120292,1.5163560048019284
42.74,-2.3738977712525755,1.642629526210628
42.75,-2.3568471195960794,1.7660158865581606
42.76,-2.338577453521412,1.8863568523996732
42.77,-2.3191199825480853,2.003508631451963
42.78,-2.2985072808923723,2.1173422229661654
42.79,-2.276773138088762,2.2277436534831323
42.800000000000004,-2.25395240782271,2.33461410029635
42.81,-2.230080856082835,2.437869906152333
42.82,-2.205195009699663,2.537442489808809
42.83,-2.179332006286659,2.633278158034192
42.84,-2.1525294465389795,2.725337825458713
42.85,-2.124825249777485,2.81359664937265
42.86,-2.0962575135515262,2.8980435871080577
42.87,-2.0668643780353233,2.9786808840382166
42.88,-2.0366838958707616,3.0555235004874164
42.89,-2.0057539080255746,3.1285984859689497
42.9,-1.9741119261513824,3.1979443091697375
42.910000000000004,-1.94179502184218,3.26361015198597
42.92,-1.9088397231116632,3.325655175697058
42.93,-1.875281918328239,3.3841477670574784
42.94,-1.8411567677705136,3.439164771700768
42.95,-1.8064986228942235,3.4907907218001974
42.96,-1.7713409533345095,3.5391170644296586
42.97,-1.73571628160563,3.584241396528733
42.980000000000004,-1.6996561254039346,3.626266711809887
42.99,-1.6631909473694322,3.6653006643645445
43.0,-1.6263501121166437,3.701454853138759
43.01,-1.5891618503066571,3.734844130867574
43.02,-1.5516532294992924,3.765585940488079
43.03,-1.5138501314968955,3.7937996815016186
43.04,-1.47577723586926,3.8196061082313397
43.050000000000004,-1.4374580093322689,3.84312676142706
43.06,-1.398914700640719,3.8644834342087977
43.07,-1.3601683406480929,3.8837976729159354
43.08,-1.3212387471824003,3.9011903130424876
43.09,-1.2821445343872433,3.916781050091233
43.1,-1.2429031261805756,3.930688044870624
43.11,-1.2035307734898308,3.943027562487921
43.12,-1.1640425749308172,3.9539136440588476
43.13,-1.1244525006086539,3.963457809956773
43.14,-1.0847734187316818,3.971768793261123
43.15,-1.0450171247434312,3.9789523019333517
43.160000000000004,-1.0051943726930146,3.985110808147061
43.17,-0.96531490858049,3.9903433631243326
43.18,-0.9253875054305278,3.994745435780602
43.19,-0.8854199998648778,3.9984087734529643
43.2,-0.8454193299614685,4.001421282979248
43.21,-0.8053915742052928,4.003866930405175
43.22,-0.765341991353365,4.005825657622196
43.230000000000004,-0.7252750610528489,4.007373314277043
43.24,-0.6851945250678242,4.008581603343664
43.25,-0.6451034289859757,4.009518038807276
43.26,-0.6050041642916787,4.010245913977019
43.27,-0.5648985107064354,4.010824279016734
43.28,-0.5247876787113441,4.011307926361349
43.29,-0.4846723521792084,4.011747382768101
43.300000000000004,-0.4445527310559821,4.012188906836343
43.31,-0.40442857404248156,4.012674490916138
43.32,-0.36429924123765933,4.013241866413552
43.33,-0.3241637367142105,4.013924511588865
43.34,-0.28402075100588203,4.014751661032467
43.35,-0.24386870349356118,4.015748316091638
43.36,-0.2037057846840493,4.016935255609353
43.37,-0.16352999838137414,4.018329046423827
43.38,-0.12333920375557277,4.019942053164277
43.39,-0.0831311573180886,4.0217824469647026
43.4,-0.04290355481627871,4.023854212803109
43.410000000000004,-0.0026540730620264064,4.026157155258787
43.42,0.03761958828889703,4.028686902565077
43.43,0.07791966498927515,4.031434908919683
43.44,0.11824828646729069,4.0343884550991085
43.45,0.15860743409125733,4.037530647508533
43.46,0.19899889941746135,4.040840415883341
43.47,0.23942424240892413,4.044292509943942
43.480000000000004,0.2798847496163402,4.047857495391408
43.49,0.32038139231675233,4.051501749717996
43.5,0.36091478461070015,4.055187458393764
43.51,0.40148514148462766,4.058872612078322
43.52,0.4420922368522666,4.062511005595003
43.53,0.48273536159652775,4.066052239493389
43.54,0.5234132816421344,4.069441725114819
43.550000000000004,0.5641241960988241,4.072620694163863
43.56,0.6048656955254117,4.075526213876302
43.57,0.6456347203763502,4.078091208960323
43.58,0.6864275197046181,4.080244491571572
43.59,0.7272396102077816,4.081910800663646
43.6,0.768065735717891,4.083010852132385
43.61,0.8088998272504293,4.083461401243807
43.62,0.8497349637427671,4.083175318900353
43.63,0.8905633336284363,4.082061683356673
43.64,0.9313761974099006,4.080025889042874
43.65,0.9721638514092938,4.076969774188066
43.660000000000004,1.012915592893662,4.072791768958139
43.67,1.0536196867884566,4.067387065826938
43.68,1.0942633342102008,4.060647813886929
43.69,1.1348326430661952,4.052463338771937
43.7,1.1753126009856396,4.0427203898078945
43.71,1.2156870508623532,4.031303415925524
43.72,1.25593866930415,4.018094871758957
43.730000000000004,1.2960489482975324,4.0029755552141095
43.74,1.3359981804084322,3.985824977617978
43.75,1.3757654478498917,3.96652176735296
43.76,1.4153286157554914,3.9449441076369673
43.77,1.4546643300026312,3.920970208829312
43.78,1.4937480199320776,3.8944788153231142
43.79,1.5325539063090936,3.865349746727061
43.800000000000004,1.571055014866619,3.8334644726430627
43.81,1.6092231957619547,3.7987067199128046
43.82,1.647029149264875,3.7609631107374115
43.83,1.684442457976703,3.720123829573231
43.84,1.7214316258563396,3.676083316177166
43.85,1.7579641243002464,3.6287409816219522
43.86,1.7940064454887787,3.578001943531531
43.87,1.829524163170877,3.5237777762064613
43.88,1.864482001012908,3.46598727072763
43.89,1.8988439085854296,3.4045571995529347
43.9,1.9325731450039665,3.3394230795666755
43.910000000000004,1.9656323701767628,3.2705299270166575
43.92,1.9979837435442995,3.1978329972916915
43.93,2.029589030122597,3.12129850206511
43.94,2.060409713585602,3.0409042959711647
43.95,2.0904071160420203,2.9566405247038747
43.96,2.1195425240796792,2.868510226244801
43.97,2.147777320566916,2.776529876849463
43.980000000000004,2.1750731216166685,2.680729873462702
43.99,2.2013919180361703,2.5811549444008057
44.0,2.2266962205046847,2.4778644804403513
44.01,2.2509492076449775,2.370932778895945
44.02,2.2741148760826038,2.260449193854168
44.03,2.2961581915220606,2.146518186459002
44.04,2.3170452398117836,2.029259270011495
44.050000000000004,2.33674337692229,1.9088068456468275
44.06,2.35522137672472,1.7853099254750384
44.07,2.372449575431791,1.658931741303981
44.08,2.3884000115507993,1.5298492383875286
44.09,2.4030465601995417,1.3982524550386455
44.1,2.4163650606515725,1.2643437903927401
44.11,2.4283334360073967,1.1283371640765303
44.12,2.4389318039331034,0.9904570730044524
44.13,2.448142577467486,0.8509375519602929
44.14,2.45595055497231,0.7100210459975904
44.15,2.4623429983874385,0.5679572039802059
44.160000000000004,2.4673096990519143,0.42500160375708446
44.17,2.47084303046258,0.2814144204973724
44.18,2.4729379874618616,0.13745905058100183
44.19,2.4735922114742004,-0.006599295873728761
44.2,2.4728060015443876,-0.15049502027566616
44.21,2.470582311068687,-0.2939635647702475
44.22,2.4669267302489826,-0.43674283147999815
44.230000000000004,2.4618474544390874,-0.578574578016483
44.24,2.4553552386886532,-0.7192057758709006
44.25,2.44746333892167,-0.8583899188624667
44.26,2.4381874403114043,-0.9958882695879098
44.27,2.427545573529912,-1.13147103275467
44.28,2.415558019656311,-1.2649184453739624
44.29,2.402247204622433,-1.3960217750138981
44.300000000000004,2.3876375841560336,-1.5245842186412077
44.31,2.371755520249609,-1.6504216959850475
44.32,2.354629150236333,-1.773363532809403
44.33,2.336288249593421,-1.893253030953205
44.34,2.3167640896172688,-2.0099479234616666
44.35,2.296089291124188,-2.1233207145621775
44.36,2.2742976753260256,-2.2332589056090115
44.37,2.251424113012008,-2.339665109411311
44.38,2.227504373137799,-2.4424570565494617
44.39,2.2025749718810186,-2.5415674983604406
44.4,2.1766730231705904,-2.636944012220797
44.410000000000004,2.149836091636603,-2.7285487155679182
44.42,2.122102048859232,-2.8163578957708304
44.43,2.0935089337211865,-2.900361563489054
44.44,2.0640948175894516,-2.9805629375431004
44.45,2.0338976749703246,-3.0569778695669765
44.46,2.002955260198112,-3.1296342168280002
44.47,1.9713049906337647,-3.198571171590823
44.480000000000004,1.9389838367662957,-3.263838555280993
44.49,1.906028219528145,-3.325496085480238
44.5,1.8724739150566911,-3.3836126234732893
44.51,1.8383559670586793,-3.438265409677482
44.52,1.8037086068631414,-3.489539293834683
44.53,1.7685651811819856,-3.5375259663433667
44.54,1.7329580875362742,-3.582323196569438
44.550000000000004,1.696918717250597,-3.624034083409723
44.56,1.6604774058680798,-3.662766322803014
44.57,1.6236633907945366,-3.6986314963004348
44.58,1.586504775942071,-3.7317443842287115
44.59,1.5490285031099622,-3.762222306414799
44.6,1.5112603298137748,-3.7901844928949897
44.61,1.4732248132520624,-3.8157514865118762
44.62,1.4349453000835373,-3.839044578812886
44.63,1.3964439216758047,-3.860185280208123
44.64,1.3577415944793747,-3.879294824925414
44.65,1.3188580251772961,-3.8964937109184232
44.660000000000004,1.279811720261006,-3.911901274540234
44.67,1.2406199996864913,-3.9256352994899895
44.68,1.2012990142712061,-3.9378116592734997
44.69,1.1618637665010212,-3.9485439921890593
44.7,1.1223281344274247,-3.9579434076556135
44.71,1.0827048983479088,-3.9661182225399947
44.72,1.0430057699766249,-3.973173726011138
44.730000000000004,1.003241423827686,-3.9792119713496943
44.74,0.9634215305496311,-3.9843315930689025
44.75,0.9235547919663081,-3.9886276476544946
44.76,0.8836489775965412,-3.992191476205376
44.77,0.8437109624422006,-3.995110587250397
44.78,0.8037467658515333,-3.9974685580274114
44.79,0.7637615912816523,-3.999344952536771
44.800000000000004,0.7237598668007978,-4.0008152547203375
44.81,0.6837452861872456,-4.001950815167026
44.82,0.6437208504974573,-4.002818809805106
44.83,0.6036889099911434,-4.003482209108228
44.84,0.5636512063152926,-4.003999756415097
44.85,0.5236089148628414,-4.004425954040417
44.86,0.4835626872344843,-4.004811055936171
44.87,0.44351269374411806,-4.005201065746454
44.88,0.40345866591955526,-4.005637739185034
44.89,0.36339993896041733,-4.006158589752029
44.9,0.3233354941245146,-4.006796896893848
44.910000000000004,0.28326400102254035,-4.007581715798496
44.92,0.24318385980854468,-4.008537888106115
44.93,0.20309324326041803,-4.0096860529019915
44.94,0.16299013875050483,-4.011042657446082
44.95,0.12287239011149637,-4.012619967179283
44.96,0.08273773940691917,-4.014426074632192
44.97,0.04258386861885252,-4.0164649069471015
44.980000000000004,0.0024084412679771365,-4.01873623180839
44.99,-0.03779085601731527,-4.021235661660574
45.0,-0.07801627196523435,-4.0239546561771675
45.01,-0.11826994914085863,-4.026880523027275
45.02,-0.15855388242577986,-4.029996417070801
45.03,-0.19886987748227464,-4.033281338197315
45.04,-0.23921950918972615,-4.036710128108241
45.050000000000004,-0.2796040800444395,-4.040253466427135
45.06,-0.3200245785182689,-4.043877866608584
45.07,-0.3604816373766112,-4.04754567220259
45.08,-0.40097549196232074,-4.051215054118303
45.09,-0.4415059384589773,-4.054840009618449
45.1,-0.4820722921546897,-4.058370363863605
45.11,-0.5226733457362494,-4.0617517749133665
45.12,-0.563307327652957,-4.064925743179033
45.13,-0.60397186059983,-4.067829626409217
45.14,-0.6446639201811413,-4.070396661375191
45.15,-0.6853797938273337,-4.07255599350604
45.160000000000004,-0.726115040051262,-4.074232715803938
45.17,-0.7668644481434125,-4.075347918446086
45.18,-0.8076219984201837,-4.075818750550784
45.19,-0.8483808231544281,-4.075558495649538
45.2,-0.8891331683331744,-4.074476662463351
45.21,-0.9298703564036951,-4.072479092627873
45.22,-0.9705827501857319,-4.069468087046996
45.230000000000004,-1.011259718144635,-4.065342552575741
45.24,-1.0518896012372467,-4.059998170738895
45.25,-1.092459681559413,-4.053327590179435
45.26,-1.1329561530408356,-4.045220644498058
45.27,-1.1733640944493744,-4.035564597089744
45.28,-1.2136674449826306,-4.024244414502653
45.29,-1.2538489827394272,-4.011143069736582
45.300000000000004,-1.293890306377362,-3.996141876760144
45.31,-1.33377182027463,-3.979120857355729
45.32,-1.3734727235244764,-3.959959141197109
45.33,-1.412971003098572,-3.938535399824533
45.34,-1.4522434315209671,-3.9147283149050227
45.35,-1.4912655693966725,-3.888417080850414
45.36,-1.5300117731379754,-3.8594819415121693
45.37,-1.568455208226916,-3.827804760280442
45.38,-1.6065678683435842,-3.793269622486365
45.39,-1.6443206006766433,-3.7557634685429777
45.4,-1.6816831377144439,-3.7151767557644644
45.410000000000004,-1.7186241357919327,-3.671404146279265
45.42,-1.7551112206400292,-3.6243452179051046
45.43,-1.791111040150035,-3.5739051942890927
45.44,-1.8265893245258111,-3.519995690040982
45.45,-1.8615109539508545,-3.462535466010721
45.46,-1.8958400338460255,-3.4014511892920836
45.47,-1.9295399777366962,-3.3366781919827604
45.480000000000004,-1.9625735976856806,-3.268161222209305
45.49,-1.9949032021808821,-3.195855180444729
45.5,-2.026490701294575,-3.119725833720103
45.51,-2.0572977188552843,-3.0397504999721043
45.52,-2.0872857112940175,-2.955918694489096
45.53,-2.1164160927450664,-2.868232730231691
45.54,-2.1446503658986518,-2.7767082637218565
45.550000000000004,-2.1719502580195043,-2.6813747782284585
45.56,-2.1982778614632217,-2.582275996136279
45.57,-2.22359577794223,-2.479470212677695
45.58,-2.247867265716776,-2.373030543636932
45.59,-2.271056388814969,-2.2630450802090283
45.6,-2.293128167320956,-2.1496169449094906
45.61,-2.3140487277131583,-2.032864243282966
45.62,-2.333785452186615,-1.9129199071437688
45.63,-2.3523071258560333,-1.7899314261878942
45.64,-2.3695840807103727,-1.664060466032031
45.65,-2.385588335176674,-1.535482372043385
45.660000000000004,-2.40029372815124,-1.4043855597052195
45.67,-2.4136760463707785,-1.2709707936943577
45.68,-2.4257131440251274,-1.1354503593036596
45.69,-2.4363850535568514,-0.9980471312980463
45.7,-2.445674086651088,-0.8589935467191566
45.71,-2.453564924491234,-0.7185304895228903
45.72,-2.460044696441545,-0.5769060962178858
45.730000000000004,-2.4651030464155914,-0.4343744928443907
45.74,-2.468732186298433,-0.2911944746668332
45.75,-2.4709269359089276,-0.14762814082703157
45.76,-2.4716847491149734,-0.003939496898976685
45.77,-2.471005725846907,0.1396069612151403
45.78,-2.4688926098906703,0.2827476683158119
45.79,-2.4653507724805905,0.4252214020532483
45.800000000000004,-2.460388181849605,0.5667706725159433
45.81,-2.4540153590302713,0.7071430759342656
45.82,-2.4462453203309193,0.8460925997247486
45.83,-2.437093507035776,0.9833808668445031
45.84,-2.426577702994029,1.1187783083438576
45.85,-2.414717940868899,1.2520652540786035
45.86,-2.401536397912457,1.3830329327477136
45.87,-2.387057282213944,1.511484373732366
45.88,-2.371306710437809,1.6372352046002057
45.89,-2.35431257812194,1.76011433957682
45.9,-2.336104423646273,1.8799645557461389
45.910000000000004,-2.3167132870070173,1.99664295519531
45.92,-2.2961715645423664,2.110021312741295
45.93,-2.2745128607521914,2.2199863102417194
45.94,-2.2517718383375325,2.326439659779557
45.95,-2.2279840675566005,2.4292981192011145
45.96,-2.20318587595351,2.528493404563772
45.97,-2.177414199465325,2.6239720050016184
45.980000000000004,-2.1507064358534773,2.715694906334605
45.99,-2.1231003013386327,2.8036372304245556
46.0,-2.0946336912449866,2.8877877978171322
46.01,-2.06534454538229,2.9681486216034982
46.02,-2.0352707188129164,3.0447343406925635
46.03,-2.0044498585684387,3.1175716008105656
46.04,-1.9729192867967051,3.186698391547484
46.050000000000004,-1.940715890737489,3.25216334765944
46.06,-1.9078760198435165,3.3140250226240657
46.07,-1.874435390285008,3.3723511421440864
46.08,-1.840428997000635,3.427217844915805
46.09,-1.805891033386692,3.478708917536875
46.1,-1.7708548186498976,3.52691502993454
46.11,-1.7353527327880012,3.571932977164003
46.12,-1.6994161591066175,3.613864932868646
46.13,-1.6630754341306284,3.6528177191206113
46.14,-1.6263598047242054,3.6889020967819808
46.15,-1.5892973921949887,3.7222320799525535
46.160000000000004,-1.5519151631251542,3.7529242775081317
46.17,-1.514238906644826,3.781097264190101
46.18,-1.4762932178413524,3.8068709831887575
46.19,-1.4381014869810511,3.8303661816739147
46.2,-1.399685894207874,3.8517038802703953
46.21,-1.3610674093756432,3.871004877055722
46.22,-1.3222657966667597,3.8883892862743084
46.230000000000004,-1.283299623650157,3.9039761116176295
46.24,-1.244186274434407,3.917882853613346
46.25,-1.2049419665778902,3.9302251503977
46.26,-1.1655817714264531,3.941116450913689
46.27,-1.1261196375596165,3.9506677193811006
46.28,-1.0865684170388312,3.9589871697216914
46.29,-1.0469398941651826,3.9661800284915443
46.300000000000004,-1.0072448164690002,3.9723483247707114
46.31,-0.9674929276697684,3.977590705385282
46.32,-0.9276930023612946,3.982002273786598
46.33,-0.8878528821940364,3.9856744508840287
46.34,-0.847979513343614,3.9886948561191438
46.35,-0.8080789850716535,3.991147207077941
46.36,-0.7681565692020552,3.9931112359618304
46.37,-0.7282167603524169,3.9946626212751863
46.38,-0.6882633167765514,3.9958729331355674
46.39,-0.6482993016897055,3.996809590670343
46.4,-0.6083271249631444,3.99753583002883
46.410000000000004,-0.5683485850891288,3.998110681610644
46.42,-0.5283649113309316,3.9985889551875355
46.43,-0.4883768059853781,3.9990212316763176
46.44,-0.44838448669740516,3.999453860403644
46.45,-0.40838772877730517,3.9999289607884876
46.46,-0.3683859074816354,4.000484427454536
46.47,-0.3283780402282145,4.001153937871726
46.480000000000004,-0.2883628287242009,4.001966961713404
46.49,-0.24833870099394637,4.0029487712027185
46.5,-0.2083038533001465,4.004120451808584
46.51,-0.16825629195777467,4.005498912737822
46.52,-0.12819387504539,4.007096896755677
46.53,-0.08811435402266111,4.008922988951898
46.54,-0.04801541526635204,4.010981624154052
46.550000000000004,-0.007894721539580075,4.013273092773584
46.56,0.032250046589119646,4.015793544953785
46.57,0.07242114935949563,4.018534992972096
46.58,0.11262074644856158,4.021485311932514
46.59,0.1528508555981459,4.024628238867183
46.6,0.19311331122590525,4.027943370449967
46.61,0.23340972300714524,4.031406159608792
46.62,0.2737414344180811,4.034987911408164
46.63,0.3141094812353086,4.038655778658465
46.64,0.3545145499912504,4.042372757794434
46.65,0.3949569363911973,4.046097685651772
46.660000000000004,0.4354365037042859,4.049785237857778
46.67,0.47595264114835284,4.0533859296393455
46.68,0.5165042222970728,4.056846119939179
46.69,0.5570895635471365,4.060108019818375
46.7,0.5977063826934403,4.063109706210137
46.71,0.6383517576713391,4.065785142174723
46.72,0.6790220855369348,4.068064204889081
46.730000000000004,0.7197130417691208,4.069872722685139
46.74,0.7604195399906375,4.071132522527342
46.75,0.8011356922196676,4.071761489391723
46.76,0.841854769778472,4.0716736390740875
46.77,0.8825691650011493,4.070779206012395
46.78,0.9232703538987199,4.0689847477565015
46.79,0.9639488599562794,4.0661932677551995
46.800000000000004,1.004594219253824,4.062304358154066
46.81,1.045194947119361,4.057214364305893
46.82,1.0857385065399419,4.050816572686198
46.83,1.126211278573085,4.043001423877166
46.84,1.1665985350174852,4.033656752232006
46.85,1.2068844136177248,4.022668053755677
46.86,1.2470518960925987,4.009918783634788
46.87,1.2870827892904206,3.9952906847169998
46.88,1.3269577097869387,3.9786641480760347
46.89,1.3666560722519414,3.959918606600611
46.9,1.406156081918951,3.9389329623123475
46.910000000000004,1.4454347314981884,3.915586047847617
46.92,1.4844678028759033,3.889757122230467
46.93,1.5232298739427979,3.8613264007176404
46.94,1.5616943308902562,3.830175618112672
46.95,1.5998333863050513,3.79618862452485
46.96,1.6376181033807533,3.759252012092395
46.97,1.6750184265468993,3.7192557707000793
46.980000000000004,1.712003218794755,3.6760939702034454
46.99,1.7485403059509683,3.62966546612945
47.0,1.784596528117344,3.579874625262622
47.01,1.8201377984562206,3.5266320669536517
47.02,1.855129169456417,3.4698554154118
47.03,1.8895349067644567,3.409470057672881
47.04,1.9233185706098745,3.3454099013810223
47.050000000000004,1.956443104792077,3.277618125996136
47.06,1.9888709331297971,3.2060479205519785
47.07,2.0205640632031168,3.130663200654367
47.08,2.051484197142885,3.0514392970384243
47.09,2.0815928491438855,2.968363607710607
47.1,2.110851469297097,2.8814362054984377
47.11,2.139221573253854,2.790670392730431
47.12,2.1666648771517054,2.6960931947818083
47.13,2.19314343714949,2.597745784358101
47.14,2.2186197928388673,2.495683828656584
47.15,2.243057113722622,2.389977751950714
47.160000000000004,2.2664193478778816,2.280712906688661
47.17,2.288671371856395,2.167989646884299
47.18,2.3097791408155675,2.0519232984051436
47.19,2.3297098378244976,1.9326440217208845
47.2,2.348432021249985,1.8102965637592079
47.21,2.3659157690996815,1.685039896709897
47.22,2.382132819184183,1.5570467429077701
47.230000000000004,2.397056703957837,1.4265029862907788
47.24,2.4106628789099984,1.2936069723495685
47.25,2.4229288434048284,1.1585686999346427
47.26,2.4338342529086914,1.0216089097406877
47.27,2.4433610215996424,0.8829580757170423
47.28,2.4514934144230325,0.7428553070305713
47.29,2.4582181277402535,0.6015471695042781
47.300000000000004,2.4635243578131174,0.45928643664472746
47.31,2.467403856473148,0.3163307814282841
47.32,2.4698509734416834,0.17294142091721598
47.33,2.4708626848914923,0.029381726501907374
47.34,2.470438607971721,-0.11408418690150984
47.35,2.4685810011534617,-0.2571928790399386
47.36,2.4652947503909224,-0.3996829961231928
47.37,2.460587341230998,-0.5412966625568882
47.38,2.454468817139785,-0.6817808392396978
47.39,2.4469517244462047,-0.8208886355709113
47.4,2.438051044428367,-0.958380563022349
47.410000000000004,2.4277841131857576,-1.0940257190144296
47.42,2.416170530048078,-1.2276028908799468
47.43,2.4032320553681585,-1.358901570878079
47.44,2.388992498630517,-1.4877228745100626
47.45,2.3734775978779576,-1.6138803557597905
47.46,2.3567148915153213,-1.7372007143093666
47.47,2.3387335835917704,-1.8575243912331538
47.480000000000004,2.3195644036906584,-1.97470605112643
47.49,2.299239462569242,-2.0886149500499855
47.5,2.2777921046896585,-2.199135190045247
47.51,2.2552567587683368,-2.306165862273594
47.52,2.2316687874441863,-2.4096210820390005
47.53,2.2070643371275565,-2.5094299200487415
47.54,2.181480189043212,-2.6055362352396165
47.550000000000004,2.154953612422765,-2.6978984153375096
47.56,2.127522220736462,-2.786489032019912
47.57,2.099223831782367,-2.871294418111535
47.58,2.0700963323742316,-2.9523141746625914
47.59,2.0401775482891154,-3.0295606160408846
47.6,2.009505120053414,-3.1030581613181956
47.61,1.9781163850627514,-3.1728426802564624
47.62,1.946048266448285,-3.2389608021095166
47.63,1.9133371690205612,-3.3014691952627584
47.64,1.88001888254303,-3.3604338254481183
47.65,1.8461284925115988,-3.415929199907664
47.660000000000004,1.8117002985448765,-3.468037604449205
47.67,1.7767677404226145,-3.5168483398541155
47.68,1.7413633317477941,-3.562456963573947
47.69,1.7055186011511356,-3.6049645421002343
47.7,1.6692640409057893,-3.6444769188224555
47.71,1.6326290627746864,-3.681104001612768
47.72,1.595641960873534,-3.714959073802198
47.730000000000004,1.5583298812986426,-3.7461581316496444
47.74,1.5207187982405412,-3.7748192508594616
47.75,1.4828334962814536,-3.801061984181459
47.76,1.4446975585569122,-3.825006791633748
47.77,1.4063333604487784,-3.846774504427753
47.78,1.367762068468357,-3.8664858232486474
47.79,1.3290036439838053,-3.8842608511553656
47.800000000000004,1.2900768514452496,-3.90021866101314
47.81,1.2509992707635427,-3.9144768970585657
47.82,1.2117873135040782,-3.9271514099220854
47.83,1.1724562425651008,-3.9383559241946378
47.84,1.1330201950201855,-3.9482017374226532
47.85,1.0934922078166478,-3.956797449246898
47.86,1.0538842460352476,-3.964248719263839
47.870000000000005,1.014207233431371,-3.9706580520810744
47.88,0.974471084993626,-3.976124607958546
47.89,0.9346847412722,-3.980744037372413
47.9,0.8948562042461777,-3.9846083378060824
47.910000000000004,0.8549925745160784,-3.987805731060712
47.92,0.8151000896249635,-3.9904205593830375
47.93,0.7751841633284177,-3.992533198729574
47.94,0.735249425650372,-3.9942199875208315
47.95,0.6952997635780009,-3.995553169285309
47.96,0.6553383622646658,-3.996600847648821
47.97,0.6153677466250245,-3.9974269521885044
47.980000000000004,0.5753898232208957,-3.9980912137411813
47.99,0.5354059223502009,-3.9986491478312325
48.0,0.495416840264271,-3.999152044962654
48.01,0.4554228814509478,-3.999646966602446
48.02,0.4154239009322221,-4.000176745767086
48.03,0.37541934653560605,-4.000779991209839
48.04,0.3354083011080253,-4.001491094293424
48.050000000000004,0.29538952464973756,-4.002340237719674
48.06,0.2553614963536318,-4.003353405374853
48.07,0.2153224565422405,-4.004552392636064
48.08,0.1752704485009105,-4.005954816570424
48.09,0.135203360210832,-4.007574125544365
48.1,0.09511896599002322,-4.009419607845529
48.11,0.055014968053921434,-4.011496399004208
48.120000000000005,0.014889038009939055,-4.013805487585344
48.13,-0.025261141697785452,-4.016343719305734
48.14,-0.06543783637617563,-4.0191037994145224
48.15,-0.1056432176860759,-4.022074293358425
48.160000000000004,-0.14587932224334413,-4.025239625836563
48.17,-0.18614801020280716,-4.028580078433503
48.18,-0.22645092381201418,-4.032071786103195
48.19,-0.2667894459248711,-4.035686732861152
48.2,-0.30716465846923724,-4.039392747127441
48.21,-0.3475773008674199,-4.043153497248993
48.22,-0.38802772841421707,-4.0469284878162926
48.230000000000004,-0.4285158706237457,-4.050673057476652
48.24,-0.46904118956375007,-4.054338379033852
48.25,-0.5096026382044228,-4.057871462711691
48.26,-0.5501986188179839,-4.061215163546588
48.27,-0.5908269414753545,-4.064308193961416
48.28,-0.6314847826972123,-4.067085142658596
48.29,-0.6721686443285265,-4.069476501054473
48.300000000000004,-0.7128743127183018,-4.071408698558361
48.31,-0.7535968182996938,-4.072804148077214
48.32,-0.7943303956798462,-4.073581303199802
48.33,-0.8350684443636899,-4.0736547285809515
48.34,-0.8758034902514653,-4.072935185105608
48.35,-0.9165271480658022,-4.071329731462457
48.36,-0.9572300848807145,-4.068741843795849
48.370000000000005,-0.9979019849417192,-4.065071555130881
48.38,-1.0385315159833322,-4.0602156162775795
48.39,-1.079106297267271,-4.054067679914045
48.4,-1.1196128695816132,-4.046518509522793
48.410000000000004,-1.160036667457727,-4.037456214807013
48.42,-1.2003619938777537,-4.0267665151416185
48.43,-1.2405719977605594,-4.01433303251536
48.44,-1.2806486545280609,-4.000037615292539
48.45,-1.32057275006641,-3.9837606939637675
48.46,-1.3603238684073362,-3.965381669862647
48.47,-1.399880383463663,-3.944779337597455
48.480000000000004,-1.4392194551592852,-3.9218323416823306
48.49,-1.4783170302973097,-3.8964196675501324
48.5,-1.5171478485102878,-3.8684211667884645
48.51,-1.5556854536330789,-3.8377181160614975
48.52,-1.593902210831518,-3.8041938087639005
48.53,-1.6317693298083569,-3.7677341780011187
48.54,-1.66925689439154,-3.72822844900487
48.550000000000004,-1.7063338987884542,-3.6855698185776147
48.56,-1.7429682907630923,-3.639656158619429
48.57,-1.7791270219608428,-3.5903907402308617
48.58,-1.8147761055677096,-3.537682974312778
48.59,-1.8498806814470985,-3.481449164006841
48.6,-1.8844050888478465,-3.4216132637472008
48.61,-1.9183129467220423,-3.3581076391352727
48.620000000000005,-1.9515672416305518,-3.290873821316271
48.63,-1.9841304231483678,-3.2198632490402392
48.64,-2.0159645066113567,-3.1450379911442488
48.65,-2.0470311829712524,-3.0663714418090415
48.660000000000004,-2.0772919354475374,-2.983848980635734
48.67,-2.1067081625839674,-2.897468589369064
48.68,-2.1352413072349186,-2.807241416975347
48.69,-2.1628529909234744,-2.7131922847771985
48.7,-2.1895051529304626,-2.615360123463253
48.71,-2.215160193392739,-2.5137983340379515
48.72,-2.239781119611221,-2.40857506516032
48.730000000000004,-2.263331694695945,-2.299773399845333
48.74,-2.2857765876081277,-2.1874914451680767
48.75,-2.3070815235993063,-2.0718423194174838
48.76,-2.327213433996477,-1.9529540320876244
48.77,-2.3461406042410586,-1.8309692531617954
48.78,-2.3638328190597124,-1.706044969325758
48.79,-2.3802615036275734,-1.5783520260260118
48.800000000000004,-2.3953998595802326,-1.4480745556482073
48.81,-2.4092229947405377,-1.315409293508131
48.82,-2.4217080454503956,-1.1805647847990022
48.83,-2.432834290436518,-1.0437604870980233
48.84,-2.4425832551923565,-0.9052257744746812
48.85,-2.450938805926012,-0.7651988506350198
48.86,-2.457887232205057,-0.6239255798517382
48.870000000000005,-2.4634173175230467,-0.4816582456421108
48.88,-2.4675203971178994,-0.3386542482384722
48.89,-2.4701904024878165,-0.19517475282578797
48.9,-2.4714238921744154,-0.051483301277059745
48.910000000000004,-2.471220068513358,0.09215559931695821
48.92,-2.469580780188076,0.23547789766483732
48.93,-2.466510510560061,0.3782214150286096
48.94,-2.462016351887504,0.5201272439694065
48.95,-2.456107965680673,0.6609411156168141
48.96,-2.4487975295751676,0.8004147224791887
48.97,-2.440099671231089,0.938306984493477
48.980000000000004,-2.430031389885298,1.0743852468753605
48.99,-2.418611966293582,1.2084263993546016
49.0,-2.405862861898206,1.340217907543915
49.01,-2.3918076081427038,1.4695587484674422
49.02,-2.3764716869288574,1.5962602436401163
49.03,-2.3598824032699013,1.7201467845138394
49.04,-2.3420687512385805,1.8410564465621657
49.050000000000004,-2.323061274338658,1.9588414897341675
49.06,-2.3028919214438974,2.0733687444436084
49.07,-2.281593899449786,2.184519883646453
49.08,-2.2592015237709684,2.2921915828754087
49.09,-2.2357500677922784,2.3962955713246736
49.1,-2.2112756123444752,2.496758578194553
49.11,-2.1858148962283876,2.5935221795005168
49.120000000000005,-2.1594051687544655,2.686542551414587
49.13,-2.132084045200096,2.7757901369319424
49.14,-2.1038893660158267,2.8612492332390405
49.15,-2.0748590605353154,2.942917507601211
49.160000000000004,-2.0450310158638025,3.0208054498903265
49.17,-2.014442951537509,3.0949357700421536
49.18,-1.9831323004629595,3.1653427487759127
49.19,-1.9511360965619908,3.2320715498348775
49.2,-1.9184908694662621,3.2951775018273937
49.21,-1.885232546525443,3.3547253574744884
49.22,-1.8513963623167722,3.410788537715906
49.230000000000004,-1.8170167757711246,3.4634483677039167
49.24,-1.782127394962694,3.5127933112365812
49.25,-1.7467609095463932,3.558918209662019
49.26,-1.7109490307694537,3.60192353073476
49.27,-1.6747224389316981,3.6419146323358884
49.28,-1.6381107381227358,3.679001045390943
49.29,-1.6011424180238791,3.71329577974291
49.300000000000004,-1.5638448225278776,3.744914656170579
49.31,-1.5262441249004677,3.773975667192266
49.32,-1.4883653091840325,3.800598368767636
49.33,-1.4502321575251151,3.8249033045110505
49.34,-1.4118672430938117,3.847011463562496
49.35,-1.3732919282538654,3.867043772829617
49.36,-1.3345263676372192,3.885120623918703
49.370000000000005,-1.295589515775491,3.901361434714763
49.38,-1.256499138942924,3.915884245251457
49.39,-1.217271830870462,3.928805347230394
49.4,-1.177923031998316,3.9402389463052416
49.410000000000004,-1.1384670519443572,3.950296856038006
49.42,-1.098917094877556,3.959088222260956
49.43,-1.0592852874991379,3.966719276436097
49.44,-1.0195827093488337,3.973293116492608
49.45,-0.9798194251692856,3.978909513538915
49.46,-0.9400045190780554,3.9836647427877323
49.47,-0.900146130313531,3.9876514369969644
49.480000000000004,-0.8602514903381162,3.990958460714465
49.49,-0.8203269610992417,3.993670803617929
49.5,-0.7803780742657577,3.9958694912604185
49.51,-0.7404095712740334,3.9976315115650194
49.52,-0.7004254440344574,3.9990297554569487
49.53,-0.6604289761648945,4.000132970076187
49.54,-0.6204227846329337,4.00100572307674
49.550000000000004,-0.5804088617033597,4.0017083765883825
49.56,-0.5403886171011659,4.00229706949189
49.57,-0.5003629203135219,4.00282370673805
49.58,-0.46033214296640496,4.003335954523206
49.59,-0.4202962012230578,4.003877240218744
49.6,-0.38025459816203006,4.004486756038101
49.61,-0.3402064661022957,4.005199465511927
49.620000000000005,-0.3001506088517915,4.006046111929426
49.63,-0.26008554386370725,4.00705322799133
49.64,-0.22000954429196495,4.008243146007109
49.65,-0.17992068094356506,4.009634008055706
49.660000000000004,-0.13981686413085082,4.011239775615195
49.67,-0.09969588543126115,4.013070238252305
49.68,-0.05955545936580473,4.015131021047697
49.69,-0.019393265010307203,4.017423590517363
49.7,0.020793012444542527,4.0199452588745554
49.71,0.061005640167183905,4.022689186560536
49.72,0.10124679617575323,4.025644383056135
49.730000000000004,0.1415185278283066,4.028795706069972
49.74,0.18182271029715266,4.032123859283222
49.75,0.222161005013971,4.035605388915292
49.76,0.2625348180754585,4.039212679459734
49.77,0.3029452586031657,4.042913949025296
49.78,0.3433930970559644,4.046673244803279
49.79,0.38387872349923124,4.050450439269246
49.800000000000004,0.42440210584134935,4.054201227814645
49.81,0.4649627480555242,4.057877128591825
49.82,0.5055596484131858,4.061425485444101
49.83,0.5461912577644061,4.0647894748805475
49.84,0.5868554379107968,4.067908118142705
49.85,0.6275494201272602,4.070716299496758
49.86,0.6682697639007319,4.073144791969371
49.870000000000005,0.7090123159666477,4.07512029182731
49.88,0.7497721697372781,4.076565463179418
49.89,0.790543625230236,4.077398994153171
49.9,0.8313201496203415,4.07753566616574
49.910000000000004,0.8720943385535508,4.076886437869705
49.92,0.9128578783777357,4.0753585454047565
49.93,0.953601509461646,4.0728556206269975
49.94,0.9943149907902756,4.069277829015046
49.95,1.034987066041947,4.064522028964773
49.96,1.075605431369571,4.058481954180132
49.97,1.1161567051255494,4.051048420843782
49.980000000000004,1.1566263997864465,4.042109561205613
49.99,1.1969988963496616,4.031551085157541
50.0,1.2372574214895973,4.019256571266519
50.01,1.277384027774992,4.005107788612227
50.02,1.3173595772618418,3.9889850506191435
50.03,1.357163728787375,3.970767601882493
50.04,1.3967749292994918,3.9503340387620787
50.050000000000004,1.4361704095626164,3.9275627642557676
50.06,1.475326184584607,3.902332477364224
50.07,1.514217059109901,3.8745226968198936
50.08,1.552816638521005,3.8440143186761815
50.09,1.5910973454834245,3.810690206838048
50.1,1.6290304426577658,3.7744358151643733
50.11,1.6665860617867119,3.7351398392879025
50.120000000000005,1.7037332394435238,3.692694895783786
50.13,1.7404399597023876,3.646998225777185
50.14,1.7766732039590676,3.597952419519697
50.15,1.8123990080927816,3.5454661578902527
50.160000000000004,1.8475825271168727,3.48945496619645
50.17,1.8821881074167106,3.429841975076143
50.18,1.9161793666183955,3.366558682736467
50.19,1.94951928107144,3.2995457122294463
50.2,1.9821702808629844,3.228753556961787
50.21,2.0140943522106753,3.1541433071838396
50.22,2.045253147006661,3.0756873498120356
50.230000000000004,2.075608099206916,2.9933700336233815
50.24,2.105120547679128,2.907188291632753
50.25,2.133751865039571,2.8171522123361914
50.26,2.161463591925852,2.723285551487673
50.27,2.188217576069324,2.6256261761831667
50.28,2.2139761154495154,2.5242264332627853
50.29,2.23870210473458,2.419153434416018
50.300000000000004,2.2623591841378357,2.310489250890487
50.31,2.2849118897523897,2.198331011362703
50.32,2.3063258043650894,2.082790897328186
50.33,2.326567707698953,1.9639960313030356
50.34,2.3456057249911497,1.8420882541911194
50.35,2.363409472782775,1.7172237893486377
50.36,2.379950200778122,1.5895727921555514
50.370000000000005,2.3952009286258855,1.4593187852627338
50.38,2.4091365764833768,1.326657981103187
50.39,2.4217340882479492,1.191798494711225
50.4,2.4329725463776013,1.0549594513590566
50.410000000000004,2.4428332772751307,0.9163699949681274
50.42,2.451299946276964,0.776268204654602
50.43,2.4583586413682226,0.6348999280960529
50.44,2.463997944838885,0.49251754163216593
50.45,2.4682089922008656,0.34937864810988256
50.46,2.470985517801082,0.20574472442900485
50.47,2.4723238866894457,0.061879731516957553
50.480000000000004,2.4722231124314216,-0.08195129995618497
50.49,2.470684860690322,-0.22548369443232988
50.5,2.467713438542775,-0.36845455303269725
50.51,2.463315769629668,-0.5106041580299269
50.52,2.4575013553821763,-0.6516773466808785
50.53,2.4502822226960506,-0.7914248413486896
50.54,2.441672858555202,-0.929604523513385
50.550000000000004,2.4316901322257825,-1.0659826401240475
50.56,2.4203532057527215,-1.2003349317632572
50.57,2.4076834335905177,-1.3324476732538435
50.58,2.393704252287645,-1.4621186186139816
50.59,2.3784410612182385,-1.5891578436323612
50.6,2.361921095414998,-1.7133884807624935
50.61,2.344173291602989,-1.8346473424957397
50.620000000000005,2.3252281485650834,-1.952785430838243
50.63,2.3051175829862243,-2.067668331960648
50.64,2.2838747819258707,-2.1791764964860247
50.65,2.261534053056504,-2.2872054072078107
50.660000000000004,2.238130673781715,-2.391665637265607
50.67,2.213700740311192,-2.4924828029351858
50.68,2.1882810177230114,-2.5895974161962756
50.69,2.161908791987267,-2.6829646431172223
50.7,2.1346217248606667,-2.7725539748325554
50.71,2.1064577124906156,-2.858348818484317
50.72,2.0774547484909807,-2.9403460159503485
50.730000000000004,2.0476507921716087,-3.0185552984951887
50.74,2.0170836425210767,-3.0929986856570526
50.75,1.9857908184584676,-3.1637098367349803
50.76,1.9538094457863773,-3.2307333631731083
50.77,1.9211761511950056,-3.294124109964943
50.78,1.8879269635870783,-3.3539464139315136
50.79,1.8540972229163752,-3.4102733463760058
50.800000000000004,1.8197214966595583,-3.463185947196964
50.81,1.784833503972436,-3.5127724570654504
50.82,1.7494660475182493,-3.559127553751435
50.83,1.7136509528974073,-3.6023515981334344
50.84,1.6774190155555808,-3.6425498948545036
50.85,1.6407999550003174,-3.6798319720077988
50.86,1.6038223761154247,-3.7143108836556453
50.870000000000005,1.5665137373272044,-3.746102538415897
50.88,1.5289003253471067,-3.775325056795746
50.89,1.4910072361912894,-3.8020981594222842
50.9,1.452858362158661,-3.8265425878160944
50.910000000000004,1.4144763844349675,-3.848779558883024
50.92,1.3758827709810004,-3.868930253863041
50.93,1.3370977793577066,-3.887115342075724
50.94,1.2981404641394858,-3.903454539440704
50.95,1.2590286885688924,-3.918066201428677
50.96,1.2197791401109124,-3.9310669498141553
50.97,1.1804073495726093,-3.9425713323541856
50.980000000000004,1.1409277134638287,-3.9526915143064363
50.99,1.1013535192864807,-3.9615370005237818
51.0,1.0616969734533532,-3.9692143867187326
51.01,1.0219692315521063,-3.9758271383776425
51.02,0.9821804306858005,-3.981475395719213
51.03,0.9423397236377221,-3.986255803032006
51.04,0.9024553146251605,-3.9902613606890256
51.050000000000004,0.8625344964239416,-3.9935812981215117
51.06,0.8225836886627302,-3.996300966036563
51.07,0.7826084771032105,-3.9985017461817627
51.08,0.742613653739095,-4.000260976992536
51.09,0.7026032575633597,-4.0016518935024195
51.1,0.6625806158690466,-4.002743579950995
51.11,0.6225483859643397,-4.003600933587161
51.120000000000005,0.5825085971973033,-4.004284638235166
51.13,0.5424626931996364,-4.004851146266072
51.14,0.5024115742719818,-4.00535266769673
51.15,0.46235563984570166,-4.005837165221041
51.160000000000004,0.42229483096756093,-4.006348354063151
51.17,0.3822286727644386,-4.006925705628719
51.18,0.3421563168549866,-4.0076044540176925
51.19,0.3020765836840848,-4.008415604549812
51.2,0.2619880047639903,-4.009385943541768
51.21,0.2218888648132494,-4.010538048662436
51.22,0.1817772437907416,-4.011890299279634
51.230000000000004,0.14165105882765675,-4.013456886298266
51.24,0.10150810606477628,-4.015247821075587
51.25,0.061346102406145,-4.01726894308456
51.26,0.021162727203085072,-4.019521926081027
51.27,-0.019044336115475544,-4.022004282614761
51.28,-0.059277358449210144,-4.024709366808558
51.29,-0.09953852345164671,-4.027626375413489
51.300000000000004,-0.13982988595747994,-4.030740347232489
51.31,-0.1801533303962965,-4.034032161088711
51.32,-0.22051052917925418,-4.03747853259974
51.33,-0.26090290104829134,-4.041052010103855
51.34,-0.3013315693813313,-4.044720970170325
51.35,-0.3417973204516978,-4.048449613212086
51.36,-0.38230056164557297,-4.052197959806197
51.370000000000005,-0.4228412796478217,-4.055921848415111
51.38,-0.4634189986138752,-4.059572935289874
51.39,-0.5040327383536192,-4.063098697424645
51.4,-0.5446809725623681,-4.066442439520141
51.410000000000004,-0.585361587144022,-4.069543306001229
51.42,-0.6260718386823927,-4.072336299220485
51.43,-0.6668083131284317,-4.0747523050642735
51.44,-0.7075668847836782,-4.07671812726015
51.45,-0.7483426756736348,-4.078156531762971
51.46,-0.7891300154189376,-4.078986302671095
51.47,-0.8299224017270566,-4.079122311191996
51.480000000000004,-0.8707124616427775,-4.078475599237229
51.49,-0.9114919137118012,-4.076953479278198
51.5,-0.9522515312283415,-4.074459652134945
51.51,-0.9929811067545001,-4.0708943443981775
51.52,-1.033669418116305,-4.066154467197968
51.53,-1.0743041960984594,-4.06013379802874
51.54,-1.1148720940768797,-4.052723187317007
51.550000000000004,-1.1553586598447994,-4.043810791373471
51.56,-1.195748309904349,-4.033282333302063
51.57,-1.2360243065108407,-4.021021393342818
51.58,-1.2761687377712054,-4.006909730000918
51.59,-1.3161625011108589,-3.990827633158239
51.6,-1.35598529043437,-3.9726543101744607
51.61,-1.395615587314348,-3.9522683057602053
51.620000000000005,-1.4350306565495743,-3.9295479561433146
51.63,-1.4742065464372145,-3.9043718777501017
51.64,-1.5131180941045763,-3.876619490285653
51.65,-1.5517389362429277,-3.8461715737210094
51.660000000000004,-1.5900415255789966,-3.81291085828105
51.67,-1.6279971534085487,-3.7767226460766397
51.68,-1.6655759785005295,-3.737495462540572
51.69,-1.7027470626593602,-3.6951217353123673
51.7,-1.7394784132067769,-3.649498497676606
51.71,-1.7757370326128923,-3.6005281130987186
51.72,-1.8114889754687513,-3.548119016827741
51.730000000000004,-1.8466994129494472,-3.492186469955346
51.74,-1.8813327048678583,-3.432653320743457
51.75,-1.9153524793643164,-3.369450767468987
51.76,-1.9487217202172382,-3.302519116494793
51.77,-1.9814028616942125,-3.231808528772578
51.78,-2.01335789079269,-3.157279747528803
51.79,-2.044548456644789,-3.0789047994915575
51.800000000000004,-2.0749359867825214,-2.996667661697916
51.81,-2.1044818098787474,-2.910564885690468
51.82,-2.1331472844963306,-2.820606170780951
51.83,-2.160893933294366,-2.7268148780397503
51.84,-2.1876835820571254,-2.6292284767728042
51.85,-2.213478502829822,-2.5278989154808014
51.86,-2.2382415603667414,-2.4228929096660896
51.870000000000005,-2.2619363610231438,-2.314292139364588
51.88,-2.284527403154033,-2.202193349934618
51.89,-2.305980228021836,-2.0867083504302975
51.9,-2.326261570162639,-1.9679639048190227
51.910000000000004,-2.3453395061182167,-1.8461015123622673
51.92,-2.3631836004098847,-1.7212770746546104
51.93,-2.379765047611309,-1.593660448092354
51.94,-2.3950568093717317,-1.4634348819017995
51.95,-2.4090337452493453,-1.330796343276804
51.96,-2.421672736237268,-1.195952732631586
51.97,-2.4329527999019773,-1.0591229934418405
51.980000000000004,-2.4428551961061054,-0.9205361225974656
51.99,-2.4513635223539265,-0.7804300885952651
52.0,-2.4584637978780104,-0.6390506662314233
52.01,-2.4641445356785554,-0.49665019768365487
52.02,-2.468396801831684,-0.35348629097545814
52.03,-2.4712142614980643,-0.20982046776586274
52.04,-2.472593211187001,-0.06591677318642425
52.050000000000004,-2.4725325969617926,0.07795963896447547
52.06,-2.4710340184077113,0.22154393197502295
52.07,-2.468101718322292,0.3645730090532797
52.08,-2.4637425582266457,0.5067869194159443
52.09,-2.4579659799339737,0.6479302340665807
52.1,-2.450783953545314,0.7877533781650436
52.11,-2.4422109123706726,0.9260139075561972
52.120000000000005,-2.43226367539419,1.0624777178760172
52.13,-2.420961358013152,1.1969201756678767
52.14,-2.408325271880833,1.3291271620989296
52.15,-2.3943788147711738,1.4588960211410804
52.160000000000004,-2.3791473514580113,1.5860364054461273
52.17,-2.3626580866622513,1.7103710145722
52.18,-2.3449399311665675,1.8317362216800959
52.19,-2.3260233622286495,1.9499825862853983
52.2,-2.3059402794408594,2.0649752520982814
52.21,-2.2847238571866835,2.1765942303823262
52.22,-2.2624083948332125,2.2847345705934266
52.230000000000004,-2.239029165774815,2.389306421299615
52.24,-2.2146222664072206,2.4902349855151646
52.25,-2.189224466064512,2.5874603755937016
52.26,-2.1628730588953466,2.6809373737048343
52.27,-2.135605718590415,2.7706351046599695
52.28,-2.107460356802147,2.8565366284519085
52.29,-2.078474986021377,2.9386384603290985
52.300000000000004,-2.048687587595565,3.0169500265415476
52.31,-2.0181359854905456,3.0914930640765896
52.32,-1.9868577263140328,3.1623009727563596
52.33,-1.9548899660354184,3.229418128004336
52.34,-1.922269363753946,3.2928991624165067
52.35,-1.8890319827870883,3.3528082240055697
52.36,-1.8552131992738348,3.4092182186367697
52.370000000000005,-1.820847618414353,3.462210043754527
52.38,-1.7859689983987441,3.5118718200230306
52.39,-1.7506101820138922,3.5582981269842144
52.4,-1.7148030358590598,3.6015892482853222
52.410000000000004,-1.6785783970481856,3.6418504314571334
52.42,-1.641966027229917,3.6791911666435513
52.43,-1.6049945737153146,3.713724488103286
52.44,-1.5676915374678515,3.7455663017333523
52.45,-1.5300832476806479,3.7748347413094927
52.46,-1.4921948426416618,3.8016495556066436
52.47,-1.454050256568515,3.8261315280583967
52.480000000000004,-1.4156722120804937,3.848401930142042
52.49,-1.377082217965674,3.8685820092382825
52.5,-1.3383005718957282,3.886792511314141
52.51,-1.2993463677393913,3.903153238415127
52.52,-1.2602375071274257,3.9177826406288556
52.53,-1.2209907149268142,3.9307974418967584
52.54,-1.1816215582894904,3.942312298802507
52.550000000000004,-1.142144468950764,3.9524394912539944
52.56,-1.1025727684644107,3.9612886437985115
52.57,-1.0629186960747938,3.968966476166175
52.58,-1.023193438941087,3.975576581522489
52.59,-0.9834071644443441,3.98121923082486
52.6,-0.9435690543245898,3.9859912016174865
52.61,-0.9036873404119943,3.9899856295618914
52.620000000000005,-0.863769341733352,3.9932918809840188
52.63,-0.8238215027923139,3.9959954447209074
52.64,-0.7838494328389338,3.9981778415682334
52.65,-0.7438579459609492,3.9999165496622875
52.660000000000004,-0.7038511018456881,4.001284944174239
52.67,-0.6638322470774645,4.002352249748937
52.68,-0.6238040568507093,4.003183504183309
52.69,-0.5837685769937982,4.003839531909115
52.7,-0.543727266212527,4.004376925919962
52.71,-0.503681038475399,4.004848036861921
52.72,-0.4636303054752886,4.005300968089723
52.730000000000004,-0.4235750191136045,4.005779575575437
52.74,-0.38351471396377984,4.006323471642983
52.75,-0.34344854968074484,4.006968031589222
52.76,-0.30337535333199533,4.007744402340076
52.77,-0.2632936616339433,4.008679512377949
52.78,-0.22320176308443637,4.009796082264188
52.79,-0.18309773998865955,4.011112635167337
52.800000000000004,-0.1429795103810896,4.012643506894421
52.81,-0.10284486985077111,4.014398855008283
52.82,-0.06269153328092397,4.016384666699275
52.83,-0.02251717651678563,4.01860276516429
52.84,0.01768052202236183,4.021050814330428
52.85,0.057903839769822926,4.023722321844611
52.86,0.09815496845925405,4.026606640334365
52.870000000000005,0.13843597257651025,4.029688967028945
52.88,0.17874874779983294,4.032950341914116
52.89,0.21909497941479253,4.036367644678462
52.9,0.25947610069340216,4.039913590794072
52.910000000000004,0.29989325123067395,4.043556727160081
52.92,0.34034723523660376,4.04726142782378
52.93,0.3808384797871495,4.050987890380898
52.94,0.4213669930442217,4.054692133744153
52.95,0.4619323224620326,4.058325998057061
52.96,0.5025335130053629,4.061837147618162
52.97,0.5431690654143958,4.065169077768854
52.980000000000004,0.58383689456074,4.068261126785555
52.99,0.6245342879501069,4.071048493903359
53.0,0.6652578644388072,4.073462264683063
53.01,0.7060035332437682,4.0754294450155895
53.02,0.746766453339119,4.07687300513646
53.03,0.7875409933464974,4.077711935096973
53.04,0.8283206920410584,4.077861313206829
53.050000000000004,0.8690982196106339,4.0772323890237026
53.06,0.9098653398215324,4.075732682517043
53.07,0.9506128732609748,4.073266101074484
53.08,0.9913306618430221,4.069733076047689
53.09,1.0320075347819286,4.065030720548204
53.1,1.0726312762539862,4.059053010200735
53.11,1.1131885949859432,4.051690988538917
53.120000000000005,1.1536650960247645,4.042832998684687
53.13,1.194045254959637,4.032364942884388
53.14,1.2343123948824524,4.020170571380303
53.15,1.2744486663872432,4.0061318019730265
53.160000000000004,1.3144350309219128,3.9901290714756246
53.17,1.3542512478167557,3.972041720072902
53.18,1.393875865323371,3.951748409376234
53.19,1.4332862160042803,3.929127574704994
53.2,1.4724584168174708,3.9040579118283305
53.21,1.5113673742408469,3.876418898065389
53.22,1.5499867947787784,3.8460913472679894
53.230000000000004,1.5882892011862066,3.8129579977979526
53.24,1.6262459547347377,3.776904132163224
53.25,1.6638272838294712,3.7378182264950364
53.26,1.7010023192646384,3.6955926275359614
53.27,1.7377391363801904,3.650124254270223
53.28,1.774004804350043,3.6013153207686
53.29,1.8097654427955625,3.549074076247292
53.300000000000004,1.8449862858749888,3.49331555776104
53.31,1.8796317539507834,3.433962350374529
53.32,1.9136655328824794,3.3709453490926347
53.33,1.9470506609326361,3.304204516290366
53.34,1.9797496232082867,3.2336896278792326
53.35,2.011724453490221,3.159361000990652
53.36,2.0429368432281003,3.081190195561832
53.370000000000005,2.0733482574014577,2.9991606818883576
53.38,2.1029200568658672,2.9132684659734203
53.39,2.1316136267209265,2.823522664368662
53.4,2.1593905101532407,2.7299460201775885
53.410000000000004,2.186212547124478,2.6325753519897606
53.42,2.2120420171930357,2.531461927741215
53.43,2.236841785679302,2.426671755860487
53.44,2.2605754523102455,2.318285786564446
53.45,2.2832075014105913,2.206400016815491
53.46,2.3047034526465557,2.0911254932399
53.47,2.3250300112753894,1.972588208231578
53.480000000000004,2.3441552168111874,1.8509288855178765
53.49,2.3620485889857474,1.7263026526329206
53.5,2.378681269863846,1.5988785990139431
53.51,2.3940261609660265,1.4688392197891622
53.52,2.4080580542596293,1.336379746740488
53.53,2.420753755900836,1.2017073693769416
53.54,2.432092201647168,1.0650403505191655
53.550000000000004,2.442054562911219,0.9266070422443573
53.56,2.450624342492055,0.7866448094460784
53.57,2.4577874591001407,0.6453988695963171
53.58,2.463532319883982,0.5031210585302017
53.59,2.467849880270745,0.36006853318060733
53.6,2.470733690547594,0.2165024231465194
53.61,2.4721799287336754,0.07268644376427272
53.620000000000005,2.472187419422879,-0.07111451605291966
53.63,2.470757638412617,-0.21463581754787703
53.64,2.4678947030719214,-0.3576144935831015
53.65,2.4636053485409546,-0.4997906540266409
53.660000000000004,2.4578988899913887,-0.6409088614996725
53.67,2.4507871713109615,-0.7807194643825645
53.68,2.4422845007037375,-0.9189798746322656
53.69,2.4324075738183164,-1.0554557788040355
53.7,2.421175385127657,-1.1899222716760318
53.71,2.408609128384796,-1.322164903024042
53.72,2.3947320870671764,-1.4519806293608655
53.730000000000004,2.3795695157975785,-1.5791786638137428
53.74,2.3631485137909016,-1.703581218735799
53.75,2.3454978914228626,-1.8250241371052824
53.76,2.3266480310487956,-1.9433574102313327
53.77,2.3066307432182356,-2.0584455807300257
53.78,2.285479119434195,-2.1701680311341436
53.79,2.263227382595553,-2.2784191598313495
53.800000000000004,2.2399107362375688,-2.383108447267808
53.81,2.2155652136501973,-2.4841604164903965
53.82,2.190227527907761,-2.581514493116478
53.83,2.163934923787868,-2.6751247707051227
53.84,2.136725032493658,-2.7649596882505114
53.85,2.1086357300228573,-2.851001627123281
53.86,2.079704999951193,-2.9332464352481407
53.870000000000005,2.0499708013178948,-3.01170288662866
53.88,2.0194709422186197,-3.0863920845176427
53.89,1.988242959627542,-3.157346816591373
53.9,1.9563240058867923,-3.224610870427424
53.910000000000004,1.9237507422189937,-3.2882383174194536
53.92,1.8905592395384034,-3.3482927730003724
53.93,1.8567848867589865,-3.4048466407000384
53.94,1.8224623067244028,-3.4579803471482666
53.95,1.7876252798160213,-3.50778157466144
53.96,1.752306675231174,-3.554344497534189
53.97,1.7165383898653375,-3.5977690276087664
53.980000000000004,1.6803512946789987,-3.6381600741254227
53.99,1.6437751883828289,-3.6756268222780277
54.0,1.6068387582334382,-3.7102820343200227
54.01,1.5695695476964286,-3.742241376495166
54.02,1.531993930703535,-3.7716227745128803
54.03,1.494137092206171,-3.798545799755661
54.04,1.4560230147084217,-3.8231310879011486
54.050000000000004,1.4176744704481479,-3.8454997911681685
54.06,1.3791130188850582,-3.86577306495741
54.07,1.3403590091489996,-3.884071589255532
54.08,1.3014315870999476,-3.900515124807606
54.09,1.2623487066528476,-3.9152221037374177
54.1,1.2231271450251993,-3.9283092540080364
54.11,1.1837825215726867,-3.9398912568654585
54.120000000000005,1.1443293198878899,-3.9500804361947917
54.13,1.1047809128487907,-3.9589864785396864
54.14,1.065149590317096,-3.9667161823896553
54.15,1.0254465892009974,-3.973373235224318
54.160000000000004,0.9856821256126095,-3.9790580167161895
54.17,0.9458654288666737,-3.9838674264319676
54.18,0.9060047770839702,-3.987894734333937
54.19,0.8661075341799949,-3.99122945236568
54.2,0.8261801880366566,-3.9939572254073816
54.21,0.7862283896718473,-3.9961597399033804
54.22,0.746256993238589,-3.997914648496108
54.230000000000004,0.7062700967019252,-3.9992955090440923
54.24,0.6662710830577072,-4.000371736455465
54.25,0.6262626619728159,-4.001208565830672
54.26,0.5862469117410938,-4.00186702547725
54.27,0.546225321463271,-4.002403918434274
54.28,0.5061988333724083,-4.0028718112231205
54.29,0.4661678852388086,-4.003319028623514
54.300000000000004,0.4261324527999381,-4.003789653358425
54.31,0.3860920921716401,-4.004323529657652
54.32,0.3460459822067851,-4.004956269756988
54.33,0.3059929667765004,-4.005719262477508
54.34,0.265931596957235,-4.0066396831170366
54.35,0.22586017311415968,-4.007740503973222
54.36,0.18577678687777055,-4.0090405049044895
54.370000000000005,0.14567936301606987,-4.010554283421435
54.38,0.10556570120934183,-4.012292263886912
54.39,0.06543351773833161,-4.014260705488118
54.4,0.02528048709957946,-4.016461708728547
54.410000000000004,-0.014895716436239319,-4.018893220271791
54.42,-0.05509737730585637,-4.0215490360530115
54.43,-0.09532669715729956,-4.024418802657593
54.44,-0.13558575335900824,-4.027488017050265
54.45,-0.17587645749830488,-4.030738024821883
54.46,-0.21620051385544592,-4.034146017205362
54.47,-0.2565593778424122,-4.037685027197054
54.480000000000004,-0.296954214399387,-4.041323925205172
54.49,-0.3373858563465156,-4.0450274147329175
54.5,-0.37785476269404533,-4.04875602869057
54.51,-0.418360976920327,-4.052466127018066
54.52,-0.4589040852344067,-4.0561098963872775
54.53,-0.49948317484807253,-4.059635352841143
54.54,-0.5400967922912295,-4.062986348314688
54.550000000000004,-0.5807429018143663,-4.066102582070347
54.56,-0.6214188439326365,-4.068919618166382
54.57,-0.6621212941776938,-4.071368910161855
54.58,-0.7028462221358734,-4.073377834343847
54.59,-0.7435888508645707,-4.074869732841351
54.6,-0.7843436167927004,-4.075763968064523
54.61,-0.8251041302258612,-4.0759759899764365
54.620000000000005,-0.8658631365922291,-4.0754174177657
54.63,-0.9066124785811752,-4.073996137540767
54.64,-0.9473430593430445,-4.07161641770864
54.65,-0.9880448069353479,-4.0681790437301215
54.660000000000004,-1.028706640217647,-4.063581473958713
54.67,-1.0693164364145222,-4.057718018268485
54.68,-1.1098610005830167,-4.050480041155543
54.69,-1.1503260372376332,-4.041756190955618
54.7,-1.190696124402129,-4.031432656754415
54.71,-1.2309546903727213,-4.019393454475325
54.72,-1.2710839934916354,-4.005520743508364
54.730000000000004,-1.3110651052428886,-3.9896951750926544
54.74,-1.3508778969934883,-3.97179627348015
54.75,-1.3905010307124912,-3.9517028506887937
54.76,-1.429911954007264,-3.9292934553973105
54.77,-1.4690868998204376,-3.9044468562402184
54.78,-1.5080008911320686,-3.8770425594297184
54.79,-1.546627751009032,-3.8469613602608415
54.800000000000004,-1.5849401183372853,-3.8140859276482244
54.81,-1.6229094695619963,-3.7783014203985563
54.82,-1.6605061467452564,-3.7394961334444066
54.83,-1.6976993922308845,-3.697562171756077
54.84,-1.734457390180378,-3.6523961491126253
54.85,-1.770747315213137,-3.6038999083566936
54.86,-1.806535388347512,-3.5519812591867956
54.870000000000005,-1.841786940396873,-3.4965547289629497
54.88,-1.876466482926771,-3.437542321425796
54.89,-1.910537786825389,-3.3748742776655156
54.9,-1.9439639684800814,-3.308489833135813
54.910000000000004,-1.9767075834881054,-3.2383379640016567
54.92,-2.0087307277601143,-3.1643781156497877
54.93,-2.039995145801101,-3.086580905791014
54.94,-2.0704623458759346,-3.004928794256074
54.95,-2.1000937216862225,-2.9194167113452516
54.96,-2.1288506801028397,-2.8300526364484515
54.97,-2.156694774415192,-2.7368581186187337
54.980000000000004,-2.1835878424752146,-2.639868730868801
54.99,-2.209492149032568,-2.539134450175483
55.0,-2.2343705314787243,-2.434719955528709
55.01,-2.258186548143142,-2.3267048368532888
55.02,-2.28090462821579,-2.215183708265789
55.03,-2.3024902223084576,-2.10026621990367
55.04,-2.3229099526138635,-1.9820769634751432
55.050000000000004,-2.3421317615779604,-1.8607552677180457
55.06,-2.360125057968224,-1.7364548811131055
55.07,-2.3768608592002223,-1.6093435404565304
55.08,-2.392311928777355,-1.4796024252409172
55.09,-2.4064529077050407,-1.347425499201063
55.1,-2.419260438761376,-1.2130187418287597
55.11,-2.4307132825416162,-1.0765992741223482
55.120000000000005,-2.4407924242438233,-0.9383943842854106
55.13,-2.4494811702273247,-0.7986404604963226
55.14,-2.45676523345375,-0.6575818392081502
55.15,-2.4626328070114876,-0.5154695786788066
55.160000000000004,-2.4670746250273257,-0.3725601685481531
55.17,-2.4700840103824504,-0.22911418724757895
55.18,-2.471656908772277,-0.08539491982718261
55.19,-2.4717919087789935,0.05833305060190416
55.2,-2.4704902477602384,0.2018052642010799
55.21,-2.467755803494972,0.3447588047036967
55.22,-2.4635950716661648,0.4869337048842299
55.230000000000004,-2.4580171293972874,0.6280743236296609
55.24,-2.4510335851935716,0.7679306814835893
55.25,-2.442658515767616,0.9062597421711694
55.26,-2.4329083903501485,1.042826628435709
55.27,-2.421801983198902,1.1774057615073348
55.28,-2.409360275120002,1.3097819146587508
55.29,-2.3956063449057265,1.4397511725582726
55.300000000000004,-2.3805652516688363,1.5671217894794198
55.31,-2.364263909116138,1.6917149408415666
55.32,-2.346730952852005,1.8133653640091025
55.33,-2.327996601835956,1.9319218857391562
55.34,-2.3080925151372216,2.047247835113046
55.35,-2.287051645133695,2.1592213421887356
55.36,-2.2649080882934465,2.267735523947401
55.370000000000005,-2.2416969346547466,2.3726985603560613
55.38,-2.2174541170863256,2.4740336645125636
55.39,-2.192216261364496,2.571678951864624
55.4,-2.1660205380490334,2.665587214390271
55.410000000000004,-2.1389045170766905,2.755725606385424
55.42,-2.1109060259213246,2.8420752491213994
55.43,-2.0820630120942623,2.9246307621100014
55.44,-2.0524134106791245,3.0033997290486476
55.45,-2.021995017513289,3.078402106717464
55.46,-1.9908453685447751,3.149669585171595
55.47,-1.9590016258098573,3.217244907524164
55.480000000000004,-1.9265004703942918,3.281181157458988
55.49,-1.8933780026606775,3.3415410223591
55.5,-1.8596696499471097,3.3983960395998594
55.51,-1.8254100818686803,3.4518258331469394
55.52,-1.790633133284171,3.5019173471327423
55.53,-1.7553717349260254,3.548764082572649
55.54,-1.719657851632718,3.5924653428372535
55.550000000000004,-1.6835224280692802,3.6331254929300085
55.56,-1.6469953417741179,3.67085323704224
55.57,-1.6101053633284357,3.7057609182790934
55.58,-1.5728801234085361,3.737963843879278
55.59,-1.5353460864508501,3.767579638696085
55.6,-1.4975285306346144,3.7947276291734338
55.61,-1.4594515338673815,3.8195282595439854
55.620000000000005,-1.4211379654437346,3.842102541500775
55.63,-1.3826094830373659,3.862571538152567
55.64,-1.3438865346806832,3.8810558826684
55.65,-1.3049883653839978,3.8976753316498893
55.660000000000004,-1.2659330280476855,3.9125483529413345
55.67,-1.2267373983251713,3.925791747297425
55.68,-1.187417193101737,3.9375203030755856
55.69,-1.1479869922636594,3.947846482903589
55.7,-1.1084602634436653,3.9568801410913395
55.71,-1.0688493894418327,3.964728270406817
55.72,-1.029165698035529,3.971494776717889
55.730000000000004,-0.9894194939074751,3.9772802799117697
55.74,-0.9496200924372937,3.9821819394399167
55.75,-0.9097758551186768,3.9862933027956893
55.76,-0.8698942263813799,3.989704175212723
55.77,-0.8299817716144222,3.992500508871327
55.78,-0.7900442162039534,3.994764309916025
55.79,-0.7500864854161018,3.9965735616174602
55.800000000000004,-0.7101127449716043,3.9980021620542256
55.81,-0.6701264421750174,3.99911987474289
55.82,-0.6301303474767465,3.9999922907058485
55.83,-0.5901265963609005,4.000680800535042
55.84,-0.5501167314660458,4.001242575083667
55.85,-0.5101017448592272,4.0017305534965395
55.86,-0.47008212039611497,4.002193437371609
55.870000000000005,-0.43005787611179497,4.0026756899294496
55.88,-0.3900286065975259,4.003217539153432
55.89,-0.3499935253287263,4.00385498395024
55.9,-0.30995150691852114,4.00461980246775
55.910000000000004,-0.2699011292793713,4.005539561794768
55.92,-0.2298407156826258,4.006637628354316
55.93,-0.18976837671228503,4.00793317838896
55.94,-0.1496820521148466,4.009441208022876
55.95,-0.10957955255182747,4.011172542470968
55.96,-0.06945860126542723,4.013133844050359
55.97,-0.029316875670820294,4.015327618734069
55.980000000000004,0.010847951109254161,4.017752221070725
55.99,0.051038168750594214,4.020401857377913
56.0,0.09125598825681243,4.0232665872004
56.01,0.13150350049460222,4.026332323108083
56.02,0.1717826347189741,4.029580828992357
56.03,0.21209511707444936,4.032989717103745
56.04,0.25244242906104897,4.036532444158309
56.050000000000004,0.2928257659576155,4.0401783069255455
56.06,0.3332459951995599,4.043892437796373
56.07,0.37370361471354296,4.047635800916307
56.08,0.414198711217886,4.051365189556077
56.09,0.45473091850466446,4.0550332254795105
56.1,0.4952993757274762,4.0585883611564135
56.11,0.5359026857277926,4.0619748857560305
56.120000000000005,0.5765388734425967,4.065132935944073
56.13,0.6172053444466741,4.067998512592782
56.14,0.6578988436944524,4.0705035045983555
56.15,0.6986154145386413,4.072575721082534
56.160000000000004,0.7393503581161032,4.07413893333429
56.17,0.7800981932053271,4.075112927922325
56.18,0.8208526166745496,4.075413572478164
56.19,0.8616064646548903,4.074952895711708
56.2,0.9023516745887836,4.073639183274524
56.21,0.9430792483203807,4.071377091129228
56.22,0.9837792164113681,4.068067778114192
56.230000000000004,1.0244406038826646,4.063609059409325
56.24,1.0650513975995546,4.057895582608839
56.25,1.1055985155348411,4.050819028088268
56.26,1.1460677781613198,4.042268335313349
56.27,1.186443882241108,4.03212995667509
56.28,1.2267103772948216,4.020288140346247
56.29,1.2668496450480329,4.006625243536861
56.300000000000004,1.3068428821655587,3.991022077378349
56.31,1.3466700865955998,3.9733582844847093
56.32,1.3863100478552528,3.953512750023653
56.33,1.4257403415960728,3.931364046878555
56.34,1.4649373287928238,3.906790915192538
56.35,1.5038761598999235,3.879672776258265
56.36,1.5425307843179892,3.849890280350878
56.370000000000005,1.580873965506941,3.8173258876975487
56.38,1.61887730207194,3.7818644813366573
56.39,1.6565112551336743,3.7433940101448706
56.4,1.6937451822748375,3.7018061598045304
56.410000000000004,1.730547378329765,3.6569970489509647
56.42,1.766885123253857,3.6088679471849034
56.43,1.8027247372734632,3.5573260110655474
56.44,1.838031643475168,3.5022850336225235
56.45,1.8727704379459138,3.443666202348713
56.46,1.9069049675221423,3.3813988600704827
56.47,1.9403984151473233,3.315421262547989
56.480000000000004,1.973213392773102,3.2456813261475257
56.49,2.005312041670274,3.1721373584627615
56.5,2.0366561399423575,3.0947587643548458
56.51,2.067207216957371,3.0135267195458724
56.52,2.096926674333275,2.9284348036489423
56.53,2.12577591303035,2.8394895843636307
56.54,2.1537164660205477,2.7467111445197725
56.550000000000004,2.1807101359207453,2.6501335437257123
56.56,2.206719136895062,2.5498052065785775
56.57,2.231706240052317,2.4457892297307655
56.58,2.255634921489677,2.3381636005834725
56.59,2.278469512063986,2.227021320996771
56.6,2.3001753479096125,2.112470430165574
56.61,2.3207189206672973,1.994633921707674
56.620000000000005,2.3400680263437654,1.873649551036411
56.63,2.358191911688025,1.7496695302354526
56.64,2.375061416948474,1.6228601089022923
56.65,2.3906491138660706,1.4934010407627412
56.660000000000004,2.404929437763729,1.361484937260223
56.67,2.417878812611275,1.2273165107677604
56.68,2.429475767979084,1.091111711531627
56.69,2.4397010468419076,0.9530967639066075
56.7,2.448537703257216,0.8135071088555635
56.71,2.455971189019019,0.672586261032186
56.72,2.46198942847786,0.5305845900176269
56.730000000000004,2.4665828808193715,0.38775803641259143
56.74,2.4697445892061114,0.2443667744719627
56.75,2.4714702163088105,0.10067383378742387
56.76,2.47175806588186,-0.043056306843450604
56.77,2.470609090171941,-0.18655913978981867
56.78,2.468026883086063,-0.32957154940628575
56.79,2.464017659183815,-0.4718332194929296
56.800000000000004,2.4585902186962043,-0.6130880137975742
56.81,2.4517558989078636,-0.7530853163771666
56.82,2.443528512368661,-0.8915813192517863
56.83,2.433924272522828,-1.0283402455883373
56.84,2.4229617074568943,-1.163135497623411
56.85,2.41066156257036,-1.2957507196547438
56.86,2.3970466930637992,-1.425980767673849
56.870000000000005,2.3821419472168825,-1.5536325785524292
56.88,2.3659740414927506,-1.6785259331042894
56.89,2.3485714285547967,-1.8004941087943773
56.9,2.3299641593168627,-1.9193844193290963
56.910000000000004,2.3101837401682146,-2.0350586398099115
56.92,2.2892629865206646,-2.147393317539812
56.93,2.2672358738174183,-2.2562799699158202
56.94,2.2441373871223482,-2.361625172099539
56.95,2.220003370375428,-2.4633505383137058
56.96,2.194870376356074,-2.561392601651259
56.97,2.1687755183424025,-2.6557025981931934
56.980000000000004,2.14175632439221,-2.7462461620046636
56.99,2.113850595102309,-2.8330029382109996
57.0,2.08509626562799,-2.9159661218452655
57.01,2.0555312726654034,-2.9951419305085807
57.02,2.0251934270178182,-3.070549019098096
57.03,1.9941202922834416,-3.1422178449422016
57.04,1.9623490701189743,-3.2101899916470615
57.050000000000004,1.9299164924505003,-3.274517459813426
57.06,1.896858720922706,-3.335261932539473
57.07,1.863211253799711,-3.3924940232967185
57.08,1.8290088404567715,-3.446292513364669
57.09,1.7942854035324176,-3.496743585548921
57.1,1.759073968745793,-3.543940060399685
57.11,1.7234066023244239,-3.5879806406055903
57.120000000000005,1.6873143559336812,-3.6289691686728065
57.13,1.6508272189509676,-3.667013902422876
57.14,1.6139740778852236,-3.702226812264053
57.15,1.5767826827056868,-3.734722903619179
57.160000000000004,1.5392796198128402,-3.7646195673358798
57.17,1.5014902913589694,-3.792035960368678
57.18,1.4634389006054669,-3.8170924185128796
57.19,1.425148442988712,-3.8399099024910894
57.2,1.3866407025556453,-3.860609478248252
57.21,1.3479362534237471,-3.879311831902432
57.22,1.3090544659175969,-3.896136819427631
57.230000000000004,1.2700135170351947,-3.911203050812336
57.24,1.2308304049013503,-3.924627508143192
57.25,1.1915209668723308,-3.9365251968065103
57.26,1.15209990096522,-3.947008828780094
57.27,1.1125807902967288,-3.9561885368025225
57.28,1.0729761302291694,-3.964171618054697
57.29,1.0332973579356348,-3.971062305867013
57.300000000000004,0.9935548841118291,-3.9769615678726375
57.31,0.953758126578182,-3.981966928960725
57.32,0.9139155455326147,-3.986172317340513
57.33,0.8740346802313719,-3.9896679320057027
57.34,0.8341221868925006,-3.9925401298859775
57.35,0.7941838776336523,-3.9948713309866415
57.36,0.7542247602727679,-3.9967399398460093
57.370000000000005,0.7142490788367322,-3.998220281681288
57.38,0.6742603546391421,-3.9993825516453545
57.39,0.6342614278038251,-4.00029277567732
57.4,0.5942544991255958,-4.001012781497493
57.410000000000004,0.5542411721738754,-4.00160017837088
57.42,0.5142224955581782,-4.002108344341443
57.43,0.4741990052870465,-4.002586419720904
57.44,0.4341707671637602,-4.003079305699918
57.45,0.3941374191730482,-4.003627667035253
57.46,0.3540982138230551,-4.004267937853424
57.47,0.31405206041597966,-4.00503232969863
57.480000000000004,0.2739975672290825,-4.005948841040272
57.49,0.23393308359517417,-4.007041267542639
57.5,0.1938567418782297,-4.008329212486186
57.51,0.15376649934545047,-4.009828096816141
57.52,0.1136601799419069,-4.011549168379872
57.53,0.07353551597785303,-4.013499509999575
57.54,0.03339018974191539,-4.015682046111394
57.550000000000004,-0.006778124944374852,-4.018095547786237
57.56,-0.046971721213809346,-4.020734636031366
57.57,-0.08719281766500217,-4.023589783355524
57.58,-0.12744351688091982,-4.026647313664041
57.59,-0.167725763938283,-4.0298894006342385
57.6,-0.2080413048936046,-4.03329406480562
57.61,-0.2483916452343954,-4.036835169704027
57.620000000000005,-0.28877800828768513,-4.040482417404146
57.63,-0.3292012935824783,-4.044201344020651
57.64,-0.36966203516809815,-4.047953315704793
57.65,-0.4101603598965742,-4.0516955258103895
57.660000000000004,-0.45069594568430593,-4.0553809939808465
57.67,-0.4912679797761911,-4.058958567996752
57.68,-0.531875117044241,-4.062372929311591
57.69,-0.5725154383624228,-4.065564603290664
57.7,-0.6131864091100542,-4.068469975255
57.71,-0.6538848378675228,-4.0710213135171855
57.72,-0.6946068353803979,-4.073146800678862
57.730000000000004,-0.7353477738811001,-4.074770574539274
57.74,-0.7761022468711833,-4.0758127800395565
57.75,-0.8168640294818912,-4.076189633737265
57.76,-0.8576260395459286,-4.07581350236852
57.77,-0.8983802995292616,-4.0745929971096
57.78,-0.9391178994881206,-4.072433085194012
57.79,-0.9798289612331419,-4.069235220573298
57.800000000000004,-1.0205026038995866,-4.0648974953279104
57.81,-1.0611269111397,-4.059314813536343
57.82,-1.1016889001703134,-4.0523790892940665
57.83,-1.1421744929255813,-4.043979470536244
57.84,-1.1825684895810382,-4.034002590257371
57.85,-1.2228545447307286,-4.022332846634396
57.86,-1.2630151465137263,-4.008852713445138
57.870000000000005,-1.3030315989996315,-3.993443082028616
57.88,-1.3428840081542985,-3.975983635856088
57.89,-1.3825512717167534,-3.9563532585691736
57.9,-1.422011073325682,-3.934430476092824
57.910000000000004,-1.4612398812386098,-3.910093933144806
57.92,-1.5002129519885783,-3.8832229041390303
57.93,-1.5389043393213904,-3.8536978381172973
57.94,-1.577286908750924,-3.8214009369433044
57.95,-1.6153323580602563,-3.7862167655553387
57.96,-1.6530112440620306,-3.7480328926020747
57.97,-1.6902930159122977,-3.7067405592823817
57.980000000000004,-1.7271460552476783,-3.662235373679107
57.99,-1.76353772338588,-3.6144180273236524
58.0,-1.7994344157941515,-3.5631950301590845
58.01,-1.8348016239890619,-3.5084794594920172
58.02,-1.869604004983992,-3.4501917179461286
58.03,-1.9038054583479844,-3.3882602948626452
58.04,-1.937369210881245,-3.322622525046106
58.050000000000004,-1.9702579088489067,-3.253225338238771
58.06,-2.0024337176460203,-3.180025992236459
58.07,-2.0338584286936356,-3.1029927821451424
58.08,-2.064493573288923,-3.022105717934321
58.09,-2.094300543052322,-2.9373571621830328
58.1,-2.1232407165325835,-2.848752419749918
58.11,-2.1512755914473205,-2.7563102710419027
58.120000000000005,-2.178366921953422,-2.6600634406175097
58.13,-2.2044768602596707,-2.560058993049801
58.14,-2.229568101814418,-2.4563586482977273
58.15,-2.253604033225625,-2.349039009298262
58.160000000000004,-2.276548882000383,-2.238191695097414
58.17,-2.298367867127573,-2.123923373585489
58.18,-2.3190273494720923,-2.006355688786942
58.19,-2.3384949809033118,-1.8856250786706448
58.2,-2.3567398510455053,-1.7618824805818225
58.21,-2.3737326305149486,-1.635292922638085
58.22,-2.389445709498267,-1.5060350007616834
58.230000000000004,-2.403853330530182,-1.3743002424178012
58.24,-2.416931714346623,-1.2402923595712971
58.25,-2.428659177721608,-1.1042263948364428
58.26,-2.439016242243352,-0.9663277662488189
58.27,-2.447985733046585,-0.8268312175075628
58.28,-2.4555528665935036,-0.6859796818912313
58.29,-2.461705326684409,-0.5440230693136896
58.300000000000004,-2.466433327979777,-0.40121698713096987
58.31,-2.4697296664270283,-0.25782140631119466
58.32,-2.4715897561060007,-0.11409928541543563
58.33,-2.472011652135337,0.029684834510889963
58.34,-2.470996059415783,0.17326625058348488
58.35,-2.4685463271236676,0.31638152046494505
58.36,-2.4646684290064846,0.4587698726649557
58.370000000000005,-2.4593709296703685,0.6001745911150043
58.38,-2.4526649371841844,0.7403443607747596
58.39,-2.4445640424548736,0.8790345616263817
58.4,-2.435084245951657,1.0160084992006786
58.410000000000004,-2.42424387247086,1.1510385607376106
58.42,-2.4120634747369047,1.2839072871920074
58.43,-2.39856572672702,1.4144083525294617
58.44,-2.3837753076863155,1.5423474430909285
58.45,-2.367718777865201,1.667543031209932
58.46,-2.3504244470621165,1.7898270387150905
58.47,-2.331922237090899,1.9090453874147015
58.480000000000004,-2.3122435393138225,2.0250584351119545
58.49,-2.29142106838866,2.1377412971130707
58.5,-2.2694887133715613,2.2469840545425006
58.51,-2.2464813872978104,2.352691852047989
58.52,-2.2224348763306017,2.454784888645625
58.53,-2.1973856895248978,2.553198306505887
58.54,-2.171370910200484,2.6478819834045813
58.550000000000004,-2.1444280498568062,2.7388002353493217
58.56,-2.1165949054934976,2.825931436538012
58.57,-2.0879094211260463,2.9092675643092614
58.58,-2.0584095542073126,2.9888136771072498
58.59,-2.0281331475839015,3.064587333709609
58.6,-1.9971178075331206,3.136617962063048
58.61,-1.9654007883426408,3.204946186046463
58.620000000000005,-1.9330188838121916,3.269623118345456
58.63,-1.9000083259757317,3.330709627387145
58.64,-1.8664046912644485,3.3882755859623166
58.65,-1.8322428142564853,3.44239910876621
58.660000000000004,-1.7975567090891245,3.493165785632664
58.67,-1.7623794985438321,3.5406679167317963
58.68,-1.7267433507544885,3.585003755461302
58.69,-1.690679423434606,3.626276764197671
58.7,-1.6542178154705351,3.6645948874970045
58.71,-1.6173875256846661,3.7000698467557163
58.72,-1.5802164185354208,3.7328164597681193
58.730000000000004,-1.5427311964893036,3.762951988058471
58.74,-1.5049573787742514,3.790595514326196
58.75,-1.4669192862027798,3.815867351830169
58.76,-1.4286400317376482,3.8388884870555704
58.77,-1.3901415164616684,3.8597800565582285
58.78,-1.3514444306064837,3.8786628584689873
58.79,-1.3125682592922887,3.8956568987659095
58.800000000000004,-1.2735312926311653,3.9108809720857822
58.81,-1.2343506398505728,3.924452276548388
58.82,-1.1950422471001974,3.9364860618067725
58.83,-1.1556209186144373,3.947095309313094
58.84,-1.1161003409139354,3.9563904436010997
58.85,-1.0764931097424153,3.9644790732309523
58.86,-1.0368107594493166,3.9714657599179
58.870000000000005,-0.9970637945440574,3.977451814270911
58.88,-0.9572617231638982,3.9825351164984433
58.89,-0.9174130922140885,3.9868099603936007
58.9,-0.8775255239560262,3.9903669188875885
58.910000000000004,-0.8376057538363367,3.993292729456257
58.92,-0.7976596693669011,3.9956701976772866
58.93,-0.7576923498827911,3.9975781172630764
58.94,-0.7177081070216397,3.9990912049345253
58.95,-0.6777105257841006,4.000280048551778
58.96,-0.6377025060506042,4.00121106697785
58.97,-0.5976863044445436,4.001946480218277
58.980000000000004,-0.5576635764462387,4.002544288453085
58.99,-0.517635418675482,4.003058258655196
59.0,-0.4776024112731348,4.00353791757078
59.01,-0.4375646603240664,4.004028549921015
59.02,-0.3975218402747145,4.004571200770509
59.03,-0.35747323630865624,4.005202681094459
59.04,-0.3174177866528253,4.005955575664117
59.050000000000004,-0.27735412479537386,4.006858252457669
59.06,-0.2372806216036719,4.007934872891038
59.07,-0.19719542733755308,4.009205402250146
59.08,-0.15709651355866897,4.010685619792591
59.09,-0.11698171494170125,4.012387128072593
59.1,-0.07684877099721708,4.014317361128275
59.11,-0.03669536771913573,4.016479591255115
59.120000000000005,0.003480820827885214,4.018872934173621
59.13,0.0436820909643367,4.021492352483271
59.14,0.08391066787755065,4.024328657378511
59.15,0.12416866411190693,4.027368508686406
59.160000000000004,0.16445803805127876,4.03059441336947
59.17,0.20478055237929632,4.033984722721466
59.18,0.24513773250570808,4.037513628568671
59.19,0.2855308249506698,4.041151158874408
59.2,0.32596075568319627,4.044863173230547
59.21,0.3664280884152807,4.0486113588062596
59.22,0.40693298285932145,4.052353227411525
59.230000000000004,0.4474751529635112,4.056042114420586
59.24,0.48805382514773316,4.059627180388569
59.25,0.5286676965712825,4.06305341628259
59.26,0.5693148934733849,4.066261653336329
59.27,0.6099929296380092,4.069188578623953
59.28,0.650698665045864,4.071766757534622
59.29,0.6914282647887017,4.073924664411962
59.300000000000004,0.7321771583341034,4.075586722702851
59.31,0.7729399992427587,4.076673356035652
59.32,0.8137106254548164,4.077101051718369
59.33,0.8544820202771262,4.076782438210752
59.34,0.8952462742190315,4.07562637817957
59.35,0.9359945478407176,4.073538078791418
59.36,0.9767170357948598,4.070419220930645
59.370000000000005,1.0174029322593305,4.066168109049281
59.38,1.0580403979758455,4.060679843359046
59.39,1.0986165291265113,4.053846516060349
59.4,1.1391173282970524,4.045557433267328
59.410000000000004,1.179527677791858,4.035699364228961
59.42,1.2198313155816316,4.024156819361673
59.43,1.2600108141790913,4.01081235849631
59.44,1.300047562751558,3.995546930599406
59.45,1.3399217527910796,3.9782402460533
59.46,1.379612367672624,3.9587711823697425
59.47,1.4190971764384743,3.937018223965646
59.480000000000004,1.4583527321519367,3.9128599363461642
59.49,1.4973543751653975,3.8861754747186055
59.5,1.5360762416463087,3.856845126700534
59.51,1.574491277699408,3.824750888387181
59.52,1.6125712594140522,3.7897770726082087
59.53,1.6502868191515723,3.751810947733985
59.54,1.6876074783687318,3.7107434048898154
59.550000000000004,1.7245016872493684,3.6664696509070853
59.56,1.7609368713868736,3.6188899237880894
59.57,1.7968794857251302,3.567910226892706
59.58,1.8322950759247276,3.5134430774773917
59.59,1.867148347274678,3.4554082646387503
59.6,1.9014032412175026,3.3937336111447767
59.61,1.9350230194975735,3.328355733087431
59.620000000000005,1.9679703558792512,3.2592207907719453
59.63,2.000207435313013,3.186285223783483
59.64,2.0316960603549212,3.1095164627532013
59.65,2.062397764568077,3.028893609996421
59.660000000000004,2.09227393255485,2.9444080809285538
59.67,2.121285926186648,2.8560641979922274
59.68,2.1493952165146943,2.7638797287637313
59.69,2.1765635207619227,2.6678863599592217
59.7,2.202752943713879,2.5681300992404847
59.71,2.2279261227467324,2.4646715970338815
59.72,2.2520463756545563,2.357586381029582
59.730000000000004,2.275077850367324,2.2469649966238823
59.74,2.296985675587034,2.132913047304913
59.75,2.317736111313422,2.015551129857811
59.76,2.33729669818419,1.8950146602724804
59.77,2.3556364045188714,1.771453587365062
59.78,2.372725769931491,1.645031992359287
59.79,2.388537044366057,1.5159275739988896
59.800000000000004,2.4030443214114685,1.3843310201569543
59.81,2.4162236647691957,1.2504452683495002
59.82,2.4280532267784585,1.1144846590235156
59.83,2.4385133579496663,0.9766739869470815
59.84,2.4475867065174004,0.8372474574531034
59.85,2.4552583070987284,0.6964475556501003
59.86,2.461515657630402,0.5545238379854418
59.870000000000005,2.466348783858437,0.41173165670151013
59.88,2.469750290764432,0.2683308287385767
59.89,2.471715400433208,0.12458426148743207
59.9,2.4722419759941805,-0.01924345153892043
59.910000000000004,2.4713305314024296,-0.16288745157693416
59.92,2.468984226962642,-0.30608403823037494
59.93,2.465208850637822,-0.4485720819921739
59.94,2.460012785322798,-0.5900944119987148
59.95,2.453406962397848,-0.7303991657273748
59.96,2.4454048020082504,-0.8692410879335872
59.97,2.4360221406391758,-1.0063827668989835
59.980000000000004,2.4252771466702705,-1.1415957970099637
59.99,2.413190224698976,-1.2746618577853868
60.0,2.3997839095145626,-1.4053737006990918
60.01,2.385082750684994,-1.5335360364714903
60.02,2.3691131887851324,-1.6589663169068878
60.03,2.3519034243468564,-1.7814954068011424
60.04,2.33348328064911,-1.9009681429094398
60.050000000000004,2.3138840614886673,-2.017243778418856
60.06,2.2931384050807324,-2.1301963127889123
60.07,2.271280135232889,-2.239714708181514
60.08,2.248344110917102,-2.3457029949780672
60.09,2.224366075333328,-2.448080270057635
60.1,2.1993825055159495,-2.5467805925705544
60.11,2.1734304634819166,-2.6417527828750256
60.120000000000005,2.1465474498584487,-2.7329601311014784
60.13,2.1187712608598868,-2.82038002246599
60.14,2.090139849409129,-2.904003486967973
60.15,2.0606911911205272,-2.9838346814801104
60.160000000000004,2.0304631557795267,-3.0598903124741956
60.17,1.9994933848710434,-3.1321990077316584
60.18,1.9678191756248935,-3.2008006453707547
60.19,1.9354773719636282,-3.265745648393869
60.2,1.902504262657016,-3.3270942527296956
60.21,1.8689354869090344,-3.384915756428586
60.22,1.8348059475284444,-3.439287757278016
60.230000000000004,1.800149731763474,-3.4902953856519536
60.24,1.7650000398154053,-3.5380305389058364
60.25,1.7293891209853574,-3.5825911230904133
60.26,1.6933482173535972,-3.624080307194656
60.27,1.6569075148414645,-3.662605794551404
60.28,1.6200961014625692,-3.6982791154593633
60.29,1.582941932532277,-3.731214944500601
60.300000000000004,1.5454718025725571,-3.7615304454715623
60.31,1.5077113236228459,-3.78934464630469
60.32,1.4696849096464633,-3.814777845842475
60.33,1.4314157667059964,-3.8379510538407495
60.34,1.3929258885696483,-3.858985465126625
60.35,1.354236057403464,-3.878001968421174
60.36,1.315365849201225,-3.895120689959291
60.370000000000005,1.2763336436042783,-3.910460571699864
60.38,1.2371566377672278,-3.9241389836185316
60.39,1.1978508639319077,-3.936271369312255
60.4,1.1584312103809826,-3.946970923918656
60.410000000000004,1.1189114454535345,-3.9563483031620192
60.42,1.079304244317742,-3.964511362180187
60.43,1.0396212182099305,-3.971564922660213
60.44,0.9998729458645378,-3.977610566713275
60.45,0.9600690068756651,-3.982746455848634
60.46,0.9202180167475652,-3.987067173359911
60.47,0.8803276634084669,-3.9906635884122097
60.480000000000004,0.8404047449793209,-3.9936227401132633
60.49,0.8004552086062016,-3.996027739863487
60.5,0.7604841901820512,-3.9979576903064244
60.51,0.7204960548000731,-3.9994876192404507
60.52,0.6804944377972422,-4.000688426902857
60.53,0.640482286262016,-4.001626845096787
60.54,0.6004619008953065,-4.0023654066983285
60.550000000000004,0.5604349781280494,-4.002962424153929
60.56,0.5204026524122278,-4.003471975655909
60.57,0.48036553861493114,-4.003943897765107
60.58,0.44032377445692567,-4.004423783333556
60.59,0.40027706294826004,-4.004952983665856
60.6,0.36022471478360857,-4.005568613944761
60.61,0.32016569066936484,-4.006303561034002
60.620000000000005,0.2800986435629286,-4.007186492858996
60.63,0.24002196081218494,-4.008241868653587
60.64,0.19993380618985684,-4.009489949448041
60.65,0.15983216182322413,-4.010946808260089
60.660000000000004,0.11971487002465508,-4.01262433953674
60.67,0.07957967503248933,-4.014530267479976
60.68,0.03942426467505556,-4.016668152974185
60.69,-0.0007536880269943607,-4.019037398917575
60.7,-0.040956483303295946,-4.021633253843795
60.71,-0.08118635310387026,-4.024446813803807
60.72,-0.12144541957937206,-4.027465022561895
60.730000000000004,-0.16173565355510816,-4.030670670243632
60.74,-0.2020588329842447,-4.03404239065788
60.75,-0.24241650136826576,-4.03755465759964
60.76,-0.2828099261362375,-4.0411777805258104
60.77,-0.323240056978782,-4.044877900081818
60.78,-0.3637074841378739,-4.048616984043635
60.79,-0.4042123966596547,-4.0523528243269045
60.800000000000004,-0.44475454062441194,-4.056039035802535
60.81,-0.48533317737570536,-4.0596250577462225
60.82,-0.5259470417793364,-4.063056158837381
60.83,-0.5665943005524531,-4.066273446710775
60.84,-0.607272510713552,-4.069213883151046
60.85,-0.6479785782154741,-4.071810306105853
60.86,-0.6887087168356691,-4.073991459776649
60.870000000000005,-0.7294584074110071,-4.075682034126349
60.88,-0.7702223575181961,-4.076802715219215
60.89,-0.8109944617153915,-4.077270247879057
60.9,-0.8517677624757773,-4.0769975122158755
60.910000000000004,-0.892534411959709,-4.0758936156268755
60.92,-0.9332856347883148,-4.073864001923642
60.93,-0.9740116919981818,-4.070810579271341
60.94,-1.0147018463737416,-4.066631868646081
60.95,-1.0553443293711033,-4.061223174520892
60.96,-1.0959263098641594,-4.0544767794769045
60.97,-1.1364338649606414,-4.046282164401883
60.980000000000004,-1.176851953152197,-4.036526255880831
60.99,-1.217164390078258,-4.025093702300569
61.0,-1.2573538271982085,-4.011867180079515
61.01,-1.2974017336798485,-3.9967277312930443
61.02,-1.3372883818240695,-3.9795551337916084
61.03,-1.3769928363556807,-3.960228304701252
61.04,-1.4164929479180945,-3.9386257379525333
61.050000000000004,-1.4557653511147315,-3.914625976202936
61.06,-1.4947854674421535,-3.888108117198693
61.07,-1.5335275134587054,-3.8589523542643063
61.08,-1.5719645145274395,-3.82704055021231
61.09,-1.6100683244629515,-3.792256843533113
61.1,-1.6478096513981015,-3.754488285257071
61.11,-1.6851580901680927,-3.713625504381228
61.120000000000005,-1.7220821614857262,-3.669563399225336
61.13,-1.7585493581525995,-3.6222018515309164
61.14,-1.7945261985163445,-3.57144645954936
61.15,-1.8299782873435868,-3.51720928578773
61.160000000000004,-1.8648703842320993,-3.4594096145024698
61.17,-1.8991664796336363,-3.397974713461125
61.18,-1.9328298785013218,-3.3328405939411265
61.19,-1.9658232915124587,-3.2639527624139775
61.2,-1.9981089337496012,-3.191266956885167
61.21,-2.029648630650162,-3.1147498604374464
61.22,-2.0604039309583504,-3.034379784170813
61.230000000000004,-2.0903362263335783,-2.9501473114596415
61.24,-2.119406877187543,-2.8620558952686084
61.25,-2.1475773442389507,-2.7701224001963087
61.26,-2.1748093251914695,-2.6743775809597463
61.27,-2.201064895858146,-2.5748664892036097
61.28,-2.226306654975542,-2.4716488008230195
61.29,-2.250497871874606,-2.364799056432618
61.300000000000004,-2.2736026361041937,-2.2544068082011584
61.31,-2.295586008038629,-2.140576666999003
61.32,-2.3164141694441738,-2.02342824467276
61.33,-2.3360545729320843,-1.9030959872599948
61.34,-2.3544760891893737,-1.7797288960773467
61.35,-2.371649150853631,-1.6534901348438888
61.36,-2.3875458918862513,-1.524556522321236
61.370000000000005,-2.402140281300056,-1.3931179113426864
61.38,-2.415408250113105,-1.2593764565427927
61.39,-2.4273278104309113,-1.1235457745610715
61.4,-2.4378791656043264,-0.9858500019521946
61.410000000000004,-2.4470448104699556,-0.8465227574619835
61.42,-2.4548096207535663,-0.7058060166954025
61.43,-2.4611609308038633,-0.563948908481466
61.44,-2.4660885989231955,-0.421206443403551
61.45,-2.4695850596719344,-0.2778381859869823
61.46,-2.471645362642935,-0.13410688289643197
61.47,-2.472267197329863,0.009722939825481391
61.480000000000004,-2.471450903846425,0.1533863969653313
61.49,-2.4691994693905563,0.2966196680051039
61.5,-2.4655185104863233,0.4391614108016126
61.51,-2.4604162411745243,0.5807541513897025
61.52,-2.4539034274585294,0.7211456365884908
61.53,-2.4459933284427544,0.8600901366623146
61.54,-2.4367016247252833,0.9973496860513386
61.550000000000004,-2.426046334721728,1.1326952511238053
61.56,-2.414047719702807,1.2659078149919796
61.57,-2.4007281784218883,1.3967793706532312
61.58,-2.386112132289743,1.5251138150403798
61.59,-2.3702259021210814,1.6507277379638485
61.6,-2.353097577530466,1.7734511013739975
61.61,-2.334756880093601,1.8931278058369088
61.620000000000005,-2.315235021413728,2.0096161425732815
61.63,-2.294564557242136,2.1227891308317948
61.64,-2.272779238797092,2.2325347417311523
61.65,-2.249913862407513,2.338756010987403
61.660000000000004,-2.226004118577344,2.4413710441263454
61.67,-2.2010864415249856,2.540312918849363
61.68,-2.1751978602003565,2.635529490162853
61.690000000000005,-2.1483758517217284,2.726983104687825
61.7,-2.1206581981065997,2.8146502312320862
61.71,-2.0920828470970863,2.8985210152307603
61.72,-2.0626877778019845,2.978598765042842
61.730000000000004,-2.0325108717962297,3.054899378336029
61.74,-2.001589790235264,3.1274507169055643
61.75,-1.9699618574581184,3.196291938263729
61.76,-1.9376639514699896,3.261472792215142
61.77,-1.9047324016138159,3.323052890410549
61.78,-1.8712028936617788,3.3811009565607004
61.79,-1.8371103824826018,3.4356940646051153
61.800000000000004,-1.8024890123696764,3.4869168716810273
61.81,-1.7673720450489812,3.534860852238577
61.82,-1.7317917953249047,3.579623539111873
61.83,-1.6957795742667436,3.621307776793778
61.84,-1.6593656397890293,3.660020991586297
61.85,-1.6225791544350179,3.6958744827183523
61.86,-1.5854481501346622,3.728982737947619
61.870000000000005,-1.5479994996760655,3.75946277660089
61.88,-1.5102588946026445,3.787433522464982
61.89,-1.472250829226766,3.8130152084230935
61.9,-1.4339985904341828,3.8363288142444065
61.910000000000004,-1.3955242529418779,3.8574955384810155
61.92,-1.3568486796645622,3.8766363050085304
61.93,-1.317991526841707,3.893871304366521
61.940000000000005,-1.278971253577232,3.9093195697131438
61.95,-1.2398051354474444,3.923098586904896
61.96,-1.200509281839134,3.9353239379469622
61.97,-1.1610986566885053,3.9461089768309323
61.980000000000004,-1.1215871023025155,3.9555645365833723
61.99,-1.0819873659568378,3.9637986661889113
62.0,-1.0423111289787372,3.9709163959231573
62.01,-1.0025690380383747,3.9770195295315465
62.02,-0.9627707383881065,3.982206461617842
62.03,-0.9229249088060179,3.9865720185579545
62.04,-0.8830392980169474,3.9902073212286653
62.050000000000004,-0.8431207623814445,3.9931996678342547
62.06,-0.8031753046602622,3.9956324351247137
62.07,-0.7632081136789503,3.9975849963248757
62.08,-0.7232236047337647,3.9991326541324206
62.09,-0.6832254605963018,4.000346587192283
62.1,-0.643216672989919,4.001293808513801
62.11,-0.6031995844260257,4.00203713436332
62.120000000000005,-0.5631759303026526,4.002635162237462
62.13,-0.5231468811812765,4.003142256599614
62.14,-0.4831130851706603,4.003608541143191
62.15,-0.4430747103584127,4.004079896428997
62.160000000000004,-0.40303148724208043,4.004597961829592
62.17,-0.3629827511218209,4.0052001408004365
62.18,-0.32292748442607166,4.0059196085849615
62.190000000000005,-0.28286435895012163,4.006785321548413
62.2,-0.2427917779951034,4.007822027422744
62.21,-0.20270791840166674,4.009050275831968
62.22,-0.16261077247846403,4.010486428553934
62.230000000000004,-0.12249818983058806,4.012142669060474
62.24,-0.08236791909725456,4.014027010963224
62.25,-0.04221764961132359,4.016143305077225
62.26,-0.002045052995710057,4.018491244898754
62.27,0.038152175286651484,4.021066370377803
62.28,0.07837627441184601,4.023860069949467
62.29,0.11862937668564082,4.026859580872214
62.300000000000004,0.1589134660292903,4.03004798800498
62.31,0.19923033644574042,4.033404221239156
62.32,0.23958155045407342,4.0369030518862425
62.33,0.27996839748346525,4.040515088407061
62.34,0.3203918522222146,4.044206771954274
62.35,0.3608525329225507,4.047940372286385
62.36,0.4013506596679423,4.051673984698526
62.370000000000005,0.4418860126165213,4.0553615287029094
62.38,0.4824578902420006,4.058952749279824
62.39,0.5230650676021178,4.062393221608078
62.4,0.5637057546741621,4.065624360271548
62.410000000000004,0.6043775548075486,4.068583434025455
62.42,0.6450774233546711,4.071203587291561
62.43,0.6858016265533798,4.0734138696349556
62.440000000000005,0.7265457007473702,4.0751392745554815
62.45,0.7673044120444895,4.0763007890032705
62.46,0.8080717165274357,4.076815455098957
62.47,0.8488407211464687,4.076596445603683
62.480000000000004,0.8896036454395094,4.075553154740406
62.49,0.9303517842412768,4.073591306014607
62.5,0.9710754715598015,4.070613078717483
62.51,1.0117640458156265,4.066517254815964
62.52,1.052405816656121,4.06119938793947
62.53,1.092988033574416,4.054551996160796
62.54,1.1334968565793369,4.046464780235646
62.550000000000004,1.173917329179129,4.036824868909672
62.56,1.2142333539575305,4.0255170928209605
62.57,1.2544276710355482,4.012424288417384
62.58,1.2944818397258782,3.997427633169705
62.59,1.3343762236989425,3.980407013190553
62.6,1.3740899799896893,3.9612414241645273
62.61,1.4136010521822329,3.9398094062537967
62.620000000000005,1.4528861681147651,3.91598951336551
62.63,1.4919208424495431,3.8896608168510993
62.64,1.530679384451787,3.8607034433528846
62.65,1.5691349113166007,3.8289991461205695
62.660000000000004,1.6072593673741982,3.7944319086903553
62.67,1.6450235494904075,3.7568885793544067
62.68,1.6823971389612862,3.716259534351148
62.690000000000005,1.7193487401774306,3.6724393671812154
62.7,1.7558459263049107,3.625327600904803
62.71,1.7918552921955266,3.574829419709703
62.72,1.8273425146991047,3.5208564154627293
62.730000000000004,1.8622724205047814,3.463327344378865
62.74,1.8966090615866822,3.4021688883717474
62.75,1.9303157982722163,3.3373164150965926
62.76,1.963355389888614,3.2687147301736608
62.77,1.9956900928756895,3.1963188145990804
62.78,2.0272817661805957,3.1200945399229587
62.79,2.058091983674149,3.040019353415201
62.800000000000004,2.0880821532489,2.956082925160375
62.81,2.1172136421773566,2.868287748836985
62.82,2.14544790822564,2.7766496878557385
62.83,2.172746635934472,2.681198458566765
62.84,2.1990718773969755,2.581978042406898
62.85,2.22438619678261,2.4790470191527443
62.86,2.2486528177800307,2.372478813878904
62.870000000000005,2.271835773060188,2.262361850796244
62.88,2.2939000547959556,2.1487996078626836
62.89,2.3148117652174416,2.0319105669153235
62.9,2.3345382661342615,1.9118280550615507
62.910000000000004,2.3530483263186723,1.788699974178024
62.92,2.370312265617822,1.6626884165868736
62.93,2.38630209465041,1.533969166291332
62.940000000000005,2.4009916489436485,1.402731086538541
62.95,2.4143567163811803,1.269175395912862
62.96,2.4263751568619054,1.1335148366237
62.97,2.437027013113654,0.9959727401108938
62.980000000000004,2.4462946116641233,0.8567819965201936
62.99,2.4541626530440577,0.7161839359728657
63.0,2.4606182903835805,0.5744271308389007
63.01,2.465651195660836,0.431766129395622
63.02,2.469253612971493,0.2884601322874454
63.03,2.4714203983065848,0.14477162407547695
63.04,2.4721490454530026,0.0009649728581160033
63.050000000000004,2.4714396977637474,-0.14269498855972274
63.06,2.469295145681808,-0.285944386182025
63.07,2.465720810040107,-0.42852171917978216
63.08,2.4607247112982127,-0.5701692513902885
63.09,2.4543174250123014,-0.710634366609046
63.1,2.446512023966032,-0.8496708748830459
63.11,2.4373240075146407,-0.9870402577633931
63.120000000000005,2.4267712188107646,-1.1225128413994816
63.13,2.414873750686651,-1.2558688874357782
63.14,2.4016538410620485,-1.3868995928822079
63.15,2.3871357588290065,-1.5154079914443133
63.160000000000004,2.371345681233162,-1.6412097501923113
63.17,2.3543115638251604,-1.7641338568906348
63.18,2.336063004095349,-1.8840231947731663
63.190000000000005,2.3166310999296966,-2.00073500300651
63.2,2.296048304035219,-2.1141412225080107
63.21,2.2743482754795368,-2.2241287281525235
63.22,2.2515657294721687,-2.330599449690315
63.230000000000004,2.2277362864857304,-2.4334703848890573
63.24,2.2028963217743875,-2.532673509489891
63.25,2.1770828162959326,-2.6281555895186934
63.26,2.150333209984014,-2.7198779023100506
63.27,2.122685258249732,-2.807815873277607
63.28,2.094176892518462,-2.891958635998212
63.29,2.064846085529768,-2.9723085235696076
63.300000000000004,2.03473072204707,-3.0488804994559495
63.31,2.003868475540649,-3.121701536158523
63.32,1.9722966913238995,-3.1908099500488527
63.33,1.940052276539672,-3.256254700588089
63.34,1.907171597312138,-3.31809466194144
63.35,1.8736903833008434,-3.37639787469176
63.36,1.839643639818303,-3.431240784975109
63.370000000000005,1.8050655676013412,-3.482707477916149
63.38,1.7699894902599798,-3.5308889117456013
63.39,1.7344477893664292,-3.5758821584482767
63.4,1.6984718470910143,-3.617789656230234
63.410000000000004,1.6620919962418246,-3.6567184785186946
63.42,1.6253374775206404,-3.6927796236285517
63.43,1.5882364037692533,-3.7260873286538443
63.440000000000005,1.5508157309475634,-3.756758410579446
63.45,1.5131012355576643,-3.7849116370643343
63.46,1.4751174982062765,-3.810667128828896
63.47,1.4368878929810862,-3.834145795089445
63.480000000000004,1.3984345823044875,-3.855468803027014
63.49,1.3597785169205459,-3.8747570818571706
63.5,1.3209394406673443,-3.8921308616847163
63.51,1.2819358996868517,-3.9077092469825483
63.52,1.2427852557276935,-3.9216098242278052
63.53,1.203503703202296,-3.9339483029601894
63.54,1.1641062896684897,-3.9448381892960533
63.550000000000004,1.124606939416375,-3.9543904907359577
63.56,1.0850184798537708,-3.9627134509412
63.57,1.045352670397551,-3.9699123130241687
63.58,1.0056202335932876,-3.9760891097960864
63.59,0.9658308882016294,-3.981342479341351
63.6,0.9259933840064605,-3.9857675042378964
63.61,0.8861155381168715,-3.989455572715287
63.620000000000005,0.8462042725521548,-3.9924942600342885
63.63,0.8062656529161858,-3.994967228381035
63.64,0.7663049279845342,-3.9969541435935088
63.65,0.7263265700443157,-3.9985306070756854
63.660000000000004,0.6863343158430204,-3.9997681013034723
63.67,0.6463312080182462,-4.000733947384681
63.68,0.6063196368953269,-4.001491273201083
63.690000000000005,0.5663013825542246,-4.002098990732618
63.7,0.5262776570806745,-4.002611781240794
63.71,0.4862491469294087,-4.0030800870690255
63.72,0.446216055339294,-4.0035501089011785
63.730000000000004,0.4061781447513851,-4.004063807405033
63.74,0.3661347791911933,-4.004658908274077
63.75,0.3260849665859035,-4.00536890976839
63.76,0.28602740099582546,-4.006223091942957
63.77,0.24596050474704437,-4.00724652683921
63.78,0.20588247045904126,-4.008460089002679
63.79,0.16579130296699077,-4.009880465776188
63.800000000000004,0.12568486114351748,-4.011520166904015
63.81,0.08556089962891046,-4.013387533067791
63.82,0.045417110482161675,-4.015486743059691
63.83,0.005251164767716631,-4.017817819382818
63.84,-0.03493924590549469,-4.0203766321526
63.85,-0.07515636787533538,-4.02315490125684
63.86,-0.11540234393063148,-4.026140196815707
63.870000000000005,-0.15567917181164953,-4.029315938066864
63.88,-0.19598866269196877,-4.032661390884993
63.89,-0.23633239962934938,-4.036151664229558
63.9,-0.2767116959765599,-4.0397577058997145
63.910000000000004,-0.3171275537473437,-4.043446298061007
63.92,-0.3575806219377801,-4.0471800530948325
63.93,-0.3980711548092404,-4.050917410408671
63.940000000000005,-0.43859897014595356,-4.054612634932609
63.95,-0.4791634075078926,-4.05821581811559
63.96,-0.5197632865082654,-4.061672882322814
63.97,-0.5603968651543488,-4.0649255896234875
63.980000000000004,-0.6010617983007351,-4.06791155604511
63.99,-0.6417550962752511,-4.070564272456166
64.0,-0.6824730837498585,-4.072813133322713
64.01,-0.7232113589417054,-4.074583474665028
64.02,-0.763964753243159,-4.075796622617184
64.03,-0.8047272913940491,-4.076369954064011
64.04,-0.8454921523244392,-4.076216970894978
64.05,-0.8862516308119486,-4.075247389471664
64.06,-0.9269971001138724,-4.073367246952889
64.07000000000001,-0.9677189757510062,-4.070479026157599
64.08,-1.0084066806370242,-4.066481800668025
64.09,-1.0490486117643665,-4.061271401882605
64.1,-1.0896321086746763,-4.054740609717186
64.11,-1.1301434239587103,-4.0467793686219355
64.12,-1.170567696047115,-4.03727503052772
64.13,-1.2108889245692647,-4.02611262625699
64.14,-1.2510899485722546,-4.013175166828098
64.15,-1.2911524279058266,-3.9983439759460313
64.16,-1.3310568280911754,-3.9814990548046194
64.17,-1.3707824090019192,-3.9625194801233303
64.18,-1.4103072176936422,-3.9412838361040308
64.19,-1.449608085724,-3.9176706807182384
64.2,-1.488660631308007,-3.8915590464224703
64.21000000000001,-1.5274392666524492,-3.8628289750479152
64.22,-1.5659172108089652,-3.831362086221136
64.23,-1.604066508376872,-3.7970421782458046
64.24,-1.6418580543738814,-3.7597558599134877
64.25,-1.6792616255751418,-3.71939321121697
64.26,-1.7162459185982208,-3.6758484704163488
64.27,-1.7527785949834689,-3.6290207443609916
64.28,-1.7888263334854408,-3.5788147384054088
64.29,-1.8243548897515771,-3.525141501681272
64.3,-1.859329163519066,-3.4679191829094735
64.31,-1.8937132734097664,-3.407073791364631
64.32000000000001,-1.9274706393463585,-3.3425399570501986
64.33,-1.9605640725507703,-3.2742616836166616
64.34,-1.9929558730186918,-3.202193087070271
64.35,-2.0246079342921757,-3.1262991128880175
64.36,-2.055481855276452,-3.0465562237891124
64.37,-2.0855390587679583,-2.962953050127062
64.38,-2.114740916278994,-2.87549099467233
64.39,-2.1430488786614053,-2.784184783465616
64.4,-2.1704246119483064,-2.689062954447087
64.41,-2.196830137750347,-2.5901682757171782
64.42,-2.22222797746265,-2.487558085567702
64.43,-2.246581299461701,-2.3813045468437104
64.44,-2.2698540683995243,-2.271494808759989
64.45,-2.292011195636901,-2.1582310700015355
64.46000000000001,-2.3130186897995553,-2.0416305377820056
64.47,-2.332843806392541,-1.9218252785117724
64.48,-2.3514551953697906,-1.7989619568282955
64.49,-2.368823045529107,-1.6732014609528945
64.5,-2.3849192245888484,-1.544718413643352
64.51,-2.3997174138019743,-1.4137005693914904
64.52,-2.413193235976679,-1.280348099946604
64.53,-2.4253243758009067,-1.1448727717046274
64.54,-2.4360906914107714,-1.0074970199625704
64.55,-2.4454743162001584,-0.8684529264702177
64.56,-2.453459749940176,-0.72798110808801
64.57000000000001,-2.4600339383619185,-0.586329525653236
64.58,-2.465186340453241,-0.4437522233390191
64.59,-2.4689089828286988,-0.3005080098366645
64.6,-2.471196500649974,-0.15685909357886327
64.61,-2.472046164700276,-0.013069684929290948
64.62,-2.4714578943485592,0.13059542122261006
64.63,-2.4694342562758234,0.2738722687160767
64.64,-2.465980448974238,0.41649915538377613
64.65,-2.461104273168148,0.5582180266101976
64.66,-2.454816088442034,0.6987758338021188
64.67,-2.4471287564921056,0.8379258449298809
64.68,-2.438057571543436,0.9754288950314892
64.69,-2.4276201785914755,1.1110545654813926
64.7,-2.4158364802338084,1.2445822818920065
64.71000000000001,-2.4027285329536356,1.375802321715387
64.72,-2.388320433799501,1.5045167239192463
64.73,-2.372638198475251,1.6305400944984125
64.74,-2.3557096319095328,1.7537003030216138
64.75,-2.337564192414819,1.8738390668758005
64.76,-2.318232850572017,1.990812421328361
64.77,-2.2977479439882518,2.1044910749551318
64.78,-2.2761430290729145,2.2147606513545712
64.79,-2.2534527309611607,2.321521819363804
64.8,-2.2297125926856385,2.4246903151913006
64.81,-2.2049589246573347,2.524196860967726
64.82000000000001,-2.179228655466284,2.6199869851783455
64.83,-2.1525591849537675,2.712020751268146
64.84,-2.124988240440921,2.8002724013987774
64.85,-2.096553736925792,2.8847299228820997
64.86,-2.067293641983279,2.96539454521919
64.87,-2.0372458460214085,3.0422801759396796
64.88,-2.0064480384644856,3.115412783570185
64.89,-1.9749375903500048,3.1848297360705953
64.9,-1.9427514437430737,3.25057910297293
64.91,-1.9099260082905463,3.312718929250659
64.92,-1.8764970651580604,3.3713164886490277
64.93,-1.8424996785175656,3.4264475238317837
64.94,-1.8079681146814246,3.4781954802598847
64.95,-1.7729357689123677,3.526650740226176
64.96000000000001,-1.737435099876901,3.571909862939271
64.97,-1.7014975716535823,3.6140748359919668
64.98,-1.6651536031570617,3.6532523429756867
64.99,-1.6284325247940685,3.6895530514229216
65.0,-1.5913625421286033,3.723090924683714
65.01,-1.5539707063003942,3.7539825607779855
65.02,-1.5162828909130435,3.7823465607199434
65.03,-1.4783237750859954,3.8083029282897702
65.04,-1.4401168323472482,3.831972502736007
65.05,-1.4016843250312752,3.8534764254331457
65.06,-1.363047303838585,3.872935641095657
65.07000000000001,-1.324225612209362,3.8904704337636633
65.08,-1.2852378951633119,3.906199997427721
65.09,-1.2461016122608077,3.9202420408508463
65.1,-1.206833054346295,3.932712425874565
65.11,-1.1674473637433165,3.943724838261407
65.12,-1.1279585575810671,3.953390489927502
65.13,-1.0883795539447665,3.9618178512539406
65.14,-1.0487222005559882,3.9691124120323567
65.15,-1.0089973057041195,3.975376469496464
65.16,-0.9692146711660591,3.980708941814758
65.17,-0.9293831268678243,3.9852052053677745
65.18,-0.8895105670587036,3.988956954103796
65.19,-0.8496039877857484,3.992052079257308
65.2,-0.8096695254735575,3.994574567722485
65.21000000000001,-0.7697124964312988,3.996604417397318
65.22,-0.7297374371256111,3.9982175678505785
65.23,-0.6897481450742872,3.9994858447116832
65.24,-0.6497477202313774,4.000476916240865
65.25,-0.6097386067494698,4.001254260602229
65.26,-0.5697226350193327,4.001877142433788
65.27,-0.5297010639007941,4.002400597385131
65.28,-0.4896746230716302,4.002875423373773
65.29,-0.4496435554333186,4.003348177394507
65.3,-0.40960765952374,4.003861176801376
65.31,-0.36956633189729104,4.00445250406845
65.32000000000001,-0.329518609442371,4.005156014122886
65.33,-0.28946321161483335,4.006001343431293
65.34,-0.24939858257374517,4.007013920107872
65.35,-0.20932293321267592,4.008214974399915
65.36,-0.16923428308574687,4.0096215489928015
65.37,-0.12913050223281988,4.011246508662673
65.38,-0.08900935291249343,4.013098548890325
65.39,-0.048868531255013406,4.015182203134694
65.4,-0.008705708849799546,4.017497848548645
65.41,0.03148142571595949,4.020041710003735
65.42,0.07169512535027515,4.022805862374403
65.43,0.11193754296344756,4.025778231115729
65.44,0.15221068997258974,4.0289425912527
65.45,0.19251639478850155,4.032278564983033
65.46000000000001,0.23285626127225037,4.035761618180077
65.47,0.2732316271521031,4.039363056167359
65.48,0.31364352239559756,4.043050019221978
65.49,0.35409262753654264,4.046785478350373
65.5,0.394579231962605,4.050528231966915
65.51,0.43510319217588095,4.054232904193276
65.52,0.4756638900464705,4.05784994558441
65.53,0.5162601910875692,4.061325637174988
65.54,0.5568904027899703,4.064602098827911
65.55,0.5975522330641273,4.067617302953626
65.56,0.6382427488490428,4.070305094754809
65.57000000000001,0.6789583349592235,4.072595220234777
65.58,0.7196946532537384,4.074413363288988
65.59,0.7604466022250033,4.07568119327608
65.6,0.8012082771192599,4.07631642453698
65.61,0.8419729307157429,4.076232889396333
65.62,0.8827329349071866,4.075340626238356
65.63,0.9234797432405101,4.073545984297595
65.64,0.9642038545931386,4.070751746842085
65.65,1.0048947781773518,4.0668572744501805
65.66,1.0455410000821421,4.061758670090642
65.67,1.0861299515791645,4.055348967706288
65.68,1.1266479794362678,4.047518345972279
65.69,1.16708031849861,4.038154368848432
65.7,1.2074110668132363,4.027142254468562
65.71000000000001,1.247623163587981,4.014365173806165
65.72,1.2876983702893594,3.999704580422495
65.73,1.327617255196431,3.983040572438013
65.74,1.3673591817381197,3.9642522876692374
65.75,1.4069023009498156,3.9432183326384536
65.76,1.4462235483908887,3.9198172458921303
65.77,1.485298645867658,3.8939279957542623
65.78,1.5241021083059738,3.8654305122928103
65.79,1.5626072561135143,3.834206252891131
65.8,1.6007862333637963,3.800138800392722
65.81,1.6386100321213686,3.7631144923285613
65.82000000000001,1.6760485232103675,3.7230230792444443
65.83,1.7130704937062573,3.679758409624741
65.84,1.7496436914028621,3.6332191383636845
65.85,1.7857348764735308,3.5833094551715057
65.86,1.8213098805062922,3.529939828727493
65.87,1.8563336730480806,3.4730277618135617
65.88,1.8907704357425632,3.4124985520893905
65.89,1.9245836440898683,3.3482860526139873
65.9,1.957736156794843,3.2803334256898893
65.91,1.9901903126036662,3.2085938831171283
65.92,2.021908034457186,3.1330314055072104
65.93,2.0528509407138107,3.0536214329356226
65.94,2.082980463115898,2.970351518917837
65.95,2.112257971092167,2.883221939491199
65.96000000000001,2.140644901905722,2.792246249085652
65.97,2.16810289607388,2.6974517748811984
65.98,2.194593937403346,2.5988800414890956
65.99,2.220080496903662,2.496587118065208
66.0,2.24452567976465,2.390643880373489
66.01,2.2678933745111314,2.281136180868733
66.02,2.2901484033820245,2.1681649205610203
66.03,2.311256672922352,2.0518460172571307
66.04,2.331185323727167,1.9323102657407352
66.05,2.3499028782371667,1.8097030865440966
66.06,2.367379385458049,1.6841841611665291
66.07000000000001,2.3835865614604974,1.5559269528928903
66.08,2.3984979245159073,1.4251181137395905
66.09,2.4120889237352894,1.2919567794838782
66.1,2.424337060105585,1.1566537561899164
66.11,2.4352219988590877,1.0194306031059348
66.12,2.4447256721677033,0.8805186182427627
66.13,2.4528323712239426,0.7401577343269687
66.14,2.4595288268542426,0.598595334123452
66.15,2.4648042779064117,0.45608499531536895
66.16,2.46865052676055,0.31288517618814893
66.17,2.4710619814301746,0.16925785426591006
66.18,2.472035683845868,0.025467130772821783
66.19,2.4715713240456307,-0.1182221856774047
66.2,2.4696712401323198,-0.26154600243572235
66.21000000000001,2.4663404039969166,-0.40424235937552844
66.22,2.461586392944809,-0.5460528249175862
66.23,2.4554193474985646,-0.6867238581026183
66.24,2.4478519157827567,-0.8260081238151268
66.25,2.438899185022262,-0.9636657489792506
66.26,2.428578600803172,-1.0994655084428562
66.27,2.4169098748534052,-1.2331859303197086
66.28,2.4039148821967777,-1.3646163117484726
66.29,2.3896175486184354,-1.493557637325939
66.3,2.3740437294502588,-1.6198233938530462
66.31,2.3572210807413745,-1.7432402764677906
66.32000000000001,2.339178923920903,-1.8636487827005968
66.33,2.319948105087363,-1.9809036924473857
66.34,2.2995608500719555,-2.0948744332868463
66.35,2.278050616421626,-2.205445331946618
66.36,2.255451943433023,-2.3125157540259766
66.37,2.2318003013411065,-2.416000135290727
66.38,2.2071319407272085,-2.5158279089530606
66.39,2.1814837431620453,-2.611943334322266
66.4,2.1548930740407632,-2.70430523305182
66.41,2.1273976385010087,-2.792886639908585
66.42,2.0990353412425913,-2.877674375547848
66.43,2.0698441509900514,-2.9586685491941354
66.44,2.039861970258708,-3.0358819994054733
66.45,2.009126511001942,-3.109339681243784
66.46000000000001,1.9776751766338325,-3.1790780081943906
66.47,1.945544950838054,-3.245144157082991
66.48,1.9127722934921727,-3.3075953440399983
66.49,1.879393043957254,-3.366498079272086
66.5,1.8454423319067308,-3.421927408031809
66.51,1.8109544957966177,-3.473966144741384
66.52,1.7759630090119032,-3.5227041067390523
66.53,1.7405004136618367,-3.568237353588553
66.54,1.7045982619401323,-3.610667437336192
66.55,1.668287064915113,-3.650100668527055
66.56,1.6315962485695912,-3.686647402212493
66.57000000000001,1.594554116870863,-3.7204213476043693
66.58,1.5571878216175037,-3.7515389044660075
66.59,1.5195233387815428,-3.7801185287823142
66.6,1.4815854510418573,-3.8062801297281674
66.61,1.4433977361869794,-3.8301444994596654
66.62,1.404982561052664,-3.851832776790963
66.63,1.3663610806511604,-3.871465945392936
66.64,1.3275532421448055,-3.8891643667606415
66.65,1.2885777933159477,-3.9050473478454464
66.66,1.2494522951878968,-3.919232742935052
66.67,1.2101931384572469,-3.931836589090031
66.68,1.1708155634060964,-3.9429727742079916
66.69,1.1313336829730871,-3.952752736584697
66.7,1.0917605086744024,-3.961285194673647
66.71000000000001,1.0521079790796142,-3.9686759056097443
66.72,1.0123869905622076,-3.975027450956514
66.73,0.9726074300604839,-3.9804390480575593
66.74,0.9327782096010564,-3.9850063853190756
66.75,0.8929073023541023,-3.9888214797189416
66.76,0.8530017800066776,-3.991972554826673
66.77,0.813067851257569,-3.9945439376250897
66.78,0.7731109012541758,-3.996615972446652
66.79,0.7331355318086359,-3.9982649503729415
66.8,0.693145602246717,-3.999563052492729
66.81,0.6531442707587813,-4.000578305470692
66.82000000000001,0.6131340361373032,-4.001374547943391
66.83,0.5731167797999136,-4.002011406330163
66.84,0.5330938080106999,-4.002544278722753
66.85,0.4930658942254585,-4.003024325597633
66.86,0.4530333214987473,-4.003498466178031
66.87,0.4129959249018979,-4.004009379357839
66.88,0.3729531339115906,-4.004595508186081
66.89,0.3329040147381763,-4.0052910669978665
66.9,0.2928473125716332,-4.00612605036533
66.91,0.25278149373086967,-4.007126243129505
66.92,0.21270478770904305,-4.0083132308612734
66.93,0.1726152291136442,-4.009704410186137
66.94,0.13251069950532032,-4.011312998493666
66.95,0.09238896914377087,-4.013148042637924
66.96000000000001,0.052247738652561854,-4.015214426320032
66.97,0.012084680617370228,-4.0175128759284675
66.98,-0.0281025188660075,-4.020039964696673
66.99,-0.06831611867656324,-4.022788115121374
67.0,-0.108558281168435,-4.025745599668699
67.01,-0.14883103066993722,-4.028896539879036
67.02,-0.1891362119660157,-4.032220904065617
67.03,-0.22947544875124956,-4.035694503886313
67.04,-0.269850102043742,-4.039288990153128
67.05,-0.31026122855431215,-4.042971848329492
67.06,-0.3507095390103318,-4.046706394251733
67.07000000000001,-0.3911953564393468,-4.050451770698045
67.08,-0.4317185744242927,-4.054162945515698
67.09,-0.47227861534966076,-4.05779071210518
67.1,-0.5128743886663963,-4.061281693147951
67.11,-0.5535042492126199,-4.064578348552357
67.12,-0.5941659556374436,-4.067618988679461
67.13,-0.6348566289862091,-4.070337793996518
67.14,-0.6755727115173739,-4.072664842389868
67.15,-0.7163099258340064,-4.074526145450324
67.16,-0.7570632344263803,-4.075843695121574
67.17,-0.7978267997364379,-4.07653552217473
67.18,-0.8385939448698749,-4.0765157680384565
67.19,-0.879357115097207,-4.075694771572709
67.2,-0.9201078403013292,-4.073979172423353
67.21000000000001,-0.9608366985456742,-4.0712720326329945
67.22,-1.0015332809539892,-4.067472978208295
67.23,-1.0421861581098402,-4.062478362353766
67.24,-1.0827828482010644,-4.056181452074272
67.25,-1.1233097871513256,-4.048472639820999
67.26,-1.1637523009974844,-4.039239681805914
67.27,-1.2040945807874437,-4.028367964535461
67.28,-1.2443196602881934,-4.015740801012884
67.29,-1.2844093968077013,-4.001239757927823
67.3,-1.32434445544675,-3.984745014989406
67.31,-1.3641042971074895,-3.9661357573629603
67.32000000000001,-1.4036671705940091,-3.945290601938821
67.33,-1.443010109146266,-3.9220880578931467
67.34,-1.482108931751872,-3.896407021694117
67.35,-1.5209382495801482,-3.8681273063619055
67.36,-1.5594714778791101,-3.83713020440758
67.37,-1.5976808536682998,-3.8032990834554283
67.38,-1.6355374595482186,-3.76652001309686
67.39,-1.6730112539302369,-3.7266824210346132
67.4,-1.710071107968911,-3.683679776057109
67.41,-1.7466848494513791,-3.6374102948391096
67.42,-1.7828193138656931,-3.5877776690021714
67.43,-1.8184404028314227,-3.5346918082936214
67.44,-1.8535131500315658,-3.478069595164049
67.45,-1.8880017947347039,-3.4178356454497485
67.46000000000001,-1.9218698629405608,-3.353923069308424
67.47,-1.9550802561208722,-3.2862742260249282
67.48,-1.9875953474610593,-3.2148414658108764
67.49,-2.0193770854370894,-3.1395878512801434
67.5,-2.0503871044866617,-3.0604878509045768
67.51,-2.080586842455181,-2.977527996453669
67.52,-2.1099376644157353,-2.8907074962113497
67.53,-2.1384009923794083,-2.8000387956546477
67.54,-2.1659384403288287,-2.7055480772841256
67.55,-2.192511953925091,-2.607275691424586
67.56,-2.2180839541573207,-2.5052765100749013
67.57000000000001,-2.2426174841265896,-2.3996201962839883
67.58,-2.2660763580830006,-2.2903913820695663
67.59,-2.2884253117679805,-2.1776897485782034
67.6,-2.3096301530545644,-2.0616300030069703
67.61,-2.3296579118281198,-1.9423417477631688
67.62,-2.348476988009828,-1.8199692384200663
67.63,-2.3660572965965216,-1.6946710282208524
67.64,-2.3823704085742454,-1.5666194981742938
67.65,-2.397389686560008,-1.4360002731547241
67.66,-2.41109041403734,-1.303011525844174
67.67,-2.423449917076891,-1.1678631718111798
67.68,-2.4344476774735635,-1.030775960482803
67.69,-2.444065436286547,-0.8919804682059155
67.7,-2.4522872868376817,-0.7517160009825493
67.71000000000001,-2.459099756306198,-0.6102294157738068
67.72,-2.4644918751531577,-0.46777387047007857
67.73,-2.4684552337156,-0.32460751369637364
67.74,-2.4709840254270854,-0.18099212653704516
67.75,-2.4720750762463406,-0.03719172900378606
67.76,-2.471727860007161,0.10652883538211846
67.77,-2.469944499538698,0.2499053231800737
67.78,-2.4667297535435595,0.3926755089502668
67.79,-2.4620909893596927,0.5345805837469884
67.8,-2.45603814186862,0.6753665207284775
67.81,-2.4485836589451235,0.8147853949333569
67.82000000000001,-2.4397424339699527,0.952596644975906
67.83,-2.4295317260456053,1.0885682652942605
67.84,-2.4179710686640674,1.2224779186275285
67.85,-2.4050821676730547,1.3541139595769733
67.86,-2.390888789472528,1.4832763613975217
67.87,-2.375416640445104,1.6097775395417673
67.88,-2.358693238681693,1.733443066911219
67.89,-2.34074777910688,1.8541122772304146
67.9,-2.3216109931370843,1.9716387544207505
67.91,-2.3013150040184644,2.0858907072858406
67.92,-2.2798931789913675,2.1967512302039953
67.93,-2.257379979414385,2.3041184518335496
67.94,-2.2338108099546967,2.4079055750535807
67.95,-2.2092218679133135,2.5080408124694764
67.96000000000001,-2.1836499937053073,2.604467222796652
67.97,-2.157132523457381,2.6971424542867077
67.98,-2.1297071446195734,2.7860384020721667
67.99,-2.1014117554159375,2.8711407868756185
68.0,-2.0722843288820614,2.952448662956842
68.01,-2.042362782156801,3.029973863460296
68.02,-2.011684851612855,3.103740391480896
68.03,-1.9802879743271828,3.1737837651960406
68.04,-1.9482091763089344,3.2401503253260855
68.05,-1.915484967820661,3.3028965129948986
68.06,-1.8821512460490364,3.362088125778913
68.07000000000001,-1.8482432053050828,3.4177995593699078
68.08,-1.813795254861638,3.470113041846662
68.09,-1.7788409444681494,3.5191178670666092
68.1,-1.743412897520306,3.5649096331633574
68.11,-1.7075427518048825,3.6075894915815807
68.12,-1.6712611076886745,3.647263411508641
68.13,-1.6345974835747097,3.6840414639828607
68.14,-1.5975802784090172,3.7180371293810417
68.15,-1.5602367409870888,3.7493666314209118
68.16,-1.522592945780599,3.7781483002648706
68.17,-1.4846737749817913,3.8045019667857565
68.18,-1.4465029064448838,3.8285483895582124
68.19,-1.408102807190627,3.8504087156745057
68.2,-1.3694947321313937,3.870203976054122
68.21000000000001,-1.3306987276695446,3.8880546155240183
68.22,-1.2917336398209134,3.90408005759215
68.23,-1.2526171265177015,3.9183983035210685
68.24,-1.2133656737504919,3.9311255650306607
68.25,-1.1739946152170884,3.9423759297186165
68.26,-1.1345181551561196,3.952261058082548
68.27,-1.0949493940554373,3.9608899108571616
68.28,-1.0553003569389763,3.9683685052415
68.29,-1.0155820239506075,3.97479969848277
68.3,-0.975804362969321,3.980282997202363
68.31,-0.9359763640065601,3.9849143907939175
68.32000000000001,-0.8961060751534426,3.9887862071902105
68.33,-0.856200639862756,3.9919869892829354
68.34,-0.8162663353677839,3.9946013902846498
68.35000000000001,-0.7763086120570629,3.996710086343118
68.36,-0.7363321336409215,3.9983897047528068
68.37,-0.6963408179620069,3.9997127661544445
68.38,-0.6563378783178327,4.000747639169466
68.39,-0.6163258651786175,4.001558505980166
68.4,-0.5763067081982295,4.002205337436988
68.41,-0.5362817584298778,4.002743876350187
68.42,-0.49625183067122564,4.003225627703008
68.43,-0.45621724587581763,4.003697854606379
68.44,-0.4161778735790981,4.004203578900191
68.45,-0.3761331742978138,4.004781585392671
68.46000000000001,-0.3360822418712447,4.005466428816585
68.47,-0.2960238457214821,4.0062884426686045
68.48,-0.2559564730178726,4.007273749185662
68.49,-0.21587837073776892,4.0084442697993605
68.5,-0.17578758762188543,4.009817735496211
68.51,-0.13568201602784472,4.011407696597597
68.52,-0.0955594336899335,4.01322353155894
68.53,-0.05541754539666593,4.01527045447244
68.54,-0.015254024600484696,4.017549521042259
68.55,0.024933445024179254,4.020057632885052
68.56,0.06514712805721636,4.02278754009261
68.57000000000001,0.10538919582603147,4.025727842077085
68.58,0.14566168489875808,4.0288629868031345
68.59,0.18596645556209415,4.032173268595354
68.60000000000001,0.22630515027066517,4.035634824793878
68.61,0.2666791520579717,4.039219631615958
68.62,0.30708954290298435,4.042895499666979
68.63,0.3475370620513113,4.046626069630557
68.64,0.38802206429559544,4.05037080875431
68.65,0.42854447822639746,4.054085008835298
68.66,0.46910376447230145,4.05771978649706
68.67,0.5096988739563386,4.061222086638174
68.68,0.5503282062050648,4.064534690020227
68.69,0.5909895677567432,4.067596226050309
68.7,0.631680130726071,4.07034119189932
68.71000000000001,0.6723963915947295,4.0726999791815786
68.72,0.7131341303097026,4.074598909502792
68.73,0.7538883697847855,4.075960280261285
68.74,0.7946533359149284,4.076702422160368
68.75,0.8354224182279929,4.076739769956642
68.76,0.8761881313140613,4.07598294802826
68.77,0.916942077188558,4.074338872397228
68.78,0.9576749087620058,4.071710870878838
68.79,0.9983762946061349,4.067998823057345
68.8,1.0390348852231528,4.063099321798003
68.81,1.079638281042095,4.056905857999251
68.82000000000001,1.1201730023831378,4.049309030262973
68.83,1.1606244616473544,4.040196781112831
68.84,1.2009769380053945,4.029454661318393
68.85000000000001,1.2412135548737222,4.016966123783563
68.86,1.2813162604810657,4.002612848329443
68.87,1.321265811840311,3.9862750985418387
68.88,1.3610417624519024,3.967832111660152
68.89,1.400622454073514,3.9471625222555584
68.9,1.4399850128970133,3.924144820180646
68.91,1.4791053504771268,3.898657842969064
68.92,1.5179581697563944,3.870581302521703
68.93,1.5565169765275608,3.839796345535537
68.94,1.5947540966671052,3.8061861467133924
68.95,1.6326406994618285,3.76963653333917
68.96000000000001,1.6701468273338886,3.730036639315982
68.97,1.7072414322481484,3.6872795862478194
68.98,1.7438924190588452,3.6412631886033138
68.99,1.7800666960202147,3.59189067943863
69.0,1.815730232647618,3.539071452582326
69.01,1.8508481250718611,3.482721816606175
69.02,1.8853846689797413,3.4227657553315267
69.03,1.9193034401784919,3.3591356890609947
69.04,1.9525673827609613,3.2917732301911355
69.05,1.9851389047823147,3.220629926365343
69.06,2.0169799812882685,3.1456679838798736
69.07000000000001,2.048052264459912,3.0668609636727333
69.08,2.0783172005617225,2.9841944419181026
69.09,2.1077361532982737,2.8976666270309552
69.10000000000001,2.1362705331023415,2.8072889247697907
69.11,2.1638819317936697,2.713086443121387
69.12,2.1905322619647696,2.615098428770276
69.13,2.2161839003690753,2.5133786272056007
69.14,2.240799834508882,2.4079955589054602
69.15,2.264343811547185,2.2990327045675736
69.16,2.2867804886002334,2.186588593026153
69.17,2.308075583407708,2.070776786306181
69.18,2.328196024326357,1.951725757212531
69.19,2.347110098551959,1.8295786559237524
69.2,2.3647875974448325,1.704492963246666
69.21000000000001,2.3811999578168925,1.576640029472559
69.22,2.396320398034284,1.4462044991399143
69.23,2.4101240477996906,1.3133836234305476
69.24,2.422588070502895,1.1783864633815013
69.25,2.4336917770673208,1.0414329885578504
69.26,2.4434167302740515,0.9027530772740885
69.27,2.4517468386128023,0.7625854258456647
69.28,2.458668438790965,0.6211763756692313
69.29,2.4641703661261873,0.4787786681427606
69.3,2.4682440121538205,0.33565013851896053
69.31,2.4708833688965663,0.19205236071378082
69.32000000000001,2.472085059368096,0.04824925584568854
69.33,2.4718483540134804,-0.09549432215611434
69.34,2.470175172924974,-0.23891401017799843
69.35000000000001,2.4670700738099205,-0.3817473549401511
69.36,2.462540225826171,-0.5237352136337781
69.37,2.456595369537245,-0.6646231226879794
69.38,2.4492477633724112,-0.8041626216683334
69.39,2.440512117103878,-0.942112519997045
69.4,2.43040551297247,-1.0782400950533668
69.41,2.4189473152028107,-1.2123222112435699
69.42,2.4061590687475984,-1.34414635079946
69.43,2.3920643881868213,-1.4735115483481127
69.44,2.3766888377806366,-1.6002292226661434
69.45,2.3600598037334986,-1.7241239004613256
69.46000000000001,2.34220635977141,-1.845033828484311
69.47,2.3231591271638123,-1.9628114717356415
69.48,2.302950130336697,-2.0773238969713614
69.49,2.281612649224385,-2.18845304209931
69.5,2.2591810694947108,-2.296095873374913
69.51,2.2356907317568866,-2.400164433530082
69.52,2.211177780824109,-2.50058578508486
69.53,2.185679016055189,-2.597301854085281
69.54,2.159231743742403,-2.690269180372463
69.55,2.1318736324477396,-2.779458581210718
69.56,2.1036425721181886,-2.864854735683162
69.57000000000001,2.074576537734077,-2.9464556977018894
69.58,2.044713458164151,-3.0242723457791025
69.59,2.0140910908184946,-3.098327777871078
69.60000000000001,1.9827469026067295,-3.1686566596461607
69.61,1.9507179576255713,-3.235304534450669
69.62,1.9180408119177161,-3.2983271030635914
69.63,1.8847514155642995,-3.357789481054307
69.64,1.85088502229663,-3.413765441199963
69.65,1.8164761067403004,-3.4663366479936335
69.66,1.7815582893367574,-3.5155918907939268
69.67,1.746164268924422,-3.5616263216440935
69.68,1.7103257629038755,-3.6045407032360073
69.69,1.6740734548597016,-3.6444406719231424
69.7,1.6374369494654126,-3.6814360201073435
69.71000000000001,1.6004447344575548,-3.715640001746275
69.72,1.5631241494304873,-3.7471686641603745
69.73,1.5255013611743473,-3.7761402087671727
69.74,1.4876013452551438,-3.8026743828430893
69.75,1.4494478735174856,-3.8268919039132894
69.76,1.411063507176878,-3.84891391790279
69.77,1.37246959515943,-3.8688614917496382
69.78,1.3336862773418854,-3.8868551407856327
69.79,1.2947324923437173,-3.9030143908327735
69.8,1.2556259895252297,-3.9174573746448607
69.81,1.21638334485082,-3.930300462043008
69.82000000000001,1.1770199802843695,-3.941657922850523
69.83,1.1375501863938093,-3.9516416215252326
69.84,1.0979871478538648,-3.9603607422142897
69.85000000000001,1.0583429715495236,-3.9679215428156716
69.86,1.0186287169975514,-3.974427136519914
69.87,0.9788544288191254,-3.979977299222679
69.88,0.9390291710130979,-3.984668301141153
69.89,0.8991610627963023,-3.9885927609325855
69.9,0.8592573157944461,-3.9918395205990733
69.91,0.8193242723843208,-3.9944935394666445
69.92,0.7793674450051132,-3.996635805546528
69.93,0.7393915562733901,-3.998343262620076
69.94,0.6994005797527116,-3.999688751434141
69.95,0.6593977812447074,-4.000740963448964
69.96000000000001,0.6193857604837324,-4.0015644056440784
69.97,0.5793664931318259,-4.002219374957894
69.98,0.5393413729845745,-4.0027619410121105
69.99,0.4993112543115836,-4.003243935851725
70.0,0.45927649426753997,-4.003712949514125
70.01,0.41923699532130104,-4.004212330325653
70.02,0.37919224766102694,-4.004781188910416
70.03,0.33914137154309276,-4.005454404983331
70.04,0.2990831595613603,-4.006262636086959
70.05,0.25901611882135356,-4.007232327519222
70.06,0.21893851301097583,-4.008385722786373
70.07000000000001,0.17884840436562607,-4.0097408740023335
70.08,0.13874369553092913,-4.011311651741727
70.09,0.09862217133079151,-4.013107753939518
70.10000000000001,0.05848154045213878,-4.015134713515156
70.11,0.018319477060488396,-4.017393904483638
70.12,-0.021866337637533987,-4.019882546399974
70.13,-0.06207817386751109,-4.022593707067402
70.14,-0.10231821177888203,-4.025516303523445
70.15,-0.14258849993798,-4.028635101401722
70.16,-0.1828909138069165,-4.031930712851447
70.17,-0.22322711419500899,-4.03537959328104
70.18,-0.2635985056725373,-4.038954037277151
70.19,-0.30400619494055203,-4.042622174135981
70.2,-0.3444509491552569,-4.04634796352997
70.21000000000001,-0.38493315421115143,-4.0500911919197495
70.22,-0.425452772993652,-4.053807470408683
70.23,-0.46600930361932513,-4.057448234825183
70.24,-0.5066017376901556,-4.060960748906022
70.25,-0.5472285185974455,-4.064288111541776
70.26,-0.5878874999209911,-4.067369269132914
70.27,-0.6285759039801038,-4.070139034191246
70.28,-0.669290280604816,-4.0725281114058705
70.29,-0.7100264662082212,-4.07446313247454
70.3,-0.7507795432543067,-4.075866701079494
70.31,-0.791543800229811,-4.076657449460258
70.32000000000001,-0.8323126922435119,-4.076750108103289
70.33,-0.8730788023918767,-4.076055590128193
70.34,-0.9138338040460757,-4.074481092001134
70.35000000000001,-0.9545684242318995,-4.07193021224586
70.36,-0.995272408290993,-4.068303089849939
70.37,-1.0359344860288981,-4.0634965640759795
70.38,-1.0765423395725124,-4.057404357382684
70.39,-1.117082573176552,-4.0499172831362955
70.4,-1.1575406852352386,-4.0409234797468425
70.41,-1.197901042771489,-4.030308672793239
70.42,-1.2381468586911033,-4.017956466604239
70.43,-1.2782601721035736,-4.0037486666361595
70.44,-1.3182218320238264,-3.987565633830858
70.45,-1.3580114847801905,-3.9692866719466227
70.46000000000001,-1.3976075654627587,-3.948790448628536
70.47,-1.436987293752761,-3.9259554507220256
70.48,-1.476126674477199,-3.900660474032622
70.49,-1.5150005032334135,-3.8727851473958417
70.5,-1.5535823774251158,-3.8422104905436774
70.51,-1.591844713044287,-3.808819504839115
70.52,-1.629758767521898,-3.77249779549906
70.53,-1.6672946689542683,-3.733134223441429
70.54,-1.7044214519907268,-3.690621584377481
70.55,-1.7411071006418177,-3.6448573122301644
70.56,-1.77731859823533,-3.595744203399032
70.57000000000001,-1.8130219847097984,-3.5431911578187876
70.58,-1.8481824213917055,-3.4871139321797884
70.59,-1.882764263353394,-3.4274359001037547
70.60000000000001,-1.9167311393937807,-3.3640888135066693
70.61,-1.9500460396235275,-3.297013558844424
70.62,-1.982671410570669,-3.2261609014370207
70.63,-2.014569257652268,-3.1514922106166017
70.64,-2.045701254783001,-3.072980158056129
70.65,-2.0760288608133908,-2.990609381322261
70.66,-2.1055134424094466,-2.9043771044707127
70.67,-2.134116402902805,-2.8142937073775296
70.68,-2.1617993165569973,-2.7203832354867266
70.69,-2.1885240676125397,-2.6226838417638403
70.7,-2.2142529933922743,-2.5212481528846373
70.71000000000001,-2.2389490306702324,-2.416143552064985
70.72,-2.2625758644335736,-2.307452371455752
70.73,-2.285098078099347,-2.1952719876867715
70.74,-2.306481304187309,-2.079714814944642
70.75,-2.32669237439824,-1.9609081909052657
70.76,-2.3456994680054146,-1.838994151905125
70.77,-2.3634722574363427,-1.7141290949133656
70.78,-2.379982049903682,-1.586483325144437
70.79,-2.3952019239392315,-1.4562404895097778
70.8,-2.4091068596938774,-1.3235968975253
70.81,-2.421673861889737,-1.188760732745157
70.82000000000001,-2.4328820743487802,-1.0519511592554063
70.83,-2.442712885074845,-0.9133973292061465
70.84,-2.451150020932903,-0.7733372987592391
70.85000000000001,-2.45817963105003,-0.632016861152501
70.86,-2.463790358155953,-0.48968830680268466
70.87,-2.4679733971860833,-0.34660912146258926
70.88,-2.470722540585205,-0.20304063438847847
70.89,-2.4720342098738532,-0.059246629241789694
70.9,-2.471907473170041,0.08450806897329388
70.91,-2.470344048494387,0.2279590172605554
70.92,-2.467348292824829,0.37084357443244725
70.93,-2.4629271770057377,0.5129023035756097
70.94,-2.457090246753317,0.6538803436635184
70.95,-2.4498495701324674,0.7935287372743411
70.96000000000001,-2.4412196720078296,0.9316057020453352
70.97,-2.4312174560915603,1.0678778343507238
70.98,-2.419862115320815,1.2021212347089025
70.99,-2.407175031397382,1.3341225455846917
71.0,-2.393179664409121,1.4636798935281845
71.01,-2.3779014335268185,1.5906037289566393
71.02,-2.3613675898299884,1.7147175583117722
71.03,-2.343607082360583,1.835858564783344
71.04,-2.3246504185343215,1.9538781152530507
71.05,-2.304529520055522,2.068642152553529
71.06,-2.283277575483251,2.1800314735305992
71.07000000000001,-2.2609288905849096,2.2879418947197596
71.08,-2.2375187375888554,2.3922843086803476
71.09,-2.213083204411303,2.492984635155584
71.10000000000001,-2.1876590448857445,2.5899836722302165
71.11,-2.161283530966699,2.6832368535293987
71.12,-2.1339943078151564,2.772713918235923
71.13,-2.1058292526019806,2.8583985012945012
71.14,-2.076826337789267,2.940287651621161
71.15,-2.0470234995695575,3.0183912864456195
71.16,-2.016458512060354,3.0927315900899783
71.17,-1.985168867767758,3.1633423655357467
71.18,-1.9531916647496392,3.2302683470624247
71.19,-1.9205635008265096,3.2935644820655874
71.2,-1.8873203751083276,3.353295189892493
71.21000000000001,-1.8534975970286598,3.409533605181406
71.22,-1.8191297030046996,3.4623608127700716
71.23,-1.7842503807732584,3.5118650807621137
71.24,-1.7488924013894573,3.558141097820324
71.25,-1.713087558816852,3.601289220205054
71.26,-1.676866616985356,3.641414733505752
71.27,-1.6402592641467368,3.678627133434643
71.28,-1.6032940743166633,3.7130394294732834
71.29,-1.5659984755572711,3.744767474593643
71.3,-1.5283987248247903,3.773929323722905
71.31,-1.4905198890828129,3.8006446230914883
71.32000000000001,-1.4523858323629606,3.825034032101985
71.33,-1.4140192084407732,3.8472186788867466
71.34,-1.3754414587852255,3.8673196502867753
71.35000000000001,-1.3366728154350376,3.8854575165863285
71.36,-1.2977323084534989,3.9017518909774696
71.37,-1.258637777615488,3.9163210234070824
71.38,-1.219405887985357,3.9292814281753445
71.39,-1.180052149051981,3.940747544408522
71.4,-1.1405909370971867,3.9508314283189025
71.41,-1.101035520485603,3.9596424759890656
71.42,-1.0613980875774054,3.9672871752744974
71.43,-1.0216897769801132,3.9738688853056563
71.44,-0.9819207098712923,3.9794876419856076
71.45,-0.9421000241404011,3.9842399878198997
71.46000000000001,-0.9022359101148942,3.9882188243789947
71.47,-0.8623356476528211,3.9915132856778692
71.48,-0.8224056444013368,3.9942086307600486
71.49,-0.78245147503762,3.996386153792015
71.5,-0.7424779213254964,3.9981231100065306
71.51,-0.7024890128374893,3.9994926558779222
71.52,-0.6624880682079379,4.000563801966906
71.53,-0.6224777367981512,4.001401376935419
71.54,-0.5824600406692295,4.0020660013016105
71.55,-0.5424364167721191,4.002614069580239
71.56,-0.5024077592776248,4.003097739533099
71.57000000000001,-0.46237446198145704,4.0035649273365586
71.58,-0.42233646073089365,4.004059307558074
71.59,-0.3822932758302956,4.004620316919843
71.60000000000001,-0.3422440543924968,4.005283160914891
71.61,-0.3021876126119978,4.006078822428435
71.62,-0.26212247794392807,4.007034071604959
71.63,-0.2220469311798986,4.008171476288652
71.64,-0.18195904841815505,4.009509412451708
71.65,-0.14185674293086445,4.011062074111206
71.66,-0.10173780693593093,4.012839482320894
71.67,-0.06159995328444656,4.014847492909262
71.68,-0.02144085707774568,4.017087802719783
71.69,0.01874180276994911,4.019557954193319
71.7,0.0589503020061207,4.022251338216542
71.71000000000001,0.09918682953427994,4.025157195243953
71.72,0.13945344591099976,4.028260614784867
71.73,0.17975204182997728,4.031542533430771
71.74,0.22008429657961517,4.034979731682804
71.75,0.2604516364636334,4.03854482992405
71.76,0.3008551931780962,4.04220628396675
71.77,0.3412957621429684,4.045928380690718
71.78,0.38177376079191055,4.049671234376009
71.79,0.4222891868304886,4.0533907844202375
71.8,0.4628415764803153,4.057038795218762
71.81,0.5034299627348638,4.060562859074009
71.82000000000001,0.5440528336617956,4.063906403088086
71.83,0.5847080907966257,4.067008701080286
71.84,0.6253930076834013,4.069804891657388
71.85000000000001,0.6661041886297735,4.0722260036492175
71.86,0.7068375277563858,4.074198990203943
71.87,0.7475881684338525,4.0756467729160555
71.88,0.7883504632147069,4.076488297433788
71.89,0.8291179343825282,4.0766386020606165
71.9,0.8698832352559193,4.0760089009260465
71.91,0.9106381124010491,4.0745066833524115
71.92,0.9513733689229674,4.072035831085265
71.93,0.9920788290227543,4.068496755083097
71.94,1.0327433040246294,4.063786553575543
71.95,1.073354560094265,4.057799193095795
71.96000000000001,1.113899287886545,4.050425714170173
71.97,1.1543630743776685,4.04155446330353
71.98,1.1947303771526157,4.0310713528307485
71.99,1.2349845014342833,4.0188601501097745
72.0,1.2751075801548108,4.004802797407881
72.01,1.315080557382441,3.9887797636780187
72.02,1.3548831754283714,3.970670429233969
72.03,1.3944939659671205,3.9503535041097955
72.04,1.4338902455105675,3.927707480629193
72.05,1.4730481155797044,3.9026111204126903
72.06,1.5119424679188211,3.874943975714623
72.07000000000001,1.5505469950939967,3.8445869446074012
72.08,1.5888342068109693,3.811422859118513
72.09,1.626775452276367,3.7753371049774627
72.10000000000001,1.6643409489105185,3.736218271147835
72.11,1.7014998176993237,3.6939588268072567
72.12,1.7382201254466636,3.648455822899664
72.13,1.7744689341573168,3.5996116148254425
72.14,1.8102123577431724,3.54733460226241
72.15,1.8454156262025652,3.4915399815320423
72.16,1.8800431573738132,3.4321505053497092
72.17,1.9140586363095593,3.369097244235058
72.18,1.9474251022585145,3.302320343319932
72.19,1.9801050431759581,3.231769767788241
72.2,2.012060497614279,3.157406029727372
72.21000000000001,2.043253163770505,3.0792008887770086
72.22,2.073644515389819,2.997138018641592
72.23,2.103195924143337,2.911213631300067
72.24,2.13186878801582,2.8214370506133837
72.25,2.1596246651556044,2.727831227008053
72.26,2.186425412555981,2.630433185013198
72.27,2.212233328855868,2.5292943956576535
72.28,2.237011300469134,2.4244810660994034
72.29,2.260722950177856,2.3160743393662284
72.3,2.2833327872564584,2.2041703977353295
72.31,2.304806358132563,2.0888804640693577
72.32000000000001,2.3251103965378457,1.9703306963518872
72.33,2.3442129720596006,1.8486619717186732
72.34,2.3620836359722195,1.7240295574503781
72.35000000000001,2.3786935632086084,1.5966026676627292
72.36,2.394015689325474,1.4665639057829485
72.37,2.4080248413242673,1.3341085943154958
72.38,2.4206978612117838,1.1994439948518132
72.39,2.432013721221303,1.0627884227418982
72.4,2.4419536296666213,0.9243702622927467
72.41,2.4505011264671577,0.7844268897617228
72.42,2.4576421674618554,0.6432035127434114
72.43,2.4633651967220254,0.5009519357788023
72.44,2.4676612061774312,0.3579292631195693
72.45,2.470523781984417,0.2143965505337069
72.46000000000001,2.4719491371881057,0.07061741882083905
72.47,2.471936130360834,-0.07314335770142572
72.48,2.470486270034077,-0.21662127408805412
72.49,2.467603704879073,-0.3595535152026565
72.5,2.463295199730024,-0.5016803599037074
72.51,2.457570097680999,-0.6427465554362144
72.52,2.4504402686213,-0.7825026489436797
72.53,2.441920044702125,-0.920706263673233
72.54,2.4320261433478354,-1.0571233082884972
72.55,2.4207775785363554,-1.191529108711362
72.56,2.408195561173608,-1.3237094530632585
72.57000000000001,2.3943033894750902,-1.453461541543941
72.58,2.3791263303427295,-1.5805948344444347
72.59,2.362691492786202,-1.7049317929127155
72.60000000000001,2.3450276944844752,-1.8263085085474329
72.61,2.326165322615253,-1.944575219358538
72.62,2.3061361900973045,-2.059596711076973
72.63,2.2849733883937136,-2.1712526041932985
72.64,2.2627111380134384,-2.2794375284342063
72.65,2.2393846378250295,-2.3840611876259032
72.66,2.2150299142609207,-2.4850483190270647
72.67,2.1896836714444885,-2.582338552227463
72.68,2.1633831432163717,-2.6758861735908805
72.69,2.136165947972671,-2.7656598029654527
72.7,2.1080699471570625,-2.851641989987391
72.71000000000001,2.079133108172923,-2.933828737764565
72.72,2.049393372401771,-3.012228962047097
72.73,2.018888528931981,-3.0868638941779962
72.74,1.987656094518211,-3.157766436175263
72.75,1.9557332002084755,-3.2249804762370933
72.76,1.923156484993469,-3.2885601727945666
72.77,1.8899619967525843,-3.3485692149734017
72.78,1.8561851006940011,-3.4050800669806254
72.79,1.821860395412972,-3.458173203516296
72.8,1.7870216366236753,-3.5079363428378203
72.81,1.7517016685562157,-3.554463683587638
72.82000000000001,1.7159323629519228,-3.5978551509464274
72.83,1.6797445655372871,-3.638215657105008
72.84,1.6431680498098225,-3.675654380469554
72.85000000000001,1.6062314779278961,-3.7102840674361075
72.86,1.5689623684611005,-3.742220360000419
72.87,1.5313870707278878,-3.7715811519151683
72.88,1.493530745422797,-3.798485975575016
72.89,1.4554173512163875,-3.8230554213058
72.9,1.4170696369966809,-3.845410590261667
72.91,1.378509139411154,-3.8656725816960256
72.92,1.3397561853627602,-3.883962014971054
72.93,1.3008298991117326,-3.900398586307295
72.94,1.2617482136366143,-3.915100659950151
72.95,1.2225278859127295,-3.9281848931435825
72.96000000000001,1.1831845157737424,-3.9397658940522833
72.97,1.1437325680316837,-3.9499559115607634
72.98,1.104185397542527,-3.958864555699506
72.99,1.0645552769176936,-3.9665985473026786
73.0,1.0248534265964735,-3.973261495386664
73.01,0.9850900470099604,-3.978953700651565
73.02,0.9452743525834423,-3.983771983446437
73.03,0.9054146073410316,-3.987809534500907
73.04,0.8655181618934241,-3.991155786708572
73.05,0.8255914916068602,-3.993896306248835
73.06,0.7856402357684474,-3.9961127013513154
73.07000000000001,0.7456692375798338,-3.9978825470385253
73.08,0.7056825848276769,-3.9992793242261175
73.09,0.6656836510953116,-4.00037237161381
73.10000000000001,0.6256751373954007,-4.001226848862343
73.11,0.5856591141180647,-4.001903709621012
73.12,0.5456370632029804,-4.002459683045052
73.13,0.5056099204571636,-4.002947262521134
73.14,0.4655781179525577,-4.003414700401562
73.15,0.42554162644913235,-4.003906007632294
73.16,0.38549999779991184,-4.004460957246151
73.17,0.3454524073042093,-4.005115090779618
73.18,0.3053976959843195,-4.0058997267591865
73.19,0.2653344127690256,-4.006841970490737
73.2,0.2252608565745047,-4.007964724472749
73.21000000000001,0.1851751182795706,-4.009286698840954
73.22,0.1450751225976856,-4.0108224213383314
73.23,0.10495866985280396,-4.012582246389976
73.24,0.06482347766988608,-4.014572362947474
73.25,0.02466722259385447,-4.01679480085192
73.26,-0.015512418347152324,-4.019247435548876
73.27,-0.055717726117123056,-4.021923991072394
73.28,-0.09595089816860022,-4.0248140412989795
73.29,-0.13621400694310265,-4.027903009556121
73.3,-0.17650895835972263,-4.0311721667540095
73.31,-0.21683745027818285,-4.034598628293405
73.32000000000001,-0.25720093092559076,-4.0381553500874245
73.33,-0.29760055727993134,-4.041811124120476
73.34,-0.3380371534080002,-4.045530574053587
73.35000000000001,-0.37851116876100305,-4.049274151472146
73.36,-0.41902263643744314,-4.0529981334593295
73.37,-0.4595711314301896,-4.056654622266307
73.38,-0.5001557288827693,-4.060191547938316
73.39,-0.540774962388956,-4.063552674843627
73.4,-0.5814267823796418,-4.066677613139904
73.41,-0.6221085146517541,-4.069501836298867
73.42,-0.6628168191056193,-4.071956705894914
73.43,-0.7035476487696525,-4.073969504945565
73.44,-0.7442962092045307,-4.075463481170418
73.45,-0.7850569183930608,-4.0763579016095015
73.46000000000001,-0.8258233672367207,-4.076568120110347
73.47,-0.8665882807952677,-4.076005659254279
73.48,-0.9073434804218061,-4.074578308344761
73.49,-0.9480798469621629,-4.072190239122411
73.5,-0.9887872852042543,-4.0687421409005236
73.51,-1.0294546897801733,-4.064131376829703
73.52,-1.0700699127408484,-4.0582521629981185
73.53,-1.1106197330401357,-4.050995772052875
73.54,-1.151089828181906,-4.042250762985485
73.55,-1.1914647482998455,-4.0319032386580735
73.56,-1.2317278929550675,-4.019837132554394
73.57000000000001,-1.2718614909509336,-4.005934526118371
73.58,-1.311846583477435,-3.990075997890688
73.59,-1.3516630109087475,-3.9721410054685786
73.60000000000001,-1.3912894035868069,-3.952008301093658
73.61,-1.4307031769306207,-3.9295563814157823
73.62,-1.4698805312151224,-3.904663971686383
73.63,-1.5087964563643483,-3.8772105443018283
73.64,-1.547424742101159,-3.8470768712460783
73.65,-1.58573799378927,-3.8141456095728623
73.66,-1.6237076542926163,-3.7783019186222395
73.67,-1.6613040321617147,-3.739434107187062
73.68,-1.6984963364363577,-3.6974343083347825
73.69,-1.7352527183284105,-3.652199179053629
73.7,-1.7715403200174304,-3.6036306213348115
73.71000000000001,-1.807325330755107,-3.551636520730695
73.72,-1.8425730504320443,-3.496131497850503
73.73,-1.877247960712117,-3.4370376676789602
73.74,-1.9113138037856237,-3.374285401039198
73.75,-1.9447336687329009,-3.3078140819802204
73.76,-1.9774700854252278,-3.2375728543628983
73.77,-2.0094851258201585,-3.16352135045931
73.78,-2.040740512434414,-3.0856303939811083
73.79,-2.071197733699781,-3.0038826696265013
73.8,-2.100818165826944,-2.9182733509953196
73.81,-2.129563200719687,-2.828810678579992
73.82000000000001,-2.1573943793985437,-2.7355164795086733
73.83,-2.184273530309861,-2.638426620805714
73.84,-2.2101629118146584,-2.5375913881529515
73.85000000000001,-2.23502535807292,-2.4330757824897415
73.86,-2.2588244274644533,-2.324959727284664
73.87,-2.281524552618613,-2.2133381799491803
73.88,-2.303091191063437,-2.0983211416418306
73.89,-2.32349097545145,-1.9800335606263284
73.9,-2.3426918622759634,-1.858615125390182
73.91,-2.3606632779592536,-1.7342199448908246
73.92,-2.37737626117378,-1.6070161145588757
73.93,-2.3928036002504314,-1.477185168034991
73.94,-2.40691996453448,-1.344921416026742
73.95,-2.419702028570966,-1.210431175121406
73.96000000000001,-2.431128588036908,-1.073931890853665
73.97,-2.441180666388039,-0.9356511607766527
73.98,-2.449841611252441,-0.7958256646923618
73.99,-2.4570971796818863,-0.6547000105347538
74.0,-2.462935611463136,-0.5125255056382608
74.01,-2.467347689794652,-0.3695588642393937
74.02,-2.470326788747924,-0.2260608630256515
74.03,-2.471868907055165,-0.08229495734254652
74.04,-2.471972687894775,0.06147412872150887
74.05,-2.4706394244807344,0.20498182474523466
74.06,-2.4678730513998697,0.34796513505548077
74.07000000000001,-2.4636801217796247,0.49016404467373886
74.08,-2.458069770506395,0.6313228965560653
74.09,-2.4510536638485036,0.7711917269971826
74.10000000000001,-2.4426459359664516,0.9095275467118704
74.11,-2.432863112914266,1.046095555934114
74.12,-2.4217240248477694,1.1806702828683953
74.13,-2.4092497072568984,1.3130366359661227
74.14,-2.395463292128447,1.4429908617589229
74.15,-2.38038989002172,1.5703414013326704
74.16,-2.3640564641017936,1.6949096399438615
74.17,-2.346491697222843,1.8165305457348053
74.18,-2.3277258531870975,1.9350531949680225
74.19,-2.3077906333234823,2.05034118264605
74.2,-2.2867190295341766,2.162272918785081
74.21000000000001,-2.2645451749477807,2.27074181194623
74.22,-2.241304193295252,2.3756563428760757
74.23,-2.2170320480902594,2.4769400322510244
74.24,-2.1917653926502316,2.574531307543554
74.25,-2.1655414219393885,2.6683832749218417
74.26,-2.138397727151795,2.7584634028501576
74.27,-2.1103721538823854,2.8447531246717612
74.28,-2.08150266465836,2.9272473679280764
74.29,-2.0518272065238237,3.005954018499786
74.3,-2.021383584288364,3.0808933278520887
74.31,-1.9902093399667822,3.1520972717348044
74.32000000000001,-1.958341638853668,3.2196088686374713
74.33,-1.9258171625940326,3.283481466140642
74.34,-1.8926720095308551,3.3437780030491493
74.35000000000001,-1.8589416025330496,3.400570254853637
74.36,-1.8246606044337825,3.4539380696562203
74.37,-1.7898628411399253,3.5039686012277014
74.38,-1.7545812324092285,3.5507555453501767
74.39,-1.7188477302329217,3.5943983850524357
74.4,-1.6826932647081796,3.6350016497778803
74.41,-1.646147697237364,3.6726741929465447
74.42,-1.6092397808492487,3.7075284917939206
74.43,-1.5719971274014857,3.739679972798337
74.44,-1.534446181393282,3.7692463654531774
74.45,-1.496612200092422,3.7963470866066045
74.46000000000001,-1.4585192396611497,3.8211026570849733
74.47,-1.4201901469507225,3.8436341518408956
74.48,-1.381646556624332,3.864062684426157
74.49,-1.3429088932621993,3.882508926185483
74.5,-1.303996378100622,3.8990926602008753
74.51,-1.2649270400581818,3.9139323696883905
74.52,-1.2257177307068543,3.927144860259652
74.53,-1.1863841428529889,3.9388449152083598
74.54,-1.1469408324026873,3.94914498276634
74.55,-1.107401243197662,3.958154894092662
74.56,-1.0677777345208341,3.9659816106111205
74.57000000000001,-1.0280816109854398,3.9727289991937376
74.58,-0.9883231545369593,3.978497633598659
74.59,-0.9485116583134666,3.9833846205074046
74.60000000000001,-0.9086554621268113,3.987483448466525
74.61,-0.8687619893441362,3.990883858019845
74.62,-0.8288377849664145,3.9936717313173236
74.63,-0.7888885547177897,3.995928999502772
74.64,-0.748919204976359,3.997733566213179
74.65,-0.7089338833935261,3.9991592455650764
74.66,-0.6689360200650575,4.000275713056402
74.67,-0.6289283691323981,4.001148467873958
74.68,-0.5889130507075784,4.0018388051652165
74.69,-0.5488915930290938,4.002403796907531
74.7,-0.5088649747694278,4.002896280086535
74.71000000000001,-0.46883366742736315,4.003364850977536
74.72,-0.42879767774987704,4.003853864408155
74.73,-0.38875659013920005,4.004403436966526
74.74,-0.34870960901054654,4.005049453206396
74.75,-0.3086556010750722,4.005823573987982
74.76,-0.26859313753078695,4.006753246180982
74.77,-0.22852053615145254,4.007861713043457
74.78,-0.18843590326991783,4.009168024677184
74.79,-0.14833717565790888,4.010687048046381
74.8,-0.1082221623089902,4.012429476132421
74.81,-0.06808858613526048,4.014401835882251
74.82000000000001,-0.027934125591345196,4.016606494692829
74.83,0.012243543758596114,4.019041665258027
74.84,0.05244670771381534,4.021701408688333
74.85000000000001,0.09267757193236277,4.0245756358974125
74.86,0.13293822043176362,4.027650107333346
74.87,0.17323057407902973,4.030906431216327
74.88,0.21355634905609017,4.034322060528907
74.89,0.2539170152896078,4.037870289089649
74.9,0.29431375483788313,4.041520247126453
74.91,0.3347474202321369,4.045236896851785
74.92,0.3752184927749188,4.048981028628755
74.93,0.415727040804712,4.052709258404232
74.94,0.45627267794300347,4.056374027172935
74.95,0.49685452134817065,4.059923603324443
74.96000000000001,0.5374711500094923,4.063302088813064
74.97,0.5781205631244318,4.066449430177958
74.98,0.6188001386130514,4.069301435527522
74.99,0.6595065918349823,4.07178979868688
75.0,0.7002359345867889,4.073842131789833
75.01,0.7409834344707789,4.075382007675722
75.02,0.7817435747403033,4.076329013526294
75.03,0.8225100147413047,4.0765988172466505
75.04,0.8632755510852362,4.07610324815612
75.05,0.904032079704427,4.0747503936080935
75.06,0.944770558957398,4.0724447132005
75.07000000000001,0.9854809739684369,4.069087172268993
75.08,1.0261523024027779,4.064575396370863
75.09,1.0667724818958542,4.05880384846713
75.10000000000001,1.1073283793721205,4.051664030490832
75.11,1.147805762505671,4.043044710948858
75.12,1.1881892735910977,4.032832180140396
75.13,1.2284624061084788,4.020910534484644
75.14,1.2686074842807904,4.007161991331598
75.15,1.3086056459351105,3.9914672354800373
75.16,1.348436828990391,3.9737057984442665
75.17,1.3880797619039957,3.953756471293755
75.18,1.4275119584162659,3.9314977516359586
75.19,1.4667097169367147,3.906808325021161
75.2,1.505648124916689,3.8795675807183954
75.21000000000001,1.5443010685510825,3.8496561614433116
75.22,1.5826412481455552,3.8169565462128205
75.23,1.6206401994753388,3.7813536650588597
75.24,1.6582683214467322,3.74273554385689
75.25,1.6954949103524766,3.700993977017005
75.26,1.7322882009870721,3.656025225251048
75.27,1.7686154148574975,3.607730735073199
75.28,1.8044428156885362,3.5560178761206647
75.29,1.8397357723799106,3.500800691802922
75.3,1.8744588295245945,3.4420006582112324
75.31,1.9085757855441352,3.3795474456547003
75.32000000000001,1.9420497784376884,3.313379676645751
75.33,1.9748433790770503,3.2434456736483095
75.34,2.0069186919106548,3.169704189438475
75.35000000000001,2.03823746286582,3.0921251125229547
75.36,2.068761194161114,3.0106901397280073
75.37,2.09845126566038,2.925393407824056
75.38,2.1272690623175956,2.836242075901021
75.39,2.1551761071784012,2.743256850168494
75.4,2.1821341993209655,2.646472442933683
75.41,2.208105556037075,2.5459379577175594
75.42,2.2330529584753167,2.4417171928128334
75.43,2.2569398998933314,2.333888856070899
75.44,2.2797307355967344,2.2225466843307076
75.45,2.3013908335799456,2.107799461669538
75.46000000000001,2.3218867248301254,1.9897709315596228
75.47,2.341186252211138,1.8685995990478308
75.48,2.359258716811082,1.7444384202270216
75.49,2.3760750206156787,1.6174543775226966
75.5,2.391607804361536,1.4878279406593822
75.51,2.4058315794288663,1.355752414576941
75.52,2.418722852653075,1.2214331770142488
75.53,2.4302602429691516,1.0850868099407383
75.54,2.44042458885189,0.946940130467981
75.55,2.4491990455785113,0.8072291282855585
75.56,2.4565691714176014,0.6661978180096191
75.57000000000001,2.462523001938704,0.5240970160808761
75.58,2.467051111739219,0.3811830529749008
75.59,2.470146662998202,0.23771643246698038
75.60000000000001,2.4718054403885588,0.09396045050497132
75.61,2.4720258720083015,-0.049820213131665875
75.62,2.470809036125926,-0.19336091678421571
75.63,2.4681586536726177,-0.3363984786619221
75.64,2.4640810665526875,-0.478672584568544
75.65,2.4585852019812466,-0.6199271680087819
75.66,2.451682523192512,-0.759911749501304
75.67,2.4433869669912203,-0.8983827225517795
75.68,2.4337148687414762,-1.035104574552336
75.69,2.422684875500174,-1.1698510318550808
75.7,2.4103178481043748,-1.3024061193951433
75.71000000000001,2.396636753112271,-1.4325651264886832
75.72,2.381666545574601,-1.5601354717769895
75.73,2.365434043676731,-1.6849374617013109
75.74,2.347967796340575,-1.8068049383460372
75.75,2.329297944909811,-1.925585813952121
75.76,2.309456080061533,-2.0411424908509512
75.77,2.288475095092792,-2.153352166975605
75.78,2.2663890367220207,-2.2621070284480504
75.79,2.243232954523831,-2.3673143319966012
75.8,2.219042750082089,-2.468896381109907
75.81,2.1938550269016326,-2.5667904008675064
75.82000000000001,2.1677069420647386,-2.660948317291269
75.83,2.1406360605558072,-2.751336447829341
75.84,2.1126802131081517,-2.8379351102101182
75.85000000000001,2.0838773583516046,-2.920738157387327
75.86,2.0542654499604045,-2.999752446640383
75.87,2.0238823094187963,-3.074997251101542
75.88,1.9927655049383735,-3.1465036220598583
75.89,1.9609522369775991,-3.2143137103506967
75.9,1.9284792307313594,-3.278480054988962
75.91,1.8953826358778199,-3.3390648469560995
75.92,1.8616979337922375,-3.396139175717794
75.93,1.827459852363464,-3.4497822656440724
75.94,1.792702288479356,-3.500080709039301
75.95,1.757458238182678,-3.547127701979137
75.96000000000001,1.7217597344397733,-3.5910222886072516
75.97,1.685637792410533,-3.631868618978256
75.98,1.649122362060208,-3.6697752249555684
75.99,1.6122422879114215,-3.7048543180937563
76.0,1.575025275698333,-3.7372211128630033
76.01,1.5374978656541614,-3.7669931780163277
76.02,1.4996854121380063,-3.794289818364576
76.03,1.46161206928687,-3.8192314887153307
76.04,1.4233007823636998,-3.84193924125398
76.05,1.3847732844617904,-3.8625342072015227
76.06,1.3460500982196693,-3.88113711317645
76.07000000000001,1.3071505421982612,-3.8978678323186444
76.08,1.2680927415732963,-3.9128449699022694
76.09,1.2288936428002157,-3.926185482871946
76.10000000000001,1.1895690319158574,-3.938004332481474
76.11,1.1501335561505863,-3.9484141689957446
76.12,1.1106007485359426,-3.957525047232727
76.13,1.070983055205932,-3.9654441715715945
76.14,1.0312918651045109,-3.972275668933025
76.15,0.9915375418272716,-3.978120388146214
76.16,0.9517294573415866,-3.9830757240517123
76.17,0.9118760273462374,-3.987235464647499
76.18,0.8719847480486367,-3.990689659565196
76.19,0.8320622341549335,-3.9935245081617547
76.2,0.7921142578854017,-3.9958222655269275
76.21000000000001,0.7521457888443951,-3.997661164736253
76.22,0.7121610345906767,-3.999115353721064
76.23,0.6721634817699739,-4.000254845179293
76.24,0.6321559376870909,-4.001145478011828
76.25,0.5921405722097374,-4.001848888837355
76.26,0.5521189599103439,-4.002422492212494
76.27,0.5120921223654875,-4.002919468262462
76.28,0.47206057054509465,-4.003388756509294
76.29,0.43202434723530164,-4.003875054768933
76.3,0.39198306944971595,-4.004418822074467
76.31,0.3519359707938123,-4.005056284669764
76.32000000000001,0.31188194375632067,-4.0058194442052475
76.33,0.2718195819097073,-4.006736087355128
76.34,0.23174722200921807,-4.007829796162735
76.35000000000001,0.1916629859864526,-4.009119958507547
76.36,0.15156482283906714,-4.010621778173848
76.37,0.11145055042297564,-4.01234628408673
76.38,0.07131789715733253,-4.014300338366317
76.39,0.031164543655649295,-4.016486642935684
76.4,-0.009011835701381149,-4.018903744502184
76.41,-0.0492135312343944,-4.0215460378157495
76.42,-0.08944275645769613,-4.0244037671914885
76.43,-0.12970160657822416,-4.027463026367676
76.44,-0.16999201698504965,-4.030705756854149
76.45,-0.21031572171530716,-4.034109745010426
76.46000000000001,-0.2506742118852582,-4.0376486181776015
76.47,-0.2910686940788592,-4.041291840273405
76.48,-0.3315000486907263,-4.045004707345773
76.49,-0.37196878822577467,-4.048748343666917
76.5,-0.4124750155640647,-4.052479699037098
76.51,-0.4530183822065167,-4.056151548055035
76.52,-0.4935980465251654,-4.059712492199877
76.53,-0.5342126320505143,-4.063106965657686
76.54,-0.5748601858383191,-4.0662752459129115
76.55,-0.6155381369687725,-4.069153470212021
76.56,-0.6562432552425596,-4.0716736590914975
76.57000000000001,-0.6969716101506025,-4.073763748245124
76.58,-0.7377185302074621,-4.0753476300849085
76.59,-0.7784785627523008,-4.076345206425043
76.60000000000001,-0.8192454343359631,-4.076672453787775
76.61,-0.8600120118280563,-4.076241502892498
76.62,-0.900770264393813,-4.074960733943298
76.63,-0.9415112265069222,-4.0727348893737565
76.64,-0.9822249621812881,-4.069465205739248
76.65,-1.022900530621707,-4.065049566464187
76.66,-1.0635259535105717,-4.059382677152483
76.67,-1.1040881841647567,-4.0523562651516425
76.68,-1.1445730788136046,-4.043859305022085
76.69,-1.1849653702651985,-4.033778271500911
76.7,-1.225248644243623,-4.021997421461146
76.71000000000001,-1.2654053186944214,-4.008399106250977
76.72,-1.3054166263686424,-3.9928641156503657
76.73,-1.3452626010074287,-3.9752720545025406
76.74,-1.3849220674586933,-3.955501752863292
76.75,-1.4243726360646947,-3.9334317102600944
76.76,-1.4635907016638954,-3.9089405743646433
76.77,-1.5025514475519877,-3.881907654055676
76.78,-1.5412288547450088,-3.8522134664837866
76.79,-1.5795957168816632,-3.819740317346874
76.8,-1.617623661091946,-3.784372913145174
76.81,-1.6552831751445667,-3.745999003710709
76.82000000000001,-1.6925436411661603,-3.7045100528005515
76.83,-1.7293733762005776,-3.659801934010721
76.84,-1.7657396798463747,-3.611775648713074
76.85000000000001,-1.801608889174839,-3.5603380621475744
76.86,-1.8369464410893261,-3.5054026532244036
76.87,-1.8717169422393272,-3.4468902730131292
76.88,-1.9058842465495887,-3.384729906329362
76.89,-1.9394115403659142,-3.318859430283726
76.9,-1.972261435155263,-3.24922636314518
76.91,-2.0043960676288175,-3.1757885964030392
76.92,-2.0357772070833238,-3.0985151025023296
76.93,-2.0663663696788643,-3.017386610388287
76.94,-2.0961249392910895,-2.932396240740988
76.95,-2.1250142944936843,-2.8435500926227206
76.96000000000001,-2.152995941143544,-2.750867773210662
76.97,-2.1800316499578973,-2.6543828623562997
76.98,-2.20608359839067,-2.554143303910009
76.99,-2.2311145160360977,-2.4502117160813595
77.0,-2.2550878327122974,-2.3426656135779726
77.01,-2.277967828307657,-2.231597534880232
77.02,-2.299719783409902,-2.11711506876507
77.03,-2.3203101296829582,-1.9993407750854053
77.04,-2.3397065989116097,-1.8784119958351642
77.05,-2.3578783695996615,-1.7544805536723846
77.06,-2.3747962099850577,-1.6277123363203405
77.07000000000001,-2.3904326163260685,-1.4982867666014197
77.08,-2.4047619453170856,-1.3663961592599998
77.09,-2.417760539511268,-1.232244967175523
77.10000000000001,-2.429406844660596,-1.096048921029864
77.11,-2.439681517931865,-0.9580340679468052
77.12,-2.4485675260195316,-0.8184357160378113
77.13,-2.456050232252621,-0.6774972931390076
77.14,-2.462117471882312,-0.5354691292813456
77.15,-2.466759614838248,-0.3926071735728036
77.16,-2.469969615353768,-0.24917165716349662
77.17,-2.471743047981518,-0.10542571478991541
77.18,-2.4720781296495664,0.038366021965239
77.19,-2.4709757275422133,0.1819388461204783
77.2,-2.468439352727157,0.32502939764196653
77.21000000000001,-2.464475139589374,0.46737707286451413
77.22,-2.4590918112698663,0.608725407361712
77.23,-2.4523006314421396,0.7488234190495715
77.24,-2.4441153428888747,0.8874268989192378
77.25,-2.4345520934637546,1.024299637593194
77.26,-2.423629350137011,1.1592145768680135
77.27,-2.4113678019263944,1.291954876523797
77.28,-2.3977902526065353,1.4223148879217444
77.29,-2.38292150416796,1.5501010272504663
77.3,-2.366788232061526,1.6751325426908965
77.31,-2.349418853314142,1.7972421712206654
77.32000000000001,-2.3308433886371125,1.9162766822432762
77.33,-2.311093319669276,2.0320973066780943
77.34,-2.2902014425035504,2.144580051558197
77.35000000000001,-2.2682017186381125,2.2536159015308432
77.36,-2.2451291244729337,2.3591109099186838
77.37,-2.2210195004397386,2.460986183160752
77.38,-2.1959094008097186,2.559177763495928
77.39,-2.1698359451698197,2.653636415666596
77.4,-2.1428366724963865,2.7443273241986437
77.41,-2.114949398685847,2.8312297084512394
77.42,-2.086212078327362,2.9143363631247112
77.43,-2.056662671423353,2.9936531322690065
77.44,-2.026339015681982,3.0691983250531263
77.45,-1.9952787049222906,3.1410020816444013
77.46000000000001,-1.963518974049094,3.209105697514337
77.47,-1.9310965909720037,3.2735609143454507
77.48,-1.8980477557621849,3.334429185472704
77.49,-1.8644080072625495,3.391780923466248
77.5,-1.8302121372928597,3.4456947370622335
77.51,-1.7954941125213046,3.496256664188368
77.52,-1.7602870040090923,3.543559407323674
77.53,-1.7246229243748312,3.58770157688985
77.54,-1.6885329724712952,3.6287869478065757
77.55,-1.6520471854186998,3.666923733765864
77.56,-1.615194497795978,3.7022238832011376
77.57000000000001,-1.578002707754677,3.7348024003538716
77.58,-1.5404984497889007,3.7647766942821614
77.59,-1.5027071738690339,3.792265958118023
77.60000000000001,-1.4646531306265402,3.8173905803690085
77.61,-1.4263593622616537,3.840271589579206
77.62,-1.3878476988349562,3.8610301332181782
77.63,-1.3491387595972903,3.879786991256165
77.64,-1.310251959009833,3.896662124511424
77.65,-1.2712055171070618,3.911774257521533
77.66,-1.2320164738594022,3.925240495394746
77.67,-1.1927007071991667,3.937175973839512
77.68,-1.153272954382612,3.947693541348771
77.69,-1.1137468363721914,3.9569034723291905
77.7,-1.0741348849360282,3.9649132098121234
77.71000000000001,-1.0344485721759489,3.9718271362606727
77.72,-0.9946983422108147,3.9777463708935685
77.73,-0.9548936447580776,3.9827685918791573
77.74,-0.9150429703732316,3.9869878817092936
77.75,-0.8751538871238917,3.9904945940408383
77.76,-0.8352330784924149,3.993375240289469
77.77,-0.7952863823181024,3.9957123942742596
77.78,-0.7553188306069297,3.997584613239841
77.79,-0.7153346900533056,3.999066373623825
77.8,-0.6753375031344533,4.0002280199886755
77.81,-0.6353301296535322,4.001135725597572
77.82000000000001,-0.5953147886225019,4.001851463181473
77.83,-0.5552931003899028,4.002432984518063
77.84,-0.5152661289321406,4.002933807521386
77.85000000000001,-0.47523442423947504,4.003403209622523
77.86,-0.4351980647396902,4.003886226305818
77.87,-0.39515669971335865,4.004423653750996
77.88,-0.35510959166467027,4.005052054618459
77.89,-0.3150556586209895,4.005803766102506
77.9,-0.27499351634262015,4.006706909464802
77.91,-0.23492152043169345,4.0077854003478075
77.92,-0.19483780833566397,4.009058959254857
77.93,-0.1547403412465963,4.01054312166996
77.94,-0.11462694590226478,4.012249247376254
77.95,-0.07449535629907121,4.014184528617239
77.96000000000001,-0.03434325532991999,4.016351996829565
77.97,0.005831683637520091,4.018750527760422
77.98,0.04603175522528845,4.021374844866455
77.99,0.0862591805348492,4.0242155209748995
78.0,0.12651606564478646,4.0272589782713935
78.01,0.16680436010027708,4.030487486762841
78.02,0.20712581538004327,4.033879161447951
78.03,0.2474819433292361,4.037407958512811
78.04,0.28787397455029945,4.041043670954109
78.05,0.32830281674831824,4.044751924118553
78.06,0.3687690130326705,4.04849417173362
78.07000000000001,0.4092727001829906,4.052227693091948
78.08,0.44981356689450946,4.055905592139371
78.09,0.49039081202577806,4.059476799304617
78.10000000000001,0.5310031028806018,4.062886076996656
78.11,0.5716485335657112,4.066074029783369
78.12,0.6123245834762693,4.068977120351905
78.13,0.6530280759727494,4.07152769243634
78.14,0.693755137324996,4.073654001981172
78.15,0.7345011560123729,4.0752802578889025
78.16,0.7752607424827742,4.0763266737754185
78.17,0.8160276894878813,4.076709532226828
78.18,0.8567949331273108,4.076341263114474
78.19,0.8975545147501708,4.075130537579488
78.2,0.9382975438789005,4.072982379342713
78.21000000000001,0.979014162337025,4.0697982950283
78.22,1.0196935097794664,4.065476425207659
78.23,1.060323690841178,4.059911717872677
78.24,1.10089174413692,4.052996126030815
78.25,1.1413836133617943,4.044618831077581
78.26,1.1817841207584716,4.034666493541487
78.27,1.2220769432326242,4.023023532710517
78.28,1.2622445914126819,4.009572436534917
78.29,1.3022683919633224,3.9941941030565125
78.3,1.3421284734738121,3.9767682144374907
78.31,1.3818037562520722,3.9571736444498375
78.32000000000001,1.4212719463628087,3.935288900038599
78.33,1.460509534252844,3.9109925972867003
78.34,1.4994917983085427,3.884163971785359
78.35000000000001,1.5381928136885512,3.8546834230519798
78.36,1.5765854667695822,3.822433092237293
78.37,1.614641475533297,3.787297471926614
78.38,1.6523314162081144,3.7491640463685876
78.39,1.6896247564606686,3.707923959961665
78.4,1.7264898954073475,3.6634727112979246
78.41,1.762894210686627,3.615710869510891
78.42,1.7988041127975654,3.564544809104977
78.43,1.8341851068687265,3.5098874588665603
78.44,1.8690018619748965,3.4516590598790455
78.45,1.9032182880663076,3.3897879270962736
78.46000000000001,1.9367976205168222,3.3242112083809223
78.47,1.969702512233926,3.2548756343987195
78.48,2.0018951332047963,3.181738252287586
78.49,2.0333372772796774,3.104767135606027
78.5,2.0639904759169165,3.0239420627202334
78.51,2.093816118534082,2.939255155527407
78.52,2.122775579027465,2.850711470246429
78.53,2.1508303479390105,2.758329531947964
78.54,2.177942169666424,2.662141804555294
78.55,2.204073184030116,2.5621950882337146
78.56,2.229186071431098,2.458550836407682
78.57000000000001,2.2532442007582696,2.3512853851059776
78.58,2.2762117791332175,2.2404900879384435
78.59,2.298054002517038,2.1262713507527455
78.60000000000001,2.318737206148272,2.008750560902381
78.61,2.3382290137350856,1.8880639070706522
78.62,2.356498484289685,1.7643620867289929
78.63,2.373516255469666,1.6378098995478516
78.64,2.3892546822806424,1.5085857264069913
78.65,2.4036879699978058,1.3768808950491698
78.66,2.416792300181626,1.242898934863642
78.67,2.4285459486950782,1.1068547247484135
78.68,2.4389293946765935,0.9689735394556624
78.69,2.4479254194841915,0.8294900012451476
78.7,2.455519194701497,0.6886469450273542
78.71000000000001,2.461698358384739,0.5466942064436142
78.72,2.4664530788303693,0.4038873434777212
78.73,2.4697761052542937,0.26048630319785315
78.74,2.471662804894327,0.11675404606683362
78.75,2.472111186175631,-0.02704485908582291
78.76,2.471121907712611,-0.17064565587980063
78.77,2.468698273058035,-0.31378482318966316
78.78,2.464846211248818,-0.45620148610896827
78.79,2.4595742433358563,-0.5976388014236554
78.8,2.452893435220345,-0.7378453043390217
78.81,2.444817337249076,-0.8765762038004092
78.82000000000001,2.4353619111443368,-1.0135946145324162
78.83,2.424545444958427,-1.1486727148774751
78.84,2.4123884568467875,-1.2815928206209197
78.85000000000001,2.398913588546009,-1.412148366222146
78.86,2.384145489522344,-1.5401447862039679
78.87,2.3681106928219293,-1.6654002908570724
78.88,2.350837483705203,-1.787746531865246
78.89,2.3323557621846245,-1.9070291549215272
78.9,2.3126969006067726,-2.023108237858196
78.91,2.291893597427461,-2.135858614228576
78.92,2.269979728322201,-2.2451700836321873
78.93,2.246990195754817,-2.350947511345499
78.94,2.222960778095291,-2.453110820990122
78.95,2.197927979335015,-2.551594885023675
78.96000000000001,2.171928880394818,-2.646349318764039
78.97,2.1450009929597345,-2.737338184447129
78.98,2.1171821167058753,-2.8245396124668285
78.99,2.0885102007103975,-2.9079453474517885
79.0,2.0590232097568393,-2.9875602271989217
79.01,2.028758996166419,-3.063401602711839
79.02,1.9977551777026026,-3.135498707690836
79.03,1.9660490220126023,-3.203891985798033
79.04,1.933677337986642,-3.26863238388722
79.05,1.9006763743348583,-3.3297806191544286
79.06,1.8670817256035537,-3.387406427844683
79.07000000000001,1.8329282457779648,-3.4415878027556657
79.08,1.7982499695484404,-3.492410226323209
79.09,1.7630800412515004,-3.5399659055695523
79.10000000000001,1.7274506514370493,-3.5843530146555134
79.11,1.69139298095839,-3.6256749502140693
79.12,1.6549371524327678,-3.664039604066172
79.13,1.6181121888770664,-3.6995586573400066
79.14,1.5809459792859677,-3.732346899441249
79.15,1.5434652508882418,-3.7625215747620016
79.16,1.505695547790728,-3.790201759476637
79.17,1.467661215698709,-3.8155077702593383
79.18,1.429385392385541,-3.8385606062750233
79.19,1.3908900035732086,-3.859481425346038
79.2,1.3521957638786202,-3.8783910547838785
79.21000000000001,1.313322182477531,-3.8954095369997077
79.22,1.274287573138626,-3.910655709670354
79.23,1.235109068284124,-3.9242468199377587
79.24,1.195802636739871,-3.9362981718588914
79.25,1.1563831048469462,-3.946922806098856
79.26,1.116864180617894,-3.956231210670758
79.27,1.077258480633531,-3.9643310613699785
79.28,1.0375775593904943,-3.971326990425775
79.29,0.9978319408250156,-3.977320381797246
79.3,0.9580311517545494,-3.9824091914713247
79.31,0.9181837569955891,-3.986687791075172
79.32000000000001,0.878297395933046,-3.9902468330916436
79.33,0.8383788203337561,-3.993173135962099
79.34,0.798433933213804,-3.995549587373332
79.35000000000001,0.7584678285862894,-3.9974550640526934
79.36,0.71848483193275,-3.9989643664354206
79.37,0.678488541257581,-4.000148166618945
79.38,0.6384818686003711,-4.001072968078651
79.39,0.5984670818960081,-4.001801075686715
79.4,0.5584458470866369,-4.002390574648726
79.41,0.5184192704030335,-4.002895317050574
79.42,0.47838794074562535,-4.003364914789433
79.43,0.4383519721072448,-4.003844737746626
79.44,0.39831104599069284,-4.004375916145896
79.45,0.35826445378432686,-4.004995346127486
79.46000000000001,0.3182111390681431,-4.005735697655884
79.47,0.27814973983120916,-4.0066254239666375
79.48,0.23807863058881035,-4.007688771845097
79.49,0.19799596439430725,-4.008945792116917
79.5,0.15789971474647202,-4.010412349816622
79.51,0.11778771739797479,-4.012100133586428
79.52,0.07765771207474344,-4.014016663942723
79.53,0.03750738411912032,-4.016165300132372
79.54,-0.002665593927904012,-4.018545245385241
79.55,-0.042863520788584485,-4.021151550453259
79.56,-0.08308862493696918,-4.023975115410139
79.57000000000001,-0.12334302309678728,-4.0270026897695805
79.58,-0.1636286787323608,-4.030216871063709
79.59,-0.2039473605180615,-4.033596102107751
79.60000000000001,-0.24430060077451585,-4.03711466726155
79.61,-0.28468965386329254,-4.040742688083835
79.62,-0.3251154545361926,-4.0444461188609715
79.63,-0.365578576240512,-4.048186742578469
79.64,-0.406079189387762,-4.051922167990661
79.65,-0.44661701960032524,-4.055605828531626
79.66,-0.48719130595839455,-4.059186983898409
79.67,-0.5278007592782934,-4.0626107252255945
79.68,-0.5684435204629064,-4.065817984857992
79.69,-0.6091171189754532,-4.068745551815001
79.7,-0.6498184314992064,-4.071326094125602
79.71000000000001,-0.6905436408579653,-4.073488189296047
79.72,-0.7312881952851273,-4.075156364252329
79.73,-0.7720467681430119,-4.07625114617537
79.74,-0.8128132182086347,-4.076689125717229
79.75,-0.8535805506573564,-4.076383034150388
79.76,-0.8943408788916425,-4.075241836057436
79.77,-0.9350853873785051,-4.073170839213877
79.78,-0.97580429567592,-4.070071823350242
79.79,-1.01648682384551,-4.065843189499264
79.8,-1.0571211594659056,-4.06038013163745
79.81,-1.0976944264782593,-4.05357483231563
79.82000000000001,-1.1381926561122182,-4.0453166839376955
79.83,-1.1786007601570132,-4.035492537288236
79.84,-1.2189025068579828,-4.0239869788258575
79.85000000000001,-1.2590804997335303,-4.010682638147036
79.86,-1.2991161596209235,-3.9954605268832166
79.87,-1.3389897102711945,-3.9782004101193134
79.88,-1.3786801678233098,-3.958781211212722
79.89,-1.418165334495449,-3.9370814506469256
79.9,-1.4574217968362484,-3.912979719271291
79.91,-1.4964249288808749,-3.8863551859580103
79.92,-1.5351489005554086,-3.857088139348019
79.93,-1.5735666916678352,-3.825060562960575
79.94,-1.61165011181462,-3.7901567425071394
79.95,-1.649369826517978,-3.7522639037813277
79.96000000000001,-1.6866953898902464,-3.711272878995961
79.97,-1.723595284097897,-3.6670787989096203
79.98,-1.7600369658684387,-3.619581807533706
79.99,-1.795986920248571,-3.5686877956430068
80.0,-1.8314107217812987,-3.5143091487355655
80.01,-1.8662731032232822,-3.4563655045096495
80.02,-1.9005380318714917,-3.3947845143565156
80.03,-1.9341687935104126,-3.3295026028179637
80.04,-1.967128083927851,-3.2604657184388985
80.05,-1.9993781078791906,-3.1876300689694914
80.06,-2.030880685307241,-3.1109628334517954
80.07000000000001,-2.0615973645482266,-3.0304428433748174
80.08,-2.0914895421747373,-2.9460612248131195
80.09,-2.120518589044489,-2.857821993289633
80.10000000000001,-2.14864598204053,-2.7657425930354917
80.11,-2.175833440905199,-2.669854372369174
80.12,-2.202043069487914,-2.57020298709348
80.13,-2.227237500647069,-2.4668487241193224
80.14,-2.2513800439703004,-2.3598667379752656
80.15,-2.274434835406574,-2.249347193453755
80.16,-2.296366987839375,-2.1353953083787984
80.17,-2.3171427415741497,-2.018131291351921
80.18,-2.3367296136664133,-1.8976901703367302
80.19,-2.355096544980884,-1.7742215090670295
80.2,-2.372214043847754,-1.6478890094954342
80.21000000000001,-2.388054325170793,-1.518869999821732
80.22,-2.4025914438441887,-1.3873548090327241
80.23,-2.415801421351447,-1.2535460303250159
80.24,-2.427662364450689,-1.117657677244078
80.25,-2.438154574896329,-0.9799142378298917
80.26,-2.447260649207287,-0.8405496334836712
80.27,-2.4549655675660027,-0.6998060906330793
80.28,-2.461256771019949,-0.5579329345470174
80.29,-2.466124226256943,-0.4151853158085844
80.3,-2.4695604773361204,-0.27182288097119456
80.31,-2.471560683876367,-0.12810839977579336
80.32000000000001,-2.472122645331636,0.015693638022386186
80.33,-2.4712468111159187,0.1593184426961509
80.34,-2.468936276477713,0.3025023476717626
80.35000000000001,-2.4651967641624837,0.4449842219011877
80.36,-2.460036592039689,0.5865068578102062
80.37,-2.4534666270062795,0.7268183215284534
80.38,-2.44550022560912,0.8656732526877111
80.39,-2.436153161952525,1.0028341018451123
80.4,-2.425443543572218,1.1380722945311248
80.41,-2.413391716061903,1.271169312017395
80.42,-2.40002015733187,1.4019176801229603
80.43,-2.3853533624594436,1.53012185870288
80.44,-2.3694177201578124,1.6555990258634208
80.45,-2.3522413819421755,1.7781797523942298
80.46000000000001,-2.333854125109928,1.8977085633721325
80.47,-2.3142872106747325,2.014044385345805
80.48,-2.2935732374030118,2.1270608789294836
80.49,-2.271745993096143,2.2366466579930453
80.5,-2.2488403042431506,2.342705397913743
80.51,-2.224891885137868,2.4451558365330106
80.52,-2.1999371875124907,2.5439316725247534
80.53,-2.174013251687373,2.6389813668174633
80.54,-2.1471575601761415,2.730267853512852
80.55,-2.1194078946171158,2.817768167403409
80.56,-2.090802196828073,2.9014729957085947
80.57000000000001,-2.061378434702944,2.981386162025496
80.58,-2.031174473587563,3.057524050728771
80.59,-2.0002279536883685,3.129914980163067
80.60000000000001,-1.9685761739843017,3.1985985329572992
80.61,-1.9362559830292225,3.263624851664519
80.62,-1.9033036769510114,3.3250539077049894
80.63,-1.8697549048751227,3.382954751275927
80.64,-1.835644581925493,3.4374047495020577
80.65,-1.8010068098850818,3.488488819649681
80.66,-1.7658748055324995,3.5362986637263076
80.67,-1.7302808366105558,3.580932010250575
80.68,-1.694256165327488,3.622491868414957
80.69,-1.6578309992422564,3.661085799287801
80.7,-1.6210344493417317,3.6968252081215063
80.71000000000001,-1.5838944950798262,3.7298246612592543
80.72,-1.5464379561165464,3.760201230571491
80.73,-1.5086904704683963,3.78807386781211
80.74,-1.4706764787603044,3.813562810768594
80.75,-1.4324192142530245,3.8367890225947883
80.76,-1.3939406983084086,3.857873665262897
80.77,-1.3552617409477665,3.876937607655247
80.78,-1.3164019461553038,3.8941009684378916
80.79,-1.2773797215790088,3.909482693517992
80.8,-1.2382122922849441,3.9232001675851884
80.81,-1.1989157182273051,3.9353688589732867
80.82000000000001,-1.1595049151054784,3.9461019968514455
80.83,-1.1199936782902764,3.9555102795621755
80.84,-1.080394709514235,3.9637016127650146
80.85000000000001,-1.040719646034976,3.9707808759176
80.86,-1.0009790919958828,3.9768497155278095
80.87,-0.9611826517244197,3.9820063635392615
80.88,-0.9213389647250976,3.986345479165339
80.89,-0.8814557421411129,3.989958012461603
80.9,-0.8415398044758654,3.9929310879206086
80.91,-0.8015971203827007,3.9953479063843873
80.92,-0.7616328463481777,3.9972876635960626
80.93,-0.7216513671107795,3.998825483751082
80.94,-0.6816563366731561,4.000032366458498
80.95,-0.6416507197816096,4.000975145581814
80.96000000000001,-0.6016368337615199,4.001716458495492
80.97,-0.5616163906116997,4.00231472436591
80.98,-0.5215905392742016,4.0028241301429635
80.99,-0.4815599080088404,4.003294623029654
81.0,-0.44152464681360853,4.003771908280725
81.01,-0.40148446984322594,4.004297451267094
81.02,-0.3614386977882667,4.004908482829581
81.03,-0.32138630018663433,4.005638007032878
81.04,-0.2813259376476091,4.006514810518266
81.05,-0.24125600397626895,4.007563472741033
81.06,-0.20117466819278843,4.0088043764655685
81.07000000000001,-0.16107991644695757,4.01025371797763
81.08,-0.12096959383323581,4.011923516559189
81.09,-0.08084144611577379,4.01382162285656
81.10000000000001,-0.04069316137610461,4.015951725857263
81.11,-0.0005224115986285372,4.018313358275353
81.12,0.03967310578940247,4.020901900228927
81.13,0.07989562640595002,4.023708581177232
81.14,0.1201472774129471,4.0267204801685965
81.15,0.16043003600932193,4.029920524534262
81.16,0.2007456879036323,4.033287487247371
81.17,0.24109578575426932,4.03679598325103
81.18,0.28148160756865287,4.040416465144503
81.19,0.3219041150571594,4.044115218702448
81.2,0.36236391194270184,4.047854358788542
81.21000000000001,0.40286120223293026,4.0515918263119595
81.22,0.44339574846894103,4.055281386962766
81.23,0.48396682997218554,4.058872632550271
81.24,0.5245732011199464,4.062310985856385
81.25,0.5652130496893133,4.0655377100037615
81.26,0.6058839553200217,4.0684899234254015
81.27,0.6465828481578213,4.071100621607923
81.28,0.6873059677521802,4.073298706864024
81.29,0.7280488222951018,4.075009027469963
81.3,0.7688061483015795,4.076152427580082
81.31,0.8095718708467035,4.076645809401296
81.32000000000001,0.8503390644896054,4.076402209174739
81.33,0.8910999150301981,4.075330888567801
81.34,0.9318456822609613,4.073337443126038
81.35000000000001,0.9725666638927188,4.070323929468879
81.36,1.0132521608503389,4.066189012933849
81.37,1.0538904441513959,4.060828137378936
81.38,1.0944687235979176,4.054133718839526
81.39,1.1349731185281864,4.045995364702683
81.4,1.1753886308919714,4.036300120004988
81.41,1.2156991209282864,4.0249327423783265
81.42,1.255887285739538,4.011776007058412
81.43,1.2959346410694548,3.9967110432311843
81.44,1.3358215066041619,3.9796177028202933
81.45,1.3755269951258606,3.9603749626127014
81.46000000000001,1.415029005856416,3.9388613603772877
81.47,1.4543042223334064,3.9149554653519005
81.48,1.4933281151634539,3.888536383156719
81.49,1.5320749499965407,3.8594842948357364
81.5,1.5705178010601686,3.827681029334025
81.51,1.608628570583221,3.7930106682873026
81.52,1.6463780144259144,3.7553601815341255
81.53,1.6837357742139034,3.7146200912627276
81.54,1.720670416251169,3.6706851621779535
81.55,1.7571494774574625,3.6234551145239635
81.56,1.793139518541648,3.5728353562314683
81.57000000000001,1.8286061845820918,3.5187377298814986
81.58,1.863514273139278,3.4610812695994806
81.59,1.8978278099740813,3.3997929624232084
81.60000000000001,1.9315101323877422,3.334808508136671
81.61,1.9645239801368148,3.266073071040045
81.62,1.9968315938085432,3.1935420166466497
81.63,2.028394820469748,3.1171816258730236
81.64,2.059175226326004,3.0369697789314736
81.65,2.0891342160483775,2.952896600858547
81.66,2.1182331583431746,2.864965060430512
81.67,2.146433517256988,2.773191514140167
81.68,2.173696988625978,2.677606186949078
81.69,2.1999856409959695,2.578253581695166
81.7,2.2252620602598814,2.475192809335121
81.71000000000001,2.2494894971826715,2.3684978326397945
81.72,2.2726320169126772,2.2582576165413935
81.73,2.2946546495134994,2.144576179053864
81.74,2.3155235404937544,2.0275725375490965
81.75,2.3352061002644815,1.9073805461649098
81.76,2.3536711514170525,1.7841486212361697
81.77,2.370889072689205,1.6580393528643693
81.78,2.38683193847434,1.5292290020567756
81.79,2.40147365273034,1.397906884253881
81.8,2.4147900761594174,1.2642746415007329
81.81,2.4267591455603545,1.128545406978693
81.82000000000001,2.437360984298991,0.9909428670725502
81.83,2.4465780029018056,0.8517002275756662
81.84,2.4543949888505048,0.7110590920046413
81.85000000000001,2.460799184741899,0.5692682612767117
81.86,2.465780354076039,0.4265824651707663
81.87,2.469330834045314,0.2832610370213237
81.88,2.471445574816465,0.13956654396150336
81.89,2.472122164924544,-0.004236614283357615
81.9,2.4713608425307982,-0.14788362456067336
81.91,2.4691644924333307,-0.2911106836418974
81.92,2.4655386288579604,-0.43365641192042387
81.93,2.4604913641949224,-0.5752632437645571
81.94,2.4540333639826697,-0.7156787811944147
81.95,2.4461777885710343,-0.8546570981160851
81.96000000000001,2.4369402220203478,-0.9919599831020995
81.97,2.426338588908992,-1.1273581096373921
81.98,2.4143930598276,-1.2606321238338203
81.99,2.401125946432316,-1.3915736408304027
82.0,2.386561587010992,-1.51998614241479
82.01,2.37072622358402,-1.6456857697966067
82.02,2.3536478716150597,-1.7685020069068966
82.03,2.335356183445882,-1.8882782510616705
82.04,2.315882306593826,-2.0048722692838377
82.05,2.295258738060205,-2.118156540000434
82.06,2.273519175793817,-2.2280184811967723
82.07000000000001,2.2506983684362694,-2.3343605673942345
82.08,2.2268319644459327,-2.437100339005084
82.09,2.2019563616561677,-2.536170308690311
82.10000000000001,2.1761085582721265,-2.6315177702928922
82.11,2.14932600625031,-2.723104516730222
82.12,2.1216464679375218,-2.810906473900493
82.13,2.0931078767723,-2.8949132581864294
82.14,2.0637482027737932,-2.9751276655270313
82.15,2.0336053234617593,-3.051565100277726
82.16,2.0027169007682386,-3.1242529521977773
82.17,1.9711202644178036,-3.193229929899435
82.18,1.93885230217025,-3.2585453589761437
82.19,1.9059493572382809,-3.3202584528086083
82.2,1.8724471331140777,-3.3784375637399253
82.21000000000001,1.8383806059634822,-3.4331594219272032
82.22,1.8037839446755335,-3.4845083687301472
82.23,1.768690438588879,-3.5325755909999277
82.24,1.7331324328555349,-3.5774583620967904
82.25,1.6971412713469431,-3.619259294904282
82.26,1.6607472469574491,-3.658085611532695
82.27,1.6239795591162893,-3.6940484338246122
82.28,1.5868662782809568,-3.7272620982003066
82.29,1.549434317152283,-3.757843497818252
82.3,1.5117094083245919,-3.7859114544829455
82.31,1.4737160880626243,-3.8115861222143677
82.32000000000001,1.4354776858803047,-3.8349884239052736
82.33,1.3970163195845189,-3.8562395220376775
82.34,1.358352895439551,-3.8754603240109193
82.35000000000001,1.3195071131043004,-3.8927710222521883
82.36,1.2804974749945073,-3.9082906689371995
82.37,1.2413412997255564,-3.922136784843951
82.38,1.2020547392976282,-3.9344250015956073
82.39,1.1626527996936444,-3.94526873631856
82.4,1.1231493645712574,-3.9547788975470803
82.41,1.083557221742703,-3.9630636210449435
82.42,1.0438880921503584,-3.9702280340848586
82.43,1.0041526610610056,-3.9763740466262427
82.44,0.9643606112178335,-3.9816001677584554
82.45,0.9245206577058365,-3.98600134572765
82.46000000000001,0.8846405843032804,-3.9896688298384375
82.47,0.8447272811090678,-3.9926900525142335
82.48,0.8047867832529958,-3.995148529810141
82.49,0.7648243105128649,-3.9971237786972877
82.5,0.72484430767905,-3.998691249475614
82.51,0.6848504855233526,-3.9999222717212484
82.52,0.644845862244625,-4.000884012233009
82.53,0.6048328052786925,-4.001639443508624
82.54,0.5648130733744526,-4.0022473213534875
82.55,0.5247878588516228,-4.002762170301865
82.56,0.4847578299684153,-4.003234275611326
82.57000000000001,0.44472317333939626,-4.00370968067474
82.58,0.4046836363549205,-4.004230188779704
82.59,0.3646385695638022,-4.0048333682319734
82.60000000000001,0.324586968990281,-4.005552559946889
82.61,0.2845275183648644,-4.006416886700292
82.62,0.24445863125627515,-4.007451263317964
82.63,0.2043784930985051,-4.008676407169628
82.64,0.16428510311288255,-4.01010884842013
82.65,0.12417631613010248,-4.011760939576386
82.66,0.08404988432135484,-4.013640863954
82.67,0.043903498851022474,-4.015752642772269
82.68,0.0037348314659094565,-4.018096140670588
82.69,-0.036458423962389276,-4.020667069523251
82.7,-0.07667850992455555,-4.023456990513417
82.71000000000001,-0.11692756377265762,-4.026453314510736
82.72,-0.15720757621477027,-4.029639300880991
82.73,-0.19752034979027744,-4.0329940549403025
82.74,-0.23786745731357634,-4.036492524350981
82.75,-0.2782502002772971,-4.040105494841274
82.76,-0.3186695672104018,-4.043799585717005
82.77,-0.35912619199163714,-4.047537245719524
82.78,-0.39962031212479227,-4.051276749871425
82.79,-0.44015172698906563,-4.054972198039065
82.8,-0.48071975608557355,-4.058573516028875
82.81,-0.5213231973096432,-4.062026460122455
82.82000000000001,-0.5619602852880228,-4.06527262604324
82.83,-0.602628649830508,-4.068249463434474
82.84,-0.6433252745567122,-4.070890297013928
82.85000000000001,-0.6840464557707865,-4.073124355654288
82.86,-0.724787761669798,-4.074876810718749
82.87,-0.7655439919851615,-4.076068825057894
82.88,-0.806309138170956,-4.076617614145334
82.89,-0.8470763442680683,-4.076436520894395
82.9,-0.887837868588844,-4.075435105754957
82.91,-0.9285850463831675,-4.073519253736586
82.92,-0.9693082536635756,-4.070591300039601
82.93,-1.0099968723839596,-4.066550175997677
82.94,-1.0506392571835295,-4.061291577041819
82.95,-1.0912227039247964,-4.054708154383914
82.96000000000001,-1.131733420271208,-4.046689732086107
82.97,-1.1721564985665185,-4.037123551127648
82.98,-1.2124758912937608,-4.025894542001107
82.99,-1.2526743894065406,-4.012885627262598
83.0,-1.292733603839013,-3.9979780553234607
83.01,-1.33263395051301,-3.9810517666016203
83.02,-1.3723546391710453,-3.9619857929474485
83.03,-1.4118736663719589,-3.940658691019749
83.04,-1.45116781299144,-3.916949010011082
83.05,-1.49021264657218,-3.8907357938071256
83.06,-1.5289825288675822,-3.8618991173118116
83.07000000000001,-1.5674506289184162,-3.830320656278838
83.08,-1.605588941993159,-3.795884289561927
83.09,-1.6433683147096547,-3.7584767322327295
83.10000000000001,-1.6807584766378136,-3.717988197519396
83.11,-1.7177280786600428,-3.6743130849943846
83.12,-1.7542447383377013,-3.627350691891944
83.13,-1.7902750924978816,-3.577005943869927
83.14,-1.8257848572151,-3.523190140954317
83.15,-1.8607388953169683,-3.4658217138264322
83.16,-1.895101291491629,-3.4048269850415496
83.17,-1.9288354350177994,-3.3401409292141904
83.18,-1.961904110075913,-3.2717079256808117
83.19,-1.9942695935314159,-3.199482496667313
83.2,-2.025893760009259,-3.1234300235592505
83.21000000000001,-2.0567381940026004,-3.04352743350995
83.22,-2.0867643086794576,-2.9597638483388424
83.23,-2.115933470969377,-2.872141187482049
83.24,-2.1442071324290986,-2.780674716671597
83.25,-2.171546965302809,-2.6853935340497235
83.26,-2.1979150031100927,-2.586340985580139
83.27,-2.2232737850144115,-2.4835750019067397
83.28,-2.2475865031482276,-2.377168349237633
83.29,-2.2708171519991645,-2.2672087874016165
83.3,-2.2929306788962602,-2.153799128935497
83.31,-2.3138931345778744,-2.0370571939109903
83.32000000000001,-2.33367182277448,-1.9171156561929747
83.33,-2.3522354477017338,-1.7941217779269587
83.34,-2.3695542583330194,-1.6682370302694454
83.35000000000001,-2.385600188307123,-1.5396365996839936
83.36,-2.400346990326699,-1.4085087805084395
83.37,-2.4137703639172914,-1.2750542559325113
83.38,-2.425848075445349,-1.1394852709850818
83.39,-2.436560069336993,-1.0020247025898723
83.4,-2.4458885694971464,-0.8629050331796774
83.41,-2.4538181700005866,-0.7223672357337255
83.42,-2.4603359142118206,-0.5806595793925036
83.43,-2.4654313615884362,-0.43803636598212037
83.44,-2.469096641531463,-0.29475660882075927
83.45,-2.4713264937648516,-0.15108266606015852
83.46000000000001,-2.4721182948526663,-0.0072788415158067665
83.47,-2.4714720705951674,0.13639003355514087
83.48,-2.469390494181563,0.2796600239707966
83.49,-2.465878870115751,0.42226950559417753
83.5,-2.4609451040696793,0.5639605580443575
83.51,-2.454599658954864,0.7044803217815826
83.52,-2.4468554976340475,0.8435823067473138
83.53,-2.4377280128199175,0.9810276404811498
83.54,-2.4272349448244244,1.1165862445534203
83.55,-2.415396287928849,1.2500379292246493
83.56,-2.4022341862399315,1.3811733974476637
83.57000000000001,-2.3877728199798955,1.5097951506391034
83.58,-2.372038283227149,1.6357182900370937
83.59,-2.3550584541791535,1.7587712089025844
83.60000000000001,-2.336862859049097,1.8787961722850242
83.61,-2.317482530733453,1.995649782530898
83.62,-2.296949863398479,2.1092033301399007
83.63,-2.275298464130655,2.219343030943676
83.64,-2.2525630027796057,2.3259701518742695
83.65,-2.22877906109317,2.429001028784579
83.66,-2.2039829822039145,2.5283669808653473
83.67,-2.178211721475863,2.624014127160091
83.68,-2.1515026996607127,2.7159031115017847
83.69,-2.1238936592458275,2.80400874287748
83.7,-2.0954225248031633,2.8883195587671042
83.71000000000001,-2.0661272680704856,2.9688373194011244
83.72,-2.036045778415141,3.045576441142325
83.73,-2.005215739247639,3.11856337732565
83.74,-1.9736745108686278,3.1878359548951605
83.75,-1.9414590201497357,3.2534426750686434
83.76,-1.908605657367255,3.31544198604956
83.77,-1.8751501804287445,3.3739015355051056
83.78,-1.8411276266571528,3.428897410150998
83.79,-1.8065722322257245,3.4805133693412498
83.8,-1.7715173592703277,3.5288400790675682
83.81,-1.735995430644373,3.5739743522407736
83.82000000000001,-1.700037872225512,3.616018400567652
83.83,-1.66367506263302,3.655079102762208
83.84,-1.626936290170268,3.691267293250566
83.85000000000001,-1.5898497167680088,3.7246970749529615
83.86,-1.5524423486712091,3.7554851591624994
83.87,-1.5147400135847588,3.783750234995525
83.88,-1.4767673439712985,3.809612370368373
83.89,-1.4385477661773916,3.8331924459646016
83.9,-1.4001034950520066,3.854611623199241
83.91,-1.3614555337134067,3.873990846764627
83.92,-1.322623678116714,3.891450381957887
83.93,-1.283626526074249,3.9071093866438464
83.94,-1.244481490383837,3.9210855173993022
83.95,-1.205204815726263,3.933494569114739
83.96000000000001,-1.1658115990015423,3.944450147096645
83.97,-1.12631581278433,3.9540633705161885
83.98,-1.0867303315912187,3.962442605886366
83.99,-1.0470669606666028,3.9696932291177354
84.0,-1.007336467008864,3.975917414600298
84.01,-0.967548612374597,3.9812139496836236
84.02,-0.9277121880151916,3.985678072876447
84.03,-0.8878350509170679,3.9894013340583703
84.04,-0.847924161334024,3.992471474987461
84.05,-0.8079856214173187,3.99497232839623
84.06,-0.7680247147660995,3.9969837339924066
84.07000000000001,-0.7280459467374705,3.998581469718036
84.08,-0.6880530853717387,3.9998371966687363
84.09,-0.6480492028040958,4.000818416132692
84.10000000000001,-0.608036717049085,4.00158843727444
84.11,-0.5680174340586072,4.002206354060292
84.12,-0.5279925899678792,4.002727030098993
84.13,-0.4879628934566273,4.003201090151788
84.14,-0.4479285681648435,4.003674917149489
84.15,-0.40788939511363753,4.004190653639489
84.16,-0.3678447550920537,4.004786206672342
84.17,-0.32779367098019074,4.0054952552248615
84.18,-0.2877348499875565,4.006347259344265
84.19,-0.24766672579330543,4.007367470285359
84.2,-0.20758750058184933,4.008576940999883
84.21000000000001,-0.16749518697330776,4.009992536423718
84.22,-0.12738764985337495,4.011626943093662
84.23,-0.0872626481114345,4.0134886777109
84.24,-0.04711787629915695,4.015582094353079
84.25,-0.006951006224372907,4.017907390121308
84.26,0.03324027150326921,4.020460609092324
84.27,0.07345820595747357,4.023233644529919
84.28,0.1137049443938676,4.026214239393405
84.29,0.15398249074534168,4.029385985264774
84.3,0.19429266409916307,4.032728319900314
84.31,0.23463705714334795,4.036216523697016
84.32000000000001,0.27501699457310336,4.039821715449174
84.33,0.3154334914523314,4.043510847856283
84.34,0.35588721153022906,4.047246703329741
84.35000000000001,0.39637842551892627,4.050987890732796
84.36,0.43690696934488504,4.0546888437758035
84.37,0.4774722023944424,4.058299821876695
84.38,0.5180729657824189,4.061766914384661
84.39,0.5587075406821355,4.065032049152823
84.4,0.5993736067654752,4.068033006532733
84.41,0.6400682008127901,4.070703439949356
84.42,0.6807876755644624,4.072972904298888
84.43,0.7215276588987679,4.074766893492663
84.44,0.7622830134343157,4.076006888547268
84.45,0.8030477966697133,4.076610417692891
84.46000000000001,0.8438152217881735,4.076491130037287
84.47,0.884577619270459,4.0755588843802775
84.48,0.925326399475779,4.073719854821586
84.49,0.9660520163668908,4.0708766548413005
84.5,1.006743932572605,4.066928481555381
84.51,1.0473905859979984,4.061771281856205
84.52,1.0879793582097292,4.055297942138012
84.53,1.1284965448407587,4.047398503276898
84.54,1.168927328275267,4.037960402482268
84.55,1.209255752890404,4.026868743559049
84.56,1.249464703146448,4.014006597014954
84.57000000000001,1.289535884830703,3.999255331312413
84.58,1.3294498097726963,3.982494976398166
84.59,1.3691857843586666,3.9636046204429314
84.60000000000001,1.4087219021815554,3.94246284048727
84.61,1.4480350411684122,3.9189481674163713
84.62,1.487100865529883,3.892939585375046
84.63,1.5258938328759133,3.864317065384297
84.64,1.564387206837569,3.832962132532747
84.65,1.6025530755265682,3.7987584656908577
84.66,1.6403623761513861,3.761592528235125
84.67,1.677784926091271,3.7213542277760303
84.68,1.7147894607069067,3.6779376023611716
84.69,1.7513436781384941,3.6312415300785443
84.7,1.7874142913084776,3.5811704584203286
84.71000000000001,1.8229670873069008,3.5276351491917946
84.72,1.8579669942923136,3.4705534341713453
84.73,1.8923781559903279,3.409850976155556
84.74,1.9261640138154248,3.3454620294677135
84.75,1.959287396579682,3.277330193481113
84.76,1.991710617685047,3.205409152221267
84.77,2.023395579624107,3.1296633926768793
84.78,2.0543038855385842,3.0500688940809026
84.79,2.084396957505725,2.9666137801332737
84.8,2.1136361611412493,2.8792989259387487
84.81,2.1419829360244997,2.7881385113388393
84.82000000000001,2.1693989313680264,2.693160512337275
84.83,2.1958461462712453,2.5944071224635192
84.84,2.2212870738172965,2.4919350961965727
84.85000000000001,2.245684848195177,2.385816006987463
84.86,2.269003393957046,2.276136412976682
84.87,2.2912075764547106,2.16299792420283
84.88,2.3122633524411027,2.046517165938137
84.89,2.3321379197734737,1.9268256337592944
84.9,2.3507998651162887,1.8040694370587325
84.91,2.368219308514648,1.6784089289091144
84.92,2.384368043694471,1.550018221496174
84.93,2.3992196729445716,1.4190845877126304
84.94,2.4127497354487235,1.2858077509365002
84.95,2.4249358279633015,1.150399066476027
84.96000000000001,2.435757716778244,1.0130805996240881
84.97,2.4451974399557836,0.8740841066995277
84.98,2.4532393989122347,0.7336499268330042
84.99,2.4598704384924437,0.5920257935524764
85.0,2.4650799147832845,0.4494655764111269
85.01,2.468859750020666,0.3062279639528642
85.02,2.471204474062342,0.1625751002045142
85.03,2.472111252024757,0.01877118759956037
85.04,2.4715798978143333,-0.12491893024027215
85.05,2.4696128734199516,-0.2682311921240137
85.06,2.4662152739718533,-0.41090373546751957
85.07000000000001,2.4613947987106015,-0.5526782912968611
85.08,2.455161708145916,-0.6933015446761587
85.09,2.447528767817078,-0.8325264476895265
85.10000000000001,2.4385111791921257,-0.9701134728329628
85.11,2.428126498360419,-1.1058317955755295
85.12,2.416394543280615,-1.2394603959099766
85.13,2.4033372904422197,-1.3707890699079144
85.14,2.388978761882457,-1.4996193435981338
85.15,2.3733449035702567,-1.625765282871412
85.16,2.3564634562250286,-1.749054194552902
85.17,2.338363819679199,-1.8693272152456302
85.18,2.3190769119201162,-1.9864397860079297
85.19,2.2986350239590405,-2.1002620123573412
85.2,2.2770716716729695,-2.2106789104690447
85.21000000000001,2.2544214457496596,-2.317590541736062
85.22,2.230719860838248,-2.420912039062033
85.23,2.2060032049684186,-2.5205735293491665
85.24,2.1803083902512648,-2.616519957611216
85.25,2.1536728058161945,-2.708710818974781
85.26,2.1261341738717694,-2.797119805525916
85.27,2.0977304097056764,-2.8817343755104776
85.28,2.0684994863615596,-2.9625552528063137
85.29,2.0384793046495497,-3.0395958648567922
85.3,2.0077075690644235,-3.112881727394109
85.31,1.9762216701016675,-3.182449784295471
85.32000000000001,1.944058573378514,-3.2483477108153873
85.33,1.9112547158853597,-3.3106331882342026
85.34,1.8778459096138298,-3.369373157668805
85.35000000000001,1.8438672527319833,-3.4246430604189713
85.36,1.8093530484054503,-3.4765260717850968
85.37,1.7743367312962812,-3.5251123348030706
85.38,1.7388508017093889,-3.5704981998124126
85.39,1.7029267673000332,-3.6127854752165356
85.4,1.6665950922050583,-3.6520806942203783
85.41,1.6298851534156256,-3.6884944017509813
85.42,1.5928252041700386,-3.7221404651901677
85.43,1.5554423441118221,-3.7531354119834583
85.44,1.5177624959303693,-3.781597796642776
85.45,1.4798103881789666,-3.807647599138253
85.46000000000001,1.4416095439476042,-3.831405656181285
85.47,1.4031822750553409,-3.8529931264406265
85.48,1.3645496814187916,-3.8725309903084706
85.49,1.3257316552491714,-3.890139584445871
85.5,1.2867468897298742,-3.9059381709875254
85.51,1.247612891829421,-3.9200445409750393
85.52,1.2083459989103735,-3.9325746513149022
85.53,1.1689613988031229,-3.9436422943216023
85.54,1.1294731530239415,-3.9533587987061214
85.55,1.0898942228290005,-3.9618327607037687
85.56,1.0502364978098662,-3.9691698039008823
85.57000000000001,1.010510826750983,-3.9754723662151035
85.58,0.9707270504855642,-3.980839512406367
85.59,0.9308940365028557,-3.9853667704430484
85.60000000000001,0.8910197150767033,-3.989145990017379
85.61,0.8511111167025083,-3.9922652214939403
85.62,0.8111744106468246,-3.994808613582411
85.63,0.77121494443086,-3.996856328048535
85.64,0.7312372840858539,-3.9984844698134117
85.65,0.6912452550345918,-3.9997650308387027
85.66,0.6512419834690798,-4.0007658462523885
85.67,0.6112299381095441,-4.0015505612346365
85.68,0.5712109722443871,-4.002178607254669
85.69,0.5311863659644507,-4.002705186325934
85.7,0.49115686851786844,-4.003181262027195
85.71000000000001,0.4511227407239068,-4.003653556120348
85.72,0.4110837973954615,-4.004164549681052
85.73,0.37103944973028574,-4.004752487744827
85.74,0.3309887476405649,-4.005451386558558
85.75,0.29093042199911456,-4.0062910426149525
85.76,0.2508629267882659,-4.007297042734952
85.77,0.21078448114441553,-4.008490774550278
85.78,0.1706931112972603,-4.009889436824923
85.79,0.13058669240791707,-4.011506049140443
85.8,0.09046299031445146,-4.013349460555374
85.81,0.05031970319680958,-4.015424356933961
85.82000000000001,0.010154503175772238,-4.017731266723746
85.83,-0.030034922137665336,-4.020266565045634
85.84,-0.07025082812514043,-4.023022476043799
85.85000000000001,-0.1104953716585413,-4.025987073526562
85.86,-0.15077056959567164,-4.029144280013179
85.87,-0.1910782572588049,-4.032473864385615
85.88,-0.23142004688338397,-4.03595143842885
85.89,-0.27179728602738185,-4.039548452628344
85.9,-0.3122110159359508,-4.043232191678909
85.91,-0.35266192986096,-4.04696577024559
85.92,-0.3931503313408626,-4.0507081296040655
85.93,-0.4336760924530413,-4.054414035875622
85.94,-0.474238612058375,-4.058034080659637
85.95,-0.5148367740662341,-4.0615146849545525
85.96000000000001,-0.555468905757466,-4.064798107346146
85.97,-0.5961327362131569,-4.067822457529082
85.98,-0.6368253549080476,-4.070521716313618
85.99,-0.6775431705394291,-4.072825763353281
86.0,-0.7182818701751131,-4.0746604139104585
86.01,-0.7590363788176383,-4.075947466054101
86.02,-0.7998008194961951,-4.076604759756064
86.03,-0.8405684740127595,-4.07654624941857
86.04,-0.8813317444845664,-4.075682091423474
86.05,-0.9220821158412289,-4.073918748342731
86.06,-0.962810119451421,-4.071159111486955
86.07000000000001,-1.003505298070968,-4.0673026434932
86.08,-1.0441561723212849,-4.062245542661994
86.09,-1.0847502089242078,-4.05588093074506
86.10000000000001,-1.1252737909361863,-4.048099065856544
86.11,-1.165712190241339,-4.038787582129819
86.12,-1.2060495425787827,-4.027831757666312
86.13,-1.2462688253946652,-4.015114812220092
86.14,-1.2863518388231847,-4.00051823592974
86.15,-1.3262791901132602,-3.9839221502449877
86.16,-1.3660302818280845,-3.9652057019978106
86.17,-1.4055833041532164,-3.9442474913342846
86.18,-1.4449152316547702,-3.920926033953087
86.19,-1.4840018248322782,-3.895120257788131
86.2,-1.5228176368105328,-3.8667100339259846
86.21000000000001,-1.5613360255107978,-3.83557674116362
86.22,-1.5995291716338051,-3.8016038631896087
86.23,-1.6373681027745899,-3.7646776169138576
86.24,-1.6748227239720823,-3.7246876099800224
86.25,-1.7118618549741902,-3.6815275249745385
86.26,-1.748453274471573,-3.6350958273014506
86.27,-1.7845637715202194,-3.5852964931287916
86.28,-1.820159204334149,-3.532039753237126
86.29,-1.855204566584962,-3.4752428480221558
86.3,-1.889664061294592,-3.414830788330236
86.31,-1.9235011823515666,-3.3507371162485575
86.32000000000001,-1.9566788036195633,-3.282904659441812
86.33,-1.9891592755404028,-3.2112862721363955
86.34,-2.020904529062291,-3.135845555414228
86.35000000000001,-2.0518761866486876,-3.0565575491040056
86.36,-2.0820356800443713,-2.9734093872612197
86.37,-2.111344374393912,-2.8864009090223774
86.38,-2.139763698224819,-2.7955452165157286
86.39,-2.1672552787242267,-2.7008691715217283
86.4,-2.1937810816552537,-2.6024138227113167
86.41,-2.2193035551784535,-2.5002347555570097
86.42,-2.2437857767663942,-2.3944023574167987
86.43,-2.2671916023267897,-2.2850019908373898
86.44,-2.2894858165831424,-2.17213406881207
86.45,-2.310634283703031,-2.055914026556993
86.46000000000001,-2.330604097114282,-1.9364721853321507
86.47,-2.349363727409674,-1.8139535049205764
86.48,-2.366883167212694,-1.6885172225787088
86.49,-2.3831340718612486,-1.5603363775663632
86.5,-2.3980898947640217,-1.4295972217371706
86.51,-2.4117260162959924,-1.2964985180976263
86.52,-2.424019865125974,-1.1612507307005062
86.53,-2.4349510309100024,-1.0240751106999455
86.54,-2.444501367339973,-0.8852026848331951
86.55,-2.4526550846066666,-0.7448731539796112
86.56,-2.4593988304195653,-0.6033337107525736
86.57000000000001,-2.464721758821718,-0.4608377862774304
86.58,-2.4686155861451136,-0.31764373737257323
86.59,-2.471074633569169,-0.17401348625810573
86.60000000000001,-2.4720958558702755,-0.03021112564715331
86.61,-2.471678856082112,0.11349849738774406
86.62,-2.469825885922521,0.2568512050487022
86.63,-2.466541831981138,0.39958490610350794
86.64,-2.461834187800451,0.5414409930866975
86.65,-2.455713012119404,0.6821657059739464
86.66,-2.4481908736809714,0.8215114494095965
86.67,-2.439282783131212,0.9592380512784683
86.68,-2.4290061126554017,1.0951139513032113
86.69,-2.417380504105147,1.2289173093975696
86.7,-2.40442776646745,1.3604370246911555
86.71000000000001,-2.3901717636113236,1.4894736574371867
86.72,-2.3746382933187062,1.6158402473939673
86.73,-2.3578549586634443,1.7393630237055087
86.74,-2.339851032844596,1.8598820027681977
86.75,-2.32065731860808,1.97725147203099
86.76,-2.3003060034039757,2.091340359109624
86.77,-2.2788305114258876,2.20203248697605
86.78,-2.256265353664455,2.3092267172902945
86.79,-2.232645977080082,2.4128369851538043
86.8,-2.208008613961379,2.5127922296645147
86.81,-2.1823901324867916,2.6090362256314763
86.82000000000001,-2.1558278894487497,2.7015273226512004
86.83,-2.128359586033768,2.790238098452861
86.84,-2.1000231274796928,2.875154933982256
86.85000000000001,-2.070856487354123,2.956277518115316
86.86,-2.040897577117386,3.0336182901741275
86.87,-2.01018412155064,3.1072018285676832
86.88,-1.9787535405460324,3.1770641939037327
86.89,-1.9466428376725655,3.2432522348269828
86.9,-1.9138884958494928,3.3058228646435452
86.91,-1.8805263803796948,3.364842316504114
86.92,-1.8465916495194108,3.4203853845516305
86.93,-1.8121186726886622,3.4725346580061687
86.94,-1.7771409563592875,3.5213797546734646
86.95,-1.741691077595193,3.5670165598365857
86.96000000000001,-1.705800625162556,3.6095464759347147
86.97,-1.6695001480764988,3.649075687860324
86.98,-1.6328191114053494,3.6857144481264656
86.99,-1.5957858591139695,3.719576385578882
87.0,-1.5584275836937715,3.7507778407614536
87.01,-1.5207703022987402,3.7794372304952004
87.02,-1.4828388390838674,3.805674443706683
87.03,-1.4446568134246065,3.8296102700460177
87.04,-1.4062466336829471,3.8513658623716354
87.05,-1.367629496177174,3.8710622337511555
87.06,-1.3288253890079242,3.8888197892371585
87.07000000000001,-1.289853100392431,3.904757892324225
87.08,-1.2507302311614397,3.9189944656796656
87.09,-1.2114732110788375,3.9316456254644816
87.10000000000001,-1.17209731865215,3.94282534832238
87.11,-1.1326167041123898,3.952645169911709
87.12,-1.0930444152539156,3.9612139136862856
87.13,-1.053392425838664,3.9686374484941753
87.14,-1.0136716662840322,3.9750184734564167
87.15,-0.9738920563695357,3.9804563285080343
87.16,-0.9340625397138715,3.9850468289290792
87.17,-0.8941911197909541,3.988882122161444
87.18,-0.8542848972706426,3.992050565195371
87.19,-0.8143501084870467,3.994636620815623
87.2,-0.77439216485433,3.9967207710189374
87.21000000000001,-0.7344156930666679,3.9983794459495234
87.22,-0.6944245759353397,3.999684966746035
87.23,-0.6544219937317473,4.000705500749778
87.24,-0.6144104659203441,4.001505027588287
87.25,-0.5743918931799815,4.00214331471927
87.26,-0.5343675996259587,4.0026759010959765
87.27,-0.494338375158062,4.003154087695068
87.28,-0.45430451787205733,4.003624933731131
87.29,-0.4142658764834394,4.004131257467023
87.3,-0.3742218927227169,4.004711640615811
87.31,-0.3341716436711232,4.005400435417268
87.32000000000001,-0.29411388401437155,4.006227773559497
87.33,-0.25404708819993327,4.007219576203744
87.34,-0.2139694924902967,4.00839756445766
87.35000000000001,-0.17387913691078008,4.009779269728942
87.36,-0.13377390709571788,4.011378043477412
87.37,-0.09365157604123187,4.013203065969053
87.38,-0.05350984577633681,4.015259353720486
87.39,-0.013346388966822135,4.017547765406738
87.4,0.026841109531797965,4.020065006089244
87.41,0.06705491115496276,4.022803629704794
87.42,0.10729718212589386,4.025752039839906
87.43,0.1475699519517609,4.028894488898903
87.44,0.1878750719038719,4.032211075858041
87.45,0.2282141734689217,4.035677742882555
87.46000000000001,0.268588626761523,4.039266271168431
87.47,0.3089994988922903,4.042944276456347
87.48,0.3494475122906499,4.0466752047515
87.49,0.38993300298732025,4.0504183288699105
87.5,0.4304558788680481,4.054128746519289
87.51,0.471015577917706,4.057757380710407
87.52,0.5116110264822562,4.06125098338298
87.53,0.5522405975853656,4.064552143217906
87.54,0.5929020693466143,4.067599298694964
87.55,0.6335925835592648,4.070326757541089
87.56,0.674308604497436,4.0726647237984706
87.57000000000001,0.7150458780352342,4.074539333823105
87.58,0.7557993911738982,4.075872702602037
87.59,0.7965633320872749,4.076582981850289
87.60000000000001,0.8373310508109039,4.076584431414986
87.61,0.8780950207155747,4.0757875055730715
87.62,0.9188468009223653,4.074098955858541
87.63,0.9595769998327454,4.071421952093552
87.64,1.0002752399642363,4.067656223323161
87.65,1.0409301242992086,4.06269822036364
87.66,1.0815292043715092,4.056441301667159
87.67,1.122058950332552,4.048775944178752
87.68,1.1625047232550845,4.03958998081251
87.69,1.2028507499488024,4.028768866100431
87.7,1.2430801005770933,4.016195971466883
87.71000000000001,1.28317466937814,4.001752911451809
87.72,1.3231151588061294,3.985319902044423
87.73,1.3628810674190286,3.96677615209406
87.74,1.4024506818480107,3.9460002885343535
87.75,1.4418010731897157,3.922870815889485
87.76,1.4809080981658005,3.897266610225875
87.77,1.5197464053942333,3.8690674473689146
87.78,1.558289447113179,3.8381545648222404
87.79,1.5965094966906783,3.8044112564075356
87.8,1.6343776722413297,3.76772349818756
87.81,1.6718639666544297,3.7279806037466496
87.82000000000001,1.7089372843162627,3.685075906384886
87.83,1.7455654847821274,3.6389074652391287
87.84,1.7817154336210455,3.5893787917819204
87.85000000000001,1.817353060617766,3.5363995925747775
87.86,1.852443425472541,3.4798865235736187
87.87,1.8869507910892385,3.4197639507102338
87.88,1.9208387044867459,3.355964710914921
87.89,1.954070085307537,3.2884308672128997
87.9,1.986607321831004,3.217114451032787
87.91,2.018412374328193,3.1419781844218515
87.92,2.049446885519441,3.062996174482888
87.93,2.0796722978178503,2.9801545720444316
87.94,2.1090499769603297,2.893452186362463
87.95,2.1375413415451,2.8029010475400624
87.96000000000001,2.165107997911131,2.7085269083529395
87.97,2.1917118797121584,2.610369677293468
87.98,2.2173153914570003,2.5084837749020266
87.99,2.2418815552101994,2.4029384058483303
88.0,2.2653741595739674,2.2938177397606654
88.01,2.287757910005413,2.1812209944784624
88.02,2.3089985794635366,2.065262416221214
88.03,2.3290631583298373,1.9460711521188823
88.04,2.3479200025059144,1.823791011626718
88.05,2.365538978562372,1.69858011453846
88.06,2.381891604796684,1.5706104246004158
88.07000000000001,2.39695118705438,1.440067169096021
88.08,2.410692948178604,1.3071481461942611
88.09,2.4230941499782657,1.1720629233115
88.10000000000001,2.4341342066448344,1.0350319311984881
88.11,2.443794788602235,0.8962854599049702
88.12,2.4520599158429337,0.7560625641650366
88.13,2.458916039885536,0.6146098870589048
88.14,2.464352113584112,0.4721804120137415
88.15,2.468359648125811,0.32903215428161703
88.16,2.4709327566697445,0.18542680395326816
88.17,2.4720681842048764,0.041628333311611254
88.18,2.4717653233359766,-0.10209841811781148
88.19,2.4700262158425206,-0.24548916711361157
88.2,2.4668555399937047,-0.38828160506058956
88.21000000000001,2.4622605837413087,-0.5302167972445775
88.22,2.4562512040488134,-0.6710405496710201
88.23,2.4488397727478888,-0.810504730438784
88.24,2.440041109440038,-0.9483685333970765
88.25,2.429872402079947,-1.0843996726899459
88.26,2.4183531159862386,-1.21837549783014
88.27,2.4055048921233437,-1.3500840201194115
88.28,2.39135143558385,-1.4793248425204208
88.29,2.3759183952729357,-1.6059099864591098
88.3,2.3592332358546684,-1.7296646104676827
88.31,2.341325103063582,-1.8504276170387528
88.32000000000001,2.3222246835138933,-1.968052145522841
88.33,2.3019640601531255,-2.082405950337562
88.34,2.2805765645071423,-2.1933716651425397
88.35000000000001,2.2580966268502745,-2.3008469549468016
88.36,2.234559625408206,-2.4047445593353496
88.37,2.2100017356635675,-2.504992231112116
88.38,2.1844597807859634,-2.601532575644305
88.39,2.1579710841506814,-2.6943227970483
88.4,2.1305733248449976,-2.7833343580735184
88.41,2.102304396989211,-2.8685525611146474
88.42,2.0732022736227047,-2.9499760582147965
88.43,2.0433048758249153,-3.0276162982150994
88.44,2.012649947658403,-3.1014969193658235
88.45,1.9812749374375989,-3.1716530957478293
88.46000000000001,1.9492168857434464,-3.238130845770827
88.47,1.9165123205221823,-3.3009863108273905
88.48,1.8831971595268986,-3.3602850119011145
88.49,1.8493066202841602,-3.416101091566385
88.5,1.814875137695571,-3.4685165483890095
88.51,1.7799362893163801,-3.5176204702544007
88.52,1.7445227282904832,-3.5635082726258336
88.53,1.7086661238638634,-3.606280947181651
88.54,1.6723971093468502,-3.646044325708537
88.55,1.6357452373496928,-3.6829083635486155
88.56,1.598738942075878,-3.7169864463206124
88.57000000000001,1.5614055084232805,-3.7483947230679653
88.58,1.5237710476145185,-3.7772514684368357
88.59,1.4858604790545438,-3.803676475960502
88.60000000000001,1.4476975180953084,-3.8277904840285446
88.61,1.4093046693739728,-3.8497146356534584
88.62,1.370703225382239,-3.8695699727166817
88.63,1.331913269919639,-3.887476964982441
88.64,1.2929536860825903,-3.903555073812349
88.65,1.253842168443392,-3.9179223501967018
88.66,1.2145952390786563,-3.9306950664395366
88.67,1.1752282671146015,-3.9419873805928973
88.68,1.1357554914667984,-3.9519110325300146
88.69,1.0961900464640013,-3.960575070375567
88.7,1.0565439900592872,-3.9680856058718494
88.71000000000001,1.0168283343465643,-3.974545597150283
88.72,0.9770530781162815,-3.9800546572959945
88.73,0.9372272412006444,-3.9847088870366765
88.74,0.8973589003755479,-3.9886007298532378
88.75,0.8574552266035795,-3.991818847796421
88.76,0.8175225234196194,-3.994448016298273
88.77,0.777566266277614,-3.996569036287844
88.78,0.7375911426938626,-3.9982586619546425
88.79,0.6976010930385212,-3.9995895425491925
88.8,0.6575993518428788,-4.000630176665659
88.81,0.617588489505208,-4.001444877515316
88.82000000000001,0.5775704542925724,-4.002093747770015
88.83,0.5375466145498077,-4.002632662630514
88.84,0.4975178010399621,-4.0031132598542705
88.85000000000001,0.4574843493527223,-4.003582935560146
88.86,0.4174461423287592,-4.004084844712425
88.87,0.3774026524584738,-4.00465790527296
88.88,0.33735298422330007,-4.005336805097505
88.89,0.2972959163565238,-4.006152010739829
88.9,0.2572299440085035,-4.007129777414735
88.91,0.21715332080822908,-4.008292159458335
88.92,0.1770641008193368,-4.009657020710661
88.93,0.13696018039401586,-4.011238044331833
88.94,0.09683933993270014,-4.013044741648561
88.95,0.05669928556104464,-4.015082459712717
88.96000000000001,0.016537690738445795,-4.017352387338157
88.97,-0.0236477621857185,-4.01985155946605
88.98,-0.06385934045087521,-4.022572859792803
88.99,-0.10409921938157456,-4.025505021678374
89.0,-0.14436944088444267,-4.028632627436601
89.01,-0.1846718719303066,-4.031936106193228
89.02,-0.22500816300830725,-4.035391730581706
89.03,-0.26537970654194076,-4.03897161263185
89.04,-0.3057875952609443,-4.0426436992919585
89.05,-0.34623258052777994,-4.046371768111209
89.06,-0.38671503062316853,-4.050115423696021
89.07000000000001,-0.4272348890017004,-4.053830095641476
89.08,-0.4677916325359981,-4.057467038726758
89.09,-0.5083842297762357,-4.060973336251608
89.10000000000001,-0.5490110992610303,-4.064291907478679
89.11,-0.5896700679258092,-4.067361520233978
89.12,-0.6303583296657099,-4.070116809803742
89.13,-0.6710724041218842,-4.0724883053503875
89.14,-0.7118080957727178,-4.074402465151797
89.15,-0.7525604534249202,-4.075781722046192
89.16,-0.7933237302136416,-4.076544540537973
89.17,-0.8340913442356795,-4.076605487087036
89.18,-0.8748558399553823,-4.07587531516356
89.19,-0.9156088505389508,-4.074261066700626
89.2,-0.9563410612893948,-4.071666191616439
89.21000000000001,-0.9970421743712795,-4.06799068710436
89.22,-1.037700875031482,-4.063131258400516
89.23,-1.0783047995392898,-4.056981502732997
89.24,-1.1188405050861419,-4.049432118131463
89.25,-1.1592934419019192,-4.040371138728858
89.26,-1.1996479278607193,-4.0296841981154286
89.27,-1.239887125864228,-4.017254822207025
89.28,-1.2799930243048598,-4.002964752962249
89.29,-1.3199464209234728,-3.9866943041242178
89.3,-1.359726910387344,-3.9683227499703575
89.31,-1.39931287592288,-3.9477287478260794
89.32000000000001,-1.4386814853438654,-3.92479079483367
89.33,-1.4778086918195532,-3.8993877191654587
89.34,-1.5166692397271746,-3.8713992055295763
89.35000000000001,-1.5552366759301446,-3.8407063544375672
89.36,-1.5934833668159258,-3.8071922742865203
89.37,-1.631380521415875,-3.770742704855862
89.38,-1.6688982209130432,-3.731246670333031
89.39,-1.7060054548225356,-3.6885971594663975
89.4,-1.742670164102371,-3.6426918299025894
89.41,-1.7788592914205874,-3.593433733204487
89.42,-1.8145388387664607,-3.5407320564723594
89.43,-1.8496739325500344,-3.484502875911884
89.44,-1.8842288962846983,-3.4246699171181834
89.45,-1.918167330892398,-3.361165316284662
89.46000000000001,-1.9514522026103915,-3.2939303760103913
89.47,-1.984045938412606,-3.222916308881981
89.48,-2.015910528788031,-3.148084961557817
89.49,-2.047007637643762,-3.069409511697118
89.5,-2.0772987190219734,-2.9868751297665863
89.51,-2.1067451402390938,-2.9004795975362736
89.52,-2.1353083109726985,-2.8102338749560647
89.53,-2.1629498177382147,-2.7161626070962797
89.54,-2.1896315631146237,-2.618304562950458
89.55,-2.2153159089972236,-2.5167129981438654
89.56,-2.239965823077501,-2.411455933974012
89.57000000000001,-2.2635450276767037,-2.3026163457334095
89.58,-2.2860181499921692,-2.1902922539310126
89.59,-2.307350872755324,-2.0745967128354015
89.60000000000001,-2.3275100842488774,-1.9556576917044577
89.61,-2.3464640265894134,-1.8336178451344902
89.62,-2.3641824411515673,-1.7086341701443186
89.63,-2.3806367099922996,-1.5808775488912528
89.64,-2.395799992129392,-1.4505321772775108
89.65,-2.40964735353785,-1.3177948811257387
89.66,-2.4221558897519073,-1.1828743230568135
89.67,-2.4333048399989865,-1.045990104665843
89.68,-2.4430756918452246,-0.9073717700356525
89.69,-2.4514522753996997,-0.7672577180227736
89.7,-2.45842084620568,-0.6258940320707148
89.71000000000001,-2.463970156041114,-0.4835332375215696
89.72,-2.4680915109561115,-0.3404329974838426
89.73,-2.470778815990791,-0.19685475924804266
89.74,-2.4720286061410723,-0.05306236400146774
89.75,-2.4718400632708204,0.09067936683738675
89.76,-2.470215018804325,0.23410605497908427
89.77,-2.467157942171239,0.37695518447925147
89.78,-2.4626759151147395,0.5189675030337957
89.79,-2.4567785921105627,0.6598883918533514
89.8,-2.4494781472776723,0.7994691911014061
89.81,-2.4407892082885345,0.9374684685618982
89.82000000000001,-2.430728777906434,1.0736532200649898
89.83,-2.419316143887235,1.2077999912250321
89.84,-2.4065727780819337,1.3396959112099687
89.85000000000001,-2.3925222256630354,1.4691396305414668
89.86,-2.3771899854711043,1.5959421562929974
89.87,-2.3606033825371755,1.7199275794807996
89.88,-2.3427914338814886,1.8409336909017742
89.89,-2.32378470871914,1.9588124831348879
89.9,-2.3036151842187906,2.073430537861756
89.91,-2.282316097961905,2.184669299052641
89.92,-2.259921798237738,2.29242523388337
89.93,-2.236467593284238,2.3966098844766432
89.94,-2.211989600548206,2.4971498146809186
89.95,-2.18652459699062,2.593986457098043
89.96000000000001,-2.160109871406245,2.68707586643677
89.97,-2.132783079661885,2.776388385996704
89.98,-2.1045821036863113,2.86190823467263
89.99,-2.0755449149684324,2.943633022312466
90.0,-2.045709443240062,3.021573201565982
90.01,-2.015113450937113,3.0957514645313116
90.02,-1.983794413949436,3.1662020925497147
90.03,-1.9517894090861185,3.232970267425547
90.04,-1.919135008600925,3.2961113521687935
90.05,-1.8858671820427426,3.355690149083917
90.06,-1.8520212056192464,3.4117801426737775
90.07000000000001,-1.817631579189267,3.464462734404023
90.08,-1.782731950931166,3.5138264758946565
90.09,-1.747355049671374,3.5599663065841827
90.10000000000001,-1.7115326247994824,3.602982801359999
90.11,-1.675295393644174,3.642981433077999
90.12,-1.6386729961379225,3.6800718543152438
90.13,-1.6016939565578692,3.7143672021215717
90.14,-1.564385652095491,3.7459834289675844
90.15,-1.5267742879785173,3.775038662534898
90.16,-1.488884878844793,3.801652596466012
90.17,-1.4507412360491971,3.825945913690682
90.18,-1.4123659605709795,3.848039743477212
90.19,-1.373780441179653,3.8680551529235636
90.2,-1.3350048575125082,3.886112673206615
90.21000000000001,-1.2960581877155206,3.9023318605493618
90.22,-1.256958220301521,3.916830891545823
90.23,-1.2177215698846042,3.9297261922015374
90.24,-1.1783636964574904,3.9411320998029717
90.25,-1.1388989278885449,3.9511605565206613
90.26,-1.099340485327077,3.959920833476698
90.27,-1.0597005112190108,3.9675192838653524
90.28,-1.0199900996497697,3.974059123603947
90.29,-0.9802193287469316,3.97964023790726
90.3,-0.9403972948916246,3.9843590121203114
90.31,-0.9005321485045256,3.9883081851089677
90.32000000000001,-0.8606311311894453,3.9915767234929183
90.33,-0.8207006140346672,3.994249715008943
90.34,-0.7807461368892664,3.9964082793117077
90.35000000000001,-0.740772448448433,3.998129494552456
90.36,-0.7007835469982173,3.9994863381209207
90.37,-0.6607827216860146,4.0005476399907085
90.38,-0.6207725941984031,4.001378047171585
90.39,-0.5807551607425828,4.002037997842032
90.4,-0.5407318342415625,4.002583703810756
90.41,-0.5007034866663677,4.003067140035298
90.42,-0.4606704914408564,4.003536040008508
90.43,-0.42063276586619747,4.004033895908488
90.44,-0.38058981352268667,4.0045999624939
90.45,-0.3405407666163195,4.005269263813762
90.46000000000001,-0.3004844282464115,4.006072601888339
90.47,-0.2604193145785528,4.007036566605325
90.48,-0.22034369691430497,4.0081835461627415
90.49,-0.18025564365529792,4.0095317374767445
90.5,-0.1401530621647701,4.011095156058739
90.51,-0.10003374053412316,4.012883644951804
90.52,-0.059895389265734025,4.014902882401401
90.53,-0.019735682886095132,4.017154388019864
90.54,0.020447698494663255,4.01963552728824
90.55,0.060657027659669675,4.022339514322898
90.56,0.10089448878112123,4.025255412918041
90.57000000000001,0.1411621359180305,4.028368135959072
90.58,0.18146185150030267,4.0316584433857665
90.59,0.22179530478574583,4.035102938968626
90.60000000000001,0.26216391027967517,4.038674066246677
90.61,0.3025687861106794,4.042340104060489
90.62,0.343010712360885,4.046065162200347
90.63,0.3834900893546863,4.049809177776304
90.64,0.42400689591641105,4.053527913004244
90.65,0.4645606476147712,4.057172955189888
90.66,0.5051503550202089,4.060691719780726
90.67,0.5457744820103858,4.064027457443774
90.68,0.5864309041690844,4.06711926621441
90.69,0.6271168673346741,4.069902109847831
90.7,0.6678289463660411,4.07230684358913
90.71000000000001,0.7085630042064567,4.074260248659871
90.72,0.7493141513392384,4.0756850768373365
90.73,0.7900767057432033,4.076500106576228
90.74,0.830844153470763,4.076620212190194
90.75,0.8716091099870072,4.075956447670763
90.76,0.9123632824241782,4.074416146772398
90.77,0.9530974329224551,4.0719030410327255
90.78,0.9938013432448326,4.068317397424566
90.79,1.0344637808709463,4.063556177349185
90.8,1.0750724667918163,4.057513218675915
90.81,1.1156140452444647,4.050079442509732
90.82000000000001,1.156074055642011,4.041143086323086
90.83,1.1964369069709264,4.030589965018813
90.84,1.2366858549423874,4.018303761394964
90.85000000000001,1.2768029821988258,4.004166347357374
90.86,1.3167691818895346,3.9880581370695647
90.87,1.356564144940217,3.9698584730400275
90.88,1.3961663513503353,3.9494460459221354
90.89,1.4355530658586597,3.926699348540503
90.9,1.4747003383211454,3.9014971643583194
90.91,1.5135830091458262,3.873719090262529
90.92,1.552174720126396,3.8432460931677093
90.93,1.5904479310091804,3.80996109952585
90.94,1.628373942116913,3.7737496163795017
90.95,1.6659229233367705,3.7345003821123783
90.96000000000001,1.7030639497591606,3.6921060445378973
90.97,1.7397650442275283,3.6464638634267437
90.98,1.7759932270276955,3.597476434015015
90.99,1.8117145729078288,3.545052427461442
91.0,1.8468942755769244,3.489107343643546
91.01,1.8814967197806995,3.429564271107301
91.02,1.9154855609990702,3.366354648422988
91.03,1.9488238127491593,3.2994190206624583
91.04,1.9814739414123195,3.228707784211804
91.05,2.0133979684333956,3.1541819126809316
91.06,2.044557579665938,3.0758136562806615
91.07000000000001,2.0749142415590085,2.9935872067217684
91.08,2.1044293238003733,2.9074993194617296
91.09,2.133064227948243,2.8175598849962484
91.10000000000001,2.1607805215002984,2.723792440875372
91.11,2.187540076765751,2.626234616228504
91.12,2.213305213824869,2.524938500817384
91.13,2.2380388467820986,2.4199709310077497
91.14,2.261704632445024,2.311413685562977
91.15,2.2842671204933582,2.1993635848179327
91.16,2.305691904141382,2.083932487586807
91.17,2.325945770245094,1.965247181089915
91.18,2.34499684776318,1.8434491602429561
91.19,2.362814753449953,1.7186942938261731
91.2,2.379370733639704,1.5911523763250532
91.21000000000001,2.394637800976454,1.4610065655901583
91.22,2.4085908649515066,1.3284527078799848
91.23,2.4212068551340535,1.1936985533034499
91.24,2.432464836017576,1.0569628661416641
91.25,2.442346112456887,0.918474435974593
91.26,2.450834324737068,0.7784709969387584
91.27,2.4579155323956625,0.6371980637689679
91.28,2.4635782860124475,0.4949076945025471
91.29,2.4678136862857136,0.3518571908225857
91.3,2.470615429828899,0.20830774796337903
91.31,2.471979841244981,0.06452306687563641
91.32000000000001,2.471905891166412,-0.07923205806622238
91.33,2.4703952000836567,-0.22269316215048476
91.34,2.4674520279234025,-0.36559753037378223
91.35000000000001,2.463083249476181,-0.5076856006566338
91.36,2.4572983159102697,-0.6487023366992344
91.37,2.4501092027421967,-0.7883985574160346
91.38,2.4415303447619494,-0.926532210553801
91.39,2.431578558531121,-1.0628695789469444
91.4,2.420272953183011,-1.1971864088770474
91.41,2.4076348303535804,-1.3292689511584748
91.42,2.393687574159842,-1.458914906843816
91.43,2.3784565322167044,-1.5859342708048303
91.44,2.3619688887437453,-1.7101500678685486
91.45,2.3442535308593335,-1.8313989776458286
91.46000000000001,2.325340909190829,-1.9495318456528983
91.47,2.3052628939462756,-2.0644140797683237
91.48,2.2840526275954622,-2.1759259324631355
91.49,2.2617443752970128,-2.283962670567546
91.5,2.238373374184111,-2.388434635573599
91.51,2.2139756825855406,-2.489267198601968
91.52,2.1885880302120717,-2.586400615169214
91.53,2.1622476702821563,-2.6797897857685835
91.54,2.1349922344967003,-2.769403929016054
91.55,2.1068595917018356,-2.855226174710082
91.56,2.0778877110024987,-2.937253084608077
91.57000000000001,2.048114530009674,-3.015494109037457
91.58,2.0175778288217496,-3.0899709876394588
91.59,1.9863151102568848,-3.1607171025970704
91.60000000000001,1.9543634867698083,-3.227776792633873
91.61,1.9217595744042075,-3.2912046358990277
91.62,1.8885393940518278,-3.3510647095870643
91.63,1.8547382802124663,-3.4074298337921545
91.64,1.8203907973759847,-3.460380806678165
91.65,1.785530664078903,-3.5100056375710404
91.66,1.750190684624564,-3.5563987840617037
91.67,1.7144026883976689,-3.5996603986579276
91.68,1.6781974766514054,-3.6398955899540444
91.69,1.6416047765985882,-3.677213702708567
91.7,1.6046532025972342,-3.7117276206413927
91.71000000000001,1.56737022418576,-3.743553095192798
91.72,1.529782140693378,-3.7728081029332854
91.73,1.4919140621270945,-3.799612233782801
91.74,1.4537898960177222,-3.8240861116949536
91.75,1.4154323398931954,-3.8463508489907525
91.76,1.3768628790379072,-3.866527535089988
91.77,1.3381017891913958,-3.884736759988798
91.78,1.2991681438381313,-3.901098172470411
91.79,1.2600798257419876,-3.9157300727129294
91.8,1.2208535423838727,-3.928749038673124
91.81,1.181504844968525,-3.940269585377744
91.82000000000001,1.1420481506763178,-3.9504038560424957
91.83,1.1024967678476751,-3.959261343761996
91.84,1.0628629238010778,-3.966948642369669
91.85000000000001,1.023157795000282,-3.973569224952564
91.86,0.9833915393020267,-3.979223248420102
91.87,0.9435733300318798,-3.984007382465406
91.88,0.9037113916527185,-3.9880146612206935
91.89,0.8638130368074659,-3.9913343558917864
91.9,0.8238847045348827,-3.99405186665879
91.91,0.7839319994742902,-3.996248632148105
91.92,0.7439597318919207,-3.9980020548130666
91.93,0.7039719583780288,-3.9993854406045597
91.94,0.6639720230798295,-4.0004679513671695
91.95,0.6239625993506854,-4.001314568459009
91.96000000000001,0.5839457317106492,-4.001986066162808
91.97,0.5439228780274291,-4.002538993530781
91.98,0.5038949518400335,-4.003025663384959
91.99,0.4638623647597299,-4.003494147277094
92.0,0.4238250688944917,-4.003988275296904
92.01,0.3837825992537919,-4.004547639703644
92.02,0.3437341161004188,-4.0052076014431615
92.03,0.30367844722492865,-4.005999298700065
92.04,0.2636141301264175,-4.006949656722238
92.05,0.22353945409048387,-4.008081398242171
92.06,0.18345250216157408,-4.009413053906421
92.07000000000001,0.14335119301235547,-4.0109589722107595
92.08,0.1032333227173589,-4.012729328524177
92.09,0.06309660644187193,-4.014730132870003
92.10000000000001,0.022938720059958832,-4.016963236216891
92.11,-0.017242658282465892,-4.019426335116554
92.12,-0.05744980664237225,-4.022112974608994
92.13,-0.09768491777464577,-4.02501254939968
92.14,-0.13795005763036586,-4.028110303396934
92.15,-0.17824712384258448,-4.031387327781782
92.16,-0.2185778041860015,-4.034820557866866
92.17,-0.2589435349999218,-4.038382769085929
92.18,-0.2993454595677201,-4.042042572540766
92.19,-0.3397843864507371,-4.045764410618716
92.2,-0.3802607477800944,-4.049508553280445
92.21000000000001,-0.420774557516346,-4.053231095705184
92.22,-0.4613253696941981,-4.056883958068325
92.23,-0.5019122366777126,-4.060414888314353
92.24,-0.5425336674604851,-4.063767468875988
92.25,-0.5831875860552324,-4.066881128377886
92.26,-0.6238712900280429,-4.069691159449588
92.27,-0.664581409244224,-4.0721287438570855
92.28,-0.7053138649051846,-4.074120986244443
92.29,-0.7460638289691129,-4.0755909578556
92.3,-0.7868256840622966,-4.076457751680417
92.31,-0.8275929840027213,-4.076636550537239
92.32000000000001,-0.8683584150730413,-4.076038709665042
92.33,-0.9091137581960221,-4.074571855450185
92.34,-0.949849852182045,-4.072140001954025
92.35000000000001,-0.9905565582351026,-4.068643686936355
92.36,-1.031222725920772,-4.063980129083655
92.37,-1.0718361608167755,-4.058043408148315
92.38,-1.112383594083738,-4.050724669683068
92.39,-1.1528506542104366,-4.041912356011392
92.4,-1.193221841203966,-4.031492465007193
92.41,-1.2334805035105807,-4.019348838163294
92.42,-1.2736088179672318,-4.005363479305635
92.43,-1.3135877730966934,-3.9894169051564456
92.44,-1.3533971560703608,-3.971388528762801
92.45,-1.3930155436719494,-3.951157076585096
92.46000000000001,-1.4324202976020626,-3.928601039781459
92.47,-1.4715875644675784,-3.9035991599279165
92.48,-1.5104922808006207,-3.876030949079521
92.49,-1.5491081834491687,-3.8457772437046795
92.5,-1.5874078256747142,-3.8127207916142245
92.51,-1.625362599281453,-3.776746870559836
92.52,-1.662942763085911,-3.7377439366956184
92.53,-1.7001174780153656,-3.695604300585282
92.54,-1.7368548490976168,-3.6502248278998652
92.55,-1.773121974573363,-3.601507661392763
92.56,-1.8088850023254721,-3.5493609601665823
92.57000000000001,-1.8441091937766947,-3.493699651667838
92.58,-1.8787589953588288,-3.4344461912695836
92.59,-1.9127981176020863,-3.3715313237387403
92.60000000000001,-1.9461896218336034,-3.3048948403450282
92.61,-1.9788960144089867,-3.234486324863864
92.62,-2.0108793483308807,-3.160265881268713
92.63,-2.0421013320343606,-3.0822048355121354
92.64,-2.072523445041123,-3.0002864034721046
92.65,-2.1021070601038025,-2.9145063169041032
92.66,-2.1308135713792047,-2.824873399102378
92.67,-2.1586045280858497,-2.731410081947213
92.68,-2.1854417730181486,-2.6341528561095022
92.69,-2.2112875852080394,-2.5331526464080314
92.7,-2.236104825946309,-2.4284751046753947
92.71000000000001,-2.259857087301547,-2.320200812989752
92.72,-2.282508842206104,-2.208425390773212
92.73,-2.3040255951170114,-2.0932595000421075
92.74,-2.324374032206946,-1.9748287440150638
92.75,-2.3435221699973128,-1.8532734553335246
92.76,-2.3614395013136167,-1.728748371314645
92.77,-2.3780971374236057,-1.6014221949233025
92.78,-2.3934679452120826,-1.4714770415001555
92.79,-2.4075266782536087,-1.3391077726950242
92.8,-2.420250100665983,-1.2045212205055957
92.81,-2.4316171026637203,-1.0679353057846797
92.82000000000001,-2.4416088067816766,-0.9295780570275884
92.83,-2.450208663804272,-0.7896865366564225
92.84,-2.4574025375148048,-0.6485056833517838
92.85000000000001,-2.463178777471308,-0.5062870802170006
92.86,-2.4675282791191453,-0.3632876596690523
92.87,-2.470444530664689,-0.21976835690993762
92.88,-2.471923646257344,-0.07599272462105308
92.89,-2.47196438515711,0.06777447787644156
92.9,-2.470568156699815,0.2112687073538508
92.91,-2.4677390110100332,0.3542270574709637
92.92,-2.463483615550396,0.4963896638350406
92.93,-2.4578112177333327,0.6375010797646328
92.94,-2.450733593955104,0.7773116096520082
92.95,-2.4422649855402927,0.9155785874688077
92.96000000000001,-2.4324220222057273,1.0520675887947073
92.97,-2.421223633764398,1.186553565749696
92.98,-2.4086909508907337,1.3188218953551103
92.99,-2.394847195857296,1.4486693331120633
93.0,-2.3797175642284922,1.575904864941668
93.01,-2.363329098558463,1.700350452051532
93.02,-2.3457105551874617,1.8218416647489852
93.03,-2.326892265263483,1.9402282026853197
93.04,-2.306905991133755,2.055374300459864
93.05,-2.2857847792542856,2.167159018912605
93.06,-2.263562810755503,2.2754764237661114
93.07000000000001,-2.2402752507789634,2.3802356545212415
93.08,-2.2159580976650783,2.4813608876491
93.09,-2.1906480330259814,2.5787911991398405
93.10000000000001,-2.1643822736822815,2.6724803323564803
93.11,-2.137198426378852,2.762396377891691
93.12,-2.109134346124448,2.84852137273367
93.13,-2.0802279989241788,2.9308508265130246
93.14,-2.050517329594187,3.0093931829284455
93.15,-2.0200401352656097,3.084169224639733
93.16,-1.9888339451013923,3.1552114299797545
93.17,-1.9569359066660144,3.222563289781345
93.18,-1.9243826793057655,3.2862785924517253
93.19,-1.89121033481698,3.346420685167539
93.2,-1.857454265602415,3.403061718720752
93.21000000000001,-1.823149100442565,3.4562818831323106
93.22,-1.7883286279397685,3.5061686406797405
93.23,-1.75302572762897,3.5528159624695284
93.24,-1.7172723086903778,3.5963235741374495
93.25,-1.681099256146221,3.6367962156916196
93.26,-1.6445363843765455,3.674342919934604
93.27,-1.607612397747529,3.7090763133221643
93.28,-1.5703548581101023,3.7411119425457655
93.29,-1.5327901588966137,3.770567629571263
93.3,-1.494943505518677,3.797562857333641
93.31,-1.456838901749941,3.822218187782438
93.32000000000001,-1.4184991417630284,3.8446547134986937
93.33,-1.3799458074799673,3.864993543665024
93.34,-1.341199270889728,3.8833553247678547
93.35000000000001,-1.3022787009846102,3.8998597960462247
93.36,-1.2632020749688033,3.914625379375382
93.37,-1.2239861933971024,3.927768802985491
93.38,-1.1846466989090936,3.9394047581653315
93.39,-1.145198098233796,3.949645587886719
93.4,-1.1056537871513592,3.958601006105832
93.41,-1.066026078111679,3.966377846350782
93.42,-1.0263262302243434,3.9730798380884402
93.43,-0.9865644813499101,3.9788074092754115
93.44,-0.9467500820388352,3.983657513435736
93.45,-0.9068913310811955,3.9877234795689755
93.46000000000001,-0.8669956124474557,3.991094883174338
93.47,-0.8270694334177088,3.993857436677114
93.48,-0.7871184637139135,3.9960928975606063
93.49,-0.7471475754664966,3.9978789925378098
93.5,-0.7071608838631572,3.9992893561402907
93.51,-0.6671617883436908,4.000393482155172
93.52,-0.6271530142200538,4.001256686403092
93.53,-0.5871366546156289,4.0019400794189846
93.54,-0.547114212631674,4.002500547672022
93.55,-0.5070866436621884,4.002990742039997
93.56,-0.467054397790874,4.003459072335552
93.57000000000001,-0.4270174622154773,4.003949706766215
93.58,-0.3869754036555497,4.004502575296329
93.59,-0.34692741070955074,4.0051533759660325
93.60000000000001,-0.3068723361362291,4.005933583309959
93.61,-0.26680873904335156,4.006870458105897
93.62,-0.2267349269741111,4.007987057770953
93.63,-0.1866489978879325,4.009302246809607
93.64,-0.14654888203791896,4.010830706804377
93.65,-0.10643238375184495,4.012582945525457
93.66,-0.06629722312740982,4.014565304820812
93.67,-0.02614107765542871,4.016779967032772
93.68,0.014038376213245616,4.019224959771309
93.69,0.05424342153999748,4.021894158958058
93.7,0.09447625939240678,4.024777290138869
93.71000000000001,0.13473896734277485,4.027859928146459
93.72,0.17503345795533598,4.0311234952787105
93.73,0.21536143724834908,4.034545258242492
93.74,0.2557243631201858,4.038098324197686
93.75,0.29612340373230284,4.041751636321538
93.76,0.3365593958466166,4.045469969399457
93.77,0.37703280312029197,4.0492139260351365
93.78,0.4175436743673193,4.052939934160132
93.79,0.4580916018034946,4.0566002466108335
93.8,0.498675679299536,4.060142943628754
93.81,0.5392944606760697,4.063511939228047
93.82000000000001,0.5799459180840969,4.0666469924616555
93.83,0.6206274005253027,4.069483724703943
93.84,0.6613355925781758,4.07195364415253
93.85000000000001,0.7020664734083533,4.073984178834353
93.86,0.7428152761548628,4.075498719479931
93.87,0.7835764477979519,4.076416673704249
93.88,0.8243436096289477,4.076653533001322
93.89,0.8651095184579782,4.076120954120985
93.9,0.9058660287113673,4.074726856449155
93.91,0.9466040555869614,4.072375537054984
93.92,0.987313539452467,4.06896780509809
93.93,1.0279834116889233,4.064401137304333
93.94,1.0686015621985538,4.0585698562171935
93.95,1.1091548088132672,4.051365332911517
93.96000000000001,1.1496288688567844,4.042676215814685
93.97,1.1900083331295612,4.0323886872148655
93.98,1.2302766426010818,4.020386748944343
93.99,1.270416068108448,4.006552538605763
94.0,1.310407693373197,3.9907666775579527
94.01,1.350231401659607,3.972908651693927
94.02,1.3898658664070755,3.9528572258245966
94.03,1.429288546176099,3.9304908922261967
94.04,1.4684756842515994,3.905688353616256
94.05,1.5074023132484242,3.8783290404913964
94.06,1.5460422650614274,3.8482936623903257
94.07000000000001,1.5843681864962307,3.8154647922376443
94.08,1.6223515609061803,3.7797274824799785
94.09,1.6599627361458302,3.74096991124772
94.10000000000001,1.6971709591311348,3.699084056266594
94.11,1.7339444172711622,3.653966393707658
94.12,1.7702502870052879,3.6055186186075754
94.13,1.8060547896433137,3.5536483829196213
94.14,1.8413232546636804,3.4982700466775403
94.15,1.8760201905768645,3.4393054371779153
94.16,1.9101093634072388,3.3766846105219583
94.17,1.9435538827873038,3.3103466093155043
94.18,1.976316295593549,3.240240209818161
94.19,2.008358686983667,3.1663246513714385
94.2,2.0396427886209776,3.088570340534107
94.21000000000001,2.070130093794349,3.0069595220240495
94.22,2.0997819790614582,2.9214869083224078
94.23,2.128559831960797,2.832160259650394
94.24,2.156425184254466,2.7390009059933886
94.25,2.1833398500806642,2.6420442029314013
94.26,2.209266068313094,2.541339913248467
94.27,2.2341666483456337,2.436952506643028
94.28,2.2580051184459546,2.3289613703513043
94.29,2.28074587575266,2.2174609241279155
94.3,2.3023543369285133,2.1025606338014016
94.31,2.3227970884286884,1.984384918532331
94.32000000000001,2.3420420352991598,1.8630729479406163
94.33,2.3600585473875006,1.7387783264251342
94.34,2.3768176018276628,1.6116686632581247
94.35000000000001,2.3922919206526636,1.4819250283811265
94.36,2.4064561023952855,1.3497412952374461
94.37,2.419286746557413,1.2153233734247555
94.38,2.430762569863781,1.0788883354146446
94.39,2.440864513265706,0.9406634430365144
94.4,2.449575838724511,0.800885080832898
94.41,2.4568822148823632,0.6597976047337685
94.42,2.462771790819186,0.5176521157408467
94.43,2.46723525719718,0.3747051694329493
94.44,2.470265894207845,0.2312174330757151
94.45,2.4718596058586946,0.0874523029221726
94.46000000000001,2.4720149402662885,-0.056325505093401285
94.47,2.4707330957568265,-0.19985137765095148
94.48,2.4680179127132695,-0.34286222550764456
94.49,2.463875851246674,-0.48509789031736406
94.5,2.4583159549069227,-0.6263025232213982
94.51,2.4513498007822463,-0.7662259220605651
94.52,2.4429914364657117,-0.9046248146945056
94.53,2.4332573044883565,-1.0412640767349812
94.54,2.4221661549310123,-1.1759178729884123
94.55,2.409738947028588,-1.308370713036856
94.56,2.395998740670275,-1.4384184126416084
94.57000000000001,2.380970578775756,-1.5658689540030413
94.58,2.364681361590214,-1.6905432393262827
94.59,2.34715971398923,-1.812275733596532
94.60000000000001,2.3284358469182833,-1.9309149939319916
94.61,2.30854141411059,-2.0463240843294566
94.62,2.2875093652316942,-2.1583808760219405
94.63,2.2653737965901515,-2.266978235005946
94.64,2.2421698005315753,-2.3720240995474575
94.65,2.217933314599202,-2.4734414516226915
94.66,2.1927009714991215,-2.5711681872777787
94.67,2.166509950853647,-2.665156891789833
94.68,2.1393978336633253,-2.7553745262728233
94.69,2.1114024603281907,-2.8418020329911573
94.7,2.0825617930035025,-2.924433867121024
94.71000000000001,2.05291378298577,-3.003277463036366
94.72,2.0224962437427747,-3.078352643397681
94.73,1.9913467301178165,-3.1496909793947316
94.74,1.9595024241548802,-3.217335110447735
94.75,1.927000027908862,-3.281338031516351
94.76,1.893875663524553,-3.341762355913513
94.77,1.8601647807905917,-3.3986795611844274
94.78,1.8259020723008648,-3.4521692252029013
94.79,1.7911213962865338,-3.5023182591704973
94.8,1.755855707117455,-3.549220143691783
94.81,1.7201369934126982,-3.5929741735534138
94.82000000000001,1.6839962236463866,-3.6336847162676236
94.83,1.6474632990873457,-3.6714604888626945
94.84,1.6105670138691328,-3.7064138568239176
94.85000000000001,1.5733350219508675,-3.738660158517128
94.86,1.5357938106987903,-3.7683170578707155
94.87,1.4979686807934531,-3.795503927557469
94.88,1.4598837321476408,-3.8203412644100414
94.89,1.4215618555052523,-3.8429501383273883
94.9,1.383024729381093,-3.8634516754874615
94.91,1.3442928219955033,-3.881966576275874
94.92,1.3053853978555758,-3.89861466797259
94.93,1.2663205286360515,-3.9135144919094405
94.94,1.227115108017387,-3.9267829245203156
94.95,1.1877848701456453,-3.9385348314525257
94.96000000000001,1.1483444113883368,-3.948882753690812
94.97,1.108807215071829,-3.9579366244632697
94.98,1.0691856788990715,-3.9658035155490574
94.99,1.0294911447608481,-3.9725874114891075
95.0,0.9897339306692894,-3.9783890101107513
95.01,0.9499233645586331,-3.983305547712921
95.02,0.9100678197150309,-3.987430647217864
95.03,0.8701747516142758,-3.9908541875757515
95.04,0.8302507359635158,-3.9936621927077605
95.05,0.7903015077601205,-3.9959367382889113
95.06,0.7503320011977376,-3.997755874701969
95.07000000000001,0.7103463902660812,-3.9991935645360095
95.08,0.6703481299070174,-4.000319633055951
95.09,0.6303399976049622,-4.001199730130716
95.10000000000001,0.5903241353044032,-4.001895302176126
95.11,0.5503020915614397,-4.002463572742786
95.12,0.5102748638495475,-4.002957530457779
95.13,0.47024294095228414,-4.003425923110955
95.14,0.4302063453873284,-4.003913256760955
95.15,0.39016467581706504,-4.004459798822165
95.16,0.3501171494108851,-4.005101584180765
95.17,0.31006264413344975,-4.005870423475606
95.18,0.26999974094137297,-4.006793912767149
95.19,0.2299267658781068,-4.00789544390507
95.2,0.1898418320632716,-4.009194214992047
95.21000000000001,0.14974288157826585,-4.010705240427565
95.22,0.10962772725472031,-4.0124393601013
95.23,0.06949409437623985,-4.014403247390835
95.24,0.029339662306903623,-4.016599415702992
95.25,-0.010837893937819996,-4.019026223382318
95.26,-0.05104086216074274,-4.021677876894067
95.27,-0.09127145147570134,-4.024544432272836
95.28,-0.13153175080619947,-4.027611794911728
95.29,-0.1718236873739359,-4.030861717850896
95.3,-0.21214898516321737,-4.034271798808606
95.31,-0.252509123350108,-4.037815476282749
95.32000000000001,-0.29290529468887233,-4.041462025136067
95.33,-0.33333836385282933,-4.045176552164372
95.34,-0.37380882573215973,-4.048919992233693
95.35000000000001,-0.4143167636975032,-4.052649105659521
95.36,-0.4548618078453502,-4.056316477589076
95.37,-0.49544309324928476,-4.059870520235544
95.38,-0.5360592182500612,-4.063255478901177
95.39,-0.5767082028273084,-4.066411442813729
95.4,-0.6173874471063359,-4.069274361887269
95.41,-0.6580936900650538,-4.071776070603391
95.42,-0.6988229685184036,-4.073844320291436
95.43,-0.7395705764708825,-4.075402821165546
95.44,-0.7803310249417146,-4.076371295551254
95.45,-0.8210980023819076,-4.076665543803449
95.46000000000001,-0.8618643358177835,-4.07619752447967
95.47,-0.902621952871501,-4.074875450386145
95.48,-0.9433618448255066,-4.072603902157078
95.49,-0.9840740309146427,-4.069283961058507
95.5,-1.0247475240466768,-4.064813362724557
95.51,-1.0653702981691338,-4.059086673533953
95.52,-1.1059292575173558,-4.0519954913159
95.53,-1.146410207995452,-4.043428672034576
95.54,-1.1867978309580474,-4.033272584038014
95.55,-1.227075659676212,-4.021411391367707
95.56,-1.2672260587854014,-4.007727367507428
95.57000000000001,-1.3072302070263606,-3.992101240801167
95.58,-1.3470680836014246,-3.9744125725886836
95.59,-1.3867184584781342,-3.954540168890976
95.60000000000001,-1.4261588869792443,-3.932362526225381
95.61,-1.465365709002642,-3.907758311839869
95.62,-1.5043140532160417,-3.8806068783276295
95.63,-1.5429778465691946,-3.8507888122161495
95.64,-1.5813298294603646,-3.8181865157202255
95.65,-1.619341576883599,-3.7826848204070505
95.66,-1.6569835258685055,-3.744171631045905
95.67,-1.694225009504517,-3.7025385974082217
95.68,-1.73103429781667,-3.657681811250115
95.69,-1.7673786457295193,-3.609502525154151
95.7,-1.803224348319753,-3.5579078893366543
95.71000000000001,-1.8385368035162524,-3.5028117019487532
95.72,-1.873280582358728,-3.4441351678223917
95.73,-1.9074195068727,-3.381807660046486
95.74000000000001,-1.9409167355596575,-3.3157674782140445
95.75,-1.973734856436981,-3.245962596670054
95.76,-2.0058359874930587,-3.1723513956246374
95.77,-2.0371818843494736,-3.0949033675891875
95.78,-2.067734054844842,-3.0135997912579295
95.79,-2.097453880174632,-2.9284343647066473
95.8,-2.126302742138975,-2.8394137896266134
95.81,-2.154242155967164,-2.7465582982668963
95.82000000000001,-2.181233908104313,-2.6499021148327424
95.83,-2.207240198263819,-2.5494938432906866
95.84,-2.2322237849701265,-2.445396773869492
95.85000000000001,-2.256148133741209,-2.3376891010246914
95.86,-2.27897756699062,-2.2264640462554413
95.87,-2.300677414666317,-2.111829879924666
95.88,-2.3212141645891133,-1.9939098371328894
95.89,-2.3405556114089747,-1.8728419237251763
95.9,-2.3586710030636167,-1.748778609658247
95.91,-2.3755311836021398,-1.6218864082066158
95.92,-2.391108731227749,-1.492345340824879
95.93,-2.4053780904186373,-1.3603482888872553
95.94,-2.418315697005494,-1.226100234971796
95.95,-2.429900095118073,-1.0898173978197325
95.96000000000001,-2.4401120449618885,-0.9517262665530315
95.97,-2.448934620449134,-0.8120625411472271
95.98,-2.456353295784833,-0.6710699875036144
95.99000000000001,-2.462356020199206,-0.5289992167170638
96.0,-2.466933280119174,-0.38610639926649193
96.01,-2.4700781481845357,-0.24265192583990877
96.02,-2.4717863186359725,-0.09889902732326863
96.03,-2.4720561287310012,0.04488763288620504
96.04,-2.4708885659782487,0.18844338065020522
96.05,-2.468287261117997,0.33150495312960904
96.06,-2.4642584669156564,0.47381190727498756
96.07000000000001,-2.4588110229724975,0.6151080011562569
96.08,-2.451956306892531,0.7551425349395235
96.09,-2.443708172273707,0.8936716389392259
96.10000000000001,-2.434082874113747,1.0304594969806173
96.11,-2.423098982334095,1.1652794942834943
96.12,-2.410777284228077,1.297915280201313
96.13,-2.3971406767300683,1.4281617373961457
96.14,-2.382214049480154,1.5558258503728586
96.15,-2.3660241597226115,1.68072746770763
96.16,-2.3485995001260016,1.8026999537581143
96.17,-2.3299701606474494,1.9215907271069772
96.18,-2.3101676855838624,2.0372616844399105
96.19,-2.289224926958651,2.1495895099678615
96.2,-2.2671758953845047,2.258465871847519
96.21000000000001,-2.2440556095217006,2.3637975083131497
96.22,-2.2198999452182417,2.46550620738874
96.23,-2.1947454853739257,2.5635286850874413
96.24000000000001,-2.168629371516493,2.6578163679142537
96.25,-2.1415891580156408,2.748335086259974
96.26,-2.1136626697912937,2.835064685905264
96.27,-2.0848878642975355,2.9179985653421188
96.28,-2.0553026984844514,2.9971431469678653
96.29,-2.0249450013581782,3.072517290418718
96.3,-1.993852352676077,3.1441516563926846
96.31,-1.9620619682303246,3.2120880292742697
96.32000000000001,-1.9296105920905917,3.2763786067263814
96.33,-1.8965343960957972,3.3370852641698443
96.34,-1.8628688868071948,3.394278801740476
96.35000000000001,-1.8286488200609876,3.4480381809106815
96.36,-1.793908123188981,3.49844975750007
96.37,-1.758679824910986,3.5456065172905338
96.38,-1.7229959928431704,3.589607319917878
96.39,-1.6868876785126286,3.6305561561462802
96.4,-1.650384869720245,3.6685614230543155
96.41,-1.6135164500515424,3.7037352210819776
96.42,-1.5763101652986053,3.7361926763158073
96.43,-1.5387925965252263,3.7660512908315766
96.44,-1.5009891394819739,3.79343032337751
96.45,-1.462923990057676,3.8184502021711304
96.46000000000001,-1.4246201354385513,3.841231971103788
96.47,-1.3860993506356,3.861896770202007
96.48,-1.3473822000345108,3.8805653507862785
96.49000000000001,-1.3084880436198745,3.8973576253971998
96.5,-1.2694350475265668,3.91239225222655
96.51,-1.2302401985753433,3.925786253496925
96.52,-1.1909193224566281,3.937654666977218
96.53,-1.151487105235799,3.9481102296014075
96.54,-1.1119571178646002,3.957263091973171
96.55,-1.0723418433963356,3.965220562386938
96.56,-1.0326527066168616,3.9720868788749515
96.57000000000001,-0.9929001058188368,3.977963007697464
96.58,-0.9530934464629124,3.982946466626921
96.59,-0.9132411764862984,3.9871311713345228
96.60000000000001,-0.8733508230362219,3.9906073031663523
96.61,-0.8334290304229713,3.993461196594093
96.62,-0.79348159910434,3.995775244639805
96.63,-0.7535135255301751,3.9976278206031943
96.64,-0.7135290426922761,3.999093214461205
96.65,-0.6735316612409511,4.000241582361701
96.66,-0.6335242110450422,4.001138907693723
96.67,-0.5935088830870767,4.001846972284766
96.68,-0.5534872715993469,4.002423336349235
96.69,-0.513460416360092,4.002921325890515
96.7,-0.4734288450815365,4.003390026340811
96.71000000000001,-0.4333926158332757,4.003874281307122
96.72,-0.393351359455394,4.004414695377628
96.73,-0.35330432192572314,4.005047640029739
96.74000000000001,-0.31325040665479925,4.005805261768531
96.75,-0.27318821669035254,4.006715491711861
96.76,-0.23311609682056206,4.007802055925828
96.77,-0.193032175571836,4.009084485901179
96.78,-0.15293440710253847,4.01057812864766
96.79,-0.1128206129988828,4.012294155969086
96.8,-0.07268852398315674,4.014239572567089
96.81,-0.03253582154754101,4.016417222706155
96.82000000000001,0.007639820470966364,4.018825795256769
96.83,0.04784069435759438,4.021459827017363
96.84,0.08806901701131363,4.024309704299549
96.85000000000001,0.12832688844358536,4.027361662844848
96.86,0.1686162502682106,4.030597786225071
96.87,0.20893884416808678,4.033996002962769
96.88,0.24929617032746598,4.037530082692917
96.89,0.28968944582194517,4.041169631772282
96.9,0.3301195629629117,4.044880088828886
96.91,0.3705870475985229,4.048622720830569
96.92,0.41109201737952306,4.052354620338886
96.93,0.4516341400053006,4.056028704702243
96.94,0.4922125914735679,4.059593718030216
96.95,0.5328260143659049,4.062994236878975
96.96000000000001,0.5734724762111474,4.066170680665314
96.97,0.6141494279792112,4.069059327913521
96.98,0.6548536627694179,4.0715923395244085
96.99000000000001,0.6955812747696994,4.073697790338637
97.0,0.7363276185761907,4.075299710346037
97.01,0.7770872689766202,4.076318136967829
97.02,0.8178539813155472,4.076669179908328
97.03,0.8586206525747868,4.076265100135452
97.04,0.8993792833182563,4.075014404603531
97.05,0.9401209406668574,4.0728219583759255
97.06,0.9808357224857748,4.069589115836826
97.07000000000001,1.0215127229835939,4.065213872699306
97.08,1.062139999939761,4.059591040518148
97.09,1.1027045437939569,4.052612445398801
97.10000000000001,1.143192248847737,4.04416715255569
97.11,1.1835878868450709,4.034141718311643
97.12,1.22387508321397,4.0224204710429
97.13,1.264036296265929,4.00888582245864
97.14,1.304052799663143,3.9934186104579523
97.15,1.3439046684750882,3.975898474628431
97.16,1.3835707691557115,3.956204265237196
97.17,1.423028753779832,3.9342144863155304
97.18,1.4622550588820222,3.909807773151179
97.19,1.5012249092428556,3.8828634041769403
97.2,1.539912326965561,3.853261846880363
97.21000000000001,1.578290146180463,3.820885336957542
97.22,1.6163300337047122,3.7856184894955685
97.23,1.6540025159703746,3.747348940495198
97.24000000000001,1.6912770125146162,3.705968016540874
97.25,1.728121876301192,3.6613714298935367
97.26,1.7645044411124868,3.613459995727829
97.27,1.8003910762157485,3.5621403676657737
97.28,1.8357472484658022,3.5073257871812085
97.29,1.8705375919593725,3.448936841871853
97.3,1.9047259853032392,3.386902227028586
97.31,1.9382756364999443,3.3211595043850006
97.32000000000001,1.9711491753909391,3.251655851416207
97.33,2.0033087535282688,3.1783487940864315
97.34,2.034716151272668,3.1012069155330524
97.35000000000001,2.0653328918389295,3.0202105328332727
97.36,2.0951203619293333,2.935352333741727
97.37,2.1240399385137643,2.8466379651254603
97.38,2.152053121231843,2.7540865647687847
97.39,2.17912166980914,2.6577312282851886
97.4,2.205207745797547,2.5576194030659245
97.41,2.2302740578704587,2.45381320152236
97.42,2.254284009827994,2.346389626346577
97.43,2.2772018503973905,2.2354407011243222
97.44,2.298992823850481,2.1210735003855263
97.45,2.319623320405101,2.003410074066363
97.46000000000001,2.3390610253318083,1.882587262375882
97.47,2.357275065652619,1.7587563981989278
97.48,2.374236153295787,1.6320828954111788
97.49000000000001,2.3899167235608427,1.5027457228142374
97.5,2.4042910677520717,1.3709367647982917
97.51,2.4173354588568086,1.236860071283711
97.52,2.429028269177746,1.1007310009556432
97.53,2.4393500788759215,0.9627752632601372
97.54,2.4482837744429484,0.8232278660484167
97.55,2.4558146361968896,0.682331977109321
97.56,2.4619304139851352,0.5403377090906327
97.57000000000001,2.4666213903787026,0.39750083845138096
97.58,2.469880430754163,0.2540814700845415
97.59,2.471703019780393,0.11034266008090388
97.60000000000001,2.4720872839557804,-0.033450990248303475
97.61,2.4710339999754267,-0.17703475552475592
97.62,2.468546588845285,-0.32014520882870523
97.63,2.464631095798852,-0.46252163176974537
97.64,2.45929615620989,-0.6039073984671715
97.65,2.452552947829509,-0.7440513202071264
97.66,2.4444151298057473,-0.8827089381482437
97.67,2.434898769066544,-1.0196437522401878
97.68,2.4240222547609434,-1.1546283754826432
97.69,2.4118062015568906,-1.2874456037646778
97.7,2.3982733426856497,-1.4178893927618708
97.71000000000001,2.383448413701653,-1.5457657347048328
97.72,2.3673580279915525,-1.6708934292400521
97.73,2.3500305451168515,-1.7931047440540024
97.74000000000001,2.3314959331104723,-1.9122459623959105
97.75,2.311785625868933,-2.0281778160861266
97.76,2.2909323767887497,-2.1407758040098073
97.77,2.268970109788737,-2.2499303974458447
97.78,2.245933768839833,-2.355547134847509
97.79,2.2218591670917873,-2.4575466098559318
97.8,2.1967828366427145,-2.555864357375416
97.81,2.170741879944279,-2.6504506434591244
97.82000000000001,2.143773823773532,-2.7412701655368554
97.83,2.115916476633542,-2.828301670158786
97.84,2.0872077903703565,-2.9115374959287825
97.85000000000001,2.0576857267149666,-2.990983049659786
97.86,2.027388129377161,-3.0666562240062563
97.87,1.9963526022348417,-3.1385867649214205
97.88,1.9646163940787327,-3.2068155972588914
97.89,1.9322162902896638,-3.2713941166995144
97.9,1.8991885117447425,-3.332383455946637
97.91,1.865568621170731,-3.389853732808869
97.92,1.831391437088565,-3.4438832873917127
97.93,1.796690955422897,-3.4945579151612334
97.94,1.7615002787853407,-3.5419701021371237
97.95,1.7258515533801546,-3.5862182679314705
97.96000000000001,1.6897759134267114,-3.6274060217850774
97.97,1.6533034329444531,-3.665641436176229
97.98,1.616463084703187,-3.7010363419972787
97.99000000000001,1.5792827061045076,-3.733705648721262
98.0,1.5417889717287616,-3.7637666924216626
98.01,1.5040073722560743,-3.7913386139700953
98.02,1.4659621994493597,-3.816541769224483
98.03,1.4276765368715847,-3.8394971725386906
98.04,1.389172255998586,-3.8603259744768477
98.05,1.3504700173820479,-3.8791489742041234
98.06,1.3115892765145036,-3.8960861666519495
98.07000000000001,1.272548294049009,-3.911256324220323
98.08,1.2333641500300971,-3.9247766124827983
98.09,1.1940527617993528,-3.9367622391005193
98.10000000000001,1.1546289052480867,-3.947326134928923
98.11,1.1151062391007744,-3.9565786661131335
98.12,1.0754973319258239,-3.964627375813577
98.13,1.0358136915845026,-3.9715767540799463
98.14,0.9960657968442249,-3.977528034297003
98.15,0.9562631308985626,-3.9825790145574516
98.16,0.9164142165530759,-3.986823902272827
98.17,0.876526652853106,-3.9903531803105654
98.18,0.8366071529468645,-3.993253492941801
98.19,0.79666158299427,-3.9956075498976533
98.2,0.7566950019489115,-3.9974940468596607
98.21000000000001,0.7167117020570769,-3.9989876007504783
98.22,0.6767152499339019,-4.0001586982421315
98.23,0.6367085280922342,-4.001073655959206
98.24000000000001,0.5966937768147177,-4.001794590921768
98.25,0.5566726362737988,-4.002379399846132
98.26,0.516646188817795,-4.002881745999553
98.27,0.4766150013538077,-4.00335105238638
98.28,0.43657916777006744,-4.003832500127262
98.29,0.3965383513512625,-4.00436703097882
98.3,0.3564918271504911,-4.004991353028067
98.31,0.3164385242907012,-4.005737948683349
98.32000000000001,0.27637706817682417,-4.006635084171123
98.33,0.23630582260727875,-4.007706819835305
98.34,0.19622293178011804,-4.008973020622892
98.35000000000001,0.15612636219482093,-4.010449366225991
98.36,0.11601394445559825,-4.01214736043624
98.37,0.07588341498609613,-4.014074339352814
98.38,0.03573245766854196,-4.016233478169913
98.39,-0.004441254577302125,-4.018623796353843
98.4,-0.044640018258534905,-4.021240161103754
98.41,-0.08486605779937721,-4.024073289073812
98.42,-0.12512148404001114,-4.027109746418368
98.43,-0.1654082527277446,-4.03033194730559
98.44,-0.20572812298612295,-4.033718151129236
98.45,-0.2460826157503293,-4.037242458732984
98.46000000000001,-0.2864729721607826,-4.0408748080469525
98.47,-0.32690011191126833,-4.044580969621944
98.48,-0.36736459155322154,-4.048322542633523
98.49000000000001,-0.4078665627639388,-4.052056952015165
98.5,-0.4484057305935248,-4.055737447467429
98.51,-0.48898131171328735,-4.059313105178046
98.52,-0.5295919926970857,-4.062728833175865
98.53,-0.5702358883768046,-4.065925381329218
98.54,-0.61091050032367,-4.068839357086067
98.55,-0.6516126755185259,-4.071403248138555
98.56,-0.692338565286441,-4.073545453277613
98.57000000000001,-0.7330835845840781,-4.075190322783124
98.58,-0.7738423717421035,-4.076258209770745
98.59,-0.814608748779493,-4.076665533986669
98.60000000000001,-0.8553756824218368,-4.076324859604917
98.61,-0.8961352459715913,-4.075144988636709
98.62,-0.9368785821945711,-4.073031071606344
98.63,-0.9775958674037183,-4.069884737180869
98.64,-1.0182762769381886,-4.0656042424598136
98.65,-1.0589079522529146,-4.060084645634012
98.66,-1.0994779698508688,-4.053218002706972
98.67,-1.139972312307054,-4.0448935899358744
98.68,-1.1803758416495862,-4.034998153589773
98.69,-1.2206722753788493,-4.023416188537383
98.7,-1.2608441654203337,-4.0100302470637175
98.71000000000001,-1.3008728803201237,-3.9947212791712468
98.72,-1.3407385910037588,-3.9773690054452575
98.73,-1.3804202604290288,-3.957852323352496
98.74000000000001,-1.4198956374708087,-3.9360497475955176
98.75,-1.4591412553809393,-3.9118398848610365
98.76,-1.4981324351680294,-3.8851019429782285
98.77,-1.5368432942405037,-3.8557162741421513
98.78,-1.5752467606508724,-3.82356495145864
98.79,-1.6133145932696766,-3.788532377631433
98.8,-1.6510174082035012,-3.75050592414194
98.81,-1.6883247117525155,-3.7093765987700236
98.82000000000001,-1.7252049401789016,-3.665039738774431
98.83,-1.761625506528004,-3.6173957264992547
98.84,-1.7975528547088868,-3.5663507236042506
98.85000000000001,-1.8329525210000892,-3.5118174195394127
98.86,-1.867789203099675,-3.4537157893064205
98.87,-1.9020268367862174,-3.391973854981095
98.88,-1.9356286801992968,-3.326528444922422
98.89,-1.968557405684666,-3.2573259440765825
98.9,-2.0007751990808287,-3.1843230283109913
98.91,-2.032243866250886,-3.1074873752963788
98.92,-2.0629249465867563,-3.0267983441074287
98.93,-2.0927798331330343,-2.9422476154474615
98.94,-2.1217698988957054,-2.8538397842327026
98.95,-2.1498566288176884,-2.7615928962087413
98.96000000000001,-2.17700175681988,-2.665538920326654
98.97,-2.203167407224221,-2.5657241487882545
98.98,-2.2283162397956446,-2.4622095169864227
98.99000000000001,-2.2524115975639494,-2.3550708360226147
99.0,-2.275417656516097,-2.244398931081919
99.01,-2.2972995761855874,-2.1302996796859874
99.02,-2.318023650109817,-2.0128939447221725
99.03,-2.3375574550800313,-1.8923173981562464
99.04,-2.355869998072942,-1.7687202324656945
99.05,-2.3729318597293454,-1.642266758066904
99.06,-2.38871533323428,-1.5131348863353706
99.07000000000001,-2.4031945574560525,-1.3815154992130725
99.08,-2.4163456432185413,-1.247611707838383
99.09,-2.42814679161282,-1.1116380040960727
99.10000000000001,-2.4385784033004625,-0.9738193104410697
99.11,-2.4476231778216415,-0.8343899347716962
99.12,-2.455266201995897,-0.6935924384876545
99.13,-2.461495026591395,-0.55167642713713
99.14,-2.4662997305386396,-0.408897274209171
99.15,-2.4696729720755783,-0.2655147896371477
99.16,-2.4716100263313825,-0.12179184542439009
99.17,-2.472108808984066,0.022007028534806905
99.18,-2.4711698857606863,0.16561706490164446
99.19,-2.4687964676860332,0.3087746818142894
99.2,-2.4649943921244004,0.4512188944511175
99.21000000000001,-2.459772089797011,0.5926927015771773
99.22,-2.453140538092857,0.7329444338014959
99.23,-2.4451132011209813,0.871729050861736
99.24000000000001,-2.4357059570756223,1.0088093760310188
99.25,-2.4249370136003607,1.1439572566920382
99.26,-2.4128268119417817,1.2769546412249404
99.27,-2.3993979207758622,1.4075945635838736
99.28,-2.3846749206701046,1.5356820282664927
99.29,-2.3686842802105326,1.6610347897833833
99.3,-2.3514542248744372,1.7834840221820016
99.31,-2.333014599766893,1.9028748756440657
99.32000000000001,-2.3133967273615563,2.019066918628861
99.33,-2.292633261394316,2.131934465451685
99.34,-2.2707580380525223,2.2413667905426626
99.35000000000001,-2.2478059255834624,2.3472682319050686
99.36,-2.223812673414421,2.4495581874656467
99.37,-2.1988147618341496,2.5481710090670493
99.38,-2.17284925323308,2.643055799782622
99.39,-2.1459536458384973,2.734176121028006
99.4,-2.11816573081252,2.8215096165975155
99.41,-2.0895234535065472,2.905047561264268
99.42,-2.060064779587235,2.9847943419530716
99.43,-2.029827566667486,3.060766879728161
99.44,-1.9988494419926717,3.1329940009406863
99.45,-1.967167686648672,3.20151576586194
99.46000000000001,-1.9348191266754329,3.266382762997991
99.47,-1.901840031388712,3.3276553770511548
99.48,-1.8682660191344096,3.385403038176037
99.49000000000001,-1.8341319706251915,3.4397034597855534
99.5,-1.7994719499386989,3.490641871708483
99.51,-1.764319133191022,3.5383102549976226
99.52,-1.7287057448387464,3.582806584148916
99.53,-1.6926630015080437,3.6242340819289462
99.54,-1.6562210632001675,3.6627004914318255
99.55,-1.6194089916794072,3.698317369406867
99.56,-1.5822547158120301,3.73119940432446
99.57000000000001,-1.5447850035929178,3.7614637620870988
99.58,-1.507025440570288,3.7892294617523024
99.59,-1.4690004143578719,3.814616783119705
99.60000000000001,-1.4307331049078942,3.837746707550427
99.61,-1.3922454802068633,3.8587403929362996
99.62,-1.353558297049168,3.877718683322109
99.63,-1.314691106540421,3.8948016533072023
99.64,-1.2756622639830237,3.91010818701439
99.65,-1.236488942800133,3.9237555911140145
99.66,-1.1971871521607433,3.9358592411288096
99.67,-1.1577717579775568,3.9465322600196298
99.68,-1.118256506960351,3.955885227861755
99.69,-1.0786540534203217,3.9640259212644433
99.7,-1.038975988535062,3.9710590810606057
99.71000000000001,-0.9992328717991098,3.977086206696631
99.72,-0.9594342644011294,3.9822053756821196
99.73,-0.9195887642854673,3.9865110864131923
99.74000000000001,-0.8797040426728655,3.9900941226586064
99.75,-0.8397868818322951,3.9930414379928862
99.76,-0.7998432139130077,3.9954360584726145
99.77,-0.7598781606628429,3.997357001878825
99.78,-0.7198960738754313,3.998879211887996
99.79,-0.679900576425083,4.000073505584504
99.8,-0.6398946037637413,4.001006532786849
99.81,-0.5998804457693461,4.001740745726858
99.82000000000001,-0.5598597888492042,4.00233437769395
99.83,-0.5198337582154671,4.0028414293341905
99.84,-0.47980296026252034,4.0033116613750925
99.85000000000001,-0.43976752498796523,4.003790592630994
99.86,-0.3997271484099005,4.004319502229516
99.87,-0.3596811349433749,4.00493543508649
99.88,-0.3196284397081707,4.005671209744096
99.89,-0.2795677107484929,4.006555427774615
99.9,-0.2394973311526783,4.0076124840395435
99.91,-0.19941546106770203,4.00886257718088
99.92,-0.1593200796090607,4.0103217198078704
99.93,-0.11920902667154461,4.012001747928364
99.94,-0.07908004465049341,4.013910329259217
99.95,-0.038930820086360264,4.016050970134913
99.96000000000001,0.001240974752204841,4.018423020817825
99.97,0.04143764032999624,4.021021679097499
99.98,0.08166140833415483,4.023837992150069
99.99000000000001,0.12191440017299764,4.0268588567127015
100.0,0.16219858546840887,4.030067017711825
100.01,0.20251574052723414,4.033441065568127
100.02,0.24286740677977142,4.03695543248594
100.03,0.2832548491769529,4.040580388119851
100.04,0.3236790145421684,4.044282035097209
100.05,0.3641404898788971,4.0480223049617
100.06,0.40463946064140244,4.0517589551903
100.07000000000001,0.4451756689827031,4.055445568023511
100.08,0.48574837200187265,4.059031551936808
100.09,0.5263563000214392,4.062462146669203
100.10000000000001,0.5669976149352566,4.065678432812541
100.11,0.6076698686776899,4.068617347052016
100.12,0.6483699618762969,4.071211704233827
100.13,0.6890941027623665,4.073390227519084
100.14,0.7298377664266785,4.0750775879632775
100.15,0.7705956545216319,4.076194454936538
100.16,0.8113616555254093,4.076657558870639
100.17,0.8521288056990447,4.076379767882543
100.18,0.8928892508830601,4.075270179880046
100.19,0.9336342092966456,4.07323423180073
100.2,0.9743539355190747,4.070173827669432
100.21000000000001,1.0150376858500343,4.065987487179502
100.22,1.0556736852626647,4.060570516507322
100.23,1.0962490961801807,4.053815203055503
100.24000000000001,1.136749989323775,4.045611035785562
100.25,1.1771613168958919,4.035844952743272
100.26,1.2174668883786401,4.024401617296891
100.27,1.2576493492418297,4.011163724497577
100.28,1.2976901628685917,3.9960123388303006
100.29,1.3375695960184355,3.978827264450156
100.3,1.3772667081575947,3.95948744879126
100.31,1.4167593449942608,3.9378714201916476
100.32000000000001,1.4560241365614277,3.913857759896488
100.33,1.4950365001921904,3.887325608482659
100.34,1.5337706487310807,3.8581552063899833
100.35000000000001,1.5721996043199902,3.8262284678486242
100.36,1.6102952180880532,3.7914295870593953
100.37,1.648028196061178,3.753645675016075
100.38,1.6853681315883748,3.7127674248591602
100.39,1.7222835445583613,3.6686898031227906
100.4,1.7587419276508305,3.621312763685914
100.41,1.7947097998320793,3.570541980671231
100.42,1.830152767264255,3.5162895959584515
100.43,1.8650355917512482,3.4584749764003115
100.44,1.8993222667922611,3.397025475260177
100.45,1.9329761012564517,3.3318771918395136
100.46000000000001,1.9659598106290515,3.2629757227434157
100.47,1.9982356157113201,3.190276897755029
100.48,2.029765348584152,3.1137474928677364
100.49000000000001,2.060510565568675,3.0333659126704764
100.5,2.090432666837562,2.9491228340094677
100.51,2.1194930222488644,2.8610218026716665
100.52,2.147653102890995,2.7690797747633975
100.53,2.1748746177441323,2.6733275945027306
100.54,2.2011196547810497,2.5738104003157303
100.55,2.2263508257504467,2.470587951432269
100.56,2.250531413809695,2.3637348676219845
100.57000000000001,2.2736255231028863,2.2533407752978816
100.58,2.2955982293156523,2.1395103539438516
100.59,2.316415730181763,2.022363277689587
100.60000000000001,2.336045494869444,1.902034047855318
100.61,2.3544564111388695,1.7786717134092798
100.62,2.3716189291376293,1.6524394775092153
100.63,2.387505200689054,1.5235141896186168
100.64,2.4020892129300018,1.3920857240787126
100.65,2.4153469151706277,1.2583562474556567
100.66,2.4272563378791148,1.1225393784438507
100.67,2.4377977027395046,0.9848592455639453
100.68,2.4469535227903934,0.8455494493198706
100.69,2.4547086917259016,0.7048519368448154
100.7,2.461050561527289,0.5630157983433696
100.71000000000001,2.465969007692769,0.4202959957991276
100.72,2.4694564814432716,0.2769520354388651
100.73,2.471508048401546,0.13324659630352345
100.74000000000001,2.472121413369342,-0.01055587204647146
100.75,2.4712969309606168,-0.15419056918383084
100.76,2.4690376019856655,-0.2973937670450476
100.77,2.4653490556197157,-0.43990422290117687
100.78,2.460239517527642,-0.5814645683884706
100.79,2.4537197642519466,-0.7218226612881684
100.8,2.4458030643018787,-0.8607328873179149
100.81,2.4365051065055883,-0.9979573999610791
100.82000000000001,2.4258439163026573,-1.1332672872975846
100.83,2.4138397607596365,-1.2664436558900107
100.84,2.400515043184857,-1.397278622997977
100.85000000000001,2.385894188299677,-1.5255762097161476
100.86,2.370003518990534,-1.6511531290290666
100.87,2.3528711257190955,-1.773839464221135
100.88,2.334526729706111,-1.8934792345440539
100.89,2.3150015410282143,-2.0099308464994348
100.9,2.2943281127761224,-2.123067430514865
100.91,2.272540192417917,-2.232777064153387
100.92,2.2496725714930546,-2.338962884277507
100.93,2.225760934732367,-2.44154309177081
100.94,2.2008417096576385,-2.540450853487587
100.95,2.174951917662615,-2.6356341070414975
100.96000000000001,2.1481290275168083,-2.727055274849566
100.97,2.1204108121656238,-2.814690894512628
100.98,2.091835209626556,-2.8985311731356984
100.99000000000001,2.06244018870291,-2.978579473572849
101.0,2.032263620155099,-3.0548517408250024
101.01,2.00134315388641,-3.1273758769319238
101.02,1.969716102616461,-3.196191072690117
101.03,1.9374193324326079,-3.261347104406488
101.04,1.9044891605283312,-3.3229036036749156
101.05,1.8709612603591097,-3.380929307851652
101.06,1.8368705743712983,-3.4355012985186475
101.07000000000001,1.802251234388737,-3.486704234774447
101.08,1.7671364896758095,-3.5346295876932214
101.09,1.7315586426348726,-3.5793748817562765
101.10000000000001,1.695548992040684,-3.6210429484988826
101.11,1.659137783664895,-3.6597411970396156
101.12,1.6223541680998919,-3.695580905579679
101.13,1.5852261655533013,-3.728676537384931
101.14,1.547780637352193,-3.759145084201568
101.15,1.5100432638692698,-3.7871054395143435
101.16,1.472038528561906,-3.8126778035395255
101.17,1.4337897077984791,-3.835983121358087
101.18,1.3953188661347442,-3.857142555141287
101.19,1.3566468566956533,-3.876276991003451
101.2,1.317793326314675,-3.8935065806369265
101.21000000000001,1.278776725082915,-3.90895031754268
101.22,1.2396143199638217,-3.9227256473669248
101.23,1.2003222121355763,-3.9349481115889304
101.24000000000001,1.160915357732043,-3.9457310235767498
101.25,1.1214075916640414,-3.9551851758344854
101.26,1.0818116542153533,-3.9634185771051156
101.27,1.042139220121939,-3.9705362178646753
101.28,1.0024009298580596,-3.976639862644535
101.29,0.9626064228690483,-3.981827867546224
101.3,0.9227643725071352,-3.986195021265297
101.31,0.8828825224437424,-3.9898324079147027
101.32000000000001,0.8429677243488412,-3.9928272899315993
101.33,0.8030259766451104,-3.9952630093622394
101.34,0.7630624641615964,-3.9972189058452536
101.35000000000001,0.7230815985282053,-3.9987702496522424
101.36,0.6830870591685515,-3.999988188194185
101.37,0.6430818347643217,-4.000939704460948
101.38,0.6030682650793325,-4.001687585927526
101.39,0.5630480830457711,-4.002290402533106
101.4,0.5230224570286705,-4.002802492416372
101.41,0.4829920331974437,-4.003273954171398
101.42,0.44295697794524247,-4.003750644472226
101.43,0.4029170203079992,-4.004274179999755
101.44,0.36287149434524735,-4.004881942691364
101.45,0.3228193814541719,-4.005607087421073
101.46000000000001,0.2827593525968259,-4.006478551305632
101.47,0.24268981042805926,-4.007521063919361
101.48,0.20260893131843868,-4.00875515778764
101.49000000000001,0.1625147072723065,-4.01019717861544
101.5,0.1224049877461299,-4.011859294793257
101.51,0.08227752137644134,-4.013749505808105
101.52,0.04212999762996779,-4.015871649272005
101.53,0.001960088391001245,-4.01822540636469
101.54,-0.038234510497326006,-4.020806305571239
101.55,-0.07845603772042353,-4.023605724679077
101.56,-0.11870662499090755,-4.026610891082557
101.57000000000001,-0.15898825554207466,-4.029804880527197
101.58,-0.1993027226014515,-4.033166614509829
101.59,-0.23965158783227125,-4.03667085663551
101.60000000000001,-0.2800361397341617,-4.040288208317234
101.61,-0.3204573519986159,-4.043985104290246
101.62,-0.3609158418199666,-4.047723808499222
101.63,-0.4014118281686003,-4.051462411003647
101.64,-0.4419450900400395,-4.055154826634329
101.65,-0.4825149247012869,-4.058750796221931
101.66,-0.5231201059644781,-4.062195891306442
101.67,-0.5637588425274157,-4.065431523324235
101.68,-0.6044287364309628,-4.068394958356324
101.69,-0.6451267416945422,-4.07101933860699
101.7,-0.6858491232031027,-4.073233711865393
101.71000000000001,-0.7265914159318502,-4.074963070283186
101.72,-0.7673483846087664,-4.076128399877534
101.73,-0.8081139839294008,-4.076646742240056
101.74000000000001,-0.8488813194535675,-4.0764312699966965
101.75,-0.8896426093293347,-4.075391377619971
101.76,-0.930389147005967,-4.073432789241589
101.77,-0.9711112651141666,-4.070457685148408
101.78,-1.011798300708935,-4.066364848665962
101.79,-1.0524385620874857,-4.061049835139341
101.8,-1.0930192974117219,-4.054405164708679
101.81,-1.1335266653816591,-4.046320540543604
101.82000000000001,-1.173945708222594,-4.036683094145383
101.83,-1.214260327264567,-4.025377659244496
101.84,-1.2544532614074837,-4.012287075712925
101.85000000000001,-1.2945060687788252,-3.9972925247718156
101.86,-1.33439911190292,-3.980273896604485
101.87,-1.3741115467109148,-3.961110191279805
101.88,-1.413621315728516,-3.9396799536501463
101.89,-1.4529051457839177,-3.9158617426099886
101.9,-1.4919385505807157,-3.8895346347850865
101.91,-1.5306958384796194,-3.8605787623673935
101.92,-1.5691501258280636,-3.8288758844181463
101.93,-1.6072733561679822,-3.794309990531655
101.94,-1.6450363256386964,-3.7567679352873573
101.95,-1.6824087148737292,-3.716140101420462
101.96000000000001,-1.7193591276671059,-3.6723210891158744
101.97,-1.755855136656047,-3.6252104282810325
101.98,-1.7918633362327268,-3.5747133100868664
101.99000000000001,-1.8273494028577846,-3.520741333489532
102.0,-1.8622781629025176,-3.4632132618672333
102.01,-1.8966136680951293,-3.4020557843357926
102.02,-1.9303192785892334,-3.3372042757541336
102.03,-1.9633577536102118,-3.2686035489079055
102.04,-1.9956913495673914,-3.1962085918782384
102.05,-2.0272819254477765,-3.1199852831757857
102.06,-2.058091055230907,-3.039911076860752
102.07000000000001,-2.088080146984992,-2.95597564959058
102.08,-2.1172105682227187,-2.8681815013510468
102.09,-2.1454437770120127,-2.7765445015457866
102.10000000000001,-2.1727414582536344,-2.6810943721546887
102.11,-2.1990656644551065,-2.5818750998328053
102.12,-2.2243789602502906,-2.4789452691160565
102.13,-2.2486445698374276,-2.3723783093336834
102.14,-2.271826526436964,-2.2622626484029693
102.15,-2.293889822805487,-2.1487017673992974
102.16,-2.31480056178495,-2.0318141506510057
102.17,-2.334526105818507,-1.9117331270972655
102.18,-2.3530352243268955,-1.7886065997584748
102.19,-2.3702982378136763,-1.6625966613890386
102.2,-2.3862871575546762,-1.5338790956952433
102.21000000000001,-2.4009758197275812,-1.4026427648863997
102.22,-2.414340012852404,-1.2690888857629343
102.23,-2.42635759744284,-1.1334301980057122
102.24000000000001,-2.4370086168125185,-0.995890029789817
102.25,-2.4462753980386363,-0.8567012672753936
102.26,-2.454142642158026,-0.71610523589956
102.27,-2.4605975027566274,-0.574350502678735
102.28,-2.4656296522116006,-0.43169160990293654
102.29,-2.469231334954686,-0.28838775163745345
102.3,-2.4713974072443494,-0.14470140532013126
102.31,-2.4721253630610884,-0.0008969314348960533
102.32000000000001,-2.4714153458730475,0.14276084526149355
102.33,-2.4692701461558584,0.2860080591934233
102.34,-2.465695184689179,0.4285832182599412
102.35000000000001,-2.460698481790659,0.5702285952671212
102.36,-2.454290612783836,0.7106915831515241
102.37,-2.4464846501276285,0.8497260012043769
102.38,-2.4372960927597482,0.9870933402552786
102.39,-2.426742783322523,1.122563935698475
102.4,-2.4148448140457788,1.255918058323552
102.41,-2.401624422156052,1.3869469141222934
102.42,-2.387105875763333,1.5154535455585598
102.43,-2.371315351244881,1.6412536281809362
102.44,-2.354280803199714,1.7641761579002686
102.45,-2.336031828086875,1.8840640257177532
102.46000000000001,-2.3165995226853586,2.000774478146281
102.47,-2.296016338523949,2.1141794629920154
102.48,-2.2743159334255183,2.224165861530377
102.49000000000001,-2.2515330212933415,2.3306356093988976
102.5,-2.2277032212375403,2.4335057097198933
102.51,-2.202862907098944,2.5327081430428433
102.52,-2.1770490583766837,2.628189679647434
102.53,-2.1502991135059952,2.719911600564537
102.54,-2.1226508263653927,2.807849334348482
102.55,-2.0941421268190252,2.8919920171677065
102.56,-2.0648109860220383,2.972341984173121
102.57000000000001,-2.0346952871355626,3.048914200358065
102.58,-2.003832702014877,3.121735639246764
102.59,-1.9722605743506274,3.190844617748024
102.60000000000001,-1.9400158096599165,3.256290095397586
102.61,-1.9071347724426757,3.318130945997435
102.62,-1.8736531907399678,3.376435209355737
102.63,-1.839606068255561,3.4312793304497706
102.64,-1.8050276041309725,3.482747392889299
102.65,-1.7699511203977751,3.5309303530622365
102.66,-1.7344089970697278,3.575925280810733
102.67,-1.6984326147815603,3.617834611925929
102.68,-1.662052304831209,3.6567654171746917
102.69,-1.6252973064380662,3.69282869199192
102.7,-1.5881957309913703,3.726138670396554
102.71000000000001,-1.550774533030135,3.756812166126344
102.72,-1.5130594876688435,3.7849679434425805
102.73,-1.4750751741612833,3.8107261195371143
102.74000000000001,-1.436844965278101,3.8342075999847243
102.75,-1.398391022161589,3.855533548227833
102.76,-1.3597342943135446,3.874824889660256
102.77,-1.3208945243683838,3.8922018504938216
102.78,-1.2818902573036681,3.9077835312471176
102.79,-1.2427388537434414,3.921687514389502
102.8,-1.203456507015878,3.934029505405286
102.81,-1.1640582636353356,3.944923006311708
102.82000000000001,-1.1245580468896437,3.9544790204684506
102.83,-1.0849686832259664,3.9628057873542475
102.84,-1.0453019311425586,3.970008545855494
102.85000000000001,-1.0055685123088565,3.9761893245104845
102.86,-0.9657781446523489,3.9814467570785457
102.87,-0.9259395771672856,3.985875921753564
102.88,-0.8860606262172775,3.9895682023136807
102.89,-0.846148213121012,3.992611169490955
102.9,-0.8062084028274585,3.9950884808542058
102.91,-0.7662464435039279,3.997079797522784
102.92,-0.7262668068770028,3.9986607160667167
102.93,-0.6862732291825936,3.9999027139973946
102.94,-0.646268752597055,4.000873107311116
102.95,-0.6062557670363712,4.001635018613589
102.96000000000001,-0.5662360522247831,4.002247354425527
102.97,-0.5262108199478607,4.002764790346419
102.98,-0.4861807564178548,4.003237762834304
102.99000000000001,-0.4461460646911746,4.003712466442851
103.0,-0.4061065070889978,4.004230855442543
103.01,-0.3660614475823238,4.004830648839421
103.02,-0.3260098941122094,4.005545337892227
103.03,-0.28595054082447924,4.006404195316356
103.04,-0.24588181020588226,4.007432285450502
103.05,-0.2058018951154692,4.008650474748947
103.06,-0.1657088007109033,4.010075442049054
103.07000000000001,-0.1256003862744881,4.01171968814947
103.08,-0.08547440694791389,4.013591544319941
103.09,-0.045328555388089296,4.015695179448422
103.10000000000001,-0.005160503358945447,4.018030605615536
103.11,0.03503205672422142,4.020593681970366
103.12,0.07525137028046187,4.023376116865405
103.13,0.11549957906152952,4.0263654682921555
103.14,0.15577867964630498,4.0295451427427995
103.15,0.1960904819163855,4.0328943927074565
103.16,0.2364365675004541,4.03638831310113
103.17,0.2768182481784081,4.039997836999579
103.18,0.3172365242404457,4.043689731149042
103.19,0.35769204280138894,4.0474265918012025
103.2,0.3981850560764697,4.051166841511731
103.21000000000001,0.43871537963162355,4.054864727628382
103.22,0.47928235062903735,4.058470323282503
103.23,0.5198847860972736,4.061929531785868
103.24000000000001,0.5605209412647547,4.065184095422531
103.25,0.6011884680057242,4.068171609712411
103.26,0.641884373459003,4.070825544309052
103.27,0.6826049788919053,4.073075271777611
103.28,0.7233458788945553,4.0748461055798355
103.29,0.7641019010035021,4.076059348669518
103.3,0.8048670658679455,4.076632354173506
103.31,0.8456345480869721,4.076478599698424
103.32000000000001,0.8863966378619141,4.075507776860393
103.33,0.92714470362418,4.07362589768243
103.34,0.9678691558155627,4.070735419540203
103.35000000000001,1.0085594120149841,4.066735390359207
103.36,1.0492038636227468,4.0615216157733585
103.37,1.0897898443304512,4.054986849943957
103.38,1.130303600621626,4.0470210117068195
103.39,1.1707302645645876,4.037511427661601
103.4,1.211053829174858,4.026343103738531
103.41,1.2512571266393584,4.013399026671504
103.42,1.2913218097082881,3.998560496670402
103.43,1.3312283365727664,3.9817074924174554
103.44,1.3709559595566374,3.962719069310264
103.45,1.4104827179589718,3.9414737916362186
103.46000000000001,1.4497854353893618,3.9178501990879586
103.47,1.488839721940731,3.8917273077163452
103.48,1.5276199815436886,3.862985145065812
103.49000000000001,1.5660994248420472,3.8315053188471557
103.5,1.6042500879206318,3.7971716180758603
103.51,1.6420428572035646,3.7598706451417763
103.52,1.6794475008234675,3.7194924767811735
103.53,1.7164327067391882,3.6759313513986513
103.54,1.7529661278514408,3.629086379638988
103.55,1.789014434331968,3.5788622745437144
103.56,1.824543373342315,3.525170097051168
103.57000000000001,1.8595178362729916,3.467928012020242
103.58,1.89390193358272,3.4070620493864054
103.59,1.9276590772607198,3.342506864504237
103.60000000000001,1.9607520708728048,3.274206491204962
103.61,1.993143207084819,3.2021150806124923
103.62,2.0247943724850543,3.126197618329801
103.63,2.0556671594514144,3.0464306122421787
103.64,2.0857229847298977,2.9628027428980057
103.65,2.114923214309375,2.875315468233889
103.66,2.1432292940945756,2.7839835743214767
103.67,2.1706028857958044,2.688835663839078
103.68,2.1970060073713573,2.5899145741220693
103.69,2.222401177278246,2.487277716929863
103.7,2.2467515617099547,2.3809973324896667
103.71000000000001,2.2700211239280392,2.271160650941474
103.72,2.2921747747287844,2.1578699550150673
103.73,2.313178523028341,2.041242538615305
103.74000000000001,2.3329996255010905,1.921410556970546
103.75,2.3516067341677513,1.7985207651009882
103.76,2.3689700408031102,1.6727341425759743
103.77,2.385061417019271,1.5442254038354775
103.78,2.3998545488798197,1.4131823947314535
103.79,2.4133250649139004,1.2798053773771558
103.8,2.4254506564273632,1.1443062068520822
103.81,2.436211189050942,1.0069074047703013
103.82000000000001,2.445588804522769,0.8678411361526905
103.83,2.4535680117739957,0.7273480974206712
103.84,2.4601357664711823,0.5856763246222354
103.85000000000001,2.4652815382664404,0.44307993218322783
103.86,2.468997365114847,0.29981779352259097
103.87,2.4712778941368923,0.1561521757566905
103.88,2.472120408629981,0.012347341425231223
103.89,2.471524840965397,-0.13133186931628624
103.9,2.469493771243655,-0.2746214622867447
103.91,2.4660324117196617,-0.4172597048090917
103.92,2.4611485771474726,-0.5589885194597668
103.93,2.454852641330466,-0.6995548426543736
103.94,2.447157480294385,-0.838711935227589
103.95,2.438078402625914,-0.9762206328997819
103.96000000000001,2.427633067636389,-1.1118505254338087
103.97,2.4158413921172377,-1.2453810543527795
103.98,2.4027254465493337,-1.3766025202899697
103.99000000000001,2.3883093417114387,-1.5053169923497718
104.0,2.3726191067023383,-1.631339113246312
104.01,2.3556825594465125,-1.7544967954258386
104.02,2.3375291707938217,-1.8746318048418649
104.03,2.3181899233496748,-1.9916002305106013
104.04,2.297697166183609,-2.105272839402019
104.05,2.276084466561634,-2.2155353175944548
104.06,2.2533864598317197,-2.3222883999159936
104.07000000000001,2.2296386985633143,-2.425447891494743
104.08,2.204877502001825,-2.5249445857266037
104.09,2.1791398068487826,-2.6207240841306088
104.10000000000001,2.1524630203192134,-2.712746524389185
104.11,2.124884876360999,-2.8009862235580774
104.12,2.096443295848052,-2.885431243975737
104.13,2.0671762514814844,-2.966082889805397
104.14,2.037121638051944,-3.0429551424083687
104.15,2.0063171486333173,-3.116074042880315
104.16,1.9748001571943379,-3.185477030091551
104.17,1.942607608031486,-3.251212242467714
104.18,1.9097759123449836,-3.31333779153969
104.19,1.8763408522006924,-3.3719210149937093
104.2,1.8423374920451094,-3.4270377165768675
104.21000000000001,1.807800097869155,-3.478771399772973
104.22,1.77276206404965,-3.5272125016716136
104.23,1.7372558478357227,-3.5724576329221884
104.24000000000001,1.701312911391206,-3.6146088291064333
104.25,1.664963671253594,-3.653772818288855
104.26,1.628237455025429,-3.690060308924782
104.27,1.5911624650750984,-3.723585301729646
104.28,1.553765748990836,-3.754464428548768
104.29,1.516073176504123,-3.7828163207213223
104.3,1.4781094225764098,-3.8087610089110857
104.31,1.4398979563259016,-3.832419355884832
104.32000000000001,1.4014610354587134,-3.8539125232604006
104.33,1.3628197058606937,-3.873361472823236
104.34,1.3239938060022487,-3.890886502624336
104.35000000000001,1.2850019758082067,-3.9066068177248856
104.36,1.245861669647751,-3.920640135143694
104.37,1.2065891731053329,-3.933102322292332
104.38,1.1671996232019042,-3.9441070679486825
104.39,1.1277070317463593,-3.9537655846209976
104.4,1.0881243115094843,-3.9621863409897338
104.41,1.0484633049265648,-3.9694748229813768
104.42,1.008734815049857,-3.9757333219249236
104.43,0.9689486384880663,-3.9810607481652807
104.44,0.9291136000865513,-3.9855524684561865
104.45,0.8892375891189426,-3.989300165425896
104.46000000000001,0.8493275967780334,-3.9923917173993893
104.47,0.8093897547709548,-3.9949110968689685
104.48,0.769429374840654,-3.996938285928558
104.49000000000001,0.7294509890523837,-3.998549207023681
104.5,0.6894583907001804,-3.999815667417065
104.51,0.6494546757040425,-4.000805315827239
104.52,0.6094422843836357,-4.0015816097627415
104.53,0.5694230435087876,-4.002203792146144
104.54,0.5293982085407128,-4.002726875898687
104.55,0.4893685059908139,-4.003201635236803
104.56,0.44933417583597673,-4.003674602515126
104.57000000000001,0.4092950139405113,-4.004188069535884
104.58,0.369250414445259,-4.004780092331233
104.59,0.32919941209388665,-4.005484498512375
104.60000000000001,0.2891407244750115,-4.0063308963669195
104.61,0.24907279416654826,-4.007344684973379
104.62,0.2089938307755439,-4.008547064688885
104.63,0.16890185287277054,-4.009955047452763
104.64,0.12879472982648865,-4.0115814664346745
104.65,0.08867022354407707,-4.0134349846414406
104.66,0.048526030133659845,-4.015520102181508
104.67,0.008359821500446913,-4.01783716197039
104.68,-0.03183071310574796,-4.020382353744416
104.69,-0.07204782557444141,-4.023147716333908
104.7,-0.11229366743242615,-4.026121138230662
104.71000000000001,-0.1525702483390547,-4.029286356568407
104.72,-0.1928793945637943,-4.032622954719086
104.73,-0.2332227074334364,-4.0361063587923045
104.74000000000001,-0.2736015217396404,-4.03970783341036
104.75,-0.31401686410164364,-4.043394477216959
104.76,-0.35446941128397963,-4.047129218664081
104.77,-0.39495944847492526,-4.0508708127083946
104.78,-0.43548682753814755,-4.054573839136209
104.79,-0.47605092525764947,-4.058188703323802
104.8,-0.5166506016046236,-4.061661640328041
104.81,-0.5572841580642103,-4.064934723290023
104.82000000000001,-0.597949296070424,-4.06794587722155
104.83,-0.6386430756086412,-4.070628899330135
104.84,-0.6793618740570266,-4.072913487122011
104.85000000000001,-0.7201013453510814,-4.074725275603637
104.86,-0.7608563795690994,-4.075985884979226
104.87,-0.8016210630506659,-4.076612980313913
104.88,-0.8423886391753775,-4.076520344697792
104.89,-0.8831514699446217,-4.07561796750391
104.9,-0.9239009985254557,-4.073812149381516
104.91,-0.964627712932252,-4.071005625662828
104.92,-1.0053211110387124,-4.067097709885174
104.93,-1.0459696671299556,-4.061984459138558
104.94,-1.0865608002214837,-4.055558862939179
104.95,-1.1270808443887395,-4.047711057300016
104.96000000000001,-1.167515021367484,-4.038328565617634
104.97,-1.207847415701092,-4.027296567917703
104.98,-1.248060952725838,-4.0144981998976785
104.99000000000001,-1.2881373796990454,-3.9998148830715348
105.0,-1.3280572503872685,-3.983126687155916
105.01,-1.3677999134421637,-3.9643127256377553
105.02,-1.4073435049000236,-3.9432515852283667
105.03,-1.446664945146731,-3.9198217896369454
105.04,-1.4857399406927625,-3.893902297786296
105.05,-1.5245429911024568,-3.865373036245052
105.06,-1.5630474014176636,-3.834115465263869
105.07000000000001,-1.6012253004077344,-3.8000131773790002
105.08,-1.6390476649652435,-3.762952527087118
105.09,-1.6764843509494765,-3.722823289602904
105.10000000000001,-1.7135041307573013,-3.6795193461895255
105.11,-1.7500747378732668,-3.6329393930063922
105.12,-1.7861629186174293,-3.582987669854496
105.13,-1.8217344912703568,-3.529574704624145
105.14,-1.856754412709912,-3.472618068671253
105.15,-1.8911868526437818,-3.412043137775783
105.16,-1.9249952754654278,-3.347783852779816
105.17,-1.9581425296993782,-3.279783473474276
105.18,-1.9905909449349133,-3.207995318814627
105.19,-2.022302436075671,-3.1323834861094846
105.2,-2.0532386146571033,-3.0529235414550273
105.21000000000001,-2.0833609069047716,-2.969603173395397
105.22,-2.1126306781250115,-2.8824228015876887
105.23,-2.1410093629365257,-2.7913961321518848
105.24000000000001,-2.168458600768049,-2.696550651402333
105.25,-2.194940375964572,-2.597928049797958
105.26,-2.220417161764008,-2.4955845682213575
105.27,-2.2448520673289987,-2.3895912591082
105.28,-2.2682089869461715,-2.2800341555012262
105.29,-2.290452750439023,-2.1670143417982186
105.3,-2.311549273782136,-2.0506479207979282
105.31,-2.3314657088549815,-1.9310658726162115
105.32000000000001,-2.35017059123446,-1.8084138021371914
105.33,-2.3676339848977257,-1.6828515728682931
105.34,-2.383827622691826,-1.554552826367369
105.35000000000001,-2.3987250414250725,-1.4237043877854743
105.36,-2.412301710447535,-1.2905055594980137
105.37,-2.4245351526150327,-1.1551673062553303
105.38,-2.4354050565726415,-1.0179113367448756
105.39,-2.44489337934993,-0.8789690878930815
105.4,-2.452984438330503,-0.7385806196175896
105.41,-2.4596649917422817,-0.5969934290413961
105.42,-2.464924306911331,-0.45446119437243415
105.43,-2.46875421562973,-0.3112424597096024
105.44,-2.4711491561055228,-0.16759927293611382
105.45,-2.4721062010884522,-0.02379578958331638
105.46000000000001,-2.4716250718971886,0.11990314392340945
105.47,-2.4697081382099837,0.26323341390243526
105.48,-2.4663604036191398,0.40593305609365515
105.49000000000001,-2.4615894770881104,0.5477436516387837
105.5,-2.455405530586364,0.6884116889462512
105.51,-2.4478212433091855,0.8276898785483096
105.52,-2.438851733015398,0.9653384087776236
105.53,-2.4285144751336327,1.1011261309882625
105.54,-2.4168292103956324,1.2348316641017043
105.55,-2.4038178418515987,1.3662444094491604
105.56,-2.3895043222066494,1.4951654681816995
105.57000000000001,-2.373914532487965,1.621408454902031
105.58,-2.3570761531086086,1.744800202608209
105.59,-2.3390185284358007,1.8651813555015762
105.60000000000001,-2.3197725259985775,1.9824068476711345
105.61,-2.2993703914823787,2.0963462670977253
105.62,-2.2778456006566232,2.2068841057992103
105.63,-2.2552327093663944,2.3139198982400506
105.64,-2.2315672026918225,2.4173682513358847
105.65,-2.206885344339677,2.517158770479647
105.66,-2.181224027282229,2.6132358869875585
105.67,-2.1546206265999253,2.705558593201569
105.68,-2.1271128554181975,2.79410009218346
105.69,-2.098738624756256,2.878847369492234
105.7,-2.0695359080283526,2.959800694951035
105.71000000000001,-2.039542610857235,3.036973062585932
105.72,-2.008796446776634,3.110389577062394
105.73,-1.9773348193159872,3.180086794964081
105.74000000000001,-1.9451947108773524,3.24611202916256
105.75,-1.912412578732736,3.3085226243268293
105.76,-1.8790242583908157,3.3673852113303226
105.77,-1.8450648745061293,3.422774947943088
105.78,-1.8105687594319537,3.474774752761184
105.79,-1.7755693794509055,3.5234745388369486
105.8,-1.7400992686552148,3.568970452945324
105.81,-1.7041899703919992,3.6113641258649434
105.82000000000001,-1.667871986137916,3.650761938479436
105.83,-1.6311747316224106,3.687274307924794
105.84,-1.5941264999794202,3.721014997431959
105.85000000000001,-1.5567544316737714,3.7521004529482322
105.86,-1.5190844909204557,3.7806491690737847
105.87,-1.4811414482922958,3.806781086326355
105.88,-1.4429488691939287,3.8306170212529707
105.89,-1.4045291078672364,3.85227813044598
105.9,-1.365903306585009,3.871885409094546
105.91,-1.3270913996853455,3.8895592243138477
105.92,-1.2881121220987322,3.905418883143556
105.93,-1.2489830220224745,3.919582234794899
105.94,-1.2097204774028343,3.932165306451439
105.95,-1.1703397158934459,3.943281971691595
105.96000000000001,-1.1308548379690024,3.9530436503995547
105.97,-1.0912788428854547,3.9615590388637685
105.98,-1.051623657191727,3.968933868626732
105.99000000000001,-1.01190016551292,3.9752706925439267
106.0,-0.9721182433408484,3.980668696431329
106.01,-0.9322867915842934,3.985223534627362
106.02,-0.8924137726483012,3.989027187764093
106.03,-0.8525062478290116,3.992167841031531
106.04,-0.8125704158276706,3.9947297812256473
106.05,-0.7726116522044987,3.996793310893045
106.06,-0.7326345496098098,3.9984346779209106
106.07000000000001,-0.6926429586460805,3.9997260189679955
106.08,-0.6526400292304498,4.000735315189116
106.09,-0.6126282523422981,4.001526358770349
106.10000000000001,-0.5726095020550428,4.002158728863212
106.11,-0.5325850777650338,4.002687775582397
106.12,-0.49255574654339485,4.00316461081178
106.13,-0.45252178554879824,4.003636104646601
106.14,-0.4124830244504628,4.00414488638487
106.15,-0.37243888782110085,4.004729349067605
106.16,-0.33238843746911073,4.005423656654806
106.17,-0.29233041468800475,4.006257753011611
106.18,-0.2522632824088785,4.007257371966631
106.19,-0.21218526724867212,4.008444047791558
106.2,-0.17209440145304736,4.009835125537865
106.21000000000001,-0.13198856473791482,4.011443770752453
106.22,-0.09186552603799829,4.013278978179582
106.23,-0.051722985174323166,4.015345579141328
106.24000000000001,-0.01155861445517173,4.017644247373162
106.25,0.028629899773140073,4.020171503175346
106.26,0.06884481560833519,4.0229197158245755
106.27,0.10908829408963158,4.025877104274064
106.28,0.14936235769381648,4.0290277362541
106.29,0.1896688488147136,4.032351525969171
106.3,0.23000938821319994,4.03582423067227
106.31,0.270385333428159,4.039417446481997
106.32000000000001,0.31079773714283987,4.04309860389373
106.33,0.3512473055060336,4.0468309635223925
106.34,0.39173435641328774,4.050573612701326
106.35000000000001,0.4322587777600601,4.054281463649216
106.36,0.47281998568627204,4.057905254004936
106.37,0.5134168828401589,4.0613915506182074
106.38,0.5540478166986362,4.064682757571828
106.39,0.5947105379915955,4.067717129498397
106.4,0.6354021592886041,4.07042879134044
106.41,0.6761191138184042,4.072747765786855
106.42,0.7168571146043412,4.074600009699821
106.43,0.7576111140124007,4.075907460923753
106.44,0.7983752638228164,4.076588096940383
106.45,0.8391428759512084,4.076556006900244
106.46000000000001,0.8799063839608213,4.075721478619363
106.47,0.9206573055235957,4.073991102179011
106.48,0.9613862060044015,4.071267891804297
106.49000000000001,1.0020826633596815,4.067451427722114
106.5,1.0427352345588436,4.062438019708447
106.51,1.0833314237538503,4.056120894027048
106.52,1.1238576524393846,4.048390405433697
106.53,1.1642992318625243,4.039134275870243
106.54,1.2046403379567894,4.028237861397963
106.55,1.2448639890904836,4.015584448818051
106.56,1.2849520269331505,4.001055583295874
106.57000000000001,1.3248851007564009,3.9845314281427777
106.58,1.3646426554960058,3.9658911577126323
106.59,1.4042029239106535,3.945013384138182
106.60000000000001,1.4435429231787693,3.921776618363182
106.61,1.4826384562779171,3.896059765619233
106.62,1.5214641184911541,3.867742655150748
106.63,1.5599933093809322,3.836706603607695
106.64,1.598198250563308,3.8028350111046336
106.65,1.6360500096030248,3.7660139884877326
106.66,1.6735185303330626,3.726133013861612
106.67,1.710572669880257,3.6830856159086034
106.68,1.7471802426512348,3.636770080989029
106.69,1.7833080715000378,3.587090180448236
106.7,1.8189220462601996,3.533955913981246
106.71000000000001,1.8539871897796627,3.477284264327162
106.72,1.8884677315467429,3.4169999579920542
106.73,1.9223271889395037,3.353036226141223
106.74000000000001,1.9555284560695674,3.285335559270646
106.75,1.9880339001249168,3.213850448775093
106.76,2.0198054650450694,3.1385441080893743
106.77,2.0508047822867046,3.0593911657024577
106.78,2.0809932883591187,2.976378322044767
106.79,2.1103323487276,2.889504962039696
106.8,2.1387833875999127,2.7987837150034576
106.81,2.166308023027669,2.704240953584139
106.82000000000001,2.1928682066715957,2.605917223561206
106.83,2.2184263674988935,2.503867596588875
106.84,2.2429455586033735,2.3981619383668686
106.85000000000001,2.266389606266231,2.2888850852636065
106.86,2.288723260308646,2.1761369231007017
106.87,2.3099123447282452,2.0600323626313024
106.88,2.3299239075612714,1.94070120720274
106.89,2.3487263688723,1.8182879091770372
106.9,2.3662896657448123,1.6929512128785373
106.91,2.3825853931298706,1.56486368313036
106.92,2.39758693940742,1.434211119811457
106.93,2.4112696155261,1.3011918602917953
106.94,2.423610776613256,1.1660159730601665
106.95,2.4345899349873035,1.0289043473209791
106.96000000000001,2.4441888635596754,0.8900876847754031
106.97,2.4523916886828117,0.7498054011900688
106.98,2.459184971583477,0.6083044466649373
106.99000000000001,2.4645577776161103,0.465838054713566
107.0,2.468501732677748,0.322664431338062
107.01,2.4710110662428715,0.1790453961942155
107.02,2.472082640601632,0.03524498867936693
107.03,2.4717159660164585,-0.108471947680056
107.04,2.469913201648031,-0.25184118882503914
107.05,2.466679142239958,-0.3946005479016401
107.06,2.4620211906899985,-0.5364912733860171
107.07000000000001,2.4559493167722377,-0.6772594141457864
107.08,2.4484760024070824,-0.8166571384961832
107.09,2.439616174002314,-0.95444399501425
107.10000000000001,2.429387122506798,-1.0903881037584253
107.11,2.4178084119271457,-1.2242672675848227
107.12,2.4049017771551013,-1.355869994432356
107.13,2.3906910120384985,-1.484996422741286
107.14,2.3752018487002755,-1.611459143546635
107.15,2.358461829167566,-1.7350839142210583
107.16,2.340500170415855,-1.8557102603027948
107.17,2.3213476239615103,-1.9731919633053732
107.18,2.3010363311497475,-2.0873974338401426
107.19,2.2795996752847074,-2.198209970765612
107.2,2.257072131734435,-2.3055279083865647
107.21000000000001,2.2334891171169757,-2.409264654941306
107.22,2.2088868386356086,-2.50934862672073
107.23,2.183302144582561,-2.6057230831449583
107.24000000000001,2.156772376972709,-2.6983458689724293
107.25,2.129335227203112,-2.7871890705262325
107.26,2.1010285955621844,-2.872238593390223
107.27,2.0718904553353075,-2.9534936694532763
107.28,2.041958722173119,-3.0309663014669948
107.29,2.011271129305968,-3.1046806534359392
107.3,1.9798651091044002,-3.1746723951878644
107.31,1.9477776814022105,-3.2409880093841603
107.32000000000001,1.9150453489167167,-3.3036840690388067
107.33,1.8817040000214342,-3.3628264933297385
107.34,1.8477888190501222,-3.418489789122367
107.35000000000001,1.813334204238987,-3.4707562851940774
107.36,1.7783736933462406,-3.5197153656638682
107.37,1.7429398969257097,-3.5654627086055894
107.38,1.707064439174129,-3.608099535268527
107.39,1.6707779062203392,-3.647731874756809
107.4,1.6341098016789928,-3.6844698484396283
107.41,1.5970885092515468,-3.7184269777870447
107.42,1.559741262123252,-3.7497195187594223
107.43,1.5220941188763584,-3.778465825329543
107.44,1.484171945616661,-3.8047857441911264
107.45,1.4459984039925358,-3.828800042210802
107.46000000000001,1.407595944772445,-3.850629867716295
107.47,1.36898580663821,-3.870396246284552
107.48,1.330188019846754,-3.888219611301646
107.49000000000001,1.291221414412177,-3.904219369212518
107.5,1.2521036324625037,-3.9185134990633355
107.51,1.2128511444309102,-3.9312181856620545
107.52,1.1734792687492626,-3.9424474854427602
107.53,1.1340021947220549,-3.952313023915193
107.54,1.0944330082709586,-3.960923723410798
107.55,1.054783720253839,-3.968385559698663
107.56,1.0150652970769853,-3.974801345936616
107.57000000000001,0.9752876933351067,-3.980270542342195
107.58,0.9354598862301415,-3.9848890899127616
107.59,0.8955899115368515,-3.9887492664912823
107.60000000000001,0.8556849009003158,-3.991939563461815
107.61,0.8157511202676152,-3.9945445813641856
107.62,0.7757940092730321,-3.9966449427385
107.63,0.7358182214128451,-3.9983172205448247
107.64,0.6958276648621357,-3.999633880549662
107.65,0.655825543801852,-4.000663236126886
107.66,0.6158144001395979,-4.0014694139849025
107.67,0.5757961555221539,-4.0021123294024585
107.68,0.5357721535515487,-4.002647669631442
107.69,0.49574320212952505,-4.003126884204889
107.7,0.45570961586745096,-4.003597180971385
107.71000000000001,0.41567125851009734,-4.004101526762079
107.72,0.37562758533220936,-4.004678651682993
107.73,0.3355776854764375,-4.005363056112555
107.74000000000001,0.2955203242099583,-4.006185019571847
107.75,0.25545398508500056,-4.007170610722581
107.76,0.21537691199550663,-4.008341697835006
107.77,0.17528715112830043,-4.0097159591546525
107.78,0.1351825928124136,-4.011306892682963
107.79,0.09506101327464116,-4.013123824972361
107.8,0.05492011631296637,-4.015171918621226
107.81,0.014757574902216642,-4.017452178238729
107.82000000000001,-0.025428927251808207,-4.019961454733481
107.83,-0.06564165419245299,-4.022692447863787
107.84,-0.10588277620908396,-4.0256337070710355
107.85000000000001,-0.1461543283338737,-4.028769630701557
107.86,-0.1864581688231151,-4.032080463806346
107.87,-0.22679593761000064,-4.035542294792508
107.88,-0.26716901471896526,-4.039127051285269
107.89,-0.307578478635706,-4.0428024956449535
107.9,-0.34802506463186433,-4.046532220669594
107.91,-0.3885091230490979,-4.050275646100704
107.92,-0.4290305775538784,-4.053988016637203
107.93,-0.46958888338184196,-4.057620402250341
107.94,-0.5101829855988853,-4.061119701680506
107.95,-0.5508112774154521,-4.064428650084702
107.96000000000001,-0.5914715586005793,-4.067485831890702
107.97,-0.6321609940532662,-4.070225700000012
107.98,-0.6728760726005796,-4.0725786025659545
107.99000000000001,-0.7136125661045853,-4.07447081865467
108.0,-0.7543654889736731,-4.07582460417463
108.01,-0.7951290581880779,-4.076558249533156
108.02,-0.8358966539643361,-4.076586150545241
108.03,-0.8766607811989826,-4.075818894179113
108.04,-0.9174130318479183,-4.074163360772889
108.05,-0.9581440484144405,-4.071522844395524
108.06,-0.9988434887358288,-4.067797193051131
108.07000000000001,-1.039499992275463,-4.062882970436536
108.08,-1.0801011481445595,-4.0566736409554
108.09,-1.120633465094571,-4.049059779666128
108.10000000000001,-1.161082343737882,-4.0399293087925985
108.11,-1.201432051270423,-4.029167762354169
108.12,-1.2416656989849657,-4.016658580371916
108.13,-1.2817652228778618,-4.0022834339793105
108.14,-1.321711367664552,-3.9859225826053044
108.15,-1.3614836745299677,-3.967455264203946
108.16,-1.401060472948631,-3.946760119275409
108.17,-1.440418876915476,-3.923715649157227
108.18,-1.4795347859317756,-3.8982007087605086
108.19,-1.5183828910906862,-3.8700950335834667
108.2,-1.5569366866034449,-3.8392798004538813
108.21000000000001,-1.5951684870997638,-3.8056382210338606
108.22,-1.633049451024122,-3.7690561666662266
108.23,-1.6705496104330884,-3.729422822654507
108.24000000000001,-1.7076379074772123,-3.686631369551449
108.25,-1.7442822378241174,-3.6405796884887547
108.26,-1.7804495012469874,-3.5911710870191285
108.27,-1.8161056595645,-3.5383150413675426
108.28,-1.8512158020743383,-3.481927950409868
108.29,-1.8857442185726974,-3.421933896122842
108.3,-1.9196544799967952,-3.358265404689853
108.31,-1.9529095266664944,-3.2908642019133976
108.32000000000001,-1.9854717640350632,-3.2196819560891816
108.33,-2.0173031657882783,-3.144681001051274
108.34,-2.0483653840560887,-3.065835031715389
108.35000000000001,-2.078619866422586,-2.983129764141323
108.36,-2.1080279793389147,-2.896563551918654
108.37,-2.1365511374609585,-2.8061479505643145
108.38,-2.164150938350201,-2.7119082216179744
108.39,-2.190789301893318,-2.6138837682413603
108.4,-2.216428613715028,-2.5121284943790743
108.41,-2.2410318717808995,-2.406711079927409
108.42,-2.2645628353135763,-2.2977151648878866
108.43,-2.286986175078657,-2.185239436154749
108.44,-2.308267624036671,-2.0693976113983497
108.45,-2.328374127306624,-1.950318315453898
108.46000000000001,-2.347273990345749,-1.828144845698549
108.47,-2.3649370242205947,-1.703034824087114
108.48,-2.381334686827491,-1.5751597348020625
108.49000000000001,-2.396440218916636,-1.4447043478381416
108.5,-2.410228773784254,-1.3118660302641247
108.51,-2.422677539521919,-1.1768539483596314
108.52,-2.433765852751447,-1.0398881652874263
108.53,-2.4434753028276672,-0.9011986404034725
108.54,-2.451789825559516,-0.7610241376999662
108.55,-2.4586957855816665,-0.6196110521923333
108.56,-2.4641820466033626,-0.4772121642722471
108.57000000000001,-2.468240028867111,-0.3340853331292505
108.58,-2.4708637532659474,-0.19049214126995107
108.59,-2.4720498716925103,-0.046696502915513
108.60000000000001,-2.471797683324258,0.09703675038159884
108.61,-2.4701091366848784,0.2404432932046358
108.62,-2.466988817460165,0.3832607249826583
108.63,-2.462443922185225,0.5252299701749403
108.64,-2.4564842180566666,0.6660966464468483
108.65,-2.4491219892562883,0.8056123878477676
108.66,-2.440371970299711,0.9435361106913774
108.67,-2.4302512670424607,1.0796352107091143
108.68,-2.418779266085529,1.2136866810796532
108.69,-2.405977533420868,1.3454781421080928
108.7,-2.3918697032433673,1.4748087746130514
108.71000000000001,-2.3764813579286073,1.6014901504510395
108.72,-2.3598399002343466,1.7253469550371814
108.73,-2.3419744188278635,1.846217598181205
108.74000000000001,-2.322915548270722,1.963954711019662
108.75,-2.30269532460747,2.078425528262797
108.76,-2.2813470377054665,2.189512156362355
108.77,-2.2589050814802234,2.297111729522245
108.78,-2.235404803115022,2.4011364566974613
108.79,-2.210882352346274,2.501513563841302
108.8,-2.1853745318381956,2.5981851366531807
108.81,-2.1589186496132102,2.691107869939341
108.82000000000001,-2.131552374439409,2.7802527304199156
108.83,-2.103313595004812,2.8656045403948722
108.84,-2.0742402836315113,2.9471614901184444
108.85000000000001,-2.0443703652024428,3.024934587029466
108.86,-2.0137415918909216,3.0989470501491465
108.87,-1.9823914241994596,3.169233657995879
108.88,-1.950356918731004,3.2358400582882076
108.89,-1.9176746230336954,3.298822047523098
108.9,-1.884380477780542,3.3582448282391457
108.91,-1.8505097264689125,3.4141822514160802
108.92,-1.8160968327522204,3.466716051035832
108.93,-1.7811754054481959,3.5159350773495985
108.94,-1.7457781312052285,3.5619345348724303
108.95,-1.7099367147507474,3.6048152305740557
108.96000000000001,-1.6736818265937474,3.6446828371633773
108.97,-1.63704305800748,3.6816471757848146
108.98,-1.6000488830780513,3.715821521866942
108.99000000000001,-1.5627266275701412,3.7473219372960394
109.0,-1.5251024443321306,3.776266631536514
109.01,-1.487201294939411,3.8027753537927813
109.02,-1.4490469372562749,3.82696881780804
109.03,-1.41066191858325,3.8489681604284196
109.04,-1.3720675740477066,3.868894434629066
109.05,-1.333284029890669,3.886868137303795
109.06,-1.2943302113016308,3.9030087717631603
109.07000000000001,-1.255223854455406,3.9174344445674056
109.08,-1.2159815224102828,3.930261496040586
109.09,-1.1766186245345942,3.9416041635692167
109.10000000000001,-1.1371494391388985,3.9515742765818365
109.11,-1.0975871390029575,3.9602809819331695
109.12,-1.057943819500235,3.9678304982761112
109.13,-1.0182305290374352,3.9743258978943743
109.14,-0.9784573015423476,3.9798669143859757
109.15,-0.9386331907497156,3.984549774530389
109.16,-0.8987663060517397,3.988467052637717
109.17,-0.8588638496969613,3.9917075456642297
109.18,-0.8189321551384552,3.994356167382726
109.19,-0.7789767263493068,3.996493859916138
109.2,-0.7390022779401324,3.9981975209765133
109.21000000000001,-0.6990127759297766,3.9995399451969393
109.22,-0.6590114790361937,4.000589777999279
109.23,-0.6190009803697911,4.001411480504133
109.24000000000001,-0.5789832494261111,4.0020653040596255
109.25,-0.5389596742885987,4.0026072730411135
109.26,-0.49893110396528895,4.003089174653605
109.27,-0.4588978907955266,4.003558554551328
109.28,-0.4188599328742624,4.004058717173878
109.29,-0.37881671645204906,4.004628729784667
109.3,-0.3387673582785691,4.005303429284671
109.31,-0.29871064786635565,4.006113430961984
109.32000000000001,-0.25864508965932936,4.007085138425211
109.33,-0.21856894509785146,4.008240754055993
109.34,-0.17848027457820956,4.0095982894027
109.35000000000001,-0.1383769793097975,4.011171575023472
109.36,-0.09825684307774012,4.012970269372391
109.37,-0.05811757392234967,4.014999866407515
109.38,-0.017956845749589813,4.017261701684001
109.39,0.022227660111330344,4.019752956779597
109.4,0.06243821338600213,4.022466661983636
109.41,0.10267699335100305,4.025391697264367
109.42,0.1429460473312895,4.028512791613303
109.43,0.18324724918326912,4.03181052094925
109.44,0.2235822577502745,4.035261304849155
109.45,0.26395247528025223,4.038837402457805
109.46000000000001,0.3043590057994306,4.042506908013953
109.47,0.3448026134405313,4.046233746516641
109.48,0.38528368072976343,4.04997767014231
109.49000000000001,0.42580216684337746,4.053694256110694
109.5,0.4663575658519773,4.057334906785354
109.51,0.5069488649790846,4.060846852882724
109.52,0.5475745029096318,4.064173160751443
109.53,0.5882323281941134,4.0672527447711095
109.54,0.6289195578050539,4.070020386005767
109.55,0.6696327359142288,4.072406758331809
109.56,0.7103676929716902,4.074338463341754
109.57000000000001,0.751119505181064,4.075738075403435
109.58,0.7918824544797589,4.0765241983275
109.59,0.832649989147614,4.07661153516347
109.60000000000001,0.8734146851830283,4.07591097270438
109.61,0.9141682086017016,4.074329682330777
109.62,0.9549012788296439,4.0717712388646214
109.63,0.995603633378994,4.068135759130637
109.64,1.0362639940122567,4.0633200619347125
109.65,1.0768700346176883,4.057217851163905
109.66,1.1174083510355348,4.0497199236881025
109.67,1.1578644330914503,4.040714403697099
109.68,1.1982226391094768,4.03008700503626
109.69,1.2384661731921756,4.017721323006695
109.7,1.2785770655696105,4.00349915696954
109.71000000000001,1.318536156331566,3.987300864936267
109.72,1.3583230828683357,3.969005751135862
109.73,1.3979162713542832,3.948492487323354
109.74000000000001,1.4372929326148027,3.9256395683310408
109.75,1.476429062720904,3.900325802062812
109.76,1.515299448656059,3.8724308337925923
109.77,1.5538776793967557,3.8418357042502143
109.78,1.592136162741063,3.808423440562754
109.79,1.6300461482080109,3.7720796786680673
109.8,1.6675777563144245,3.732693315332463
109.81,1.70470001451466,3.6901571873895973
109.82000000000001,1.7413809000622162,3.6443687752772695
109.83,1.7775873900202053,3.595230927388491
109.84,1.813285518609986,3.5426526011797392
109.85000000000001,1.8484404420438,3.4865496164006093
109.86,1.8830165109379982,3.426845415234148
109.87,1.916977350348483,3.363471823576128
109.88,1.9502859474095207,3.2963698071453877
109.89,1.9829047464913907,3.2254902156180285
109.9,2.014795751721881,3.1507945075282207
109.91,2.045920636641955,3.0722554482905156
109.92,2.0762408606876916,2.9898577733859732
109.93,2.1057177921096746,2.903598808529924
109.94,2.13431283685829,2.8134890385151885
109.95,2.1619875728799784,2.7195526164125248
109.96000000000001,2.1887038891865407,2.6218278049201467
109.97,2.2144241289783815,2.5203673418948846
109.98,2.2391112360244385,2.415238722475368
109.99000000000001,2.262728903427889,2.3065243907265054
110.0,2.2852417238389684,2.194321834395755
110.01,2.306615340115804,2.078743577173373
110.02,2.326816595382436,1.9599170637858752
110.03,2.3458136813915216,1.8379844343158664
110.04,2.3635762840687535,1.7131021853201227
110.05,2.380075725097924,1.5854407165960605
110.06,2.3952850984006746,1.4551837638058283
110.07000000000001,2.4091794003740405,1.322527718585712
110.08,2.421735652772389,1.1876808392222724
110.09,2.4329330171584864,1.0508623564395319
110.10000000000001,2.44275289990118,0.9123014802860759
110.11,2.451179046764208,0.7722363155088141
110.12,2.458197626211356,0.6309126941230743
110.13,2.463797300646669,0.48858293510909667
110.14,2.4679692849135377,0.3455045422568043
110.15,2.470707391491805,0.20193885212019413
110.16,2.472008061955942,0.05814964480901941
110.17,2.471870384387986,-0.08559826907855755
110.18,2.4702960965743705,-0.22904047170600833
110.19,2.4672895749538655,-0.37191435759404695
110.2,2.46285780942249,-0.5139605357794237
110.21000000000001,2.4570103642382772,-0.6549242010235741
110.22,2.4497593254020185,-0.7945564610350355
110.23,2.4411192350175765,-0.9326156073441492
110.24000000000001,2.4311070132551356,-1.06886831832536
110.25,2.4197418686510694,-1.2030907838823577
110.26,2.4070451975774887,-1.3350697424719857
110.27,2.39304047380163,-1.464603422419285
110.28,2.377753129129103,-1.5915023808413205
110.29,2.3612104261848037,-1.7155902349235241
110.3,2.343441324430633,-1.8367042817507633
110.31,2.3244763405497886,-1.9546960043582213
110.32000000000001,2.3043474043434684,-2.0694314631075272
110.33,2.283087711287638,-2.180791572886258
110.34,2.2607315728857436,-2.2886722679510845
110.35000000000001,2.237314265928617,-2.3929845574663196
110.36,2.2128718817364175,-2.4936544759134525
110.37,2.187441176410348,-2.5906229335496893
110.38,2.1610594230654234,-2.683845472964335
110.39,2.133764266951061,-2.773291938514204
110.4,2.105593584295139,-2.85894606600972
110.41,2.0765853456308663,-2.94080500047163
110.42,2.0467774842857063,-3.0188787500870387
110.43,2.0162077706291255,-3.093189584667949
110.44,1.9849136925923474,-3.1637713869632775
110.45,1.95293234288986,-3.2306689651057416
110.46000000000001,1.9203003132902325,-3.2939373342989984
110.47,1.8870535962038801,-3.353640975579908
110.48,1.8532274937786346,-3.40985307913846
110.49000000000001,1.818856534621111,-3.462654779256746
110.5,1.7839743981934997,-3.512134387451412
110.51,1.7486138468720827,-3.558386629884007
110.52,1.7128066655958194,-3.601511894552794
110.53,1.6765836089810267,-3.6416154932093785
110.54,1.6399743557316317,-3.678806942364523
110.55,1.603007470133736,-3.713199267169346
110.56,1.5657103703882447,-3.7449083313892046
110.57000000000001,1.5281093035059519,-3.7740521961353015
110.58,1.4902293264655386,-3.8007505094896104
110.59,1.4520942933161598,-3.8251239286571934
110.60000000000001,1.4137268478923948,-3.8472935758103164
110.61,1.3751484217999534,-3.8673805283539817
110.62,1.3363792373253152,-3.8855053439445935
110.63,1.2974383149210615,-3.9017876202335895
110.64,1.2583434849206434,-3.916345588986469
110.65,1.2191114031413324,-3.9292957439444343
110.66,1.1797575700417549,-3.9407525015500076
110.67,1.140296353110332,-3.9508278934482237
110.68,1.1007410121727903,-3.9596312894996224
110.69,1.0611037273203396,-3.9672691498983137
110.7,1.021395629174824,-3.973844804875713
110.71000000000001,0.9816268312228255,-3.9794582603857336
110.72,0.9418064639671093,-3.9842060281079674
110.73,0.9019427106606661,-3.9881809780691744
110.74000000000001,0.8620428444057259,-3.9914722121678405
110.75,0.8221132664173093,-3.9941649568893287
110.76,0.7821595452679394,-3.9963404735179253
110.77,0.7421864569469508,-3.9980759841847737
110.78,0.7021980255842439,-3.99944461213525
110.79,0.6621975647042458,-4.0005153346539375
110.8,0.6221877188911651,-4.001352947148279
110.81,0.5821705057612803,-4.002018036961702
110.82000000000001,0.5421473581519312,-4.002566965562161
110.83,0.5021191664500371,-4.0030518578313705
110.84,0.4620863209953038,-4.003520597262535
110.85000000000001,0.4220487545047864,-4.004016825959146
110.86,0.3820059844761209,-4.004579948413681
110.87,0.34195715553651285,-4.005245138132213
110.88,0.3019010817134767,-4.006043346258474
110.89,0.2618362886113434,-4.00700131143845
110.9,0.22176105548470768,-4.008141570253855
110.91,0.18167345720626626,-4.009482467639631
110.92,0.14157140613191505,-4.011038166786832
110.93,0.10145269387052963,-4.012818658117858
110.94,0.06131503296955787,-4.01482976700605
110.95,0.021156098530408615,-4.01707315999613
110.96000000000001,-0.019026430230364738,-4.019546349366107
110.97,-0.059234828456913524,-4.022242695955097
110.98,-0.09947128414946668,-4.025151410265242
110.99000000000001,-0.13973785666221838,-4.02825755192969
111.0,-0.1800364351880605,-4.031542027722643
111.01,-0.22036869721667124,-4.034981588371829
111.02,-0.26073606695549706,-4.038548824518673
111.03,-0.3011396737070447,-4.042212162256896
111.04,-0.341580310200635,-4.045935858766415
111.05,-0.382058390882373,-4.049679998646219
111.06,-0.4225739101735594,-4.053400491637223
111.07000000000001,-0.46312640071511746,-4.05704907251395
111.08,-0.5037148916238384,-4.060573304011897
111.09,-0.5443378667953555,-4.0639165837454065
111.10000000000001,-0.5849932232987466,-4.0670181561582
111.11,-0.6256782299185195,-4.069813130635124
111.12,-0.6663894859114491,-4.072232506988141
111.13,-0.7071228800582823,-4.074203209611634
111.14,-0.7478735501036817,-4.075648131680485
111.15,-0.788635842691892,-4.076486190838227
111.16,-0.8294032739204462,-4.0766323978903545
111.17,-0.8701684906496991,-4.075997940078423
111.18,-0.9109232327220148,-4.074490280562005
111.19,-0.9516582962609393,-4.07201327577634
111.2,-0.9923634982375417,-4.0684673123616
111.21000000000001,-1.0330276425081715,-4.063749465372998
111.22,-1.0736384875450018,-4.057753679477377
111.23,-1.1141827160977191,-4.050370974819061
111.24000000000001,-1.154645907041383,-4.04148967919326
111.25,-1.1950125096815845,-4.030995688096779
111.26,-1.2352658208033187,-4.018772754130726
111.27,-1.2753879647641988,-4.004702807105997
111.28,-1.3153598769454384,-3.988666306047223
111.29,-1.3551612908851431,-3.9705426241024964
111.3,-1.3947707294274885,-3.950210467142723
111.31,-1.4341655002279978,-3.9275483265742785
111.32000000000001,-1.473321695958974,-3.9024349665907376
111.33,-1.5122141995598124,-3.8747499457531354
111.34,-1.5508166948740367,-3.8443741724135516
111.35000000000001,-1.5891016830080833,-3.8111904930844585
111.36,-1.6270405047357257,-3.7750843124077837
111.37,-1.664603369256239,-3.735944242895389
111.38,-1.7017593895936334,-3.6936627821000485
111.39,-1.7384766248982397,-3.648137014337458
111.4,-1.7747221298803826,-3.599269333520849
111.41,-1.810462011568657,-3.5469681830970887
111.42,-1.8456614935423246,-3.491148808494551
111.43,-1.8802849877385481,-3.4317340169174693
111.44,-1.914296173880674,-3.3686549387589357
111.45,-1.947658086513727,-3.301851784366184
111.46000000000001,-1.980333209567998,-3.231274589389078
111.47,-2.0122835783015085,-3.1568839414882834
111.48,-2.0434708883977635,-3.0786516807863293
111.49000000000001,-2.073856611917235,-2.99656156612569
111.5,-2.103402119720277,-2.9106098989660643
111.51,-2.132068809896556,-2.82080609662059
111.52,-2.159818241652689,-2.7271732065093692
111.53,-2.1866122740267437,-2.629748353208693
111.54,-2.2124132087168626,-2.5285831103044094
111.55,-2.2371839362328316,-2.423743789424587
111.56,-2.2608880845053547,-2.3153116393342112
111.57000000000001,-2.283490169019516,-2.2033829486245513
111.58,-2.3049557434778456,-2.0880690463204807
111.59,-2.325251549945926,-1.9694961956555905
111.60000000000001,-2.3443456673909577,-1.8478053773191154
111.61,-2.3622076574923083,-1.7231519596488265
111.62,-2.3788087065839343,-1.5957052545149903
111.63,-2.394121762582608,-1.4656479589939182
111.64,-2.4081216657638125,-1.3331754843442063
111.65,-2.420785272269492,-1.198495175250623
111.66,-2.4320915692688247,-1.061825423763761
111.67,-2.442021780744767,-0.9233946838106097
111.68,-2.450559462945037,-0.7834403935538472
111.69,-2.4576905886158444,-0.6422078142075733
111.7,-2.463403619229189,-0.4999487951467403
111.71000000000001,-2.4676895645187793,-0.35692047625049705
111.72,-2.4705420287541986,-0.2133839393720695
111.73,-2.4719572433062207,-0.06960282160859083
111.74000000000001,-2.4719340851863705,0.07415809636399734
111.75,-2.4704740813789408,0.2176343132366325
111.76,-2.467581398921638,0.360563027461201
111.77,-2.463262820829717,0.5026845412983408
111.78,-2.4575277080956712,0.6437436349764798
111.79,-2.4503879481301873,0.7834908978806069
111.8,-2.4418578901380594,0.9216840043486609
111.81,-2.4319542680432145,1.0580889224963659
111.82000000000001,-2.4206961116881325,1.1924810454990502
111.83,-2.4081046471332335,1.3246462359093556
111.84,-2.394203186969945,1.4543817748579275
111.85000000000001,-2.379017011636075,1.581497209343401
111.86,-2.362573242783077,1.7058150922402797
111.87,-2.3449007097912693,1.8271716111102454
111.88,-2.3260298105608723,1.9454171033659562
111.89,-2.30599236772395,2.060416456779496
111.9,-2.2848214814252823,2.172049395724985
111.91,-2.2625513798094503,2.280210654873404
111.92,-2.239217268327814,2.3848100432970605
111.93,-2.2148551789435094,2.4857724030740753
111.94,-2.189501820266333,2.583037467495779
111.95,-2.163194429593594,2.6765596248615187
111.96000000000001,-2.1359706277691024,2.7663075945889157
111.97,-2.1078682777018156,2.8522640229694303
111.98,-2.078925347309714,2.934425006358638
111.99000000000001,-2.049179777574643,3.012799549910331
112.0,-2.0186693563115075,3.087408970148492
112.01,-1.987431598171673,3.158286249728755
112.02,-1.9555036313169323,3.2254753526803235
112.03,-1.9229220911180667,3.28903050825139
112.04,-1.8897230211519045,3.349015471217632
112.05,-1.8559417816937138,3.4055027661670803
112.06,-1.8216129658285627,3.458572922858506
112.07000000000001,-1.7867703232365435,3.50831370927748
112.08,-1.751446691643013,3.5548193684972267
112.09,-1.715673935866599,3.5981898649025643
112.10000000000001,-1.6794828943449618,3.6385301447661518
112.11,-1.6429033329712759,3.675949415587612
112.12,-1.6059639060332092,3.710560448027539
112.13,-1.568692124010725,3.742478903698477
112.14,-1.5311143279592396,3.7718226915211255
112.15,-1.4932556701803024,3.7987113548225753
112.16,-1.4551401008627882,3.8232654908494577
112.17,-1.4167903603633134,3.8456062038965784
112.18,-1.3782279767848566,3.865854592813952
112.19,-1.3394732685070343,3.884131273254245
112.2,-1.3005453513197718,3.900555934659727
112.21000000000001,-1.2614621498138399,3.915246931663343
112.22,-1.222240412686505,3.9283209092922884
112.23,-1.182895731627994,3.9398924611137005
112.24000000000001,-1.143442563464231,3.9500738192494733
112.25,-1.1038942552430044,3.9589745750091714
112.26,-1.0642630719640473,3.9667014287445737
112.27,-1.0245602266681129,3.973357967414347
112.28,-0.9847959126157603,3.9790444682604327
112.29,-0.9449793373029042,3.98385772693652
112.3,-0.9051187580770298,3.987890908391009
112.31,-0.8652215191350839,3.991233418789779
112.32000000000001,-0.8252940897012343,3.993970796765436
112.33,-0.7853421031997753,3.9961846222973088
112.34,-0.7453703972552881,3.997952441558132
112.35000000000001,-0.7053830543686127,3.9993477061070184
112.36,-0.6653834431331478,4.000439724862209
112.37,-0.6253742598713685,4.001293627349396
112.38,-0.5853575705861598,4.001970336790657
112.39,-0.5453348531355553,4.002526551673766
112.4,-0.5053070395526844,4.003014734520739
112.41,-0.4652745584451405,4.00348310665673
112.42,-0.42523737741954987,4.00397564786504
112.43,-0.3851950454878397,4.004532099900178
112.44,-0.34514673542154634,4.005187972917988
112.45,-0.30509128602947994,4.005974553969448
112.46000000000001,-0.26502724434215735,4.006918916792222
112.47,-0.2249529076936355,4.008043932221402
112.48,-0.1848663656977293,4.009368278627678
112.49000000000001,-0.14476554212108192,4.010906451877457
112.5,-0.10464823666018015,4.012668774395109
112.51,-0.06451216663317974,4.014661402992579
112.52,-0.02435500860032857,4.01688633521616
112.53,0.015825560071143465,4.019341414044345
112.54,0.056031819680558335,4.022020330854546
112.55,0.09626596668823437,4.024912626660176
112.56,0.13653007221376184,4.028003691703417
112.57000000000001,0.17682604052230272,4.031274763572936
112.58,0.21715556748522058,4.0347029241001975
112.59,0.25752009900430667,4.038261095372844
112.60000000000001,0.2979207893926775,4.04191803528907
112.61,0.33835845971008816,4.045638333162958
112.62,0.3788335560559367,4.049382405977517
112.63,0.41934610782963855,4.053106495969471
112.64,0.4598956859753262,4.056762670317618
112.65,0.500481361235991,4.060298823794624
112.66,0.5411016624512187,4.06365868533006
112.67,0.5817545349425922,4.066781829519949
112.68,0.6224372990416178,4.0696036942045195
112.69,0.6631466088266826,4.072055605320558
112.7,0.703878411148029,4.074064810317025
112.71000000000001,0.7446279050330231,4.075554521501301
112.72,0.785389501578055,4.076443970757673
112.73,0.8261567844481765,4.076648477148016
112.74000000000001,0.8669224711210153,4.076079528965773
112.75,0.907678375027492,4.074644881866579
112.76,0.948415368758347,4.072248674740559
112.77,0.9891233485223033,4.068791565020494
112.78,1.029791200058757,4.064170885134625
112.79,1.0704067662249959,4.058280821810676
112.8,1.1109568164949704,4.051012619916477
112.81,1.1514270186233253,4.042254812479857
112.82000000000001,1.1918019127445676,4.0318934784639655
112.83,1.2320648881926046,4.019812529781308
112.84,1.2721981633401935,4.005894028908259
112.85000000000001,1.3121827687707697,3.990018538309283
112.86,1.3519985341063792,3.9720655026944347
112.87,1.3916240788246586,3.951913664913124
112.88,1.4310368074046418,3.9294415160299008
112.89,1.4702129091452565,3.90452777983316
112.9,1.509127363001305,3.87705193169442
112.91,1.5477539477791449,3.8468947513241876
112.92,1.5860652580277885,3.8139389085610493
112.93,1.6240327259503657,3.7780695808849187
112.94,1.6616266496454868,3.739175100865712
112.95,1.69881622796768,3.697147631248372
112.96000000000001,1.7355696022704543,3.651883864838486
112.97,1.7718539052644495,3.603285745795177
112.98,1.8076353171863577,3.551261208366087
112.99000000000001,1.8428791294317712,3.495724928520821
113.0,1.877549815756774,3.4365990833630566
113.01,1.9116111110990324,3.3738141126375494
113.02,1.945026098009525,3.307309476107408
113.03,1.9777573006211804,3.2370344000709848
113.04,2.0097667860109447,3.162948605828976
113.05,2.04101627273776,3.085023012513709
113.06,2.071467246261219,3.0032404063671287
113.07000000000001,2.101081080865103,2.917596068314641
113.08,2.1298191676275118,2.8280983515411684
113.09,2.157643047895926,2.734769200745173
113.10000000000001,2.1845145516424154,2.6376446048364057
113.11,2.210395939992654,2.536774975062565
113.12,2.2352500511436664,2.4322254409056967
113.13,2.259040448810768,2.3240760565854237
113.14,2.281731572275375,2.2124219116447
113.15,2.303288887043662,2.09737313987334
113.16,2.3236790350728413,1.979054821740564
113.17,2.3428699834784728,1.8576067765522128
113.18,2.3608311706038854,1.7331832417096864
113.19,2.3775336483126663,1.6059524377112109
113.2,2.39295021935811,1.476096018883644
113.21000000000001,2.4070555686903394,1.3438084112435784
113.22,2.4198263875829817,1.2092960403363144
113.23,2.431241489497066,1.0727764533645305
113.24000000000001,2.4412819166502726,0.934477341367827
113.25,2.449931036324423,0.7946354686215444
113.26,2.4571746260227036,0.6534955177599944
113.27,2.4630009466796228,0.5113088603677571
113.28,2.4674008032300585,0.3683322638966536
113.29,2.470367591957556,0.2248265467312032
113.3,2.471897334164683,0.08105519402053799
113.31,2.471988695837967,-0.06271705249795495
113.32000000000001,2.470642993114724,-0.20622561705225273
113.33,2.4678641834969217,-0.3492075109406575
113.34,2.4636588428959105,-0.4914027383825519
113.35000000000001,2.4580361287292702,-0.632555673544607
113.36,2.451007729425018,-0.772416395616788
113.37,2.442587800816934,-0.9107419694565864
113.38,2.432792890035886,-1.047297660148864
113.39,2.421641847613957,-1.1818580708240636
113.4,2.409155728619405,-1.3142081942174235
113.41,2.3953576837296087,-1.4441443697115932
113.42,2.380272841225173,-1.5714751389580472
113.43,2.3639281809504475,-1.6960219945909851
113.44,2.346352401333353,-1.8176200180026287
113.45,2.327575780590395,-1.936118403612835
113.46000000000001,2.307630033261096,-2.0513808685116217
113.47,2.286548163220162,-2.1632859477550785
113.48,2.2643643143059946,-2.2717271769299408
113.49000000000001,2.2411136196815633,-2.3766131648492546
113.5,2.216832051009009,-2.4778675603835354
113.51,2.1915562684738923,-2.5754289184543824
113.52,2.1653234726399213,-2.669250471109815
113.53,2.138171259051696,-2.759299810355342
113.54,2.1101374764328145,-2.8455584900279196
113.55,2.0812600892511375,-2.928021554470786
113.56,2.051577045343399,-3.0066970020978476
113.57000000000001,2.0211261492091808,-3.0816051921317307
113.58,1.9899449415007646,-3.1527782028669686
113.59,1.9580705851518416,-3.2202591497582422
113.60000000000001,1.9255397585055998,-3.284101471473729
113.61,1.892388555722367,-3.344368191797335
113.62,1.8586523946696532,-3.401131164923416
113.63,1.8243659324238986,-3.4544703112765225
113.64,1.7895629884441224,-3.504472850519772
113.65,1.754276475413503,-3.5512325379014724
113.66,1.7185383376860928,-3.5948489095428706
113.67,1.6823794972226453,-3.635426541702062
113.68,1.6458298068520516,-3.6730743284708236
113.69,1.608918010653229,-3.7079047817822337
113.7,1.5716717112164071,-3.7400333570360624
113.71000000000001,1.534117343512508,-3.7695778070935386
113.72,1.4962801550745364,-3.7966575668596727
113.73,1.4581841921753145,-3.8213931701650354
113.74000000000001,1.4198522916712357,-3.8439057001839396
113.75,1.3813060781716358,-3.86431627418546
113.76,1.3425659661875264,-3.8827455630098577
113.77,1.3036511669114386,-3.899313345296984
113.78,1.2645796992815868,-3.914138096165718
113.79,1.2253684049881242,-3.9273366097542257
113.8,1.1860329670865024,-3.939023654779109
113.81,1.146587931892542,-3.949311662056103
113.82000000000001,1.1070467338453802,-3.958310442744249
113.83,1.067421723037657,-3.9661269359275013
113.84,1.02772419512683,-3.9728649840303802
113.85000000000001,0.9879644233570494,-3.978625134475192
113.86,0.9481516924373263,-3.98350446592518
113.87,0.9082943340385458,-3.9875964374182433
113.88,0.8683997636889614,-3.9909907586771816
113.89,0.8284745188650021,-3.9937732798824133
113.9,0.7885242980913131,-3.9960258992094952
113.91,0.7485540008808121,-3.9978264864643824
113.92,0.7085677683620254,-3.999248821192168
113.93,0.6685690244569688,-4.000362543688163
113.94,0.6285605174882621,-4.001233117401877
113.95,0.5885443621089311,-4.001921801293201
113.96000000000001,0.548522081462398,-4.002485630774448
113.97,0.5084946494934421,-4.002977405950654
113.98,0.46846253334338495,-4.003445685952638
113.99000000000001,0.4284257357743894,-4.0039347882417555
114.0,0.3883838375785499,-4.004484791851377
114.01,0.34833603993736195,-4.005131543617182
114.02,0.3082812067062063,-4.005906666535849
114.03,0.26821790660664496,-4.0068375694793
114.04,0.22814445531662028,-4.0079474575789735
114.05,0.1880589574550655,-4.009255342681482
114.06,0.14795934846299064,-4.010776053363322
114.07000000000001,0.10784343638779906,-4.012520244078015
114.08,0.06770894358143031,-4.014494403094172
114.09,0.027553548325915597,-4.016700858967549
114.10000000000001,-0.012625073597920656,-4.019137785374334
114.11,-0.05282920738157108,-4.021799204216778
114.12,-0.09306105768225623,-4.024674986996005
114.13,-0.1333227071214912,-4.027750854530631
114.14,-0.17361607477286886,-4.0310083751837755
114.15,-0.2139428746251667,-4.034424961845363
114.16,-0.2543045740097761,-4.0379738680014245
114.17,-0.2947023519851952,-4.041624183307482
114.18,-0.3351370576759257,-4.045340829169123
114.19,-0.3756091685685776,-4.049084554919566
114.2,-0.41611874877431704,-4.0528119352712855
114.21000000000001,-0.4566654072740033,-4.056475369806534
114.22,-0.49724825617044766,-4.060023085359597
114.23,-0.5378658689811953,-4.063399142231606
114.24000000000001,-0.5785162390150799,-4.066543445266238
114.25,-0.6191967378865201,-4.0693917609011665
114.26,-0.6599040742331032,-4.0718757413950035
114.27,-0.7006342527144201,-4.0739229575119476
114.28,-0.7413825333833421,-4.0754569410253945
114.29,-0.782143391534928,-4.0763972384764005
114.3,-0.8229104781528701,-4.076659477691767
114.31,-0.8636765810887633,-4.0761554486282705
114.32000000000001,-0.9044335871254355,-4.074793200162591
114.33,-0.9451724450920151,-4.072477154489094
114.34,-0.9858831302152175,-4.069108240817827
114.35000000000001,-1.0265546099083718,-4.064584050080933
114.36,-1.0671748112168362,-4.058799012354905
114.37,-1.10773059015547,-4.0516445986865
114.38,-1.1482077031905662,-4.043009548969232
114.39,-1.1885907811348546,-4.032780127452826
114.4,-1.2288633057396228,-4.020840407377332
114.41,-1.2690075892824013,-4.0070725861044565
114.42,-1.309004757461712,-3.9913573319686604
114.43,-1.3488347359217747,-3.973574163887653
114.44,-1.3884762407394653,-3.953601864554137
114.45,-1.4279067732128576,-3.9313189277764273
114.46000000000001,-1.4671026192949939,-3.906604040243713
114.47,-1.5060388540177319,-3.879336597661568
114.48,-1.5446893512482254,-3.849397254834713
114.49000000000001,-1.5830267991144262,-3.8166685088676156
114.5,-1.6210227214255777,-3.781035314210638
114.51,-1.658647505398639,-3.742385727802372
114.52,-1.695870435981625,-3.7006115820507453
114.53,-1.732659737039654,-3.6556091828607253
114.54,-1.7689826196388396,-3.6072800293603198
114.55,-1.8048053376268605,-3.555531551405571
114.56,-1.8400932506669512,-3.5002778603670235
114.57000000000001,-1.8748108948342008,-3.441440508123429
114.58,-1.9089220608294197,-3.378949248623144
114.59,-1.9423898798066637,-3.312742795830523
114.60000000000001,-1.97517691674603,-3.2427695713654052
114.61,-2.0072452712339715,-3.1689884346807693
114.62,-2.0385566854396453,-3.091369388219773
114.63,-2.0690726589983672,-3.009894249661617
114.64,-2.098754570432878,-2.9245572831189985
114.65,-2.1275638046607472,-2.835365781000832
114.66,-2.1554618860528945,-2.7423405882141307
114.67,-2.18241061642503,-2.645516560459009
114.68,-2.2083722172620748,-2.544942948579598
114.69,-2.233309475396622,-2.4406837012782665
114.7,-2.25718589128764,-2.3328176789855264
114.71000000000001,-2.2799658289763323,-2.221438772305238
114.72,-2.3016146667337445,-2.106655919223228
114.73,-2.3220989473607965,-1.988593016172782
114.74000000000001,-2.3413865270572,-1.8673887190850387
114.75,-2.359446721742497,-1.7431961317049012
114.76,-2.3762504496912977,-1.6161823797091168
114.77,-2.3917703693366796,-1.4865280705048238
114.78,-2.4059810111013946,-1.3544266399932383
114.79,-2.4188589021365443,-1.2200835890307644
114.8,-2.43038268288201,-1.0837156137829784
114.81,-2.440533214412204,-0.9455496356184241
114.82000000000001,-2.449293675594378,-0.805821737600774
114.83,-2.456649649164219,-0.6647760159812969
114.84,-2.4625891959140036,-0.52266335634089
114.85000000000001,-2.4671029162910365,-0.37974014515573273
114.86,-2.4701839988171184,-0.23626692853848794
114.87,-2.4718282548618067,-0.09250703071637487
114.88,-2.4720341394314462,0.051274854569734574
114.89,-2.470802757770412,0.1948140861388634
114.9,-2.4681378577086686,0.33784749709785855
114.91,-2.4640458078284544,0.48011480240861987
114.92,-2.458535561660496,0.6213599786977815
114.93,-2.4516186082544986,0.7613326031403116
114.94,-2.4433089095976896,0.8997891388771748
114.95,-2.4336228254769554,1.0364941552420741
114.96000000000001,-2.422579026492848,1.1712214720551586
114.97,-2.410198396035852,1.3037552183708345
114.98,-2.3965039221254316,1.43389079731799
114.99000000000001,-2.3815205800894925,1.561435750017519
115.0,-2.3652752071250815,1.6862105129761753
115.01,-2.347796369829969,1.8080490648090977
115.02,-2.3291142258288997,1.9267994596076723
115.03,-2.3092603806378156,2.0423242457174933
115.04,-2.2882677409145495,2.1545007700974343
115.05,-2.266170365235867,2.263221369771774
115.06,-2.243003313519114,2.368393453142143
115.07000000000001,-2.218802496173024,2.469939475076978
115.08,-2.1936045240175748,2.567796810728649
115.09,-2.1674465599584516,2.661917533931475
115.10000000000001,-2.1403661733389456,2.7522681067996633
115.11,-2.1124011978224586,2.8388289877687516
115.12,-2.0835895935835707,2.921594165806225
115.13,-2.053969314506334,3.000570628858686
115.14,-2.023578181006397,3.0757777748089303
115.15,-1.9924537590101552,3.1472467732935328
115.16,-1.9606332455405264,3.215019886689071
115.17,-1.9281533612763742,3.2791497584234794
115.18,-1.895050250372057,3.3396986765199546
115.19,-1.861359387745975,3.3967378199468703
115.2,-1.8271154939731196,3.450346494941273
115.21000000000001,-1.7923524578471497,3.5006113680087125
115.22,-1.7571032666129454,3.547625701791313
115.23,-1.7213999438113232,3.591488599451434
115.24000000000001,-1.6852734946239165,3.6323042626516706
115.25,-1.64875385855829,3.67018126763416
115.26,-1.6118698692712334,3.7052318633229677
115.27,-1.5746492212918306,3.7375712948015125
115.28,-1.5371184433752032,3.7673171549601387
115.29,-1.4993028781926276,3.794588766573558
115.3,-1.461226668043732,3.81950659655927
115.31,-1.4229127462614424,3.8421917036905073
115.32000000000001,-1.3843828339699218,3.862765220593897
115.33,-1.3456574418495644,3.881347870455181
115.34,-1.3067558765608183,3.8980595184873184
115.35000000000001,-1.267696251479818,3.913018757884684
115.36,-1.2284955014031247,3.9263425296948014
115.37,-1.1891694008859222,3.9381457757843763
115.38,-1.1497325858874372,3.94854112385814
115.39,-1.1101985784087594,3.9576386033055955
115.4,-1.0705798138213252,3.965545390500265
115.41,-1.030887670598754,3.9723655820563093
115.42,-0.991132502180199,3.9781999944561695
115.43,-0.9513236707096306,3.983145988397727
115.44,-0.9114695824122445,3.987297316167975
115.45,-0.8715777243862712,3.990743990329935
115.46000000000001,-0.8316547026056459,3.993572172008143
115.47,-0.7917062809461084,3.995864077073165
115.48,-0.7517374210641826,3.997697898555184
115.49000000000001,-0.7117523229750047,3.9991477436585865
115.5,-0.6717544661910109,4.000283583801828
115.51,-0.6317466512989682,4.001171216167971
115.52,-0.5917310418676515,4.001872235319481
115.53,-0.5517092065925785,4.002444013504841
115.54,-0.5116821615975546,4.002939688363002
115.55,-0.4716504128253185,4.003408156813491
115.56,-0.4316139984612848,4.003894074004372
115.57000000000001,-0.39157253134523107,4.004437856276143
115.58,-0.35152524133576196,4.005075687186733
115.59,-0.3114710176014964,4.005839525730204
115.60000000000001,-0.2714084508211579,4.006757115969334
115.61,-0.23133587528210972,4.007851997389631
115.62,-0.19125141087336525,4.00914351536923
115.63,-0.1511530049747251,4.010646831245488
115.64,-0.1110384742484555,4.012372931544855
115.65,-0.07090554634382802,4.014328636027756
115.66,-0.030751901527900385,4.016516604284833
115.67,0.009424785741868644,4.018935340705108
115.68,0.049626805286201774,4.021579197720479
115.69,0.08985636969627823,4.02443837731476
115.7,0.13011557283249697,4.027498930869178
115.71000000000001,0.1704063483136618,4.030742757500241
115.72,0.2107304279825018,4.034147601130134
115.73,0.2510893003362645,4.037687046614575
115.74000000000001,0.2914841689147933,4.041330515338406
115.75,0.33191591064303255,4.045043260775136
115.76,0.372385034130296,4.048786364593325
115.77,0.4128916379348991,4.052516733979898
115.78,0.453435368809894,4.056187100938227
115.79,0.4940153799536636,4.059746024406817
115.8,0.5346302892980304,4.063137896132401
115.81,0.5752781378763117,4.066302951318868
115.82000000000001,0.6159563483244077,4.069177285160007
115.83,0.6566616835795118,4.071692876449169
115.84,0.6973902058533911,4.073777619541566
115.85000000000001,0.7381372359703431,4.075355366024346
115.86,0.7788973131738779,4.076345977524569
115.87,0.8196641555208344,4.07666539115461
115.88,0.8604306209969701,4.0762256991569
115.89,0.9011886695039724,4.074935244363688
115.9,0.9419293258842438,4.072698733131014
115.91,0.9826426441665926,4.069417367437349
115.92,1.0233176732329907,4.0649889978544245
115.93,1.0639424241236812,4.0593082990983955
115.94,1.1045038392149589,4.052266969851456
115.95,1.1449877635207104,4.0437539585049365
115.96000000000001,1.1853789183850576,4.033655716412303
115.97,1.2256608778489564,4.021856480152023
115.98,1.265816047988098,4.008238584183411
115.99000000000001,1.3058256495326248,3.9926828051311505
116.0,1.345669704090721,3.975068738753926
116.01,1.3853270243077034,3.9552752104376934
116.02,1.4247752082994751,3.933180719802807
116.03,1.4639906387037596,3.908663919725419
116.04,1.5029484866939835,3.88160412974646
116.05,1.5416227212986886,3.851881883475943
116.06,1.579986124363502,3.819379509196917
116.07000000000001,1.6180103114826268,3.783981742433319
116.08,1.6556657592121684,3.745576368771543
116.09,1.6929218388580578,3.70405489471981
116.10000000000001,1.7297468571065648,3.6593132438566074
116.11,1.76610810373519,3.611252474964816
116.12,1.801971906605861,3.55977951827807
116.13,1.8373036941007512,3.5048079253879347
116.14,1.8720680651136197,3.446258627783312
116.15,1.9062288666564176,3.384060698426875
116.16,1.9397492790821573,3.3181521102280183
116.17,1.972591908860978,3.24848048475942
116.18,2.0047188887773455,3.1750038240971867
116.19,2.0360919853429214,3.0976912182554774
116.2,2.066672713142455,3.0165235203485183
116.21000000000001,2.096422455749892,2.931493981359006
116.22,2.125302592769635,2.842608836234586
116.23,2.1532746324745835,2.7498878329852134
116.24000000000001,2.180300349429339,2.653364696524368
116.25,2.2063419264050705,2.553087519195381
116.26,2.231362099813247,2.4491190702577494
116.27,2.2553243078102256,2.3415370170819623
116.28,2.2781928401548863,2.2304340514173266
116.29,2.2999329888385724,2.1159179148545992
116.3,2.3205111984519786,1.9981113184999444
116.31,2.3398952152085717,1.8771517529013675
116.32000000000001,2.3580542335100056,1.7531911854124542
116.33,2.3749590389168205,1.6263956434266582
116.34,2.390582146378539,1.4969446832509354
116.35000000000001,2.4048979325818394,1.3650307457895732
116.36,2.4178827612943303,1.2308584016543016
116.37,2.429515100614925,1.0946434897796893
116.38,2.4397756310899243,0.956612155076263
116.39,2.4486473437164507,0.8169997920696275
116.4,2.456115626931317,0.6760499028237074
116.41,2.462168341772925,0.5340128787022015
116.42,2.4667958845053612,0.39114471665781214
116.43,2.469991236106081,0.24770568172921686
116.44,2.4717499981399453,0.103958928249277
116.45,2.4720704146710664,-0.039830907093771434
116.46000000000001,2.470953379998069,-0.18339912676182193
116.47,2.4684024321358295,-0.326482394629863
116.48,2.4644237321054723,-0.4688201451831615
116.49000000000001,2.4590260292321666,-0.6101559660266426
116.5,2.4522206127849393,-0.7502389404963283
116.51,2.4440212504222396,-0.8888249377758861
116.52,2.4344441140294215,-1.0256778387219918
116.53,2.4235076936478,-1.1605706865724652
116.54,2.411232700297972,-1.2932867528295864
116.55,2.397641958591208,-1.4236205098534165
116.56,2.3827602901009035,-1.551378503039938
116.57000000000001,2.3666143885304094,-1.6763801168686205
116.58,2.3492326877635312,-1.7984582305552592
116.59,2.3306452239193045,-1.9174597605103922
116.60000000000001,2.3108834925533235,-2.0332460882539536
116.61,2.289980302154225,-2.145693373847292
116.62,2.2679696250763777,-2.254692756250624
116.63,2.244886447029213,-2.3601504432763565
116.64,2.2207666162108506,-2.461987694968481
116.65,2.1956466931298433,-2.5601407052806255
116.66,2.1695638021052384,-2.6545603878389903
116.67,2.1425554853730637,-2.745212072353388
116.68,2.1146595606581706,-2.832075118875448
116.69,2.0859139829955544,-2.915142457596448
116.7,2.0563567115062416,-2.9944200622300117
116.71000000000001,2.0260255817509543,-3.0699263652414226
116.72,1.994958184201413,-3.141691623272539
116.73,1.9631917492855036,-3.2097572410779622
116.74000000000001,1.9307630393798536,-3.2741750621447503
116.75,1.8977082480426082,-3.3350066339262154
116.76,1.8640629067013292,-3.392322455292671
116.77,1.829861798936755,-3.446201213401333
116.78,1.7951388824333026,-3.4967290167270084
116.79,1.7599272186022146,-3.5439986304875535
116.8,1.7242589098235515,-3.588108720155753
116.81,1.6881650441990996,-3.629163108184052
116.82000000000001,1.6516756476598706,-3.6672700484912824
116.83,1.6148196432292743,-3.702541522681113
116.84,1.5776248172062484,-3.7350925613892687
116.85000000000001,1.5401177920014888,-3.765040593598255
116.86,1.5023240053342832,-3.792504826221025
116.87,1.4642676954770684,-3.817605655744118
116.88,1.425971892219401,-3.840464113240612
116.89,1.387458413212256,-3.861201343617087
116.9,1.348747865347059,-3.8799381195489615
116.91,1.3098596508212768,-3.896794390186493
116.92,1.2708119775433293,-3.9118888643800975
116.93,1.2316218735336748,-3.925338627878289
116.94,1.1923052049857634,-3.9372587936939403
116.95,1.152876697659796,-3.947762184613456
116.96000000000001,1.1133499612934943,-3.956959046637321
116.97,1.0737375167270493,-3.964956791987445
116.98,1.034050825453745,-3.971859770194645
116.99000000000001,0.9943003213231564,-3.9777690656861835
117.0,0.9544954441400214,-3.9827823202261428
117.01,0.9146446749186334,-3.9869935785181405
117.02,0.8747555725696586,-3.9904931552579987
117.03,0.8348348118134735,-3.9933675219211655
117.04,0.7948882221312353,-3.9956992115836028
117.05,0.7549208275818015,-3.9975667401033306
117.06,0.7149368873291687,-3.999044542030824
117.07000000000001,0.6749399367411849,-4.000202919668033
117.08,0.6349328289358079,-4.001108003756264
117.09,0.5949177766660596,-4.001821724340853
117.10000000000001,0.554896394448991,-4.002401790434131
117.11,0.5148697408573771,-4.002901677176291
117.12,0.4748383609054652,-4.003370619275391
117.13,0.4348023284718693,-4.003853609591874
117.14,0.3947612887136277,-4.004391401818817
117.15,0.3547145004354929,-4.005020516296118
117.16,0.3146608783877053,-4.005773248084234
117.17,0.2745990354738082,-4.00667767651071
117.18,0.2345273248574911,-4.007757675490081
117.19,0.19444388196400658,-4.009032924004697
117.2,0.15434666637739716,-4.010518916220447
117.21000000000001,0.11423350363959765,-4.012226970797147
117.22,0.07410212696145424,-4.014164239038552
117.23,0.03395021885882662,-4.016333711611648
117.24000000000001,-0.006224547270778735,-4.018734223649066
117.25,-0.04642446561415471,-4.021360458132374
117.26,-0.08665175643342622,-4.024202947537785
117.27,-0.1269085245649104,-4.02724807380952
117.28,-0.1671967179096166,-4.030478066810045
117.29,-0.2075180859011113,-4.033871001480612
117.3,-0.24787413793922886,-4.037400794030265
117.31,-0.28826610178171663,-4.041037197556773
117.32000000000001,-0.32869488189036433,-4.044745797588825
117.33,-0.3691610177334931,-4.048488008125466
117.34,-0.4096646420528736,-4.052221068835894
117.35000000000001,-0.45020543911021094,-4.055898044170448
117.36,-0.49078260293628256,-4.05946782522162
117.37,-0.5313947956146434,-4.0628751352619
117.38,-0.5720401056415206,-4.066060539972916
117.39,-0.6127160064141017,-4.068960463467025
117.4,-0.6534193149108611,-4.07150721128774
117.41,-0.6941461506398565,-4.0736290016582455
117.42,-0.734891894944026,-4.075250006326965
117.43,-0.7756511507663958,-4.0762904024345135
117.44,-0.8164177029927162,-4.076666436896281
117.45,-0.8571844795043213,-4.076290504857875
117.46000000000001,-0.8979435130898736,-4.075071243835183
117.47,-0.938685904381025,-4.072913645195195
117.48,-0.9794017859937776,-4.0697191846660585
117.49000000000001,-1.020080288074346,-4.06538597358308
117.5,-1.060709505465439,-4.059808932579437
117.51,-1.1012764667259347,-4.052879989413902
117.52,-1.141767105253717,-4.044488302590517
117.53,-1.1821662327777451,-4.034520512364585
117.54,-1.222457515501009,-4.022861020642951
117.55,-1.2626234531906042,-4.009392301172117
117.56,-1.3026453615244513,-3.993995241262777
117.57000000000001,-1.3425033580158598,-3.976549516121831
117.58,-1.382176351846888,-3.956933996650807
117.59,-1.421642037948876,-3.9350271913213035
117.60000000000001,-1.4608768956733138,-3.910707722452259
117.61,-1.499856192397921,-3.883854836889806
117.62,-1.5385539924111098,-3.8543489507279824
117.63,-1.5769431714124804,-3.8220722273080967
117.64,-1.6149954369572717,-3.7869091872973435
117.65,-1.6526813551584272,-3.7487473491754684
117.66,-1.689970383940781,-3.7074778979548824
117.67,-1.726830913117525,-3.662996379428811
117.68,-1.7632303115293573,-3.615203416688916
117.69,-1.7991349814513031,-3.5640054450847276
117.7,-1.8345104204310516,-3.509315461219595
117.71000000000001,-1.869321290675695,-3.451053781000271
117.72,-1.9035314960510572,-3.389148801189426
117.73,-1.9371042666994838,-3.3235377583629453
117.74000000000001,-1.9700022512183162,-3.2541674786584314
117.75,-2.002187616272652,-3.1809951112301156
117.76,-2.0336221534429186,-3.1039888379112206
117.77,-2.0642673930308773,-3.023128551240696
117.78,-2.094084724467733,-2.938406492750156
117.79,-2.12303552288588,-2.849827843241423
117.8,-2.1510812813325613,-2.757411256727139
117.81,-2.178183748020423,-2.6611893297672413
117.82000000000001,-2.204305067927906,-2.561208998121905
117.83,-2.2294079279828614,-2.457531852964159
117.84,-2.2534557049871897,-2.3502343693578003
117.85000000000001,-2.2764126153700177,-2.2394080403108085
117.86,-2.2982438657934057,-2.1251594104606744
117.87,-2.3189158035792308,-2.0076100043320166
117.88,-2.338396065880046,-1.8868961451215238
117.89,-2.356653726481661,-1.7631686610999238
117.9,-2.3736594391020445,-1.6365924779613668
117.91,-2.3893855760408886,-1.5073460967799375
117.92,-2.403806361037643,-1.3756209586305883
117.93,-2.4168979952135,-1.2416206983744962
117.94,-2.428638775005133,-1.1055602915713312
117.95,-2.4390092010449265,-0.9676650999361337
117.96000000000001,-2.447992077003855,-0.8281698221783752
117.97,-2.455572597488494,-0.6873173584169092
117.98,-2.4617384241721934,-0.5453575976289589
117.99000000000001,-2.466479749441073,-0.4025461387372899
118.0,-2.4697893469469387,-0.2591429569425133
118.01,-2.471662608579923,-0.11541102774499928
118.02,-2.472097567501839,0.02838507824552297
118.03,-2.4710949070150128,0.17198061615970486
118.04,-2.468657955178645,0.3151120895788182
118.05,-2.4647926652234364,0.45751866127545204
118.06,-2.459507581953136,0.598943538338816
118.07000000000001,-2.4528137944566604,0.7391353184341833
118.08,-2.4447248755844524,0.8778492845436142
118.09,-2.435256808765788,1.014848636321437
118.10000000000001,-2.424427902858024,1.1499056471554467
118.11,-2.4122586958226795,1.2828027371322857
118.12,-2.3987718481153784,1.4133334533389628
118.13,-2.3839920267559003,1.5413033502656832
118.14,-2.367945781110065,1.6665307644804395
118.15,-2.3506614114662914,1.7888474791947921
118.16,-2.3321688315261686,1.9080992758046853
118.17,-2.3124994259501976,2.024146370942598
118.18,-2.2916859041073168,2.1368637389918694
118.19,-2.26976215117036,2.246141321366841
118.2,-2.2467630776799794,2.351884125132274
118.21000000000001,-2.2227244686677143,2.454012214704009
118.22,-2.1976828333858993,2.5524606014250324
118.23,-2.171675256639214,2.647179036735354
118.24000000000001,-2.1447392526511924,2.738131715442164
118.25,-2.1169126223303705,2.825296896243918
118.26,-2.0882333147263137,2.9086664471667283
118.27,-2.0587392933870357,2.98824532393525
118.28,-2.0284684082476088,3.064050989527439
118.29,-1.997458273596487,3.1361127832597426
118.3,-1.965746152582414,3.204471247725218
118.31,-1.9333688486419827,3.269177421772049
118.32000000000001,-1.9003626041469732,3.3302921074755694
118.33,-1.8667630064924714,3.38788511873559
118.34,-1.8326049017722612,3.4420345187355177
118.35000000000001,-1.7979223161177609,3.492825853043463
118.36,-1.7627483847113918,3.540351384631168
118.37,-1.7271152884251375,3.584709336546598
118.38,-1.6910541979804599,3.6260031474122005
118.39,-1.6545952254768934,3.6643407443441585
118.4,-1.6177673830935766,3.6998338373083666
118.41,-1.580598548730726,3.7325972383553436
118.42,-1.5431154383264696,3.762748208616598
118.43,-1.5053435845583938,3.7904058354057546
118.44,-1.4673073216183545,3.8156904412545893
118.45,-1.4290297757333021,3.8387230262313436
118.46000000000001,-1.3905328610937278,3.8596247444397322
118.47,-1.3518372808445076,3.878516415184273
118.48,-1.3129625327900425,3.895518068912469
118.49000000000001,-1.2739269194662584,3.910748527707634
118.5,-1.2347475622358899,3.924325019807806
118.51,-1.1954404190701022,3.936362827365608
118.52,-1.1560203056885776,3.946974966439935
118.53,-1.1165009197413034,3.956271898021532
118.54,-1.076894867728147,3.9643612687388967
118.55,-1.0372136943665256,3.9713476797664917
118.56,-0.9974679141328171,3.9773324823616267
118.57000000000001,-0.957667044719293,3.9824135983872417
118.58,-0.9178196421650722,3.9866853641327067
118.59,-0.8779333374366388,3.990238395721287
118.60000000000001,-0.8380148742506465,3.993159474388639
118.61,-0.798070147948866,3.9955314499293837
118.62,-0.7581042452520588,3.9974331606362044
118.63,-0.7181214847361419,3.9989393680959715
118.64,-0.6781254578901393,4.000120705258227
118.65,-0.6381190706309774,4.001043636251155
118.66,-0.5981045851651162,4.001770426487352
118.67,-0.5580836621012304,4.002359121674852
118.68,-0.5180574027316193,4.002863534426659
118.69,-0.4780263914126972,4.003333237243417
118.7,-0.4379907379867509,4.00381356072781
118.71000000000001,-0.397950120198141,4.004345595975051
118.72,-0.3579038260672499,4.004966200170688
118.73,-0.3178507961947273,4.005708004514384
118.74000000000001,-0.2777896659769622,4.0065994236759375
118.75,-0.23771880772120849,4.007664666077172
118.76,-0.19763637265541872,4.0089237443803585
118.77,-0.15754033283360133,4.010392485650263
118.78,-0.11742852294241349,4.012082540742788
118.79,-0.07729868201874557,4.014001392558411
118.8,-0.037148495091245265,4.016152362883327
118.81,0.0030243652389209713,4.018534617625464
118.82000000000001,0.04322219726126403,4.02114317033646
118.83,0.08344722864565018,4.023968883994434
118.84,0.1237015749411527,4.026998471106173
118.85000000000001,0.16398719806777362,4.030214492271205
118.86,0.2043058647865768,4.033595353434501
118.87,0.24465910513646366,4.037115302139188
118.88,0.28504817082936057,4.040744423175911
118.89,0.32547399359998186,4.044448634111337
118.9,0.3659371435115873,4.048189681264834
118.91,0.40643778722527857,4.051925136789503
118.92,0.4469756462473774,4.055608397601385
118.93,0.48754995517730626,4.059188686988662
118.94,0.5281594199871505,4.06261105982067
118.95,0.5688021763737197,4.065816412364222
118.96000000000001,0.6094757482344351,4.068741497801555
118.97,0.6501770063297507,4.071318948629546
118.98,0.6909021272070259,4.073477307202992
118.99000000000001,0.7316465524738105,4.07514106576467
119.0,0.7724049485223192,4.076230717380724
119.01,0.8131711668214249,4.076662819270287
119.02,0.8539382049077249,4.076350070081814
119.03,0.8946981682230611,4.075201402723927
119.04,0.9354422329622034,4.0731220944037725
119.05,0.9761606101111365,4.070013895559278
119.06,1.016842510873389,4.065775179391142
119.07000000000001,1.0574761136989594,4.060301113703811
119.08,1.0980485331474652,4.0534838567497555
119.09,1.1385457908339545,4.045212778735834
119.10000000000001,1.1789527887221818,4.035374710591795
119.11,1.2192532850457902,4.023854221516798
119.12,1.2594298731525175,4.01053392670769
119.13,1.2994639635799439,3.99529482653033
119.14,1.339335769683124,3.9780166782204076
119.15,1.3790242971443518,3.95857840099088
119.16,1.4185073377029414,3.9368585151777786
119.17,1.4577614674479071,3.912735615773339
119.18,1.496762050018408,3.886088880374442
119.19,1.5354832450553961,3.8567986112148867
119.2,1.573898022242706,3.824746810552571
119.21000000000001,1.6119781812664478,3.7898177882482864
119.22,1.6496943780076718,3.751898799903695
119.23,1.6870161572645217,3.7108807134250594
119.24000000000001,1.7239119922761732,3.666658701350457
119.25,1.760349331291531,3.619132955726653
119.26,1.7962946513907063,3.568209421753712
119.27,1.8317135197266052,3.513800545838157
119.28,1.8665706623074696,3.4558260331175865
119.29,1.900830040388957,3.394213608950641
119.3,1.9344549344864825,3.328899778316777
119.31,1.9674080359552928,3.259830576551837
119.32000000000001,1.9996515460175193,3.1869623043702435
119.33,2.0311472820426975,3.110262239705442
119.34,2.061856790811628,3.0297093185500357
119.35000000000001,2.091741468413698,2.945294776708908
119.36,2.120762686345806,2.8570227442051053
119.37,2.1488819232978003,2.764910784011366
119.38,2.176060902026033,2.66899036683072
119.39,2.2022617306344143,2.5693072738269533
119.4,2.2274470475025723,2.4659219195173803
119.41,2.251580169024762,2.3589095874915187
119.42,2.2746252392524022,2.2483605722125253
119.43,2.296547380469012,2.134380220893239
119.44,2.3173128436702672,2.0170888703119267
119.45,2.336889157875251,1.896621674437393
119.46000000000001,2.355245277159015,1.7731283198587107
119.47,2.3723517242724252,1.6467726272476624
119.48,2.3881807297039686,1.5177320384049515
119.49000000000001,2.4027063650405243,1.3861969898342115
119.5,2.4159046695006525,1.2523701752278513
119.51,2.427753768545081,1.1164657007106618
119.52,2.4382339835148654,0.9787081381439151
119.53,2.4473279313079592,0.839331483216425
119.54,2.455020613179194,0.6985780264112724
119.55,2.4612994918361846,0.5566971462096504
119.56,2.466154556103387,0.4139440350496495
119.57000000000001,2.4695783725371774,0.27057836957285686
119.58,2.471566123494844,0.12686293754307135
119.59,2.472115631288039,-0.016937765509727754
119.60000000000001,2.4712273681846497,-0.16055895639585524
119.61,2.468904452160122,-0.30373698733575444
119.62,2.4651526284379344,-0.4462107581577215
119.63,2.4599802369969677,-0.5877231039551718
119.64,2.453398166358831,-0.7280221449139385
119.65,2.445419794098689,-0.8668625856020342
119.66,2.43606091464679,-1.004006951786202
119.67,2.4253396550629645,-1.1392267537841734
119.68,2.4132763795711063,-1.2723035664579518
119.69,2.399893583733805,-1.403030017177834
119.7,2.3852157792275492,-1.5312106744131633
119.71000000000001,2.3692693702455414,-1.656662831006378
119.72,2.352082522607422,-1.7792171776334575
119.73,2.333685026692873,-1.8987183634180804
119.74000000000001,2.314108155339061,-2.0150254421211864
119.75,2.2933845178504493,-2.1280122037460947
119.76,2.271547911264139,-2.2375673927578794
119.77,2.2486331699952915,-2.343594815392818
119.78,2.224676014956282,-2.446013339710917
119.79,2.199712903201073,-2.544756793106448
119.8,2.173780879094153,-2.639773762926194
119.81,2.1469174279425487,-2.7310273066442434
119.82000000000001,2.1191603329612683,-2.818494578700662
119.83,2.0905475363685357,-2.902166381627422
119.84,2.06111700532872,-2.982046649459896
119.85000000000001,2.030906603379338,-3.0581518716700566
119.86,1.9999539678953189,-3.1305104659647767
119.87,1.9682963940600426,-3.199162108277852
119.88,1.935970725729762,-3.264157028157771
119.89,1.9030132534968873,-3.3255552775263553
119.9,1.8694596201792348,-3.3834259804685383
119.91,1.8353447338875164,-3.43784657132366
119.92,1.8007026887527615,-3.4889020278967386
119.93,1.7655666933295815,-3.5366841061071868
119.94,1.7299690066306177,-3.581290581854827
119.95,1.6939408816924848,-3.622824505320747
119.96000000000001,1.6575125165242026,-3.661393472344447
119.97,1.620713012245596,-3.697108916939076
119.98,1.5835703381854211,-3.7300854284322216
119.99000000000001,1.5461113036769514,-3.760440096158666
120.0,1.5083615362622478,-3.7882918840904773
120.01,1.470345465995142,-3.8137610372743813
120.02,1.4320863155167605,-3.8369685214610287
120.03,1.3936060955659215,-3.858035496859028
120.04,1.3549256055795798,-3.877082826530875
120.05,1.316064439035304,-3.8942306195697785
120.06,1.2770409931881843,-3.9095978088565815
120.07000000000001,1.2378724828581724,-3.9233017628945883
120.08,1.1985749579302925,-3.9354579309565336
120.09,1.1591633242390418,-3.946179520551124
120.10000000000001,1.11965136751927,-3.955577206024986
120.11,1.0800517801185419,-3.9637588669576918
120.12,1.040376190180116,-3.9708293548806632
120.13,1.0006351930209285,-3.97689028675293
120.14,0.9608383844450573,-3.982039863555563
120.15,0.9209943957498172,-3.9863727123196737
120.16,0.8811109301986638,-3.9899797498777487
120.17,0.8411948007522622,-3.9929480666223913
120.18,0.801251968866216,-3.995360828567928
120.19,0.7612875841809036,-3.9972971960366563
120.2,0.7213060249454828,-3.998832257330635
120.21000000000001,0.681310939034291,-4.000036975799939
120.22,0.6413052854294842,-4.000978148777462
120.23,0.6012913760587418,-4.001718376916994
120.24000000000001,0.5612709178911444,-4.002316042544005
120.25,0.5212450552078617,-4.00282529570607
120.26,0.4812144119770229,-4.003296046690952
120.27,0.44117913427404265,-4.003773963864198
120.28,0.40113893269973894,-4.004300475763712
120.29,0.3610931247587684,-4.00491277647559
120.3,0.32104067717022716,-4.005643833402911
120.31,0.2809802480907102,-4.006522396626767
120.32000000000001,0.24091022923769184,-4.007573009146219
120.33,0.20082878790778583,-4.008816017370926
120.34,0.16073390889027328,-4.010267581326699
120.35000000000001,0.12062343628125184,-4.011939684120094
120.36,0.0804951152078714,-4.013840140293519
120.37,0.04034663347538146,-4.015972602787014
120.38,0.00017566315213113137,-4.018336568307178
120.39,-0.040020097890762094,-4.020927380987664
120.4,-0.08024288446762215,-4.023736234309407
120.41,-0.12049482257695024,-4.026750171332516
120.42,-0.16077788789427247,-4.0299520833756395
120.43,-0.20109386424446304,-4.033320707362798
120.44,-0.24144430204152845,-4.036830622142323
120.45,-0.2818304766873095,-4.0404522441677075
120.46000000000001,-0.3222533469248826,-4.044151823016035
120.47,-0.3627135131476302,-4.047891437306061
120.48,-0.40321117567100384,-4.051628991665199
120.49000000000001,-0.4437460929809342,-4.0553182154822265
120.5,-0.4843175399806484,-4.05890866427051
120.51,-0.5249242662663445,-4.062345724554582
120.52,-0.5655644544717401,-4.065570623280595
120.53,-0.6062356787319564,-4.0685204428381025
120.54,-0.6469348633285023,-4.071128142866097
120.55,-0.6876582415892785,-4.073322590099556
120.56,-0.7284013151304934,-4.0750285975930245
120.57000000000001,-0.7691588135411389,-4.076166974733887
120.58,-0.8099246546251712,-4.076654589528875
120.59,-0.8506919053317165,-4.0764044447115255
120.60000000000001,-0.8914527435194016,-4.0753257692743015
120.61,-0.9321984207172025,-4.073324127075204
120.62,-0.9729192260609058,-4.070301544203083
120.63,-1.0136044516012641,-4.066156656806486
120.64,-1.0542423591970356,-4.060784881095665
120.65,-1.0948201492231775,-4.0540786072139925
120.66,-1.1353239313413153,-4.045927418641181
120.67,-1.175738697596001,-4.036218338733967
120.68,-1.2160482981159946,-4.024836105927827
120.69,-1.2562354197145575,-4.011663479013469
120.7,-1.296281567696264,-3.9965815737618993
120.71000000000001,-1.3361670511897956,-3.9794702319996693
120.72,-1.3758709723362574,-3.960208424029408
120.73,-1.4153712196703836,-3.9386746850482743
120.74000000000001,-1.4546444660372226,-3.9147475859372056
120.75,-1.4936661713891275,-3.888306238475914
120.76,-1.532410590806741,-3.8592308346821884
120.77,-1.5708507880827713,-3.8274032195795877
120.78,-1.6089586551983328,-3.7927074962661442
120.79,-1.6467049380080945,-3.75503066169021
120.8,-1.6840592684321372,-3.7142632710409904
120.81,-1.7209902034289142,-3.670300128134524
120.82000000000001,-1.7574652709948275,-3.6230409986258967
120.83,-1.793451023401432,-3.5723913423114473
120.84,-1.8289130978410564,-3.5182630602078926
120.85000000000001,-1.86381628460559,-3.460575251517103
120.86,-1.8981246028713985,-3.3992549750151704
120.87,-1.9318013841058934,-3.3342380088529877
120.88,-1.9648093630484584,-3.26546960223421
120.89,-1.9971107761505777,-3.1929052119573713
120.9,-2.028667467287606,-3.116511216384811
120.91,-2.059441000478274,-3.0362655990449072
120.92,-2.0893927792685036,-2.9521585937989534
120.93,-2.1184841723542527,-2.8641932833225194
120.94,-2.146676644934954,-2.772386142575336
120.95,-2.1739318952057594,-2.676767518974569
120.96000000000001,-2.2002119953144454,-2.5773820411533155
120.97,-2.2254795360288258,-2.474288948486887
120.98,-2.249697774284183,-2.3675623340093566
120.99000000000001,-2.2728307827090126,-2.2572912939247654
121.0,-2.294843600162678,-2.143579977641171
121.01,-2.315702382261836,-2.0265475331181637
121.02,-2.3353745508250414,-1.9063279433129279
121.03,-2.353828941128094,-1.7830697506263313
121.04,-2.371035945837568,-1.6569356674754077
121.05,-2.3869676544776026,-1.5281020724350916
121.06,-2.40159798728627,-1.3967583927802623
121.07000000000001,-2.414902822333208,-1.2631063756963155
121.08,-2.426860114800196,-1.1273592518875941
121.09,-2.4374500073709595,-0.9897407967712393
121.10000000000001,-2.4466549307356207,-0.8504842958714269
121.11,-2.454459693288388,-0.7098314223971363
121.12,-2.4608515591835634,-0.5680310362674663
121.13,-2.465820314013737,-0.42533791501510465
121.14,-2.469358317483865,-0.28201142802570867
121.15,-2.4714605425742513,-0.13831416643616545
121.16,-2.4721246008125886,0.005489458301319999
121.17,-2.4713507534082253,0.14913463369500368
121.18,-2.469141908138689,0.2923575695552805
121.19,-2.4655036020171197,0.4348969115627279
121.2,-2.4604439699074345,0.5764951313730216
121.21000000000001,-2.4539736993896595,0.7168998799314557
121.22,-2.4461059723088057,0.8558652912359928
121.23,-2.43685639356494,0.9931532245451233
121.24000000000001,-2.4262429078179033,1.1285344339583658
121.25,-2.414285704885773,1.2617896553823957
121.26,-2.4010071147102554,1.3927106021109266
121.27,-2.386431492843554,1.5211008615656199
121.28,-2.370585097478943,1.6467766871409988
121.29,-2.353495959100734,1.7695676805402556
121.3,-2.3351937438681376,1.8893173614526706
121.31,-2.3157096118716805,2.005883622879501
121.32000000000001,-2.2950760714105476,2.1191390718374326
121.33,-2.2733268304349314,2.228971256532817
121.34,-2.2504966462798905,2.3352827823842577
121.35000000000001,-2.226621174787246,2.4379913204568453
121.36,-2.201736819870754,2.53702951294293
121.37,-2.1758805845283873,2.6323447812695786
121.38,-2.149089924245362,2.723899043223025
121.39,-2.121402603663927,2.8116683461502165
121.4,-2.092856557322358,2.8956424238249587
121.41,-2.063489755187428,2.975824184952193
121.42,-2.033340073623314,3.0522291415325005
121.43,-2.0024451723567775,3.1248847854262833
121.44,-1.9708423779147881,3.193829921451658
121.45,-1.9385685739277445,3.2591139652320082
121.46000000000001,-1.905660098610148,3.3207962137897753
121.47,-1.872152649651949,3.378945096574755
121.48,-1.838081196678653,3.433637414230767
121.49000000000001,-1.8034799013673337,3.484957571957116
121.5,-1.7683820452395107,3.532996813823705
121.51,-1.7328199650908596,3.577852463863543
121.52,-1.6968249959622397,3.619627179205585
121.53,-1.6604274215067478,3.6584282199355123
121.54,-1.6236564315635293,3.6943667397923186
121.55,-1.5865400867109014,3.727557101233506
121.56,-1.5491052895388593,3.758116217839346
121.57000000000001,-1.5113777623541145,3.7861629264837764
121.58,-1.4733820310091839,3.8118173911818767
121.59,-1.435141414530477,3.835200540035995
121.60000000000001,-1.396678020208464,3.8564335362480793
121.61,-1.3580127438055156,3.875637283747084
121.62,-1.3191652745335225,3.8929319675991674
121.63,-1.2801541044535323,3.908436629025527
121.64,-1.2409965419530118,3.9222687745482805
121.65,-1.2017087289625665,3.934544018518271
121.66,-1.1623056615826464,3.94537575804895
121.67,-1.1228012138015877,3.9548748791861996
121.68,-1.0832081639989226,3.963149492983177
121.69,-1.0435382239419242,3.9703047000199843
121.7,-1.003802069998523,3.9764423818079333
121.71000000000001,-0.9640093763057657,3.981661017444958
121.72,-0.9241688496496239,3.9860555238399793
121.73,-0.884288265828966,3.9897171177972544
121.74000000000001,-0.8443745072936788,3.992733198244564
121.75,-0.8044336018640748,3.99518724689923
121.76,-0.7644707623556941,3.997158745691137
121.77,-0.724490426950252,3.998723109300125
121.78,-0.6844963001696917,3.9999516312143317
121.79,-0.6444913943259655,4.000911441774565
121.8,-0.6044780713342004,4.0016654767358775
121.81,-0.5644580847912478,4.002272454949809
121.82000000000001,-0.5244326222352041,4.002786863847891
121.83,-0.48440234751428995,4.003258951487889
121.84,-0.44436744320544636,4.003734724007857
121.85000000000001,-0.4043276530341328,4.00425594741862
121.86,-0.36428232425707396,4.004860152752021
121.87,-0.3242304499790924,4.00558064366965
121.88,-0.28417071138368094,4.006446505724367
121.89,-0.24410151986460504,4.007482616554362
121.9,-0.20402105905259368,4.008709656376584
121.91,-0.16392732673707336,4.010144118232908
121.92,-0.12381817668793552,4.0117983175283705
121.93,-0.08369136038650594,4.013680400486136
121.94,-0.0435445686782128,4.015794351228655
121.95,-0.003375473361932848,4.018139997278779
121.96000000000001,0.03681823126736279,4.020713013358573
121.97,0.0770387869052386,4.023504923447323
121.98,0.11728832973630926,4.0265031011440175
121.99000000000001,0.15756884892811898,4.0296907684633885
122.0,0.19788214510557703,4.033046993278815
122.01,0.23822978879369527,4.036546685709962
122.02,0.27861307881977626,4.040160593838151
122.03,0.31903300067045826,4.043855299218263
122.04,0.35949018480414147,4.047593212742366
122.05,0.39998486492530555,4.0513325714973245
122.06,0.44051683623408794,4.0550274373462445
122.07000000000001,0.4810854136722304,4.058627698051527
122.08,0.5216893901951184,4.062079071845359
122.09,0.5623269951091375,4.065323116441208
122.10000000000001,0.6029958525239426,4.068297243566899
122.11,0.6436929399804755,4.070934740185446
122.12,0.6844145473276515,4.0731647976533765
122.13,0.7251562359335431,4.074912550146804
122.14,0.7659127983305876,4.076099123762021
122.15,0.8066782184087835,4.07664169776875
122.16,0.8474456322859626,4.076453579558912
122.17,0.8882072899999618,4.075444294890533
122.18,0.9289545181837733,4.073519695073331
122.19,0.9696776839014284,4.070582082777925
122.2,1.0103661598393316,4.066530358172443
122.21000000000001,1.051008291064877,4.0612601870963685
122.22,1.0915913635812589,4.054664192969681
122.23,1.1321015749242704,4.046632174103185
122.24000000000001,1.1725240070633225,4.037051348021097
122.25,1.2128426018846925,4.025806624326988
122.26,1.2530401395498623,4.0127809075366345
122.27,1.293098220035425,3.997855431163889
122.28,1.33299724817314,3.980910124176109
122.29,1.3727164225189474,3.9618240107319944
122.3,1.4122337283877802,3.9404756438751294
122.31,1.45152593539645,3.916743573579778
122.32000000000001,1.4905685998593756,3.890506849230601
122.33,1.529336072381062,3.861645556264645
122.34,1.5678015109846686,3.8300413863124763
122.35000000000001,1.6059369001073116,3.795578239746755
122.36,1.6437130757796035,3.758142859082738
122.37,1.681099757288966,3.717625491179071
122.38,1.7180655856031848,3.6739205756624784
122.39,1.7545781688022155,3.6269274564516647
122.4,1.790604134732218,3.5765511126897915
122.41,1.8261091910560114,3.522702904818562
122.42,1.8610581928285892,3.465301330948524
122.43,1.895415217674982,3.4042727881090884
122.44,1.929143648590771,3.3395523324084504
122.45,1.9622062643231508,3.2710844316094105
122.46000000000001,1.9945653372229593,3.198823703144181
122.47,2.0261827383860345,3.122735630162285
122.48,2.0570200498262046,3.042797247843608
122.49000000000001,2.0870386833429064,2.9589977919265817
122.5,2.1162000056647363,2.871339301212073
122.51,2.144465469367148,2.7798371657189156
122.52,2.171796748979115,2.6845206121981904
122.53,2.198155881611112,2.585433118869978
122.54,2.2235054113565145,2.48263275153615
122.55,2.247808536641835,2.3761924136514687
122.56,2.271029259629544,2.266200003505821
122.57000000000001,2.2931325367119517,2.1527584723829936
122.58,2.3140844290772042,2.035985778412992
122.59,2.3338522522802116,1.916014731819156
122.60000000000001,2.352404723713587,1.7929927283684908
122.61,2.3697121068475817,1.6670813690504283
122.62,2.385746351094596,1.538455965319141
122.63,2.4004812261539645,1.407304930617804
122.64,2.4138924497069523,1.273829060337364
122.65,2.425957807360712,1.1382407038225335
122.66,2.436657263783403,1.0007628334972098
122.67,2.445973064030656,0.8616280176124116
122.68,2.4538898241356506,0.7210773044937608
122.69,2.460394610120531,0.5793590274543738
122.7,2.4654770046847383,0.43672754071565734
122.71000000000001,2.469129160934844,0.2934418977176352
122.72,2.4713458426390904,0.14976448407928344
122.73,2.472124450616429,0.005959618168384584
122.74000000000001,2.471465035002458,-0.13770786725610634
122.75,2.469370293271307,-0.2809740485696939
122.76,2.465845554031064,-0.4235773261337499
122.77,2.4608987467486316,-0.5652598167633976
122.78,2.454540357695796,-0.7057687104481505
122.79,2.446783372539669,-0.8448575785119398
122.8,2.437643206125557,-0.9822876211418665
122.81,2.4271376201168313,-1.1178288431334091
122.82000000000001,2.415286629262889,-1.2512611477735687
122.83,2.40211239716136,-1.3823753399891392
122.84,2.3876391224631064,-1.5109740311991677
122.85000000000001,2.371892916537377,-1.6368724397012848
122.86,2.3549016736690804,-1.7598990818627167
122.87,2.3366949349001223,-1.8798963508500557
122.88,2.317303746652079,-1.996720981089596
122.89,2.29676051527833,-2.1102443980758974
122.9,2.275098858690561,-2.220352954515831
122.91,2.252353456188014,-2.3269480550867745
122.92,2.228559897588826,-2.429946173281837
122.93,2.2037545327223773,-2.529278764896165
122.94,2.177974322290903,-2.62489208366405
122.95,2.1512566910490967,-2.7167469053777342
122.96000000000001,2.1236393841833485,-2.804818167499898
122.97,2.0951603276990984,-2.8890945318205317
122.98,2.065857493546938,-2.9695778781061066
122.99000000000001,2.0357687701369764,-3.046282736948242
123.0,2.004931838807973,-3.1192356701465975
123.01,1.9733840567340444,-3.1884746069647334
123.02,1.941162346668678,-3.254048144488155
123.03,1.9083030938442813,-3.316014820102012
123.04,1.8748420502666379,-3.3744423638042442
123.05,1.8408142465681965,-3.429406937691117
123.06,1.8062539115128156,-3.480992369509218
123.07000000000001,1.771194399178012,-3.529289386673931
123.08,1.7356681237793368,-3.5743948566218253
123.09,1.6997065020455753,-3.616411038805246
123.10000000000001,1.6633399030032316,-3.655444853062808
123.11,1.626597604984319,-3.6916071685197664
123.12,1.5895077596328362,-3.7250121165965
123.13000000000001,1.5520973626523888,-3.7557764311397044
123.14,1.514392231010042,-3.784018818146245
123.15,1.4764169862894638,-3.809859357029797
123.16,1.438195043869446,-3.8334189348900076
123.17,1.3997486075916636,-3.8548187147866444
123.18,1.3610986695737133,-3.8741796385995877
123.19,1.322265014819672,-3.8916219646713253
123.2,1.2832662302802866,-3.907264840082701
123.21000000000001,1.244119718018018,-3.921225907105164
123.22,1.2048417121381831,-3.93362094310325
123.23,1.1654472991559526,-3.944563532928432
123.24000000000001,1.1259504414796144,-3.954164772648412
123.25,1.0863640037029845,-3.962533003292555
123.26,1.0466997814137635,-3.969773573162475
123.27,1.006968532239735,-3.975988627154468
123.28,0.9671800088706741,-3.9812769214652777
123.29,0.9273429938104295,-3.9857336620020174
123.3,0.8874653356306337,-3.989450364788672
123.31,0.847553986514656,-3.992514736652946
123.32000000000001,0.8076150408975747,-3.995010574486057
123.33,0.7676537750249348,-3.997017681392137
123.34,0.7276746872697321,-3.9986117980811433
123.35000000000001,0.687681539063312,-3.999864547907578
123.36,0.6476773963115805,-4.000843394015129
123.37,0.6076646711830095,-4.001611607112909
123.38000000000001,0.5676451641693223,-4.002228242480798
123.39,0.5276201063333935,-4.0027481248781935
123.4,0.4875902016717585,-4.003221840111093
123.41,0.44755566953117165,-4.003695732095842
123.42,0.40751628702984166,-4.004211904343308
123.43,0.36747143144430555,-4.0048082248738615
123.44,0.32742012253236447,-4.00551833366093
123.45,0.28736106477108697,-4.006371651788459
123.46000000000001,0.2472926894965953,-4.007393391595063
123.47,0.20721319693918572,-4.0086045671647845
123.48,0.1671205981532996,-4.010022004610974
123.49000000000001,0.12701275684696622,-4.011658351685772
123.5,0.08688743111958416,-4.013522086333106
123.51,0.046742315120304107,-4.015617523887922
123.52,0.006575080641825718,-4.017944822708708
123.53,-0.033616581333870056,-4.020499988114379
123.54,-0.07383491912046185,-4.023274874580367
123.55,-0.11408207882547738,-4.026257186232491
123.56,-0.15436006284511167,-4.029430475761042
123.57000000000001,-0.19467068834069823,-4.032774141961646
123.58,-0.23501554568434457,-4.036263426194026
123.59,-0.27539595686457874,-4.03986940813487
123.60000000000001,-0.315812933847042,-4.043559001286741
123.61,-0.35626713689031353,-4.047294948791307
123.62,-0.3967588328228681,-4.051035820182224
123.63000000000001,-0.43728785329395803,-4.054736009800501
123.64,-0.47785355301887816,-4.058345737683129
123.65,-0.5184547680476206,-4.061811053823795
123.66,-0.559089774095354,-4.0650738467922825
123.67,-0.5997562449834661,-4.068071857786234
123.68,-0.6404512112510786,-4.070738701274722
123.69,-0.6811710190089606,-4.0730038934767965
123.7,-0.7219112891206146,-4.07479288999897
123.71000000000001,-0.7626668768089401,-4.076027134032535
123.72,-0.8034318318012653,-4.076624116583339
123.73,-0.8441993591406068,-4.076497450272039
123.74000000000001,-0.8849617808067062,-4.075556958300244
123.75,-0.9257104983066118,-4.073708780225759
123.76,-0.9664359564112214,-4.070855496226534
123.77,-1.0071276082311424,-4.066896271555879
123.78,-1.0477738818423388,-4.061727022898951
123.79,-1.0883621486891213,-4.055240608330209
123.8,-1.1288786940089428,-4.047327042541093
123.81,-1.1693086895399432,-4.037873738954256
123.82000000000001,-1.209636168788028,-4.026765780262783
123.83,-1.2498440051451987,-4.0138862188275946
123.84,-1.2899138931645797,-3.999116408231225
123.85000000000001,-1.3298263333098232,-3.9823363671192578
123.86,-1.369560620506965,-3.963425176259763
123.87,-1.4090948368350185,-3.9422614095144786
123.88000000000001,-1.4484058486972544,-3.9187235991416904
123.89,-1.487469308817852,-3.8926907355389755
123.9,-1.5262596634080339,-3.864042801183697
123.91,-1.564750164841526,-3.832661338140676
123.92,-1.6029128901708476,-3.7984300480807778
123.93,-1.640718765803142,-3.7612354232930816
123.94,-1.6781375986367093,-3.720967406679585
123.95,-1.7151381139367334,-3.6775200781987936
123.96000000000001,-1.751688000200685,-3.6307923646778906
123.97,-1.7877539612302913,-3.580688769348405
123.98,-1.823301775587653,-3.5271201168845017
123.99000000000001,-1.8582963635679812,-3.4700043091444215
124.0,-1.8927018617705413,-3.4092670862435437
124.01,-1.926481705292852,-3.3448427870324045
124.02,-1.9595987175111895,-3.2766751025260623
124.03,-1.9920152073433735,-3.2047178153445466
124.04,-2.0236930738180803,-3.128935517790371
124.05,-2.0545939176991803,-3.0493043008212477
124.06,-2.084679159834505,-2.9658124058872133
124.07000000000001,-2.113910165816925,-2.878460831404132
124.08,-2.1422483764625877,-2.7872638855421483
124.09,-2.1696554435277675,-2.692249677029242
124.10000000000001,-2.1960933700031724,-2.5934605358163263
124.11,-2.2215246542440936,-2.490953355729365
124.12,-2.245912437117759,-2.38479985165145
124.13000000000001,-2.2692206512771222,-2.275086724337018
124.14,-2.2914141716044996,-2.1619157266617064
124.15,-2.3124589658103565,-2.045403625952078
124.16,-2.332322244123541,-1.9256820580134315
124.17,-2.3509726069706254,-1.8028972695717358
124.18,-2.368380189514976,-1.6772097470543617
124.19,-2.3845168019117127,-1.5487937309374509
124.2,-2.399356064133725,-1.4178366162659906
124.21000000000001,-2.4128735342370327,-1.2845382413836526
124.22,-2.4250468289613982,-1.1491100683685067
124.23,-2.4358557356044024,-1.0117742601312572
124.24000000000001,-2.445282314164023,-0.8727626605668672
124.25,-2.4533109888157396,-0.7323156855299426
124.26,-2.4599286278746217,-0.5906811337008655
124.27,-2.465124611489757,-0.4481129275962022
124.28,-2.468890886426546,-0.30486979602785147
124.29,-2.471222007410314,-0.16121391020778128
124.3,-2.472115164630702,-0.01740948640918638
124.31,-2.4715701971384987,0.1262786313855729
124.32000000000001,-2.4695895920029907,0.26958639510659677
124.33,-2.4661784692363664,0.41225196864408986
124.34,-2.4613445526301088,0.5540171225942808
124.35000000000001,-2.4550981267844807,0.6946285943047349
124.36,-2.447451980744014,0.8338394003546287
124.37,-2.438421338777388,0.9714100893334994
124.38000000000001,-2.428023778957344,1.1071099236870805
124.39,-2.4162791403036463,1.240717980461042
124.4,-2.4032094193481233,1.3720241619695706
124.41,-2.3888386570642552,1.5008301087201257
124.42,-2.3731928171737207,1.6269500083110962
124.43,-2.3562996568980332,1.7502112954572242
124.44,-2.338188591264576,1.870455239760192
124.45,-2.3188905521028293,1.9875374193009332
124.46000000000001,-2.2984378428785575,2.101328079559543
124.47,-2.276863990511638,2.2117123785435666
124.48,-2.2542035953076858,2.3185905203038333
124.49000000000001,-2.230492180105561,2.421877780219569
124.5,-2.205766039703294,2.5215044265252
124.51,-2.180062091575057,2.617415543517304
124.52,-2.153417728832948,2.7095707627122905
124.53,-2.1258706763208113,2.7979439089177616
124.54,-2.0974588506545926,2.8825225687305815
124.55,-2.0682202249461996,2.9633075893830494
124.56,-2.038192698866932,3.0403125161286546
124.57000000000001,-2.007413974623627,3.1135629764966315
124.58,-1.9759214393369995,3.18309601975804
124.59,-1.943752054228466,3.248959419845211
124.60000000000001,-1.910942250940095,3.3112109497623567
124.61,-1.8775278352332188,3.369917635230144
124.62,-1.8435438982354924,3.425154994933887
124.63000000000001,-1.8090247353345412,3.477006274306714
124.64,-1.774003772749358,3.525561679288659
124.65,-1.738513501748768,3.5709176159726486
124.66,-1.7025854204299051,3.6131759414909017
124.67,-1.6662499829189499,3.6524432309215187
124.68,-1.6295365558114747,3.688830064415364
124.69,-1.5924733816306427,3.7224503381669805
124.7,-1.555087549048135,3.7534206022884082
124.71000000000001,-1.5174049695848746,3.781859428098387
124.72,-1.4794503604861675,3.8078868068174323
124.73,-1.441247233448526,3.8316235811664123
124.74000000000001,-1.402817888862839,3.8531909109062132
124.75,-1.3641834152304015,3.8727097729315725
124.76,-1.3253636934042077,3.890300496144942
124.77,-1.2863774053075028,3.9060823309872608
124.78,-1.2472420467844625,3.9201730531919736
124.79,-1.2079739442436634,3.9326886010561175
124.8,-1.1685882747633403,3.943742745286812
124.81,-1.1290990893379271,3.953446790281661
124.82000000000001,-1.089519338957707,3.9619093055355825
124.83,-1.0498609032272153,3.969235885732454
124.84,-1.0101346212430575,3.9755289379754033
124.85000000000001,-0.9703503244677071,3.9808874945322694
124.86,-0.9305168713524121,3.985407049420258
124.87,-0.8906421834793019,3.989179417123719
124.88000000000001,-0.8507332830099378,3.9922926117288275
124.89,-0.8107963312447253,3.9948307447664737
124.9,-0.7708366681146082,3.996873940077614
124.91,-0.730858852443173,3.9984982640515656
124.92,-0.6908667028335769,3.999775669635337
124.93,-0.6508633390504662,4.000773952569194
124.94,-0.610851223782193,4.001556718368663
124.95,-0.570832204683093,4.0021833586445705
124.96000000000001,-0.5308075566093017,4.002709035429144
124.97,-0.4907780239745102,4.003184672256567
124.98,-0.45074386316417037,4.003656950829597
124.99000000000001,-0.41070488495791824,4.004168312189148
125.0,-0.3706604969203874,4.004756961390292
125.01,-0.33060974573011237,4.005456874775474
125.02,-0.29055135942487786,4.006297809023287
125.03,-0.2504837895496466,4.00730531123866
125.04,-0.21040525320010467,4.008500729437448
125.05,-0.17031377496089767,4.009901222865036
125.06,-0.13020722874280394,4.011519771674664
125.07000000000001,-0.09008337952740439,4.01336518557656
125.08,-0.04993992503127274,4.015442111153892
125.09,-0.009774537304326548,4.017751037625883
125.10000000000001,0.03041509572124493,4.020288300922489
125.11,0.07063122871412322,4.0230460860187955
125.12,0.11087601744162084,4.026012427561073
125.13000000000001,0.1511514772653447,4.0291712089002
125.14,0.19145944161962486,4.032502159732332
125.15,0.23180152045999133,4.035980852631177
125.16,0.27217905867224834,4.039578698841281
125.17,0.31259309443681693,4.043262943787421
125.18,0.3530443175479968,4.046996662841473
125.19,0.39353302769364645,4.050738757975136
125.2,0.43405909270749954,4.054443956014361
125.21000000000001,0.4746219068139337,4.058062809299259
125.22,0.5152203488934847,4.061541699641289
125.23,0.5558527408067594,4.06482284655736
125.24000000000001,0.5965168058246318,4.067844320847644
125.25,0.6372096272237122,4.070540064669757
125.26,0.677927607118027,4.072839919345917
125.27,0.7186664256106307,4.074669662220741
125.28,0.7594210003624419,4.075951053964596
125.29,0.8001854466899226,4.076601897789671
125.3,0.8409530383182353,4.076536112111812
125.31,0.8817161689321589,4.0756638182493266
125.32000000000001,0.9224663146832219,4.073891444798533
125.33,0.9631939978281295,4.07112185036323
125.34,1.0038887516904866,4.06725446633937
125.35000000000001,1.0445390871549172,4.062185461464954
125.36,1.0851324609197859,4.055807929836383
125.37,1.1256552457516449,4.048012104063729
125.38000000000001,1.1660927030010606,4.038685595186363
125.39,1.2064289576553724,4.027713660894536
125.4,1.2466469762189514,4.014979503499556
125.41,1.2867285477253636,4.000364598962647
125.42,1.3266542681982045,3.9837490581282724
125.43,1.3664035288879293,3.965012021109575
125.44,1.4059545086203962,3.9440320855398423
125.45,1.445284170598726,3.920687769133151
125.46000000000001,1.484368264003059,3.89485800668859
125.47,1.5231813307324977,3.8664226813252456
125.48,1.561696717629564,3.8352631893496976
125.49000000000001,1.5998865945194918,3.801263037734985
125.5,1.6377219783842636,3.764308472731663
125.51,1.675172763974125,3.7242891376403375
125.52,1.7122077611370703,3.6810987572545923
125.53,1.7487947391192167,3.634635845938285
125.54,1.784900478055836,3.584804435737612
125.55,1.8204908278339689,3.531514820353134
125.56,1.8555307744628986,3.474684310218253
125.57000000000001,1.8899845140383338,3.414237993357698
125.58,1.9238155343300523,3.3501094961426676
125.59,1.956986703961187,3.2822417375296884
125.60000000000001,1.989460369080646,3.21058766987989
125.61,2.0211984573587847,3.135110999016992
125.62,2.0521625890609854,3.055786875808701
125.63000000000001,2.0823141948749586,2.972602551260546
125.64,2.111614640086197,2.8855579869061736
125.65,2.1400253546130825,2.794666412176043
125.66,2.167507968329718,2.699954820438491
125.67,2.1940244510218525,2.601464395543205
125.68,2.219537256240582,2.4992508609653314
125.69,2.244009468241159,2.39338474405476
125.7,2.267404951121677,2.283951548442999
125.71000000000001,2.289688499210019,2.1710518283501377
125.72,2.31082598768868,2.054801159364184
125.73,2.3307845223973027,1.935330001228755
125.74000000000001,2.3495325877132553,1.812783449263479
125.75,2.3670401913825727,1.6873208722418365
125.76,2.383279005158092,1.5591154358474835
125.77,2.3982225000995223,1.428353512203126
125.78,2.411846075402155,1.295233977393687
125.79,2.4241271796473964,1.159967400363272
125.8,2.4350454234094205,1.0227751280268702
125.81,2.4445826822079337,0.8838882728750719
125.82000000000001,2.452723188866922,0.7435466107349941
125.83,2.459453614422634,0.601997397654836
125.84,2.464763136820019,0.4594941160757452
125.85000000000001,2.4686434967441486,0.31629516151729964
125.86,2.471089040050365,0.17266248190868966
125.87,2.4720967463823227,0.028860182426513142
125.88000000000001,2.471666243698895,-0.11484689076439397
125.89,2.4697998085670347,-0.2581945741406315
125.9,2.4665023522160827,-0.40092080397691876
125.91,2.4617813924874965,-0.5427670132849465
125.92,2.4556470119503837,-0.683479495101668
125.93,2.4481118025854633,-0.8228107192127626
125.94,2.4391907975661287,-0.9605205901100782
125.95,2.428901390783262,-1.0963776348735539
125.96000000000001,2.417263244868658,-1.2301601107186215
125.97,2.4042981885688897,-1.3616570231364515
125.98,2.3900301044059287,-1.4906690468511767
125.99000000000001,2.374484807631866,-1.617009343198184
126.0,2.357689917541965,-1.740504268962554
126.01,2.339674722252615,-1.8609939731783465
126.02,2.320470038078398,-1.9783328798498463
126.03,2.300108064655618,-2.092390055988513
126.04,2.2786222369586278,-2.203049465739457
126.05,2.256047075340829,-2.3102101126764865
126.06,2.232418034705098,-2.413786073555612
126.07000000000001,2.2077713538697163,-2.5137064279169805
126.08,2.182143906146758,-2.609915088901582
126.09,2.1555730520916843,-2.702370541492104
126.10000000000001,2.1280964953169157,-2.7910454950909585
126.11,2.099752142189865,-2.875926457909917
126.12,2.070577966158717,-2.95701324106537
126.13000000000001,2.0406118773685575,-3.0343184005541093
126.14,2.009891598147635,-3.107866625432568
126.15,1.9784545448599062,-3.1776940805454905
126.16,1.9463377165367253,-3.243847712057845
126.17,1.9135775906187493,-3.3063845238475205
126.18,1.8802100260597747,-3.3653708325281446
126.19,1.8462701739681862,-3.4208815085039324
126.2,1.811792395889696,-3.4729992100249225
126.21000000000001,1.7768101897676876,-3.5218136167242045
126.22,1.7413561235552117,-3.5674206685914758
126.23,1.705461776395858,-3.6099218157815773
126.24000000000001,1.6691576872395801,-3.649423284083818
126.25,1.6324733107141816,-3.686035360298344
126.26,1.5954369800336132,-3.7198717011888798
126.27,1.558075876690404,-3.7510486691150846
126.28,1.5204160066513115,-3.779684696899704
126.29,1.48248218275241,-3.8058996839615604
126.3,1.4442980129720802,-3.8298144252500883
126.31,1.4058858942474082,-3.8515500740543755
126.32000000000001,1.3672670114909928,-3.871227639332238
126.33,1.3284613414607636,-3.888967517814632
126.34,1.2894876611347004,-3.9048890607886655
126.35000000000001,1.2503635602449903,-3.9191101751488713
126.36,1.2111054576317228,-3.931746958030891
126.37,1.1717286210843725,-3.942913364103333
126.38000000000001,1.1322471903496563,-3.952720904390956
126.39,1.0926742029965533,-3.961278375333717
126.4,1.0530216228429818,-3.9686916166496458
126.41,1.0133003706635602,-3.975063296462661
126.42,0.9735203569137284,-3.980492722077073
126.43,0.9336905162220186,-3.9850756747261302
126.44,0.8938188434192057,-3.9889042665901577
126.45,0.8539124308902154,-3.9920668183682144
126.46000000000001,0.8139775070518415,-3.9946477556933733
126.47,0.774019475776348,-3.9967275227035346
126.48,0.7340429565977707,-3.9983825111149347
126.49000000000001,0.6940518255540492,-3.999685003192273
126.5,0.6540492565339252,-4.000703127065801
126.51,0.6140377630127333,-4.001500822910155
126.52,0.5740192400757222,-4.002137818570627
126.53,0.5339950066413208,-4.0026696132986705
126.54,0.4939658478097489,-4.003147468338514
126.55,0.45393205727455055,-4.003618403189767
126.56,0.41389347974595353,-4.0041251964560916
126.57000000000001,0.3738495533454287,-4.004706390276449
126.58,0.33379935194042454,-4.005396297422757
126.59,0.29374162739697357,-4.006225010235328
126.60000000000001,0.253674851735718,-4.007218410654985
126.61,0.21359725918387393,-4.008398180697911
126.62,0.1735068881217598,-4.009781812805994
126.63000000000001,0.133401622927754,-4.011382619591502
126.64,0.09327923572992972,-4.013209742580437
126.65,0.053137428076145264,-4.015268159643805
126.66,0.012973872537053623,-4.017558690890465
126.67,-0.02721374574166404,-4.020078002879263
126.68,-0.06742768752053165,-4.022818611091952
126.69,-0.10767011796350309,-4.025768880692143
126.7,-0.14794306513437452,-4.028913025679344
126.71000000000001,-0.18824837847709,-4.032231106631238
126.72,-0.2285876872669993,-4.035699027311805
126.73,-0.2689623590233261,-4.039288530507916
126.74000000000001,-0.30937345787715764,-4.042967193542627
126.75,-0.3498217028941787,-4.046698423999677
126.76,-0.3903074263571512,-4.050441456280585
126.77,-0.4308305320197904,-4.05415134970324
126.78,-0.471390453351216,-4.057778988938727
126.79,-0.511986111798565,-4.061271087671207
126.8,-0.5526158751046402,-4.064570196453478
126.81,-0.5932775157276345,-4.067614715818137
126.82000000000001,-0.6339681694210029,-4.07033891579021
126.83,-0.6746842940434387,-4.0726729630312715
126.84,-0.7154216286816283,-4.074542956926381
126.85000000000001,-0.7561751531819664,-4.075870976002782
126.86,-0.7969390482016839,-4.07657513614196
126.87,-0.8377066559048055,-4.076569662113165
126.88000000000001,-0.8784704414439471,-4.075764974015253
126.89,-0.9192219553851104,-4.0740677902631655
126.9,-0.9599517972492104,-4.0713812487937115
126.91,-1.0006495803609847,-4.06760504819052
126.92,-1.041303898213021,-4.062635610438132
126.93,-1.0819022925697475,-4.056366267007839
126.94,-1.122431223553178,-4.048687469950822
126.95,-1.162876041968764,-4.039487029624967
126.96000000000001,-1.2032209641456773,-4.028650380607945
126.97,-1.243449049580923,-4.01606087724847
126.98,-1.2835421816906465,-4.0016001201774865
126.99000000000001,-1.3234810519844726,-3.9851483149393925
127.0,-1.3632451479894343,-3.966584663707994
127.01,-1.4028127452586323,-3.9457877908210617
127.02,-1.4421609038058554,-3.9226362025995867
127.03,-1.481265469310624,-3.8970087816121244
127.04,-1.5201010794380978,-3.8687853152004745
127.05,-1.5586411756146334,-3.8378470577005173
127.06,-1.5968580205921081,-3.8040773253721714
127.07000000000001,-1.6347227221220768,-3.7673621225968397
127.08,-1.6722052630440447,-3.7275907974119664
127.09,-1.7092745380703158,-3.6846567239340446
127.10000000000001,-1.7458983975227256,-3.638458008678206
127.11,-1.78204369824388,-3.5888982172202004
127.12,-1.8176763618671297,-3.5358871170720003
127.13000000000001,-1.85276144058532,-3.479341432063535
127.14,-1.8872631905084005,-3.41918560294927
127.15,-1.9211451526443057,-3.355352548399809
127.16,-1.9543702414763966,-3.287784420006442
127.17,-1.9869008410444344,-3.2164333444326854
127.18,-2.01869890836505,-3.1412621454037986
127.19,-2.04972608395251,-3.0622450378460493
127.2,-2.079943809121971,-2.9793682861851427
127.21000000000001,-2.1093134496762125,-2.892630818600549
127.22,-2.137796425493981,-2.8020447889217523
127.23,-2.1653543454546473,-2.70763607785501
127.24000000000001,-2.1919491470510817,-2.6094447253550817
127.25,-2.217543239961749,-2.507525286213797
127.26,-2.242099652775358,-2.401947101332486
127.27,-2.2655821819883992,-2.2927944776818427
127.28,-2.287955542328995,-2.1801667706315886
127.29,-2.309185517401031,-2.0641783631511372
127.3,-2.329239109592018,-1.9449585373357883
127.31,-2.3480846881477473,-1.8226512347918444
127.32000000000001,-2.365692134287855,-1.6974147036060412
127.33,-2.3820329822198683,-1.569421030914017
127.34,-2.3970805549061356,-1.4388555614502485
127.35000000000001,-2.4108100934488736,-1.3059162038860594
127.36,-2.423198878983857,-1.1708126282186304
127.37,-2.434226346013246,-1.0337653589360793
127.38000000000001,-2.4438741861625783,-0.8950047701239814
127.39,-2.4521264414157256,-0.7547699900688194
127.4,-2.458969585963955,-0.6133077242255344
127.41,-2.4643925959002364,-0.47087100662216774
127.42,-2.4683870060963984,-0.3277178908487377
127.43,-2.470946953717211,-0.18411009269654557
127.44,-2.4720692079503293,-0.04031159725768205
127.45,-2.4717531856623647,0.10341275615409448
127.46000000000001,-2.470000952827247,0.24679869755319112
127.47,-2.4668172117113008,0.38958394446064976
127.48,-2.4622092739380337,0.5315096009506757
127.49000000000001,-2.456187019692287,0.6723215240999544
127.5,-2.4487628434560342,0.8117716448768868
127.51,-2.439951586794749,0.9496192312059903
127.52,-2.4297704588319147,1.0856320818208482
127.53,-2.418238945158332,1.2195876405576576
127.54,-2.4053787060207616,1.3512740219178734
127.55,-2.3912134647199745,1.4804909400173971
127.56,-2.3757688872204135,1.6070505344141233
127.57000000000001,-2.359072454031692,1.7307780877373
127.58,-2.3411533254656676,1.8515126315026906
127.59,-2.3220422014016386,1.9691074379590352
127.60000000000001,-2.3017711767064872,2.08343039724708
127.61,-2.2803735934566967,2.194364280537563
127.62,-2.257883891095736,2.3018068911264895
127.63000000000001,-2.2343374556341673,2.4056711066850096
127.64,-2.2097704689620357,2.50588481697067
127.65,-2.184219759294754,2.6023907622933926
127.66,-2.157722653716168,2.6951462788834903
127.67,-2.1303168337170844,2.784122958023889
127.68,-2.1020401945556904,2.8693062263815237
127.69,-2.0729307091894538,2.95069485540363
127.7,-2.043026297447618,3.0283004079364497
127.71000000000001,-2.012364701030725,3.1021466303821703
127.72,-1.9809833648399744,3.1722687987426075
127.73,-1.9489193250558725,3.238713026814749
127.74000000000001,-1.916209104303679,3.301535544614865
127.75,-1.882888614163575,3.360801954826544
127.76,-1.848993065207148,3.416586474706423
127.77,-1.8145568846694464,3.4689711704526114
127.78,-1.7796136417980957,3.518045190557816
127.79,-1.74419598085829,3.5639040041447054
127.8,-1.7083355617152016,3.6066486497271644
127.81,-1.6720630078637466,3.646384999269262
127.82000000000001,-1.6354078617298162,3.6832230418343523
127.83,-1.5983985470270596,3.717276190539277
127.84,-1.5610623379190307,3.748660615961428
127.85000000000001,-1.523425334707831,3.777494608596687
127.86,-1.485512445747097,3.803897972440013
127.87,-1.447347375259031,3.8279914512627005
127.88000000000001,-1.4089526167218431,3.8498961886948355
127.89,-1.3703494514851342,3.8697332227911776
127.9,-1.3315579522660195,3.887623015365459
127.91,-1.292596991177825,3.903685016022983
127.92,-1.2534842519455598,3.9180372605047515
127.93,-1.2142362459677298,3.930796002677841
127.94,-1.1748683318920028,3.942075379265433
127.95,-1.135394738382421,3.951987106204521
127.96000000000001,-1.0958285897679123,3.9606402053480623
127.97,-1.05618193427546,3.9681407600892737
127.98,-1.0164657745661272,3.9745916983766825
127.99000000000001,-0.9766901003079265,3.980092601507031
128.0,-0.9368639225359866,3.984739537026869
128.01,-0.896995309567389,3.9886249140401535
128.02,-0.8570914242551835,3.991837359206007
128.03,-0.8171585623832689,3.994461611715662
128.04,-0.7772021920208703,3.9965784355582357
128.05,-0.7372269936721042,3.998264547419252
128.06,-0.6972369010724853,3.9995925586017194
128.07,-0.6572351425000699,4.000630929415315
128.08,-0.6172242824841789,4.00144393454306
128.09,-0.5772062638092086,4.002091637965332
128.1,-0.5371824497248723,4.002629876096788
128.11,-0.49715366628727287,4.00311024787157
128.12,-0.4571202447674409,4.003580110594994
128.13,-0.41708206407537296,4.004082580464929
128.14000000000001,-0.3770385931581423,4.004656536752484
128.15,-0.3369889333403233,4.0053366287188465
128.16,-0.2969318605837654,4.006153284432681
128.17000000000002,-0.25686586765166974,4.007132720740025
128.18,-0.21678920616896497,4.008296953725805
128.19,-0.17669992857715366,4.00966380909285
128.2,-0.13659592998710796,4.011246931970436
128.21,-0.09647498993774495,4.0130557957498665
128.22,-0.05633481407211063,4.015095709629636
128.23,-0.016173075745152237,4.0173678246371045
128.24,0.02401254242063146,4.0198691379777225
128.25,0.06422430701440222,4.022592495646625
128.26,0.10446439233356396,4.025526593321175
128.27,0.14473483888082572,4.028655975636847
128.28,0.1850375118463009,4.031961034032866
128.29,0.22537405956148304,4.035418003438474
128.3,0.2657458719150704,4.038998958155678
128.31,0.30615403872459657,4.042671807379837
128.32,0.34659930806266714,4.0464002908857175
128.33,0.38708204454231093,4.050143975493469
128.34,0.4276021875725365,4.0538582530164184
128.35,0.4681592096026393,4.057494340480429
128.36,0.5087520743821451,4.060999283492629
128.37,0.5493791952724919,4.064315963725164
128.38,0.5900383936566483,4.067383111566962
128.39000000000001,0.6307268575038311,4.070135325082617
128.4,0.6714411001583006,4.072503096501783
128.41,0.7121769194338666,4.074412847544058
128.42000000000002,0.7529293571091817,4.075786974962294
128.43,0.7936926589331125,4.076543907760343
128.44,0.8344602352643886,4.076598177608317
128.45,0.8752246224852789,4.075860504037848
128.46,0.9159774453451457,4.074237896050134
128.47,0.9567093804062817,4.071633771808794
128.48,0.9974101207813216,4.067948098115967
128.49,1.038068342368601,4.063077551381391
128.5,1.0786716718089495,4.056915701788366
128.51,1.1192066564043683,4.049353222335087
128.52,1.1596587362556512,4.040278124382494
128.53,1.2000122188920184,4.029576021268081
128.54,1.240250256681013,4.017130421446615
128.55,1.2803548273209509,4.0028230524910375
128.56,1.3203067177308339,3.9865342171277125
128.57,1.360085511663505,3.9681431822875695
128.58,1.3996695813765854,3.947528601926728
128.59,1.4390360837020397,3.9245689741053993
128.6,1.4781609608586934,3.899143132511206
128.61,1.5170189463522639,3.8711307722719908
128.62,1.5555835763041332,3.8404130095237625
128.63,1.5938272065427392,3.806872973782525
128.64000000000001,1.6317210357797838,3.7703964317158905
128.65,1.669235135177057,3.730872440424157
128.66,1.7063384845882668,3.688194027824439
128.67000000000002,1.7429990157335455,3.6422588971900325
128.68,1.7791836625320672,3.5929701523361386
128.69,1.814858418780268,3.540237039369214
128.7,1.8499884033194514,3.483975700338471
128.71,1.8845379327870375,3.4241099335535337
128.72,1.918470601990522,3.36057195477208
128.73,1.9517493718824792,3.2933031529265446
128.74,1.984336665049053,3.222254833561561
128.75,2.0161944685537105,3.1473889427062383
128.76,2.0472844439031777,3.0686787635206034
128.77,2.0775680438241224,2.9861095777465807
128.78,2.1070066354581094,2.899679283773595
128.79,2.1355616294995947,2.8093989630096345
128.8,2.1631946147183023,2.7152933862417608
128.81,2.18986749722443,2.6174014517857724
128.82,2.2155426437540178,2.5157765474714187
128.83,2.2401830281738584,2.410486828893566
128.84,2.2637523803318893,2.30161540688494
128.85,2.286215336311557,2.1892604378335747
128.86,2.3075375890885605,2.073535111275942
128.87,2.327686038537076,1.954567530139628
128.88,2.346628939691353,1.8325004800787108
128.89000000000001,2.36433604813865,1.7074910855285057
128.9,2.380778761401923,1.5797103513885937
128.91,2.3959302551664217,1.449342590605268
128.92000000000002,2.409765613214028,1.3165847393450785
128.93,2.4222619499533233,1.181645562905866
128.94,2.4333985244721457,1.0447447569743435
128.95,2.4431568450928105,0.9061119502823659
128.96,2.4515207634777934,0.7659856161091814
128.97,2.458476557414994,0.6246119013959109
128.98,2.464013001505711,0.48224338345371687
128.99,2.468121425084068,0.3391377653326595
129.0,2.470795756812364,0.19555652185043645
129.01,2.4720325555210763,0.051763509038404654
129.02,2.471831026993132,-0.0919764496704871
129.03,2.470193026527667,-0.23539898682383323
129.04,2.4671230472566554,-0.3782416100626922
129.05,2.462628194326413,-0.5202451031903342
129.06,2.4567181451928484,-0.6611548957003174
129.07,2.449405096412406,-0.8007223877536692
129.08,2.440703697437775,-0.9387062182779955
129.09,2.4306309720468464,-1.0748734647258058
129.1,2.419206228143259,-1.2090007640560303
129.11,2.4064509567657257,-1.3408753456690716
129.12,2.3923887212298776,-1.4702959683066958
129.13,2.3770450373995917,-1.5970737542966615
129.14000000000001,2.3604472461439445,-1.7210329159501059
129.15,2.34262437908059,-1.8420113703789647
129.16,2.323607018736365,-1.9598612404631448
129.17000000000002,2.303427154271327,-2.074449241135924
129.18,2.2821180339136466,-2.185656951546065
129.19,2.2597140152404056,-2.29338097497366
129.2,2.2362504144141733,-2.3975329896037856
129.21,2.21176335544833,-2.498039694380707
129.22,2.1862896205265594,-2.5948426551622017
129.23,2.159866502345086,-2.6878980572583204
129.24,2.132531659381393,-2.7771763711650372
129.25,2.1043229749217853,-2.862661938887346
129.26,2.075278420603646,-2.944352488688391
129.27,2.0454359251480176,-3.022258586403877
129.28,2.014833248875569,-3.096403031629704
129.29,1.9835078645154238,-3.1668202071331173
129.3,1.9514968447329066,-3.2335553897631337
129.31,1.9188367567201612,-3.296664030955524
129.32,1.8855635641137962,-3.3562110146532262
129.33,1.8517125364270968,-3.4122699001073897
129.34,1.8173181661116486,-3.4649221566003443
129.35,1.78241409329509,-3.514256396652657
129.36,1.7470330381785955,-3.5603676137548073
129.37,1.7112067410199938,-3.6033564301120444
129.38,1.6749659095763545,-3.6433283593201944
129.39000000000001,1.6383401738335899,-3.6803930883110265
129.4,1.601358047810134,-3.7146637823278517
129.41,1.5640468981870328,-3.746256416123735
129.42000000000002,1.5264329194876591,-3.7752891340233257
129.43,1.4885411155065662,-3.8018816409609975
129.44,1.450395286668439,-3.8261546261078156
129.45,1.4120180229844097,-3.848229220231679
129.46,1.3734307022638055,-3.868226487501785
129.47,1.334653493234374,-3.8862669520523347
129.48,1.2957053632227589,-3.9024701592622315
129.49,1.2566040900491293,-3.9169542713878216
129.5,1.2173662777950023,-3.929835696904175
129.51,1.178007376111046,-3.941228752666217
129.52,1.138541702741678,-3.951245357792797
129.53,1.09898246895519,-3.959994758002893
129.54,1.0593418075816203,-3.967583278991608
129.55,1.019630803375358,-3.9741141073222037
129.56,0.9798595254351764,-3.979687097226805
129.57,0.940037061430822,-3.9843986016502306
129.58,0.9001715534021718,-3.9883413258361546
129.59,0.8602702349140989,-3.991604201740109
129.6,0.8203394693673697,-3.9942722815573624
129.61,0.7803847892829517,-3.9964266486731512
129.62,0.7404109363939066,-3.9981443443759894
129.63,0.700421902395432,-3.99949830871984
129.64000000000001,0.66042097021951,-4.00055733397594
129.65,0.6204107557159133,-4.001386029178304
129.66,0.580393249635944,-4.002044794336955
129.67000000000002,0.5403698598291743,-4.00258980296824
129.68,0.5003414535765792,-4.003072991671138
129.69,0.46030839999575157,-4.003542055561067
129.7,0.4202706124653579,-4.0040404484575784
129.71,0.38022759102660003,-4.004607386808617
129.72,0.34017846472918556,-4.005277856421249
129.73,0.300122033898175,-4.006082621156278
129.74,0.26005681230606,-4.0070482328317265
129.75,0.21998106924154046,-4.008197041667384
129.76,0.17989287147271227,-4.009547206689405
129.77,0.13979012510775235,-4.011112705600145
129.78,0.09967061736070937,-4.012903343703981
129.79,0.059532058233672726,-4.014924761564879
129.8,0.019372122129411782,-4.017178441155959
129.81,-0.020811510589446462,-4.019661710345387
129.82,-0.06102111207749596,-4.022367745646766
129.83,-0.10125886550238179,-4.0252855732459345
129.84,-0.14152682354241464,-4.028400068399858
129.85,-0.1818268668703789,-4.031691953387349
129.86,-0.22216066261016162,-4.035137794275757
129.87,-0.2625296227558941,-4.038709996852643
129.88,-0.30293486254721447,-4.0423768021570226
129.89000000000001,-0.34337715879903447,-4.046102282130873
129.9,-0.3838569081898319,-4.049846335998431
129.91,-0.42437408551900313,-4.05356468806821
129.92000000000002,-0.46492820195119616,-4.057208887740463
129.93,-0.5055182632738124,-4.060726312590876
129.94,-0.5461427282030137,-4.064060175489194
129.95,-0.5867994667835963,-4.0671495367988255
129.96,-0.6274857189389902,-4.069929322789732
129.97,-0.668198053239391,-4.0723303514813765
129.98,-0.7089323259686178,-4.0742793672143405
129.99,-0.7496836405836778,-4.075699085327477
130.0,-0.7904463076751673,-4.076508248391015
130.01,-0.8312138055514982,-4.076621695513599
130.02,-0.8719787415854393,-4.075950446301344
130.03,-0.9127328144775251,-4.0744018010980465
130.04,-0.9534667776074003,-4.071879459175916
130.05,-0.9941704036610434,-4.068283656573667
130.06,-1.0348324507388735,-4.063511325291416
130.07,-1.0754406301668715,-4.057456275547434
130.08,-1.1159815762498222,-4.050009402778036
130.09,-1.1564408182224324,-4.041058921016385
130.1,-1.19680275467015,-4.030490624216316
130.11,-1.2370506307067588,-4.018188176991009
130.12,-1.27716651820997,-4.0040334361110705
130.13,-1.3171312994289799,-3.9879068039500742
130.14000000000001,-1.3569246542889715,-3.969687614875702
130.15,-1.396525051726494,-3.949254555359569
130.16,-1.435909745396163,-3.9264861183169897
130.17000000000002,-1.4750547740928337,-3.901261091888335
130.18,-1.5139349672339295,-3.873459082535608
130.19,-1.5525239557435457,-3.842961071951509
130.2,-1.5907941886729595,-3.8096500068642696
130.21,-1.628716955880831,-3.773411420371476
130.22,-1.666262417080389,-3.734134082952439
130.23,-1.7033996375398799,-3.6917106807947824
130.24,-1.7400966306962848,-3.646038518531354
130.25,-1.7763204079105073,-3.597020242923826
130.26,-1.8120370355547615,-3.5445645834562374
130.27,-1.8472116995796322,-3.488587105223068
130.28,-1.881808777659223,-3.42901096892121
130.29,-1.9157919189580563,-3.3657676921934936
130.3,-1.949124131503093,-3.2987979060342294
130.31,-1.981767877078741,-3.228052099466379
130.32,-2.0136851734924206,-3.153491345247978
130.33,-2.0448377039837005,-3.075087998975172
130.34,-2.0751869334719237,-2.9928263636337484
130.35,-2.1046942312563752,-2.9067033114232634
130.36,-2.133320999700389,-2.8167288545501044
130.37,-2.1610288083473774,-2.7229266566696664
130.38,-2.1877795328337823,-2.625334476763425
130.39000000000001,-2.2135354978826456,-2.5240045374726963
130.4,-2.238259623583236,-2.419003810283768
130.41,-2.261915574088321,-2.3104142104729792
130.42000000000002,-2.2844679077926955,-2.1983326953765356
130.43,-2.305882227995852,-2.0828712603466633
130.44,-2.326125332999629,-1.964156827688116
130.45,-2.345165364549614,-1.8423310249286664
130.46,-2.362971953498202,-1.7175498499521622
130.47,-2.379516361548657,-1.5899832217977563
130.48,-2.394771617934157,-1.459814417285524
130.49,-2.4087126498943676,-1.3272393950454469
130.5,-2.4213164058350665,-1.1924660099796562
130.51,-2.4325619700939614,-1.055713122650874
130.52,-2.4424306682880843,-0.9172096095356493
130.53,-2.4509061622846744,-0.7771932814810119
130.54,-2.457974533917705,-0.6359097190291984
130.55,-2.463624356665259,-0.49361103449956756
130.56,-2.4678467546076965,-0.35055457181358507
130.57,-2.4706354481015307,-0.20700155599395945
130.58,-2.4719867857275757,-0.063215705041754
130.59,-2.4718997622023657,0.080538182521736
130.6,-2.470376022077141,0.22399565078156883
130.61,-2.4674198491867347,0.3668940063890791
130.62,-2.4630381419493594,0.5089737215671541
130.63,-2.4572403747553913,0.6499798066344702
130.64000000000001,-2.45003854581667,0.7896631389923517
130.65,-2.441447111975544,0.9277817361858023
130.66,-2.4314829110929534,1.0641019615009446
130.67000000000002,-2.420165072745525,1.1983996515756474
130.68,-2.4075149180614406,1.3304611566562525
130.69,-2.3935558496124,1.4600842854061324
130.7,-2.378313232353318,1.5870791475344335
130.71,-2.3618142666617112,1.7112688889377774
130.72,-2.3440878545745627,1.8324903155055208
130.73,-2.325164460351601,1.9505944032023528
130.74,-2.3050759665105156,2.0654466934836027
130.75,-2.283855526481929,2.176927574493389
130.76,-2.2615374150206478,2.2849324498207424
130.77,-2.2381568774855145,2.389371797823822
130.78,-2.2137499790641715,2.49017112566021
130.79,-2.1883534549723103,2.5872708231681862
130.8,-2.1620045626008078,2.6806259226194675
130.81,-2.1347409365199206,2.770205771101202
130.82,-2.1066004471787836,2.855993622880504
130.83,-2.0776210640623103,2.9379861595580716
130.84,-2.0478407239876217,3.0161929461310204
130.85,-2.01729720513969,3.0906358312641955
130.86,-1.986028007362338,3.1613483001213023
130.87,-1.954070239137264,3.2283747880415707
130.88,-1.9214605116015067,3.291769963175231
130.89000000000001,-1.8882348398737594,3.351597985923662
130.9,-1.8544285518830335,3.4079317526804114
130.91,-1.820076204820151,3.460852130950334
130.92000000000002,-1.7852115092640266,3.5104471924488982
130.93,-1.749867260971173,3.5568114502649717
130.94,-1.7140752802587271,3.600045105620471
130.95,-1.6778663588587637,3.6402533091905207
130.96,-1.641270214074917,3.6775454413689213
130.97,-1.6043154500313854,3.712034415285386
130.98,-1.5670295257692093,3.7438360058116418
130.99,-1.5294387299151526,3.7730682072405344
131.0,-1.4915681616243988,3.7998506217919386
131.01,-1.4534417174793142,3.824303880596682
131.02,-1.4150820840124652,3.8465490983388695
131.03,-1.3765107355125366,3.8667073623009154
131.04,-1.3377479367664467,3.884899256156373
131.05,-1.298812750389409,3.9012444184944273
131.06,-1.259723048396558,3.9158611357371402
131.07,-1.220495527674666,3.928865968826004
131.08,-1.181145729020038,3.940373412807207
131.09,-1.1416880594185221,3.9504955882339976
131.1,-1.1021358172553581,3.9593419631279825
131.11,-1.0625012201559623,3.96701910409716
131.12,-1.0227954351734148,3.973630455094732
131.13,-0.9830286110540676,3.9792761422170524
131.14000000000001,-0.9432099123290737,3.9840528028789075
131.15,-0.9033475549964894,3.9880534376673573
131.16,-0.8634488435757265,3.99136728315913
131.17000000000002,-0.8235202093333068,3.9940797039887035
131.18,-0.7835672494959524,3.996272102472467
131.19,-0.7435947672838574,3.9980218441265873
131.2,-0.7036068126134206,3.999402197460395
131.21,-0.6636067233346494,4.000482286481354
131.22,-0.6235971668837934,4.001327054410366
131.23,-0.5835801822464421,4.001997237175646
131.24,-0.5435572221402806,4.002549345328383
131.25,-0.5035291953398745,4.003035653102612
131.26,-0.46349650907822837,4.003504193424147
131.27,-0.4234591114713916,4.003998757758137
131.28,-0.3834165339230656,4.004558899771007
131.29,-0.34336793347597144,4.0052199418697345
131.3,-0.3033121350856709,4.006012983768901
131.31,-0.2632476738005934,4.006964912323523
131.32,-0.22317283683920042,4.008098411952948
131.33,-0.1830857055615344,4.009431975067903
131.34,-0.14298419733784232,4.010979911999035
131.35,-0.10286610732155367,4.0127523600109045
131.36,-0.06272915013762423,4.014755291070449
131.37,-0.022571001500144693,4.016990518123442
131.38,0.0176106602248446,4.019455699716606
131.39000000000001,0.05781811249418743,4.022144342886881
131.4,0.09805354708258222,4.025045804323065
131.41,0.13831902858064873,4.028145289888871
131.42000000000002,0.17861645288035966,4.031423852680414
131.43,0.218947505634257,4.034858389875503
131.44,0.2593136206778697,4.038421638717034
131.45,0.29971593840859767,4.042082172058174
131.46,0.3401552641190332,4.045804393983174
131.47,0.3806320262882612,4.049548536104408
131.48,0.4211462348411214,4.053270655223566
131.49,0.46169743939273256,4.05692263313275
131.5,0.5022846875037764,4.060452179419219
131.51,0.5429064829811169,4.063802838225519
131.52,0.5835607442682867,4.066914000004114
131.53,0.6242447629811992,4.069720919392
131.54,0.6649551626561269,4.072154740415459
131.55,0.7056878577895084,4.074142530317134
131.56,0.7464380132624695,4.075607323376239
131.57,0.7872000042570332,4.076468176166656
131.58,0.8279673767858027,4.076640235765775
131.59,0.8687328089723487,4.0760348224876815
131.6,0.9094880732355564,4.074559528766136
131.61,0.9502239995476714,4.072118335853959
131.62,0.9909304399526355,4.068611750033976
131.63,1.031596234548351,4.063936960050556
131.64000000000001,1.0722091791536466,4.057988017467845
131.65,1.1127559948977077,4.0506560416386
131.66,1.1532222999864183,4.041829450923911
131.67000000000002,1.1935925839161858,4.031394221736382
131.68,1.2338501844211458,4.01923417688531
131.69,1.2739772674538918,4.005231304579519
131.7,1.3139548105127363,3.989266109289543
131.71,1.3537625896396828,3.9712179954837032
131.72,1.3933791704224103,3.9509656850304102
131.73,1.432781903340291,3.9283876688001658
131.74,1.4719469237984137,3.9033626927041856
131.75,1.510849157194375,3.875770278071591
131.76,1.5494623293598457,3.845491275893806
131.77,1.587758982712251,3.8124084540537573
131.78,1.6257104984409205,3.7764071162101986
131.79,1.6632871250364547,3.7373757505264003
131.8,1.7004580134514484,3.695206705920803
131.81,1.7371912591548706,3.649796892979518
131.82,1.7734539513110388,3.601048506112213
131.83,1.809212229277115,3.5488697629605803
131.84,1.8444313465702504,3.49317565649006
131.85,1.8790757424069162,3.4338887146196333
131.86,1.9131091208626432,3.370939761681326
131.87,1.9464945376405427,3.30426867546149
131.88,1.979194494371873,3.233825133071738
131.89000000000001,2.0111710403019774,3.15956933844106
131.9,2.042385881140694,3.08147272382498
131.91,2.0728004947784773,2.9995186174057307
131.92000000000002,2.102376253488809,2.913702868822157
131.93,2.1310745521549204,2.8240344243319377
131.94,2.1588569419754475,2.730535843283236
131.95,2.1856852690205852,2.633243747668486
131.96,2.2115218169288173,2.532209196758364
131.97,2.2363294529557525,2.427497979175803
131.98,2.2600717765123335,2.319190815272486
131.99,2.282713269261202,2.2073834633151646
132.0,2.3042194457786365,2.0921867237748852
132.01,2.3245570037366994,1.9737263369340974
132.02,2.3436939725173183,1.8521427700764925
132.03,2.361599859138229,1.7275908916907
132.04,2.378245790351132,1.600239531386657
132.05,2.3936046497659618,1.4702709255743398
132.06,2.4076512088626183,1.3378800503673514
132.07,2.4203622507733087,1.2032738446248419
132.08,2.4317166857551156,1.0666703275084528
132.09,2.441695657323478,0.9282976163790684
132.1,2.4502826380826965,0.7883928522628408
132.11,2.4574635143687344,0.6472010414489182
132.12,2.4632266589116747,0.5049738230148342
132.13,2.467562990829031,0.3619681731833554
132.14000000000001,2.4704660223753416,0.21844505837266479
132.15,2.471931891996484,0.07466804958892634
132.16,2.47195938336712,-0.06909808859111682
132.17000000000002,2.4705499302246614,-0.21258882080332397
132.18,2.4677076069510533,-0.35554126161551747
132.19,2.4634391049923514,-0.4976955803833889
132.2,2.457753695343386,-0.638796376687972
132.21,2.450663177458592,-0.7785940132534945
132.22,2.4421818150783157,-0.9168458938970521
132.23,2.4323262595806505,-1.053317674898319
132.24,2.4211154615803494,-1.1877843991797852
132.25,2.408570571597055,-1.3200315438337433
132.26,2.3947148307036743,-1.44985597279675
132.27,2.37957345214112,-1.5770667878287625
132.28,2.363173494947099,-1.7014860723747
132.29,2.3455437306936258,-1.8229495243423746
132.3,2.3267145044602513,-1.9413069752945054
132.31,2.3067175911877356,-2.0564227949967773
132.32,2.285586048560316,-2.168176181663288
132.33,2.26335406755447,-2.276461339572049
132.34,2.240056821768875,-2.381187546966031
132.35,2.21573031661515,-2.482279118292203
132.36,2.1904112394030313,-2.579675265847979
132.37,2.16413681129819,-2.673329866790825
132.38,2.1369446420672147,-2.7632111422152796
132.39000000000001,2.108872588453884,-2.84930125560848
132.4,2.079958616955045,-2.9315958384598013
132.41,2.0502406716846884,-3.010103451124799
132.42000000000002,2.019756547932549,-3.084844987233203
132.43,1.9885437719400243,-3.1558530299926106
132.44,1.9566394873326969,-3.2231711686828866
132.45,1.9240803485663664,-3.28685328347192
132.46,1.8909024216632584,-3.346962806423079
132.47,1.8571410924379048,-3.4035719662211155
132.48,1.822830982338836,-3.4567610237293698
132.49,1.7880058719633174,-3.506617505019913
132.5,1.752698632238438,-3.5532354380025617
132.51,1.7169411632032663,-3.596714598230807
132.52,1.6807643402738217,-3.6371597688941373
132.53,1.6441979678253835,-3.674680019427758
132.54,1.6072707398852664,-3.709388006591995
132.55,1.5700102076935434,-3.74139930130331
132.56,1.5324427538592003,-3.7708317439443397
132.57,1.4945935728146567,-3.7978048303480385
132.58,1.4564866572522395,-3.822439130146051
132.59,1.4181447902117357,-3.844855738697926
132.6,1.379589542478281,-3.865175763378905
132.61,1.3408412749441576,-3.8835198446017696
132.62,1.3019191455862456,-3.9000077115839664
132.63,1.2628411207124783,-3.914757772545406
132.64000000000001,1.2236239901353376,-3.927886738734763
132.65,1.1842833859377833,-3.9395092814320063
132.66,1.1448338045066975,-3.9497377208610778
132.67000000000002,1.1052886315205617,-3.9586817457673975
132.68,1.0656601695913497,-3.966448162268301
132.69,1.0259596682751957,-3.9731406704684864
132.7,0.9861973561819799,-3.978859667244657
132.71,0.9463824749303026,-3.983702073541479
132.72,0.9065233147111503,-3.987761184482231
132.73,0.866627251240658,-3.991126540579721
132.74,0.8267007838995559,-3.993883818333827
132.75,0.7867495748739813,-3.9961147385190507
132.76,0.7467784891291748,-3.9978969904966792
132.77,0.7067916350640477,-3.9993041709294626
132.78,0.6667924057105855,-4.000405735330216
132.79,0.6267835203574434,-4.001266960937842
132.8,0.5867670664918287,-4.00194891948326
132.81,0.5467445419677783,-4.002508458482295
132.82,0.506716897322183,-4.00299818977155
132.83,0.4666845781723474,-4.003466484085419
132.84,0.4266475676404745,-4.003957470557008
132.85,0.3866054287612072,-4.004511040111825
132.86,0.346557346838238,-4.0051628518102165
132.87,0.3065021717250028,-4.005944341282016
132.88,0.26643846001259763,-4.006882730484456
132.89000000000001,0.22636451711531366,-4.008001038101684
132.9,0.18627843925056398,-4.0093180899910745
132.91,0.14617815531549216,-4.010848529167841
132.92000000000002,0.10606146866720713,-4.01260282490511
132.93,0.06592609881738996,-4.014587280611705
132.94,0.025769723054973024,-4.016804040234481
132.95,-0.014409981987299664,-4.019251093016161
132.96,-0.054615298805350196,-4.021922276523501
132.97,-0.09484842751776969,-4.02480727794436
132.98,-0.1351114443642374,-4.0278916337360045
132.99,-0.17540626019248978,-4.031156727790986
133.0,-0.21573457892005712,-4.034579788371233
133.01,-0.2560978559599144,-4.038133884145849
133.02,-0.2964972566029741,-4.041787919753506
133.03,-0.33693361435498453,-4.045506631396373
133.04,-0.37740738923090156,-4.049250583059256
133.05,-0.41791862601616964,-4.05297616403489
133.06,-0.4584669125115993,-4.056635588524135
133.07,-0.4990513377866524,-4.060176898167827
133.08,-0.5396704504749559,-4.06354396845499
133.09,-0.5803222171557522,-4.066676520039632
133.1,-0.6210039808757486,-4.0695101360847685
133.11,-0.6617124198774476,-4.071976286837169
133.12,-0.7024435066124919,-4.074002362718594
133.13,-0.7431924671318194,-4.075511717298222
133.14000000000001,-0.7839537409584563,-4.076423721585344
133.15,-0.8247209415635262,-4.076653831149982
133.16,-0.8654868175814558,-4.076113667640525
133.17000000000002,-0.9062432149163366,-4.0747111163200636
133.18,-0.9469810399078571,-4.07235044128517
133.19,-0.98769022374204,-4.068932420060549
133.2,-1.028359688309068,-4.064354499278061
133.21,-1.0689773137276013,-4.058510973147109
133.22,-1.1095299077720102,-4.051293186402845
133.23,-1.1500031774556583,-4.042589763376791
133.24,-1.1903817030395463,-4.032286864768765
133.25,-1.2306489147510338,-4.020268473607191
133.26,-1.27078707251169,-4.006416711764311
133.27,-1.3107772489863199,-3.9906121882414674
133.28,-1.3505993162765193,-3.97273438025516
133.29,-1.390231936591423,-3.9526620479352226
133.3,-1.4296525572352239,-3.9302736831905896
133.31,-1.4688374102552348,-3.9054479930045725
133.32,-1.5077615170953151,-3.8780644170896985
133.33,-1.5463986985970286,-3.848003679461863
133.34,-1.5847215906845522,-3.8151483730854703
133.35,-1.622701666058738,-3.7793835762967944
133.36,-1.660309262210488,-3.740597499234269
133.37,-1.6975136160434232,-3.6986821579950697
133.38,-1.7342829053703894,-3.653534073701531
133.39000000000001,-1.7705842975174537,-3.6050549931040057
133.4,-1.8063840052324693,-3.5531526267752733
133.41,-1.841647350052959,-3.49774140037327
133.42000000000002,-1.8763388332399347,-3.438743213872483
133.43,-1.9104222143304086,-3.376088203099783
133.44,-1.9438605973019303,-3.3097154973685923
133.45,-1.9766165242777805,-3.2395739664978294
133.46,-2.0086520766318867,-3.165622950041444
133.47,-2.0399289832786094,-3.087832961153384
133.48,-2.0704087358549548,-3.006186357184586
133.49,-2.1000527104223012,-2.920677968865976
133.5,-2.128822295232274,-2.8313156797869903
133.51,-2.1566790240180413,-2.738120947844451
133.52,-2.1835847141891636,-2.641129260422239
133.53,-2.2095016092264865,-2.5403905152769424
133.54,-2.234392524494703,-2.4359693194554026
133.55,-2.258220995615595,-2.3279451990613755
133.56,-2.2809514284759307,-2.216412713322074
133.57,-2.302549249882037,-2.1014814671800495
133.58,-2.322981057819532,-1.9832760175471504
133.59,-2.3422147702329794,-1.8619356693973599
133.6,-2.360219771207479,-1.7376141590328287
133.61,-2.3769670534136362,-1.61047922311767
133.62,-2.392429355669832,-1.480712053419055
133.63,-2.406581294482017,-1.3485066386038786
133.64000000000001,-2.4193994884419094,-1.2140689958881175
133.65,-2.430862674399779,-1.0776162967992478
133.66,-2.440951814377894,-0.9393758927623965
133.67000000000002,-2.4496501922550267,-0.7995842476300984
133.68,-2.456943499330496,-0.6584857856152232
133.69,-2.4628199079673307,-0.5163316643290746
133.7,-2.467270132617077,-0.37337848374542326
133.71,-2.470287477642239,-0.22988694288206646
133.72,-2.471867871474718,-0.08612045679297375
133.73,-2.4720098867780984,0.05765625292174184
133.74,-2.470714746416283,0.20117858046777057
133.75,-2.4679863151687425,0.3441834572477671
133.76,-2.4638310772713274,0.48641075848179904
133.77,-2.4582580999991066,0.6276046814748538
133.78,-2.4512789836418305,0.7675150823866266
133.79,-2.4429077983513743,0.905898758996097
133.8,-2.4331610084619086,1.0425206677761414
133.81,-2.4220573849958513,1.1771550645832831
133.82,-2.409617907170243,1.3095865594028835
133.83,-2.3958656538077934,1.4396110768460662
133.84,-2.3808256856333214,1.5670367154448295
133.85,-2.364524919498897,1.691684500208301
133.86,-2.346991995629155,1.8133890243574757
133.87,-2.3282571390117472,1.9319989776199464
133.88,-2.3083520160767566,2.047377559912911
133.89000000000001,-2.287309587813489,2.1594027806465674
133.9,-2.265163960463825,2.2679676452175266
133.91,-2.2419502349091385,2.372980231512451
133.92000000000002,-2.2177043558335763,2.4743636603880548
133.93,-2.1924629617013776,2.572055965120558
133.94,-2.166263236531165,2.6660098657147557
133.95,-2.1391427643870826,2.756192454722508
133.96,-2.1111393874367153,2.842584801838639
133.97,-2.08229106835031,2.925181485018046
133.98,-2.052635757736354,3.003990056193387
133.99,-2.0222112672264423,3.079030449872794
134.0,-1.9910551487388986,3.1503343429687893
134.01,-1.9592045803670666,3.217944474162045
134.02,-1.9266962592556578,3.28191393094738
134.03,-1.893566301748119,3.3423054122562945
134.04,-1.8598501510105319,3.3991904742129107
134.05,-1.8255824922638608,3.4526487661713894
134.06,-1.790797175687104,3.5027672637157834
134.07,-1.755527146989545,3.5496395047906737
134.08,-1.7198043855912903,3.5933648345851585
134.09,-1.6836598502978417,3.6340476642254473
134.1,-1.6471234323067814,3.6717967477532665
134.11,-1.6102239153427764,3.7067244812882434
134.12,-1.5729889426810166,3.738946227701121
134.13,-1.5354449907887542,3.768579669568647
134.14000000000001,-1.4976173492896436,3.7957441926466657
134.15,-1.4595301069358209,3.820560301590625
134.16,-1.4212061432578313,3.8431490691766115
134.17000000000002,-1.3826671255522887,3.86363161983426
134.18,-1.343933510861146,3.8821286478976686
134.19,-1.3050245525943354,3.8987599706131495
134.2,-1.265958311448883,3.913644115613749
134.21,-1.2267516702820602,3.9268979422798664
134.22,-1.1874203526032856,3.938636296152281
134.23,-1.1479789443590147,3.948971695347233
134.24,-1.108440918696341,3.958014047741286
134.25,-1.0688186634041892,3.965870397544605
134.26,-1.029123510745449,3.972644699762898
134.27,-0.9893657694089311,3.978437620958235
134.28,-0.9495547583262843,3.983346364654909
134.29,-0.909698842115833,3.9874645196960095
134.3,-0.8698054679323642,3.9908819298369997
134.31,-0.829881203519093,3.9936845828619387
134.32,-0.7899317762751256,3.99595451752386
134.33,-0.7499621131686159,3.997769746640946
134.34,-0.7099763813423067,3.999204194722534
134.35,-0.6699780292741652,4.000327648551802
134.36,-0.6299698283712706,4.00120571921339
134.37,-0.5899539148898975,4.001899814122723
134.38,-0.5499318320888162,4.002467117688006
134.39000000000001,-0.5099045725361374,4.002960579314456
134.4,-0.46987262050252715,4.003428907542315
134.41,-0.4298359943852911,4.003916569194597
134.42000000000002,-0.3897942891186352,4.004463792496541
134.43,-0.3497467185353602,4.005106573215768
134.44,-0.3096921576543198,4.0058766829596575
134.45,-0.26962918487616705,4.006801678854015
134.46,-0.22955612407723944,4.007904913914434
134.47,-0.18947108659787834,4.00920554750865
134.48,-0.1493720131270664,4.010718555394541
134.49,-0.1092567154899875,4.012454738904135
134.5,-0.06912291834898371,4.01442073292912
134.51,-0.028968300831405093,4.016619012447974
134.52,0.011209461899975764,4.01904789741898
134.53,0.0514126571169745,4.021701555947291
134.54,0.09164349301892159,4.024570005717937
134.55,0.13190405723133325,4.027639113770443
134.56,0.17219627529433046,4.0308905947746805
134.57,0.21252186912682686,4.034302008051884
134.58,0.2528823154553681,4.037846753669526
134.59,0.29327880420021735,4.0414940680241305
134.6,0.33371219681585074,4.045209019412086
134.61,0.3741829845884591,4.048952504175196
134.62,0.41469124689935466,4.052681244094949
134.63,0.45523660947035804,4.056347785797253
134.64000000000001,0.4958182026152997,4.059900503017361
134.65,0.5364346195307053,4.063283602662734
134.66,0.5770838746685544,4.066437135699081
134.67000000000002,0.617763362244687,4.069297013971429
134.68,0.6584698149479831,4.071795034157013
134.69,0.6991992629278273,4.073858910129328
134.7,0.7399469931505697,4.075412315091907
134.71,0.7807075092296655,4.076374934915163
134.72,0.8214744918488729,4.0766625341787455
134.73,0.8622407599132403,4.076187036483914
134.74,0.9029982325785512,4.0748566206537635
134.75,0.9437378923263157,4.072575834482167
134.76,0.9844497492681945,4.069245727722956
134.77,1.0251228068807747,4.064764006027253
134.78,1.0657450293887394,4.059025207536723
134.79,1.106303311031509,4.051920903821587
134.8,1.146783447465171,4.043339926812153
134.81,1.187170109567752,4.0331686233089385
134.82,1.2274468199313497,4.021291138566775
134.83,1.2675959323390873,4.0075897303301184
134.84,1.307598614537952,3.991945114547981
134.85,1.3474348346300469,3.9742368438151194
134.86,1.3870833514142544,3.9543437193696223
134.87,1.4265217090174394,3.9321442372241084
134.88,1.4657262361587364,3.9075170687172327
134.89000000000001,1.5046720503917839,3.8803415754433885
134.9,1.5433330676676043,3.850498358151241
134.91,1.5816820175548088,3.8178698387966263
134.92000000000002,1.6196904644435366,3.7823408744937215
134.93,1.6573288350446829,3.743799401632474
134.94,1.6945664524761859,3.7021371079232592
134.95,1.731371577203148,3.657250129595822
134.96,1.7677114550681021,3.609039770424087
134.97,1.8035523726116296,3.557413238677818
134.98,1.8388597198416585,3.5022843975240026
134.99,1.8735980605621096,3.443574523823913
135.0,1.9077312103181367,3.3812130697058893
135.01,1.9412223219562275,3.315138420749794
135.02,1.9740339787331327,3.24529864410844
135.03,2.0061282948383963,3.171652219426471
135.04,2.037467023121662,3.094168745010973
135.05,2.0680116697386155,3.0128296113735797
135.06,2.097723615349133,2.927628634013943
135.07,2.126564242418894,2.8385726371617044
135.08,2.154495068092367,2.7456819801502874
135.09,2.1814778820218996,2.6489910181715084
135.1,2.2074748884557973,2.5485484893641743
135.11,2.2324488518091834,2.44441782052956
135.12,2.256363244866389,2.3366773442466373
135.13,2.279182398694116,2.225420420782178
135.14000000000001,2.3008716532820324,2.1107554589544026
135.15,2.321397507873204,1.9928058310095018
135.16,2.340727769902222,1.8717096776005393
135.17000000000002,2.358831701425215,1.7476196001068909
135.18,2.3756801619043606,1.6207022387850696
135.19,2.3912457462009167,1.491137736580742
135.2,2.4055029166359754,1.3591190898362244
135.21,2.4184281279976414,1.2248513885743324
135.22,2.429999944407462,1.0885509505025288
135.23,2.440199147007692,0.9504443543336887
135.24,2.449008831494136,0.8107673794333062
135.25,2.456414494596358,0.6697638601492335
135.26,2.462404108697121,0.5276844644312049
135.27,2.4669681838849824,0.3847854074769394
135.28,2.47009981684666,0.2413271121250493
135.29,2.4717947261274835,0.09757282853063787
135.3,2.4720512734172724,-0.046212773710863964
135.31,2.4708704706532663,-0.18976502739663054
135.32,2.46825597286934,-0.3328206896917114
135.33,2.464214056859432,-0.4751193504277803
135.34,2.4587535858607845,-0.6164048131172122
135.35,2.451885960597088,-0.7564264354954009
135.36,2.443625057150877,-0.8949404170260602
135.37,2.433987152256567,-1.0317110216128453
135.38,2.42299083671862,-1.1665117247379464
135.39000000000001,2.4106569177618082,-1.2991262753727926
135.4,2.397008311211164,-1.4293496642533199
135.41,2.382069924476742,-1.5569889914559494
135.42000000000002,2.365868531382045,-1.6818642276226616
135.43,2.3484326399242885,-1.803808864635962
135.44,2.3297923540893257,-1.9226704530089458
135.45,2.3099792308641094,-2.038311024704785
135.46,2.28902613359523,-2.15060740150809
135.47,2.266967082833948,-2.2594513904142
135.48,2.243837105786946,-2.3647498687606534
135.49,2.2196720854587344,-2.4664247629798983
135.5,2.1945086105273477,-2.5644129258892066
135.51,2.16838382694095,-2.6586659183414674
135.52,2.141335292160518,-2.74914970183133
135.53,2.1134008329043237,-2.8358442492806764
135.54,2.0846184071749048,-2.9187430817145246
135.55,2.055025971270033,-2.997852738885051
135.56,2.0246613523972035,-3.07319219211205
135.57,1.993562127427792,-3.1447922076898105
135.58,1.9617655082434073,-3.2126946691719582
135.59,1.9293082340443526,-3.276951866697807
135.6,1.8962264709094512,-3.337625761277943
135.61,1.8625557188187938,-3.394787231625567
135.62,1.82833072627694,-3.448515310716515
135.63,1.7935854126044637,-3.498896418797963
135.64000000000001,1.7583527979009808,-3.5460235990563547
135.65,1.7226649406233365,-3.589995761611509
135.66,1.6865528826687504,-3.630916940937882
135.67000000000002,1.6500466018045787,-3.6688955712363724
135.68,1.6131749712440229,-3.70404378370077
135.69,1.5759657261305633,-3.7364767290507284
135.7,1.5384454366630083,-3.7663119281456714
135.71,1.5006394875676499,-3.79366865295777
135.72,1.462572063603853,-3.818667339672517
135.73,1.4242661407741997,-3.8414290352066995
135.74,1.385743482899719,-3.862074877988977
135.75,1.3470246432144202,-3.880725613440086
135.76,1.3081289706309174,-3.897501144219353
135.77,1.269074620330033,-3.912520114972225
135.78,1.2298785683314728,-3.9258995310198936
135.79,1.190556629709635,-3.937754410176134
135.8,1.15112348012795,-3.948197466656954
135.81,1.111592680376496,-3.957338825864027
135.82,1.0719767036106695,-3.9652857686712815
135.83,1.0322869650030704,-3.972142503723238
135.84,0.9925338535362047,-3.9780099661614936
135.85,0.9527267656798405,-3.9829856411297286
135.86,0.9128741407136102,-3.987163410365329
135.87,0.8729834974725339,-3.990633420164723
135.88,0.8330614723103157,-3.993481969007514
135.89000000000001,0.7931138580923836,-3.9957914131390955
135.9,0.7531456440475337,-3.9976400884405057
135.91,0.7131610563235734,-3.99910224695579
135.92000000000002,0.6731635991084179,-4.000248006499175
135.93,0.6331560961935899,-4.0011433118251185
135.94,0.5931407328719155,-4.001849905912361
135.95,0.5531190980753427,-4.00242530998682
135.96,0.513092226672179,-4.002922810986523
135.97,0.4730606418556121,-4.003391455253492
135.98,0.43302439756710914,-4.003876047321731
135.99,0.3929831209091775,-4.0044171527564005
136.0,0.3529360545119811,-4.0050511040862276
136.01,0.31288209882745294,-4.005810008958688
136.02,0.27281985433280737,-4.0067217597350595
136.03,0.23274766363275173,-4.007810043829809
136.04,0.19266365345621117,-4.00909435418573
136.05,0.1525657765490371,-4.010589999362601
136.06,0.11245185346895914,-4.012308112802941
136.07,0.07231961429297828,-4.014255660923598
136.08,0.03216674025048718,-4.0164354497665595
136.09,-0.008009094702352908,-4.018846130026569
136.1,-0.0482101823500442,-4.021482200357029
136.11,-0.08843873870949351,-4.0243340089394355
136.12,-0.12869686252883294,-4.027387753385308
136.13,-0.1689864937771997,-4.030625479123574
136.14000000000001,-0.20930937211130443,-4.034025076510585
136.15,-0.2496669953074114,-4.037560276984699
136.16,-0.2900605776509984,-4.04120064867268
136.17000000000002,-0.330491008280865,-4.044911591941117
136.18,-0.37095880948982074,-4.048654335472659
136.19,-0.41146409499031816,-4.052385933534091
136.2,-0.4520065281605026,-4.0560592651909895
136.21,-0.492585280294138,-4.059623036311685
136.22,-0.5331989888867363,-4.063021785291254
136.23,-0.5738457159999631,-4.06619589351387
136.24,-0.6145229067570137,-4.069081601658498
136.25,-0.6552273480331331,-4.071611033038048
136.26,-0.6959551274177747,-4.073712225244853
136.27,-0.7367015925380301,-4.075309171454892
136.28,-0.7774613108468724,-4.0763218728182995
136.29,-0.818228029994396,-4.076666403433395
136.3,-0.8589946389155403,-4.076254989464042
136.31,-0.8997531297836769,-4.074996104014317
136.32,-0.9404945609958267,-4.072794579418322
136.33,-0.9812090213720435,-4.069551738634751
136.34,-1.0218855957685218,-4.065165547453357
136.35,-1.0625123323211105,-4.059530789221785
136.36,-1.1030762115529575,-4.052539263783856
136.37,-1.1435631175967877,-4.04408001228207
136.38,-1.183957811798599,-4.034039569415416
136.39000000000001,-1.224243908985096,-4.022302244656017
136.4,-1.264403856691719,-4.008750433812342
136.41,-1.3044189176613428,-3.99326496218043
136.42000000000002,-1.3442691559353277,-3.9757254603454966
136.43,-1.3839334268682528,-3.956010773482603
136.44,-1.42338937140498,-3.9339994047551183
136.45,-1.4626134149633552,-3.9095699931222057
136.46,-1.5015807712674238,-3.882601825540803
136.47,-1.5402654514741712,-3.8529753831833924
136.48,-1.5786402789310918,-3.820572920890702
136.49,-1.6166769098919853,-3.785279078639716
136.5,-1.6543458605038863,-3.7469815233340578
136.51,-1.6916165403586665,-3.7055716187191443
136.52,-1.728457292878269,-3.6609451206925545
136.53,-1.7648354427725175,-3.6130028947260655
136.54,-1.8007173507727903,-3.561651651546174
136.55,-1.836068475803441,-3.50680469664208
136.56,-1.870853444705632,-3.4483826885927664
136.57,-1.9050361295752964,-3.3863144006376316
136.58,-1.9385797327183847,-3.320537479368883
136.59,-1.9714468791626742,-3.2509991939101504
136.6,-2.0035997165965878,-3.177657168476827
136.61,-2.0350000225322105,-3.1004800908023227
136.62,-2.065609318412634,-3.019448388573686
136.63,-2.0953889903036838,-2.934554865762972
136.64000000000001,-2.124300415727893,-2.8458052905798135
136.65,-2.15230509611528,-2.7532189267177527
136.66,-2.1793647942622476,-2.656828999632706
136.67000000000002,-2.2054416761079336,-2.5566830897855812
136.68,-2.2304984560579593,-2.452843445109796
136.69,-2.2544985450101294,-2.3453872054331373
136.70000000000002,-2.2774062001666215,-2.234406532194329
136.71,-2.2991866756540156,-2.120008637547067
136.72,-2.319806372917563,-2.002315707834267
136.73,-2.339232989810701,-1.8814647174354784
136.74,-2.357435667266272,-1.757607130130137
136.75,-2.3743851324133036,-1.6309084863643255
136.76,-2.390053836993559,-1.5015478761415335
136.77,-2.4044160899361344,-1.3697172986579953
136.78,-2.4174481829667185,-1.235620911247329
136.79,-2.4291285081610807,-1.0994741716619407
136.8,-2.4394376663999573,-0.9615028791729017
136.81,-2.448358565744539,-0.8219421213876594
136.82,-2.455876508827711,-0.6810351350375821
136.83,-2.461979268445291,-0.5390320902470795
136.84,-2.4666571506326522,-0.3961888089361924
136.85,-2.469903044624014,-0.2527654290044423
136.86,-2.471712459212741,-0.10902502677347573
136.87,-2.4720835451594834,0.034767789188911935
136.88,-2.4710171034289625,0.17834829929498752
136.89000000000001,-2.468516579173584,0.32145309540872263
136.9,-2.464588041520788,0.4638214907364435
136.91,-2.4592401493588554,0.6051969035037642
136.92000000000002,-2.452484103450713,0.7453282011906679
136.93,-2.4443335853350416,0.8839709927029024
136.94,-2.4348046835966546,1.020888856652198
136.95000000000002,-2.4239158082019974,1.1558544948824356
136.96,-2.411687593699006,1.2886508014925102
136.97,-2.3981427921721474,1.4190718388451389
136.98,-2.383306156922103,1.5469237133878653
136.99,-2.36720431790439,1.6720253455203373
137.0,-2.3498656500116963,1.7942091291921904
137.01,-2.331320135320546,1.9133214783803376
137.02,-2.31159922044409,2.0292232590457657
137.03,-2.290735670139631,2.1417901065822242
137.04,-2.268763418312445,2.250912630118749
137.05,-2.2457174175372554,2.356496506303638
137.06,-2.221633488186372,2.458462466361132
137.07,-2.1965481682100325,2.5567461812588075
137.08,-2.1704985645611954,2.651298050742004
137.09,-2.1435222071951925,2.742082902773513
137.1,-2.115656906505725,2.829079610557609
137.11,-2.08694061498404,2.9122806348259282
137.12,-2.0574112938092064,2.9916914994203276
137.13,-2.0271067849956337,3.0673302084291163
137.14000000000001,-1.9960646896406244,3.139226613224661
137.15,-1.9643222527311406,3.207421737721127
137.16,-1.931916254886202,3.2719670700314447
137.17000000000002,-1.8988829113305117,3.332923828464095
137.18,-1.8652577783169202,3.3903622094754224
137.19,-1.8310756671410036,3.444360624794902
137.20000000000002,-1.7963705658210223,3.4950049344820977
137.21,-1.7611755684513617,3.5423876821678144
137.22,-1.725522812177666,3.586607338190681
137.23,-1.689443421687548,3.6277675557757587
137.24,-1.6529674610621508,3.6659764448247443
137.25,-1.616123892791053,3.7013458673078516
137.26,-1.5789405437159938,3.733990757674375
137.27,-1.5414440776375655,3.7640284711400334
137.28,-1.503659974293193,3.791578162171023
137.29,-1.4656125143941452,3.8167601949728183
137.3,-1.4273247703937368,3.8396955873104126
137.31,-1.388818602647937,3.8605054885393058
137.32,-1.3501146606229506,3.8793106923153973
137.33,-1.3112323888016288,3.896231184078553
137.34,-1.2721900369413794,3.9113857230695666
137.35,-1.2330046743402374,3.9248914583436054
137.36,-1.1936922077745074,3.9368635779842758
137.37,-1.154267402780552,3.9474149905000777
137.38,-1.1147439079645056,3.9566560371977046
137.39000000000001,-1.0751342820365977,3.964694234172464
137.4,-1.0354500232810562,3.971634042432943
137.41,-0.9957016011879386,3.9775766645826853
137.42000000000002,-0.9558984899894024,3.9826198664136037
137.43,-0.9160492038596665,3.9868578217217627
137.44,-0.8761613335549671,3.9903809786335978
137.45000000000002,-0.8362415842869945,3.993275945727165
137.46,-0.7962958146404236,3.9956253962463784
137.47,-0.7563290763620667,3.997507988734205
137.48,-0.7163456548657394,3.9989983024513776
137.49,-0.6763491103130391,4.000166785998419
137.5,-0.6363423191457711,4.001079717618947
137.51,-0.5963275159606602,4.001799175729707
137.52,-0.556306335631177,4.002383018296157
137.53,-0.5162798555947372,4.0028848697503845
137.54,-0.47624863823616936,4.003354114229692
137.55,-0.4362127733101434,4.003835893998198
137.56,-0.39617192035620546,4.004371111999657
137.57,-0.3561253510701503,4.004996437576603
137.58,-0.3160719916046734,4.0057443144783695
137.59,-0.2760104647805829,4.006642970368118
137.6,-0.23593913219731105,4.007716427126395
137.61,-0.19585613623805498,4.008984511335738
137.62,-0.15575944197059627,4.010462864417224
137.63,-0.11564687894971047,4.012162951975748
137.64000000000001,-0.0755161829310813,4.014092071995997
137.65,-0.03536503750979051,4.01625336161579
137.66,0.004808884301234497,4.018645802287657
137.67000000000002,0.04500787853596263,4.021264223223509
137.68,0.08523416876570468,4.024099303100913
137.69,0.1254898645979809,4.0271375700933225
137.70000000000002,0.16577692016757115,4.0303614003704915
137.71,0.20609709260539072,4.033749015299528
137.72,0.2464519004735617,4.037274477661769
137.73,0.28684258215862607,4.040907687285898
137.74,0.3272700542192796,4.044614376583641
137.75,0.36773486969029884,4.048356106560913
137.76,0.40823717635049783,4.052090263964492
137.77,0.4487766749695887,4.055770060311939
137.78,0.48935257755673667,4.05934453364049
137.79,0.5299635656423984,4.0627585538986475
137.8,0.5706077486347095,4.065952832991843
137.81,0.6112826223022353,4.068863940580307
137.82,0.6519850274463156,4.071424326812556
137.83,0.6927111088384863,4.073562353260882
137.84,0.7334562745115332,4.075202333405057
137.85,0.7742151555065875,4.076264584086037
137.86,0.814981566193254,4.076665489421537
137.87,0.8557484652950182,4.0763175787386245
137.88,0.8965079177680264,4.075129620133343
137.89000000000001,0.937251057697685,4.073006731312135
137.9,0.9779680523942691,4.069850509402603
137.91,1.018648067885737,4.065559181439978
137.92000000000002,1.0592792360230687,4.060027777238258
137.93,1.0998486234305023,4.053148326339249
137.94,1.1403422025498537,4.04481008069616
137.95000000000002,1.1807448250444257,4.034899764688641
137.96,1.2210401978436267,4.02330185398078
137.97,1.2612108621240414,4.009898884620117
137.98,1.3012381755360292,3.9945717936319154
137.99,1.3411022979966798,3.97720029218658
138.0,1.3807821813797607,3.9576632722072342
138.01,1.4202555634408243,3.9358392470374404
138.02,1.4594989663205093,3.9116068265045913
138.03,1.498487699970916,3.8848452263917954
138.04,1.537195870848345,3.855434811969948
138.05,1.5755963962103148,3.8232576748425284
138.06,1.6136610243451956,3.788198241919727
138.07,1.6513603610487093,3.750143914867867
138.08,1.6886639026425532,3.7089857378777644
138.09,1.725540075806265,3.6646190910657075
138.1,1.7619562844638674,3.6169444062682983
138.11,1.7978789639316308,3.5658679014237373
138.12,1.8332736424923421,3.511302329154649
138.13,1.8681050105147237,3.4531677345898144
138.14000000000001,1.9023369971841382,3.3913922168938213
138.15,1.9359328548526,3.3259126884253005
138.16,1.9688552509526442,3.256675624927645
138.17000000000002,2.001066367351153,3.1836377996831255
138.18,2.0325280069463068,3.1067669941449165
138.19,2.063201707234051,3.0260426772147433
138.20000000000002,2.0930488604906015,2.9414566450696236
138.21,2.1220308401354435,2.8530136132721697
138.22,2.1501091327560444,2.7607317528370094
138.23,2.177245475192183,2.664643161981876
138.24,2.203401995995682,2.5647942654750953
138.25,2.2285413605016853,2.46124613380897
138.26,2.2526269186718615,2.354074714885968
138.27,2.275622854799405,2.2433709715042194
138.28,2.297494338101946,2.129240918670059
138.29,2.3182076731728056,2.0118055556445875
138.3,2.337730449214837,1.8912006886414265
138.31,2.356031686945634,1.7675766412235092
138.32,2.373081982039307,1.641097850683968
138.33,2.388853643959313,1.5119423500227176
138.34,2.4033208290397616,1.3803011365258862
138.35,2.416459666689831,1.246377429396784
138.36,2.4282483776276975,1.1103858203493375
138.37,2.438667383096818,0.9725513225308627
138.38,2.4476994040783144,0.8331083245626477
138.39000000000001,2.4553295495880705,0.6922994578456776
138.4,2.461545393235228,0.5503743865469692
138.41,2.46633703731901,0.40758853083258806
138.42000000000002,2.4696971638518797,0.2642017349216529
138.43,2.471621072017443,0.12047689237934017
138.44,2.4721067016994667,-0.02332145827276394
138.45000000000002,2.471154642851988,-0.16692855408850782
138.46,2.468768130617697,-0.31008083057740266
138.47,2.46495302624044,-0.45251733310062464
138.48,2.4597177839556843,-0.5939811031268215
138.49,2.453073404177904,-0.7342205260798249
138.5,2.445033373434088,-0.8729906281010578
138.51,2.435613591615883,-1.010054309829392
138.52,2.4248322872375003,-1.1451835062530042
138.53,2.4127099214908228,-1.2781602627903892
138.54,2.3992690819816924,-1.4087777189871804
138.55,2.384534367111079,-1.5368409925455992
138.56,2.3685322621307803,-1.662167957806565
138.57,2.3512910079549476,-1.7845899142524246
138.58,2.3328404638457316,-1.9039521420626155
138.59,2.313211965113695,-2.0201143432078794
138.6,2.292438176981574,-2.132950967984963
138.61,2.270552945753996,-2.24235142824909
138.62,2.2475911484165922,-2.3482201998745413
138.63,2.2235885417565053,-2.4504768181460554
138.64000000000001,2.1985816120536716,-2.5490557708402717
138.65,2.1726074263397,-2.643906294685318
138.66,2.1457034861599653,-2.734992081679646
138.67000000000002,2.117907584706107,-2.8222909024033824
138.68,2.0892576681118973,-2.9057941539651932
138.69,2.059791701626803,-2.9855063405964066
138.70000000000002,2.0295475412999693,-3.061444495136013
138.71,1.9985628117240828,-3.1336375497517968
138.72,1.9668747903049333,-3.2021256642228977
138.73,1.934520298439625,-3.266959519977788
138.74,1.9015355999053776,-3.328199587850576
138.75,1.8679563066826135,-3.3859153772000936
138.76,1.8338172923613758,-3.440184673643289
138.77,1.7991526132097477,-3.4910927722000955
138.78,1.7639954369173738,-3.5387317121440396
138.79,1.7283779789668667,-3.5831995193139337
138.8,1.692331446531095,-3.624599461078806
138.81,1.6558859897452907,-3.6630393185717978
138.82,1.6190706601596592,-3.698630680229133
138.83,1.581913376140708,-3.7314882600963872
138.84,1.5444408949577313,-3.7617292438039573
138.85,1.5066787912646287,-3.7894726645736445
138.86,1.4686514416662584,-3.8148388111040687
138.87,1.4303820150425473,-3.8379486686987323
138.88,1.3918924682922835,-3.8589233945503656
138.89000000000001,1.3532035471515398,-3.8778838276810927
138.9,1.3143347917386616,-3.8949500336614946
138.91,1.27530454647831,-3.910240883893588
138.92000000000002,1.23612997406079,-3.923873668943023
138.93,1.1968270730994497,-3.9359637451438916
138.94,1.1574106991579123,-3.9466242134743332
138.95000000000002,1.117894588829963,-3.9559656295110632
138.96,1.078291386567691,-3.964095743114196
138.97,1.038612673967679,-3.9711192663682335
138.98,0.9988690012403263,-3.9771376682084885
138.99,0.9590699206035093,-3.9822489940921693
139.0,0.9192240213584828,-3.9865477090274677
139.01,0.8793389664229598,-3.9901245622497705
139.02,0.8394215301134874,-3.9930664718292217
139.03,0.7994776369863754,-3.995456427505964
139.04,0.7595124015633682,-3.9973734100763147
139.05,0.7195301687848492,-3.998892325692785
139.06,0.6795345550495125,-4.0000839534913
139.07,0.6395284897150233,-4.001014905018532
139.08,0.5995142569491421,-4.001747593999163
139.09,0.5594935378350401,-4.00234021505588
139.1,0.5194674526480244,-4.002846730072544
139.11,0.47943660323358916,-4.003316860972246
139.12,0.43940111542857946,-4.0037960877658625
139.13,0.399360681478272,-4.004325650812397
139.14000000000001,0.3593146024123316,-4.0049425563193
139.15,0.319261830351886,-4.005679584198306
139.16,0.27920101072836545,-4.006565297479995
139.17000000000002,0.2391305244022861,-4.007624052577617
139.18,0.1990485296768131,-4.008876009777801
139.19,0.1589530042067301,-4.01033714342219
139.20000000000002,0.11884178680836929,-4.01201925132998
139.21,0.07871261918013046,-4.013929963096537
139.22,0.03856318754643855,-4.016072746988061
139.23,-0.0016088357596307581,-4.018446915236489
139.24,-0.04180575075829123,-4.02104762762276
139.25,-0.08202978831208596,-4.023865893320353
139.26,-0.12228306862469829,-4.026888571054733
139.27,-0.1625675597331806,-4.030098367718257
139.28,-0.2028850359790634,-4.033473835664271
139.29,-0.24323703644646602,-4.036989368988807
139.3,-0.28362482335883954,-4.040615199193508
139.31,-0.3240493404303362,-4.044317390709227
139.32,-0.3645111711730241,-4.048057836846283
139.33,-0.4050104971672619,-4.051794256824466
139.34,-0.44554705630951347,-4.055480194623522
139.35,-0.48612010105973236,-4.059065020482837
139.36,-0.5267283567191702,-4.062493935967041
139.37,-0.5673699797790731,-4.065707983601944
139.38,-0.608042516391209,-4.068644062172092
139.39000000000001,-0.6487428610225149,-4.071234948856623
139.4,-0.6894672153683414,-4.073409329463296
139.41,-0.7302110476117808,-4.075091838100717
139.42000000000002,-0.7709690521303558,-4.076203107704686
139.43,-0.8117351097658746,-4.076659832905186
139.44,-0.8525022487884596,-4.076374846784441
139.45000000000002,-0.8932626067015634,-4.075257213131991
139.46,-0.9340073930510994,-4.073212335848422
139.47,-0.9747268534185318,-4.070142087183175
139.48,-1.015410234794763,-4.065944956511846
139.49,-1.0560457525487688,-4.060516221362392
139.5,-1.0966205592220106,-4.053748142385455
139.51,-1.1371207153964777,-4.045530183929174
139.52,-1.177531162900594,-4.03574926182107
139.53,-1.217835700632899,-4.024290019876276
139.54,-1.2580169632981195,-4.011035136540324
139.55,-1.2980564033637056,-3.9958656629333222
139.56,-1.337934276556786,-3.9786613933887116
139.57,-1.37762963123148,-3.9593012693716982
139.58,-1.4171203019442202,-3.9376638174183904
139.59,-1.4563829075798478,-3.913627621455199
139.6,-1.4953928543733241,-3.8870718295384417
139.61,-1.5341243441706167,-3.857876694696005
139.62,-1.5725503882672442,-3.825924149156747
139.63,-1.6106428271537516,-3.791098410820281
139.64000000000001,-1.6483723564836499,-3.7532866203517794
139.65,-1.685708559560787,-3.7123795067865166
139.66,-1.7226199466193801,-3.668272079000937
139.67000000000002,-1.7590740011408057,-3.620864339856165
139.68,-1.7950372334165032,-3.570062019252252
139.69,-1.8304752415258507,-3.5157773217543666
139.70000000000002,-1.8653527798515905,-3.4579296838741045
139.71,-1.8996338352033326,-3.3964465355195843
139.72,-1.9332817105619822,-3.33126405957768
139.73,-1.9662591163948864,-3.2623279430719885
139.74,-1.998528269423422,-3.1895941128632095
139.75,-2.0300509986521504,-3.1130294484372394
139.76,-2.0607888583921667,-3.0326124639734426
139.77,-2.0907032479316197,-2.948333951614293
139.78,-2.119755537424453,-2.860197577680536
139.79,-2.14790719948523,-2.768220423505173
139.8,-2.175119945894556,-2.672433462605805
139.81,-2.2013558687373465,-2.57288196608764
139.82,-2.2265775852163094,-2.4696258284762775
139.83,-2.2507483853068724,-2.3627398066255734
139.84,-2.273832381348821,-2.252313664934112
139.85,-2.295794658605555,-2.1384522208338748
139.86,-2.3166014257654988,-2.0212752853831533
139.87,-2.336220164313218,-1.900917494795853
139.88,-2.354619775661416,-1.7775280298608884
139.89000000000001,-2.3717707249104363,-1.6512702214346844
139.9,-2.38764518009011,-1.5223210415099326
139.91,-2.402217145740635,-1.3908704807546182
139.92000000000002,-2.4154625897052027,-1.2571208148541073
139.93,-2.4273595620377173,-1.1212857634506523
139.94,-2.4378883049742157,-0.9835895469321267
139.95000000000002,-2.4470313529763597,-0.8442658477471812
139.96,-2.454773621929159,-0.7035566842889077
139.97,-2.461102486662138,-0.5617112066654547
139.98,-2.4660078460624684,-0.4189844248369443
139.99,-2.469482175158877,-0.275635880618471
140.0,-2.471520563674838,-0.1319282759064955
140.01,-2.472120740677007,0.011873929838504604
140.02,-2.471283085078068,0.15550593934192983
140.03,-2.469010621890168,0.2987040407160464
140.04,-2.465309004263747,0.4412070202746316
140.05,-2.460186481484676,0.5827575512834086
140.06,-2.453653853238079,0.7231035453398962
140.07,-2.445724410577878,0.8619994536512909
140.08,-2.4364138641650532,0.9992075062444701
140.09,-2.4257402604529887,1.1344988780810434
140.1,-2.4137238866034325,1.2676547721418345
140.11,-2.400387165010152,1.398467410765484
140.12,-2.385754538388123,1.526740927849019
140.13,-2.3698523464531718,1.6522921559166723
140.14000000000001,-2.352708695269789,1.7749513035086375
140.15,-2.334353320382999,1.8945625198054998
140.16,-2.3148174448736794,2.010984344859273
140.17000000000002,-2.294133633485813,2.124090045222115
140.18,-2.272335643969237,2.2337678361248297
140.19,-2.249458276763317,2.339920992637582
140.20000000000002,-2.2255372241164855,2.4424678534262587
140.21,-2.2006089196947918,2.5413417217840815
140.22,-2.174710389680804,2.6364906695575248
140.23,-2.1478791063036415,2.7278772503895983
140.24,-2.1201528446730125,2.81547812936704
140.25,-2.091569543716301,2.899283636679041
140.26,-2.0621671719394317,2.9792972532749675
140.27,-2.0319835986508017,3.0555350367511025
140.28,-2.0010564712044094,3.1280249958081554
140.29,-1.9694230987346384,3.1968064216106478
140.3,-1.9371203427721966,3.261929184256435
140.31,-1.9041845150495098,3.323453002341044
140.32,-1.8706512827253756,3.3814466932895475
140.33,-1.8365555811837189,3.4359874117412104
140.34,-1.8019315344905515,3.4871598828221955
140.35,-1.7668123835272749,3.5350556366421397
140.36,-1.7312304217577086,3.5797722498138924
140.37,-1.695216938530997,3.621412599234031
140.38,-1.658802169773028,3.6600841327860474
140.39000000000001,-1.622015255875276,3.6958981610483623
140.4,-1.5848842065520607,3.7289691735146806
140.41,-1.5474358724049824,3.7594141822725624
140.42000000000002,-1.5096959229066094,3.787352095544239
140.43,-1.4716888304940976,3.8129031229772696
140.44,-1.4334378604470641,3.836188214086209
140.45000000000002,-1.3949650662123736,3.8573285307934677
140.46,-1.356291289831195,3.8764449546005006
140.47,-1.3174361671203636,3.8936576285410007
140.48,-1.278418137260375,3.909085533726609
140.49,-1.2392544564458314,3.9228460999929204
140.5,-1.1999612152605166,3.935054849888675
140.51,-1.1605533594480582,3.9458250750229387
140.52,-1.1210447137600579,3.9552675435922895
140.53,-1.0814480085762121,3.9634902377506944
140.54,-1.0417749090050439,3.9705981193568443
140.55,-1.0020360461890754,3.9766929225349044
140.56,-0.9622410505543457,3.981872971412574
140.57,-0.9223985867608239,3.986233021352619
140.58,-0.8825163901272934,3.9898641219681927
140.59,-0.8426013043214601,3.992853500205898
140.6,-0.8026593201231755,3.9952844617913965
140.61,-0.7626956150856322,3.9972363093581844
140.62,-0.7227145939360119,3.998784275618844
140.63,-0.6827199295732553,3.999999469987787
140.64000000000001,-0.6427146045362561,4.000948837123346
140.65,-0.6027009528307884,4.00169512592347
140.66,-0.5626807020177867,4.002296867581826
140.67000000000002,-0.5226550154791519,4.002808361388432
140.68,-0.48262453479001816,4.003279667039929
140.69,-0.4425894221383534,4.003756602308367
140.70000000000002,-0.40254940274385087,4.004280745002923
140.71,-0.36250380723829495,4.004889438245769
140.72,-0.3224516139789355,4.005615798170696
140.73,-0.28239149127488106,4.006488723240693
140.74,-0.24232183951412167,4.0075329044681
140.75,-0.20224083318551908,4.008768835908019
140.76,-0.1621464627959613,4.010212824882193
140.77,-0.12203657668787522,4.0118770014764715
140.78,-0.08190892276643186,4.013769326940315
140.79,-0.04176119014906892,4.01589360070154
140.8,-0.001591050752401055,4.018249465793821
140.81,0.0386037991668075,4.020832412578389
140.82,0.0788255974991667,4.023633780725175
140.83,0.11907647478131099,4.026640759502369
140.84,0.15935841268921408,4.02983638650722
140.85,0.1996732025114554,4.033199545055141
140.86,0.2400224035903169,4.036704960528729
140.87,0.28040730172203,4.040323196073528
140.88,0.32082886751178746,4.044020648113128
140.89000000000001,0.36128771468429255,4.047759542242669
140.9,0.4017840583566408,4.051497930146867
140.91,0.44231767328722993,4.055189688276336
140.92000000000002,0.48288785212216756,4.058784519103863
140.93,0.5234933636693072,4.0622279558704
140.94,0.5641324112395756,4.065461371818198
140.95000000000002,0.6048025911056713,4.068421994995515
140.96,0.645500851139486,4.071042929802816
140.97,0.6862234497017276,4.073253186533866
140.98,0.7269659148701633,4.074977720245444
140.99,0.7677230041066364,4.076137480365767
141.0,0.8084886644774786,4.076649472522742
141.01,0.8492559935570912,4.076426834137659
141.02,0.8900172011602318,4.075378925386212
141.03,0.9307635720648154,4.073411437175232
141.04,0.9714854299037363,4.070426517818368
141.05,1.0121721024211827,4.066322920115066
141.06,1.0528118883060376,4.060996170542611
141.07,1.0933920258320349,4.054338762258269
141.08,1.133898663551203,4.0462403735755075
141.09,1.174316833303545,4.0365881135223605
141.1,1.21463042582165,4.025266796008856
141.11,1.254822169223722,4.01215924402162
141.12,1.2948736107020824,3.9971466251249166
141.13,1.3347651017262203,3.9801088193763694
141.14000000000001,1.3744757870896096,3.9609248205603467
141.15,1.4139835981374271,3.939473171400808
141.16,1.4532652505176258,3.915632433136995
141.17000000000002,1.492296246800167,3.889281689528759
141.18,1.531050884308201,3.860301085003299
141.19,1.5695022685002329,3.8285723962619227
141.20000000000002,1.6076223322334393,3.793979636235257
141.21,1.6453818612249382,3.756409688810036
141.22,1.6827505260096403,3.715752972253078
141.23,1.71969692067,3.6719041287322
141.24,1.7561886085842844,3.6247627367845445
141.25,1.7921921754056909,3.5742340430162716
141.26,1.8276732894446097,3.5202297087409375
141.27,1.8625967695805095,3.462668566685571
141.28,1.8969266607783213,3.4014773823229243
141.29,1.9306263172269682,3.3365916138360943
141.3,1.9636584930550434,3.267956164199107
141.31,1.9959854405109505,3.195526118376252
141.32,2.0275690154225683,3.119267458216684
141.33,2.058370789675284,3.039157747262034
141.34,2.0883521703678087,2.9551867774065355
141.35,2.117474525223414,2.867357169164178
141.36,2.1456993137510922,2.7756849172176694
141.37,2.172988223567768,2.680199872960546
141.38,2.1993033112103033,2.580946155906146
141.39000000000001,2.2246071466858908,2.477982486133079
141.4,2.2488629609329647,2.3713824303717677
141.41,2.272034795293326,2.26123455491354
141.42000000000002,2.2940876520312354,2.147642479242574
141.43,2.314987644878178,2.0307248251486554
141.44,2.334702148534209,1.9106150570686515
141.45000000000002,2.3531999460195507,1.7874612105169296
141.46,2.3704513727445473,1.6614255066862755
141.47,2.3864284561532765,1.532683852614459
141.48,2.4011050497968367,1.401425227697629
141.49,2.414456960707229,1.2678509587675777
141.5,2.4264620689721883,1.13217388741063
141.51,2.4371004384554418,0.9946174346647076
141.52,2.4463544176654826,0.8554145696600999
141.53,2.454208729848644,0.7148066901402141
141.54,2.4606505514682873,0.5730424240829959
141.55,2.4656695783303038,0.43037636281475644
141.56,2.469258078724582,0.2870677370406213
141.57,2.471410933071116,0.1433790480870644
141.58,2.472125659686323,-0.0004253326573527838
141.59,2.471402426417969,-0.14408058262241624
141.6,2.469244048033875,-0.2873228514901419
141.61,2.465655969388166,-0.4298906753412123
141.62,2.4606462345270503,-0.5715263678155428
141.63,2.454225442031855,-0.711977374943431
141.64000000000001,2.446406687028182,-0.8509975808629335
141.65,2.4372054904145966,-0.9883485523899957
141.66,2.426639715980382,-1.1238007113336212
141.67000000000002,2.414729476187924,-1.2571344245284908
141.68,2.401497027489812,-1.3881410027684182
141.69,2.3869666561325555,-1.5166236011400007
141.70000000000002,2.371164555467012,-1.6423980146492871
141.71,2.35411869583957,-1.765293364476987
141.72,2.3358586881774723,-1.8851526716613554
141.73,2.316415642406343,-2.001833316464746
141.74,2.2958220218481777,-2.1152073831036815
141.75,2.2741114947442695,-2.225161890888852
141.76,2.251318784030401,-2.3315989141089375
141.77,2.227479516462091,-2.434435594181653
141.78,2.2026300721467678,-2.5336040486712377
141.79,2.176807435488666,-2.6290511827214997
141.8,2.150049048492338,-2.7207384092685487
141.81,2.1223926673032953,-2.8086412850721465
141.82,2.093876222790895,-2.8927490701370133
141.83,2.064537685900555,-2.9730642184864045
141.84,2.034414938421167,-3.04960180850355
141.85,2.003545649730484,-3.1223889211784317
141.86,1.971967159997598,-3.1914639745961
141.87,1.9397163702385618,-3.2568760228884153
141.88,1.9068296395398296,-3.318684027655117
141.89000000000001,1.8733426896854593,-3.3769561095547207
141.9,1.839290517348735,-3.4317687873837803
141.91,1.8047073139377836,-3.4832062115176408
141.92000000000002,1.7696263931183824,-3.53135939808977
141.93,1.7340801259759884,-3.576325469752759
141.94,1.6980998837233274,-3.618206908304
141.95000000000002,1.6617159878099086,-3.6571108238840484
141.96,1.6249576672456465,-3.693148244875914
141.97,1.5878530229123902,-3.7264334320581805
141.98,1.5504289986044828,-3.7570832200019164
141.99,1.5127113585123517,-3.7852163881576746
142.0,1.474724670841329,-3.8109530635602678
142.01,1.4364922972411462,-3.834414156590037
142.02,1.3980363877095283,-3.8557208307735746
142.03,1.3593778806256749,-3.874994007186887
142.04,1.3205365075657907,-3.892353903641496
142.05,1.281530802552845,-3.9079196084897423
142.06,1.2423781153959956,-3.921808688579784
142.07,1.203094628781249,-3.9341368306229034
142.08,1.1636953787835373,-3.9450175150047855
142.09,1.1241942784811532,-3.9545617208768626
142.1,1.084604144366,-3.9628776612019387
142.11,1.0449367252571142,-3.9700705462979458
142.12,1.005202733440041,-3.976242374322633
142.13,0.9654118777706616,-3.9814917470679143
142.14000000000001,0.9255728984986829,-3.9859137093829986
142.15,0.8856936035830018,-3.989599610517923
142.16,0.8457809062883245,-3.9926369856713007
142.17000000000002,0.8058408638695758,-3.9951094560356477
142.18,0.7658787171676115,-3.9970966456583357
142.19,0.725898930956409,-3.998674113473996
142.20000000000002,0.6859052348981315,-3.999913298913064
142.21,0.6459006649781477,-4.000881479549326
142.22,0.605887605307145,-4.001641739315217
142.23,0.5658678301918434,-4.002252945885687
142.24,0.5258425463894313,-4.002769735908451
142.25,0.48581243547367436,-4.003242506839194
142.26,0.4457776962526474,-4.00371741422382
142.27,0.40573808718919796,-4.00423637335534
142.28,0.36569296878554064,-4.004837064319642
142.29,0.32564134590280513,-4.005552939531796
142.3,0.2855819099949047,-4.006413232952116
142.31,0.24551308124376278,-4.007442970258642
142.32,0.20543305058973182,-4.0086629793398245
142.33,0.16533982165696626,-4.010089900557739
142.34,0.12523125257857703,-4.0117361963181315
142.35,0.08510509773060364,-4.013610159568979
142.36,0.04495904938719745,-4.0157159209340465
142.37,0.004790779311922702,-4.0180534542722235
142.38,-0.03540201969824702,-4.0206185805374455
142.39000000000001,-0.0756215922988262,-4.023402969897754
142.4,-0.1158700790962021,-4.026394142155794
142.41,-0.15614947514194208,-4.029575465596906
142.42000000000002,-0.19646158840814024,-4.032926154475142
142.43,-0.2368079982314449,-4.036421265432056
142.44,-0.27719001371678137,-4.040031693228306
142.45000000000002,-0.3176086320960111,-4.043724166253804
142.46,-0.3580644970418575,-4.047461242368551
142.47,-0.39855785694338214,-4.051201305713356
142.48,-0.4390885231561246,-4.054898565217181
142.49,-0.47965582824772574,-4.058503055615803
142.5,-0.5202585842684406,-4.0619606418844985
142.51,-0.5608950410854157,-4.0652130280752665
142.52,-0.6015628448299459,-4.0681977716360915
142.53,-0.6422589965181376,-4.070848304375463
142.54,-0.6829798109174553,-4.073093961318969
142.55,-0.723720875744517,-4.074860018785457
142.56,-0.7644770112931645,-4.076067743086918
142.57,-0.8052422306062554,-4.076634451327818
142.58,-0.8460097003197209,-4.076473585844589
142.59,-0.8867717023231472,-4.075494803883045
142.6,-0.9275195963973818,-4.073604084158813
142.61,-0.9682437840063235,-4.070703851981684
142.62,-1.0089336734370156,-4.066693124647144
142.63,-1.0495776464992663,-4.061467678805004
142.64000000000001,-1.0901630270131155,-4.054920241503937
142.65,-1.130676051329345,-4.046940706579309
142.66,-1.1711018411447018,-4.037416377997728
142.67000000000002,-1.2114243788892998,-4.026232241692671
142.68,-1.2516264859785553,-4.013271267319033
142.69,-1.2916898042356804,-3.998414741218078
142.70000000000002,-1.3315947808029167,-3.9815426317158726
142.71,-1.3713206568699976,-3.9625339876758305
142.72,-1.4108454605564331,-3.9412673709877253
142.73,-1.450146004289752,-3.917621323400111
142.74,-1.4891978870244353,-3.8914748677895656
142.75,-1.5279755016455432,-3.8627080436082033
142.76,-1.566452047896599,-3.831202475860759
142.77,-1.6045995511627582,-3.7968419765352417
142.78,-1.642388887427304,-3.7595131769485657
142.79,-1.6797898147017296,-3.7191061889734867
142.8,-1.7167710112067738,-3.6755152925893895
142.81,-1.7533001205535175,-3.628639646651876
142.82,-1.7893438041398113,-3.5783840192106813
142.83,-1.8248678009377313,-3.5246595331293387
142.84,-1.8598369948023983,-3.467384422181511
142.85,-1.8942154893813614,-3.4064847922273644
142.86,-1.9279666906469455,-3.3418953815192354
142.87,-1.961053397011746,-3.2735603136604277
142.88,-1.9934378969201538,-3.2014338362563874
142.89000000000001,-2.0250820737368738,-3.12548103786642
142.9,-2.0559475176774824,-3.0456785354994733
142.91,-2.0859956444468635,-2.962015124612407
142.92000000000002,-2.1151878201697305,-2.8744923833762783
142.93,-2.143485492114389,-2.7831252228876546
142.94,-2.1708503246274833,-2.687942375028887
142.95000000000002,-2.1972443396149663,-2.5889868098333206
142.96,-2.22263006082415,-2.4863160744964734
142.97,-2.246970661104896,-2.380002546597948
142.98,-2.270230111756109,-2.2701335946643835
142.99,-2.2923733329981837,-2.1568116399113686
143.0,-2.3133663445543364,-2.040154113849019
143.01,-2.333176415275164,-1.9202933074156479
143.02,-2.351772210702649,-1.7973761084070001
143.03,-2.369123937443304,-1.6715636251817156
143.04,-2.385203483206283,-1.543030695930633
143.05,-2.3999845513619165,-1.4119652841786015
143.06,-2.413442788889855,-1.2785677626202498
143.07,-2.425555906614321,-1.1430500888508492
143.08,-2.4363037906668716,-1.0056348780133766
143.09,-2.445668604174588,-0.8665543788152772
143.1,-2.453634878243177,-0.7260493607448364
143.11,-2.4601895913894847,-0.5843679216093792
143.12,-2.465322236675364,-0.4417642256985441
143.13,-2.469024875903455,-0.29849718392025015
143.14000000000001,-2.4712921803537693,-0.15482908814182847
143.15,-2.472121457666292,-0.011024212674452027
143.16,-2.4715126646072587,0.1326526036504194
143.17000000000002,-2.469468405593284,0.2759373810599283
143.18,-2.46599391698606,0.4185684142310613
143.19,-2.461097037308663,0.5602876657766237
143.20000000000002,-2.454788163670528,0.700842124446513
143.21,-2.447080194819733,0.8399851152081825
143.22,-2.4379884613663645,0.977477549106381
143.23,-2.427530643837605,1.1130891017147786
143.24,-2.4157266793320686,1.2465993100607546
143.25,-2.40259865763639,1.3777985791061034
143.26,-2.3881707077499468,1.5064890901750092
143.27,-2.3724688758328902,1.632485605108971
143.28,-2.3555209956477676,1.7556161613681749
143.29,-2.3373565526055264,1.8757226547617898
143.3,-2.3180065425525314,1.9926613079480384
143.31,-2.2975033264465656,2.1063030242722975
143.32,-2.2758804820670857,2.216533627883451
143.33,-2.253172653888897,2.323253992363224
143.34,-2.2294154022198214,2.426380061301143
143.35,-2.2046450526628742,2.525842765333167
143.36,-2.178898546913158,2.621587841122291
143.37,-2.1522132958404283,2.7135755585854424
143.38,-2.124627035741449,2.801780363357082
143.39000000000001,-2.0961776885732863,2.88619044202366
143.4,-2.0669032269009757,2.9668072180652083
143.41,-2.036841544211982,3.0436447867044283
143.42000000000002,-2.0060303311668872,3.1167292969956586
143.43,-1.9745069582720691,3.1860982894943084
143.44,-1.9423083653770012,3.251799997741646
143.45000000000002,-1.9094709583172362,3.313892621591475
143.46,-1.8760305129451715,3.3724435801064887
143.47,-1.8420220867151065,3.427528751375775
143.48,-1.807479937917656,3.4792317061640703
143.49,-1.772437452591825,3.527642941810917
143.5,-1.7369270790814377,3.572859122266439
143.51,-1.7009802701464962,3.6149823295920407
143.52,-1.6646274324895969,3.654119331680121
143.53,-1.6278978835128939,3.6903808703671666
143.54,-1.5908198150822537,3.723880973538592
143.55,-1.553420264042122,3.754736294259484
143.56,-1.515725089197064,3.783065479419998
143.57,-1.477758954453722,3.8089885698633577
143.58,-1.4395453177997968,3.832626433472943
143.59,-1.4011064257842631,3.854100232236421
143.6,-1.3624633131550683,3.8735309238820115
143.61,-1.323635807306623,3.891038798296437
143.62,-1.2846425371891397,3.906743048586822
143.63,-1.2455009463348865,3.9207613763399873
143.64000000000001,-1.20622730966234,3.9332096303617208
143.65,-1.166836753727652,3.944201477944741
143.66,-1.127343280103445,3.953848107515787
143.67000000000002,-1.0877597915773365,3.9622579613477424
143.68,-1.0480981208764903,3.969536496889912
143.69,-1.0083690616395382,3.975785975166302
143.70000000000002,-0.9685824013731642,3.981105274615585
143.71,-0.9287469561472265,3.985589728694974
143.72,-0.8888706067992648,3.989330985541084
143.73,-0.8489603364364049,3.9924168879715354
143.74,-0.8090222690398341,3.9949313721193174
143.75,-0.7690617089940186,3.9969543830154928
143.76,-0.7290831813795243,3.9985618054726313
143.77,-0.6890904728845659,3.999825408669398
143.78,-0.6490866732061363,4.00081280289423
143.79,-0.6090742168266814,4.001587406971353
143.8,-0.5690549250667093,4.002208424964031
143.81,-0.5290300483274009,4.002730830826558
143.82,-0.4890003084501782,4.003205359757045
143.83,-0.44896594113225996,4.003678505086348
143.84,-0.4089267383484512,4.004192519623853
143.85,-0.36888209073978284,4.004785420467464
143.86,-0.3288310299391019,4.005490996372448
143.87,-0.28877227081233386,4.006338816861381
143.88,-0.24870425360187426,4.007354242344942
143.89000000000001,-0.20862518596543503,4.008558434610374
143.9,-0.16853308490966679,4.0099683671210915
143.91,-0.1284258186230132,4.011596834656911
143.92000000000002,-0.08830114821652857,4.013452461909816
143.93,-0.04815676938481687,4.0155397107349815
143.94,-0.007990354001828941,4.017858885841163
143.95000000000002,0.032200408332006394,4.020406138788576
143.96,0.07241776877394257,4.023173470246135
143.97,0.1126638777369291,4.026148730543698
143.98,0.15294074338481653,4.029315618638779
143.99,0.19325019010970468,4.03265367970134
144.0,0.23359381697884332,4.036138301604773
144.01,0.2739729561418001,4.039740710696287
144.02,0.31438863119276905,4.043427967305602
144.03,0.35484151548791215,4.047162961537185
144.04,0.39533189042351274,4.050904409978255
144.05,0.4358596036874773,4.054606854042329
144.06,0.47642402750435936,4.05822066075598
144.07,0.5170240169025969,4.061692026884512
144.08,0.5576578680420496,4.0649629873800945
144.09,0.5983232766501988,4.067971429222962
144.1,0.6390172966265089,4.070651111812155
144.11,0.6797362988864418,4.072931695146043
144.12,0.7204759305294297,4.074738777113825
144.13,0.7612310744287184,4.075993941296254
144.14000000000001,0.8019958093553547,4.076614816745801
144.15,0.8427633707636344,4.076515151282091
144.16,0.8835261123809965,4.075604899896153
144.17000000000002,0.9242754687615574,4.073790329905204
144.18,0.9650019189791006,4.0709741445364935
144.19,1.0056949516522873,4.067055626642217
144.20000000000002,1.046343031511945,4.061930804255539
144.21,1.0869335677373981,4.055492639688091
144.22,1.127452884305707,4.047631243839663
144.23,1.1678861926141915,4.038234117338678
144.24,1.2082175666524806,4.027186420055089
144.25,1.2484299210152934,4.0143712704230765
144.26,1.2885049920609422,3.9996700758770447
144.27,1.3284233225328343,3.9829628955386256
144.28,1.3681642499717148,3.9641288360927276
144.29,1.407705899254689,3.943046481555311
144.3,1.4470251796028208,3.9195943573631515
144.31,1.4860977864019518,3.8936514289053727
144.32,1.5248982081809281,3.86509763426764
144.33,1.5633997390873045,3.833814450572763
144.34,1.6015744971923833,3.799685492877046
144.35,1.6393934489448452,3.7625971441218833
144.36,1.676826440074821,3.722439214147443
144.37,1.713842233227794,3.67910562525365
144.38,1.7504085525798938,3.632495121247759
144.39000000000001,1.7864921356527492,3.582511996353567
144.4,1.8220587925069653,3.5290668397817644
144.41,1.8570734724483846,3.4720772911822864
144.42000000000002,1.891500338330611,3.41146880162706
144.43,1.9253028484809258,3.3471753942156273
144.44,1.9584438462149236,3.279140417867984
144.45000000000002,1.9908856568382856,3.207317287380692
144.46,2.0225901919625375,3.1316702023864766
144.47,2.053519060886015,3.0521748374871476
144.48,2.0836336887122804,2.9688189955377364
144.49,2.1128954407967697,2.8816032158590783
144.5,2.141265753029462,2.790541329058805
144.51,2.168706267377946,2.695660950158067
144.52,2.195178972032623,2.597003901863081
144.53,2.220646345415207,2.494626560094796
144.54,2.2450715032345188,2.3886001143025393
144.55,2.2684183477012576,2.279010735641688
144.56,2.2906517179473522,2.165959646791779
144.57,2.3117375406370932,2.0495630880273517
144.58,2.3316429797078997,1.9299521751232684
144.59,2.350336584139559,1.807272645769914
144.6,2.3677884326232976,1.6816844923786547
144.61,2.3839702739871313,1.5533614804580995
144.62,2.3988556622324593,1.4224905531176493
144.63,2.412420085049484,1.2892711236843568
144.64000000000001,2.424641084706146,1.1539142598776264
144.65,2.4354983702470365,1.0166417644472376
144.66,2.444973919995091,0.8776851586157998
144.67000000000002,2.453052073419353,0.7372845760486567
144.68,2.4597196115160647,0.5956875763742817
144.69,2.4649658249468387,0.4531478884690433
144.70000000000002,2.4687825692854455,0.3099240947763592
144.71,2.471164306842366,0.16627826882857935
144.72,2.472108134662017,0.022474578860497807
144.73,2.471613798419576,-0.12122212906999733
144.74,2.469683692080617,-0.2645477547179199
144.75,2.466322843325217,-0.4072403602001349
144.76,2.4615388848766138,-0.5490415657217889
144.77,2.455342012010781,-0.689697911066208
144.78,2.4477449266552895,-0.8289621699616321
144.79,2.4387627686115483,-0.966594605159538
144.8,2.428413034552099,-1.1023641529584918
144.81,2.4167154855523787,-1.236049526964504
144.82,2.403692044012809,-1.3674402320707
144.83,2.389366680910965,-1.4963374809401555
144.84,2.3737652943940057,-1.6225550066587529
144.85,2.3569155807777897,-1.7459197666616897
144.86,2.338846899060772,-1.8662725344994204
144.87,2.3195901300878012,-1.9834683774685384
144.88,2.2991775315114014,-2.0973770195639214
144.89000000000001,2.277642589696523,-2.207883090585667
144.9,2.255019869699688,-2.3148862635357657
144.91,2.231344864425808,-2.4183012836457083
144.92000000000002,2.206653844026774,-2.518057893471071
144.93,2.1809837065563866,-2.6141006594597336
144.94,2.1543718308375794,-2.706388706237352
144.95000000000002,2.1268559324316394,-2.794895365551067
144.96,2.0984739235265577,-2.8796077473675066
144.97,2.0692637774842892,-2.96052624103448
144.98,2.0392633987058684,-3.0376639546906157
144.99,2.008510498390477,-3.1110461012494692
145.0,1.9770424766808794,-3.18070933930236
145.01,1.94489631160443,-3.2467010771871507
145.02,1.9121084551371363,-3.3090787482695747
145.03,1.8787147366390384,-3.3679090651917094
145.04,1.8447502738333021,-3.423267260471567
145.05,1.8102493914296072,-3.475236320401576
145.06,1.7752455474252704,-3.523906218704904
145.07,1.7397712670555088,-3.569373155879808
145.08,1.703858084307674,-3.611738809605505
145.09,1.6675364908633985,-3.6511096010097033
145.1,1.63083589228748,-3.6875959810183105
145.11,1.5937845712430323,-3.7213117404312257
145.12,1.5564096574788555,-3.7523733468026816
145.13,1.5187371043069788,-3.7808993106575013
145.14000000000001,1.4807916712657054,-3.8070095830516713
145.15,1.4425969126459453,-3.8308249859916725
145.16,1.404175171545872,-3.8524666767657796
145.17000000000002,1.3655475791106297,-3.872055646814737
145.18,1.3267340586095773,-3.8897122553806542
145.19,1.2877533340030165,-3.9055557978226543
145.20000000000002,1.248622942653124,-3.919704108175893
145.21,1.2093592518394984,-3.9322731952567325
145.22,1.1699774787479893,-3.9433769113800903
145.23,1.1304917136118968,-3.95312665255392
145.24,1.090914945696911,-3.9616310888486357
145.25,1.051259091834924,-3.968995923504074
145.26,1.0115350272268293,-3.975323679231032
145.27,0.9717526182503032,-3.9807135100861903
145.28,0.9319207570251055,-3.98526103724591
145.29,0.892047397505385,-3.9890582069735157
145.3,0.852139592885635,-3.9921931690639205
145.31,0.8122035341241065,-3.9947501740563327
145.32,0.7722445894045085,-3.9968094875282603
145.33,0.7322673443735414,-3.998447319819825
145.34,0.692275643008112,-3.999735769584607
145.35,0.6522726289818492,-4.000742779620085
145.36,0.6122607874157103,-4.001532103495462
145.37,0.5722419869119401,-4.00216328156586
145.38,0.5322175217843931,-4.0026916250381515
145.39000000000001,0.492188154411177,-4.003168206833934
145.4,0.45215415764771444,-4.0036398580782855
145.41,0.41211535724961135,-4.004149169128167
145.42000000000002,0.37207117426515113,-4.004734494140875
145.43,0.33202066736679386,-4.005429958270236
145.44,0.29196257509974644,-4.006265466665826
145.45000000000002,0.25189535803347735,-4.007266714537977
145.46,0.21181724080898687,-4.008455197638491
145.47,0.17172625408070752,-4.0098482225936625
145.48,0.13162027635711362,-4.011458916612254
145.49,0.09149707574846244,-4.01329623617655
145.5,0.05135435163358262,-4.0153649744094855
145.51,0.011189776260272729,-4.017665766895259
145.52,-0.028998963704322558,-4.020195095814853
145.53,-0.06921412565602433,-4.022945292341685
145.54,-0.10945786955115624,-4.025904537326352
145.55,-0.14973221640255135,-4.029056860383261
145.56,-0.19003900675882146,-4.032382137576017
145.57,-0.2303798591540717,-4.0358560879829595
145.58,-0.2707561285184807,-4.039450269509257
145.59,-0.3111688645442569,-4.043132074397596
145.6,-0.35161877000643266,-4.0468647249758165
145.61,-0.3921061590437733,-4.0506072702667835
145.62,-0.43263091541176835,-4.054314584173246
145.63,-0.4731924507272382,-4.057937366038373
145.64000000000001,-0.5137896627325358,-4.061422144470655
145.65,-0.5544208936166513,-4.064711285409739
145.66,-0.5950838884407306,-4.0677430054969035
145.67000000000002,-0.6357757537265893,-4.070451391899883
145.68,-0.6764929162787282,-4.0727664298256965
145.69,-0.7172310823231032,-4.074614039036367
145.70000000000002,-0.7579851970594556,-4.075916120759803
145.71,-0.7987494047382994,-4.076590616460542
145.72,-0.8395170093886664,-4.076551580001237
145.73,-0.8802804363383241,-4.075709264784163
145.74,-0.9210311946843497,-4.073970227511003
145.75,-0.9617598408885442,-4.071237450236979
145.76,-1.0024559436890894,-4.067410482420014
145.77,-1.0431080505369446,-4.062385604674923
145.78,-1.0837036557825879,-4.056056015934496
145.79,-1.1242291708556347,-4.048312045691312
145.8,-1.1646698966964144,-4.039041392943937
145.81,-1.2050099987145135,-4.028129393396212
145.82,-1.2452324845643385,-4.015459316356391
145.83,-1.2853191850416412,-4.000912692651408
145.84,-1.3252507384173668,-3.984369674708419
145.85,-1.3650065785358096,-3.9657094297588276
145.86,-1.4045649270125433,-3.9448105668875755
145.87,-1.4439027898735612,-3.9215515983810207
145.88,-1.4829959589801638,-3.8958114355193327
145.89000000000001,-1.521819018583948,-3.867469918613477
145.9,-1.5603453573524335,-3.83640838070275
145.91,-1.5985471861980032,-3.802510243907334
145.92000000000002,-1.6363955622305804,-3.7656616469732294
145.93,-1.6738604191374677,-3.725752102056751
145.94,-1.7109106042717153,-3.6826751782763085
145.95000000000002,-1.7475139227029939,-3.6363292090149844
145.96,-1.7836371884520148,-3.586618019394405
145.97,-1.8192462830908818,-3.53345166976547
145.98,-1.854306221847324,-3.476747210482781
145.99,-1.8887812273005373,-3.416429442656286
146.0,-1.9226348107004496,-3.352431679016025
146.01,-1.9558298608808575,-3.2846964984950837
146.02,-1.9883287406703511,-3.213176487643932
146.03,-2.020093390633736,-3.1378349615488506
146.04,-2.0510854399013283,-3.058646656551066
146.05,-2.0812663237647575,-2.975598386764565
146.06,-2.1105974076366194,-2.888689656182153
146.07,-2.139040116888401,-2.797933218053413
146.08,-2.1665560719976877,-2.7033555732260663
146.09,-2.193107228352922,-2.604997399273764
146.1,-2.218656019983163,-2.5029139024967795
146.11,-2.2431655064028573,-2.3971750852834375
146.12,-2.266599521688832,-2.2878659218629656
146.13,-2.288922824840117,-2.17508643616557
146.14000000000001,-2.3101012504121434,-2.058951676330465
146.15,-2.3301018583667266,-1.9395915813617068
146.16,-2.348893082039378,-1.8171507365158697
146.17000000000002,-2.366444873097044,-1.6917880152022666
146.18,-2.382728842343423,-1.5636761064696747
146.19,-2.3977183952264376,-1.4330009285242018
146.20000000000002,-2.4113888609139074,-1.2999609301490826
146.21,-2.423717613829419,-1.164766283354339
146.22,-2.434684186580994,-1.0276379720460054
146.23,-2.4442703732703395,-0.8888067829432935
146.24,-2.45246032223986,-0.7485122063593097
146.25,-2.4592406173975254,-0.6070012557684847
146.26,-2.4646003473552294,-0.4645272162843833
146.27,-2.468531161723213,-0.3213483332393028
146.28,-2.4710273140200156,-0.17772645296874118
146.29,-2.4720856907825883,-0.0339256286391717
146.3,-2.471705826592799,0.10978929549988473
146.31,-2.4698899048725904,0.25315410772106284
146.32,-2.4666427444383783,0.39590664643859896
146.33,-2.4619717719438188,0.5377881980900496
146.34,-2.4558869804765773,0.6785448618329941
146.35,-2.448400874707159,0.817928868120805
146.36,-2.4395284031141613,0.9556998389280377
146.37,-2.429286877928598,1.0916259782816966
146.38,-2.4176958835485274,1.2254851827999291
146.39000000000001,-2.4047771742725996,1.3570660631216906
146.4,-2.3905545622860935,1.4861688684042507
146.41,-2.3750537969045147,1.612606307442927
146.42000000000002,-2.3583024361372353,1.7362042614009612
146.43,-2.3403297116764956,1.856802384598596
146.44,-2.3211663884452634,1.9742545912713623
146.45000000000002,-2.3008446198510684,2.0884294276415964
146.46,-2.2793977998924313,2.1992103300295476
146.47,-2.2568604132504775,2.306495771038645
146.48,-2.2332678844716587,2.410199297063948
146.49,-2.2086564273091986,2.510249461477046
146.5,-2.183062895242118,2.6065896588215587
146.51,-2.1565246341327673,2.699177866201281
146.52,-2.1290793379180917,2.7879862987516053
146.53,-2.100764908157735,2.8730009866513075
146.54,-2.071619318185066,2.9542212815563094
146.55,-2.0416804825266093,3.031659300622733
146.56,-2.0109861321726115,3.105339316439127
146.57,-1.9795736961978267,3.1752971012150595
146.58,-1.94748019014831,3.2415792334849605
146.59,-1.9147421115281273,3.3042423753933194
146.6,-1.8813953426404435,3.3633525283421313
146.61,-1.8474750609612847,3.418984274416665
146.62,-1.8130156571521103,3.4712200105741435
146.63,-1.778050660749802,3.5201491820948543
146.64000000000001,-1.7426126735102134,3.5658675212691615
146.65,-1.7067333103244189,3.60847629673898
146.66,-1.670443147575434,3.648081578339889
146.67000000000002,-1.633771678757621,3.684793521710562
146.68,-1.5967472771412228,3.718725676359006
146.69,-1.559397165230441,3.7499943203085513
146.70000000000002,-1.5217473907350516,3.778717823897686
146.71,-1.4838228087524872,3.80501604478278
146.72,-1.445647069839396,3.8290097556963247
146.73,-1.4072426136385605,3.850820106049359
146.74,-1.3686306677184086,3.8705681180380402
146.75,-1.3298312512777997,3.8883742175227654
146.76,-1.2908631833679531,3.904357799594856
146.77,-1.2517440952859025,3.9186368284308633
146.78,-1.212490446799336,3.9313274707577013
146.79,-1.1731175458707486,3.942543762012164
146.8,-1.1336395715590928,3.952397304074522
146.81,-1.094069599789258,3.960996993286114
146.82,-1.0544196316933703,3.968448777323194
146.83,-1.014700624242794,3.9748554393914346
146.84,-0.9749225229055416,3.98031640812518
146.85,-0.9350942960802904,3.9849275915203273
146.86,-0.895223971075135,3.988781233197157
146.87,-0.8553186714163472,3.991965789277114
146.88,-0.8153846552895926,3.9945658241631627
146.89000000000001,-0.7754273549330838,3.9966619235346195
146.9,-0.7354514168189001,3.998330622902158
146.91,-0.6954607424750406,3.999644350115108
146.92000000000002,-0.655458529816598,4.000671380269253
146.93,-0.6154473148696556,4.001475801527511
146.94,-0.5754290137860478,4.0021174904366115
146.95000000000002,-0.5354049650609235,4.002652095398808
146.96,-0.49537597187807175,4.003131027037613
146.97,-0.45534234452017125,4.003601454279488
146.98,-0.415303942792482,4.004106305058531
146.99,-0.37526021841900065,4.004684270637598
147.0,-0.33521025737973004,4.005369812626633
147.01,-0.29515282216646804,4.006193171866467
147.02,-0.25508639394240074,4.0071803784339295
147.03,-0.21500921459778946,4.008353262111237
147.04,-0.17491932870017596,4.009729462749406
147.05,-0.1348146253428013,4.011322440041484
147.06,-0.09469287989934627,4.013141482306949
147.07,-0.05455179569666232,4.015191713973535
147.08,-0.014389045619875569,4.017474101527183
147.09,0.025797686333881343,4.019985457784859
147.1,0.06601066353582162,4.022718444428801
147.11,0.10625205522245736,4.02566157282448
147.12,0.14652389499231122,4.028799203228387
147.13,0.1868280392870251,4.032111542575816
147.14000000000001,0.22716612584382753,4.035574641123272
147.15,0.26753953210949055,4.039160388305133
147.16,0.3079493336099302,4.042836508249751
147.17000000000002,0.3483962622744856,4.046566555486466
147.18,0.38888066471965954,4.050309911461838
147.19,0.4294024605037223,4.0540217825709135
147.20000000000002,0.4699611003710778,4.057653200497174
147.21,0.5105555245136658,4.061151025742853
147.22,0.5511841208859348,4.064457955319217
147.23,0.59184468362005,4.067512535653611
147.24,0.632534371599007,4.070249181856192
147.25,0.673249667257174,4.072598204573399
147.26,0.713986335690475,4.074485845736726
147.27,0.7547393841719084,4.075834324593048
147.28,0.795503022182336,4.076561895475662
147.29,0.8362706220814218,4.07658291884191
147.3,0.8770346805591742,4.075807947162325
147.31,0.9177867810246683,4.074143827296057
147.32,0.9585175571050955,4.071493821026095
147.33,0.9992166574451903,4.0677577454535205
147.34,1.039872712014166,4.062832134960674
147.35,1.080473300144404,4.056610426446439
147.36,1.121004920543095,4.0489831695105085
147.37,1.1614529635346142,4.039838263215122
147.38,1.2018016858073974,4.029061220979946
147.39000000000001,1.2420341879542132,4.0165354650660055
147.4,1.2821323951087173,4.00214265197555
147.41,1.3220770409937241,3.9857630299342044
147.42000000000002,1.3618476557074017,3.9672758294275834
147.43,1.4014225575822759,3.9465596875349838
147.44,1.4407788494581013,3.9234931065363314
147.45000000000002,1.4798924197130023,3.897954946964187
147.46,1.5187379483973849,3.8698249549298396
147.47,1.557288918811599,3.838984323171417
147.48,1.5955176348608133,3.805316284853393
147.49,1.633395244508667,3.76870673869248
147.5,1.6708917696346628,3.7290449034972846
147.51,1.7079761425786126,3.686223999691762
147.52,1.744616249628498,3.640141954850107
147.53,1.7807789816756145,3.590702129708946
147.54,1.816430292222677,3.537814060548427
147.55,1.8515352628865833,3.4813942132550655
147.56,1.8860581764877782,3.4213667438050885
147.57,1.9199625977626849,3.357664259347734
147.58,1.9532114616747327,3.2902285735346175
147.59,1.9857671692333771,3.2190114492458
147.6,2.017591690659649,3.143975321418155
147.61,2.0486466756617405,3.065093992299927
147.62,2.0788935705056475,2.9823532911501034
147.63,2.1082937414847427,2.8957516901851528
147.64000000000001,2.136808604309351,2.805300868461203
147.65,2.1643997588539667,2.7110262153781077
147.66,2.1910291286169126,2.612967265613237
147.67000000000002,2.216659104166231,2.5111780575454814
147.68,2.241252689767822,2.4057274076201884
147.69,2.264773652318635,2.296699093637276
147.70000000000002,2.2871866716405678,2.184191940618581
147.71,2.3084574911310063,2.0683198037244708
147.72,2.328553067715057,1.9492114436384689
147.73,2.347441720003776,1.8270102909132802
147.74,2.365093273533323,1.7018740969598616
147.75,2.3814792019429736,1.5739744706473977
147.76,2.396572762946271,1.4434963008473307
147.77,2.41034912795992,1.3106370666771914
147.78,2.422785504279815,1.175606038655603
147.79,2.4338612487330322,1.038623375442229
147.8,2.4435579717886595,0.8999191222779815
147.81,2.4518596311785923,0.7597321186331905
147.82,2.4587526141613236,0.6183088238863326
147.83,2.464225807656319,0.47590207106593224
147.84,2.4682706555826424,0.33276975976744794
147.85,2.470881202851668,0.18917350028183552
147.86,2.472054125588279,0.045377221722544575
147.87,2.471788747286119,-0.09835424250388095
147.88,2.4700870407382016,-0.24175657818432045
147.89000000000001,2.4669536157224328,-0.38456740890170227
147.9,2.4623956925601678,-0.5265276959866259
147.91,2.4564230618027003,-0.6673831063387401
147.92000000000002,2.449048030433393,-0.8068853351339057
147.93,2.440285355100022,-0.9447933711246281
147.94,2.4301521630109004,-1.080874693113366
147.95000000000002,2.4186678612377546,-1.2149063872116928
147.96,2.405854035266666,-1.3466761756702998
147.97,2.3917343377243485,-1.475983349350274
147.98,2.3763343682796605,-1.602639597277912
147.99,2.35968154577879,-1.7264697281554369
148.0,2.3418049737165516,-1.847312280159982
148.01,2.3227353001755904,-1.9650200168251415
148.02,2.302504573380049,-2.0794603082365053
148.03,2.2811460940108605,-2.19051539815989
148.04,2.2586942654168514,-2.2980825590358585
148.05,2.235184442830143,-2.4020741379966846
148.06,2.210652782656917,-2.502417498175454
148.07,2.1851360928666335,-2.599054860568132
148.08,2.158671685445554,-2.6919430525681416
148.09,2.1312972318152705,-2.781053170012863
148.1,2.103050622045297,-2.8663701601592537
148.11,2.0739698286120856,-2.947892333441543
148.12,2.044092775376466,-3.0256308121605198
148.13,2.013457212368875,-3.099608924416876
148.14000000000001,1.9821005968881287,-3.1698615516379753
148.15,1.950059981336116,-3.2364344379679615
148.16,1.9173719081287695,-3.2993834696062003
148.17000000000002,1.8840723119439917,-3.358773931900771
148.18,1.850196429490754,-3.414679751644719
148.19,1.8157787169110975,-3.467182731596177
148.20000000000002,1.7808527748588305,-3.516371783762162
148.21,1.7454512812358542,-3.5623421674626057
148.22,1.7096059315095784,-3.6051947376381763
148.23,1.6733473864830906,-3.6450352082940305
148.24,1.6367052273436977,-3.681973435392344
148.25,1.5997079177752438,-3.716122722928806
148.26,1.5623827728851218,-3.7475991553605565
148.27,1.5247559346680328,-3.7765209590025797
148.28,1.4868523537050702,-3.80300789448241
148.29,1.4486957767783846,-3.8271806818441645
148.3,1.410308740068187,-3.849160459426258
148.31,1.3717125675898596,-3.869068277205552
148.32,1.3329273745240762,-3.887024624906145
148.33,1.2939720750917367,-3.903148994814539
148.34,1.2548643946277853,-3.917559478924913
148.35,1.2156208855132384,-3.9303723997583906
148.36,1.1762569466326174,-3.9417019739576067
148.37,1.1367868460340862,-3.9516600075512103
148.38,1.0972237464815933,-3.9603556216105664
148.39000000000001,1.0575797336018748,-3.9678950068807346
148.4,1.0178658463439785,-3.97438120585767
148.41,0.9780921094847215,-3.979913920701202
148.42000000000002,0.9382675679299545,-3.9845893453161936
148.43,0.8984003225783976,-3.9885000199000125
148.44,0.8584975675319543,-3.991734706240627
148.45000000000002,0.8185656284535852,-3.9943782820538933
148.46,0.7786100018908765,-3.996511652668703
148.47,0.7386353954002112,-3.998211678402497
148.48,0.6986457683228265,-3.9995511160151653
148.49,0.6586443730799079,-4.000598572684766
148.5,0.6186337968691312,-4.001418471012076
148.51,0.5786160036596664,-4.002071023631242
148.52,0.5385923763965065,-4.00261221607938
148.53,0.4985637593380788,-4.003093796657592
148.54,0.45853050046335464,-4.003563272098672
148.55,0.4184924938961054,-4.004063907941679
148.56,0.37844922230452105,-4.004634732599914
148.57,0.33839979924410707,-4.005310544196098
148.58,0.2983430114205991,-4.006121919326043
148.59,0.2582773608575862,-4.007095222999691
148.6,0.21820110696060527,-4.008252619095574
148.61,0.17811230847567472,-4.009612080751537
148.62,0.13800886534557452,-4.011187400200702
148.63,0.09788856047166065,-4.012988197647225
148.64000000000001,0.057749101392630016,-4.015019928861359
148.65,0.01758816189443347,-4.0172838912578275
148.66,-0.02259657643252653,-4.019777228305546
148.67000000000002,-0.06280738267167746,-4.022492932200612
148.68,-0.10304643507653878,-4.025419844818151
148.69,-0.14331577956804048,-4.028542657042466
148.70000000000002,-0.1836172882173881,-4.031841906658958
148.71,-0.2239526177012196,-4.035293975075685
148.72,-0.2643231677189018,-4.0388710832274155
148.73,-0.3047300393657679,-4.042541287100513
148.74,-0.3451739934609121,-4.04626847340324
148.75,-0.38565540883383276,-4.05001235599284
148.76,-0.42617424058076886,-4.053728473758238
148.77,-0.4667299783089975,-4.057368190744987
148.78,-0.5073216043956686,-4.06087869939716
148.79,-0.5479475522969408,-4.064203027878773
148.8,-0.5886056649532442,-4.067280052524652
148.81,-0.6292931533474337,-4.070044516556854
148.82,-0.6700065552843812,-4.072427056287086
148.83,-0.7107416944731756,-4.074354236107322
148.84,-0.7514936400065277,-4.075748593648827
148.85,-0.7922566663461522,-4.076528696563182
148.86,-0.8330242139377915,-4.076609212446093
148.87,-0.873788850595074,-4.075900993484553
148.88,-0.9145422338074825,-4.074311177458534
148.89000000000001,-0.9552750741442447,-4.071743306768072
148.9,-0.9959770999428439,-4.0680974671834695
148.91,-1.036637023487914,-4.063270448028251
148.92000000000002,-1.077242508903409,-4.057155925499299
148.93,-1.1177801419979,-4.049644670803897
148.94,-1.1582354023194867,-4.040624784746901
148.95000000000002,-1.198592637692838,-4.029981960330458
148.96,-1.238835041526096,-4.01759977483116
148.97,-1.2789446331894614,-4.003360012692922
148.98,-1.3189022417799545,-3.987143020415935
148.99,-1.3586874935977802,-3.968828094430588
149.0,-1.3982788036685665,-3.948293902718611
149.01,-1.4376533716521525,-3.925418940680196
149.02,-1.4767871824821703,-3.9000820214445553
149.03,-1.5156550120810435,-3.8721628004816395
149.04,-1.554230438491803,-3.841542333994693
149.05,-1.5924858587609374,-3.808103670157688
149.06,-1.630392511894957,-3.771732471810077
149.07,-1.667920508197139,-3.7323176687362
149.08,-1.705038865269681,-3.6897521371415833
149.09,-1.7417155509399707,-3.6439334033977393
149.1,-1.7779175333376358,-3.594764368566625
149.11,-1.8136108383113032,-3.5421540496423707
149.12,-1.8487606143304833,-3.486018332869174
149.13,-1.8833312049686868,-3.4262807339194175
149.14000000000001,-1.9172862290088717,-3.36287315915521
149.15,-1.950588668151791,-3.2957366616607042
149.16,-1.9832009622420856,-3.224822185233608
149.17000000000002,-2.015085111856463,-3.1500912890747688
149.18,-2.046202788023581,-3.071516845527499
149.19,-2.076515448767013,-2.989083702906465
149.20000000000002,-2.1059844620817105,-2.90278930523234
149.21,-2.13457123487166,-2.8126442605654085
149.22,-2.162237347293019,-2.7186728496203254
149.23,-2.1889446918640667,-2.62091346645548
149.24,-2.2146556166221285,-2.5194189832723612
149.25,-2.239333071529514,-2.414257031739427
149.26,-2.262940757256917,-2.305510193775169
149.27,-2.285443275405018,-2.193276095387593
149.28,-2.3068062791646695,-2.077667397970292
149.29,-2.326996623364424,-1.9588116823935653
149.3,-2.3459825128125407,-1.8368512222940352
149.31,-2.3637336478103044,-1.7119426441459775
149.32,-2.38022136569546,-1.5842564729766253
149.33,-2.3954187772698363,-1.4539765639474749
149.34,-2.409300896974409,-1.3212994214425113
149.35,-2.4218447656986863,-1.1864334087582
149.36,-2.4330295651495732,-1.0495978529529577
149.37,-2.442836722757746,-0.9110220508580553
149.38,-2.451250006166734,-0.7709441836492343
149.39000000000001,-2.4582556064307304,-0.6296101487004235
149.4,-2.463842209140743,-0.4872723186602762
149.41,-2.4680010528039364,-0.3441882387827607
149.42000000000002,-2.4707259739163985,-0.20061927448100497
149.43,-2.4720134382935566,-0.056829221838249705
149.44,-2.4718625583531635,0.08691710561604188
149.45000000000002,-2.4702750961812354,0.23035530018613218
149.46,-2.4672554523494408,0.373222779508396
149.47,-2.462810640591068,0.5152601884872632
149.48,-2.456950248579696,0.6562127701588314
149.49,-2.4496863851878916,0.7958316924513704
149.5,-2.4410336147306686,0.933875318488294
149.51,-2.4310088788181257,1.0701104089375653
149.52,-2.419631406551917,1.204313245932829
149.53,-2.406922613899469,1.3362706692534208
149.54,-2.3929059931668486,1.4657810167277971
149.55,-2.377606993564913,1.5926549621908943
149.56,-2.361052893923031,1.7167162457524257
149.57,-2.3432726686498646,1.8378022925917907
149.58,-2.3242968480711954,1.9557647179580446
149.59,-2.304157374290704,2.0704697174934035
149.6,-2.2828874537213277,2.1817983433909083
149.61,-2.2605214074228863,2.289646668218267
149.62,-2.2370945203569628,2.393925839470463
149.63,-2.2126428906334774,2.4945620290364965
149.64000000000001,-2.1872032797762326,2.5914962827668866
149.65,-2.1608129649781396,2.6846842761981295
149.66,-2.13350959425227,2.7740959832213816
149.67000000000002,-2.105331045313712,2.859715265071787
149.68,-2.0763152889508345,2.941539387461842
149.69,-2.046500257564475,3.0195784739897036
149.70000000000002,-2.0159237194710404,3.093854904126652
149.71,-1.9846231594819421,3.16440266413453
149.72,-1.9526356661883497,3.2312666591934334
149.73,-1.9199978262980733,3.2945019948429537
149.74,-1.8867456262914906,3.354173235568967
149.75,-1.8529143615866939,3.410353648014929
149.76,-1.818538553331192,3.4631244358749322
149.77,-1.7836518728691952,3.5125739730483483
149.78,-1.7482870738702252,3.558797041115544
149.79,-1.7124759320468845,3.601894076643074
149.8,-1.6762491923373637,3.6419704332564162
149.81,-1.639636523381756,3.6791356628392906
149.82,-1.6026664790805778,3.7135028196404796
149.83,-1.5653664669889467,3.745187790500306
149.84,-1.5277627232705717,3.7743086538568167
149.85,-1.4898802939118103,3.8009850696625436
149.86,-1.451743021877321,3.8253377018414474
149.87,-1.4133735398749814,3.8474876744462887
149.88,-1.3747932683883952,3.867556062242233
149.89000000000001,-1.3360224186301368,3.8856634160449217
149.9,-1.2970800000674967,3.9019293227817067
149.91,-1.2579838321745025,3.916471999923721
149.92000000000002,-1.218750560069022,3.9294079236535664
149.93,-1.179395673701431,3.9408514898878892
149.94,-1.1399335302712643,3.9509147070646873
149.95000000000002,-1.1003773795601375,3.9597069194301096
149.96,-1.0607393918826624,3.9673345594168556
149.97,-1.0210306883718006,3.9739009275938586
149.98,-0.9812613733307853,3.9795059985824026
149.99,-0.9414405684001526,3.984246251274751
150.0,-0.9015764483052904,3.988214521655378
150.01,-0.861676277967045,3.9914998765095153
150.02,-0.8217464507751,3.994187506306633
150.03,-0.7817925278409122,3.996358635565401
150.04,-0.7418192780637919,3.998090449039471
150.05,-0.7018307188601228,3.9994560321081103
150.06,-0.6618301574216298,4.000524323810367
150.07,-0.6218202323839156,4.0013600810244645
150.08,-0.5818029558011406,4.0020238523638945
150.09,-0.5417797553366378,4.002571960436845
150.1,-0.5017515165924038,4.003056491195003
150.11,-0.46171862551273785,4.00352528918029
150.12,-0.421681010808798,4.004021957562899
150.13,-0.38163818636147984,4.004585861950252
150.14000000000001,-0.341589293569793,4.005252137033707
150.15,-0.3015331436208058,4.006051695227339
150.16,-0.2614682596652463,4.007011236540698
150.17000000000002,-0.22139291888999185,4.0081532590146765
150.18,-0.18130519448495275,4.009496069136435
150.19,-0.14120299750726317,4.011053791735522
150.20000000000002,-0.10108411865024232,4.01283637894896
150.21,-0.060946269928283954,4.014849617928054
150.22,-0.02078712629168122,4.017095137044212
150.23,0.01939563281260029,4.019570410435154
150.24,0.059604281917021856,4.022268760816728
150.25,0.09984100802893485,4.0251793605692825
150.26,0.1401078691284075,4.028287231191341
150.27,0.18040675265276168,4.0315732412973535
150.28,0.22073933395435458,4.035014103420646
150.29,0.26110703472117464,4.038582369967642
150.3,0.30151098135370746,4.042246428754868
150.31,0.34195196329627203,4.045970498646407
150.32,0.38243039132663564,4.049714625896279
150.33,0.4229462558141976,4.053434681887547
150.34,0.4634990849643866,4.057082363047823
150.35,0.504087903075154,4.060605193808832
150.36,0.5447111888405631,4.0639465335656375
150.37,0.5853668337464667,4.067045588678536
150.38,0.6260521006141337,4.069837430646903
150.39000000000001,0.6667635823594047,4.0722530216688275
150.4,0.7074971610475103,4.074219248882318
150.41,0.748247967337051,4.075658968662259
150.42000000000002,0.7890103404207554,4.076491062421057
150.43,0.8297777885854721,4.076630505428665
150.44,0.8705429505293287,4.075988450228117
150.45000000000002,0.9112975575900345,4.07447232627408
150.46,0.9520323970548104,4.071985957462583
150.47,0.9927372767392862,4.068429699248014
150.48,1.0334009910397708,4.06370059705669
150.49,1.07401128868042,4.057692567702499
150.5,1.1145548423938207,4.050296605487097
150.51,1.1550172207901621,4.041401014622438
150.52,1.1953828626862697,4.030891669544626
150.53,1.2356350541810548,4.018652304592802
150.54,1.2757559087781256,4.0045648344025375
150.55,1.3157263508691055,3.988509706207876
150.56,1.3555261029022831,3.970366285057417
150.57,1.3951336765702538,3.9500132727260935
150.58,1.434526368356805,3.927329160843741
150.59,1.4736802597871286,3.9021927184633216
150.6,1.5125702227260716,3.8744835139549925
150.61,1.5511699300662285,3.8440824707371877
150.62,1.5894518721408153,3.8108724559431986
150.63,1.6273873791850926,3.774738900672923
150.64000000000001,1.6649466501542738,3.7355704499969042
150.65,1.7020987881850307,3.6932596403669073
150.66,1.738811842961612,3.6477036015485105
150.67000000000002,1.775052860216001,3.598804779632077
150.68,1.8107879385542536,3.5464716771056857
150.69,1.8459822937581147,3.490619605394987
150.70000000000002,1.8806003306621535,3.4311714446994537
150.71,1.9146057226521038,3.368058405392107
150.72,1.9479614987699956,3.3012207847115698
150.73,1.9806301383463354,3.230608711972937
150.74,2.0125736730094546,3.1561828750700394
150.75,2.0437537958477363,3.077915220649009
150.76,2.0741319774224345,2.9957896200147336
150.77,2.1036695882480307,2.9098024926006887
150.78,2.1323280272744483,2.8199633787011567
150.79,2.160068855822054,2.7262954531445676
150.8,2.18685393633734,2.6288359716878547
150.81,2.212645575255811,2.527636642143005
150.82,2.2374066691801997,2.422763912614979
150.83,2.2611008535081107,2.3142991697390483
150.84,2.283692652574981,2.202338840456828
150.85,2.3051476303172476,2.086994391662181
150.86,2.325432540408225,1.9683922229759583
150.87,2.344515474776767,1.8466734489638306
150.88,2.3623660093875016,1.721993568282618
150.89000000000001,2.378955346142419,1.5945220185122988
150.9,2.3942564497577474,1.4644416167849779
150.91,2.4082441784781183,1.3319478877371238
150.92000000000002,2.4208954075124893,1.1972482817634598
150.93,2.432189144113387,1.0605612880140451
150.94,2.44210663327277,0.9221154480228293
150.95000000000002,2.450631453073844,0.7821482772580755
150.96,2.457749598817932,0.6409051032141726
150.97,2.4634495551381272,0.49863782989284056
150.98,2.4677223554157885,0.3556036396234169
150.99,2.4705616279305955,0.21206364412283474
151.0,2.471963628298245,0.06828149747503082
151.01,2.471927257880096,-0.07547801570058094
151.02,2.4704540679842335,-0.21895040323462236
151.03,2.4675482498154038,-0.3618728857143978
151.04,2.4632166102699458,-0.5039858003183734
151.05,2.4574685338090365,-0.6450339746392862
151.06,2.45031593077716,-0.7847680574195489
151.07,2.4417731726606453,-0.9229457937837717
151.08,2.4318570149014844,-1.0593332333977683
151.09,2.42058650799269,-1.1937058609925344
151.1,2.4079828976816335,-1.3258496398432622
151.11,2.3940695151958247,-1.4555619600625966
151.12,2.378871658480382,-1.5826524849272672
151.13,2.3624164654972795,-1.7069438898799683
151.14000000000001,2.3447327806827825,-1.8282724903054839
151.15,2.3258510156911694,-1.946488755643502
151.16,2.305803005569912,-2.0614577088433697
151.17000000000002,2.284621861514302,-2.1730592115628546
151.18,2.2623418213386555,-2.28118813684078
151.19,2.2389980987774867,-2.3857544322118875
151.20000000000002,2.2146267326944176,-2.486683077364175
151.21,2.1892644372302033,-2.583913941450305
151.22,2.1629484538654116,-2.677401546045064
151.23,2.1357164063093017,-2.7671147404830783
151.24,2.1076061590557496,-2.8530362969115286
151.25,2.078655680371071,-2.935162432850822
151.26,2.0489029103987333,-3.013502269374645
151.27,2.018385634983578,-3.088077233204558
151.28,1.9871413657346417,-3.158920411070676
151.29,1.9552072267621645,-3.2260758646283754
151.3,1.9226198484420745,-3.289597914052045
151.31,1.8894152684811236,-3.349550398162631
151.32,1.855628840478822,-3.4060059185987672
151.33,1.8212951501091486,-3.4590450751245068
151.34,1.786447938976332,-3.508755698693258
151.35,1.7511200361352832,-3.555232088370124
151.36,1.7153432972089293,-3.5985742576657884
151.37,1.6791485509819675,-3.6388871952658746
151.38,1.6425655533036116,-3.6762801445610225
151.39000000000001,1.605622948090747,-3.7108659058044062
151.4,1.5683482351875235,-3.7427601641535957
151.41,1.5307677448076749,-3.772080846300037
151.42000000000002,1.4929066182615227,-3.798947507858192
151.43,1.4547887946505111,-3.823480753182718
151.44,1.4164370031978684,-3.845801688810091
151.45000000000002,1.377872760874309,-3.8660314112837297
151.46,1.3391163749721937,-3.8842905297211168
151.47,1.3001869502798868,-3.9006987231188606
151.48,1.2611024005098164,-3.9153743320675125
151.49,1.2218794636385364,-3.9284339842620652
151.5,1.182533720824575,-3.9399922529456166
151.51,1.1430796185796241,-3.9501613472114347
151.52,1.1035304938803463,-3.95905083291091
151.53,1.0638986019214058,-3.9667673827697256
151.54,1.0241951462249517,-3.9734145541998322
151.55,0.9844303108374092,-3.979092593208137
151.56,0.944613294360789,-3.9838982627418122
151.57,0.9047523455825729,-3.9879246937724004
151.58,0.8648548004853409,-3.991261257403948
151.59,0.8249271204344939,-3.993993456291933
151.6,0.7849749313595022,-3.9962028336774944
151.61,0.7450030637609439,-3.997966898373247
151.62,0.7050155933920372,-3.999359064080727
151.63,0.6650158824793293,-4.000448601473508
151.64000000000001,0.625006621362567,-4.00130060154238
151.65,0.5849898704484817,-4.00197594876829
151.66,0.5449671023872013,-4.002531302763529
151.67000000000002,0.5049392443932113,-4.003019087100757
151.68,0.46490672064518623,-4.003487484131753
151.69,0.4248694947105762,-4.003980434682442
151.70000000000002,0.3848271119515374,-4.004537641596921
151.71,0.3447787418786378,-4.005194576190327
151.72,0.3047232204277308,-4.005982486757921
151.73,0.2646590921434793,-4.0069284083753125
151.74,0.22458465226022456,-4.008055173312036
151.75,0.1844979886772386,-4.009381421467512
151.76,0.14439702383087433,-4.010921610324717
151.77,0.10427955647074427,-4.01268602400252
151.78,0.06414330335082391,-4.014680781072699
151.79,0.02398594084929028,-4.0169078408922045
151.8,-0.016194853467020178,-4.019365008285377
151.81,-0.056401359316417266,-4.022045936494651
151.82,-0.09663577219691319,-4.024940128402034
151.83,-0.13690016188445794,-4.02803293610744
151.84,-0.17719643091906198,-4.031305559033912
151.85,-0.21752627306513617,-4.03473504081417
151.86,-0.25789113173534534,-4.038294265297732
151.87,-0.29829215837109074,-4.041951952103312
151.88,-0.3387301707774115,-4.045672652227276
151.89000000000001,-0.37920561141563625,-4.049416744305688
151.9,-0.4197185056635253,-4.053140432214782
151.91,-0.4602684200599319,-4.05679574478252
151.92000000000002,-0.5008544205591757,-4.060330538471887
151.93,-0.5414750308293697,-4.06368850398454
151.94,-0.5821281906388666,-4.066809177820886
151.95000000000002,-0.6228112143857875,-4.06962795991906
151.96,-0.6635207498372478,-4.072076138579984
151.97,-0.7042527371573871,-4.074080923967882
151.98,-0.7450023683166054,-4.07556549155436
151.99,-0.7857640469884742,-4.0764490369482775
152.0,-0.8265313490555709,-4.0766468436219965
152.01,-0.8672969838609143,-4.0760703651056085
152.02,-0.9080527563576831,-4.074627323272938
152.03,-0.948789530326373,-4.072221824384666
152.04,-0.9894971928453765,-4.068754494582987
152.05,-1.0301646202180328,-4.064122636546602
152.06,-1.0707796455763086,-4.058220409012558
152.07,-1.111329028398284,-4.050939030849995
152.08,-1.1517984261933083,-4.04216701132799
152.09,-1.1921723686248435,-4.031790408152916
152.1,-1.2324342343563666,-4.019693114757621
152.11,-1.272566230919996,-4.005757178202943
152.12,-1.3125493779204256,-3.989863148899215
152.13,-1.3523634938979805,-3.9718904631695033
152.14000000000001,-1.3919871871838156,-3.951717859455333
152.15,-1.431397851087087,-3.929223828708142
152.16,-1.4705716637579787,-3.9042870992144683
152.17000000000002,-1.5094835930713766,-3.876787155769289
152.18,-1.5481074068733645,-3.846604792739927
152.19,-1.5864156889261751,-3.813622700153237
152.20000000000002,-1.6243798608764293,-3.777726081492741
152.21,-1.6619702105560301,-3.7388033014124358
152.22,-1.6991559269046779,-3.6967465610633665
152.23,-1.7359051417772973,-3.651452598192181
152.24,-1.7721849788685213,-3.6028234086131445
152.25,-1.8079616099495601,-3.550766985083132
152.26,-1.8432003185701842,-3.495198069030654
152.27,-1.8778655713301733,-3.4360389100138655
152.28,-1.9119210967704616,-3.3732200272186996
152.29,-1.9453299718745474,-3.306680966767668
152.3,-1.978054716105815,-3.2363710481042327
152.31,-2.0100573928366323,-3.162250092259384
152.32,-2.0412997179510026,-3.0842891244090604
152.33,-2.0717431753248134,-3.0024710428063153
152.34,-2.1013491388071293,-2.91679124593362
152.35,-2.130079000243486,-2.827258209580874
152.36,-2.1578943029987467,-2.7338940055251286
152.37,-2.1847568803539885,-2.6367347535792036
152.38,-2.210628998070331,-2.5358309989970214
152.39000000000001,-2.235473500333929,-2.431248007580403
152.4,-2.2592539582219393,-2.32306597132964
152.41,-2.2819348197605223,-2.2113801181200525
152.42000000000002,-2.3034815605843404,-2.0963007196675982
152.43,-2.3238608341538742,-1.9779529929637993
152.44,-2.3430406204436167,-1.8564768914057934
152.45000000000002,-2.3609903719819902,-1.7320267830097364
152.46,-2.377681156103811,-1.6047710143601919
152.47,-2.393085792269194,-1.474891360296422
152.48,-2.40717898330974,-1.3425823607475187
152.49,-2.4199374394841446,-1.208050547578371
152.5,-2.431339994261307,-1.0715135657717187
152.51,-2.441367710799579,-0.9331991947206297
152.52,-2.4500039781557197,-0.7933442768124466
152.53,-2.4572345963358275,-0.6521935618212089
152.54,-2.4630478493921437,-0.5099984768630437
152.55,-2.4674345658730887,-0.36701583278170724
152.56,-2.470388166047778,-0.2235064787952045
152.57,-2.471904695448993,-0.07973391802790625
152.58,-2.4719828444083363,0.06403710284189801
152.59,-2.470623953392155,0.20754201618524218
152.6,-2.4678320040846313,0.3505178544498091
152.61,-2.463613596303159,0.49270465580698064
152.62,-2.4579779109684923,0.6338468408514131
152.63,-2.450936659486131,0.7736945472325175
152.64000000000001,-2.442504020023842,0.9120049097430745
152.65,-2.4326965612912694,1.0485432742207839
152.66,-2.4215331545394263,1.1830843346153626
152.67000000000002,-2.4090348745989623,1.3154131837148921
152.68,-2.3952248908651286,1.4453262692858635
152.69,-2.380128349213245,1.5726322487350919
152.70000000000002,-2.3637722458904267,1.6971527368204404
152.71,-2.346185294476836,1.8187229423927076
152.72,-2.3273977870425724,1.9371921916150106
152.73,-2.3074414506445358,2.0524243365513763
152.74,-2.2863493003115445,2.164298049417614
152.75,-2.2641554896561833,2.2727070041216284
152.76,-2.2408951602291123,2.377559947966602
152.77,-2.2166042906968517,2.478780667531408
152.78,-2.1913195468784843,2.576307853764008
152.79,-2.165078133621572,2.67009487221468
152.8,-2.1379176494341907,2.7601094450893635
152.81,-2.1098759447197843,2.84633325241525
152.82,-2.0809909843858856,2.928761460080272
152.83,-2.051300715518179,3.0074021828375734
152.84,-2.020842940729134,3.082275890560257
152.85,-1.9896551977069736,3.1534147660979355
152.86,-1.9577746454071754,3.2208620230340035
152.87,-1.9252379572462934,3.2846711914817575
152.88,-1.8920812215775402,3.344905379800369
152.89000000000001,-1.858339849650286,3.4016365197708485
152.9,-1.824048491182123,3.4549446023604573
152.91,-1.7892409576030768,3.5049169107346496
152.92000000000002,-1.7539501529674302,3.551647256661264
152.93,-1.7182080124698516,3.5952352259047045
152.94,-1.6820454484493361,3.635785437639866
152.95000000000002,-1.6454923037170541,3.6734068223372343
152.96,-1.6085773120025912,3.708211921991732
152.97,-1.5713280652772195,3.740316215997108
152.98,-1.533770987682649,3.769837475412471
152.99,-1.4959313157689702,3.7968951478343627
153.0,-1.457833084725962,3.8216097745817534
153.01,-1.419499120277335,3.8441024414267058
153.02,-1.380951035897428,3.864494263663267
153.03,-1.34220923500407,3.8829059059036015
153.04,-1.303292917779356,3.8994571366247768
153.05,-1.2642200922715743,3.914266417162411
153.06,-1.2250075894361077,3.9274505245584916
153.07,-1.1856710817804044,3.9391242074192983
153.08,-1.1462251052877215,3.9493998737242637
153.09,-1.106683084305919,3.9583873093461985
153.1,-1.0670573591007977,3.9661934258956277
153.11,-1.0273592157880065,3.972922036384904
153.12,-0.9875989183730994,3.978673657118924
153.13,-0.9477857426456279,3.9835453341563447
153.14000000000001,-0.9079280116899725,3.98763049264568
153.15,-0.8680331327927143,3.991018807322139
153.16,-0.8281076355435297,3.993796092451247
153.17000000000002,-0.7881572109436893,3.9960442095217945
153.18,-0.7481867513530938,3.9978409910213877
153.19,-0.7082003911232616,3.999260178670787
153.20000000000002,-0.6682015477796781,4.000371374546431
153.21,-0.628192963632333,4.001240003582296
153.22,-0.5881767477080322,4.001927286011067
153.23,-0.5481544179121117,4.002490218378958
153.24,-0.508126943340453,4.002981561847367
153.25,-0.46809478667516435,4.00344983657657
153.26,-0.42805794660892166,4.003939321071229
153.27,-0.3880160002537398,4.004490055453521
153.28,-0.3479681454998512,4.005137847716764
153.29,-0.3079132432994045,4.0059142820999485
153.3,-0.26784985985785226,4.006846728811137
153.31,-0.22777630872318178,4.0079583544149875
153.32,-0.18769069276955253,4.009268132286565
153.33,-0.1475909460774505,4.0107908526199045
153.34,-0.10747487571715444,4.01253713156547
153.35,-0.0673402034461411,4.014513419155798
153.36,-0.027184607334038487,4.016722005763169
153.37,0.012994236669122292,4.0191610269173035
153.38,0.053198613204307584,4.021824466394973
153.39000000000001,0.09343072599702175,4.0247021575771385
153.4,0.13369265635585037,4.027779783153004
153.41,0.17398632166008185,4.0310388733343405
153.42000000000002,0.2143134338225372,4.034456802827774
153.43,0.25467545771663735,4.0380067868974985
153.44,0.2950735695604872,4.041657876936311
153.45000000000002,0.3355086152553636,4.045374956048856
153.46,0.37598106868146436,4.049118735237676
153.47,0.4164909899601172,4.052845750869954
153.48,0.4570379836988635,4.056508364190578
153.49,0.4976211572439288,4.0600547637351845
153.5,0.5382390789735672,4.063428971584801
153.51,0.5788897366756248,4.066570854491227
153.52,0.6195704960633918,4.069416140988795
153.53,0.6602780594954006,4.071896445693041
153.54,0.7010084249772526,4.073939302069205
153.55,0.7417568455367849,4.075468205032572
153.56,0.782517789077904,4.076402664817164
153.57,0.8232848988331282,4.076658273618178
153.58,0.8640509545502676,4.076146786575214
153.59,0.9048078345646324,4.074776218716284
153.6,0.9455464789245933,4.072450959525102
153.61,0.9862568537551344,4.069071906824224
153.62,1.0269279170610777,4.064536621682311
153.63,1.0675475861887807,4.058739506052857
153.64000000000001,1.108102707182135,4.051572004831908
153.65,1.148579026285419,4.042922833981235
153.66,1.1889611638617599,4.032678236298598
153.67000000000002,1.229232591011391,4.02072226632588
153.68,1.2693756091882775,4.006937105766374
153.69,1.3093713331267187,3.9912034106322754
153.70000000000002,1.3491996774009232,3.9734006911601534
153.71,1.3888393469499218,3.953407725314094
153.72,1.428267831907205,3.93110300644163
153.73,1.4674614070787546,3.906365225355373
153.74,1.5063951364143127,3.879073786782734
153.75,1.5450428828144094,3.84910935975718
153.76,1.5833773236094564,3.816354461117708
153.77,1.6213699720367634,3.7806940708400183
153.78,1.6589912050262565,3.7420162774454875
153.79,1.696210297585673,3.700212951225739
153.8,1.7329954640507712,3.6551804424856162
153.81,1.769313906435385,3.6068203014510627
153.82,1.8051318700797923,3.5550400159173314
153.83,1.8404147067537318,3.499753762134672
153.84,1.8751269453224857,3.4408831638520123
153.85,1.9092323700307718,3.378358053873974
153.86,1.942694106399965,3.312117231943693
153.87,1.9754747146696456,3.242109212255037
153.88,2.007536290645066,3.1682929534353272
153.89000000000001,2.0388405737383524,3.090638563436367
153.9,2.0693490619137935,3.009127971440552
153.91,2.099023133167164,2.9237555586429993
153.92000000000002,2.1278241730866534,2.8345287396224936
153.93,2.155713707959613,2.7414684859753207
153.94,2.1826535428061593,2.644609783967267
153.95000000000002,2.2086059036389583,2.5440020181691207
153.96,2.2335335831695415,2.4397092733868804
153.97,2.2574000891066954,2.3318105476841535
153.98,2.2801697941232244,2.2203998699227943
153.99,2.3018080865051513,2.1055863160175856
154.0,2.322281520443576,1.9874939190073602
154.01,2.341557964885298,1.8662614690806543
154.02,2.359606749825189,1.7420422008475986
154.03,2.3763988089022505,1.615003366406663
154.04,2.3919068171533224,1.4853256940972033
154.05,2.4061053227841946,1.3532027342356319
154.06,2.4189708718380354,1.2188400945808966
154.07,2.430482124675813,1.0824545697381491
154.08,2.4406199632327983,0.9442731701607202
154.09,2.4493675880790273,0.8045320578216527
154.1,2.4567106043892313,0.6634753969686583
154.11,2.4626370960184003,0.5213541296226838
154.12,2.467137686981685,0.37842468660382494
154.13,2.470205589750477,0.23494764584474087
154.14000000000001,2.47183663989858,0.09118635055948279
154.15,2.4720293167616667,-0.05259449954330275
154.16,2.470784749907714,-0.19613027039355488
154.17000000000002,2.4681067113537956,-0.3391578152201513
154.18,2.464001593603311,-0.48141688192438103
154.19,2.458478373715308,-0.6226514925726823
154.20000000000002,2.4515485637518575,-0.762611281844997
154.21,2.4432261480784083,-0.9010527819055449
154.22,2.433527508113747,-1.0377406419793298
154.23,2.422471335238822,-1.1724487719020096
154.24,2.410078532675707,-1.3049614000412397
154.25,2.3963721072379975,-1.4350740372397741
154.26,2.3813770519309116,-1.562594339777936
154.27,2.3651202204424386,-1.687342865767703
154.28,2.3476301946155576,-1.8091537208441804
154.29,2.328937146025555,-1.9278750904845467
154.3,2.3090726928058665,-2.043369657732377
154.31,2.288069752870907,-2.1555149065109926
154.32,2.2659623946756464,-2.2642033120497302
154.33,2.2427856866299125,-2.3693424212009693
154.34,2.218575546251627,-2.47085482657562
154.35,2.1933685900984004,-2.5686780394561657
154.36,2.1672019854625035,-2.662764267348107
154.37,2.140113304751438,-2.7530801027952445
154.38,2.1121403834065986,-2.8396061307074434
154.39000000000001,2.083321182137289,-2.9223364619303243
154.4,2.053693654167992,-3.0012782011267514
154.41,2.023295618114754,-3.076450857244761
154.42000000000002,1.9921646370230972,-3.147885704922667
154.43,1.9603379040163011,-3.2156251051385536
154.44,1.9278521349203264,-3.2797217932587883
154.45000000000002,1.8947434681511255,-3.3402381423902736
154.46,1.861047372072521,-3.397245409606477
154.47,1.8267985599589958,-3.4508229722107773
154.48,1.7920309126283052,-3.5010575607353966
154.49,1.7567774087442878,-3.548042494862947
154.5,1.721070062731046,-3.5918769279128155
154.51,1.6849398701860314,-3.632665104967876
154.52,1.6484167606316886,-3.6705156391391665
154.53,1.6115295574032482,-3.7055408098869984
154.54,1.5743059444339487,-3.7378558867452734
154.55,1.5367724396683426,-3.767578481239093
154.56,1.4989543748091667,-3.7948279292505736
154.57,1.460875881083331,-3.819724705579459
154.58,1.4225598806975777,-3.842389871967832
154.59,1.3840280836439744,-3.8629445594152156
154.6,1.3453009895092731,-3.881509485203851
154.61,1.3063978939398972,-3.8982045046852574
154.62,1.267336899415568,-3.913148197548928
154.63,1.2281349299889188,-3.926457488002105
154.64000000000001,1.1888077496555258,-3.9382472980352206
154.65,1.1493699840282143,-3.9486302327296743
154.66,1.1098351450009325,-3.9577162963815185
154.67000000000002,1.0702156581005842,-3.965612638064411
154.68,1.0305228922396443,-3.9724233251357397
154.69,0.9907671915978693,-3.9782491430988594
154.70000000000002,0.9509579093776671,-3.9831874201694544
154.71,0.9111034431944802,-3.987331874852735
154.72,0.8712112718806124,-3.990772484818112
154.73,0.8312879934981179,-3.9935953753567404
154.74,0.7913393643734775,-3.995882725722603
154.75,0.7513703389836659,-3.9977126916875014
154.76,0.7113851105397275,-3.9991593426823218
154.77,0.6713871521300194,-4.000292611949391
154.78,0.6313792583007398,-4.001178258191887
154.79,0.5913635869661819,-4.001877837274572
154.8,0.5513417015552485,-4.002448682604094
154.81,0.5113146133141,-4.002943892895613
154.82,0.47128282369733626,-4.003412326114349
154.83,0.43124636679181305,-4.003898598465013
154.84,0.39120485172803604,-4.0044430873880215
154.85,0.3511575050440527,-4.005081937608434
154.86,0.31110321297586735,-4.005847069371047
154.87,0.2710405636566317,-4.006766188082607
154.88,0.2309678892142152,-4.0078627946695065
154.89000000000001,0.19088330776324158,-4.009156196046198
154.9,0.15078476529329124,-4.010661515175938
154.91,0.11067007745972281,-4.012389700291227
154.92000000000002,0.07053697128746668,-4.014347532926452
154.93,0.03038312680119376,-4.0165376344998585
154.94,-0.009793781402530491,-4.018958471266183
154.95000000000002,-0.049996042624129905,-4.021604357545143
154.96,-0.09022586855343336,-4.0244654572147285
154.97,-0.13048535176842446,-4.027527783542016
154.98,-0.1707764242242737,-4.0307731975081715
154.99,-0.2111008157185879,-4.0341794048685715
155.0,-0.2514600123216451,-4.037719952273774
155.01,-0.29185521476406334,-4.041364222862373
155.02,-0.3322872967788925,-4.0450774318227785
155.03,-0.37275676340051894,-4.04882062250758
155.04,-0.41326370922904415,-4.0525506637714
155.05,-0.4538077766759469,-4.056220249290888
155.06,-0.4943881142148619,-4.059777899713482
155.07,-0.5350033346702165,-4.063167968569566
155.08,-0.5756514735862532,-4.066330652970237
155.09,-0.6163299477296214,-4.0692020101994615
155.1,-0.6570355137902425,-4.0717139813944865
155.11,-0.6977642273575111,-4.073794423590978
155.12,-0.7385114022620621,-4.075367151488722
155.13,-0.7792715703872856,-4.076351990368699
155.14000000000001,-0.8200384420694361,-4.076664841661649
155.15,-0.8608048672205185,-4.076217762730567
155.16,-0.9015627973240474,-4.0749190624832865
155.17000000000002,-0.9423032484701842,-4.07267341447466
155.18,-0.9830162656135406,-4.069381989189034
155.19,-1.0236908882539648,-4.064942607210612
155.20000000000002,-1.0643151177577528,-4.059249914989786
155.21,-1.1048758865537605,-4.052195584895284
155.22,-1.1453590294556584,-4.043668541202704
155.23,-1.1857492573778146,-4.033555213607167
155.24,-1.226030133727802,-4.021739819759104
155.25,-1.266184053772997,-4.00810467820509
155.26,-1.3061922272919038,-3.9925305529679047
155.27,-1.3460346648323551,-3.9748970308194678
155.28,-1.3856901679082931,-3.955082932084999
155.29,-1.425136323474055,-3.932966755565175
155.3,-1.4643495030195968,-3.9084271578738576
155.31,-1.5033048666315323,-3.881343467161516
155.32,-1.541976372362827,-3.851596230828563
155.33,-1.5803367912481034,-3.8190677964290485
155.34,-1.618357728291408,-3.7836429245247527
155.35,-1.6560096497385985,-3.745209431775003
155.36,-1.693261916926908,-3.7036588620415127
155.37,-1.7300828269794288,-3.6588871827545115
155.38,-1.7664396605819983,-3.6107955032316132
155.39000000000001,-1.802298737044061,-3.5592908110706833
155.4,-1.8376254768034122,-3.504286722159972
155.41,-1.8723844714872606,-3.4457042392716626
155.42000000000002,-1.9065395615888454,-3.3834725136385164
155.43,-1.940053921760031,-3.317529603368218
155.44,-1.9728901536562098,-3.2478232220380203
155.45000000000002,-2.0050103862007913,-3.174311470345611
155.46,-2.036376383063122,-3.0969635432836515
155.47,-2.066949657066464,-3.015760404968173
155.48,-2.096691591162485,-2.930695422997918
155.49,-2.1255635655264222,-2.841774954065362
155.5,-2.153527090243792,-2.7490188724923077
155.51,-2.1805439429762683,-2.6524610334342484
155.52,-2.2065763109124767,-2.552149662697201
155.53,-2.231586936230212,-2.4481476654455823
155.54,-2.255539264221388,-2.3405328465546718
155.55,-2.278397593161305,-2.2293980359784515
155.56,-2.300127224940957,-2.114851113262236
155.57,-2.3206946154265493,-1.9970149262254349
155.58,-2.340067523465465,-1.8760270998655837
155.59,-2.358215157423861,-1.752039732679474
155.6,-2.3751083181190547,-1.625218978846527
155.61,-2.390719537000791,-1.4957445160558063
155.62,-2.4050232084401704,-1.3638089001606302
155.63,-2.417995715004004,-1.2296168092902604
155.64000000000001,-2.429615544625976,-1.093384181511097
155.65,-2.439863398634226,-0.9553372515830317
155.66,-2.448722289657636,-0.8157114937719725
155.67000000000002,-2.456177628509665,-0.6747504790286559
155.68,-2.4622172992382096,-0.532704656098854
155.69,-2.4668317216316424,-0.38983006726432146
155.70000000000002,-2.470013900583496,-0.24638701040280023
155.71,-2.4717594618396985,-0.1026386598773043
155.72,-2.472066673781042,0.04115034059861833
155.73,-2.4709364550277257,0.18471529953625984
155.74,-2.4683723677903164,0.3277928998774182
155.75,-2.464380597030177,0.47012260800798134
155.76,-2.4589699156301568,0.6114480559602472
155.77,-2.452151635910972,0.751518383598575
155.78,-2.4439395479581854,0.890089528197935
155.79,-2.434349845347014,1.0269254496272353
155.8,-2.423401038965641,1.1617992803210133
155.81,-2.4111138597405937,1.2944943903427746
155.82,-2.397511151158785,1.4248053590867116
155.83,-2.382617752558859,1.5525388465052812
155.84,-2.3664603742286796,1.6775143581604242
155.85,-2.3490674653956507,1.7995648998477045
155.86,-2.3304690762317253,1.9185375190070937
155.87,-2.3106967150155087,2.0342937315842207
155.88,-2.289783201600041,2.1467098344159115
155.89000000000001,-2.267762518327191,2.2556771045600903
155.9,-2.2446696595088396,2.3611018882516084
155.91,-2.2205404805621587,2.4629055833243356
155.92000000000002,-2.195411547842353,2.561024519981084
155.93,-2.1693199901625366,2.655409745705349
155.94,-2.1423033529282454,2.746026720884579
155.95000000000002,-2.114399455744845,2.832854932349205
155.96,-2.0856462542812615,2.915887432523769
155.97,-2.0560817070943695,2.995130312237978
155.98,-2.0257436480365016,3.0706021154608334
155.99,-1.9946696647851527,3.142333204307019
156.0,-1.9628969839503612,3.2103650826303833
156.01,-1.9304623631325453,3.274749686375014
156.02,-1.897401990222861,3.33554864861181
156.03,-1.8637513901603089,3.3928325468600367
156.04,-1.82954533928566,3.446680139892105
156.05,-1.7948177873624667,3.497177600758746
156.06,-1.7596017872704852,3.5444177522637
156.07,-1.7239294323171928,3.5884993105744964
156.08,-1.6878318010589952,3.6295261420904827
156.09,-1.651338909475383,3.667606538111911
156.1,-1.614479670296757,3.7028525112745316
156.11,-1.5772818592498923,3.7353791171415187
156.12,-1.5397720879539265,3.7653038037864355
156.13,-1.5019757831741636,3.7927457916638585
156.14000000000001,-1.4639171721206492,3.817825485553633
156.15,-1.4256192734630908,3.8406639198848476
156.16,-1.3871038937229523,3.861382238299797
156.17000000000002,-1.348391628697095,3.880101207908704
156.18,-1.3095018695647782,3.896940768314255
156.19,-1.2704528133308097,3.912019615151718
156.20000000000002,-1.2312614772617438,3.92545481759541
156.21,-1.1919437169789016,3.9373614690250203
156.22,-1.1525142478812436,3.947852369824516
156.23,-1.1129866695824113,3.9570377411005424
156.24,-1.0733734930592327,3.9650249679544802
156.25,-1.0336861702233218,3.9719183708205126
156.26,-0.9939351256428224,3.977819003288893
156.27,-0.9541297901575438,3.982824474766698
156.28,-0.9142786361474884,3.9870287962852564
156.29,-0.8743892142318387,3.9905222477417785
156.3,-0.8344681911926528,3.993391264860031
156.31,-0.794521388934638,3.995718344168967
156.32,-0.7545538243092734,3.99758196432683
156.33,-0.7145697496481014,3.9990565221593535
156.34,-0.6745726938660864,4.000212281832342
156.35,-0.6345655040114546,4.001115335639462
156.36,-0.5945503871532972,4.001827574953843
156.37,-0.5545289525123778,4.002406669965644
156.38,-0.5145022537539843,4.00290605690598
156.39000000000001,-0.47447083137425816,4.003374931539175
156.4,-0.4344347551232008,4.003858247789504
156.41,-0.39439366641846807,4.004396720454449
156.42000000000002,-0.3543468207141118,4.005026831043461
156.43,-0.3142931297975988,4.005780835868655
156.44,-0.27423120399673867,4.006686775601473
156.45000000000002,-0.23415939428556937,4.007768485596709
156.46,-0.1940758342848045,4.009045606372232
156.47,-0.15397848215812474,4.01053359371918
156.48,-0.11386516241042088,4.01224372800317
156.49,-0.07373360759806133,4.01418312230227
156.5,-0.03358149996437549,4.016354729112149
156.51,0.006593486984181653,4.01875734543304
156.52,0.04679364694428532,4.021385616137034
156.53,0.08702119930692234,4.024230035597989
156.54,0.1272782476562451,4.027276947650104
156.55,0.16756673825992444,4.030508544025116
156.56,0.20788841853674744,4.033902861502331
156.57,0.24824479548997105,4.03743377809045
156.58,0.2886370940985564,4.041071008645405
156.59,0.32906621566287914,4.044780100414368
156.6,0.36953269610684375,4.048522429082675
156.61,0.4100366642445326,4.052255195987621
156.62,0.45057780002659614,4.0559314272507345
156.63,0.4911552927895473,4.059499975668188
156.64000000000001,0.5317677995399599,4.062905526286962
156.65,0.5724134033152866,4.066088606682019
156.66,0.6130895716736002,4.068985603036433
156.67000000000002,0.6537931153760151,4.071528783211638
156.68,0.6945201473378331,4.073646328077797
156.69,0.7352660419375712,4.075262372453954
156.70000000000002,0.7760253947869122,4.0762970570829955
156.71,0.8167919830792312,4.076666593136252
156.72,0.8575587266496373,4.0762833408055315
156.73,0.8983176498953418,4.075055903594792
156.74,0.9390598447215331,4.072889239967948
156.75,0.9797754346947007,4.069684794041518
156.76,1.0204535406023636,4.065340647028928
156.77,1.0610822476352795,4.05975169114517
156.78,1.101648574425267,4.0528098276638636
156.79,1.142138444188557,4.04440419078123
156.8,1.1825366582408918,4.034421398880655
156.81,1.2228268721661701,4.022745834704908
156.82,1.26299157493499,4.009259955828367
156.83,1.3030120712827373,3.993844636676352
156.84,1.342868467668517,3.976379543160851
156.85,1.3825396621459545,3.9567435407894465
156.86,1.422003338484306,3.9348151368556015
156.87,1.4612359648830666,3.9104729570323187
156.88,1.5002127976249526,3.88359625636677
156.89000000000001,1.538907890010402,3.854065464310669
156.9,1.577294106911166,3.821762763020328
156.91,1.6153431452708087,3.7865726977228276
156.92000000000002,1.6530255608656226,3.748382817472603
156.93,1.6903108016202608,3.7070843441190977
156.94,1.7271672477480047,3.6625728667750845
156.95000000000002,1.7635622589557627,3.6147490585219257
156.96,1.7994622289184432,3.563519411518838
156.97,1.8348326471861394,3.508796986105544
156.98,1.869638168640554,3.450502168910166
156.99,1.9038426905643426,3.388563434406506
157.0,1.937409437328684,3.3229181038176834
157.01,1.9703010526406963,3.2535130947479947
157.02,2.002479699223644,3.1803056544541226
157.03,2.0339071657297785,3.103264069253238
157.04,2.0645449806087086,3.022368342222118
157.05,2.094354532574221,2.9376108310811397
157.06,2.1232971972303316,2.8489968379925146
157.07,2.1513344693340715,2.75654514294522
157.08,2.178428100089236,2.6602884724605635
157.09,2.2045402387832826,2.5602738955413153
157.1,2.2296335780000622,2.456563139111221
157.11,2.253671501565507,2.3492328156554163
157.12,2.2766182343131707,2.2383745563781705
157.13,2.298438992693071,2.1240950439418445
157.14000000000001,2.319100135192008,2.006515939736197
157.15,2.338569311487795,1.8857737016429492
157.16,2.3568156092248667,1.7620192893962494
157.17000000000002,2.3738096972757194,1.635417755881254
157.18,2.3895239643424917,1.50614772404309
157.19,2.4039326517565813,1.3744007504765752
157.20000000000002,2.417011979352023,1.240380578210069
157.21,2.4287402633207824,1.104302282659384
157.22,2.439098025005211,0.9663913161826916
157.23,2.4480680896444365,0.8268824580867826
157.24,2.4556356741669463,0.6860186782904583
157.25,2.4617884632102456,0.5440499241142984
157.26,2.4665166726492327,0.4012318408108495
157.27,2.469813100026463,0.2578244374506504
157.28,2.471673161398246,0.11409071061544349
157.29,2.472094914238772,-0.02970476099825678
157.3,2.471079066178281,-0.17329723750904152
157.31,2.4686289694885915,-0.31642324051381976
157.32,2.4647506013680047,-0.45882196365504013
157.33,2.459452530215491,-0.6002366574487479
157.34,2.45274586821903,-0.7404159751275914
157.35,2.4446442107129394,-0.879115266852307
157.36,2.435163562881984,-1.0160978104331997
157.37,2.424322254504275,-1.1511359676620943
157.38,2.412140843528742,-1.2840122564640197
157.39000000000001,2.3986420093749943,-1.414520330312405
157.4,2.3838504369224935,-1.5424658576855745
157.41,2.367792692221283,-1.6676672957481469
157.42000000000002,2.3504970910075307,-1.7899565538901776
157.43,2.3319935611434794,-1.9091795442213246
157.44,2.312313500123104,-2.0251966175695313
157.45000000000002,2.2914896287920885,-2.137882884947806
157.46,2.269555842424148,-2.247128425804805
157.47,2.2465470602759927,-2.352838385643888
157.48,2.2224990747112705,-2.454932966762831
157.49,2.1974484009407362,-2.5533473169174408
157.5,2.171432128372922,-2.648031321635336
157.51,2.1444877745080295,-2.7389493066929576
157.52,2.1166531422390626,-2.826079657914739
157.53,2.0879661813497346,-2.9094143659567857
157.54,2.0584648549199267,-2.9889585040999567
157.55,2.0281870112677356,-3.064729647303202
157.56,1.9971702619738627,-3.136757240864021
157.57,1.9654518664504552,-3.2050819270077935
157.58,1.933068623433707,-3.269754837591742
157.59,1.9000567696986204,-3.3308368608740446
157.6,1.866451886216226,-3.3883978899765954
157.61,1.8322888118990883,-3.4425160602739697
157.62,1.7976015650107464,-3.4932769824843493
157.63,1.7624232722494013,-3.5407729777334356
157.64000000000001,1.7267861054560778,-3.5851023203221066
157.65,1.6907212258429594,-3.6263684933645646
157.66,1.6542587355887866,-3.664679461886983
157.67000000000002,1.6174276366052196,-3.700146967397079
157.68,1.5802557962408448,-3.732885847361606
157.69,1.5427699196579874,-3.763013382469225
157.70000000000002,1.5049955285914605,-3.790648674017251
157.71,1.4669569461776424,-3.815912053247806
157.72,1.4286772875265044,-3.838924523976505
157.73,1.3901784556981125,-3.859807239408111
157.74,1.3514811427383422,-3.878681013621183
157.75,1.3126048354256887,-3.8956658678289626
157.76,1.2735678253817628,-3.9108806111873977
157.77,1.2343872232019406,-3.92444245562318
157.78,1.195078976269299,-3.9364666638944175
157.79,1.1556578899240522,-3.947066229872952
157.8,1.11613765167184,-3.9563515898488015
157.81,1.0765308581270763,-3.964430363501872
157.82,1.0368490444018028,-3.971407123061929
157.83,0.9971027156658377,-3.977383189082437
157.84,0.957301380620154,-3.982456451184967
157.85,0.9174535866421384,-3.98672121208599
157.86,0.8775669563784342,-3.990268053194576
157.87,0.8376482255782468,-3.993183720065405
157.88,0.797703281977126,-3.9955510260043305
157.89000000000001,0.7577372050581602,-3.9974487721512517
157.9,0.717754306534101,-3.9989516824052127
157.91,0.6777581714100559,-4.000130351607582
157.92000000000002,0.6377516995019493,-4.001051205459019
157.93,0.5977371473008756,-4.001776470713187
157.94,0.5577161700876856,-4.002364154263359
157.95000000000002,0.5176898642156084,-4.002868029815913
157.96,0.4776588094913673,-4.003337630926096
157.97,0.4376231115970864,-4.003818249255435
157.98,0.39758244450625857,-4.004350936995941
157.99,0.35753609285716753,-4.004972512493149
158.0,0.3174829942563956,-4.00571556818744
158.01,0.27742178149341873,-4.0066084800807165
158.02,0.23735082465478125,-4.0076754180228775
158.03,0.1972682731329612,-4.008936356199529
158.04,0.1571720975307907,-4.010407083288834
158.05,0.11706013146718453,-4.012099211841247
158.06,0.07693011329396576,-4.014020186521105
158.07,0.03677972773676243,-4.016173290933788
158.08,-0.0033933525247100004,-4.018557652846361
158.09,-0.043591425320164794,-4.021168247693559
158.1,-0.08381671747858119,-4.023995900344741
158.11,-0.12407134332705962,-4.027027285191168
158.12,-0.16435726318240457,-4.030244924696877
158.13,-0.20467624182099717,-4.033627186640652
158.14000000000001,-0.24502980691521759,-4.037148280361264
158.15,-0.2854192074282224,-4.040778252403392
158.16,-0.3258453719632854,-4.044482982047522
158.17000000000002,-0.3663088670691728,-4.048224177293651
158.18,-0.4068098555091584,-4.0519593719557685
158.19,-0.4473480545082882,-4.055641924611753
158.20000000000002,-0.48792269400139343,-4.059221020241313
158.21,-0.5285324749131144,-4.062641675472587
158.22,-0.5691755275108452,-4.065844748445719
158.23,-0.6098493698820289,-4.06876695438849
158.24,-0.650550866598615,-4.071340888084464
158.25,-0.6912761876437181,-4.073495054497139
158.26,-0.7320207676885577,-4.075153908893595
158.27,-0.77277926582159,-4.076237907886823
158.28,-0.8135455258462942,-4.076663572886256
158.29,-0.8543125372793151,-4.076343567509553
158.3,-0.8950723971964853,-4.075186790563882
158.31,-0.9358162730905928,-4.07309848625007
158.32,-0.9765343669214868,-4.0699803732762465
158.33,-1.0172158805561178,-4.065730794586941
158.34,-1.0578489828132256,-4.0602448894168095
158.35,-1.098420778344454,-4.053414789363105
158.36,-1.1389172786004875,-4.045129840135225
158.37,-1.1793233751471583,-4.035276850580745
158.38,-1.2196228156121025,-4.0237403705029235
158.39000000000001,-1.2597981825572169,-4.010402998672234
158.4,-1.2998308755855472,-3.9951457222917806
158.41,-1.3397010970030525,-3.9778482890012623
158.42000000000002,-1.3793878413655725,-3.9583896122945403
158.43,-1.4188688892489432,-3.9366482109801213
158.44,-1.4581208055851749,-3.912502683030745
158.45000000000002,-1.4971189429095582,-3.885832213846936
158.46,-1.5358374498621135,-3.8565171185995624
158.47,-1.5742492852815493,-3.824439417918652
158.48,-1.6123262382204866,-3.789483445761024
158.49,-1.65003895419677,-3.7515364878198367
158.5,-1.6873569679768834,-3.7104894483378894
158.51,-1.7242487431635278,-3.6662375426574383
158.52,-1.7606817188300323,-3.61868101228755
158.53,-1.7966223634092788,-3.5677258587017953
158.54,-1.8320362360040683,-3.5132845915017823
158.55,-1.8668880552393146,-3.455276986004151
158.56,-1.901141775724151,-3.3936308447397727
158.57,-1.93476067213411,-3.3282827568046884
158.58,-1.967707430860245,-3.259178848484199
158.59,-1.999944249103794,-3.186275518096804
158.6,-2.031432941222181,-3.1095401475860704
158.61,-2.0621350520555155,-3.028951783039016
158.62,-2.092011976882962,-2.9445017760422556
158.63,-2.1210250875763608,-2.85619437761457
158.64000000000001,-2.149135864435253,-2.7640472763886965
158.65,-2.1763060331041344,-2.6680920727667994
158.66,-2.202497705890589,-2.568374680952662
158.67000000000002,-2.2276735267231875,-2.464955651076536
158.68,-2.251796818912119,-2.35791040408105
158.69,-2.2748317348048084,-2.247329372631137
158.70000000000002,-2.296743406364742,-2.133318042047228
158.71,-2.3174980956457527,-2.015996886135443
158.72,-2.3370633440874506,-1.8955011937942519
158.73,-2.355408119521638,-1.7719807834037107
158.74,-2.372502959755525,-1.6455996032371358
158.75,-2.388320111586381,-1.5165352174587807
158.76,-2.402833664104701,-1.3849781786645874
158.77,-2.4160196751596725,-1.2511312893634197
158.78,-2.427856289891969,-1.1152087562581456
158.79,-2.438323850284835,-0.9774352426425703
158.8,-2.44740499474482,-0.8380448256535168
158.81,-2.455084746797905,-0.6972798664789043
158.82,-2.4613505920743983,-0.5553898028944607
158.83,-2.4661925428557945,-0.41262987465689593
158.84,-2.469603189567536,-0.2692597932950042
158.85,-2.4715777387216944,-0.1255423686899978
158.86,-2.4721140369413357,0.018257894496543803
158.87,-2.4712125808317635,0.1618762170194281
158.88,-2.4688765126009473,0.3050489680828007
158.89000000000001,-2.4651116014701078,0.447515077374377
158.9,-2.45992621105346,0.5890174224351286
158.91,-2.453331253021405,0.7293041780793532
158.92000000000002,-2.4453401274918725,0.868130115163806
158.93,-2.4359686507181286,1.005257836778131
158.94,-2.42523497075631,1.1404589408749255
158.95000000000002,-2.4131594719006304,1.2735150994554554
158.96,-2.3997646687672014,1.4042190456524881
158.97,-2.385075090987581,1.532375461378804
158.98,-2.3691171595396256,1.6578017596110695
158.99,-2.35191905579536,1.7803287568255801
159.0,-2.3335105844031143,1.899801232566631
159.01,-2.3139230311440278,2.0160783745824324
159.02,-2.293189016911466,2.1290341093815153
159.03,-2.2713423489563977,2.2385573194204405
159.04,-2.2484178705230575,2.3445519494099343
159.05,-2.2244513099681993,2.446937005402748
159.06,-2.199479130415003,2.5456464513873494
159.07,-2.1735383809404527,2.6406290090451137
159.08,-2.146666550234101,2.7318478671265534
159.09,-2.118901423597922,2.8192803075592887
159.1,-2.0902809440829153,2.9029172559152356
159.11,-2.0608430784796172,2.9827627642381125
159.12,-2.030625688798153,3.05883343446897
159.13,-1.999666409790238,3.1311577908135546
159.14000000000001,-1.9680025329818822,3.199775609379454
159.15,-1.935670897602649,3.2647372132833965
159.16,-1.9027077887162143,3.326102741201329
159.17000000000002,-1.8691488427786225,3.3839413970182797
159.18,-1.8350289607758488,3.438330687844492
159.19,-1.8003822290217326,3.489355657211896
159.20000000000002,-1.7652418476316107,3.5371081197635963
159.21,-1.7296400666264606,3.5816859032111714
159.22,-1.6936081295673873,3.623192102772058
159.23,-1.6571762245710193,3.66173435272318
159.24,-1.6203734425129235,3.69742411912729
159.25,-1.5832277421884735,3.7303760172142635
159.26,-1.5457659221686382,3.760707156338699
159.27,-1.5080135990616994,3.7885365148943335
159.28,-1.4699951918707514,3.813984347050609
159.29,-1.4317339121206873,3.837171622691711
159.3,-1.3932517594169174,3.8582195014869596
159.31,-1.3545695220909482,3.8772488416060367
159.32,-1.3157067825847968,3.894379743214756
159.33,-1.2766819272266532,3.909731126547636
159.34,-1.237512160053844,3.9234203440524826
159.35,-1.1982135203456032,3.9355628258389865
159.36,-1.158800903537064,3.9462717574368376
159.37,-1.1192880851968665,3.9556577886775868
159.38,-1.0796877477635123,3.9638287723566297
159.39000000000001,-1.0400115097497338,3.9708895312050845
159.4,-1.0002699571394105,3.976941651603762
159.41,-0.9604726767176586,3.9820833024005164
159.42000000000002,-0.9206282910914002,3.9864090771455443
159.43,-0.8807444951747476,3.9900098580342562
159.44,-0.840828093930715,3.9929726998418253
159.45000000000002,-0.8008850411779112,3.995380732145056
159.46,-0.7609204792878139,3.997313078153639
159.47,-0.7209387796148383,3.998844788512113
159.48,-0.6809435835175716,4.000046788483969
159.49,-0.640937843845159,4.000985836988542
159.5,-0.6009238667778007,4.001724496028068
159.51,-0.5609033539245976,4.002321109115043
159.52,-0.5208774445954999,4.002829787387518
159.53,-0.4808467581768472,4.003300402181139
159.54,-0.4408114365518771,4.003778582910537
159.55,-0.4007711865186364,4.004305719198352
159.56,-0.36072532216791003,4.004918966276949
159.57,-0.32067280719309743,4.005651252775353
159.58,-0.280612297112403,4.006531290091459
159.59,-0.24054218139126826,4.007583582637034
159.6,-0.2004606254596623,4.008828438330039
159.61,-0.16036561262466748,4.0102819787953115
159.62,-0.12025498588375608,4.011956148820528
159.63,-0.08012648964825692,4.013858724699673
159.64000000000001,-0.03997781138976263,4.015993321180979
159.65,0.0001933767753626532,4.018359396820566
159.66,0.04038937654664869,4.020952257626972
159.67000000000002,0.08061242192790208,4.023763058965517
159.68,0.12086463772595903,4.026778805775197
159.69,0.16114799804340604,4.029982351234682
159.70000000000002,0.20146428475065267,4.033352394098199
159.71,0.24181504592537,4.036863475006709
159.72,0.28220155425078686,4.040485972164976
159.73,0.3226247653686695,4.044186096860979
159.74,0.3630852761880064,4.047925889390543
159.75,0.40358328315648034,4.051663216037245
159.76,0.44411854050875127,4.055351767845209
159.77,0.48469031851338457,4.0589410620104065
159.78,0.5252973617489595,4.062376446804102
159.79,0.5659378474494666,4.065599111029762
159.8,0.6066093439695547,4.0685460991016855
159.81,0.6473087694315004,4.071150332919047
159.82,0.6880323506279358,4.073340641792371
159.83,0.7287755822673478,4.0750418017596655
159.84,0.769533186663129,4.076174585705568
159.85,0.8102990739814592,4.076655825767658
159.86,0.8510663031784822,4.07639848957821
159.87,0.8918270437730235,4.075311771945558
159.88,0.9325725386173934,4.073301203625299
159.89000000000001,0.9732930678455295,4.070268778865766
159.9,1.013977914194709,4.066113103432761
159.91,1.054615329914185,4.060729564823098
159.92000000000002,1.095192505491171,4.054010526363029
159.93,1.1356955404414455,4.045845546853498
159.94,1.176109416428241,4.036121627367285
159.95000000000002,1.2164179729887912,4.024723486720694
159.96,1.2566038861626547,4.011533867032409
159.97,1.2966486503294392,3.9964338706418823
159.98,1.3365325635754923,3.9793033294871045
159.99,1.3762347169191813,3.960021207834827
160.0,1.415732987732189,3.9384660390134534
160.01,1.4550040376994504,3.9145163965187395
160.02,1.4940233156625637,3.888051399544155
160.03,1.5327650656903336,3.858951252631009
160.04,1.5712023407151838,3.827097818738635
160.05,1.6093070220651062,3.792375224603123
160.06,1.6470498452072464,3.7546704967862885
160.07,1.684400432000832,3.713874226317712
160.08,1.7213273297336005,3.6698812593056522
160.09,1.757798057186945,3.622591410342481
160.1,1.7937791579404503,3.5719101949631273
160.11,1.8292362610862076,3.5177495768381473
160.12,1.8641341494772132,3.4600287248048587
160.13,1.898436835582305,3.398674774270015
160.14000000000001,1.9321076449626136,3.3336235869663
160.15,1.9651093073216308,3.264820502523892
160.16,1.9974040550130914,3.19222107483972
160.17000000000002,2.028953728818425,3.1157917858034483
160.18,2.05971989072916,3.0355107285837866
160.19,2.0896639433901005,2.9513682524043414
160.20000000000002,2.118747255777247,2.8633675605576574
160.21,2.1469312946012535,2.7715252533313133
160.22,2.1741777608438726,2.6758718075618892
160.23,2.200448730752491,2.5764519847007787
160.24,2.225706800537888,2.4733251595778074
160.25,2.249915233944047,2.3665655624898414
160.26,2.2730381117876846,2.2562624278247707
160.27,2.295040482500542,2.1425200431563596
160.28,2.3158885126508113,2.025457693609133
160.29,2.3355496363727246,1.905209497288087
160.3,2.3539927025965732,1.7819241286854919
160.31,2.371188118946434,1.6557644282028519
160.32,2.38710799116063,1.5269068972433404
160.33,2.401726256891301,1.395541079718776
160.34,2.4150188127550054,1.261868832252713
160.35,2.426963633536355,1.1261034868224233
160.36,2.4375408824914535,0.9884689110406244
160.37,2.446733011757167,0.8491984727048001
160.38,2.4545248519455494,0.7085339166094607
160.39000000000001,2.4609036900893564,0.5667241628966361
160.4,2.4658593352034823,0.42402403738531
160.41,2.4693841708370625,0.28069294534627265
160.42000000000002,2.471473194110408,0.1369935010524878
160.43,2.4721240408581124,-0.006809873882679618
160.44,2.471336996632754,-0.15045236988154645
160.45000000000002,2.4691149934604812,-0.2936702127169553
160.46,2.465463592378415,-0.43620207692674096
160.47,2.4603909519219465,-0.5777904756406966
160.48,2.453907782865601,-0.7181831134970639
160.49,2.446027289652005,-0.8571341898935766
160.5,2.436765099067729,-0.9944056405771292
160.51,2.4261391768404623,-1.1297683065092057
160.52,2.414169732937545,-1.2630030200306654
160.53,2.400879116439849,-1.3939015995656845
160.54,2.386291700946231,-1.5222677454246505
160.55,2.370433761531356,-1.64791783066207
160.56,2.3533333443329902,-1.7706815823897701
160.57,2.335020129883561,-1.890402650409568
160.58,2.3155252913247986,-2.006939061485521
160.59,2.2948813486538504,-2.1201635589976737
160.6,2.273122020144845,-2.229963829082722
160.61,2.250282072072196,-2.336242615650521
160.62,2.226397167831835,-2.438917727850109
160.63,2.201503717515194,-2.5379219446294297
160.64000000000001,2.1756387289392465,-2.6332028219769468
160.65,2.148839661075655,-2.724722409242263
160.66,2.121144280754401,-2.812456881601341
160.67000000000002,2.0925905234436284,-2.896396096258012
160.68,2.063216358829241,-2.9765430803582045
160.69,2.0330596618364645,-3.0529134588406523
160.70000000000002,2.0021580896524283,-3.1255348305640314
160.71,1.9705489652251837,-3.1944461010439626
160.72,1.9382691676315489,-3.259696780014267
160.73,1.9053550296248984,-3.3213462518065957
160.74,1.8718422425954169,-3.3794630262335086
160.75,1.8377657691002283,-3.434123977275014
160.76,1.8031597630499168,-3.4854135764206355
160.77,1.7680574975718157,-3.5334231270211105
160.78,1.7324913005094946,-3.578250005468387
160.79,1.696492497462448,-3.6199969144616495
160.8,1.6600913622202618,-3.6587711530416533
160.81,1.623317074401615,-3.6946839074959033
160.82,1.5861976840703438,-3.7278495666622704
160.83,1.5487600830683697,-3.7583850645964008
160.84,1.5110299827784157,-3.7864092530256155
160.85,1.4730318980078572,-3.8120423054946206
160.86,1.4347891366685233,-3.8354051546207777
160.87,1.3963237949154417,-3.856618963422459
160.88,1.357656757400074,-3.8758046312657015
160.89000000000001,1.3188077022901274,-3.893082334593548
160.9,1.2797951107082028,-3.9085711022599376
160.91,1.2406362802449287,-3.9223884249859573
160.92000000000002,1.2013473422084837,-3.9346498981900386
160.93,1.161943282281128,-3.9454688972143193
160.94,1.1224379642641973,-3.954956283775401
160.95000000000002,1.08284415660562,-3.963220142307264
160.96,1.0431735614180522,-3.970365544735087
160.97,1.0034368457109182,-3.976494342118952
160.98,0.963643674575673,-3.9817049815334404
160.99,0.9238027460802494,-3.9860923465005724
161.0,0.8839218276456616,-3.9897476192669687
161.01,0.84400779369491,-3.992758163209119
161.02,0.8040666643814792,-3.995207423660905
161.03,0.7641036452216918,-3.9971748454828484
161.04,0.7241231674718221,-3.9987358057308517
161.05,0.6841289291070747,-3.9999615598315232
161.06,0.6441239362751916,-4.0009191997297195
161.07,0.6041105451124802,-4.001671622540134
161.08,0.5640905038243887,-4.002277508307075
161.09,0.5240649949463386,-4.0027913055537585
161.1,0.4840346777133136,-4.003263223383344
161.11,0.44399973047867175,-4.00373922897758
161.12,0.40395989313376196,-4.0042610494244455
161.13,0.3639145094901828,-4.004866176892936
161.14000000000001,0.3238625695959032,-4.005587876260523
161.15,0.2838027519649723,-4.006455194386388
161.16,0.24373346570817542,-4.007492970310982
161.17000000000002,0.20365289255875263,-4.008721845749548
161.18,0.16355902879318446,-4.010158275333753
161.19,0.12344972705207759,-4.011814536141554
161.20000000000002,0.08332273807035338,-4.013698736140748
161.21,0.043175752329262615,-4.015814821256432
161.22,0.0030064416452247307,-4.018162580856915
161.23,-0.037187499287875674,-4.020737651536587
161.24,-0.07740831138550701,-4.023531519158039
161.25,-0.11765812967103648,-4.026531519199433
161.26,-0.1579389417694957,-4.029720835537021
161.27,-0.19825254638177692,-4.033078497876884
161.28,-0.2386005117270334,-4.036579378134516
161.29,-0.27898413394446725,-4.04019418614607
161.3,-0.31940439544995475,-4.043889465180834
161.31,-0.3598619232480839,-4.047627587810939
161.32,-0.4003569472061735,-4.05136675278134
161.33,-0.4408892583037107,-4.05506098361076
161.34,-0.48145816687838866,-4.058660129742144
161.35,-0.5220624608985536,-4.062109871149286
161.36,-0.5627003643013745,-4.0653517273939945
161.37,-0.6033694954464336,-4.068323072215148
161.38,-0.6440668257456775,-4.070957154816619
161.39000000000001,-0.6847886385427661,-4.073183129104547
161.4,-0.7255304883277686,-4.074926092204924
161.41,-0.7662871603868645,-4.076107133668979
161.42000000000002,-0.8070526310011481,-4.076643396845091
161.43,-0.8478200283237664,-4.0764481539606745
161.44,-0.8885815940803616,-4.0754308965141215
161.45000000000002,-0.9293286462540488,-4.073497442623731
161.46,-0.9700515429328362,-4.070550063015837
161.47,-1.0107396475143655,-4.066487627356017
161.48,-1.0513812954799566,-4.061205772633243
161.49,-1.0919637629670305,-4.05459709529478
161.5,-1.1324732373858524,-4.046551368797369
161.51,-1.172894790342978,-4.036955788185126
161.52,-1.213212353149555,-4.025695243224409
161.53,-1.2534086952074661,-4.012652621518071
161.54,-1.2934654055799162,-3.997709142883808
161.55,-1.333362878065142,-3.9807447261114337
161.56,-1.3730803001021448,-3.9616383890098863
161.57,-1.41259564584534,-3.940268682414899
161.58,-1.4518856737504429,-3.9165141585511636
161.59,-1.4909259290163632,-3.890253873827585
161.6,-1.5296907512269946,-3.861367925790557
161.61,-1.5681532875321742,-3.8297380235683636
161.62,-1.6062855116983616,-3.7952480907108845
161.63,-1.6440582493463918,-3.757784898864706
161.64000000000001,-1.6814412096756557,-3.71723873022727
161.65,-1.7184030239509371,-3.6735040661987624
161.66,-1.7549112909996307,-3.6264802991019067
161.67000000000002,-1.790932629932975,-3.5760724632737766
161.68,-1.8264327402651064,-3.522191981257346
161.69,-1.861376469558122,-3.4647574202420897
161.70000000000002,-1.895727888669948,-3.4036952533319558
161.71,-1.929450374624761,-3.338940619665927
161.72,-1.9625067010632666,-3.2704380768925363
161.73,-1.9948591361626118,-3.198142339017208
161.74,-2.026469547843611,-3.1220189922128863
161.75,-2.0572995160068697,-3.04204518082304
161.76,-2.0873104514600715,-2.958210255504837
161.77,-2.1164637211169666,-2.870516375271797
161.78,-2.1447207789655076,-2.7789790551115963
161.79,-2.1720433022191985,-2.683627650886993
161.8,-2.1983933319832474,-2.5845057733856356
161.81,-2.223733417686911,-2.481671623675622
161.82,-2.2480267644567595,-2.3751982423536773
161.83,-2.271237382533984,-2.265173665844663
161.84,-2.2933302377736524,-2.151700983625037
161.85,-2.3142714022064843,-2.0348982910957023
161.86,-2.334028203595566,-1.914898533815131
161.87,-2.3525693728827872,-1.7918492399118773
161.88,-2.369865188393804,-1.6659121387133344
161.89000000000001,-2.385887615657054,-1.537262664938253
161.9,-2.400610441692569,-1.4060893491843989
161.91,-2.4140094026407417,-1.2725930968772374
161.92000000000002,-2.426062303630114,-1.1369863593058107
161.93,-2.436749129826858,-0.9994922018313239
161.94,-2.44605214766674,-0.8603432757844524
161.95000000000002,-2.453955995342547,-0.7197807019406622
161.96,-2.4604477617055536,-0.5780528747507679
161.97,-2.4655170528375625,-0.4354141976794252
161.98,-2.4691560456591417,-0.2921237610420179
161.99,-2.4713595280584024,-0.14844397460768205
162.0,-2.4721249251512956,-0.004639167933512406
162.01,-2.471452311417073,0.13902582810337866
162.02,-2.4693444085892278,0.2822871048147242
162.03,-2.4658065693207787,0.42488309040889916
162.04,-2.46084674678105,0.5665559421905726
162.05,-2.454475450476967,0.707052902892632
162.06,-2.4467056887231973,0.8461276083329785
162.07,-2.4375528983103076,0.9835413343331969
162.08,-2.4270348620365336,1.1190641717560197
162.09,-2.4151716148751876,1.2524761195935736
162.1,-2.4019853396446624,1.3835680872452103
162.11,-2.3875002531302836,1.5121427984364346
162.12,-2.3717424836759338,1.6380155906216636
162.13,-2.3547399413178502,1.7610151051550083
162.14000000000001,-2.3365221815728336,1.8809838649766109
162.15,-2.317120264018318,1.9977787380196168
162.16,-2.2965666068124415,2.1112712859683214
162.17000000000002,-2.274894838298952,2.221347999366991
162.18,-2.2521396468251016,2.327910421369458
162.19,-2.2283366298715626,2.430875163612837
162.20000000000002,-2.2035221435528447,2.530173818778781
162.21,-2.1777331534959865,2.625752775360157
162.22,-2.1510070880456413,2.7175729409709413
162.23,-2.123381694676568,2.805609381216906
162.24,-2.0948949004213038,2.889850881682099
162.25,-2.065584677042926,2.970299440982016
162.26,-2.0354889116016635,3.04696970309244
162.27,-2.0046452829810772,3.1198883372892503
162.28,-1.9730911448558783,3.189093374037436
162.29,-1.9408634155003286,3.2546335050570376
162.3,-1.9079984747547376,3.316567355581112
162.31,-1.8745320683887066,3.3749627365183428
162.32,-1.840499220024371,3.429895883853469
162.33,-1.8059341507116373,3.4814506921752657
162.34,-1.7708702061808657,3.5297179487273502
162.35,-1.7353397917370903,3.574794573844241
162.36,-1.699374314703981,3.616782873075713
162.37,-1.6630041342755761,3.6557898057278444
162.38,-1.626258518589424,3.6919262739694054
162.39000000000001,-1.5891656087961878,3.7253064360765893
162.4,-1.5517523898678922,3.7560470468255724
162.41,-1.5140446678596764,3.7842668274979716
162.42000000000002,-1.4760670533179328,3.8100858674446734
162.43,-1.437842950510783,3.8336250586634177
162.44,-1.3993945521446645,3.855005564388563
162.45000000000002,-1.3607428392230119,3.87434832227019
162.46,-1.3219075856992608,3.8917735823358544
162.47,-1.2829073675762948,3.9074004795827277
162.48,-1.2437595761076061,3.921346640740749
162.49,-1.2044804347614797,3.933727824478197
162.5,-1.165085019618042,3.9446575940888575
162.51,-1.1255872828797022,3.954247021503209
162.52,-1.0860000791879778,3.962604421302984
162.53,-1.0463351944536428,3.969835113287023
162.54,-1.0066033769222376,3.9760412120343376
162.55,-0.9668143702129561,3.9813214418352674
162.56,-0.9269769480855322,3.985770975311214
162.57,-0.887098950706732,3.9894812940152016
162.58,-0.8471873222052283,3.99254006929704
162.59,-0.8072481493207911,3.9950310617258373
162.6,-0.7672867009707115,3.9970340373868187
162.61,-0.7273074685730547,3.998624699406747
162.62,-0.6873142069825765,3.999874633110728
162.63,-0.6473099759108402,4.000851263271092
162.64000000000001,-0.6072971817171547,4.001617821974661
162.65,-0.567277619471347,4.00223332570658
162.66,-0.5272525152030232,4.002752560325758
162.67000000000002,-0.4872225682648319,4.003226072687584
162.68,-0.44718799374927154,4.003700167753037
162.69,-0.40714856490977114,4.004216910108734
162.70000000000002,-0.36710365554709684,4.004814128909107
162.71,-0.327052282331589,4.005525425339272
162.72,-0.2869931470403114,4.006380181784717
162.73,-0.24692467869589466,4.007403571981425
162.74,-0.2068450756006829,4.008616571507119
162.75,-0.16675234726575225,4.010035968060939
162.76,-0.1266443562394641,4.011674371064833
162.77,-0.08651885984445558,4.013540220205351
162.78,-0.04637355183535708,4.015637792619319
162.79,-0.006206103992069195,4.017967208511256
162.8,0.03398579233486804,4.020524435074348
162.81,0.07420438470941779,4.023301288670605
162.82,0.11445181810828015,4.026285435309531
162.83,0.15473009341560842,4.029460389548539
162.84,0.19504102589925093,4.032805512022413
162.85,0.2353862036560567,4.036296005893752
162.86,0.27576694601712604,4.039902912601365
162.87,0.3161842619080841,4.043593107369337
162.88,0.3566388081645128,4.047329295025879
162.89000000000001,0.3971308478086017,4.051070006768045
162.9,0.43766020829987373,4.054769598595986
162.91,0.4782262397805214,4.058378252228325
162.92000000000002,0.5188277733444403,4.061841979398269
162.93,0.5594630793684869,4.065102630517885
162.94,0.600129825954798,4.068097908784977
162.95000000000002,0.6408250375441864,4.07076139089284
162.96,0.6815450537726548,4.073022555586753
162.97,0.7222854886559216,4.07480682139196
162.98,0.7630411902004941,4.076035594914663
162.99,0.8038062005542148,4.076626331189332
163.0,0.8445737168242807,4.07649260761088
163.01,0.8853360527064325,4.07554421304762
163.02,0.9260846010852332,4.0736872537786075
163.03,0.9668097977820046,4.070824277935223
163.04,1.0075010866439376,4.066854420149729
163.05,1.0481468861849992,4.061673568120779
163.06,1.0887345580063532,4.055174552795385
163.07,1.1292503772409068,4.047247363836241
163.08,1.169679505283078,4.037779391990108
163.09,1.210005965080709,4.0266556998948815
163.1,1.2502126192809755,4.0137593227574095
163.11,1.290281151535857,3.9989716001989004
163.12,1.3301920512849534,3.982172540397477
163.13,1.3699246023438065,3.963241217456253
163.14000000000001,1.4094568756340784,3.9420562026883013
163.15,1.4487657263975726,3.9184960302357923
163.16,1.4878267962387943,3.892439697128423
163.17000000000002,1.5266145203401411,3.8637671975356334
163.18,1.565102140189507,3.8323600905782866
163.19,1.603261722151707,3.798102100639482
163.20000000000002,1.6410641822022969,3.760879748652778
163.21,1.6784793171247625,3.7205830123520944
163.22,1.7154758424493388,3.677106012944737
163.23,1.7520214373836573,3.6303477251221206
163.24,1.7880827969517812,3.5802127067578575
163.25,1.8236256915188145,3.5266118440670255
163.26,1.8586150338331215,3.4694631074218423
163.27,1.8930149536672511,3.408692312447033
163.28,1.926788880082062,3.344233880463229
163.29,1.9598996312765156,3.2760315918201326
163.3,1.9923095119184646,3.2040393251749264
163.31,2.023980417780014,3.1282217753382224
163.32,2.0548739474252287,3.0485551419426495
163.33,2.084951520618867,2.965027780901042
163.34,2.11417450304325,2.8776408104248543
163.35,2.1425043368273644,2.7864086632810254
163.36,2.1699026763088707,2.6913595769882113
163.37,2.196331528367129,2.5925360138007774
163.38,2.221753396584887,2.4899950026092212
163.39000000000001,2.2461314284193135,2.3838083953044533
163.4,2.269429564490976,2.2740630307139114
163.41,2.2916126890335917,2.1608607999201084
163.42000000000002,2.312646780489378,2.044318607614179
163.43,2.3324990611858754,1.9245682251121923
163.44,2.351138144991622,1.8017560317608756
163.45000000000002,2.368534181821093,1.6760426426689912
163.46,2.384658997845002,1.547602422004552
163.47,2.3994862302611843,1.416622882476881
163.48,2.4129914554945397,1.283303973053884
163.49,2.4251523097222623,1.1478572584240894
163.5,2.4359486006630218,1.0105049951734415
163.51,2.4453624096257314,0.8714791110806687
163.52,2.4533781828846353,0.7310200953139205
163.53,2.4599828115320097,0.5893758086071116
163.54,2.4651656990567776,0.44680022367978883
163.55,2.4689188160056057,0.303552107213943
163.56,2.4712367412010563,0.15989365559200808
163.57,2.4721166891174455,0.016089097312553396
163.58,2.4715585231473076,-0.12759672448214007
163.59,2.469564754627803,-0.2708997756210685
163.6,2.4661405276348862,-0.4135582468185996
163.61,2.461293589691431,-0.5553139481619866
163.62,2.4550342486716468,-0.6959136687774063
163.63,2.447375316315883,-0.83511048881592
163.64000000000001,2.4383320388953282,-0.9726650316304027
163.65,2.427922015683275,-1.1083466449211237
163.66,2.4161651059969054,-1.2419345006912104
163.67000000000002,2.4030833256694506,-1.3732186050504602
163.68,2.3887007338958965,-1.502000710211226
163.69,2.3730433114652265,-1.6280951224061158
163.70000000000002,2.3561388314477743,-1.7513294008957334
163.71,2.3380167234473115,-1.8715449446973127
163.72,2.318707932553828,-1.9885974651241045
163.73,2.2982447741448295,-2.102357343654303
163.74,2.276660785680742,-2.2127098760225934
163.75,2.2539905766243775,-2.319555404724988
163.76,2.230269677586242,-2.422809343329237
163.77,2.2055343897577924,-2.52240209707268
163.78,2.1798216356447884,-2.618278885194251
163.79,2.1531688120539076,-2.7103994712782216
163.8,2.125613646219224,-2.798737808578339
163.81,2.0971940558823405,-2.8832816078397667
163.82,2.0679480140624285,-2.964031835543332
163.83,2.037913419171474,-3.0410021507654146
163.84,2.00712797104712,-3.1142182889833623
163.85,1.9756290533918066,-3.1837174011687455
163.86,1.9434536230237451,-3.249547356408864
163.87,1.9106381062636295,-3.3117660160919837
163.88,1.8772183027019056,-3.370440487396027
163.89000000000001,1.8432292965157089,-3.4256463634466052
163.9,1.8087053754329734,-3.477466957071478
163.91,1.7736799573742794,-3.52599253458767
163.92000000000002,1.73818552474122,-3.5713195555272224
163.93,1.7022535662637348,-3.613549923649861
163.94,1.6659145262682227,-3.652790254017067
163.95000000000002,1.6291977611833937,-3.689151160322327
163.96,1.5921315030617762,-3.722746566096045
163.97,1.5547428298614727,-3.753693042838881
163.98,1.5170576422049986,-3.782109177591086
163.99,1.479100646309651,-3.8081149719236547
164.0,1.4408953427665254,-3.8318312738445433
164.01,1.40246402083276,-3.8533792436534804
164.02,1.3638277578934557,-3.872879854354726
164.03,1.3250064237456654,-3.8904534268502498
164.04,1.2860186893564505,-3.9062191997871936
164.05,1.2468820397499212,-3.920294933623278
164.06,1.2076127906839849,-3.9327965482016376
164.07,1.1682261087858883,-3.9438377928914394
164.08,1.128736034826156,-3.953529948151108
164.09,1.0891555098228662,-3.9619815572052994
164.1,1.04949640368205,-3.9692981863929293
164.11,1.0097695460950076,-3.9755822126392477
164.12,0.969984759429265,-3.9809326364278923
164.13,0.9301508933664497,-3.9854449185965795
164.14000000000001,0.8902758610573334,-3.9892108392501733
164.15,0.8503666765814463,-3.992318377074903
164.16,0.8104294935158354,-3.9948516073451876
164.17000000000002,0.7704696444345426,-3.9968906169375913
164.18,0.7304916811770836,-3.998511434702776
164.19,0.6904994157404871,-3.9997859755940324
164.20000000000002,0.6504959616652031,-4.000781997008153
164.21,0.6104837758003242,-4.001563065859476
164.22,0.5704647003480137,-4.002188534979373
164.23,0.5304400051007367,-4.002713527509946
164.24,0.4904104297978147,-4.003188928041056
164.25,0.4503762265399156,-4.003661379323089
164.26,0.41033720221135295,-4.004173283473122
164.27,0.3702927608704532,-4.004762806678788
164.28,0.3302419460777772,-4.005463886491387
164.29,0.2901834831406255,-4.006306240887429
164.3,0.2501158212600286,-4.007315378365257
164.31,0.21003717557332036,-4.008512608430517
164.32,0.1699455690914183,-4.009915051910917
164.33,0.129838874535102,-4.01153565062673
164.34,0.0897148560788837,-4.013383176028942
164.35,0.04957121101452318,-4.015462236501808
164.36,0.009405611348847544,-4.017773283110954
164.37,-0.030784254647695908,-4.020312613662174
164.38,-0.07100064092439594,-4.023072375019871
164.39000000000001,-0.11124570214809333,-4.0260405637178245
164.4,-0.15152145219875243,-4.0292010249787875
164.41,-0.1918297226476691,-4.032533450343552
164.42000000000002,-0.2321721212056235,-4.036013374194623
164.43,-0.27254999013156156,-4.039612169544701
164.44,-0.3129643645965175,-4.0432970435458255
164.45000000000002,-0.35341593100247803,-4.0470310332613995
164.46,-0.39390498526174544,-4.050773002330221
164.47,-0.43443139104908246,-4.054477639239207
164.48,-0.4749945380465296,-4.058095458009385
164.49,-0.5155933002092701,-4.06157280218776
164.5,-0.5562259940902847,-4.064851853125501
164.51,-0.5968903372717802,-4.067870643610023
164.52,-0.6375834069624853,-4.07056307800443
164.53,-0.6783015988318688,-4.072858960131656
164.54,-0.7190405861651183,-4.074684030221714
164.55,-0.759795279436303,-4.075960012317659
164.56,-0.8005597864114715,-4.07660467360804
164.57,-0.8413273729084638,-4.0765318972195015
164.58,-0.8820904243558616,-4.075651770061184
164.59,-0.9228404083096876,-4.073870687361127
164.6,-0.9635678381030842,-4.0710914755721275
164.61,-1.0042622378211303,-4.067213535348488
164.62,-1.0449121088100541,-4.062133006303673
164.63,-1.0855048979472037,-4.055742955249947
164.64000000000001,-1.126026967915053,-4.047933589592088
164.65,-1.1664635697390453,-4.038592497496027
164.66,-1.2067988178649733,-4.027604916377215
164.67000000000002,-1.2470156680665896,-4.014854031150249
164.68,-1.2870958984879783,-4.000221303548509
164.69,-1.3270200941375598,-3.983586833657909
164.70000000000002,-1.3667676351611366,-3.9648297546104456
164.71,-1.406316689229769,-3.9438286611491224
164.72,-1.4456442083841192,-3.9204620725047574
164.73,-1.4847259306798641,-3.8946089297160493
164.74,-1.5235363869784402,-3.866149127176727
164.75,-1.5620489132233986,-3.8349640778078076
164.76,-1.6002356685345964,-3.8009373108298843
164.77,-1.6380676594399963,-3.76395510065169
164.78,-1.67551477054763,-3.7239071248996725
164.79,-1.7125458019379898,-3.6806871490925985
164.8,-1.749128513529482,-3.63419373492006
164.81,-1.7852296766363909,-3.5843309685200446
164.82,-1.820815132899883,-3.5310092045754455
164.83,-1.8558498607279,-3.474145821470711
164.84,-1.8902980493292973,-3.4136659821769713
164.85,-1.9241231803714394,-3.3495033949773036
164.86,-1.9572881172288434,-3.2816010676144787
164.87,-1.989755201723729,-3.2099120479536194
164.88,-2.0214863581879157,-3.134400143814315
164.89000000000001,-2.0524432046000154,-3.0550406142538056
164.9,-2.082587170472992,-2.971820824287942
164.91,-2.111879621085774,-2.884740854832531
164.92000000000002,-2.1402819875696424,-2.793814059546568
164.93,-2.1677559022767054,-2.6990675602720113
164.94,-2.1942633387750825,-2.6005426729019767
164.95000000000002,-2.219766755734745,-2.498295255778681
164.96,-2.2442292438906564,-2.3923959731300557
164.97,-2.267614675197346,-2.2829304666031374
164.98,-2.289887853222719,-2.1699994286437243
164.99,-2.3110146637702202,-2.053718572302833
165.0,-2.3309622246687756,-1.9342184930153807
165.01,-2.349699033630528,-1.8116444189859842
165.02,-2.367195113048495,-1.6861558480180987
165.03,-2.38342215059089,-1.5579260699198283
165.04,-2.398353634446892,-1.4271415749933745
165.05,-2.411964982090758,-1.2940013505431518
165.06,-2.424233661457755,-1.1587160687955211
165.07,-2.435139303466668,-1.0215071710844277
165.08,-2.444663804879444,-0.8826058545942242
165.09,-2.452791420558553,-0.742251969335257
165.1,-2.459508844266149,-0.6006928343311502
165.11,-2.464805277245176,-0.45818198319187464
165.12,-2.4686724839299865,-0.31497785030797065
165.13,-2.4711048342513355,-0.17134240980553134
165.14000000000001,-2.4720993321260973,-0.02753978012867983
165.15,-2.471655629853909,0.11616519235005573
165.16,-2.4697760282790964,0.2595083569629607
165.17000000000002,-2.4664654627146496,0.40222767578037466
165.18,-2.4617314747634884,0.5440646203010131
165.19,-2.455584170308629,0.6847655343704804
165.20000000000002,-2.4480361640760786,0.8240829504193901
165.21,-2.4391025113002414,0.9617768468273011
165.22,-2.4288006271395326,1.0976158351119283
165.23,-2.417150194598003,1.2313782666949389
165.24,-2.404173061805634,1.3628532501831483
165.25,-2.3898931295943404,1.4918415714015767
165.26,-2.3743362303776028,1.6181565097954362
165.27,-2.3575299993984316,1.741624546253466
165.28,-2.3395037394525335,1.8620859588667689
165.29,-2.3202882802210962,1.9793953045975894
165.3,-2.299915833360582,2.0934217862647237
165.31,-2.278419844495802,2.204049505631735
165.32,-2.2558348432479476,2.3111776046886043
165.33,-2.23219629240203,2.414720298427321
165.34,-2.2075404372794014,2.5146068035109406
165.35,-2.181904156331812,2.610781168210798
165.36,-2.1553248139151857,2.703202009828372
165.37,-2.1278401161352445,2.791842166520611
165.38,-2.0994879705847738,2.8766882710076658
165.39000000000001,-2.0703063507150916,2.957740254060237
165.4,-2.040333165503569,3.035010785943397
165.41,-2.0096061349962233,3.1085246641405795
165.42000000000002,-1.9781626722207573,3.1783181557033857
165.43,-1.9460397718821556,3.2444383024796504
165.44,-1.9132739061711643,3.3069421972750823
165.45000000000002,-1.879900927936654,3.365896238714775
165.46,-1.845955981396869,3.4213753722027924
165.47,-1.8114734204925982,3.473462323943948
165.48,-1.77648673491799,3.522246834504699
165.49,-1.7410284838025043,3.567824897862507
165.5,-1.7051302369607397,3.6102980113371053
165.51,-1.668822523575762,3.6497724412241914
165.52,-1.6321347881362558,3.6863585083724737
165.53,-1.5950953534083125,3.7201698973681254
165.54,-1.5577313901888934,3.751322992424787
165.55,-1.520068893559817,3.7799362425293546
165.56,-1.4821326653383065,3.806129557869912
165.57,-1.4439463024024188,3.830023739077114
165.58,-1.4055321905567644,3.8517399403478922
165.59,-1.366911503595461,3.8713991670932533
165.6,-1.3281042072148994,3.889121808362069
165.61,-1.2891290674282199,3.9050272039410707
165.62,-1.2500036631360778,3.919233245717995
165.63,-1.2107444025138598,3.931856012619686
165.64000000000001,-1.1713665428836841,3.9430094381988967
165.65,-1.131884213749882,3.9528050097412266
165.66,-1.0923104426888597,3.9613514975953588
165.67000000000002,-1.0526571837979748,3.96875471329343
165.68,-1.012935348422991,3.975117294921803
165.69,-0.9731548378995387,3.9805385181233786
165.70000000000002,-0.9333245780605235,3.985114131058416
165.71,-0.8934525552783703,3.9889362116192078
165.72,-0.8535458538281392,3.992093045182516
165.73,-0.8136106943747199,3.994669021190018
165.74,-0.7736524734043387,3.996744546868924
165.75,-0.7336758034373414,3.99839597644031
165.76,-0.6936845538755326,3.999695554209574
165.77,-0.65368189235315,4.000711369989916
165.78,-0.6136703264757343,4.001507325374233
165.79,-0.5736517458456653,4.0021431094418185
165.8,-0.5336274642868979,4.00267418256238
165.81,-0.49359826219441766,4.003151767039975
165.82,-0.4535644289460984,4.003622843422563
165.83,-0.41352580532596644,4.004130151387995
165.84,-0.3734818259183385,4.0047121942037816
165.85,-0.33343156144189084,4.005403245845252
165.86,-0.29337376100143353,4.006233359944308
165.87,-0.2533068942430047,4.007228379828434
165.88,-0.2132291934048648,4.0084099489968565
165.89000000000001,-0.17313869526306755,4.009795521467379
165.9,-0.13303328297551723,4.011398371513533
165.91,-0.09291072783279689,4.013227602397162
165.92000000000002,-0.052768730927573976,4.0152881537864715
165.93,-0.012604964757067452,4.017580807633954
165.94,0.027582885225105106,4.020102192372691
165.95000000000002,0.06779707909038638,4.022844785373293
165.96,0.10803978093257097,4.025796913687484
165.97,0.14831301736413602,4.0289427531881685
165.98,0.18861863599633433,4.032262326299903
165.99,0.22895826389013407,4.03573149859815
166.0,0.2693332659682973,4.03932197464073
166.01,0.3097447033829487,4.0430012934804935
166.02,0.35019329183790715,4.046732824394499
166.03,0.3906793598708386,4.050475763451905
166.04,0.43120280710694525,4.054185131630271
166.05,0.4717630625034441,4.0578117752778216
166.06,0.5123590426125018,4.061302369807286
166.07,0.5529891098995898,4.064599427594769
166.08,0.5936510311643972,4.067641311144351
166.09,0.6343419361224769,4.070362252665069
166.1,0.6750582762176986,4.072692381291064
166.11,0.7157957837482982,4.074557759256962
166.12,0.7565494314028378,4.075880428418101
166.13,0.7973133923166602,4.076578468577873
166.14000000000001,0.8380810007743953,4.076566069150838
166.15,0.878844713699677,4.075753615748972
166.16,0.9195960730893749,4.07404779332779
166.17000000000002,0.960325669566233,4.071351707567268
166.18,1.0010231072407203,4.067565026187627
166.19,1.0416769700899857,4.062584141909957
166.20000000000002,1.0822747900789198,4.0563023587641185
166.21,1.122803017265268,4.04861010341915
166.22,1.1632469921473025,4.039395163161968
166.23,1.2035909205285074,4.028542952076192
166.24,1.2438178511888265,4.015936806871893
166.25,1.2839096566659454,4.001458313686734
166.26,1.3238470174625612,3.9849876670169344
166.27,1.363609410006284,3.9664040617408185
166.28,1.4031750986973777,3.9455861189665153
166.29,1.4425211323856144,3.922412346167286
166.3,1.4816233456207233,3.8967616317618736
166.31,1.5204563650208518,3.8685137739527917
166.32,1.558993621099779,3.83755004325268
166.33,1.5972073658859054,3.80375377770867
166.34,1.6350686966539525,3.7670110093787845
166.35,1.6725475860734813,3.7272111201253675
166.36,1.7096129190564602,3.684247524271993
166.37,1.7462325365589213,3.638018375126903
166.38,1.782373286558998,3.588427291813552
166.39000000000001,1.8180010823951922,3.535384102274181
166.4,1.8530809686044818,3.4788055977336207
166.41,1.8875771943498647,3.4186162933368247
166.42000000000002,1.9214532944712182,3.3547491891152847
166.43,1.9546721781321703,3.2871465249055265
166.44,1.987196224969329,3.2157605223494046
166.45000000000002,2.0189873885791587,3.1405541066633957
166.46,2.050007307102597,3.061501600485515
166.47,2.0802174205888693,2.978589381806886
166.48,2.1095790947387347,2.8918164977832053
166.49,2.138053750544533,2.8011952261116106
166.5,2.1656029992609667,2.70675157566213
166.51,2.1921887820577752,2.6085257181799166
166.52,2.217773513624565,2.506572343133137
166.53,2.242320228920438,2.400960928177818
166.54,2.2657927321881215,2.291775918248807
166.55,2.2881557472854146,2.1791168069660967
166.56,2.3093750683274434,2.063098114865879
166.57,2.329417709582732,1.9438492599201984
166.58,2.3482520535258473,1.821514316889053
166.59,2.365847995920513,1.6962516632417615
166.6,2.3821770867906826,1.568233510674551
166.61,2.397212666134004,1.437645322619652
166.62,2.4109299932430757,1.3046851195657696
166.63,2.4233063685253193,1.1695626754663055
166.64000000000001,2.4343212467524014,1.0324986099737627
166.65,2.443956340724794,0.8937233826787435
166.66,2.452195714405976,0.7534761969214743
166.67000000000002,2.4590258646632233,0.6120038220546216
166.68,2.464435790847068,0.4695593442408927
166.69,2.468417051548041,0.3264008569417429
166.70000000000002,2.470963807985903,0.18279010317103725
166.71,2.472072853611462,0.038991082329400045
166.72,2.4717436296324906,-0.10473136501544447
166.73,2.4699782263111527,-0.2481129806922195
166.74,2.4667813700186465,-0.390891506991219
166.75,2.4621603961713285,-0.5328080854721737
166.76,2.4561252083092033,-0.673608623053278
166.77,2.4486882237102634,-0.8130451124240474
166.78,2.439864306060722,-0.9508768945245221
166.79,2.4296706858197727,-1.0868718517130418
166.8,2.4181268690264615,-1.2208075212848584
166.81,2.4052545353940755,-1.3524721201814383
166.82,2.3910774266228323,-1.481665473020187
166.83,2.3756212259336715,-1.6081998369493353
166.84,2.3589134298838457,-1.731900618264762
166.85,2.340983213568376,-1.8526069771862044
166.86,2.321861290340121,-1.9701723186516957
166.87,2.3015797671953417,-2.0844646684244768
166.88,2.2801719969716316,-2.1953669351911915
166.89000000000001,2.257672428491518,-2.30277706064134
166.9,2.234116455758805,-2.40660806073601
166.91,2.209540267276798,-2.506787962482294
166.92000000000002,2.183980696509159,-2.6032596415152125
166.93,2.1574750744464937,-2.6959805666416363
166.94,2.130061085176326,-2.7849224582143117
166.95000000000002,2.1017766252822074,-2.870070867775535
166.96,2.0726596678208153,-2.951424686839517
166.97,2.042748131545417,-3.028995592972992
166.98,2.0120797559613552,-3.1028074414907687
166.99,1.9806919827156013,-3.1728956111144617
167.0,1.9486218437390659,-3.239306311858259
167.01,1.915905856478436,-3.302095863216251
167.02,1.8825799264747407,-3.361329950443709
167.03,1.8486792574695616,-3.41708286636242
167.04,1.8142382691474923,-3.469436745690876
167.05,1.7792905225557443,-3.518480798416684
167.06,1.7438686531791587,-3.5643105482037507
167.07,1.7080043115916694,-3.6070270812727205
167.08,1.6717281115537046,-3.6467363106211823
167.09,1.6350695853792458,-3.6835482598707383
167.1,1.5980571463562898,-3.71757637045064
167.11,1.5607180579702329,-3.748936835260616
167.12,1.5230784096510774,-3.7777479614059426
167.13,1.485163098742114,-3.804129564071851
167.14000000000001,1.4469958183696403,-3.828202393106841
167.15,1.4085990508799773,-3.8500875934193215
167.16,1.369994066501254,-3.8699061998620325
167.17000000000002,1.3312009268827367,-3.8877786668857977
167.18,1.2922384931635382,-3.903824432889398
167.19,1.253124438224949,-3.9181615188760857
167.20000000000002,1.2138752627860163,-3.930906160749059
167.21,1.1745063150099677,-3.942172474337264
167.22,1.1350318132992712,-3.952072152037813
167.23,1.0954648719692115,-3.9607141897903784
167.24,1.0558175295034637,-3.9682046429601243
167.25,1.016100779110009,-3.9746464095968994
167.26,0.9763246013115255,-3.9801390394571885
167.27,0.9364979983208651,-3.9847785671192355
167.28,0.8966290299691408,-3.98865736748844
167.29,0.8567248509710964,-3.9918640319771597
167.3,0.8167917493295977,-3.9944832636480645
167.31,0.7768351856981351,-3.9965957896309305
167.32,0.7368598335369791,-3.9982782891571715
167.33,0.6968696199149916,-3.9996033356023926
167.34,0.6568677668249312,-4.000639350983054
167.35,0.6168568328953306,-4.001450571417254
167.36,0.5768387553965861,-4.00209702213016
167.37,0.5368148924527274,-4.002634500660362
167.38,0.49678606538337894,-4.0031145670032755
167.39000000000001,0.45675260111266186,-4.003584539510577
167.4,0.41671437459316735,-4.004087495449641
167.41,0.376670851203669,-4.004662275213421
167.42000000000002,0.3366211290888989,-4.0053434892584105
167.43,0.29656398141850077,-4.006161526935894
167.44,0.25649789855018107,-4.007142566469222
167.45000000000002,0.21642113008911637,-4.008308585417061
167.46,0.17633172684183984,-4.009677371049255
167.47,0.13622758266813123,-4.011262530148127
167.48,0.09610647623887729,-4.013073497833531
167.49,0.055966112711460604,-4.015115545094961
167.5,0.015804165336978076,-4.017389784798411
167.51,-0.024381682984507613,-4.019893176019811
167.52,-0.06459369818341813,-4.022618526640627
167.53,-0.10483405351732014,-4.025554494224965
167.54,-0.14510478806791743,-4.028685585281339
167.55,-0.1854077652229469,-4.031992153096306
167.56,-0.22574463112984353,-4.0354503944116065
167.57,-0.26611677311117904,-4.0390323453014405
167.58,-0.3065252780358724,-4.04270587669205
167.59,-0.34697089064502007,-4.0464346900520045
167.6,-0.38745397183691244,-4.050178313868453
167.61,-0.4279744569223891,-4.053892101612058
167.62,-0.4685318138691536,-4.057527231981147
167.63,-0.509125001562012,-4.061030712303697
167.64000000000001,-0.5497524281152274,-4.064345386063627
167.65,-0.5904119092832845,-4.067409945605169
167.66,-0.6311006270273308,-4.070158951155211
167.67000000000002,-0.6718150883063887,-4.072522857387769
167.68,-0.7125510841750862,-4.074428048836307
167.69,-0.7533036492831149,-4.075796885537513
167.70000000000002,-0.7940670218858364,-4.0765477603632245
167.71,-0.8348346044903793,-4.076595169564123
167.72,-0.8755989252771189,-4.075849798108226
167.73,-0.9163516004525438,-4.074218621447343
167.74,-0.9570832977060658,-4.0716050253838585
167.75,-0.9977837009602211,-4.067908945736413
167.76,-1.0384414766207941,-4.063027029514276
167.77,-1.0790442415505066,-4.056852819304171
167.78,-1.1195785330068775,-4.049276962547687
167.79,-1.1600297808014604,-4.040187447339897
167.8,-1.2003822819536754,-4.029469866307856
167.81,-1.2406191781276172,-4.017007710028862
167.82,-1.2807224361542524,-4.002682691320464
167.83,-1.3206728319540264,-3.9863751015747657
167.84,-1.3604499381857476,-3.9679642001166284
167.85,-1.400032115956359,-3.9473286373371095
167.86,-1.4393965109324898,-3.9243469120883248
167.87,-1.4785190541981252,-3.898897863522919
167.88,-1.517374468202948,-3.8708611972198956
167.89000000000001,-1.555936278142523,-3.840118045058815
167.9,-1.594176829104124,-3.8065515578870817
167.91,-1.6320673093002644,-3.770047529571929
167.92000000000002,-1.6695777796955626,-3.7304950505421535
167.93,-1.7066772103111076,-3.6877871884083366
167.94,-1.7433335234637295,-3.6418216927086497
167.95000000000002,-1.7795136441652808,-3.5925017202661573
167.96,-1.8151835578690527,-3.5397365770695686
167.97,-1.850308375706672,-3.48344247201066
167.98,-1.8848524073092658,-3.4235432772371426
167.99,-1.918779241251415,-3.359971289319762
168.0,-1.952051833095661,-3.292667984897956
168.01,-1.984632600949374,-3.221584763971374
168.02,-2.0164835283750886,-3.14668367355754
168.03,-2.047566274420525,-3.0679381040517635
168.04,-2.077842290456124,-2.9853334503172384
168.05,-2.10727294342687,-2.89886772931384
168.06,-2.135819645042401,-2.808552145955863
168.07,-2.163443986345987,-2.714411598883181
168.08,-2.1901078770200644,-2.6164851179471893
168.09,-2.215773688704931,-2.514826225460825
168.1,-2.240404401529281,-2.409503213647239
168.11,-2.263963752977876,-2.3005993312482302
168.12,-2.286416388154246,-2.188212872922356
168.13,-2.3077280104363234,-2.072457165871745
168.14000000000001,-2.3278655314716814,-1.9534604490807503
168.15,-2.3467972194179385,-1.8313656416199469
168.16,-2.3644928443040802,-1.7063299976535145
168.17000000000002,-2.380923819371009,-1.5785246470710816
168.18,-2.3960633372455016,-1.448134022027988
168.19,-2.4098864998115683,-1.3153551710988876
168.20000000000002,-2.4223704406674793,-1.1803969642045156
168.21,-2.433494439095659,-1.0434791929340683
168.22,-2.443240024526161,-0.9048315723284075
168.23,-2.451591070542227,-0.7646926515838824
168.24,-2.4585338775578385,-0.6233086424546914
168.25,-2.464057243391321,-0.4809321753458411
168.26,-2.4681525210647552,-0.3378209941729953
168.27,-2.4708136632747806,-0.19423660199618686
168.28,-2.4720372531046793,-0.05044287019090002
168.29,-2.471822520678599,0.09329537551456996
168.3,-2.470171345594388,0.23671377844509942
168.31,-2.467088245109697,0.37954986998837986
168.32,-2.4625803481946202,0.5215444704348552
168.33,-2.4566573557009996,0.6624430581549925
168.34,-2.4493314870315204,0.801997094109052
168.35,-2.440617413818819,0.9399652893693213
168.36,-2.4305321812441343,1.076114804200832
168.37,-2.4190951177348023,1.2102223682746327
168.38,-2.4063277338786415,1.342075312755253
168.39000000000001,-2.3922536114796977,1.4714725062858744
168.4,-2.3768982837529244,1.598225188263989
168.41,-2.360289107714418,1.722157694228869
168.42000000000002,-2.3424551298683474,1.8431080696415871
168.43,-2.3234269463215864,1.9609285698006576
168.44,-2.303236558472334,2.0754860450748
168.45000000000002,-2.28191722542009,2.186662212023784
168.46,-2.2595033142318584,2.2943538122960763
168.47,-2.236030149174169,2.398472662418158
168.48,-2.2115338609834954,2.4989455987079925
168.49,-2.1860512372000094,2.5957143225407497
168.5,-2.1596195745326807,2.688735152058426
168.51,-2.132276534158841,2.777978687139813
168.52,-2.1040600007898846,2.863429395030088
168.53,-2.0750079462582396,2.9450851244700122
168.54,-2.0451582983004846,3.0229565564661307
168.55,-2.0145488151289173,3.0970666000108786
168.56,-1.9832169663002674,3.1674497411027054
168.57,-1.9511998203068632,3.234151353340791
168.58,-1.9185339392334515,3.2972269781875263
168.59,-1.8852552807431127,3.3567415827167024
168.6,-1.8513991075791174,3.412768802309022
168.61,-1.816999904696932,3.465390175332052
168.62,-1.7820913040724764,3.5146943763621628
168.63,-1.7467060171696889,3.5607764539840328
168.64000000000001,-1.7108757749927959,3.6037370786511267
168.65,-1.6746312755966664,3.6436818055195928
168.66,-1.638002138882404,3.68072035658888
168.67000000000002,-1.6010168684648889,3.714965925904477
168.68,-1.5637028203643144,3.7465345110099846
168.69,-1.526086178244689,3.775544273284575
168.70000000000002,-1.488191934898623,3.8021149292738072
168.71,-1.4500438796592132,3.826367174621848
168.72,-1.411664591406186,3.848422141745314
168.73,-1.3730754368243068,3.8684008919560826
168.74,-1.3342965735670644,3.886423942344513
168.75,-1.2953469579774166,3.9026108273767215
168.76,-1.25624435701953,3.917079694840204
168.77,-1.2170053640806124,3.9299469354908987
168.78,-1.177645418309712,3.941326845510915
168.79,-1.138178827170394,3.9513313206782694
168.8,-1.0986187918961465,3.9600695809763886
168.81,-1.0589774355508663,3.967647924229872
168.82,-1.019265833411549,3.9741695072418652
168.83,-0.9794940454060289,3.979734152825049
168.84,-0.939671150355048,3.9844381810602543
168.85,-0.8998052817848238,3.98837426308169
168.86,-0.8599036650934142,3.9916312956732596
168.87,-0.8199726558713586,3.9942942949640883
168.88,-0.7800177791941324,3.9964443075309997
168.89000000000001,-0.7400437697207386,3.998158337249028
168.9,-0.7000546124491519,3.9995092862762065
168.91,-0.6600535839952145,4.000565908613968
168.92000000000002,-0.6200432942768725,4.001392774747816
168.93,-0.5800257285002582,4.002050245942951
168.94,-0.5400022893580136,4.002594456844956
168.95000000000002,-0.4999738393633592,4.003077305115174
168.96,-0.45994074325571016,4.003546446913067
168.97,-0.4199029104250979,4.004045297122708
168.98,-0.379859837313256,4.004613033306927
168.99,-0.33981064975895936,4.005284602459766
169.0,-0.29975414526406063,4.006090729715505
169.01,-0.2596888351646492,4.007057928260012
169.02,-0.2196129866988604,4.008208509777437
169.03,-0.17952466496910047,4.009560594852028
169.04,-0.13942177480181986,4.01112812283102
169.05,-0.09930210251248006,4.012920860740166
169.06,-0.059163357587016546,4.014944410928409
169.07,-0.01900321429391188,4.017200217202757
169.08,0.0211806467570386,4.019685569298435
169.09,0.06139049709205682,4.022393605613268
169.1,0.10162851886930396,4.025313314218963
169.11,0.1418967633764361,4.028429532245762
169.12,0.18219710951421922,4.031722943820958
169.13,0.22253122225285524,4.035170076826191
169.14000000000001,0.262900511050743,4.038743298823352
169.15,0.30330608822932226,4.0424108125844205
169.16,0.3437487273024314,4.0461366517467585
169.17000000000002,0.3842288212642574,4.049880677202188
169.18,0.4247463408464751,4.053598574915556
169.19,0.4653007927625685,4.0572418559563594
169.20000000000002,0.5058911779656023,4.0607578596149985
169.21,0.5465159499548685,4.064089760563166
169.22,0.5871729731768658,4.067176581105232
169.23,0.6278594815769734,4.069953209653706
169.24,0.66857203736994,4.072350426646313
169.25,0.7093064901098995,4.074294939204035
169.26,0.7500579361540206,4.075709425907672
169.27,0.7908206786280529,4.0765125931440185
169.28,0.8315881880169009,4.076619244540186
169.29,0.8723530635188567,4.0759403650646915
169.3,0.9131069953181947,4.07438322142487
169.31,0.9538407279473541,4.071851480430285
169.32,0.9945440249268005,4.068245347019166
169.33,1.0352056348877374,4.063461723657351
169.34,1.0758132593999474,4.057394392814672
169.35,1.1163535227440307,4.049934224199735
169.36,1.156811943883942,4.0409694083883565
169.37,1.1971729109117977,4.030385718410999
169.38,1.2374196582521617,4.018066800768013
169.39000000000001,1.2775342469271578,4.003894497215969
169.4,1.317497548196481,3.9877491985115214
169.41,1.357289230897388,3.9695102311090595
169.42000000000002,1.396887752818662,3.949056277582981
169.43,1.4362703564490475,3.9262658312832746
169.44,1.4754130694443275,3.9010176854331253
169.45000000000002,1.5142907101577099,3.8731914565389003
169.46,1.5528768985751054,3.8426681416061372
169.47,1.5911440729898327,3.8093307082408554
169.48,1.6290635127399224,3.7730647162651123
169.49,1.6666053673151349,3.733758968991773
169.5,1.703738692119758,3.691306191789325
169.51,1.7404314911509213,3.645603735027774
169.52,1.7766507668203133,3.5965542979367875
169.53,1.8123625771096572,3.5440666693340237
169.54,1.847532100206994,3.4880564806029324
169.55,1.8821237067217158,3.4284469657241528
169.56,1.916101039521477,3.365169722603105
169.57,1.949427101173778,3.298165469399451
169.58,1.982064348909466,3.2273847890636467
169.59,2.013974796955051,3.1527888548343292
169.6,2.045120126006153,3.074350129060627
169.61,2.0754617995362636,2.992053027398787
169.62,2.104961186554129,2.9058945402055514
169.63,2.1335796903403748,2.815884802823966
169.64000000000001,2.161278882610608,2.7220476064421923
169.65,2.1880206424692186,2.62442084131267
169.66,2.2137672994368613,2.5230568643562137
169.67000000000002,2.2384817797563428,2.418022783549805
169.68,2.262127755107857,2.3094006520120294
169.69,2.284669792796583,2.197287565357634
169.70000000000002,2.3060735064150095,2.0817956566907614
169.71,2.326305705930398,1.9630519845400467
169.72,2.3453345461058106,1.8411983100994869
169.73,2.363129672132388,1.7163907613149518
169.74,2.3796623613321093,1.5887993826320557
169.75,2.394905659785029,1.458607570578381
169.76,2.408834512743677,1.3260113967702458
169.77,2.4214258877204338,1.19121882138734
169.78,2.432658889171424,1.0544488016215674
169.79,2.4425148637528653,0.9159303010517994
169.8,2.45097749519246,0.7759012072957165
169.81,2.4580328878987796,0.6346071666151455
169.82,2.4636696385247627,0.492300345374697
169.83,2.4678788948062733,0.3492381293489878
169.84,2.470654401111742,0.20568177281744296
169.85,2.471992530262622,0.06189501015674145
169.86,2.471892301314877,-0.0818573567778792
169.87,2.4703553831270644,-0.22531088181316195
169.88,2.467386083678614,-0.3682028943245416
169.89000000000001,2.4629913252405737,-0.5102739020224805
169.9,2.457180605638164,-0.6512689631354072
169.91,2.4499659459778655,-0.7909390149381814
169.92000000000002,2.4413618253394005,-0.9290421462446409
169.93,2.4313851030529725,-1.0653448023350645
169.94,2.4200549292926996,-1.1996229118053439
169.95000000000002,2.4073926448168663,-1.331662925981976
169.96,2.3934216707730602,-1.46126276282075
169.97,2.378167389560451,-1.5882326485703242
169.98,2.3616570178016536,-1.7123958519067566
169.99,2.343919472522316,-1.8335893067030324
170.0,2.324985231667593,-1.9516641210607484
170.01,2.304886190101101,-2.0664859716723853
170.02,2.283655512234145,-2.177935383976823
170.03,2.261327482421564,-2.285907899895
170.04,2.237937354236245,-2.3903141361667144
170.05,2.21352119969823,-2.4910797374363653
170.06,2.1881157594875176,-2.5881452292411837
170.07,2.161758295113406,-2.681465776929847
170.08,2.1344864439489206,-2.7710108572753924
170.09,2.1063380779678984,-2.856763850140509
170.1,2.077351166946111,-2.938721558005266
170.11,2.0475636468077933,-3.016893661479666
170.12,2.0170132937165177,-3.091302119101315
170.13,1.9857376044257673,-3.161980519769467
170.14000000000001,1.9537736833211286,-3.228973396100064
170.15,1.9211581365037662,-3.2923355068129783
170.16,1.887926973184869,-3.3521310959944746
170.17000000000002,1.8541155145838766,-3.4084331367275498
170.18,1.819758310450318,-3.4613225661632487
170.19,1.7848890632606118,-3.5108875186304274
170.20000000000002,1.7495405600777096,-3.557222562862364
170.21,1.7137446120033646,-3.6004279488684214
170.22,1.6775320011003412,-3.6406088694091228
170.23,1.6409324346151821,-3.677874740454127
170.24,1.6039745062912585,-3.7123385044242627
170.25,1.5666856645266967,-3.7441159594495623
170.26,1.5290921871022671,-3.7733251173224542
170.27,1.4912191621802475,-3.800085592295167
170.28,1.4530904752563638,-3.824518022368074
170.29,1.414728801732886,-3.846743524245202
170.3,1.3761556047714596,-3.8668831826973813
170.31,1.3373911380789383,-3.8850575746746254
170.32,1.298454453277967,-3.901386328148468
170.33,1.2593634115159686,-3.915987715342572
170.34,1.2201346989711155,-3.928978279725714
170.35,1.1807838459214544,-3.9404724958944515
170.36,1.1413252490532264,-3.950582461262095
170.37,1.1017721966962124,-3.9594176182943395
170.38,1.0621368966873395,-3.9670845058881747
170.39000000000001,1.0224305065784487,-3.973686538377233
170.4,0.9826631659197946,-3.9793238105612305
170.41,0.9428440303672241,-3.984092927097284
170.42000000000002,0.902981307377849,-3.9880868545540817
170.43,0.8630822932761424,-3.991394794413843
170.44,0.8231534114895721,-3.9941020753092875
170.45000000000002,0.7832002517699567,-3.9962900628012683
170.46,0.7432276102335468,-3.998036085035018
170.47,0.7032395300692563,-3.9994133726572922
170.48,0.6632393427804009,-4.000491011431021
170.49,0.6232297098406359,-4.001333906046818
170.5,0.5832126646594644,-4.002002753700249
170.51,0.5431896547666308,-4.002554026078789
170.52,0.5031615841378887,-4.003039958481639
170.53,0.46312885559699807,-4.0035085448780166
170.54,0.4230914132403284,-4.00400353779426
170.55,0.38304878484111293,-4.004564452006334
170.56,0.34300012420020176,-4.005226571101456
170.57,0.3029442534190838,-4.006020956060102
170.58,0.2628797050789997,-4.006974455097207
170.59,0.2228047643171397,-4.008109714088632
170.6,0.1827175107972271,-4.0094451869957854
170.61,0.142615860577224,-4.010995145787528
170.62,0.10249760788147652,-4.012769689444108
170.63,0.062360466788341846,-4.01477475171291
170.64000000000001,0.022202112847218326,-4.01701210737034
170.65,-0.017979775359064972,-4.019479376828254
170.66,-0.05818747468934677,-4.022170029007201
170.67000000000002,-0.098423175939209,-4.025073382482495
170.68,-0.13868894233899667,-4.028174604992894
170.69,-0.17898666803906688,-4.031454711485683
170.70000000000002,-0.21931803656871032,-4.034890560956346
170.71,-0.25968447925819377,-4.038454852425843
170.72,-0.30008713361722716,-4.042116120484021
170.73,-0.34052680166787413,-4.04583873091378
170.74,-0.38100390823550273,-4.049582876997369
170.75,-0.42151845920782155,-4.053304577193571
170.76,-0.4620699997793742,-4.0569556749623095
170.77,-0.5026575727070678,-4.060483841601268
170.78,-0.5432796766113996,-4.063832583047015
170.79,-0.5839342243680081,-4.066941251680581
170.8,-0.6246185016450112,-4.06974506426377
170.81,-0.6653291256532835,-4.072175127217074
170.82,-0.7060620041893526,-4.074158470532177
170.83,-0.7468122950639269,-4.075618091690514
170.84,-0.7875743660231628,-4.076473011033317
170.85,-0.8283417552845932,-4.076638340096589
170.86,-0.8691071328250946,-4.0760253644851305
170.87,-0.9098622625742957,-4.074541642911499
170.88,-0.9505979656833244,-4.072091124066822
170.89000000000001,-0.9913040850556322,-4.06857428301883
170.9,-1.031969451343701,-4.063888278846196
170.91,-1.0725818506325562,-4.057927135215158
170.92000000000002,-1.1131279940480043,-4.050581945582041
170.93,-1.153593489544197,-4.041741104661457
170.94,-1.1939628161412337,-4.031290567732005
170.95000000000002,-1.2342193008988374,-4.01911413925703
170.96,-1.2743450989263745,-4.0050937921748195
170.97,-1.314321176742334,-3.9891100190583653
170.98,-1.354127299307542,-3.9710422161573664
170.99,-1.3937420210654814,-3.9507691011125883
171.0,-1.4331426813297936,-3.928169164873504
171.01,-1.4723054043629515,-3.9031211580532386
171.02,-1.5112051044908585,-3.8755046116195104
171.03,-1.549815496595342,-3.8452003914466024
171.04,-1.5881091123197908,-3.812091285842008
171.05,-1.6260573223121821,-3.776062624713821
171.06,-1.6636303648140671,-3.737002928563525
171.07,-1.7007973808834524,-3.6948045849769677
171.08,-1.7375264565136064,-3.649364549748357
171.09,-1.7737846718784196,-3.6005850692136114
171.1,-1.8095381578978786,-3.5483744197969695
171.11,-1.8447521602743588,-3.4926476601962095
171.12,-1.8793911111018027,-3.4333273910560553
171.13,-1.91341870809548,-3.3703445164163255
171.14000000000001,-1.9467980014301294,-3.303639000682084
171.15,-1.979491488109122,-3.2331606143592433
171.16,-2.0114612137173142,-3.1588696613432097
171.17000000000002,-2.042668881335986,-3.0807376801531348
171.18,-2.073075967320377,-2.9987481111831564
171.19,-2.102643843559649,-2.9128969218076373
171.20000000000002,-2.1313339057565295,-2.823193181042226
171.21,-2.1591077071804934,-2.72965957543817
171.22,-2.1859270972652927,-2.6323328579840504
171.23,-2.211754364340174,-2.5312642220156842
171.24,-2.2365523817056063,-2.426519592498019
171.25,-2.2602847561901345,-2.3181798275467376
171.26,-2.2829159782565407,-2.206340823703487
171.27,-2.304411572664204,-2.091113519265682
171.28,-2.3247382486418546,-1.9726237908949253
171.29,-2.3438640484821027,-1.8510122397790976
171.3,-2.3617584934374367,-1.7264338647904438
171.31,-2.378392725777912,-1.599057621350538
171.32,-2.3937396458644473,-1.4690658660645333
171.33,-2.4077740430992023,-1.3366536886003857
171.34,-2.4204727196364546,-1.202028133739948
171.35,-2.431814605774001,-1.065407317992038
171.36,-2.4417808659962956,-0.927019446605398
171.37,-2.450354994706109,-0.7871017382236302
171.38,-2.457522900760768,-0.6458992657563539
171.39000000000001,-2.463272980021236,-0.503663723273327
171.4,-2.4675961752262348,-0.36065212983484374
171.41,-2.470486022617933,-0.21712548212832447
171.42000000000002,-2.4719386848688014,-0.07334736856651516
171.43,-2.4719529699892635,0.07041744190046553
171.44,-2.4705303360307918,0.21390442261237497
171.45000000000002,-2.4676748815370155,0.35685070983508704
171.46,-2.46339332183409,0.49899650740745843
171.47,-2.4576949513888664,0.6400864618470741
171.48,-2.4505915925971484,0.7798709948187936
171.49,-2.4420975314924904,0.9181075805244124
171.5,-2.43222944098666,1.054561956410133
171.51,-2.4210062923642877,1.1890092565922408
171.52,-2.408449255854815,1.3212350585483288
171.53,-2.394581591193321,1.4510363348868602
171.54,-2.3794285291570776,1.5782223033650793
171.55,-2.363017145126019,1.7026151697462706
171.56,-2.345376225762152,1.8240507595437596
171.57,-2.3265361299351435,1.9423790361627589
171.58,-2.3065286450388967,2.0574645043951207
171.59,-2.2853868398472414,2.1691864996209005
171.6,-2.263144915046479,2.277439364401242
171.61,-2.2398380525592168,2.38213251538903
171.62,-2.2155022647386984,2.4831904046196542
171.63,-2.1901742444668235,2.5805523802600456
171.64000000000001,-2.1638912171334974,2.674172452779254
171.65,-2.1366907954112384,2.7640189732510363
171.66,-2.1086108376684765,2.850074231104454
171.67000000000002,-2.079689310789149,2.932333979101714
171.68,-2.0499641580864423,3.010806893645766
171.69,-2.019473172916234,3.0855139787085633
171.70000000000002,-1.988253878512271,3.1564879217316246
171.71,-1.9563434144816014,3.223772409792873
171.72,-1.9237784303164136,3.2874214141684233
171.73,-1.890594986198233,3.347498451156873
171.74,-1.8568284612932762,3.4040758266893434
171.75,-1.8225134696644463,3.457233871834025
171.76,-1.7876837838565958,3.5070601758323243
171.77,-1.7523722661477996,3.553648822787645
171.78,-1.7166108074008428,3.5970996375796873
171.79,-1.680430273396206,3.6375174460084714
171.8,-1.6438604584806735,3.675011353593768
171.81,-1.6069300463243308,3.709694046876917
171.82,-1.5696665775431353,3.7416811205017977
171.83,-1.532096423914295,3.771090432797373
171.84,-1.4942447688871878,3.798041492052101
171.85,-1.456135594073253,3.8226548751658465
171.86,-1.417791671383871,3.845051679891735
171.87,-1.3792345604754184,3.8653530114417847
171.88,-1.3404846111550355,3.8836795038283025
171.89000000000001,-1.3015609703988524,3.9001508759491004
171.9,-1.2624815936360534,3.914885522099095
171.91,-1.2232632599568705,3.9280001363036634
171.92000000000002,-1.1839215909099803,3.939609369619368
171.93,-1.144471072564483,3.949825519334146
171.94,-1.1049250805232973,3.9587582488201627
171.95000000000002,-1.06529590758808,3.9665143366462403
171.96,-1.0255947937903727,3.9731974534409917
171.97,-0.9858319585192602,3.9789079649101726
171.98,-0.9460166344921692,3.983742759349913
171.99,-0.906157103332262,3.987795097958944
172.0,-0.8662607325329903,3.991154486235327
172.01,-0.8263340136075554,3.993906564744124
172.02,-0.7863826012381079,3.996133017559627
172.03,-0.746411353256363,3.997911496717086
172.04,-0.7064243713037662,3.9993155610522835
172.05,-0.6664250420353173,4.000414627860918
172.06,-0.6264160787465478,4.001273935871873
172.07,-0.5863995633178798,4.001954518097525
172.08,-0.5463769883845973,4.0025131831988805
172.09,-0.5063492996539021,4.003002504082245
172.1,-0.4663169383029523,4.003470812526416
172.11,-0.42627988340337375,4.003962198723909
172.12,-0.3862376943284741,4.004516514705884
172.13,-0.34618955310925603,4.005169380707556
172.14000000000001,-0.30613430671432296,4.005952193618364
172.15,-0.2660705092368888,4.006892136748741
172.16,-0.2259964639793482,4.008012190232628
172.17000000000002,-0.18591026543223624,4.009331141471737
172.18,-0.14580984114991344,4.010863595113827
172.19,-0.10569299352995969,4.012619982142956
172.20000000000002,-0.0655574415070543,4.014606567744751
172.21,-0.025400862175064653,4.016825457694271
172.22,0.014779067646831123,4.019274603098219
172.23,0.05498462988689972,4.021947803407094
172.24,0.095218023714973,4.0248347076966144
172.25,0.135481324040832,4.027920814301525
172.26,0.17577644000100348,4.031187468968889
172.27,0.21610507342020976,4.034611861782298
172.28,0.25646867723664946,4.038167023193256
172.29,0.2968684138840749,4.041821819581418
172.3,0.33730511362827786,4.045540948851438
172.31,0.3777792328611037,4.049284936660859
172.32,0.418290812361495,4.053010133960834
172.33,0.4588394355403203,4.056668716619208
172.34,0.49942418669387917,4.060208687983531
172.35,0.540043609299991,4.063573885329521
172.36,0.5806956644004696,4.06670399122798
172.37,0.6213776891245506,4.069534550949622
172.38,0.6620863554194621,4.071996997112043
172.39000000000001,0.7028176290667915,4.074018682855378
172.4,0.7435667290765696,4.075522924912021
172.41,0.7843280875650319,4.076429058010155
172.42000000000002,0.8250953102367727,4.076652502119359
172.43,0.8658611376074191,4.076104844107884
172.44,0.9066174071189305,4.074693935433739
172.45000000000002,0.9473550163160939,4.07232400753367
172.46,0.9880638872696038,4.068895806603628
172.47,1.0287329324481664,4.064306749479342
172.48,1.0693500222591907,4.058451102323855
172.49,1.1099019544946436,4.051220183808214
172.5,1.150374425935355,4.042502594429394
172.51,1.1907520063832315,4.03218447354367
172.52,1.2310181154062285,4.020149785601486
172.53,1.2711550020952613,4.006280636949142
172.54,1.3111437281452114,3.9904576244108982
172.55,1.3509641545834794,3.9725602166803626
172.56,1.3905949324788187,3.952467169330313
172.57,1.4300134979700856,3.93005697399391
172.58,1.469196071958697,3.905208341976353
172.59,1.5081176648096128,3.877800722223789
172.6,1.5467520864031727,3.8477148532056593
172.61,1.585071961873726,3.8148333478582463
172.62,1.6230487533603375,3.779041310292395
172.63,1.6606527880795736,3.7402269824895815
172.64000000000001,1.697853293010129,3.698282418700887
172.65,1.7346184364535915,3.6531041847273924
172.66,1.770915376704677,3.604594078703398
172.67000000000002,1.8067103180276594,3.5526598694323015
172.68,1.841968574093323,3.4972160477465697
172.69,1.8766546389825907,3.438184585786908
172.70000000000002,1.910732265809061,3.3754956985313003
172.71,1.9441645529532168,3.3090886013629772
172.72,1.9769140378363208,3.238912256959298
172.73,2.008942798092403,3.164926104323382
172.74,2.040212559922789,3.0871007623799693
172.75,2.070684813340003,3.005418700229464
172.76,2.1003209339273785,2.919874865912353
172.77,2.12908231065825,2.830477265392678
172.78,2.1569304792352324,2.7372474834356217
172.79,2.1838272603269626,2.6402211381410154
172.8,2.2097349019980523,2.5394482611105462
172.81,2.2346162255491735,2.4349935955784554
172.82,2.2584347739096216,2.3269368053281037
172.83,2.281154961655736,2.2153725878516606
172.84,2.302742225666655,2.1004106859861222
172.85,2.3231631753754582,1.9821757931713777
172.86,2.3423857415300824,1.8608073485172412
172.87,2.360379322345803,1.7364592190248993
172.88,2.3771149259105804,1.6092992675693298
172.89000000000001,2.3925653076971893,1.4795088065949158
172.9,2.4067051020424786,1.347281938885683
172.91,2.419510946474903,1.2128247882206953
172.92000000000002,2.4309615978068924,1.0763546241883937
172.93,2.4410380389586708,0.9380988868837253
172.94,2.4497235755445668,0.7982941186205958
172.95000000000002,2.457003921331083,0.6571848111311016
172.96,2.462867271767189,0.5150221779644202
172.97,2.467304364890371,0.37206286291574453
172.98,2.470308529025504,0.2285675962850113
172.99,2.4718757168160717,0.08479981156500033
173.0,2.472004525256804,-0.058975764229227345
173.01,2.470696201531487,-0.20249453296647044
173.02,2.4679546345974743,-0.34549344671754256
173.03,2.463786332597136,-0.48771241417662436
173.04,2.458200386313942,-0.6288956786066632
173.05,2.451208419025003,-0.7687931541690073
173.06,2.442824523230562,-0.907161708136512
173.07,2.4330651848622726,-1.0437663773137291
173.08,2.421949195684287,-1.178381507979084
173.09,2.409497554702691,-1.3107918098003613
173.1,2.39573335948828,-1.4407933154318027
173.11,2.3806816883940547,-1.568194238852031
173.12,2.364369474711239,-1.6928157269189685
173.13,2.3468253738556752,-1.8144925000725403
173.14000000000001,2.3280796247097886,-1.9330733795800803
173.15,2.308163906264074,-2.0484217001658407
173.16,2.287111190706472,-2.1604156082693358
173.17000000000002,2.264955594098687,-2.268948247514067
173.18,2.241732225756191,-2.3739278342178496
173.19,2.2174770374143304,-2.4752776269208696
173.20000000000002,2.1922266732177733,-2.572935794933418
173.21,2.166018321515662,-2.6668551918010537
173.22,2.1388895693817522,-2.757003040343339
173.23,2.110878260708795,-2.8433605365391483
173.24,2.082022358650969,-2.925922380006067
173.25,2.0523598131086738,-3.0046962391556833
173.26,2.021928433867856,-3.0797021593054614
173.27,1.990765769922565,-3.150971922098465
173.28,1.9589089954258867,-3.2185483645336013
173.29,1.926394802631893,-3.2824846657518885
173.3,1.893259302110849,-3.342843609470312
173.31,1.859537930442487,-3.39969682961668
173.32,1.8252653655185156,-3.4531240463095116
173.33,1.790475449516297,-3.503212298859401
173.34,1.7552011195413277,-3.550055181955315
173.35,1.7194743458771906,-3.593752090653268
173.36,1.6833260777282624,-3.634407479217363
173.37,1.6467861962928434,-3.6721301382850617
173.38,1.609883474962561,-3.7070324942495625
173.39000000000001,1.572645546407852,-3.7392299341809623
173.4,1.5350988762789417,-3.768840159052015
173.41,1.4972687432268117,-3.795982567500235
173.42000000000002,1.4591792249289368,-3.8207776718510478
173.43,1.4208531897897905,-3.843346547650862
173.44,1.3823122939759196,-3.863810317517535
173.45000000000002,1.34357698343944,-3.882289669710818
173.46,1.3046665005817033,-3.8989044114584055
173.47,1.2655988952102717,-3.9137730567446822
173.48,1.2263910394468096,-3.9270124479790143
173.49,1.1870586462506914,-3.938737410707731
173.5,1.1476162912326549,-3.94906044031762
173.51,1.108077437444339,-3.958091419497145
173.52,1.068454462842712,-3.965937365072811
173.53,1.028758690142883,-3.9727022027199483
173.54,0.9890004187883131,-3.9784865679574493
173.55,0.9491889587837339,-3.983387631772137
173.56,0.9093326661528703,-3.987498949178166
173.57,0.8694389798001705,-3.9909103289976557
173.58,0.8295144595729173,-3.993707723148287
173.59,0.7895648253372048,-3.9959731337395676
173.6,0.7495949968981259,-3.99778453630975
173.61,0.7096091346110098,-3.999215817577895
173.62,0.669610680546568,-4.000336726138426
173.63,0.6296024000882414,-4.001212834587046
173.64000000000001,0.5895864238548273,-4.001905511635456
173.65,0.5495642898555324,-4.002471902846506
173.66,0.5095369857978972,-4.002964918700128
173.67000000000002,0.46950499148152985,-4.003433228782337
173.68,0.4294683212222504,-4.003921260974039
173.69,0.389426566262049,-4.004469204602404
173.70000000000002,0.3493789371302023,-4.00511301660464
173.71,0.30932430592995624,-4.005884429841442
173.72,0.26926124853337347,-4.0068109627850195
173.73,0.22918808667425586,-4.007915929893895
173.74,0.18910292993549557,-4.009218452073583
173.75,0.14900371763278422,-4.010733466708562
173.76,0.10888826060132437,-4.012471736836713
173.77,0.06875428289604996,-4.0144398591225
173.78,0.028599463418874368,-4.016640270369752
173.79,-0.011578522511345085,-4.019071252399127
173.8,-0.05178196162910817,-4.0217269351991565
173.81,-0.09201306121532822,-4.024597298343552
173.82,-0.1322739075959792,-4.027668170751203
173.83,-0.17256642463035227,-4.030921228949272
173.84,-0.21289233217496464,-4.034333994084071
173.85,-0.2532531045120337,-4.037879828009225
173.86,-0.2936499287351491,-4.041527928865968
173.87,-0.334083663089353,-4.045243326656426
173.88,-0.3745547952682776,-4.048986879397438
173.89000000000001,-0.41506340067730174,-4.052715270529688
173.9,-0.4556091006788714,-4.056381008344697
173.91,-0.49619102084419575,-4.059932428280233
173.92000000000002,-0.536807749244476,-4.0633136990226575
173.93,-0.5774572948246488,-4.0664648334422795
173.94,-0.6181370459133216,-4.0693217054743425
173.95000000000002,-0.6588437289341357,-4.071816074143209
173.96,-0.6995733673961858,-4.073875616009826
173.97,-0.7403212412543322,-4.075423967401749
173.98,-0.7810818467442208,-4.076380777859713
173.99,-0.8218488568115264,-4.076661776303838
174.0,-0.8626150822702975,-4.076178851484445
174.01,-0.9033724338412153,-4.074840148335829
174.02,-0.944111885237014,-4.072550181894141
174.03,-0.9848234374790981,-4.069209970471156
174.04,-1.0254960846464372,-4.064717189791888
174.05,-1.0661177812749358,-4.058966349803764
174.06,-1.1066754116425124,-4.051848995845904
174.07,-1.1471547611918538,-4.043253935826811
174.08,-1.1875404903590483,-4.033067494994831
174.09,-1.2278161110917503,-4.021173799795819
174.1,-1.2679639663549649,-4.0074550921940295
174.11,-1.307965212935631,-3.991792075683105
174.12,-1.3477998078686269,-3.974064294031992
174.13,-1.387446498816271,-3.9541505435937623
174.14000000000001,-1.4268828187405023,-3.931929319752057
174.15,-1.466085085211312,-3.907279297789006
174.16,-1.5050284046962823,-3.880079848129312
174.17000000000002,-1.5436866821738982,-3.8502115855475942
174.18,-1.5820326364072341,-3.8175569515206185
174.19,-1.6200378212043105,-3.7820008284641116
174.20000000000002,-1.6576726529765164,-3.7434311841176284
174.21,-1.694906444886663,-3.701739743833648
174.22,-1.7317074478531893,-3.656822687992942
174.23,-1.768042898646522,-3.608581371212628
174.24,-1.8038790752774418,-3.5569230594425862
174.25,-1.8391813598353737,-3.501761680467815
174.26,-1.873914308886798,-3.4430185827573974
174.27,-1.9080417314905214,-3.380623297035025
174.28,-1.9415267748274985,-3.3145142944021613
174.29,-1.9743320173785648,-3.2446397343346516
174.3,-2.0064195695141915,-3.170958195409242
174.31,-2.0377511812867493,-3.0934393812108705
174.32,-2.0682883571384085,-3.012064793537792
174.33,-2.097992477157505,-2.926828364772543
174.34,-2.1268249244338597,-2.837737041134968
174.35,-2.1547472179802045,-2.7448113084907697
174.36,-2.181721150603675,-2.6480856524658467
174.37,-2.2077089310295213,-2.547608944822092
174.38,-2.2326733295001167,-2.443444748391304
174.39000000000001,-2.256577825997347,-2.335671533345148
174.4,-2.2793867601670192,-2.224382798202665
174.41,-2.3010654819614,-2.1096870897416533
174.42000000000002,-2.321580501961852,-1.9917079168821372
174.43,-2.3408996402990425,-1.8705835546414569
174.44,-2.358992173054681,-1.7464667354101933
174.45000000000002,-2.3758289750072468,-1.6195242260517049
174.46,-2.3913826575757153,-1.4899362906677198
174.47,-2.405627700820601,-1.3578960402773987
174.48,-2.4185405783812635,-1.223608672104143
174.49,-2.4300998742626843,-1.0872906026275213
174.5,-2.440286390433814,-0.949168500009836
174.51,-2.4490832442628814,-0.8094782229198635
174.52,-2.4564759548922117,-0.6684636741218206
174.53,-2.462452517745318,-0.5263755784477806
174.54,-2.4670034664611675,-0.38347019590005904
174.55,-2.4701219216633192,-0.24000798161207867
174.56,-2.4718036260934095,-0.09625220521025726
174.57,-2.472046965767525,0.047532457252664695
174.58,-2.4708529769483563,0.19108134519488415
174.59,-2.468225338863627,0.33413123541792333
174.6,-2.4641703522399974,0.47642175021624844
174.61,-2.458696903859302,0.6176967380788949
174.62,-2.45181641747842,0.7577056138008171
174.63,-2.443542791583286,0.8962046454453103
174.64000000000001,-2.4338923245695137,1.032958176409084
174.65,-2.422883628055104,1.1677397718203208
174.66,-2.410537529133107,1.3003332796257974
174.67000000000002,-2.3968769624625876,1.4305337979714694
174.68,-2.3819268531736775,1.5581485418253553
174.69,-2.3657139916260803,1.6829976032043092
174.70000000000002,-2.3482669011095907,1.8049146008189167
174.71,-2.3296156996097017,1.9237472164151315
174.72,-2.309791956781288,2.039357616540133
174.73,-2.2888285472788987,2.1516227598675264
174.74,-2.2667595015839375,2.260434591559913
174.75,-2.243619855447701,2.3657001274041702
174.76,-2.2194454990358543,2.467341431608589
174.77,-2.1942730268155293,2.5652954931867766
174.78,-2.1681395891721187,2.6595140067596894
174.79,-2.1410827466803353,2.749963064376713
174.8,-2.1131403278845844,2.8366227655848832
174.81,-2.0843502913686374,2.9194867534611637
174.82,-2.054750592815361,2.998561684668012
174.83,-2.024379057675277,3.073866641801887
174.84,-1.993273259979323,3.1454324963848395
174.85,-1.9614704077475802,3.2133012308098663
174.86,-1.9290072353631256,3.2775252274017466
174.87,-1.895919903199545,3.338166532508396
174.88,-1.8622439047129575,3.3952961032058746
174.89000000000001,-1.8280139811354275,3.4489930437959813
174.9,-1.793264043837038,3.4993438388119262
174.91,-1.758027104359189,3.546441588737787
174.92000000000002,-1.7223352120622824,3.5903852541035937
174.93,-1.6862193992771173,3.6312789130517307
174.94,-1.6497096338012478,3.669231036892739
174.95000000000002,-1.6128347785392625,3.7043537875893104
174.96,-1.5756225580494614,3.7367623405351584
174.97,-1.5380995317285593,3.766574235438139
174.98,-1.5002910733406987,3.7939087575809656
174.99,-1.46222135657694,3.8188863512234894
175.0,-1.4239133463162288,3.8416280664321074
175.01,-1.3853887952482977,3.862255040177583
175.02,-1.346668245512677,3.8808880121347458
175.03,-1.3077710350056027,3.8976468752475038
175.04,-1.268715308007727,3.912650260791015
175.05,-1.2295180297897823,3.9260151573695943
175.06,-1.190195004860335,3.9378565630332614
175.07,-1.150760898529117,3.948287169476701
175.08,-1.1112292614708008,3.9574170771000676
175.09,-1.0716125569871155,3.965353539559743
175.1,-1.0319221906796059,3.9722007363166827
175.11,-0.9921685422607819,3.9780595715980285
175.12,-0.9523609992476454,3.9830274981218574
175.13,-0.9125079922983448,3.9871983638928823
175.14000000000001,-0.8726170319697877,3.9906622803561076
175.15,-0.8326947466912226,3.9935055101935717
175.16,-0.7927469217659162,3.9958103730640686
175.17000000000002,-0.7527785392299412,3.9976551676149468
175.18,-0.7127938184136173,3.9991141081366726
175.19,-0.6727962570672078,4.000257274282977
175.20000000000002,-0.6327886729279577,4.001150572340278
175.21,-0.5927732456204022,4.001855706598104
175.22,-0.5527515587959957,4.002430159446111
175.23,-0.51272464243148,4.0029271789015946
175.24,-0.47269301521796375,4.003395772353188
175.25,-0.4326567269844162,4.003880705390667
175.26,-0.3926154011101504,4.004422504676757
175.27,-0.35256827689088105,4.005057463903779
175.28,-0.3125142518320748,4.005817651965481
175.29,-0.2724519238515714,4.006730922561954
175.3,-0.23237963338083573,4.007820924542907
175.31,-0.19229550536071327,4.009107112381495
175.32,-0.15219749113320583,4.010604756257276
175.33,-0.11208341023556774,4.012324951312651
175.34,-0.07195099210695279,4.014274625732308
175.35,-0.031797917720921574,4.016456547379825
175.36,0.008378138840643711,4.018869328809797
175.37,0.04857946885527436,4.021507430557734
175.38,0.08880828745179839,4.024361162693734
175.39000000000001,0.12906669210914906,4.0274166847096895
175.4,0.1693566211459922,4.0306560038937285
175.41,0.20967981218702364,4.034056972429859
175.42000000000002,0.25003776059458943,4.0375932835455375
175.43,0.29043167785793444,4.04123446711519
175.44,0.33086244993689323,4.044945885213674
175.45000000000002,0.37133059556220793,4.048688728200292
175.46,0.41183622450089913,4.052420012001176
175.47,0.45237899580223145,4.0560925773455825
175.48,0.4929580760478108,4.059655091799655
175.49,0.5335720976382246,4.063052055529156
175.5,0.5742191171583939,4.06622381181032
175.51,0.614896573874431,4.069106563394594
175.52,0.6556012484262859,4.071632395918147
175.53,0.696329221792794,4.073729309629783
175.54,0.7370758346188815,4.075321260790346
175.55,0.7778356470086009,4.07632821417189
175.56,0.8186023989023192,4.0766662081543865
175.57,0.8593689711716886,4.076247433980366
175.58,0.9001273475819266,4.074980330781911
175.59,0.9408685777873268,4.072769698038186
175.6,0.9815827415426902,4.069516827153324
175.61,1.022258914330393,4.065119653861952
175.62,1.062885134619929,4.0594729331706985
175.63,1.1034483729938072,4.052468438526538
175.64000000000001,1.14393450339046,4.043995186864302
175.65,1.1843282767310932,4.033939691123727
175.66,1.2246132972129347,4.022186241738655
175.67000000000002,1.2647720015658663,4.0086172184849245
175.68,1.304785641582633,3.993113433926885
175.69,1.344634270244404,3.9755545095231173
175.70000000000002,1.3842967317730954,3.9558192852379164
175.71,1.4237506559491624,3.9337862632547793
175.72,1.462972457038191,3.9093340861003307
175.73,1.5019373376711689,3.882342049160983
175.74,1.5406192980214106,3.8526906472100966
175.75,1.5789911506153709,3.8202621541609307
175.76,1.6170245411046293,3.784941234821551
175.77,1.654689975311802,3.7466155869542797
175.78,1.691956852843715,3.705176611437307
175.79,1.728793507540548,3.660520107793909
175.8,1.7651672549995931,3.6125469918005697
175.81,1.8010444473765597,3.561164031315524
175.82,1.8363905356259038,3.506284595891396
175.83,1.8711701392943876,3.447829415158287
175.84,1.9053471239290694,3.3857273403966452
175.85,1.9388846861023203,3.319916103173245
175.86,1.971745445992534,3.2503430644001945
175.87,2.003891547390324,3.1769659467084312
175.88,2.0352847649267027,3.099753542616413
175.89000000000001,2.065886618242652,3.018686390634703
175.9,2.095658492739396,2.9337574111908937
175.91,2.1245617664664698,2.844972494099324
175.92000000000002,2.1525579426213826,2.7523510292482087
175.93,2.179608787051434,2.655926372243725
175.94,2.2056764700662574,2.5557462369454798
175.95000000000002,2.230723711790344,2.451873007157756
175.96,2.2547139302094124,2.344383960210959
175.97,2.2776113909945623,2.2333713957798715
175.98,2.2993813581250095,2.118942664039063
175.99,2.3199902442753437,2.0012200881469613
176.0,2.3394057598879487,1.880340777071501
176.01,2.357597059816774,1.7564563259109869
176.02,2.3745348864061686,1.6297324021097157
176.03,2.390191707858968,1.5003482173014324
176.04,2.4045418507521976,1.3684958859142973
176.05,2.417561625577254,1.2343796731154741
176.06,2.429229444214507,1.0982151361362393
176.07,2.439525928299979,0.9602281644725512
176.08,2.4484340075039577,0.8206539258731937
176.09,2.4559390068174425,0.6797357263795349
176.1,2.462028722031548,0.537723793939692
176.11,2.466693482696236,0.39487399625883135
176.12,2.4699262019567247,0.2514465045418074
176.13,2.4717224127870723,0.10770441561246014
176.14000000000001,2.472080290268974,-0.03608765446282711
176.15,2.471000659697816,-0.1796649916757822
176.16,2.4684869904354585,-0.32276420649513005
176.17000000000002,2.4645453755679134,-0.4651246435780917
176.18,2.4591844975638963,-0.6064897651445319
176.19,2.4524155802650225,-0.7466084947902907
176.20000000000002,2.4442523276680905,-0.8852365091243324
176.21,2.4347108500825354,-1.022137465410326
176.22,2.4238095783598834,-1.1570841543593697
176.23,2.411569166995348,-1.2898595683354583
176.24,2.3980123869931744,-1.4202578764748
176.25,2.383164009465852,-1.5480852995578882
176.26,2.367050681002017,-1.6731608788815784
176.27,2.3497007918882207,-1.7953171348289247
176.28,2.3311443383054384,-1.9144006122990036
176.29,2.311412779642241,-2.0302723116100085
176.3,2.2905388920732386,-2.1428080049007234
176.31,2.2685566195442264,-2.2518984394043384
176.32,2.2455009232851517,-2.3574494302334075
176.33,2.221407630939558,-2.459381846477371
176.34,2.196313286355604,-2.5576314954596673
176.35,2.1702550010303647,-2.652148910918579
176.36,2.1432703081372324,-2.7428990516565697
176.37,2.1153970199972334,-2.8298609178424114
176.38,2.0866730897803842,-2.9130270926475323
176.39000000000001,2.0571364781442827,-2.9924032172543638
176.4,2.026825025435297,-3.06800740749449
176.41,1.995776329994393,-3.139869620464872
176.42000000000002,1.9640276330259998,-3.2080309794401187
176.43,1.9316157104055907,-3.2725430652581213
176.44,1.8985767717208373,-3.3334671821170407
176.45000000000002,1.8649463667632498,-3.3908736053960213
176.46,1.8307592996129167,-3.4448408187130903
176.47,1.796049550388988,-3.4954547469745245
176.48,1.7608502046734262,-3.5428079916633743
176.49,1.7251933905557204,-3.5869990740732707
176.5,1.6891102231919608,-3.6281316916288526
176.51,1.6526307567231433,-3.666313991857068
176.52,1.6157839433548196,-3.7016578679941237
176.53,1.578597599363261,-3.7342782796398732
176.54,1.5410983777620222,-3.764292601312704
176.55,1.503311747337007,-3.791820001220025
176.56,1.4652619777376217,-3.8169808520478212
176.57,1.4269721302960505,-3.8398961750917033
176.58,1.3884640542357876,-3.8606871186048233
176.59,1.3497583879239539,-3.8794744708272013
176.6,1.3108745648192435,-3.8963782077879827
176.61,1.2718308237681943,-3.9115170756374598
176.62,1.2326442233064943,-3.9250082069693835
176.63,1.1933306596288065,-3.9369667703354985
176.64000000000001,1.1539048878997842,-3.9475056519322083
176.65,1.1143805465901624,-3.956735168252242
176.66,1.0747701845347395,-3.9647628083403386
176.67000000000002,1.0350852904233556,-3.97169300416909
176.68,0.9953363244513577,-3.977626927556948
176.69,0.9555327518722168,-3.9826623119826188
176.70000000000002,0.9156830782117052,-3.9868932976061906
176.71,0.8757948859200929,-3.9904102977849205
176.72,0.8358748722560069,-3.9932998853683412
176.73,0.7959288882127261,-3.9956446970708397
176.74,0.7559619783145901,-3.997523354247988
176.75,0.7159784211277663,-3.999010398443611
176.76,0.6759817703457178,-4.000176240125905
176.77,0.6359748963252482,-4.001087119091165
176.78,0.5959600279638945,-4.00180507508122
176.79,0.5559387948236237,-4.002387927234072
176.8,0.515912269419213,-4.002889261065301
176.81,0.47588100960231766,-4.00335842175928
176.82,0.43584510098402734,-4.003840512633372
176.83,0.3958041993496502,-4.004376397724079
176.84,0.35575757302954575,-4.00500270753107
176.85,0.31570414519902884,-4.005751847042413
176.86,0.27564253608869754,-4.006652005251991
176.87,0.23557110509398907,-4.007727165467388
176.88,0.1954879927793498,-4.0089971157935675
176.89000000000001,0.15539116277811774,-4.010477459264046
176.9,0.11527844359406889,-4.012179623177118
176.91,0.0751475703145754,-4.014110867279872
176.92000000000002,0.034996226248471436,-4.016274290527472
176.93,-0.00517791549597405,-4.018668836229318
176.94,-0.04537715047611492,-4.02128929547771
176.95000000000002,-0.08560370140552825,-4.024126308838337
176.96,-0.12585967665288167,-4.027166366365657
176.97,-0.16614702873284143,-4.0303918060902015
176.98,-0.2064675127746857,-4.033780811209028
176.99,-0.24682264495702197,-4.0373074062952865
177.0,-0.2872136609005914,-4.040941452928091
177.01,-0.3276414740155838,-4.044648645229843
177.02,-0.36810663380518827,-4.0483905058846785
177.03,-0.40860928413327735,-4.052124383298888
177.04,-0.44914912147116604,-4.055803450651875
177.05,-0.4897253531463148,-4.059376707674162
177.06,-0.5303366556246493,-4.062788986076986
177.07,-0.5709811328678545,-4.0659809596456515
177.08,-0.6116562748175622,-4.068889160095588
177.09,-0.6523589160697663,-4.071445999875261
177.1,-0.6930851948150675,-4.073579803183102
177.11,-0.7338305121334283,-4.075214846545379
177.12,-0.7745894917459751,-4.076271410377438
177.13,-0.8153559403409771,-4.076665843020839
177.14000000000001,-0.8561228086063919,-4.0763106388120525
177.15,-0.8968821531172182,-4.075114531793193
177.16,-0.9376250992422557,-4.072982606719918
177.17000000000002,-0.9783418052516165,-4.0698164290542875
177.18,-1.0190214278233416,-4.065514195649013
177.19,-1.059652089164597,-4.059970907832052
177.20000000000002,-1.100220845979983,-4.0530785685845085
177.21,-1.1407136605362873,-4.044726405468053
177.22,-1.1811153740893439,-4.034801120898107
177.23,-1.2214096829542493,-4.023187171273388
177.24,-1.2615791175148117,-4.009767076358678
177.25,-1.301605024481423,-3.9944217601736103
177.26,-1.341467552718284,-3.977030924463582
177.27,-1.3811456429706948,-3.9574734556176936
177.28,-1.420617021830638,-3.9356278656512647
177.29,-1.4598582002837202,-3.9113727675856684
177.3,-1.4988444771823513,-3.8845873852351636
177.31,-1.5375499479884234,-3.85515209704892
177.32,-1.5759475191233296,-3.8229490132569404
177.33,-1.6140089282535621,-3.787862585132318
177.34,-1.651704770825976,-3.749780244711318
177.35,-1.6890045331477883,-3.708593072810173
177.36,-1.7258766322821792,-3.6641964926473065
177.37,-1.7622884630007345,-3.6164909858270584
177.38,-1.7982064519987204,-3.565382826872219
177.39000000000001,-1.833596119538179,-3.5107848319151573
177.4,-1.8684221486370236,-3.452617116579625
177.41,-1.9026484618697714,-3.3908078575171094
177.42000000000002,-1.9362383057873658,-3.325294051513491
177.43,-1.969154342900041,-3.2560222655653437
177.44,-2.001358751098673,-3.1829493708526897
177.45000000000002,-2.0328133303170954,-3.106043253119203
177.46,-2.063479616161057,-3.0252834916247453
177.47,-2.0933190001495903,-2.940661998571708
177.48,-2.1222928561324914,-2.852183610738556
177.49,-2.1503626723643614,-2.759866624993084
177.5,-2.177490188632353,-2.663743269415036
177.51,-2.203637537752662,-2.5638601019421063
177.52,-2.2287673906711953,-2.460278328772386
177.53,-2.25284310432811,-2.3530740352150112
177.54,-2.275828871375496,-2.242338322281697
177.55,-2.2976898707737443,-2.1281773430543316
177.56,-2.3183924182365825,-2.0107122337443117
177.57,-2.3379041154486306,-1.8900789353706426
177.58,-2.3561939969439956,-1.7664279031155434
177.59,-2.3732326735109415,-1.6399237016544272
177.6,-2.388992470977084,-1.5107444860843873
177.61,-2.403447563232629,-1.3790813694714061
177.62,-2.4165740983665116,-1.2451376794783546
177.63,-2.4283503168221956,-1.109128107998147
177.64000000000001,-2.4387566605264746,-0.9712777591721795
177.65,-2.4477758720056393,-0.8318211025953338
177.66,-2.455393082578381,-0.6910008398669756
177.67000000000002,-2.4615958888029787,-0.5490666939145548
177.68,-2.4663744164566723,-0.40627413166582665
177.69,-2.4697213714362953,-0.26288303165252636
177.70000000000002,-2.4716320770897227,-0.1191563089704277
177.71,-2.4721044976157036,0.02464148932069324
177.72,-2.4711392473033085,0.16824560481344808
177.73,-2.4687395855194345,0.3113924905904333
177.74,-2.4649113974915,0.4538212224510637
177.75,-2.4596631610704134,0.5952748848742843
177.76,-2.4530058997940145,0.7355019184537847
177.77,-2.444953122701338,0.8742574161348327
177.78,-2.4355207514713175,1.011304356363462
177.79,-2.4247270355740684,1.1464147622120415
177.8,-2.4125924562270766,1.2793707766491402
177.81,-2.3991396200410855,1.4099656453521288
177.82,-2.3843931433200343,1.538004599791939
177.83,-2.368379528045247,1.6633056347231532
177.84,-2.3511270306255714,1.7857001756607942
177.85,-2.332665524532031,1.905033633389561
177.86,-2.31302635795778,2.0211658440043574
177.87,-2.292242207651944,2.13397139439679
177.88,-2.2703469300698442,2.243339834457023
177.89000000000001,-2.2473754109628037,2.349175778532578
177.9,-2.2233634144991927,2.451398899857044
177.91,-2.198347432965663,2.5499438227170277
177.92000000000002,-2.172364538044852,2.644759918053386
177.93,-2.145452234604595,2.735811008984451
177.94,-2.1176483178651635,2.8230749933898562
177.95000000000002,-2.088990734736798,2.9065433912019913
177.96,-2.0595174500411235,2.98622082441956
177.97,-2.0292663182484065,3.0621244380883827
177.98,-1.9982749612793556,3.134283270595058
177.99,-1.9665806528365053,3.202737581598051
178.0,-1.9342202096473944,3.2675381457885186
178.01,-1.9012298899207347,3.328745520441234
178.02,-1.8676452992385695,3.3864292943967835
178.03,-1.833501304032799,3.440667325722629
178.04,-1.7988319527241168,3.491544974845803
178.05,-1.7636704045358826,3.5391543394466995
178.06,-1.7280488659351827,3.5835934968642116
178.07,-1.6919985345985984,3.624965759199128
178.08,-1.6555495507512001,3.6633789457262025
178.09,-1.6187309556840745,3.6989446766456804
178.1,-1.5815706572182866,3.7317776916312915
178.11,-1.5440954018514488,3.761995196071567
178.12,-1.5063307532968555,3.7897162373615223
178.13,-1.4683010771042184,3.815061113087848
178.14000000000001,-1.4300295310350986,3.838150812467145
178.15,-1.3915380608548755,3.859106491946845
178.16,-1.3528474011961615,3.8780489854647384
178.17000000000002,-1.3139770811455806,3.895098349486911
178.18,-1.2749454342064233,3.9103734426061667
178.19,-1.2357696122934574,3.923991539183674
178.20000000000002,-1.1964656034227499,3.9360679762549995
178.21,-1.1570482527683572,3.946715832696797
178.22,-1.1175312867688139,3.9560456394607
178.23,-1.0779273399791434,3.9641651195245045
178.24,-1.0382479843783237,3.971178956085485
178.25,-0.9985037608574335,3.9771885874243518
178.26,-0.9587042126298366,3.9822920267985626
178.27,-0.9188579203214623,3.9865837056780067
178.28,-0.8789725385162765,3.990154338612044
178.29,-0.8390548335492215,3.993090808012174
178.3,-0.7991107223560331,3.9954760671468454
178.31,-0.7591453122062846,3.9973890596719643
178.32,-0.7191629411625938,3.9989046540604276
178.33,-0.6791672191250759,4.000093591344565
178.34,-0.6391610693357024,4.001022444644951
178.35,-0.5991467702321768,4.001753589026082
178.36,-0.5591259975551807,4.0023451802923935
178.37,-0.5190998666263288,4.0028511414158015
178.38,-0.4790689747268645,4.003321155367232
178.39000000000001,-0.4390334435189841,4.003800663208537
178.4,-0.39899296146269375,4.004330866386886
178.41,-0.3589468261912464,4.004948732260593
178.42000000000002,-0.3188939868174819,4.005687001972773
178.43,-0.2788330861517909,4.006574199876784
178.44,-0.2387625028199462,4.0076346438048445
178.45000000000002,-0.19868039327569403,4.008888455558203
178.46,-0.15858473370878212,4.010351571083729
178.47,-0.11847336185401945,4.0120357498876436
178.48,-0.07834401871102925,4.013948583322407
178.49,-0.03819439018757131,4.0160935014674495
178.5,0.001977851318319734,4.018469778408728
178.51,0.04217500538060326,4.0210725358060255
178.52,0.08239930203444024,4.023892744720637
178.53,0.12265286027501598,4.026917225759875
178.54,0.16293764654963772,4.030128647678691
178.55,0.2032554332285898,4.033505524662947
178.56,0.24360775704289667,4.037022212603513
178.57,0.2839958774806601,4.040648904755593
178.58,0.32442073513800856,4.04435162726354
178.59,0.3648829100259309,4.048092235117918
178.6,0.4053825798403669,4.0518284091987224
178.61,0.4459194782099053,4.055513655146292
178.62,0.4864928529432927,4.05909730488943
178.63,0.5271014243076938,4.062524521748271
178.64000000000001,0.567743343378258,4.065736310117124
178.65,0.6084161505100362,4.068669530819334
178.66,0.6491167339946446,4.071256923311643
178.67000000000002,0.6898412889762691,4.073427135998689
178.68,0.7305852767146184,4.0751047659983435
178.69,0.7713433842962358,4.0762104097745135
178.70000000000002,0.8121094849101086,4.0766607261245635
178.71,0.852876598818727,4.0763685130722855
178.72,0.8936368551715542,4.075242800272881
178.73,0.9343814548241847,4.073188958581942
178.74,0.975100634343193,4.070108828474094
178.75,1.0157836313936663,4.06590086901684
178.76,1.0564186517235297,4.060460329108975
178.77,1.096992837975846,4.053679442678552
178.78,1.137492240577101,4.045447649500363
178.79,1.1779017909658536,4.0356518432348425
178.8,1.2182052774417982,4.024176648206831
178.81,1.2583853239299903,4.010904726331186
178.82,1.298423371968422,3.9957171154506876
178.83,1.338299666239004,3.978493600177636
178.84,1.3779932439719746,3.95911311612219
178.85,1.4174819285614477,3.937454188146043
178.86,1.4567423277348952,3.913395402998244
178.87,1.4957498366214124,3.886815916369991
178.88,1.534478646062295,3.857595994046776
178.89000000000001,1.572901756502348,3.8256175864397703
178.9,1.6109909977910906,3.7907649353449258
178.91,1.6487170552092465,3.7529252113099987
178.92000000000002,1.6860495020172903,3.71198917948948
178.93,1.722956838799036,3.667851891339255
178.94,1.7594065398440752,3.6204133989517624
178.95000000000002,1.7953651067780712,3.569579488264682
178.96,1.830798129609369,3.51526242679904
178.97,1.8656703553140521,3.457381721004616
178.98,1.8999457640294615,3.395864877721174
178.99,1.9335876528684757,3.3306481637139274
179.0,1.9665587273037402,3.2616773567222417
179.01,1.9988212000029206,3.188908480984122
179.02,2.030336896923423,3.1123085197782023
179.03,2.061067370398485,3.0318560971728243
179.04,2.0909740188668793,2.947542120901324
179.05,2.120018212816511,2.859370378106526
179.06,2.1481614264290094,2.76735807562762
179.07,2.175365374329063,2.6715363165499606
179.08,2.2015921527600084,2.571950504912285
179.09,2.226804384427309,2.4686606707739265
179.1,2.250965366175487,2.3617417082920724
179.11,2.274039218593151,2.251283520048664
179.12,2.295991036576461,2.137391061597877
179.13,2.3167870398251083,2.020184281074823
179.14000000000001,2.3363947221979573,1.899797949707393
179.15,2.3547829988192563,1.7763813801957609
179.16,2.371922349801873,1.6500980311543
179.17000000000002,2.3877849594423424,1.521124997131544
179.18,2.4023448497445035,1.3896523851152418
179.19,2.4155780071446475,1.2558825798686555
179.20000000000002,2.427462501341877,1.1200294019058965
179.21,2.4379785951827655,0.9823171633713981
179.22,2.447108844609305,0.8429796285135661
179.23,2.4548381877530367,0.7022588868068579
179.24,2.461154022345442,0.5604041480519604
179.25,2.466046270714076,0.41767046994346746
179.26,2.469507431744311,0.2743174296134796
179.27,2.471532619306345,0.13060775151549642
179.28,2.4721195867746206,-0.013194095313220106
179.29,2.4712687374000804,-0.15682331709617692
179.3,2.468983120432697,-0.3000162184861311
179.31,2.465268413030358,-0.44251161522056504
179.32,2.460132888128286,-0.5840522225887486
179.33,2.453587368578583,-0.7243860064083878
179.34,2.445645168000118,-0.8632674837866554
179.35,2.43632201890285,-1.000458961707559
179.36,2.425635988765967,-1.1357317024279407
179.37,2.413607384854291,-1.2688670057571385
179.38,2.400258648650824,-1.3996571995167317
179.39000000000001,2.3856142408639562,-1.52790653080076
179.4,2.3697005180348087,-1.6534319520557959
179.41,2.35254560182284,-1.7760637974459594
179.42000000000002,2.3341792420858893,-1.895646346432072
179.43,2.3146326748941983,-2.012038272949101
179.44,2.293938476626907,-2.125112979985783
179.45000000000002,2.2721304152944826,-2.2347588207306837
179.46,2.249243300212293,-2.3408792087284507
179.47,2.2253128311199135,-2.4433926206700085
179.48,2.2003754477988933,-2.5422324965055494
179.49,2.174468181189803,-2.6373470425073586
179.5,2.147628506948746,-2.7286989437122786
179.51,2.1198942023155576,-2.8162649928357935
179.52,2.0913032070920305,-2.90003564326949
179.53,2.061893489450168,-2.980014494152182
179.54,2.031702917208987,-3.056217715746349
179.55,2.000769135135241,-3.1286734234620814
179.56,1.9691294487397453,-3.197421008858994
179.57,1.9368207149580607,-3.2625104358327617
179.58,1.90387924002309,-3.3240015099684843
179.59,1.8703406847586912,-3.381963128730346
179.6,1.8362399774484832,-3.436472519768953
179.61,1.8016112343633122,-3.4876144741772555
179.62,1.766487687964938,-3.535480581026078
179.63,1.7309016227427905,-3.5801684689734925
179.64000000000001,1.694884318585468,-3.6217810601804223
179.65,1.6584660015391819,-3.66042584118903
179.66,1.6216758017616875,-3.6962141548407437
179.67000000000002,1.5845417184423671,-3.729260516736213
179.68,1.5470905914269633,-3.759681959177982
179.69,1.5093480792588077,-3.7875974049950454
179.70000000000002,1.4713386433270625,-3.8131270731322844
179.71,1.433085537796162,-3.8363919174016217
179.72,1.39461080497903,-3.8575130993390867
179.73,1.3559352758093803,-3.876611495695277
179.74,1.3170785750651246,-3.893807240707571
179.75,1.278059130995229,-3.9092193029616578
179.76,1.2388941890058913,-3.9229650963475553
179.77,1.1995998290682777,-3.9351601243507575
179.78,1.1601909865188762,-3.9459176566913685
179.79,1.1206814759344503,-3.9553484371316388
179.8,1.0810840177762435,-3.9635604211132778
179.81,1.041410267512185,-3.9706585417582625
179.82,1.0016708469410784,-3.9767445026683257
179.83,0.9618753774588186,-3.9819165958864784
179.84,0.9220325150233488,-3.9862695433363853
179.85,0.8821499865920909,-3.989894360029769
179.86,0.8422346278227535,-3.9928782373258325
179.87,0.8022924218455741,-3.995304444537659
179.88,0.7623285389320003,-3.9972522472065157
179.89000000000001,0.7223473769014438,-3.9987968404037932
179.9,0.6823526021239243,-4.000009295470076
179.91,0.6423471909920423,-4.00095651865979
179.92000000000002,0.6023334717507285,-4.0017012202263285
179.93,0.5623131665875156,-4.002301892555135
179.94,0.5222874338996257,-4.002812796029603
179.95000000000002,0.48225691066692356,-4.00328395139567
179.96,0.44222175487171234,-4.00376113747474
179.97,0.4021816879174288,-4.004285893160148
179.98,0.36213603700850944,-4.004895522719207
179.99,0.32208377746304473,-4.005623103510218
180.0,0.2820235749383051,-4.006497495311463
180.01,0.24195382755681547,-4.007543350546595
180.02,0.2018727079273732,-4.00878112477792
180.03,0.16177820506125704,-4.010227086925544
180.04,0.1216681661888623,-4.011893328756317
180.05,0.08154033848613068,-4.013787773271805
180.06,0.0413924107234262,-4.015914181709242
180.07,0.0012220548519458387,-4.018272158953783
180.08,-0.03897303245564946,-4.02085715724425
180.09,-0.07919508829293917,-4.023660478138392
180.1,-0.11944624201841729,-4.026669272787386
180.11,-0.15972847374868687,-4.0298665406532175
180.12,-0.20004357283148164,-4.033231126886719
180.13,-0.24039309628642125,-4.036737718668705
180.14000000000001,-0.28077832720485574,-4.040356840901793
180.15,-0.3212002331044571,-4.044054851726305
180.16,-0.3616594242393818,-4.0477939384200985
180.17000000000002,-0.40215611187285905,-4.051532114329279
180.18,-0.4426900665259674,-4.055223217564329
180.19,-0.48326057622414564,-4.058816912284161
180.20000000000002,-0.5238664047716506,-4.062258693478646
180.21,-0.5645057500937185,-4.065489896247843
180.22,-0.6051762026966074,-4.068447710663159
180.23,-0.6458747043069817,-4.071065203381147
180.24,-0.6865975067642304,-4.073271347264073
180.25,-0.7273401312522632,-4.074991060341712
180.26,-0.7680973279710647,-4.076145255525145
180.27,-0.8088630363627661,-4.076650902554305
180.28,-0.8496303460221507,-4.076421103725411
180.29,-0.8903914584372743,-4.075365185000686
180.3,-0.9311376497221645,-4.073388804149105
180.31,-0.9718592345202565,-4.070394077601663
180.32,-1.0125455312741978,-4.066279727725646
180.33,-1.0531848290747694,-4.060941252227636
180.34,-1.0937643563187507,-4.054271117382079
180.35,-1.1342702514224112,-4.046158976748991
180.36,-1.1746875358537305,-4.036491916988238
180.37,-1.2150000897621758,-4.025154732296442
180.38,-1.2551906304996592,-4.0120302288834875
180.39000000000001,-1.2952406943398453,-3.9969995607664734
180.4,-1.3351306217149885,-3.979942597987626
180.41,-1.374839546299598,-3.9607383281570994
180.42000000000002,-1.4143453882781307,-3.9392652919800937
180.43,-1.4536248521392001,-3.915402053148919
180.44,-1.4926534293411091,-3.8890277026637285
180.45000000000002,-1.5314054061924744,-3.860022397290253
180.46,-1.5698538772869142,-3.8282679314693584
180.47,-1.6079707648218617,-3.793648341562742
180.48,-1.6457268441181692,-3.7560505408534692
180.49,-1.6830917756389312,-3.7153649832222535
180.5,-1.720034143782614,-3.6714863528942763
180.51,-1.7565215026968166,-3.6243142771018997
180.52,-1.7925204293246522,-3.573754057941955
180.53,-1.8279965838556558,-3.519717419129611
180.54,-1.8629147777072443,-3.4621232627725504
180.55,-1.8972390491111069,-3.4008984307187524
180.56,-1.9309327463216195,-3.335978464479131
180.57,-1.9639586184006894,-3.2673083572039903
180.58,-1.9962789134656993,-3.19484329071191
180.59,-2.0278554842149275,-3.1185493501439514
180.6,-2.058649900468578,-3.038404208457981
180.61,-2.088623568384087,-2.954397772700489
180.62,-2.117737855922588,-2.866532783809169
180.63,-2.1459542240602705,-2.7748253616208425
180.64000000000001,-2.1732343631550046,-2.679305486796971
180.65,-2.19954033379621,-2.580017411542569
180.66,-2.2248347113858564,-2.4770199912915034
180.67000000000002,-2.24908073362204,-2.370386929967412
180.68,-2.2722424499852045,-2.2602069320076703
180.69,-2.294284872262194,-2.146583755057965
180.70000000000002,-2.315174125086364,-2.0296361581039335
180.71,-2.3348775954242726,-1.9094977407974458
180.72,-2.353364079902313,-1.7863166708485085
180.73,-2.3706039288412426,-1.6602552975760085
180.74,-2.386569185853833,-1.531489651024878
180.75,-2.40123372186174,-1.4002088274438598
180.76,-2.4145733624027104,-1.2666142633542516
180.77,-2.4265660071288253,-1.130918901900831
180.78,-2.437191740440727,-0.9933462566348149
180.79,-2.4464329322615215,-0.854129379307281
180.8,-2.454274328026872,-0.7135097396215497
180.81,-2.460703127053952,-0.5717360261765331
180.82,-2.4657090485504027,-0.42906287900293216
180.83,-2.469284384634011,-0.28574956512526317
180.84,-2.4714240398529084,-0.14205860945237056
180.85,-2.4721255568230585,0.0017456060120007166
180.86,-2.4713891277326683,0.14539826115436358
180.87,-2.469217591599971,0.2886355211629923
180.88,-2.465616417309408,0.4311959505252099
180.89000000000001,-2.4605936725894666,0.572821903914341
180.9,-2.4541599792311217,0.7132608806269951
180.91,-2.446328454976927,0.852266829792377
180.92000000000002,-2.437114642635274,0.9896013943278881
180.93,-2.4265364270903693,1.125035082542546
180.94,-2.414613940984423,1.2583483573712004
180.95000000000002,-2.401369459942945,1.3893326344345873
180.96,-2.386827288295731,1.5177911814370517
180.97,-2.3710136363142036,1.64353991280784
180.98,-2.353956490039574,1.766408074934875
180.99,-2.335685474815506,1.886238818803591
181.0,-2.316231713663502,2.00288965831009
181.01,-2.2956276816493038,2.116232813941312
181.02,-2.273907057384675,2.2261554428808505
181.03,-2.2511045727916863,2.3325597578856962
181.04,-2.227255862226961,2.4353630384677234
181.05,-2.2023973120223315,2.5344975389884685
181.06,-2.176565911447191,2.6299102992244006
181.07,-2.149799106037843,2.7215628637736686
181.08,-2.1221346541717176,2.809430917348796
181.09,-2.093610487690867,2.8935038435308784
181.1,-2.0642645773011,2.9737842149505496
181.11,-2.034134803391856,3.050287223113022
181.12,-2.0032588328388394,3.1230400562051974
181.13,-1.971674002267752,3.192081233220502
181.14000000000001,-1.9394172081744292,3.257459902621801
181.15,-1.9065248042153158,3.319235113545867
181.16,-1.8730325059035118,3.3774750672467193
181.17000000000002,-1.8389753028703812,3.4322563560925783
181.18,-1.80438737878166,3.483663196985175
181.19,-1.7693020389306777,3.5317866655737826
181.20000000000002,-1.7337516454701842,3.5767239371020163
181.21,-1.6977675601886373,3.618577539165164
181.22,-1.6613800946868809,3.6574546210807513
181.23,-1.6246184677670221,3.693466243995272
181.24,-1.5875107698069755,3.7267266952747367
181.25,-1.5500839338615273,3.7573528301639096
181.26,-1.5123637132036971,3.7854634431556606
181.27,-1.474374664998414,3.811178670993483
181.28,-1.4361401397838274,3.8346194287415427
181.29,-1.397682276423583,3.85590687990121
181.3,-1.359022002185803,3.875161941133375
181.31,-1.3201790376009155,3.8925048217636964
181.32,-1.281171905750529,3.9080545979040786
181.33,-1.2420179456428337,3.921928820718234
181.34,-1.2027333293361644,3.9342431580916557
181.35,-1.1633330824810009,3.945111068735704
181.36,-1.1238311079614505,3.954643507560284
181.37,-1.0842402123297954,3.962948660987967
181.38,-1.0445721347416912,3.97013171075236
181.39000000000001,-1.004837578114748,3.976294624622736
181.4,-0.9650462422492364,3.981535972423066
181.41,-0.9252068586662867,3.9859507656642417
181.42000000000002,-0.8853272269359516,3.9896303190809537
181.43,-0.8454142522846677,3.9926621323570397
181.44,-0.8054739842888108,3.9951297903328284
181.45000000000002,-0.7655116564780111,3.997112880012831
181.46,-0.7255317266885541,3.9986869227299873
181.47,-0.6855379180234114,3.9999233198716597
181.48,-0.645533260291121,4.000889310630815
181.49,-0.6055201318107951,4.001647940311768
181.5,-0.5655003014848856,4.002258037791991
181.51,-0.5254749710549552,4.002774200818544
181.52,-0.48544481746851476,4.003246787898431
181.53,-0.44541003529698664,4.003721915625778
181.54,-0.4053703791559992,4.0042414603741845
181.55,-0.3653252060895029,4.004843063369318
181.56,-0.3252735178886128,4.005560138244202
181.57,-0.2852140033246189,4.0064218802672125
181.58,-0.24514508028326856,4.007453276520268
181.59,-0.2050649377942135,4.008675116391773
181.6,-0.1649715779554331,4.010104001835439
181.61,-0.12486285775750475,4.0117523569320905
181.62,-0.0847365308167913,4.013628436376896
181.63,-0.044590289029966826,4.015736332599282
181.64000000000001,-0.004421804164805666,4.018075981307116
181.65,0.0357712305961755,4.020643165330698
181.66,0.07599105914180831,4.0234295167258995
181.67000000000002,0.1162398209306935,4.026422517179522
181.68,0.15651950948539875,4.0296054968437955
181.69,0.19683193086756942,4.032957631811117
181.70000000000002,0.2371786621216211,4.036453940524679
181.71,0.277561009678063,4.040065279505785
181.72,0.3179799677117368,4.043758338864385
181.73,0.3584361764553507,4.047495638145783
181.74,0.39892988047465244,4.051235523153493
181.75,0.43946088691842056,4.054932164475805
181.76,0.48002852376416855,4.058535558531552
181.77,0.5206315980890517,4.061991532038606
181.78,0.5612683544049408,4.0652417508964085
181.79,0.60193643310698,4.06822373456083
181.8,0.6426328290961575,4.070870877075367
181.81,0.6833538506484874,4.073112476006243
181.82,0.7240950786162824,4.0748737706096145
181.83,0.7648513260606796,4.076075990635756
181.84,0.8056165984289975,4.076636417246539
181.85,0.8463840544056104,4.076468457587506
181.86,0.8871459675807475,4.075481734612775
181.87,0.9278936890978657,4.073582193808247
181.88,0.9686176114569124,4.070672228494303
181.89000000000001,1.0093071336677517,4.066650825411368
181.9,1.0499506279651398,4.061413732298268
181.91,1.0905354083137173,4.054853649161966
181.92000000000002,1.131047700948379,4.046860444905695
181.93,1.171472617211831,4.03732140092831
181.94,1.2117941289669454,4.026121483228338
181.95000000000002,1.251995046876398,4.013143644439499
181.96,1.2920570018557354,3.998269157087738
181.97,1.3319604300181527,3.9813779791911865
181.98,1.371684561439559,3.9623491531216284
181.99,1.4112074130805852,3.941061238407489
182.0,1.4505057862077089,3.91739277888257
182.01,1.4895552686582367,3.8912228042708943
182.02,1.5283302422931269,3.862431365945699
182.03,1.5668038959771509,3.8309001062101147
182.04,1.6049482444173293,3.7965128600194413
182.05,1.64273415317754,3.759156287602032
182.06,1.68013137016937,3.718720535940412
182.07,1.7171085638963481,3.675099926550264
182.08,1.7536333687003753,3.6281936664471024
182.09,1.7896724372252903,3.577906578624907
182.1,1.8251915002728738,3.52414984779483
182.11,1.8601554341811872,3.46684177655359
182.12,1.8945283358039458,3.4059085465797523
182.13,1.9282736051127825,3.341284978902167
182.14000000000001,1.9613540353819892,3.2729152867597477
182.15,1.9937319108479774,3.2007538140876237
182.16,2.025369111663742,3.1247657522341465
182.17000000000002,2.0562272258926604,3.0449278271492908
182.18,2.0862676682067276,2.961228949000644
182.19,2.115451804872673,2.87367081598122
182.20000000000002,2.1437410845263516,2.7822684639858117
182.21,2.171097174152389,2.6870507538606234
182.22,2.197482099603564,2.588060788084172
182.23,2.222858389914072,2.4853562490237326
182.24,2.247189224584038,2.37900965133664
182.25,2.270438582940805,2.2691085016526147
182.26,2.2925713946170907,2.155755359382173
182.27,2.313553690128449,2.0390677933442367
182.28,2.3333527504839755,1.9191782298869542
182.29,2.3519372547261876,1.796233689279864
182.3,2.369277424269573,1.6703954083696724
182.31,2.3853451628935813,1.5418383487996308
182.32,2.400114191245566,1.410750591474142
182.33,2.4135601747230644,1.2773326193833614
182.34,2.4256608436332328,1.1417964923623805
182.35,2.4363961045703117,1.0043649188194235
182.36,2.4457481420096214,0.8652702308994857
182.37,2.453701509188302,0.7247532709256264
182.38,2.4602432074281344,0.5830621982515185
182.39000000000001,2.4653627531533324,0.44045122683875476
182.4,2.469052231964909,0.29717930491541245
182.41,2.47130633925164,0.1535087489556718
182.42000000000002,2.472122406944022,0.009703844924214527
182.43,2.4715004161501244,-0.13397056976212843
182.44,2.4694429955487798,-0.2772505298010247
182.45000000000002,2.4659554055541038,-0.41987435725677624
182.46,2.4610455084036444,-0.5615840547824615
182.47,2.4547237244584545,-0.7021266634367255
182.48,2.4470029751349096,-0.841255572265017
182.49,2.4378986130131546,-0.9787317675529607
182.5,2.4274283397838508,-1.1143250105736087
182.51,2.415612112801682,-1.2478149337203202
182.52,2.4024720411094442,-1.378992046119595
182.53,2.3880322718792906,-1.5076586411276351
182.54,2.3723188682868916,-1.6336295995033494
182.55,2.3553596798892236,-1.7567330834906771
182.56,2.3371842066170783,-1.8768111185061511
182.57,2.3178234575191006,-1.9937200605858438
182.58,2.2973098054053613,-2.1073309491728445
182.59,2.2756768385356434,-2.217529746197749
182.6,2.2529592104814062,-2.324217463698364
182.61,2.2291924892616763,-2.427310183421782
182.62,2.2044130068129704,-2.52673897293625
182.63,2.178657709802951,-2.622449703739366
182.64000000000001,2.151964012738183,-2.7144027776738575
182.65,2.124369654249474,-2.80257276864699
182.66,2.0959125573652435,-2.8869479871920958
182.67000000000002,2.066630694505632,-2.9675299758115545
182.68,2.0365619578490124,-3.044332943303373
182.69,2.0057440356395646,-3.117383146404383
182.70000000000002,1.9742142949209247,-3.186718227090181
182.71,1.942009671097761,-3.252386513765214
182.72,1.9091665646456204,-3.314446294367211
182.73,1.8757207452104168,-3.372965069110622
182.74,1.841707263263408,-3.428018790216763
182.75,1.8071603694060816,-3.479691095536951
182.76,1.7721134413526691,-3.528072542482072
182.77,1.7365989185564403,-3.5732598481402733
182.78,1.7006482443898636,-3.615355140905857
182.79,1.6642918157383233,-3.654465228368161
182.8,1.6275589398225005,-3.690700885629479
182.81,1.5904777980257336,-3.7241761676451235
182.82,1.553075416469598,-3.7550077486146956
182.83,1.5153776430534396,-3.783314290908413
182.84,1.4774091306514296,-3.8092158454917846
182.85,1.4391933261436038,-3.8328332853207447
182.86,1.4007524649450147,-3.85428777272118
182.87,1.3621075706891803,-3.8737002613441986
182.88,1.3232784597181309,-3.891191032903339
182.89000000000001,1.2842837500311137,-3.906879268552985
182.9,1.2451408743470713,-3.9208826544587527
182.91,1.2058660969419388,-3.933317020840125
182.92000000000002,1.166474533930269,-3.9442960135320817
182.93,1.1269801766712972,-3.9539307969144786
182.94,1.0873959179919792,-3.962329786893729
182.95000000000002,1.0477335809334225,-3.9695984124888404
182.96,1.0080039497422022,-3.9758389044708187
182.97,0.9682168028440059,-3.981150109428543
182.98,0.9283809475536313,-3.9856273275829923
182.99,0.8885042562923461,-3.989362172642699
183.0,0.8485937041007774,-3.9924424519841994
183.01,0.8086554072526622,-3.994952065449649
183.02,0.7686946627917844,-3.9969709210774673
183.03,0.7287159888311128,-3.9985748661187825
183.04,0.6887231654694087,-3.9998356317405928
183.05,0.6487192761963009,-4.000820789874157
183.06,0.6087067496719255,-4.001593720732482
183.07,0.5686874017816511,-4.002213589592482
183.08,0.5286624778800758,-4.002735331514062
183.09,0.48863269515136987,-4.003209642748908
183.1,0.44859828502509763,-4.003682977675121
183.11,0.40855903559786744,-4.004197550179199
183.12,0.3685143340215136,-4.0047913384935026
183.13,0.32846320882799734,-4.0054980925846735
183.14000000000001,0.2884043721698201,-4.0063473432760635
183.15,0.24833626196247607,-4.007364412374682
183.16,0.2082570839223265,-4.008570423160329
183.17000000000002,0.1681648534992695,-4.009982310681159
183.18,0.12805743770870331,-4.011612831385941
183.19,0.08793259687155068,-4.013470571708707
183.20000000000002,0.04778802627452918,-4.0155599553062995
183.21,0.007621397765424681,-4.017881248733698
183.22,-0.032569598700144774,-4.020430565425991
183.23,-0.07278721354309513,-4.023199867939679
183.24,-0.11303359605893835,-4.0261769684896835
183.25,-0.1533107529128888,-4.029345527902313
183.26,-0.19362050661698463,-4.032685053188567
183.27,-0.23396445397666016,-4.036170894026677
183.28,-0.27434392449751815,-4.039774238527871
183.29,-0.3147599387472176,-4.043462108745055
183.3,-0.35521316667241926,-4.047197356470449
183.31,-0.3957038858766266,-4.0509386599552055
183.32,-0.4362319398715234,-4.054640522271578
183.33,-0.4767966963220582,-4.058253272126132
183.34,-0.5173970053140461,-4.061723068020507
183.35,-0.5580311576824684,-4.0649919067440665
183.36,-0.5986968434489274,-4.067997637269858
183.37,-0.6393911104278655,-4.070673981211113
183.38,-0.6801103230731497,-4.072950561079302
183.39000000000001,-0.7208501216494515,-4.074752937665674
183.4,-0.7616053818264631,-4.076002657945187
183.41,-0.8023701748083553,-4.0766173149737
183.42000000000002,-0.8431377281259371,-4.076510621314826
183.43,-0.8839003872346517,-4.075592497590463
183.44,-0.9246495780777463,-4.073769177797131
183.45000000000002,-0.9653757707905942,-4.0709433330669125
183.46,-1.0060684447390844,-4.067014215575151
183.47,-1.0467160551020973,-4.06187782430495
183.48,-1.0873060012251836,-4.055427094368654
183.49,-1.1278245969894705,-4.047552111556666
183.5,-1.168257043456317,-4.03814035373158
183.51,-1.2085874040641023,-4.027076960608472
183.52,-1.2487985826684864,-4.014245033357605
183.53,-1.2888723047312542,-3.999525965331691
183.54,-1.3287891019751201,-3.982799805053729
183.55,-1.3685283008323288,-3.9639456524014793
183.56,-1.4080680150231497,-3.942842088688902
183.57,-1.4473851426061066,-3.9193676410721565
183.58,-1.4864553678445926,-3.8934012813969177
183.59,-1.5252531682340449,-3.8648229592545085
183.6,-1.5637518270296826,-3.8335141686268708
183.61,-1.6019234516065821,-3.799358547075657
183.62,-1.6397389979711956,-3.762242505970541
183.63,-1.6771683017259928,-3.722055889758949
183.64000000000001,-1.7141801157663747,-3.678692661757493
183.65,-1.7507421549611428,-3.632051613399302
183.66,-1.7868211480343608,-3.5820370933070413
183.67000000000002,-1.8223828968272837,-3.528559751985823
183.68,-1.8573923430740773,-3.4715372973515537
183.69,-1.8918136427743146,-3.4108952557379295
183.70000000000002,-1.9256102481888357,-3.346567732469555
183.71,-1.9587449974237057,-3.2784981655608516
183.72,-1.9911802115000528,-3.20664006561254
183.73,-2.0228777987359563,-3.1309577345422066
183.74,-2.0537993661908964,-3.051426955415716
183.75,-2.0839063378442706,-2.9680356453550982
183.76,-2.1131600790979985,-2.8807844632987507
183.77,-2.1415220271102458,-2.789687364293549
183.78,-2.16895382638387,-2.6947720920169016
183.79,-2.195417468950584,-2.5960806013697484
183.8,-2.220875438411265,-2.493669403256955
183.81,-2.245290857015723,-2.387609824085401
183.82,-2.268627634892973,-2.277988173065557
183.83,-2.290850620477034,-2.1649058111000112
183.84,-2.311925751114973,-2.048479115879549
183.85,-2.331820202794625,-1.9288393387780267
183.86,-2.3505025378905335,-1.806132350232012
183.87,-2.367942849799265,-1.6805182714971179
183.88,-2.3841129033204758,-1.5521709919738882
183.89000000000001,-2.3989862696387427,-1.4212775726726405
183.9,-2.4125384547739284,-1.2880375378165918
183.91,-2.4247470203950745,-1.1526620580412412
183.92000000000002,-2.435591695934753,-1.0153730301088366
183.93,-2.445054480997251,-0.8764020594920097
183.94,-2.4531197371245934,-0.735989353561952
183.95000000000002,-2.4597742680684904,-0.5943825344156435
183.96,-2.465007387812906,-0.4518353815663655
183.97,-2.4688109756998173,-0.3086065157765153
183.98,-2.4711795181284364,-0.16495803620851332
183.99,-2.4721101364239875,-0.021154123788445806
184.0,-2.471602600604205,0.12254037579814936
184.01,-2.4696593289080244,0.2658613757401779
184.02,-2.4662853730894017,0.40854696452088485
184.03,-2.461488389617607,0.5503388013902633
184.04,-2.4552785970615965,0.6909834774798858
184.05,-2.4476687200680094,0.8302338296792959
184.06,-2.438673920468011,0.9678501951161808
184.07,-2.428311716165686,1.1036015949832878
184.08,-2.416601888568345,1.2372668375134375
184.09,-2.4035663794154174,1.3686355310969218
184.1,-2.3892291779464068,1.497508999837516
184.11,-2.373616199418667,1.6237010952269553
184.12,-2.3567551560418676,1.7470388990548553
184.13,-2.33867542143757,1.8673633141333144
184.14000000000001,-2.3194078897592014,1.9845295408750265
184.15,-2.298984830620069,2.0984074391941387
184.16,-2.277439740975318,2.2088817765757165
184.17000000000002,-2.2548071950885546,2.3158523644603055
184.18,-2.2311226936861117,2.419234086295357
184.19,-2.206422513362647,2.5189568216990654
184.20000000000002,-2.1807435572521303,2.61496527215158
184.21,-2.1541232079196155,2.7072186944642507
184.22,-2.1265991833628455,2.7956905489736332
184.23,-2.098209396940143,2.880368069960769
184.24,-2.06899182196363,2.961251766208259
184.25,-2.0389843616159777,3.0383548598812933
184.26,-2.008224724766004,3.1117026720598835
184.27,-1.9767503081747797,3.1813319632661674
184.28,-1.9445980855006804,3.2472902372326065
184.29,-1.9118045034301276,3.3096350159553993
184.3,-1.8784053851815725,3.3684330937846503
184.31,-1.8444358415544346,3.423759777931526
184.32,-1.809930189622942,3.475698122335909
184.33,-1.7749218791077166,3.524338161348813
184.34,-1.739443426395966,3.5697761491547317
184.35,-1.703526356124622,3.6121138103022097
184.36,-1.6672011501899218,3.651457606137478
184.37,-1.6304972040018726,3.6879180213563396
184.38,-1.5934427897627952,3.7216088743129463
184.39000000000001,-1.5560650265156137,3.752646654158843
184.4,-1.5183898566796183,3.7811498873386986
184.41,-1.4804420287688398,3.8072385354464586
184.42000000000002,-1.442245085970689,3.8310334259519827
184.43,-1.4038213602498,3.8526557168472833
184.44,-1.3651919716337435,3.872226395836044
184.45000000000002,-1.3263768323330793,3.889865814301881
184.46,-1.2873946553477058,3.9056932559408146
184.47,-1.2482629672142629,3.9198265396319045
184.48,-1.2089981245550678,3.9323816558464855
184.49,-1.1696153340973334,3.943472435660016
184.5,-1.1301286758418676,3.953210251229805
184.51,-1.0905511290727372,3.9617037464350555
184.52,-1.0508946009131663,3.9690585962407168
184.53,-1.0111699571479227,3.975377293241334
184.54,-0.9713870550483396,3.980758959763115
184.55,-0.9315547779526604,3.9852991838493206
184.56,-0.8916810713713531,3.9890898774234014
184.57,-0.8517729804041924,3.9922191549137165
184.58,-0.8118366882730789,3.9947712306307324
184.59,-0.7718775557915778,3.996826333210168
184.6,-0.7319001616088755,3.9984606354714893
184.61,-0.691908343082148,3.9997461980884683
184.62,-0.6519052376471061,4.000750925525409
184.63,-0.6118933245716397,4.001538532757475
184.64000000000001,-0.5718744669919565,4.002168521364773
184.65,-0.5318499541443443,4.002696163666188
184.66,-0.4918205437186329,4.003172493639214
184.67000000000002,-0.4517865042715601,4.003644303455211
184.68,-0.4117476576495287,4.004154144544726
184.69,-0.3717034213806656,4.0047403321940935
184.70000000000002,-0.3316528510056468,4.005436952761808
184.71,-0.29159468232542934,4.006273872690747
184.72,-0.2515273735518318,4.00727674857982
184.73,-0.21144914735383294,4.00846703766576
184.74,-0.17135803279851658,4.009862008152442
184.75,-0.13125190719078406,4.011474748911178
184.76,-0.091128537820293,4.013314178160872
184.77,-0.050985623627566604,4.015385050821841
184.78,-0.010820836803856182,4.017687964321448
184.79,0.029368135658862354,4.020219362713769
184.8,0.0695835504504192,4.022971539059275
184.81,0.10982756644004785,4.025932636094255
184.82,0.1501022031723043,4.029086645303557
184.83,0.19040929934611897,4.0324134045942825
184.84,0.23075047126418993,4.035888594852608
184.85,0.2711270712431711,4.039483735750918
184.86,0.31154014597920826,4.043166181258093
184.87,0.351990394868333,4.046899115392089
184.88,0.3924781282870501,4.050641548840882
184.89000000000001,0.43300322584515066,4.0543483171653785
184.9,0.4735650946303577,4.057970081385744
184.91,0.5141626274728656,4.061453331840675
184.92000000000002,0.5547941612671713,4.064740396296971
184.93,0.5954574353988051,4.067769453373923
184.94,0.6361495503346498,4.070474552432995
184.95000000000002,0.6768669264474652,4.072785641167227
184.96,0.7176052631579946,4.0746286022059595
184.97,0.7583594984915843,4.075925300127854
184.98,0.7991237691605516,4.076593640347547
184.99,0.8398913712985354,4.076547641407388
185.0,0.8806547219886994,4.075697522264024
185.01,0.9214053217438158,4.07394980620851
185.02,0.9621337181128696,4.071207443096301
185.03,1.002829470605742,4.0673699515879385
185.04,1.0434811171446283,4.062333583110479
185.05,1.0840761422679515,4.055991509241334
185.06,1.1246009473294551,4.048234034188025
185.07,1.165040822951712,4.038948833986911
185.08,1.2053799240091934,4.028021223968815
185.09,1.2456012474310882,4.015334455937209
185.1,1.2856866131279374,4.000770046372912
185.11,1.3256166483585465,3.984208136815774
185.12,1.365370775864253,3.965527887376605
185.13,1.4049272061060787,3.944607904099803
185.14000000000001,1.4442629339462492,3.921326700627378
185.15,1.4833537401186263,3.895563194307282
185.16,1.5221741978323948,3.8671972365427716
185.17000000000002,1.5606976848494818,3.8361101767950654
185.18,1.598896401368296,3.80218545922972
185.19,1.636741394034076,3.765309250539723
185.20000000000002,1.6742025863790906,3.7253710969878626
185.21,1.7112488159738335,3.6822646081911823
185.22,1.7478478785429143,3.63588816462595
185.23,1.7839665792663524,3.5861456452684
185.24,1.8195707914482822,3.5329471712114993
185.25,1.8546255226905823,3.476209860519272
185.26,1.8890949886586674,3.415858589007001
185.27,1.9229426944707222,3.3518267510781676
185.28,1.9561315236802308,3.2840570142185253
185.29,1.9886238347550926,3.212502060256187
185.3,2.0203815648853545,3.1371253060566664
185.31,2.051366340876226,3.0579015959463725
185.32,2.0815395968042822,2.974817857860183
185.33,2.1108626980334297,2.8878737150012186
185.34,2.1392970711043064,2.7970820446959936
185.35,2.1668043389273497,2.702469476137088
185.36,2.1933464606270485,2.604076818838176
185.37,2.2188858753041134,2.50195941389093
185.38,2.2433856489048667,2.3961874005159687
185.39000000000001,2.2668096233144324,2.286845890944196
185.4,2.2891225667237505,2.1740350473512597
185.41,2.310290324261458,2.0578700553940776
185.42000000000002,2.330279967831632,1.9384809898586883
185.43,2.3490599440586313,1.8160125690139535
185.44,2.3666002192119113,1.6906237954632874
185.45000000000002,2.3828724199678972,1.5624874825806336
185.46,2.397849968863524,1.4317896669882084
185.47,2.4115082133076613,1.2987289089600778
185.48,2.423824547042725,1.163515484092944
185.49,2.43477852298952,1.0263704710472064
185.5,2.444351956463669,0.887524741599685
185.51,2.452529017821513,0.747217860636033
185.52,2.459296313676389,0.6056969050175477
185.53,2.4646429559218634,0.463215211456499
185.54,2.468560617905519,0.32003106460049835
185.55,2.4710435772138735,0.17640633743656625
185.56,2.4720887446542505,0.03260509685922633
185.57,2.4716956791510585,-0.11110781221234095
185.58,2.469866588410004,-0.25446819044754043
185.59,2.4666063153421076,-0.3972139016048142
185.6,2.4619223103779078,-0.5390862701691712
185.61,2.4558245899387243,-0.6798314456832785
185.62,2.448325681464242,-0.8192017208418108
185.63,2.4394405555218883,-0.9569567911269607
185.64000000000001,2.429186545641703,-1.092864944650276
185.65,2.4175832566288826,-1.2267041719126348
185.66,2.40465246220345,-1.3582631863773191
185.67000000000002,2.390417992901336,-1.4873423480453696
185.68,2.3749056152425427,-1.6137544836005517
185.69,2.358142903229325,-1.737325598125186
185.70000000000002,2.340159103280039,-1.8578954748493703
185.71,2.3209849937323375,-1.9753181608569155
185.72,2.3006527400629,-2.089462338104993
185.73,2.2791957469702373,-2.2002115804962386
185.74,2.256648508452975,-2.3074644990494773
185.75,2.2330464569892476,-2.4111347784287664
185.76,2.2084258128844,-2.511151109193602
185.77,2.182823434805375,-2.607457021112859
185.78,2.1562766724621425,-2.7000106237316333
185.79,2.1288232223307424,-2.788784261087483
185.8,2.100500987240393,-2.8737640880377024
185.81,2.0713479405699884,-2.9549495760824747
185.82,2.041401995718743,-3.03235295685322
185.83,2.010700881432924,-3.1059986115868403
185.84,1.979282023487006,-3.175922414932727
185.85,1.9471824331342693,-3.24217104135013
185.86,1.9144386026600035,-3.304801242159755
185.87,1.8810864082910743,-3.3638791010274893
185.88,1.847161020639454,-3.419479275292637
185.89000000000001,1.8126968227852216,-3.471684230121038
185.9,1.7777273360370331,-3.520583471977912
185.91,1.7422851533456631,-3.566272787388923
185.92000000000002,1.7064018802892544,-3.6088534924028375
185.93,1.6701080834976063,-3.6484316975966347
185.94,1.6334332463373218,-3.6851175928844304
185.95000000000002,1.5964057316399178,-3.7190247558144525
185.96,1.5590527512210328,-3.750269486471856
185.97,1.5214003419104807,-3.7789701715565567
185.98,1.4834733477899016,-3.805246679680423
185.99,1.445295408316872,-3.829219789432038
186.0,1.4068889520012606,-3.851010651293599
186.01,1.368275195291,-3.870740284066154
186.02,1.3294741463199375,-3.8885291060681606
186.03,1.2905046131696367,-3.904496501019305
186.04,1.2513842162995514,-3.918760418206925
186.05,1.2121294048054982,-3.9314370062558894
186.06,1.1727554761744337,-3.942640279583441
186.07,1.1332765992138294,-3.9524818164169893
186.08,1.093705839846094,-3.9610704870833793
186.09,1.054055189472162,-3.9685122111407503
186.1,1.0143355956232791,-3.9749097418165373
186.11,0.9745569946358315,-3.9803624761351
186.12,0.9347283461005772,-3.9849662890634416
186.13,0.8948576688545626,-3.9888133899711447
186.14000000000001,0.8549520783011543,-3.9919921996885104
186.15,0.8150178248607924,-3.9945872464526335
186.16,0.7750603333721017,-3.9966790790525817
186.17000000000002,0.7350842432797409,-3.9983441955197687
186.18,0.6950934494617064,-3.99965498575609
186.19,0.6550911435646192,-4.000679686548597
186.20000000000002,0.6150798557307344,-4.001482347483717
186.21,0.5750614966149448,-4.002122806344794
186.22,0.5350373996038386,-4.002656672652723
186.23,0.49500836316189034,-4.003135318089406
186.24,0.4549746932420505,-4.003605872626741
186.25,0.4149362457093555,-4.004111225268953
186.26,0.37489246873667137,-4.0046900284025435
186.27,0.33484244514130457,-4.005376704835394
186.28,0.2947849346399634,-4.00620145669412
186.29,0.2547184160074221,-4.007190275436292
186.3,0.21464112913123756,-4.008364952321328
186.31,0.17455111696099557,-4.009743088770544
186.32,0.13444626735582665,-4.011338106132995
186.33,0.09432435483833565,-4.01315925445921
186.34,0.05418308226664246,-4.015211619969864
186.35,0.014020122438938366,-4.017496130990859
186.36,-0.026166840353174715,-4.020009562210331
186.37,-0.06638006880526824,-4.022744537196905
186.38,-0.10662173109711282,-4.025689529202259
186.39000000000001,-0.14689385938931343,-4.028828860354877
186.4,-0.18719830830421036,-4.032142699435934
186.41,-0.2275367133780321,-4.035607058512725
186.42000000000002,-0.26791044947446485,-4.039193788790039
186.43,-0.3083205891538329,-4.042870576125467
186.44,-0.34876786099697427,-4.046600936740895
186.45000000000002,-0.38925260788865085,-4.050344213749311
186.46,-0.42977474527196047,-4.054055575203521
186.47,-0.47033371939272123,-4.05768601446125
186.48,-0.5109284655611854,-4.06118235374912
186.49,-0.5515573664677036,-4.064487251895889
186.5,-0.5922182105991032,-4.067539217292572
186.51,-0.632908150813555,-4.070272627223131
186.52,-0.6736236631435657,-4.072617754793562
186.53,-0.7143605059094261,-4.074500804768656
186.54,-0.7551136792389388,-4.075843959703395
186.55,-0.795877385103494,-4.076565437828788
186.56,-0.8366449879955145,-4.076579564218574
186.57,-0.8774089763878654,-4.075796856822261
186.58,-0.9181609251319596,-4.074124128999652
186.59,-0.9588914589678584,-4.071464610230674
186.6,-0.9995902173365732,-4.067718086699909
186.61,-1.0402458207018566,-4.062781063465759
186.62,-1.0808458386058881,-4.056546949917257
186.63,-1.1213767597002016,-4.048906270195077
186.64000000000001,-1.1618239640097896,-4.039746900204677
186.65,-1.202171697704295,-4.0289543327764505
186.66,-1.2424030506653188,-4.016411972427736
186.67000000000002,-1.28249993715285,-4.00200146105227
186.68,-1.3224430798863642,-3.985603035701774
186.69,-1.3622119978668854,-3.96709591942993
186.70000000000002,-1.4017849982749626,-3.9463587459390777
186.71,-1.4411391727856668,-3.923270018503184
186.72,-1.4802503986450264,-3.897708603335922
186.73,-1.5190933448523853,-3.869554257229557
186.74,-1.5576414837896173,-3.8386881889089044
186.75,-1.5958671086305634,-3.8049936531257056
186.76,-1.6337413568521315,-3.7683565760641056
186.77,-1.6712342401518456,-3.728666210139967
186.78,-1.708314681054931,-3.685815815759192
186.79,-1.7449505564670296,-3.6397033670576087
186.8,-1.7811087483960832,-3.5902322780830525
186.81,-1.8167552020286906,-3.5373121453059415
186.82,-1.8518549913022022,-3.480859501765886
186.83,-1.8863723920640085,-3.4207985775878633
186.84,-1.9202709628539596,-3.357062061042376
186.85,-1.9535136332848562,-3.289591853790964
186.86,-1.9860627999297789,-3.2183398134633743
186.87,-2.0178804295541233,-3.143268476268168
186.88,-2.048928169455142,-3.064351751957487
186.89000000000001,-2.0791674645932727,-2.981575583162193
186.9,-2.1085596811183853,-2.8949385608984017
186.91,-2.1370662358112407,-2.8044524879329384
186.92000000000002,-2.164648730877044,-2.7101428816947077
186.93,-2.1912690934451344,-2.612049408541519
186.94,-2.2168897190478742,-2.510226241445814
186.95000000000002,-2.2414736182740507,-2.4047423335542444
186.96,-2.2649845657189593,-2.29568160060889
186.97,-2.2873872502862285,-2.183143005893009
186.98,-2.3086474258368193,-2.067240542179474
186.99,-2.3287320611298177,-1.9481031061099399
187.0,-2.3476094879590175,-1.8258742615085573
187.01,-2.3652495463599887,-1.7007118893232647
187.02,-2.381623725745483,-1.5727877231747258
187.03,-2.3967053008234833,-1.4422867708589067
187.04,-2.4104694611626614,-1.3094066235722885
187.05,-2.4228934332949295,-1.1743566560845307
187.06,-2.433956594284352,-1.0373571225457292
187.07,-2.443640575745844,-0.8986381540566463
187.08,-2.451929357365485,-0.7584386655220695
187.09,-2.4588093490562857,-0.6170051806215435
187.1,-2.464269460977916,-0.474590584940621
187.11,-2.468301160755098,-0.33145281838367596
187.12,-2.4708985173455895,-0.18785351891268695
187.13,-2.4720582311333517,-0.04405663040476662
187.14000000000001,-2.4717796499536853,0.09967301202219728
187.15,-2.4700647708929084,0.2430711055142293
187.16,-2.466918227843401,0.385875297974971
187.17000000000002,-2.4623472649334093,0.5278265877829725
187.18,-2.456361696087742,0.6686706912569403
187.19,-2.4489738511082706,0.8081593648904515
187.20000000000002,-2.440198508789933,0.9460516700708385
187.21,-2.430052817706854,1.0821151688706288
187.22,-2.4185562054125205,1.2161270405346918
187.23,-2.4057302768961604,1.3478751094594106
187.24,-2.3915987032233326,1.4771587767465553
187.25,-2.3761871013612295,1.6037898487870297
187.26,-2.359522906247592,1.7275932577601774
187.27,-2.341635236206026,1.848407670394467
187.28,-2.322554752839703,1.9660859827972055
187.29,-2.302313516550082,2.080495700597698
187.3,-2.280944838827749,2.1915192050350107
187.31,-2.2584831324493817,2.299053906935594
187.32,-2.234963760689037,2.4030122917476695
187.33,-2.2104228866144284,2.503321859911761
187.34,-2.184897323490802,2.599924967836678
187.35,-2.158424387257695,2.6927785756077642
187.36,-2.1310417519786466,2.781853908272769
187.37,-2.1027873090922395,2.8671360381271853
187.38,-2.073699031216103,2.9486233958553574
187.39000000000001,-2.043814841175132,3.0263272186789827
187.4,-2.013172486842523,3.1002709438263483
187.41,-1.9818094222986053,3.1704895556714727
187.42000000000002,-1.9497626957290937,3.2370288948118273
187.43,-1.9170688444023687,3.299944937167479
187.44,-1.8837637969857441,3.3593030509054165
187.45000000000002,-1.8498827833842604,3.415177238633155
187.46,-1.815460252213081,3.4676493718785255
187.47,-1.7805297959466897,3.516808424390818
187.48,-1.7451240837252644,3.5627497102748964
187.49,-1.7092748017411916,3.605574132416639
187.5,-1.6730126010769315,3.6453874460865534
187.51,-1.6363670528194605,3.6822995420290936
187.52,-1.5993666102363495,3.71642375276759
187.53,-1.5620385777641086,3.747876185287124
187.54,-1.524409086530607,3.776775082707408
187.55,-1.4865030761099602,3.803240217030815
187.56,-1.4483442821899906,3.8273923145521294
187.57,-1.4099552298189175,3.849352515050245
187.58,-1.3713572318889855,3.869241865450782
187.59,-1.3325703925099017,3.8871808482543666
187.6,-1.293613614923898,3.903288944669218
187.61,-1.2545046136165172,3.917684232069038
187.62,-1.215259930282517,3.9304830151176904
187.63,-1.1758949533141634,3.941799489659902
187.64000000000001,-1.136423940489319,3.9517454382709203
187.65,-1.0968600445487449,3.960429956185924
187.66,-1.0572153413656005,3.9679592061901356
187.67000000000002,-1.0175008604249423,3.9744362009407124
187.68,-0.9777266173467863,3.979960611109315
187.69,-0.937901648202756,3.9846285976773514
187.70000000000002,-0.8980340453932393,3.9885326666818197
187.71,-0.8581309948691196,3.991761544696004
187.72,-0.8181988144993192,3.994400073333719
187.73,-0.7782429934024452,3.996529121086025
187.74,-0.7382682320775987,3.998225510833282
187.75,-0.6982784831857796,3.9995619614210236
187.76,-0.6582769928491782,4.000607041743641
187.77,-0.6182663423509067,4.001425135843514
187.78,-0.578248490132308,4.002076417603512
187.79,-0.5382248139988365,4.002616833686434
187.8,-0.49819615345857926,4.003098093454613
187.81,-0.45816285212974417,4.003567664685721
187.82,-0.4181248001648648,4.004068773985725
187.83,-0.37808147665002967,4.004640410886368
187.84,-0.33803199194713746,4.005317334701731
187.85,-0.29797512995599507,4.006130083306002
187.86,-0.2579093902810174,4.0071049830821135
187.87,-0.21783303029435278,4.0082641593781165
187.88,-0.17774410709345506,4.009625546894905
187.89000000000001,-0.1376405193564547,4.011202899515083
187.9,-0.09752004910315343,4.0130057991682815
187.91,-0.057380403373089056,4.015039663413248
187.92000000000002,-0.017219255834888467,4.017305751501451
187.93,0.022965711656939964,4.019801168771043
187.94,0.06317676754053239,4.022518869303836
187.95000000000002,0.10341608904301668,4.025447656861684
187.96,0.14368572067776608,4.02857218420246
187.97,0.18398753272706592,4.0318729509598725
187.98,0.22432317969696355,4.035326300355795
187.99,0.2646940587341818,4.0389044150987
188.0,0.3051012679989375,4.0425753129073705
188.01,0.34554556499232914,4.046302842185228
188.02,0.386027324842642,4.050046678457479
188.03,0.4265464985614787,4.053762322270684
188.04,0.46710257128805566,4.057401099342218
188.05,0.507694520548323,4.06091016383511
188.06,0.5483207745647578,4.064232505721662
188.07,0.5889791706627563,4.067306963286554
188.08,0.629666913830489,4.070068241906322
188.09,0.6703805355008827,4.072446940326445
188.1,0.7111158526370179,4.074369585738934
188.11,0.7518679272156614,4.075758679041365
188.12,0.7926310262178452,4.076532751731578
188.13,0.833398582250293,4.07660643595941
188.14000000000001,0.8741631549370333,4.075890549316561
188.15,0.9149163932366242,4.074292195996154
188.16,0.9556489988569565,4.071714885993184
188.17000000000002,0.9963506909564879,4.068058674043756
188.18,1.0370101723378315,4.063220320012781
188.19,1.0776150973567435,4.057093472434414
188.20000000000002,1.1181520417865198,4.049568876884651
188.21,1.1586064748944365,4.040534610818761
188.22,1.1989627340028952,4.0298763464352
188.23,1.2392040018231405,4.017477643029879
188.24,1.2793122868634927,4.00322027017776
188.25,1.3192684072266958,3.9869845629205303
188.26,1.3590519781219033,3.968649809947332
188.27,1.3986414034256425,3.9480946755285515
188.28,1.4380138716324744,3.9251976556988293
188.29,1.477145356539619,3.8998375688837985
188.3,1.5160106230101504,3.871894080824994
188.31,1.554583238156119,3.8412482632789415
188.32,1.5928355882757295,3.8077831855504973
188.33,1.6307389018671292,3.7713845374685615
188.34,1.6682632790251009,3.73194128192691
188.35,1.7053777275056674,3.6893463345975155
188.36,1.742050205717051,3.6434972678829096
188.37,1.7782476728633256,3.5942970356135233
188.38,1.8139361464293215,3.5416547144223096
188.39000000000001,1.849080767151772,3.485486257150236
188.4,1.8836458715723265,3.4257152530614747
188.41,1.9175950722130015,3.3622736890864373
188.42000000000002,1.9508913453540553,3.2951027057752387
188.43,1.9834971263285064,3.224153341145635
188.44,2.015374412176968,3.1493872551604554
188.45000000000002,2.0464848714317156,3.0707774271829726
188.46,2.0767899607206277,2.988308818447553
188.47,2.106251047800667,2.901978991360188
188.48,2.1348295405478317,2.811798677321466
188.49,2.162487021347096,2.7177922847546365
188.5,2.1891853862429245,2.6199983391338306
188.51,2.214886988129773,2.518469847050692
188.52,2.2395547831839386,2.413274576738041
188.53,2.263152479664534,2.304495247990712
188.54,2.2856446881437527,2.1922296250875135
188.55,2.306997072166284,2.076590507122506
188.56,2.3271764982862027,1.9577056110932651
188.57,2.3461511843881495,1.8357173441599215
188.58,2.363890845169401,1.7107824626695054
188.59,2.38036683364154,1.5830716168200114
188.6,2.395552277505802,1.452768781199007
188.61,2.40942220926552,1.3200705728509294
188.62,2.4219536889628204,1.1851854599813574
188.63,2.4331259184651475,1.0483328658693574
188.64000000000001,2.4429203462802076,0.9097421740029452
188.65,2.451320761945206,0.7696516418494723
188.66,2.4583133791171967,0.6283072319940314
188.67000000000002,2.4638869065850866,0.48596137059723366
188.68,2.4680326065291416,0.3428716442129394
188.69,2.470744339469346,0.19929944694297877
188.70000000000002,2.4720185954680014,0.0555085906688777
188.71,2.4718545112827233,-0.08823610832701201
188.72,2.470253873301461,-0.2316702526697625
188.73,2.467221106229328,-0.37453128329142293
188.74,2.4627632476356327,-0.5165598811425071
188.75,2.456889908606478,-0.6575013377089965
188.76,2.449613220881453,-0.7971068813094171
188.77,2.44094777098029,-0.9351349468246468
188.78,2.43091052194496,-1.0713523773730855
188.79,2.4195207234328278,-1.2055355474665472
188.8,2.406799810995629,-1.3374713983452784
188.81,2.392771295465922,-1.4669583774688162
188.82,2.3774606434462524,-1.593807275506069
188.83,2.3608951499558004,-1.7178419555949263
188.84,2.3431038043343535,-1.8388999711005152
188.85,2.32411715053379,-1.9568330695639273
188.86,2.303967142943075,-2.0715075819729325
188.87,2.2826869988943312,-2.182804697877784
188.88,2.260311048985519,-2.29062062819588
188.89000000000001,2.2368745863304134,-2.3948666587787
188.9,2.212413715809945,-2.495469098936136
188.91,2.1869652043516905,-2.592369130113454
188.92000000000002,2.1605663332076754,-2.6855225607844297
188.93,2.1332547531360015,-2.7748994943539853
188.94,2.1050683433205957,-2.8604839174514898
188.95000000000002,2.076045074786972,-2.9422732164415852
188.96,2.0462228789917636,-3.020277630285619
188.97,2.015639522181259,-3.0945196480588852
188.98,1.9843324860305855,-3.1650333594743896
188.99,1.9523388549917708,-3.2318637666922263
189.0,1.9196952106967409,-3.2950660655157957
189.01,1.886437533681455,-3.3547049038039725
189.02,1.8526011126206616,-3.410853624574606
189.03,1.818220461189963,-3.463593500852444
189.04,1.783329242603613,-3.51301296883671
189.05,1.747960201813229,-3.559206865442893
189.06,1.7121451052947552,-3.6022756757219634
189.07,1.6759146882987899,-3.6423247950898063
189.08,1.6392986093929591,-3.679463810720583
189.09,1.6023254120843784,-3.713805805879655
189.1,1.5650224932753662,-3.745466690403071
189.11,1.5274160782763169,-3.7745645599787054
189.12,1.489531202075792,-3.801219086355163
189.13,1.4513916965492137,-3.8255509401036076
189.14000000000001,1.41302018327372,-3.847681247088609
189.15,1.3744380716074416,-3.8677310793699857
189.16,1.3356655616863202,-3.885820980860398
189.17000000000002,1.2967216519902336,-3.902070527704282
189.18,1.2576241511322346,-3.916597923023007
189.19,1.2183896935297733,-3.92951962538862
189.20000000000002,1.1790337586244621,-3.9409500101433808
189.21,1.1395706933269056,-3.951001062473138
189.22,1.1000137373749992,-3.959782100967877
189.23,1.060375051307548,-3.9673995302603764
189.24,1.0206657467697917,-3.9739566212217547
189.25,0.980895918883113,-3.979553317108393
189.26,0.9410746804276238,-3.984286063995898
189.27,0.9012101976031949,-3.988247663799958
189.28,0.8613097271516245,-3.9915271481687435
189.29,0.82137965463982,-3.9942096715345845
189.3,0.7814255337209328,-3.9963764216317115
189.31,0.7414521262071858,-3.998104545819757
189.32,0.7014634428045378,-3.9994670915975035
189.33,0.6614627843752358,-4.0005329597461134
189.34,0.6214527836096154,-4.0013668686041415
189.35,0.5814354470031529,-4.00202932804646
189.36,0.5414121970486862,-4.002576621814468
189.37,0.5013839145668635,-4.003060796924342
189.38,0.46135098111019934,-4.003529658962677
189.39000000000001,0.4213133213876099,-4.004026772163654
189.4,0.3812704456669262,-4.00459146324818
189.41,0.3412214921226463,-4.005258828092588
189.42000000000002,0.3011652691050744,-4.006059740382077
189.43,0.2611002973150047,-4.007020861491552
189.44,0.2210248518752434,-4.008164650923825
189.45000000000002,0.18093700429652826,-4.009509376721912
189.46,0.14083466434080516,-4.011069125358349
189.47,0.10071562178936128,-4.012853810690075
189.48,0.06057758812700365,-4.014869181652442
189.49,0.020418238156312427,-4.017116828450384
189.5,-0.01976474844200404,-4.019594187088911
189.51,-0.05997364558546579,-4.022294542168907
189.52,-0.10021063928538218,-4.025207027957967
189.53,-0.14047778614462514,-4.028316627829766
189.54,-0.18077697184197752,-4.0316041722495175
189.55,-0.22110986958961548,-4.035046335567429
189.56,-0.2614778985533261,-4.038615631966999
189.57,-0.3018821822289554,-4.042280411000447
189.58,-0.342323506773335,-4.046004853229771
189.59,-0.3828022792935509,-4.0497489665786635
189.6,-0.4233184861049083,-4.053468584087926
189.61,-0.4638716509753094,-4.057115363854847
189.62,-0.5044607933820053,-4.060636792025008
189.63,-0.5450843868158096,-4.063976189792942
189.64000000000001,-0.5857403171778641,-4.067072725455438
189.65,-0.6264258413249183,-4.06986143264756
189.66,-0.6671375458308152,-4.072273235975982
189.67000000000002,-0.7078713060444378,-4.074234985346173
189.68,-0.7486222455377386,-4.0756695003582974
189.69,-0.7893846960516038,-4.076495626220416
189.70000000000002,-0.8301521580621469,-4.076628302695294
189.71,-0.8709172621055097,-4.075978647657432
189.72,-0.9116717310152955,-4.074454056888272
189.73,-0.9524063432432751,-4.071958321778046
189.74,-0.9931108974508565,-4.068391766630561
189.75,-1.0337741785758863,-4.063651407280251
189.76,-1.0743839255964613,-4.057631132726902
189.77,-1.114926801230424,-4.050221911470197
189.78,-1.1553883638258653,-4.0413120241813605
189.79,-1.1957530417140514,-4.030787324280136
189.8,-1.2360041103114678,-4.018531527889794
189.81,-1.2761236722718472,-4.004426534518379
189.82,-1.3160926410018354,-3.9883527796587344
189.83,-1.3558907278650218,-3.9701896203108356
189.84,-1.3954964334080522,-3.9498157542058343
189.85,-1.4348870429491385,-3.927109673250359
189.86,-1.4740386268730594,-3.9019501514110178
189.87,-1.5129260459773588,-3.8742167669220167
189.88,-1.5515229622114997,-3.8437904583234506
189.89000000000001,-1.589801855143828,-3.8105541134247893
189.9,-1.6277340444799957,-3.774393189838941
189.91,-1.6652897189406068,-3.7351963652494424
189.92000000000002,-1.7024379717849845,-3.692856215060188
189.93,-1.7391468432418107,-3.6472699145381178
189.94,-1.7753833700757469,-3.598339962000024
189.95000000000002,-1.8111136424818113,-3.5459749190217553
189.96,-1.8463028684561822,-3.4900901630694743
189.97,-1.8809154457432007,-3.430608647377186
189.98,-1.9149150414037257,-3.367461662332569
189.99,-1.9482646789898521,-3.3005895920951422
190.0,-1.9809268332456287,-3.2299426596688674
190.01,-2.0128635321832293,-3.1554816531978473
190.02,-2.0440364663095854,-3.0771786258617566
190.03,-2.074407104700464,-2.9950175614300454
190.04,-2.103936817538186,-2.9089949973037283
190.05,-2.1325870046465387,-2.8191205967430646
190.06,-2.1603192294730476,-2.725417661960216
190.07,-2.187095357885743,-2.627923579858305
190.08,-2.2128777010702136,-2.5266901924307947
190.09,-2.237629161734359,-2.4217840842043996
190.1,-2.2613133827543015,-2.313286779618906
190.11,-2.283894897326737,-2.2012948438898086
190.12,-2.305339279632098,-2.0859198816928677
190.13,-2.3256132949605948,-1.96728842893866
190.14000000000001,-2.344685048210871,-1.8455417339616416
190.15,-2.3625241296398274,-1.7208354256203635
190.16,-2.379101756723278,-1.5933390670781227
190.17000000000002,-2.3943909109813895,-1.4632355953880722
190.18,-2.4083664686310393,-1.3307206484223093
190.19,-2.421005323949836,-1.1960017821367521
190.20000000000002,-2.4322865042737747,-1.0592975826267412
190.21,-2.4421912756023705,-0.9208366788747762
190.22,-2.45070323785127,-0.7808566634933612
190.23,-2.457808408872238,-0.6396029300942572
190.24,-2.4634952964531553,-0.4973274371428801
190.25,-2.4677549576150954,-0.3542874092569893
190.26,-2.470581044638295,-0.21074398785823562
190.27,-2.4719698373722605,-0.06696084386261064
190.28,-2.4719202615155473,0.07679723431606675
190.29,-2.470433892685939,0.22026576379009588
190.3,-2.467514946239745,0.36318198741580215
190.31,-2.4631702529376227,0.5052862774134623
190.32,-2.457409220691476,0.6463235088533605
190.33,-2.4502437827605554,0.7860443899368336
190.34,-2.4416883328927392,0.924206736664068
190.35,-2.431759648027274,1.060576680326567
190.36,-2.4204767992862077,1.1949297972727448
190.37,-2.4078610520818193,1.3270521515478617
190.38,-2.393935756255251,1.4567412422796284
190.39000000000001,-2.3787262272362266,1.5838068490414388
190.4,-2.362259619274422,1.7080717698483656
190.41,-2.344564791839259,1.829372447898369
190.42000000000002,-2.3256721703164542,1.947559484634553
190.43,-2.3056136021465683,2.062498038146784
190.44,-2.2844222095535187,2.174068107327284
190.45000000000002,-2.2621322400000228,2.2821647035218753
190.46,-2.2387789154830817,2.3866979126561296
190.47,-2.2143982817469006,2.487592851946519
190.48,-2.1890270584441516,2.584789526316875
190.49,-2.1627024912205632,2.6782425905195693
190.5,-2.1354622066337603,2.767921023701794
190.51,-2.107344070746527,2.8538077237565345
190.52,-2.0783860521586295,2.9358990292547524
190.53,-2.048626090161432,3.0142041770724894
190.54,-2.01810196861718,3.088744704009128
190.55,-1.9868511960812498,3.159553800748333
190.56,-1.9549108926022134,3.226675626450506
190.57,-1.9223176835522398,3.290164592095772
190.58,-1.8891076007602978,3.350084620431429
190.59,-1.8553159911436112,3.4065083900300968
190.6,-1.820977432959696,3.459516570547492
190.61,-1.7861256597326614,3.5091970557948597
190.62,-1.7507934918437986,3.555644200723331
190.63,-1.7150127757181945,3.5989580678682107
190.64000000000001,-1.6788143304864345,3.6392436882318364
190.65,-1.642227901953558,3.676610341004913
190.66,-1.6052821236663364,3.7111708559477674
190.67000000000002,-1.5680044848346029,3.743040941683273
190.68,-1.530421304832671,3.7723385425997034
190.69,-1.4925577139826087,3.7991832265308147
190.70000000000002,-1.4544376403020547,3.82369560487706
190.71,-1.4160838018850677,3.8459967863601388
190.72,-1.3775177045748521,3.866207865166111
190.73,-1.3387596445817456,3.8844494438320636
190.74,-1.299828715698211,3.9008411908691185
190.75,-1.2607428207643634,3.9155014327907947
190.76,-1.221518687042395,3.9285467799302056
190.77,-1.1821718851657592,3.9400917851814747
190.78,-1.1427168513387658,3.9502486345887924
190.79,-1.1031669124739836,3.959126868529144
190.8,-1.063534313968183,3.9668331320898504
190.81,-1.0238302498321865,3.9734709531275723
190.82,-0.9840648949056315,3.979140546409025
190.83,-0.9442474389040062,3.9839386421728693
190.84,-0.9043861220621743,3.98795833741469
190.85,-0.8644882721557124,3.9912889681802346
190.86,-0.8245603426985696,3.994016001153785
190.87,-0.7846079521326367,3.9962209428463775
190.88,-0.744635923841642,3.997981264720515
190.89000000000001,-0.7046483268382264,3.9993703426318827
190.9,-0.6646485169890044,4.000457409022617
190.91,-0.6246391786577741,4.0013075163631475
190.92000000000002,-0.5846223666617414,4.001981510408973
190.93,-0.5445995484495947,4.00253601191355
190.94,-0.5045716464234705,4.003023405517646
190.95000000000002,-0.4645390803392418,4.0034918346178054
190.96,-0.4245018097311144,4.003985201101259
190.97,-0.38445937631721666,4.004543168920806
190.98,-0.3444109463526983,4.005201170570309
190.99,-0.30435535290581045,4.005990415608987
191.0,-0.2642911380405185,4.006937900470213
191.01,-0.22421659489640614,4.008066418877854
191.02,-0.1841298096629614,4.009394572279972
191.03,-0.14402870345080668,4.010936779795996
191.04,-0.1039110740670415,4.01270328725909
191.05,-0.06377463770562489,4.014700175020555
191.06,-0.023617070566630417,4.016929364267556
191.07,0.016563949579726237,4.019388621689683
191.08,0.05677070186716325,4.022071562413639
191.09,0.09700538082799902,4.024967651209109
191.1,0.13727005489134544,4.02806220205266
191.11,0.17756662486905223,4.031336376220491
191.12,0.21789678241575525,4.034767179165227
191.13,0.2582619684523567,4.038327456516805
191.14000000000001,0.2986633315460913,4.041985889632925
191.15,0.33910168624501524,4.045706991210665
191.16,0.37957747137030456,4.049451101557556
191.17000000000002,0.4200907082761663,4.053174386207804
191.18,0.4606409590944606,4.056828835657078
191.19,0.5012272849893079,4.060362268077357
191.20000000000002,0.5418482044560078,4.0637183359612505
191.21,0.5825016517085329,4.066836537732658
191.22,0.6231849352106609,4.069652235447036
191.23000000000002,0.6638946964174736,4.072096679789218
191.24,0.7046268688064452,4.074097043658901
191.25,0.7453766372906515,4.075576465712603
191.26,0.7861383981206973,4.076454105304997
191.27,0.8269057193967515,4.076645210340784
191.28,0.8676713023275129,4.076061199609228
191.29,0.9084269433889359,4.074609761225588
191.3,0.9491634975520247,4.072194968845135
191.31,0.9898708427658387,4.0687174173443275
191.32,1.0305378458989114,4.0640743796780505
191.33,1.0711523303593997,4.0581599866193
191.34,1.1117010456312972,4.050865431066079
191.35,1.1521696389807212,4.042079198557205
191.36,1.1925426296024413,4.031687325571708
191.37,1.2328033854921554,4.019573687093145
191.38,1.272934103344304,4.005620314798079
191.39000000000001,1.3129157917881167,3.989707747074834
191.4,1.3527282582858007,3.9717154118923985
191.41,1.3923501000259648,3.951522043318024
191.42000000000002,1.4317586991521614,3.9290061322242407
191.43,1.4709302226704497,3.904046411430393
191.44,1.509839627380769,3.8765223751898734
191.45000000000002,1.5484606701742472,3.8463148325618874
191.46,1.586765924032007,3.8133064937965115
191.47,1.6247268000501776,3.7773825884154744
191.48000000000002,1.6623135758003165,3.738431513190814
191.49,1.6994954303139937,3.696345507712698
191.5,1.7362404859545704,3.6510213547005765
191.51,1.772515857408005,3.602361101653954
191.52,1.8082877079876494,3.550272799867002
191.53,1.8435213134053452,3.4946712562527518
191.54,1.8781811331127045,3.4354787928465633
191.55,1.9122308892622766,3.372626008294936
191.56,1.9456336532786032,3.3060525350953704
191.57,1.978351939964184,3.2357077858477457
191.58,2.010347808995558,3.1615516813199056
191.59,2.041582973590582,3.0835553527327453
191.6,2.0720189160502125,3.0017018103461006
191.61,2.1016170097975033,2.9159865701890904
191.62,2.130338647453994,2.8264182306396752
191.63,2.1581453744102967,2.7330189905297266
191.64000000000001,2.1849990272645887,2.6358251005442033
191.65,2.210861876421181,2.534887239904911
191.66,2.235696772062687,2.430270810687513
191.67000000000002,2.2594672926349313,2.322056142619336
191.68,2.2821378949150737,2.2103386018467135
191.69,2.303674064671865,2.0952285979427465
191.70000000000002,2.3240424668739283,1.9768514843447744
191.71,2.343211094358761,1.855347348457533
191.72,2.361149413843079,1.7308706888213947
191.73000000000002,2.377828508135189,1.6035899780103577
191.74,2.3932212134032866,1.4736871112734033
191.75,2.407302250360657,1.3413567423443404
191.76,2.420048348250173,1.2068055092955463
191.77,2.4314383605465677,1.0702511547742706
191.78,2.4414533713456583,0.9319215464089952
191.79,2.450076791474747,0.7920536045795268
191.8,2.4572944434372483,0.6508921460796808
191.81,2.4630946343963407,0.5086886534378763
191.82,2.467468216506006,0.3656999807723882
191.83,2.4704086340117883,0.22218700802026864
191.84,2.471911956666411,0.07841325617080519
191.85,2.4719768991352042,-0.06535652326190688
191.86,2.4706048262011726,-0.20885777089076982
191.87,2.4677997437173884,-0.3518275404043707
191.88,2.463568275393085,-0.4940059040094009
191.89000000000001,2.4579196256372007,-0.6351373288027722
191.9,2.45086552881703,-0.7749720109578451
191.91,2.442420185418044,-0.9132671552568138
191.92000000000002,2.4326001857118937,-1.0497881883334839
191.93,2.4214244216513743,-1.1843098949889008
191.94,2.4089139878121157,-1.3166174680846139
191.95000000000002,2.395092072289682,-1.4465074637800723
191.96,2.379983838536514,-1.5737886552350968
191.97,2.3636162991849803,-1.6982827793176087
191.98000000000002,2.346018182950162,-1.8198251723124281
191.99,2.3272197957387313,-1.9382652920908563
192.0,2.3072528771083447,-2.05346712564587
192.01,2.2861504532258135,-2.1653094822985905
192.02,2.2639466874623726,-2.2736861742150616
192.03,2.240676729741512,-2.3785060871177386
192.04,2.2163765657200174,-2.4796931452159976
192.05,2.1910828668371916,-2.5771861754002128
192.06,2.1648328422120127,-2.670938676633791
192.07,2.1376640933045157,-2.760918501229723
192.08,2.1096144721874186,-2.8471074553087385
192.09,2.0807219441983413,-2.929500826204371
192.1,2.051024455663331,-3.008106844908405
192.11,2.020559807300173,-3.082946091843184
192.12,1.9893655338264673,-3.154050854312341
192.13,1.957478790213926,-3.221464443927874
192.14000000000001,1.9249362449479095,-3.2852404821497454
192.15,1.8917739805709308,-3.345442161816247
192.16,1.8580274017115845,-3.4021414922017814
192.17000000000002,1.8237311507268954,-3.455418534726469
192.18,1.7889190310170553,-3.5053606359720972
192.19,1.7536239380074534,-3.552061664144255
192.20000000000002,1.7178777977341702,-3.5956212545732638
192.21,1.681711512915988,-3.6361440692783553
192.22,1.6451549163486032,-3.6737390750412175
192.23000000000002,1.6082367314151638,-3.7085188438561927
192.24,1.5709845394714792,-3.7405988790537257
192.25,1.533424753834089,-3.7700969698386766
192.26,1.4955826000747054,-3.7971325764521078
192.27,1.4574821023050468,-3.8218262476594247
192.28,1.4191460751215168,-3.844299071793404
192.29,1.3805961208691786,-3.8646721621408044
192.3,1.3418526318787005,-3.883066177058044
192.31,1.3029347973280174,-3.89960087483616
192.32,1.2638606143819773,-3.9143947030084463
192.33,1.2246469032678486,-3.9275644215056085
192.34,1.185309325951865,-3.9392247588122062
192.35,1.1458624080916042,-3.9494881000634257
192.36,1.1063195639505963,-3.9584642058411044
192.37,1.066693123974782,-3.9662599602805364
192.38,1.0269943647449857,-3.9729791469827838
192.39000000000001,0.9872335410351266,-3.9787222511386404
192.4,0.947419919722213,-3.9835862862076654
192.41,0.9075618153109734,-3.9876646434564043
192.42000000000002,0.8676666268530849,-3.9910469626415996
192.43,0.8277408760581414,-3.9938190221244843
192.44,0.7877902464105953,-3.9960626467189417
192.45000000000002,0.7478196231237625,-3.9978556316071483
192.46,0.7078331337784523,-3.999271680699319
192.47,0.667834189509776,-4.000380357867488
192.48000000000002,0.6278255266211025,-4.001247049545092
192.49,0.5878092485188743,-4.0019329372529535
192.5,0.5477868678760435,-4.002494978686764
192.51,0.5077593489451391,-4.002985896079925
192.52,0.467727149954445,-4.003454170637788
192.53,0.4276902655323833,-4.0039440419237975
192.54,0.38764826911596906,-4.004495511164155
192.55,0.3476003553091003,-4.005144347524711
192.56,0.30754538216547483,-4.005922096501258
192.57,0.26748191337907506,-4.006856089652002
192.58,0.22740826037243478,-4.007969454988295
192.59,0.18732252427930918,-4.009281127426545
192.6,0.14722263782390388,-4.010805858790584
192.61,0.10710640710349749,-4.012554226939427
192.62,0.06697155328511534,-4.014532643680469
192.63,0.02681575422988811,-4.016743361212743
192.64000000000001,-0.013363313939139535,-4.0191844769290315
192.65,-0.05356793530869252,-4.021849936489452
192.66,-0.09380031266892856,-4.024729535162925
192.67000000000002,-0.13406252601195104,-4.027808917516683
192.68,-0.17435649101926223,-4.031069575617925
192.69,-0.21468391752430957,-4.034488845996111
192.70000000000002,-0.2550462679391845,-4.038039905699131
192.71,-0.2954447156382922,-4.041691767862024
192.72,-0.335880103296425,-4.045409277292937
192.73000000000002,-0.376352901184151,-4.049153106667725
192.74,-0.4168631654297795,-4.052879754011859
192.75,-0.45741049626438823,-4.056541542236106
192.76,-0.4979939962745017,-4.0600866215804325
192.77,-0.5386122286959968,-4.063458975908561
192.78,-0.5792631757926728,-4.066598433883112
192.79,-0.6199441973736591,-4.069440686137778
192.8,-0.6606519895154285,-4.071917309647808
192.81,-0.7013825435666153,-4.0739558005824845
192.82,-0.7421311055270782,-4.07547961700229
192.83,-0.7828921359066611,-4.076408232837958
192.84,-0.8236592701838373,-4.076657204657382
192.85,-0.8644252799998088,-4.076138252787965
192.86,-0.9051820352395967,-4.074759358414852
192.87,-0.9459204671681058,-4.072424878317853
192.88,-0.9866305328059537,-4.069035678939871
192.89000000000001,-1.0273011807469032,-4.0644892914951525
192.9,-1.0679203186358568,-4.058680089824622
192.91,-1.1084747825433956,-4.051499492685559
192.92000000000002,-1.1489503084895678,-4.042836192121564
192.93,-1.1893315063858267,-4.032576409493788
192.94,-1.2296018366794434,-4.020604180663187
192.95000000000002,-1.2697435899990905,-4.0068016716939
192.96,-1.3097378701133215,-3.991049526297224
192.97,-1.3495645805250351,-3.9732272460521587
192.98000000000002,-1.389202415034365,-3.9532136042200237
192.99,-1.4286288526094357,-3.9308870937157527
193.0,-1.4678201569086802,-3.906126409505924
193.01,-1.5067513807995543,-3.8788109653727028
193.02,-1.5453963762161342,-3.8488214446135744
193.03,-1.583727809691826,-3.81604038383964
193.04,-1.6217171838929272,-3.780352788591728
193.05,-1.6593348654636606,-3.741646779015891
193.06,-1.696550119473245,-3.699814263331284
193.07,-1.7333311507302862,-3.6547516362882035
193.08,-1.769645152199009,-3.6063604992576193
193.09,-1.8054583607154386,-3.554548398022311
193.1,-1.8407361201594554,-3.4992295737614576
193.11,-1.875442952190668,-3.4403257221439287
193.12,-1.9095426346023339,-3.3777667548805193
193.13,-1.9429982872882783,-3.3114915575427455
193.14000000000001,-1.975772465753189,-3.2414487369473273
193.15,-2.007827262027225,-3.167597350943459
193.16,-2.0391244127720585,-3.0899076130372922
193.17000000000002,-2.069625414287971,-3.0083615639577372
193.18,-2.0992916440512133,-2.9229537020226966
193.19,-2.128084488328425,-2.8336915640176574
193.20000000000002,-2.1559654753315662,-2.740596248260903
193.21,-2.182896413293643,-2.643702871611945
193.22,-2.208839532763805,-2.5430609523910688
193.23000000000002,-2.233757632341464,-2.4387347115250133
193.24,-2.257614226994305,-2.3308032847213975
193.25,-2.2803736980358917,-2.219360839104368
193.26,-2.3020014437763923,-2.104516588514989
193.27,-2.322464029806192,-1.9863947025877033
193.28,-2.3417293378281467,-1.865134105751041
193.29,-2.3597667119212127,-1.7408881634553712
193.3,-2.376547101097254,-1.6138242541882821
193.31,-2.3920431970049782,-1.484123227181204
193.32,-2.4062295656408783,-1.351978747118235
193.33,-2.4190827719473433,-1.2175965286062684
193.34,-2.4305814962130037,-1.0811934646287222
193.35,-2.4407066412399177,-0.9429966546561761
193.36,-2.4494414293061273,-0.8032423394978472
193.37,-2.456771488029875,-0.6621747513196988
193.38,-2.462684924332522,-0.5200448885002824
193.39000000000001,-2.467172385799881,-0.3771092261177186
193.4,-2.4702271088548766,-0.23362837383619053
193.41,-2.471844953276605,-0.08986569376643919
193.42000000000002,-2.4720244227302057,0.05391410850599293
193.43,-2.4707666711064857,0.19744640611262493
193.44,-2.4680754946079535,0.340468072493864
193.45000000000002,-2.4639573096566085,0.4827188885777944
193.46,-2.458421116836398,0.6239429219550737
193.47,-2.451478451217507,0.7638898648911883
193.48000000000002,-2.443143319538574,0.9023163186495505
193.49,-2.4334321248445163,1.0389870124170517
193.5,-2.422363579290233,1.1736759461094541
193.51,-2.409958605922327,1.3061674474657212
193.52,-2.3962402303409185,1.4362571350935476
193.53,-2.381233463220456,1.5637527804764295
193.54,-2.36496517473139,1.6884750633677308
193.55,-2.347463961953102,1.81025821645097
193.56,-2.328760010402371,1.9289505566098106
193.57,-2.308884950820906,2.044414901598802
193.58,-2.287871712370395,2.1565288723111666
193.59,-2.265754373374683,2.265185082179454
193.6,-2.2425680107268064,2.3702912164979573
193.61,-2.2183485490447237,2.4717700056046383
193.62,-2.1931326106147133,2.5695590968905213
193.63,-2.1669573671069133,2.6636108315050673
193.64000000000001,-2.139860393984612,2.7538919323893403
193.65,-2.1118795284591267,2.840383110890657
193.66,-2.0830527317667995,2.9230785996919337
193.67000000000002,-2.0534179564652884,3.001985620128093
193.68,-2.023013019364238,3.0771237921654335
193.69,-1.99187548062198,3.148524495394837
193.70000000000002,-1.9600425294563413,3.216230189345102
193.71,-1.927550876835078,3.2802937012691613
193.72,-1.894436655430958,3.3407774893051907
193.73000000000002,-1.860735327048974,3.3977528885792405
193.74,-1.8264815976593731,3.4512993474088796
193.75,-1.7917093401007964,3.5015036603016285
193.76,-1.7564515244533407,3.5484592039303453
193.77,-1.7207401560221898,3.5922651817226585
193.78,-1.6846062208188877,3.6330258821346666
193.79,-1.6480796383794964,3.670849955101213
193.8,-1.6111892217168635,3.7058497105759174
193.81,-1.5739626441679782,3.7381404425025346
193.82,-1.5364264128668128,3.7678397810027064
193.83,-1.4986058485479241,3.7950670750302398
193.84,-1.4605250713662081,3.819942807233944
193.85,-1.4222069924032452,3.8425880422941217
193.86,-1.3836733105203256,3.863123909555104
193.87,-1.3449445142121432,3.8816711203700383
193.88,-1.306039888112925,3.8983495202058416
193.89000000000001,-1.2669775238080263,3.9132776752263245
193.9,-1.2277743346083982,3.926572492779903
193.91,-1.188446073952428,3.9383488749643347
193.92000000000002,-1.1490073571091115,3.94871940422332
193.93,-1.1094716858679616,3.957794059746991
193.94,-1.0698514759141717,3.965679963298433
193.95000000000002,-1.030158086601993,3.9724811529691793
193.96,-0.9904018528547881,3.9782983832759005
193.97,-0.950592118936475,3.983228949945822
193.98000000000002,-0.9107372738558716,3.98736653769731
193.99,-0.8708447881825288,3.990801089302165
194.0,-0.8309212520698283,3.9936186942150798
194.01,-0.7909724142982271,3.9959014950711604
194.02,-0.751003222168405,3.997727610382196
194.03,-0.7110178620905832,3.999171071804481
194.04,-0.6710198007323154,4.000301774403535
194.05,-0.6310118266025124,4.001185438402292
194.06,-0.5909960919642695,4.0018835809676485
194.07,-0.5509741549831595,4.002453496664363
194.08,-0.5109470220309823,4.0029482452837675
194.09,-0.47091519007748417,4.00341664583667
194.1,-0.43087868911424887,4.003903275584178
194.11,-0.3908371245658006,4.004448473066154
194.12,-0.3507897196529258,4.005088344174045
194.13,-0.3107353576823197,4.005854770402292
194.14000000000001,-0.27067262424488,4.006775418500147
194.15,-0.23059984931231678,4.007873750832984
194.16,-0.19051514922822027,4.009169035849211
194.17000000000002,-0.15041646859533256,4.010676358135128
194.18,-0.1103016220655177,4.012406627625912
194.19,-0.0701683360428143,4.014366587626001
194.20000000000002,-0.03001429031299768,4.0165588213767975
194.21,0.010162840384721645,4.018981756993763
194.22,0.05036534482687758,4.021629670678895
194.23000000000002,0.09059543379829955,4.024492688198301
194.24,0.1308551985908436,4.027556784698337
194.25,0.1711465694922663,4.030803783017767
194.26,0.21147127425119897,4.034211350737654
194.27,0.25183079650701945,4.037752996295479
194.28,0.2922263341771086,4.041398064575318
194.29,0.3326587577985258,4.0451117324718995
194.3,0.3731285688265466,4.048855005013028
194.31,0.4136358578987864,4.052584712712048
194.32,0.45418026308078757,4.05625351090983
194.33,0.49476092811698297,4.0598098819537025
194.34,0.5353764607198617,4.063198141148777
194.35,0.5760248909399585,4.06635844750466
194.36,0.6167036296699547,4.06922682038715
194.37,0.6574094273477015,4.071735163269524
194.38,0.6981383329353452,4.073811295860651
194.39000000000001,0.7388856532649145,4.075378995966489
194.4,0.7796459128546751,4.076358052516398
194.41,0.8204128143152425,4.076664331255043
194.42000000000002,0.861179199479776,4.076209854662828
194.43,0.901937011408499,4.074902897721477
194.44,0.9426772574342054,4.072648101184623
194.45000000000002,0.9833899734321915,4.069346604044313
194.46,1.0240641895150917,4.064896196901108
194.47,1.0646878973702136,4.059191497945792
194.48000000000002,1.1052480194740075,4.052124153242264
194.49,1.145730380435059,4.043583062961711
194.5,1.1861196807332417,4.033454635155126
194.51,1.2263994731381613,4.021623068562213
194.52,1.266552142104486,4.007970665837409
194.53,1.3065588864549096,3.992378178425667
194.54,1.3463997056729993,3.974725184139852
194.55,1.3860533901377066,3.9548904982759545
194.56,1.4254975156385183,3.932752618850402
194.57,1.4647084425147145,3.908190206254218
194.58,1.5036613197636026,3.8810825972909666
194.59,1.5423300944605338,3.851310353199159
194.6,1.580687526827586,3.8187558408556876
194.61,1.6187052112776479,3.7833038459161323
194.62,1.6563536037459088,3.7448422161727355
194.63,1.6936020556011027,3.703262532904578
194.64000000000001,1.7304188544040005,3.6584608074612173
194.65,1.766771271750327,3.6103381997660566
194.66,1.8026256183993214,3.558801754855421
194.67000000000002,1.8379473068474352,3.503765152991293
194.68,1.8727009214591472,3.4451494683085846
194.69,1.906850296213607,3.3828839303915132
194.70000000000002,1.9403586000669775,3.3169066826288143
194.71,1.9731884298661833,3.2471655306858724
194.72,2.005301910680695,3.173618673965665
194.73000000000002,2.0366608033454967,3.0962354125225247
194.74,2.0672266189311457,3.014996821556178
194.75,2.09696073977662,2.9298963853612547
194.76,2.1258245466383707,2.840940582452053
194.77,2.1537795514256612,2.7481494135355518
194.78,2.1807875349090815,2.6515568640780938
194.79,2.206810688707223,2.5512112934119076
194.8,2.23181176077732,2.4471757426637426
194.81,2.2557542035604983,2.339528154264192
194.82,2.278602323862604,2.228361496414818
194.83,2.300321433488795,2.1137837866501
194.84,2.320877999595606,1.995918009528399
194.85,2.340239793679363,1.8749019245130576
194.86,2.3583760380858676,1.7508877612504896
194.87,2.375257548904373,1.62404180070231
194.88,2.3908568740999137,1.4945438419255108
194.89000000000001,2.4051484257428832,1.3625865556977586
194.9,2.418108605213869,1.2283747276306896
194.91,2.429715920295497,1.0921243948770614
194.92000000000002,2.4399510931114103,0.954061881990626
194.93,2.4487971579353096,0.814422742912472
194.94,2.4562395479696595,0.6734506174059481
194.95000000000002,2.4622661702834283,0.5313960115162752
194.96,2.4668674681999847,0.3885150127639748
194.97,2.4700364705387075,0.2450679517687698
194.98000000000002,2.4717688272353597,0.1013180228208887
194.99,2.472062830995125,-0.04247012344858539
195.0,2.470919424766388,-0.1860318017118876
195.01,2.4683421949608872,-0.3291037140918298
195.02,2.4643373504845516,-0.4714253589906616
195.03,2.4589136877810738,-0.6127404129842005
195.04,2.4520825422248675,-0.7527980725805782
195.05,2.4438577263294623,-0.8913543432597162
195.06,2.434255455359673,-1.0281732640135814
195.07,2.4232942610491905,-1.163028056580458
195.08,2.4109948942280637,-1.2957021896874208
195.09,2.397380217255442,-1.42599034985964
195.1,2.382475087230871,-1.5536993116966802
195.11,2.3663062310215084,-1.6786487019267682
195.12,2.3489021131923353,-1.8006716530017295
195.13,2.330292797961474,-1.919615343459742
195.14000000000001,2.3105098063231404,-2.0353414237329073
195.15,2.2895859694868155,-2.1477263274861342
195.16,2.2675552797734175,-2.2566614699194156
195.17000000000002,2.244452740088427,-2.3620533357262037
195.18,2.2203142130588933,-2.463823460558318
195.19,2.19517627087726,-2.5619083108879495
195.20000000000002,2.169076046841134,-2.6562590680685014
195.21,2.14205108951589,-2.746841323170439
195.22,2.1141392203777256,-2.833634689801554
195.23000000000002,2.0853783957198595,-2.9166323426118517
195.24,2.055806573525489,-2.995840489533463
195.25,2.0254615859291905,-3.0712777860200995
195.26,1.994381017805087,-3.142974699635463
195.27,1.962602091936481,-3.210972833304592
195.28,1.930161561138995,-3.2753242153968465
195.29,1.8970956076285443,-3.3360905645657892
195.3,1.8634397498476793,-3.393342536942086
195.31,1.8292287568897028,-3.447158962873672
195.32,1.794496570590206,-3.497626079945883
195.33,1.7592762352907851,-3.5448367685058493
195.34,1.723599835220089,-3.58888979537259
195.35,1.6874984393833332,-3.629889070848725
195.36,1.6510020538031145,-3.667942923572287
195.37,1.6141395809118875,-3.70316339716777
195.38,1.5769387858597592,-3.735665572083043
195.39000000000001,1.5394262694702268,-3.7655669154408065
195.4,1.501627447550943,-3.79298666119638
195.41,1.463566536246299,-3.818045222383249
195.42000000000002,1.425266543103278,-3.840863636748213
195.43,1.386749263511335,-3.861563046632458
195.44,1.3480352821706292,-3.8802642135457472
195.45000000000002,1.3091439792404203,-3.8970870675095566
195.46,1.2700935408204381,-3.9121502909120216
195.47,1.2309009734221796,-3.9255709363229485
195.48000000000002,1.1915821220939788,-3.937464077460197
195.49,1.1521516918729755,-3.9479424922782957
195.5,1.1126232722484128,-3.9571163769646542
195.51,1.0730093643336824,-3.965093089476286
195.52,1.0333214104588873,-3.971976921128404
195.53,0.9935698259111144,-3.977868894653348
195.54,0.9537640325658203,-3.982866587081632
195.55,0.9139124941694818,-3.9870639757540203
195.56,0.8740227530507398,-3.990551305752023
195.57,0.8341014680544413,-3.993414977031738
195.58,0.794154453510105,-3.995737449560138
195.59,0.7541867190632384,-3.997597164781644
195.6,0.7142025102144721,-3.9990684817840347
195.61,0.6742053494275578,-4.000221626584508
195.62,0.634198077682782,-4.001122653017299
195.63,0.5941828963672119,-4.001833413772111
195.64000000000001,0.5541614094073398,-4.002411540206224
195.65,0.5141346655630873,-4.002910429631396
195.66,0.47410320081471186,-4.003379238858292
195.67000000000002,0.4340670807859215,-4.0038628828653895
195.68,0.3940259431574041,-4.0044020375451765
195.69,0.3539790400350179,-4.005033145567427
195.70000000000002,0.3139252802460555,-4.005788424486805
195.71,0.2738632715452818,-4.00669587630962
195.72,0.23379136271986306,-4.007779297821924
195.73000000000002,0.1937076855888433,-4.009058291068109
195.74,0.1536101968985009,-4.0105482734555356
195.75,0.11349672011973258,-4.0122604870465395
195.76,0.07336498715757009,-4.014202006684346
195.77,0.03321267998604566,-4.01637574668408
195.78,-0.0069625277761115115,-4.018780465904263
195.79,-0.04716292933203961,-4.021410771098105
195.8,-0.08739074319807362,-4.024257118527645
195.81,-0.1276480717025925,-4.027305813907537
195.82,-0.16793685947622436,-4.03053901082923
195.83,-0.2082588519191771,-4.033934707900535
195.84,-0.24861555363423504,-4.0374667449202954
195.85,-0.289008186817583,-4.041104798493184
195.86,-0.3294376496040987,-4.044814377575575
195.87,-0.36990447436909446,-4.048556819530031
195.88,-0.4104087859946993,-4.052289287353155
195.89000000000001,-0.4509502601161576,-4.055964768829244
195.9,-0.49152808137128423,-4.059532078450191
195.91,-0.5321409016851614,-4.062935863030065
195.92000000000002,-0.5727867986318855,-4.066116612030425
195.93,-0.61346323392577,-4.069010673699117
195.94,-0.6541670121058679,-4.071550278210471
195.95000000000002,-0.6948942394899793,-4.073663569077652
195.96,-0.7356402834874209,-4.075274644187562
195.97,-0.7763997323737306,-4.076303607883944
195.98000000000002,-0.8171663556450999,-4.0766666355941865
195.99,-0.8579330650856144,-4.076276052558107
196.0,-0.898691876696262,-4.075040428271413
196.01,-0.9394338736510427,-4.072864688300678
196.02,-0.9801491704622757,-4.069650245158767
196.03,-1.020826878554218,-4.065295149947639
196.04,-1.0614550734612285,-4.059694266477131
196.05,-1.1020207638837607,-4.05273946955156
196.06,-1.1425098628522596,-4.044319869078175
196.07,-1.1829071612653244,-4.034322061590479
196.08,-1.2231963040840694,-4.022630410692555
196.09,-1.2633597694791754,-4.009127357815564
196.1,-1.3033788512403806,-3.993693764532031
196.11,-1.3432336447698159,-3.9762092874954065
196.12,-1.3829030369902886,-3.956552786859606
196.13,-1.422364700507008,-3.9346027687842278
196.14000000000001,-1.461595092365973,-3.9102378623446503
196.15,-1.500569457753901,-3.8833373308414627
196.16,-1.5392618389828023,-3.8537816171404766
196.17000000000002,-1.5776450900967105,-3.821452922273423
196.18,-1.6156908974282709,-3.786235816091566
196.19,-1.6533698064185418,-3.7480178782920603
196.20000000000002,-1.690651254994112,-3.706690367632943
196.21,-1.7275036137712005,-3.662148916621361
196.22,-1.763894233326539,-3.6142942484061575
196.23000000000002,-1.7997894987393237,-3.5630329120365873
196.24,-1.8351548915672709,-3.5082780316712388
196.25,-1.8699550593727485,-3.4499500647437316
196.26,-1.9041538928621455,-3.3879775635242138
196.27,-1.9377146106432326,-3.3222979339687204
196.28,-1.9705998515415197,-3.2528581852337233
196.29,-2.002771774347907,-3.1796156627629193
196.3,-2.034192164796778,-3.1025387574403083
196.31,-2.064822549496713,-3.021607582960893
196.32,-2.0946243164559957,-2.936814613310899
196.33,-2.123558841762931,-2.8481652720858492
196.34,-2.1515876218977126,-2.7556784653189594
196.35,-2.17867241106931,-2.6593870495549328
196.36,-2.204775362888811,-2.5593382270944405
196.37,-2.2298591756111987,-2.455593860659718
196.38,-2.2538872401020056,-2.3482307001967135
196.39000000000001,-2.276823789615133,-2.237340515136435
196.4,-2.2986340504047345,-2.1230301261869022
196.41,-2.3192843921388713,-2.0054213316135736
196.42000000000002,-2.338742477037006,-1.8846507239830672
196.43,-2.3569774066185327,-1.760869394481762
196.44,-2.373959864926641,-1.6342425231633326
196.45000000000002,-2.3896622570817994,-1.5049488548100485
196.46,-2.404058842022842,-1.3731800614912948
196.47,-2.4171258583116253,-1.2391399943460752
196.48000000000002,-2.428841641909764,-1.1030438285788569
196.49,-2.439186734883202,-0.9651171071129385
196.5,-2.4481439840520225,-0.8255946897644809
196.51,-2.455698628678492,-0.6847196161550353
196.52,-2.461838376375123,-0.5427418918429128
196.53,-2.46655346651535,-0.39991720829732014
196.54,-2.4698367205410694,-0.2565056083391407
196.55,-2.471683578682133,-0.11277010950655314
196.56,-2.4720921227312003,0.03102470154624959
196.57,-2.471063084651208,0.17461409005784473
196.58,-2.4685998409300436,0.3177345957745099
196.59,-2.4647083927357176,0.4601254433426988
196.6,-2.4593973320631894,0.6015299268385892
196.61,-2.4526777941989457,0.7416967551934256
196.62,-2.444563396959321,0.8803813458745777
196.63,-2.4350701672814545,1.017347054971895
196.64000000000001,-2.4242164558598835,1.1523663327993727
196.65,-2.4120228406254673,1.285221795232184
196.66,-2.39851201995524,1.4157072022347033
196.67000000000002,-2.383708696580773,1.5436283363699368
196.68,-2.367639453227841,1.6688037754871117
196.69,-2.350332621071031,1.7910655552336885
196.70000000000002,-2.331818142123167,1.9102597185025127
196.71,-2.3121274267009806,2.026246750376791
196.72,-2.2912932071156313,2.138901898549205
196.73000000000002,-2.2693493887299967,2.248115380542939
196.74,-2.246330899504773,2.3537924803304864
196.75,-2.222273539123387,2.4558535381126307
196.76,-2.1972138287425205,2.554233838069919
196.77,-2.171188862361989,2.6488833998207433
196.78,-2.1442361607461056,2.7397666801056695
196.79,-2.1163935287598754,2.8268621918622197
196.8,-2.0876989169088613,2.9101620483564203
196.81,-2.058190287792747,2.989671440398698
196.82,-2.0279054881008873,3.0654080548964275
196.83,-1.9968821266948185,3.1374014430903268
196.84,-1.9651574592390806,3.205692346795663
196.85,-1.9327682797589052,3.270331990832312
196.86,-1.8997508194224344,3.3313813495916187
196.87,-1.8661406527670727,3.388910395365217
196.88,-1.83197261151513,3.4429973356644386
196.89000000000001,-1.7972807060537839,3.493727846301634
196.9,-1.7620980545890972,3.541194306499606
196.91,-1.7264568199237917,3.585495041754824
196.92000000000002,-1.6903881537540006,3.6267335796159226
196.93,-1.6539221483314732,3.665017922962155
196.94,-1.6170877952947578,3.700459844786925
196.95000000000002,-1.5799129514357348,3.733174207918189
196.96,-1.542424311136394,3.763278312548125
196.97,-1.5046473851847724,3.790891273905719
196.98000000000002,-1.4666064856582794,3.8161334318932596
196.99,-1.428324716546907,3.839125794025546
197.0,-1.3898239697777686,3.859989512562319
197.01,-1.3511249262956606,3.8788453963123173
197.02,-1.312247061851522,3.8958134572129404
197.03,-1.2732086571514016,3.9110124914535027
197.04,-1.2340268120224518,3.924559694612394
197.05,-1.1947174632591537,3.9365703100185656
197.06,-1.1552954058220806,3.94715730932444
197.07,-1.1157743170726648,3.956431104089162
197.08,-1.0761667837402973,3.964499287016067
197.09,-1.0364843313323435,3.9714664013643306
197.1,-0.9967374557130106,3.977433736959675
197.11,-0.9569356565931499,3.9824991511603125
197.12,-0.9170874726898043,3.9867569130896325
197.13,-0.8772005183313573,3.990297569424025
197.14000000000001,-0.8372815213013237,3.993207830020307
197.15,-0.797336361730951,3.9955704716801654
197.16,-0.7573701118677204,3.997464258376687
197.17000000000002,-0.7173870765634173,3.998963876308339
197.18,-0.6773908343415537,4.000139882196731
197.19,-0.6373842789194828,4.001058663304471
197.20000000000002,-0.5973696610754643,4.001782407716729
197.21,-0.5573486307651482,4.002369083503329
197.22,-0.5173222794053977,4.002872425456112
197.23000000000002,-0.4772911822560259,4.0033419281777105
197.24,-0.4372554408418434,4.00382284438189
197.25,-0.3972147253683881,4.0043561873514015
197.26,-0.35716831709481545,4.004978736586175
197.27,-0.3171151506366646,4.005723045762127
197.28,-0.2770538561795729,4.0066174522084435
197.29,-0.23698280159249574,4.007686087198575
197.3,-0.19690013443560136,4.0089488864372065
197.31,-0.1568038238637516,4.010421600211869
197.32,-0.11669170243136401,4.012115802763726
197.33,-0.07656150780847708,4.01403890051732
197.34,-0.036410924421017614,4.016194138893709
197.35,0.0037623749693970893,4.018580607515733
197.36,0.043960687729297045,4.0211932436980184
197.37,0.08418623984335746,4.0240228341981
197.38,0.12444114441325906,4.027056015288814
197.39000000000001,0.16472736014913375,4.030275271295987
197.4,0.2050466498391788,4.033658931829706
197.41,0.24540053878572787,4.037181168022111
197.42000000000002,0.2857902731996211,4.040811988169927
197.43,0.32621677854912645,4.0445172332658
197.44,0.36668061786493705,4.04825857298908
197.45000000000002,0.407181950008908,4.051993502813818
197.46,0.4477204879212134,4.055675342979426
197.47,0.4882954568684965,4.059253240157432
197.48000000000002,0.528905552724362,4.062672172735759
197.49,0.5695489003232117,4.065872960729639
197.5,0.6102230119389548,4.068792281415037
197.51,0.6509247459515124,4.071362691865823
197.52,0.6916502657762712,4.073512659658928
197.53,0.732394999144691,4.075166603091689
197.54,0.7731535978381049,4.076244942331235
197.55,0.8139198979913156,4.07666416298608
197.56,0.8546868810978264,4.076336893653484
197.57,0.8954466358643852,4.075171999051308
197.58,0.9361903210788526,4.073074690388098
197.59,0.9769081296721472,4.069946654658266
197.6,1.017589254172018,4.065686204568421
197.61,1.0582218537635155,4.060188450803996
197.62,1.0987930231880978,4.05334549833004
197.63,1.1392887637301163,4.045046668384071
197.64000000000001,1.1796939565557794,4.035178747759769
197.65,1.2199923386853118,4.02362626689556
197.66,1.2601664818936904,4.010271808169506
197.67000000000002,1.300197774848702,3.9949963456588797
197.68,1.3400664088068681,3.977679617447334
197.69,1.3797513671976485,3.9582005313526256
197.70000000000002,1.4192304194339205,3.936437604701785
197.71,1.4584801192916843,3.912269438497134
197.72,1.4974758082038633,3.8855752259948884
197.73000000000002,1.536191623811582,3.8562352953579104
197.74,1.5746005141110213,3.8241316856460252
197.75,1.6126742575245023,3.7891487549723077
197.76,1.6503834892104674,3.7511738191839847
197.77,1.687697733908182,3.710097818925035
197.78,1.7245854455889682,3.665816012408288
197.79,1.761014054156348,3.6182286906728867
197.8,1.7969500194024262,3.567241911534645
197.81,1.8323588923870409,3.512768247859484
197.82,1.8672053843596157,3.454727545212278
197.83,1.9014534432912864,3.3930476833647263
197.84,1.9350663380269102,3.3276653355968357
197.85,1.968006750003223,3.258526719208881
197.86,2.000236872411088,3.1855883301864045
197.87,2.031718516606951,3.10881765454279
197.88,2.0624132255019436,3.0281938485151603
197.89000000000001,2.0922823935772548,2.9437083795228003
197.9,2.1212873930923997,2.8553656196256627
197.91,2.1493897059697677,2.7631833831556767
197.92000000000002,2.176551060755513,2.667193400246373
197.93,2.2027335739746947,2.5674417181661098
197.94,2.227899895118835,2.463989022674359
197.95000000000002,2.2520133544281817,2.3569108720742635
197.96,2.27503811256032,2.246297837230539
197.97,2.2969393111727925,2.1322555415593847
197.98000000000002,2.317683223391508,2.014904595872784
197.99,2.3372374030902487,1.8943804239664785
198.0,2.3555708318708377,1.7708329759685926
198.01,2.3726540626096204,1.6444263277005404
198.02,2.3884593584248486,1.5153381656262954
198.03,2.4029608259221464,1.383759158360146
198.04,2.416134541592051,1.2498922171437097
198.05,2.42795867026502,1.1139516491650128
198.06,2.4384135745753515,0.9761622090489095
198.07,2.4474819144459983,0.8367580552709606
198.08,2.4551487356807704,0.6959816196077485
198.09,2.4614015468381534,0.55408239900745
198.1,2.46623038366092,0.41131568041847755
198.11,2.469627860446523,0.2679412101262375
198.12,2.4715892078634445,0.1242218199962955
198.13,2.472112296846449,-0.019577976312440876
198.14000000000001,2.4711976483371956,-0.16319340363348694
198.15,2.4688484287737795,-0.30636084828757426
198.16,2.4650704313714447,-0.44881926995213295
198.17000000000002,2.459872043374737,-0.5903115887421845
198.18,2.453264199596601,-0.730586034222021
198.19,2.4452603226902965,-0.8693974436526141
198.20000000000002,2.4358762507235485,-1.0065084975549319
198.21,2.425130152739198,-1.1416908816169102
198.22,2.4130424330912104,-1.2747263650708134
198.23000000000002,2.399635625437782,-1.4054077868942192
198.24,2.3849342773533264,-1.533539942515755
198.25,2.368964826587467,-1.658940365108393
198.26,2.3517554700511587,-1.781439997000226
198.27,2.3333360266474625,-1.900883748196918
198.28,2.3137377950872207,-2.017130940463973
198.29,2.2929934078381837,-2.1300556368345385
198.3,2.27113668235053,-2.2395468577656996
198.31,2.2482024706828696,-2.345508686441642
198.32,2.2242265086216975,-2.4478602668972824
198.33,2.199245265344924,-2.546535699695651
198.34,2.1732957946277844,-2.6414838408246273
198.35,2.1464155885284315,-2.7326680102752565
198.36,2.118642434422279,-2.8200656174197403
198.37,2.0900142761800367,-2.903667710820619
198.38,2.060569080205867,-2.9834784604750513
198.39000000000001,2.030344706970536,-3.0595145807334583
198.4,1.9993787885911978,-3.131804702236717
198.41,1.9677086129258017,-3.2003887011991856
198.42000000000002,1.9353710145672143,-3.2653169942362834
198.43,1.902402273041076,-3.3266498067067136
198.44,1.8688380184330797,-3.384456422223085
198.45000000000002,1.834713144596614,-3.4388144205935247
198.46,1.8000617300212092,-3.489808911003937
198.47,1.7649169663765352,-3.537531766748808
198.48000000000002,1.729311094686233,-3.582080867280271
198.49,1.6932753490309298,-3.623559352782467
198.5,1.6568399076305835,-3.6620748959020317
198.51,1.6200338511128891,-3.6977389946858743
198.52,1.582885127736866,-3.7306662902032626
198.53,1.5454205253088238,-3.760973911768493
198.54,1.5076656495014962,-3.78878085213981
198.55,1.4696449082660277,-3.8142073745553122
198.56,1.43138150201039,-3.8373744529818565
198.57,1.3928974192063905,-3.8584032465018616
198.58,1.3542134370803527,-3.877414608347862
198.59,1.3153491270394333,-3.89452862971721
198.6,1.2763228644860085,-3.9098642181602608
198.61,1.237151842676228,-3.9235387100346575
198.62,1.1978520902853154,-3.935667516255469
198.63,1.1584384923511186,-3.9463638003447716
198.64000000000001,1.1189248142784198,-3.955738187593318
198.65,1.0793237285992523,-3.963898503989348
198.66,1.0396468441986328,-3.9709495434432953
198.67000000000002,0.9999047377303864,-3.9769928617398347
198.68,0.9601069869638362,-3.9821265955779976
198.69,0.9202622058188265,-3.9864453050136124
198.70000000000002,0.8803780808635641,-3.9900398375935677
198.71,0.8404614090669551,-3.9929972124660145
198.72,0.8005181366142438,-3.995400522762338
198.73000000000002,0.7605533986117083,-3.9973288545732806
198.74,0.7205715595227782,-3.9988572208809336
198.75,0.6805762541940897,-4.000056508858542
198.76,0.6405704293456074,-4.00099343900936
198.77,0.6005563854139025,-4.001730534682568
198.78,0.560535818651956,-4.002326100577072
198.79,0.5205098634023612,-4.002834208921571
198.8,0.4804791344735247,-4.003304692100438
198.81,0.4404437695603524,-4.003783140578824
198.82,0.4004034716619482,-4.004310905066019
198.83,0.36035755145903203,-4.004925101942996
198.84,0.3203049696230883,-4.005658621067395
198.85,0.2802443790376841,-4.0065401351568575
198.86,0.2401741669199511,-4.007594110039016
198.87,0.20009249683690378,-4.008840815143458
198.88,0.15999735061708195,-4.010296333697494
198.89000000000001,0.11988657016295391,-4.011972572173453
198.9,0.0797578991736129,-4.013877268620494
198.91,0.03960902479054404,-4.016013999598676
198.92000000000002,-0.0005623808183606293,-4.018382185517305
198.93,-0.04075861891980207,-4.020977094263492
198.94,-0.08098192270363047,-4.023789843090652
198.95000000000002,-0.12123441578161512,-4.02680739882041
198.96,-0.1615180706800387,-4.030012576495251
198.97,-0.20183466731152017,-4.033384036703468
198.98000000000002,-0.24218575141410809,-4.0368962818826155
198.99,-0.2825725929491725,-4.04051965199283
199.0,-0.3229961444539647,-4.044220320037262
199.01,-0.3634569993499177,-4.047960287993317
199.02,-0.40395535021383105,-4.05169738380553
199.03,-0.44449094702602837,-4.055385260178515
199.04,-0.4850630554174014,-4.058973395996413
199.05,-0.5256704149459567,-4.062407101283276
199.06,-0.5663111974430669,-4.065627526706521
199.07,-0.606982965480087,-4.068571678712489
199.08,-0.6476826310173166,-4.071172441468597
199.09,-0.6884064143094589,-4.073358606869825
199.1,-0.7291498031547131,-4.07505491394752
199.11,-0.7699075125884093,-4.076182099094515
199.12,-0.8106734451366034,-4.076656958591357
199.13,-0.8514406517602364,-4.076392424982462
199.14000000000001,-0.8922012936362527,-4.075297658906856
199.15,-0.9329466049383736,-4.073278158034069
199.16,-0.973666856796934,-4.070235884789894
199.17000000000002,-1.0143513226341714,-4.066069414577111
199.18,-1.054988245088476,-4.060674106200688
199.19,-1.095564804758185,-4.0539422961933
199.20000000000002,-1.1360670910123418,-4.045763518702741
199.21,-1.1764800751322395,-4.036024752545588
199.22,-1.2167875860632535,-4.0246106969489555
199.23000000000002,-1.2569722890712187,-4.011404077391777
199.24,-1.297015667611089,-3.9962859828165467
199.25,-1.3368980087275495,-3.9791362353096535
199.26,-1.376598392317282,-3.959833793141289
199.27,-1.4160946845903752,-3.9382571878127575
199.28,-1.455363536073537,-3.914284995478584
199.29,-1.4943803844999468,-3.887796342792153
199.3,-1.53311946292938,-3.8586714468665537
199.31,-1.571553813437278,-3.826792188647105
199.32,-1.6096553067023223,-3.792042718559924
199.33,-1.6473946678084765,-3.7543100928337982
199.34,-1.6847415085589983,-3.713484938393459
199.35,-1.7216643665763456,-3.6694621436951156
199.36,-1.7581307514329005,-3.6221415723247525
199.37,-1.7941071980228405,-3.5714287956124156
199.38,-1.8295593273451487,-3.517235839938782
199.39000000000001,-1.8644519148216163,-3.459481943832168
199.4,-1.8987489662217922,-3.398094319384288
199.41,-1.9324138012093022,-3.3330089119621014
199.42000000000002,-1.9654091444610344,-3.264171151672394
199.43,-1.99769722424275,-3.1915366895575477
199.44,-2.029239878252185,-3.115072111077956
199.45000000000002,-2.0599986664643093,-3.0347556190817584
199.46,-2.0899349906338207,-2.9505776781890147
199.47,-2.11901022002809,-2.862541612337778
199.48000000000002,-2.1471858228805765,-2.770664147165774
199.49,-2.1744235029714054,-2.674975888944455
199.5,-2.200685340659466,-2.5755217319515604
199.51,-2.225933937610437,-2.4723611864715567
199.52,-2.2501325643888967,-2.365568620055841
199.53,-2.2732453100115535,-2.255233405259123
199.54,-2.2952372324940793,-2.1414599677947734
199.55,-2.316074509367449,-2.024367729916864
199.56,-2.3357245870924164,-1.9040909448334231
199.57,-2.3541563282641174,-1.78077841907395
199.58,-2.3713401554738955,-1.6545931209609674
199.59,-2.3872481906833367,-1.525711674653391
199.6,-2.4018543889669632,-1.3943237406187945
199.61,-2.4151346654957124,-1.2606312848294956
199.62,-2.427067014663553,-1.1248477404386865
199.63,-2.437631620304486,-0.9871970671507514
199.64000000000001,-2.4468109560065683,-0.8479127149264883
199.65,-2.454589874603016,-0.70723650003078
199.66,-2.4609556860071837,-0.5654174027092671
199.67000000000002,-2.4658982226572013,-0.42271029694482404
199.68,-2.4694098919460803,-0.27937462376901645
199.69,-2.471485715132582,-0.13567302046575427
199.70000000000002,-2.472123352355396,0.008130081315145893
199.71,-2.4713231135062794,0.15176987503314318
199.72,-2.469087954854733,0.29498260254379005
199.73000000000002,-2.4654234614554036,0.4375069673584664
199.74,-2.4603378155075637,0.5790855241922889
199.75,-2.453841750971558,0.7194660314815273
199.76,-2.4459484948779333,0.8584027541216847
199.77,-2.4366736958891244,0.9956577044381143
199.78,-2.4260353407891713,1.1310018103356234
199.79,-2.4140536596824123,1.2642160006612748
199.8,-2.400751020775946,1.395092199031883
199.81,-2.3861518157017745,1.523434218698509
199.82,-2.370282336401976,1.6490585524171084
199.83,-2.353170644653433,1.7717950527390125
199.84,-2.334846435347196,1.8914874995988566
199.85,-2.3153408946614555,2.0079940535333205
199.86,-2.2946865542765296,2.1211875942854275
199.87,-2.272917142775747,2.2309559459119903
199.88,-2.2500674353582895,2.337201990794492
199.89000000000001,-2.2261731029598573,2.439843676137454
199.9,-2.201270561835541,2.5388139176077136
199.91,-2.175396824607703,2.634060405710879
199.92000000000002,-2.148589353721323,2.7255453213088465
199.93,-2.120885918181526,2.813244967349458
199.94,-2.0923244543743333,2.8971493244041544
199.95000000000002,-2.0629429316934424,2.9772615379929572
199.96,-2.032779223614474,3.0535973459221744
199.97,-2.001870984774999,3.126184453975271
199.98000000000002,-1.970255534534969,3.195061868289752
199.99,-1.9379697474092041,3.260279192632845
