delta,beta,steady_time
0.1,0.5,54.300000000000004
0.1,0.5204081632653061,55.550000000000004
0.1,0.5408163265306123,56.900000000000006
0.1,0.5612244897959183,10.9
0.1,0.5816326530612245,82.85000000000001
0.1,0.6020408163265306,80.55000000000001
0.1,0.6224489795918368,78.9
0.1,0.6428571428571428,77.5
0.1,0.6632653061224489,76.25
0.1,0.6836734693877551,85.7
0.1,0.7040816326530612,84.60000000000001
0.1,0.7244897959183674,83.9
0.1,0.7448979591836735,82.9
0.1,0.7653061224489796,82.35000000000001
0.1,0.7857142857142857,81.4
0.1,0.8061224489795917,80.9
0.1,0.8265306122448979,79.95
0.1,0.846938775510204,79.5
0.1,0.8673469387755102,79.05000000000001
0.1,0.8877551020408163,78.30000000000001
0.1,0.9081632653061225,77.9
0.1,0.9285714285714286,77.55000000000001
0.1,0.9489795918367346,76.75
0.1,0.9693877551020408,76.35000000000001
0.1,0.9897959183673469,75.95
0.1,1.010204081632653,75.2
0.1,1.030612244897959,74.85000000000001
0.1,1.0510204081632653,74.55
0.1,1.0714285714285714,74.3
0.1,1.0918367346938775,73.7
0.1,1.1122448979591835,73.4
0.1,1.1326530612244898,73.10000000000001
0.1,1.1530612244897958,72.85000000000001
0.1,1.1734693877551021,72.60000000000001
0.1,1.193877551020408,71.95
0.1,1.2142857142857142,71.65
0.1,1.2346938775510203,71.35000000000001
0.1,1.2551020408163265,71.15
0.1,1.2755102040816326,70.55
0.1,1.2959183673469385,70.25
0.1,1.316326530612245,69.95
0.1,1.3367346938775508,69.7
0.1,1.3571428571428572,69.5
0.1,1.3775510204081631,69.25
0.1,1.3979591836734693,68.75
0.1,1.4183673469387754,68.55
0.1,1.4387755102040816,68.4
0.1,1.4591836734693877,68.25
0.1,1.4795918367346939,68.15
0.1,1.5,76.10000000000001
0.10816326530612246,0.5,50.2
0.10816326530612246,0.5204081632653061,51.5
0.10816326530612246,0.5408163265306123,49.900000000000006
0.10816326530612246,0.5612244897959183,53.0
0.10816326530612246,0.5816326530612245,84.0
0.10816326530612246,0.6020408163265306,80.7
0.10816326530612246,0.6224489795918368,78.85000000000001
0.10816326530612246,0.6428571428571428,77.45
0.10816326530612246,0.6632653061224489,76.15
0.10816326530612246,0.6836734693877551,75.0
0.10816326530612246,0.7040816326530612,74.3
0.10816326530612246,0.7244897959183674,73.25
0.10816326530612246,0.7448979591836735,72.7
0.10816326530612246,0.7653061224489796,71.8
0.10816326530612246,0.7857142857142857,71.3
0.10816326530612246,0.8061224489795917,70.5
0.10816326530612246,0.8265306122448979,69.95
0.10816326530612246,0.846938775510204,69.55
0.10816326530612246,0.8673469387755102,68.75
0.10816326530612246,0.8877551020408163,68.4
0.10816326530612246,0.9081632653061225,68.10000000000001
0.10816326530612246,0.9285714285714286,67.75
0.10816326530612246,0.9489795918367346,67.0
0.10816326530612246,0.9693877551020408,66.65
0.10816326530612246,0.9897959183673469,66.35000000000001
0.10816326530612246,1.010204081632653,65.65
0.10816326530612246,1.030612244897959,65.3
0.10816326530612246,1.0510204081632653,65.05
0.10816326530612246,1.0714285714285714,73.5
0.10816326530612246,1.0918367346938775,73.25
0.10816326530612246,1.1122448979591835,73.0
0.10816326530612246,1.1326530612244898,72.7
0.10816326530612246,1.1530612244897958,72.05
0.10816326530612246,1.1734693877551021,71.8
0.10816326530612246,1.193877551020408,71.55
0.10816326530612246,1.2142857142857142,71.3
0.10816326530612246,1.2346938775510203,70.65
0.10816326530612246,1.2551020408163265,70.35000000000001
0.10816326530612246,1.2755102040816326,70.10000000000001
0.10816326530612246,1.2959183673469385,69.85000000000001
0.10816326530612246,1.316326530612245,69.60000000000001
0.10816326530612246,1.3367346938775508,68.95
0.10816326530612246,1.3571428571428572,68.75
0.10816326530612246,1.3775510204081631,68.55
0.10816326530612246,1.3979591836734693,68.35000000000001
0.10816326530612246,1.4183673469387754,68.15
0.10816326530612246,1.4387755102040816,68.0
0.10816326530612246,1.4591836734693877,67.8
0.10816326530612246,1.4795918367346939,67.3
0.10816326530612246,1.5,67.15
0.1163265306122449,0.5,45.25
0.1163265306122449,0.5204081632653061,46.650000000000006
0.1163265306122449,0.5408163265306123,48.1
0.1163265306122449,0.5612244897959183,49.300000000000004
0.1163265306122449,0.5816326530612245,75.7
0.1163265306122449,0.6020408163265306,81.05000000000001
0.1163265306122449,0.6224489795918368,78.85000000000001
0.1163265306122449,0.6428571428571428,77.30000000000001
0.1163265306122449,0.6632653061224489,76.05
0.1163265306122449,0.6836734693877551,74.85000000000001
0.1163265306122449,0.7040816326530612,73.75
0.1163265306122449,0.7244897959183674,73.15
0.1163265306122449,0.7448979591836735,72.10000000000001
0.1163265306122449,0.7653061224489796,71.60000000000001
0.1163265306122449,0.7857142857142857,71.10000000000001
0.1163265306122449,0.8061224489795917,70.25
0.1163265306122449,0.8265306122448979,69.75
0.1163265306122449,0.846938775510204,68.9
0.1163265306122449,0.8673469387755102,68.5
0.1163265306122449,0.8877551020408163,68.15
0.1163265306122449,0.9081632653061225,67.45
0.1163265306122449,0.9285714285714286,67.10000000000001
0.1163265306122449,0.9489795918367346,66.75
0.1163265306122449,0.9693877551020408,66.4
0.1163265306122449,0.9897959183673469,65.65
0.1163265306122449,1.010204081632653,65.35000000000001
0.1163265306122449,1.030612244897959,65.05
0.1163265306122449,1.0510204081632653,64.75
0.1163265306122449,1.0714285714285714,64.10000000000001
0.1163265306122449,1.0918367346938775,63.85
0.1163265306122449,1.1122448979591835,63.6
0.1163265306122449,1.1326530612244898,63.400000000000006
0.1163265306122449,1.1530612244897958,63.150000000000006
0.1163265306122449,1.1734693877551021,62.6
0.1163265306122449,1.193877551020408,62.300000000000004
0.1163265306122449,1.2142857142857142,62.050000000000004
0.1163265306122449,1.2346938775510203,61.85
0.1163265306122449,1.2551020408163265,61.650000000000006
0.1163265306122449,1.2755102040816326,61.050000000000004
0.1163265306122449,1.2959183673469385,60.800000000000004
0.1163265306122449,1.316326530612245,60.550000000000004
0.1163265306122449,1.3367346938775508,60.35
0.1163265306122449,1.3571428571428572,60.150000000000006
0.1163265306122449,1.3775510204081631,60.0
0.1163265306122449,1.3979591836734693,59.5
0.1163265306122449,1.4183673469387754,59.300000000000004
0.1163265306122449,1.4387755102040816,59.150000000000006
0.1163265306122449,1.4591836734693877,59.0
0.1163265306122449,1.4795918367346939,58.900000000000006
0.1163265306122449,1.5,66.75
0.12448979591836735,0.5,43.25
0.12448979591836735,0.5204081632653061,44.75
0.12448979591836735,0.5408163265306123,46.0
0.12448979591836735,0.5612244897959183,47.2
0.12448979591836735,0.5816326530612245,53.0
0.12448979591836735,0.6020408163265306,71.25
0.12448979591836735,0.6224489795918368,68.45
0.12448979591836735,0.6428571428571428,66.8
0.12448979591836735,0.6632653061224489,65.5
0.12448979591836735,0.6836734693877551,64.7
0.12448979591836735,0.7040816326530612,63.650000000000006
0.12448979591836735,0.7244897959183674,62.75
0.12448979591836735,0.7448979591836735,62.1
0.12448979591836735,0.7653061224489796,61.6
0.12448979591836735,0.7857142857142857,60.75
0.12448979591836735,0.8061224489795917,60.35
0.12448979591836735,0.8265306122448979,59.95
0.12448979591836735,0.846938775510204,59.150000000000006
0.12448979591836735,0.8673469387755102,58.800000000000004
0.12448979591836735,0.8877551020408163,67.45
0.12448979591836735,0.9081632653061225,67.15
0.12448979591836735,0.9285714285714286,66.85000000000001
0.12448979591836735,0.9489795918367346,66.45
0.12448979591836735,0.9693877551020408,65.75
0.12448979591836735,0.9897959183673469,65.4
0.12448979591836735,1.010204081632653,65.10000000000001
0.12448979591836735,1.030612244897959,64.4
0.12448979591836735,1.0510204081632653,64.10000000000001
0.12448979591836735,1.0714285714285714,63.85
0.12448979591836735,1.0918367346938775,63.6
0.12448979591836735,1.1122448979591835,63.35
0.12448979591836735,1.1326530612244898,62.7
0.12448979591836735,1.1530612244897958,62.5
0.12448979591836735,1.1734693877551021,62.25
0.12448979591836735,1.193877551020408,62.050000000000004
0.12448979591836735,1.2142857142857142,61.800000000000004
0.12448979591836735,1.2346938775510203,61.2
0.12448979591836735,1.2551020408163265,60.95
0.12448979591836735,1.2755102040816326,60.7
0.12448979591836735,1.2959183673469385,60.5
0.12448979591836735,1.316326530612245,60.25
0.12448979591836735,1.3367346938775508,60.050000000000004
0.12448979591836735,1.3571428571428572,59.5
0.12448979591836735,1.3775510204081631,59.300000000000004
0.12448979591836735,1.3979591836734693,59.1
0.12448979591836735,1.4183673469387754,58.95
0.12448979591836735,1.4387755102040816,58.800000000000004
0.12448979591836735,1.4591836734693877,58.650000000000006
0.12448979591836735,1.4795918367346939,58.5
0.12448979591836735,1.5,58.35
0.1326530612244898,0.5,41.1
0.1326530612244898,0.5204081632653061,42.550000000000004
0.1326530612244898,0.5408163265306123,41.800000000000004
0.1326530612244898,0.5612244897959183,40.800000000000004
0.1326530612244898,0.5816326530612245,43.75
0.1326530612244898,0.6020408163265306,72.7
0.1326530612244898,0.6224489795918368,68.8
0.1326530612244898,0.6428571428571428,67.0
0.1326530612244898,0.6632653061224489,65.55
0.1326530612244898,0.6836734693877551,64.35000000000001
0.1326530612244898,0.7040816326530612,63.6
0.1326530612244898,0.7244897959183674,62.6
0.1326530612244898,0.7448979591836735,62.0
0.1326530612244898,0.7653061224489796,61.1
0.1326530612244898,0.7857142857142857,60.650000000000006
0.1326530612244898,0.8061224489795917,60.2
0.1326530612244898,0.8265306122448979,59.400000000000006
0.1326530612244898,0.846938775510204,59.0
0.1326530612244898,0.8673469387755102,58.6
0.1326530612244898,0.8877551020408163,57.900000000000006
0.1326530612244898,0.9081632653061225,57.550000000000004
0.1326530612244898,0.9285714285714286,57.25
0.1326530612244898,0.9489795918367346,57.0
0.1326530612244898,0.9693877551020408,56.300000000000004
0.1326530612244898,0.9897959183673469,56.0
0.1326530612244898,1.010204081632653,55.7
0.1326530612244898,1.030612244897959,55.45
0.1326530612244898,1.0510204081632653,54.900000000000006
0.1326530612244898,1.0714285714285714,54.550000000000004
0.1326530612244898,1.0918367346938775,54.35
0.1326530612244898,1.1122448979591835,54.150000000000006
0.1326530612244898,1.1326530612244898,53.95
0.1326530612244898,1.1530612244897958,53.800000000000004
0.1326530612244898,1.1734693877551021,61.95
0.1326530612244898,1.193877551020408,61.25
0.1326530612244898,1.2142857142857142,61.050000000000004
0.1326530612244898,1.2346938775510203,52.6
0.1326530612244898,1.2551020408163265,60.650000000000006
0.1326530612244898,1.2755102040816326,60.400000000000006
0.1326530612244898,1.2959183673469385,60.150000000000006
0.1326530612244898,1.316326530612245,59.550000000000004
0.1326530612244898,1.3367346938775508,59.35
0.1326530612244898,1.3571428571428572,59.2
0.1326530612244898,1.3775510204081631,59.0
0.1326530612244898,1.3979591836734693,58.85
0.1326530612244898,1.4183673469387754,58.650000000000006
0.1326530612244898,1.4387755102040816,58.1
0.1326530612244898,1.4591836734693877,57.95
0.1326530612244898,1.4795918367346939,57.800000000000004
0.1326530612244898,1.5,57.7
0.14081632653061227,0.5,38.6
0.14081632653061227,0.5204081632653061,37.5
0.14081632653061227,0.5408163265306123,37.550000000000004
0.14081632653061227,0.5612244897959183,38.95
0.14081632653061227,0.5816326530612245,41.85
0.14081632653061227,0.6020408163265306,76.35000000000001
0.14081632653061227,0.6224489795918368,69.65
0.14081632653061227,0.6428571428571428,67.2
0.14081632653061227,0.6632653061224489,65.65
0.14081632653061227,0.6836734693877551,64.35000000000001
0.14081632653061227,0.7040816326530612,63.6
0.14081632653061227,0.7244897959183674,62.550000000000004
0.14081632653061227,0.7448979591836735,61.95
0.14081632653061227,0.7653061224489796,61.0
0.14081632653061227,0.7857142857142857,60.550000000000004
0.14081632653061227,0.8061224489795917,60.050000000000004
0.14081632653061227,0.8265306122448979,59.300000000000004
0.14081632653061227,0.846938775510204,58.900000000000006
0.14081632653061227,0.8673469387755102,58.400000000000006
0.14081632653061227,0.8877551020408163,57.75
0.14081632653061227,0.9081632653061225,57.400000000000006
0.14081632653061227,0.9285714285714286,57.1
0.14081632653061227,0.9489795918367346,56.400000000000006
0.14081632653061227,0.9693877551020408,56.1
0.14081632653061227,0.9897959183673469,55.800000000000004
0.14081632653061227,1.010204081632653,55.550000000000004
0.14081632653061227,1.030612244897959,54.900000000000006
0.14081632653061227,1.0510204081632653,54.6
0.14081632653061227,1.0714285714285714,54.35
0.14081632653061227,1.0918367346938775,54.1
0.14081632653061227,1.1122448979591835,53.900000000000006
0.14081632653061227,1.1326530612244898,53.7
0.14081632653061227,1.1530612244897958,53.150000000000006
0.14081632653061227,1.1734693877551021,52.900000000000006
0.14081632653061227,1.193877551020408,52.7
0.14081632653061227,1.2142857142857142,52.5
0.14081632653061227,1.2346938775510203,52.35
0.14081632653061227,1.2551020408163265,52.150000000000006
0.14081632653061227,1.2755102040816326,51.6
0.14081632653061227,1.2959183673469385,51.35
0.14081632653061227,1.316326530612245,51.150000000000006
0.14081632653061227,1.3367346938775508,51.0
0.14081632653061227,1.3571428571428572,50.85
0.14081632653061227,1.3775510204081631,50.7
0.14081632653061227,1.3979591836734693,50.5
0.14081632653061227,1.4183673469387754,50.050000000000004
0.14081632653061227,1.4387755102040816,49.900000000000006
0.14081632653061227,1.4591836734693877,49.75
0.14081632653061227,1.4795918367346939,49.6
0.14081632653061227,1.5,49.5
0.1489795918367347,0.5,35.85
0.1489795918367347,0.5204081632653061,35.85
0.1489795918367347,0.5408163265306123,37.25
0.1489795918367347,0.5612244897959183,38.45
0.1489795918367347,0.5816326530612245,40.0
0.1489795918367347,0.6020408163265306,44.400000000000006
0.1489795918367347,0.6224489795918368,60.300000000000004
0.1489795918367347,0.6428571428571428,57.35
0.1489795918367347,0.6632653061224489,55.75
0.1489795918367347,0.6836734693877551,54.45
0.1489795918367347,0.7040816326530612,53.7
0.1489795918367347,0.7244897959183674,52.650000000000006
0.1489795918367347,0.7448979591836735,61.75
0.1489795918367347,0.7653061224489796,60.900000000000006
0.1489795918367347,0.7857142857142857,60.400000000000006
0.1489795918367347,0.8061224489795917,59.550000000000004
0.1489795918367347,0.8265306122448979,59.150000000000006
0.1489795918367347,0.846938775510204,58.7
0.1489795918367347,0.8673469387755102,57.900000000000006
0.1489795918367347,0.8877551020408163,57.6
0.1489795918367347,0.9081632653061225,57.25
0.1489795918367347,0.9285714285714286,56.550000000000004
0.1489795918367347,0.9489795918367346,56.25
0.1489795918367347,0.9693877551020408,55.95
0.1489795918367347,0.9897959183673469,55.650000000000006
0.1489795918367347,1.010204081632653,55.0
0.1489795918367347,1.030612244897959,54.7
0.1489795918367347,1.0510204081632653,54.45
0.1489795918367347,1.0714285714285714,54.2
0.1489795918367347,1.0918367346938775,53.95
0.1489795918367347,1.1122448979591835,53.35
0.1489795918367347,1.1326530612244898,53.150000000000006
0.1489795918367347,1.1530612244897958,52.95
0.1489795918367347,1.1734693877551021,52.75
0.1489795918367347,1.193877551020408,52.550000000000004
0.1489795918367347,1.2142857142857142,52.35
0.1489795918367347,1.2346938775510203,51.800000000000004
0.1489795918367347,1.2551020408163265,51.550000000000004
0.1489795918367347,1.2755102040816326,51.35
0.1489795918367347,1.2959183673469385,51.150000000000006
0.1489795918367347,1.316326530612245,51.0
0.1489795918367347,1.3367346938775508,50.800000000000004
0.1489795918367347,1.3571428571428572,50.6
0.1489795918367347,1.3775510204081631,50.1
0.1489795918367347,1.3979591836734693,49.95
0.1489795918367347,1.4183673469387754,49.75
0.1489795918367347,1.4387755102040816,49.6
0.1489795918367347,1.4591836734693877,49.5
0.1489795918367347,1.4795918367346939,49.35
0.1489795918367347,1.5,49.25
0.15714285714285714,0.5,34.15
0.15714285714285714,0.5204081632653061,35.45
0.15714285714285714,0.5408163265306123,35.35
0.15714285714285714,0.5612244897959183,36.75
0.15714285714285714,0.5816326530612245,38.050000000000004
0.15714285714285714,0.6020408163265306,39.150000000000006
0.15714285714285714,0.6224489795918368,62.25
0.15714285714285714,0.6428571428571428,57.900000000000006
0.15714285714285714,0.6632653061224489,56.0
0.15714285714285714,0.6836734693877551,54.6
0.15714285714285714,0.7040816326530612,53.800000000000004
0.15714285714285714,0.7244897959183674,52.7
0.15714285714285714,0.7448979591836735,52.1
0.15714285714285714,0.7653061224489796,51.2
0.15714285714285714,0.7857142857142857,50.75
0.15714285714285714,0.8061224489795917,49.95
0.15714285714285714,0.8265306122448979,49.550000000000004
0.15714285714285714,0.846938775510204,49.2
0.15714285714285714,0.8673469387755102,48.550000000000004
0.15714285714285714,0.8877551020408163,48.150000000000006
0.15714285714285714,0.9081632653061225,47.85
0.15714285714285714,0.9285714285714286,47.6
0.15714285714285714,0.9489795918367346,56.0
0.15714285714285714,0.9693877551020408,55.7
0.15714285714285714,0.9897959183673469,54.95
0.15714285714285714,1.010204081632653,54.7
0.15714285714285714,1.030612244897959,54.5
0.15714285714285714,1.0510204081632653,54.2
0.15714285714285714,1.0714285714285714,53.900000000000006
0.15714285714285714,1.0918367346938775,53.300000000000004
0.15714285714285714,1.1122448979591835,53.1
0.15714285714285714,1.1326530612244898,52.95
0.15714285714285714,1.1530612244897958,52.75
0.15714285714285714,1.1734693877551021,52.5
0.15714285714285714,1.193877551020408,52.25
0.15714285714285714,1.2142857142857142,51.7
0.15714285714285714,1.2346938775510203,51.550000000000004
0.15714285714285714,1.2551020408163265,51.35
0.15714285714285714,1.2755102040816326,51.2
0.15714285714285714,1.2959183673469385,51.0
0.15714285714285714,1.316326530612245,50.75
0.15714285714285714,1.3367346938775508,50.2
0.15714285714285714,1.3571428571428572,50.050000000000004
0.15714285714285714,1.3775510204081631,49.900000000000006
0.15714285714285714,1.3979591836734693,49.7
0.15714285714285714,1.4183673469387754,49.6
0.15714285714285714,1.4387755102040816,49.45
0.15714285714285714,1.4591836734693877,49.300000000000004
0.15714285714285714,1.4795918367346939,49.150000000000006
0.15714285714285714,1.5,48.650000000000006
0.1653061224489796,0.5,33.85
0.1653061224489796,0.5204081632653061,33.65
0.1653061224489796,0.5408163265306123,35.050000000000004
0.1653061224489796,0.5612244897959183,34.75
0.1653061224489796,0.5816326530612245,36.1
0.1653061224489796,0.6020408163265306,37.25
0.1653061224489796,0.6224489795918368,10.05
0.1653061224489796,0.6428571428571428,59.0
0.1653061224489796,0.6632653061224489,56.35
0.1653061224489796,0.6836734693877551,54.800000000000004
0.1653061224489796,0.7040816326530612,53.900000000000006
0.1653061224489796,0.7244897959183674,52.800000000000004
0.1653061224489796,0.7448979591836735,51.85
0.1653061224489796,0.7653061224489796,51.25
0.1653061224489796,0.7857142857142857,50.75
0.1653061224489796,0.8061224489795917,49.95
0.1653061224489796,0.8265306122448979,49.5
0.1653061224489796,0.846938775510204,49.150000000000006
0.1653061224489796,0.8673469387755102,48.400000000000006
0.1653061224489796,0.8877551020408163,48.050000000000004
0.1653061224489796,0.9081632653061225,47.75
0.1653061224489796,0.9285714285714286,47.45
0.1653061224489796,0.9489795918367346,46.800000000000004
0.1653061224489796,0.9693877551020408,46.550000000000004
0.1653061224489796,0.9897959183673469,46.300000000000004
0.1653061224489796,1.010204081632653,46.050000000000004
0.1653061224489796,1.030612244897959,45.800000000000004
0.1653061224489796,1.0510204081632653,45.2
0.1653061224489796,1.0714285714285714,44.95
0.1653061224489796,1.0918367346938775,44.75
0.1653061224489796,1.1122448979591835,44.6
0.1653061224489796,1.1326530612244898,44.45
0.1653061224489796,1.1530612244897958,44.25
0.1653061224489796,1.1734693877551021,43.7
0.1653061224489796,1.193877551020408,43.5
0.1653061224489796,1.2142857142857142,43.35
0.1653061224489796,1.2346938775510203,43.2
0.1653061224489796,1.2551020408163265,43.050000000000004
0.1653061224489796,1.2755102040816326,50.25
0.1653061224489796,1.2959183673469385,50.150000000000006
0.1653061224489796,1.316326530612245,50.050000000000004
0.1653061224489796,1.3367346938775508,49.900000000000006
0.1653061224489796,1.3571428571428572,49.75
0.1653061224489796,1.3775510204081631,49.6
0.1653061224489796,1.3979591836734693,49.45
0.1653061224489796,1.4183673469387754,49.25
0.1653061224489796,1.4387755102040816,48.7
0.1653061224489796,1.4591836734693877,48.6
0.1653061224489796,1.4795918367346939,48.5
0.1653061224489796,1.5,48.400000000000006
0.17346938775510207,0.5,31.900000000000002
0.17346938775510207,0.5204081632653061,33.35
0.17346938775510207,0.5408163265306123,33.1
0.17346938775510207,0.5612244897959183,32.7
0.17346938775510207,0.5816326530612245,34.050000000000004
0.17346938775510207,0.6020408163265306,32.85
0.17346938775510207,0.6224489795918368,35.95
0.17346938775510207,0.6428571428571428,60.5
0.17346938775510207,0.6632653061224489,57.2
0.17346938775510207,0.6836734693877551,55.35
0.17346938775510207,0.7040816326530612,54.1
0.17346938775510207,0.7244897959183674,52.900000000000006
0.17346938775510207,0.7448979591836735,51.900000000000006
0.17346938775510207,0.7653061224489796,51.300000000000004
0.17346938775510207,0.7857142857142857,50.75
0.17346938775510207,0.8061224489795917,49.95
0.17346938775510207,0.8265306122448979,49.5
0.17346938775510207,0.846938775510204,49.1
0.17346938775510207,0.8673469387755102,48.35
0.17346938775510207,0.8877551020408163,48.050000000000004
0.17346938775510207,0.9081632653061225,47.7
0.17346938775510207,0.9285714285714286,47.050000000000004
0.17346938775510207,0.9489795918367346,46.75
0.17346938775510207,0.9693877551020408,46.45
0.17346938775510207,0.9897959183673469,46.2
0.17346938775510207,1.010204081632653,45.95
0.17346938775510207,1.030612244897959,45.35
0.17346938775510207,1.0510204081632653,45.1
0.17346938775510207,1.0714285714285714,44.85
0.17346938775510207,1.0918367346938775,44.650000000000006
0.17346938775510207,1.1122448979591835,44.45
0.17346938775510207,1.1326530612244898,44.2
0.17346938775510207,1.1530612244897958,43.7
0.17346938775510207,1.1734693877551021,43.5
0.17346938775510207,1.193877551020408,43.35
0.17346938775510207,1.2142857142857142,43.2
0.17346938775510207,1.2346938775510203,43.050000000000004
0.17346938775510207,1.2551020408163265,42.900000000000006
0.17346938775510207,1.2755102040816326,42.7
0.17346938775510207,1.2959183673469385,42.2
0.17346938775510207,1.316326530612245,42.0
0.17346938775510207,1.3367346938775508,41.85
0.17346938775510207,1.3571428571428572,41.7
0.17346938775510207,1.3775510204081631,41.550000000000004
0.17346938775510207,1.3979591836734693,41.45
0.17346938775510207,1.4183673469387754,41.35
0.17346938775510207,1.4387755102040816,41.25
0.17346938775510207,1.4591836734693877,41.1
0.17346938775510207,1.4795918367346939,40.650000000000006
0.17346938775510207,1.5,40.5
0.1816326530612245,0.5,31.650000000000002
0.1816326530612245,0.5204081632653061,31.400000000000002
0.1816326530612245,0.5408163265306123,30.950000000000003
0.1816326530612245,0.5612244897959183,32.4
0.1816326530612245,0.5816326530612245,29.85
0.1816326530612245,0.6020408163265306,31.25
0.1816326530612245,0.6224489795918368,34.1
0.1816326530612245,0.6428571428571428,63.6
0.1816326530612245,0.6632653061224489,57.7
0.1816326530612245,0.6836734693877551,55.7
0.1816326530612245,0.7040816326530612,54.2
0.1816326530612245,0.7244897959183674,53.0
0.1816326530612245,0.7448979591836735,51.900000000000006
0.1816326530612245,0.7653061224489796,51.35
0.1816326530612245,0.7857142857142857,50.75
0.1816326530612245,0.8061224489795917,49.95
0.1816326530612245,0.8265306122448979,49.5
0.1816326530612245,0.846938775510204,48.7
0.1816326530612245,0.8673469387755102,48.35
0.1816326530612245,0.8877551020408163,48.0
0.1816326530612245,0.9081632653061225,47.650000000000006
0.1816326530612245,0.9285714285714286,46.95
0.1816326530612245,0.9489795918367346,46.650000000000006
0.1816326530612245,0.9693877551020408,46.400000000000006
0.1816326530612245,0.9897959183673469,46.150000000000006
0.1816326530612245,1.010204081632653,45.5
0.1816326530612245,1.030612244897959,45.25
0.1816326530612245,1.0510204081632653,45.0
0.1816326530612245,1.0714285714285714,44.800000000000004
0.1816326530612245,1.0918367346938775,44.550000000000004
0.1816326530612245,1.1122448979591835,44.300000000000004
0.1816326530612245,1.1326530612244898,43.800000000000004
0.1816326530612245,1.1530612244897958,43.6
0.1816326530612245,1.1734693877551021,43.400000000000006
0.1816326530612245,1.193877551020408,43.25
0.1816326530612245,1.2142857142857142,43.050000000000004
0.1816326530612245,1.2346938775510203,42.900000000000006
0.1816326530612245,1.2551020408163265,42.7
0.1816326530612245,1.2755102040816326,42.2
0.1816326530612245,1.2959183673469385,42.050000000000004
0.1816326530612245,1.316326530612245,41.85
0.1816326530612245,1.3367346938775508,41.7
0.1816326530612245,1.3571428571428572,41.550000000000004
0.1816326530612245,1.3775510204081631,41.45
0.1816326530612245,1.3979591836734693,41.300000000000004
0.1816326530612245,1.4183673469387754,41.150000000000006
0.1816326530612245,1.4387755102040816,40.7
0.1816326530612245,1.4591836734693877,40.550000000000004
0.1816326530612245,1.4795918367346939,40.400000000000006
0.1816326530612245,1.5,40.300000000000004
0.18979591836734694,0.5,29.6
0.18979591836734694,0.5204081632653061,29.05
0.18979591836734694,0.5408163265306123,28.400000000000002
0.18979591836734694,0.5612244897959183,28.3
0.18979591836734694,0.5816326530612245,29.55
0.18979591836734694,0.6020408163265306,29.55
0.18979591836734694,0.6224489795918368,32.45
0.18979591836734694,0.6428571428571428,10.0
0.18979591836734694,0.6632653061224489,49.2
0.18979591836734694,0.6836734693877551,46.35
0.18979591836734694,0.7040816326530612,54.25
0.18979591836734694,0.7244897959183674,52.95
0.18979591836734694,0.7448979591836735,51.800000000000004
0.18979591836734694,0.7653061224489796,51.25
0.18979591836734694,0.7857142857142857,50.25
0.18979591836734694,0.8061224489795917,49.85
0.18979591836734694,0.8265306122448979,49.400000000000006
0.18979591836734694,0.846938775510204,48.6
0.18979591836734694,0.8673469387755102,48.25
0.18979591836734694,0.8877551020408163,47.900000000000006
0.18979591836734694,0.9081632653061225,47.150000000000006
0.18979591836734694,0.9285714285714286,46.85
0.18979591836734694,0.9489795918367346,46.6
0.18979591836734694,0.9693877551020408,46.300000000000004
0.18979591836734694,0.9897959183673469,45.95
0.18979591836734694,1.010204081632653,45.400000000000006
0.18979591836734694,1.030612244897959,45.150000000000006
0.18979591836734694,1.0510204081632653,44.95
0.18979591836734694,1.0714285714285714,44.7
0.18979591836734694,1.0918367346938775,44.45
0.18979591836734694,1.1122448979591835,43.85
0.18979591836734694,1.1326530612244898,43.650000000000006
0.18979591836734694,1.1530612244897958,43.5
0.18979591836734694,1.1734693877551021,43.300000000000004
0.18979591836734694,1.193877551020408,43.150000000000006
0.18979591836734694,1.2142857142857142,42.95
0.18979591836734694,1.2346938775510203,42.45
0.18979591836734694,1.2551020408163265,42.25
0.18979591836734694,1.2755102040816326,42.1
0.18979591836734694,1.2959183673469385,41.900000000000006
0.18979591836734694,1.316326530612245,41.75
0.18979591836734694,1.3367346938775508,41.6
0.18979591836734694,1.3571428571428572,41.45
0.18979591836734694,1.3775510204081631,41.300000000000004
0.18979591836734694,1.3979591836734693,40.85
0.18979591836734694,1.4183673469387754,40.650000000000006
0.18979591836734694,1.4387755102040816,40.5
0.18979591836734694,1.4591836734693877,40.400000000000006
0.18979591836734694,1.4795918367346939,40.25
0.18979591836734694,1.5,40.150000000000006
0.1979591836734694,0.5,29.150000000000002
0.1979591836734694,0.5204081632653061,26.85
0.1979591836734694,0.5408163265306123,26.650000000000002
0.1979591836734694,0.5612244897959183,28.05
0.1979591836734694,0.5816326530612245,27.950000000000003
0.1979591836734694,0.6020408163265306,29.400000000000002
0.1979591836734694,0.6224489795918368,30.8
0.1979591836734694,0.6428571428571428,33.65
0.1979591836734694,0.6632653061224489,51.2
0.1979591836734694,0.6836734693877551,46.900000000000006
0.1979591836734694,0.7040816326530612,45.050000000000004
0.1979591836734694,0.7244897959183674,43.7
0.1979591836734694,0.7448979591836735,42.95
0.1979591836734694,0.7653061224489796,41.900000000000006
0.1979591836734694,0.7857142857142857,41.45
0.1979591836734694,0.8061224489795917,40.6
0.1979591836734694,0.8265306122448979,40.150000000000006
0.1979591836734694,0.846938775510204,42.300000000000004
0.1979591836734694,0.8673469387755102,48.0
0.1979591836734694,0.8877551020408163,47.1
0.1979591836734694,0.9081632653061225,46.95
0.1979591836734694,0.9285714285714286,46.7
0.1979591836734694,0.9489795918367346,46.400000000000006
0.1979591836734694,0.9693877551020408,45.650000000000006
0.1979591836734694,0.9897959183673469,45.45
0.1979591836734694,1.010204081632653,45.25
0.1979591836734694,1.030612244897959,45.0
0.1979591836734694,1.0510204081632653,44.800000000000004
0.1979591836734694,1.0714285714285714,44.5
0.1979591836734694,1.0918367346938775,43.900000000000006
0.1979591836734694,1.1122448979591835,43.75
0.1979591836734694,1.1326530612244898,43.550000000000004
0.1979591836734694,1.1530612244897958,43.35
0.1979591836734694,1.1734693877551021,43.2
0.1979591836734694,1.193877551020408,42.95
0.1979591836734694,1.2142857142857142,42.400000000000006
0.1979591836734694,1.2346938775510203,42.25
0.1979591836734694,1.2551020408163265,42.1
0.1979591836734694,1.2755102040816326,41.95
0.1979591836734694,1.2959183673469385,41.800000000000004
0.1979591836734694,1.316326530612245,41.650000000000006
0.1979591836734694,1.3367346938775508,41.5
0.1979591836734694,1.3571428571428572,41.300000000000004
0.1979591836734694,1.3775510204081631,40.800000000000004
0.1979591836734694,1.3979591836734693,40.650000000000006
0.1979591836734694,1.4183673469387754,40.5
0.1979591836734694,1.4387755102040816,40.400000000000006
0.1979591836734694,1.4591836734693877,40.25
0.1979591836734694,1.4795918367346939,40.150000000000006
0.1979591836734694,1.5,40.050000000000004
0.20612244897959187,0.5,25.150000000000002
0.20612244897959187,0.5204081632653061,26.55
0.20612244897959187,0.5408163265306123,26.55
0.20612244897959187,0.5612244897959183,26.35
0.20612244897959187,0.5816326530612245,27.85
0.20612244897959187,0.6020408163265306,28.950000000000003
0.20612244897959187,0.6224489795918368,28.950000000000003
0.20612244897959187,0.6428571428571428,31.900000000000002
0.20612244897959187,0.6632653061224489,9.850000000000001
0.20612244897959187,0.6836734693877551,48.150000000000006
0.20612244897959187,0.7040816326530612,45.6
0.20612244897959187,0.7244897959183674,44.35
0.20612244897959187,0.7448979591836735,43.150000000000006
0.20612244897959187,0.7653061224489796,42.1
0.20612244897959187,0.7857142857142857,41.5
0.20612244897959187,0.8061224489795917,40.650000000000006
0.20612244897959187,0.8265306122448979,40.2
0.20612244897959187,0.846938775510204,39.800000000000004
0.20612244897959187,0.8673469387755102,39.1
0.20612244897959187,0.8877551020408163,38.7
0.20612244897959187,0.9081632653061225,38.45
0.20612244897959187,0.9285714285714286,38.2
0.20612244897959187,0.9489795918367346,37.550000000000004
0.20612244897959187,0.9693877551020408,37.25
0.20612244897959187,0.9897959183673469,37.050000000000004
0.20612244897959187,1.010204081632653,39.1
0.20612244897959187,1.030612244897959,39.1
0.20612244897959187,1.0510204081632653,43.75
0.20612244897959187,1.0714285714285714,43.75
0.20612244897959187,1.0918367346938775,43.6
0.20612244897959187,1.1122448979591835,43.45
0.20612244897959187,1.1326530612244898,43.25
0.20612244897959187,1.1530612244897958,43.050000000000004
0.20612244897959187,1.1734693877551021,42.400000000000006
0.20612244897959187,1.193877551020408,42.300000000000004
0.20612244897959187,1.2142857142857142,42.2
0.20612244897959187,1.2346938775510203,42.050000000000004
0.20612244897959187,1.2551020408163265,41.95
0.20612244897959187,1.2755102040816326,41.800000000000004
0.20612244897959187,1.2959183673469385,41.6
0.20612244897959187,1.316326530612245,41.400000000000006
0.20612244897959187,1.3367346938775508,40.85
0.20612244897959187,1.3571428571428572,40.75
0.20612244897959187,1.3775510204081631,40.6
0.20612244897959187,1.3979591836734693,40.5
0.20612244897959187,1.4183673469387754,40.400000000000006
0.20612244897959187,1.4387755102040816,40.25
0.20612244897959187,1.4591836734693877,40.150000000000006
0.20612244897959187,1.4795918367346939,40.0
0.20612244897959187,1.5,39.85
0.2142857142857143,0.5,25.05
0.2142857142857143,0.5204081632653061,24.900000000000002
0.2142857142857143,0.5408163265306123,26.3
0.2142857142857143,0.5612244897959183,26.25
0.2142857142857143,0.5816326530612245,27.5
0.2142857142857143,0.6020408163265306,27.450000000000003
0.2142857142857143,0.6224489795918368,28.85
0.2142857142857143,0.6428571428571428,30.1
0.2142857142857143,0.6632653061224489,33.0
0.2142857142857143,0.6836734693877551,49.85
0.2142857142857143,0.7040816326530612,46.5
0.2142857142857143,0.7244897959183674,44.75
0.2142857142857143,0.7448979591836735,43.400000000000006
0.2142857142857143,0.7653061224489796,42.300000000000004
0.2142857142857143,0.7857142857142857,41.650000000000006
0.2142857142857143,0.8061224489795917,40.75
0.2142857142857143,0.8265306122448979,40.25
0.2142857142857143,0.846938775510204,39.85
0.2142857142857143,0.8673469387755102,39.1
0.2142857142857143,0.8877551020408163,38.75
0.2142857142857143,0.9081632653061225,38.45
0.2142857142857143,0.9285714285714286,38.15
0.2142857142857143,0.9489795918367346,37.5
0.2142857142857143,0.9693877551020408,37.2
0.2142857142857143,0.9897959183673469,36.95
0.2142857142857143,1.010204081632653,36.75
0.2142857142857143,1.030612244897959,36.550000000000004
0.2142857142857143,1.0510204081632653,36.0
0.2142857142857143,1.0714285714285714,35.75
0.2142857142857143,1.0918367346938775,35.550000000000004
0.2142857142857143,1.1122448979591835,35.4
0.2142857142857143,1.1326530612244898,35.25
0.2142857142857143,1.1530612244897958,35.1
0.2142857142857143,1.1734693877551021,34.95
0.2142857142857143,1.193877551020408,34.800000000000004
0.2142857142857143,1.2142857142857142,34.300000000000004
0.2142857142857143,1.2346938775510203,36.85
0.2142857142857143,1.2551020408163265,36.1
0.2142857142857143,1.2755102040816326,36.1
0.2142857142857143,1.2959183673469385,36.050000000000004
0.2142857142857143,1.316326530612245,36.0
0.2142857142857143,1.3367346938775508,40.400000000000006
0.2142857142857143,1.3571428571428572,40.400000000000006
0.2142857142857143,1.3775510204081631,40.300000000000004
0.2142857142857143,1.3979591836734693,40.150000000000006
0.2142857142857143,1.4183673469387754,40.0
0.2142857142857143,1.4387755102040816,39.2
0.2142857142857143,1.4591836734693877,39.2
0.2142857142857143,1.4795918367346939,39.2
0.2142857142857143,1.5,39.150000000000006
0.22244897959183674,0.5,24.85
0.22244897959183674,0.5204081632653061,24.75
0.22244897959183674,0.5408163265306123,25.950000000000003
0.22244897959183674,0.5612244897959183,26.05
0.22244897959183674,0.5816326530612245,25.900000000000002
0.22244897959183674,0.6020408163265306,27.3
0.22244897959183674,0.6224489795918368,27.05
0.22244897959183674,0.6428571428571428,28.400000000000002
0.22244897959183674,0.6632653061224489,29.6
0.22244897959183674,0.6836734693877551,9.8
0.22244897959183674,0.7040816326530612,47.650000000000006
0.22244897959183674,0.7244897959183674,45.2
0.22244897959183674,0.7448979591836735,43.7
0.22244897959183674,0.7653061224489796,42.85
0.22244897959183674,0.7857142857142857,41.85
0.22244897959183674,0.8061224489795917,41.2
0.22244897959183674,0.8265306122448979,40.400000000000006
0.22244897959183674,0.846938775510204,39.95
0.22244897959183674,0.8673469387755102,39.2
0.22244897959183674,0.8877551020408163,38.800000000000004
0.22244897959183674,0.9081632653061225,38.45
0.22244897959183674,0.9285714285714286,38.15
0.22244897959183674,0.9489795918367346,37.5
0.22244897959183674,0.9693877551020408,37.2
0.22244897959183674,0.9897959183673469,36.95
0.22244897959183674,1.010204081632653,36.75
0.22244897959183674,1.030612244897959,36.5
0.22244897959183674,1.0510204081632653,35.95
0.22244897959183674,1.0714285714285714,35.7
0.22244897959183674,1.0918367346938775,35.5
0.22244897959183674,1.1122448979591835,35.35
0.22244897959183674,1.1326530612244898,35.15
0.22244897959183674,1.1530612244897958,35.0
0.22244897959183674,1.1734693877551021,34.550000000000004
0.22244897959183674,1.193877551020408,34.300000000000004
0.22244897959183674,1.2142857142857142,34.15
0.22244897959183674,1.2346938775510203,34.0
0.22244897959183674,1.2551020408163265,33.85
0.22244897959183674,1.2755102040816326,33.75
0.22244897959183674,1.2959183673469385,33.65
0.22244897959183674,1.316326530612245,33.5
0.22244897959183674,1.3367346938775508,33.4
0.22244897959183674,1.3571428571428572,33.25
0.22244897959183674,1.3775510204081631,32.800000000000004
0.22244897959183674,1.3979591836734693,32.65
0.22244897959183674,1.4183673469387754,32.550000000000004
0.22244897959183674,1.4387755102040816,32.45
0.22244897959183674,1.4591836734693877,32.35
0.22244897959183674,1.4795918367346939,32.25
0.22244897959183674,1.5,34.25
0.2306122448979592,0.5,24.650000000000002
0.2306122448979592,0.5204081632653061,24.6
0.2306122448979592,0.5408163265306123,24.450000000000003
0.2306122448979592,0.5612244897959183,25.75
0.2306122448979592,0.5816326530612245,25.75
0.2306122448979592,0.6020408163265306,25.5
0.2306122448979592,0.6224489795918368,26.85
0.2306122448979592,0.6428571428571428,26.650000000000002
0.2306122448979592,0.6632653061224489,27.900000000000002
0.2306122448979592,0.6836734693877551,9.8
0.2306122448979592,0.7040816326530612,48.800000000000004
0.2306122448979592,0.7244897959183674,46.1
0.2306122448979592,0.7448979591836735,44.1
0.2306122448979592,0.7653061224489796,43.150000000000006
0.2306122448979592,0.7857142857142857,42.050000000000004
0.2306122448979592,0.8061224489795917,41.400000000000006
0.2306122448979592,0.8265306122448979,40.5
0.2306122448979592,0.846938775510204,40.050000000000004
0.2306122448979592,0.8673469387755102,39.25
0.2306122448979592,0.8877551020408163,38.900000000000006
0.2306122448979592,0.9081632653061225,38.550000000000004
0.2306122448979592,0.9285714285714286,38.2
0.2306122448979592,0.9489795918367346,37.550000000000004
0.2306122448979592,0.9693877551020408,37.25
0.2306122448979592,0.9897959183673469,37.0
0.2306122448979592,1.010204081632653,36.75
0.2306122448979592,1.030612244897959,36.4
0.2306122448979592,1.0510204081632653,35.9
0.2306122448979592,1.0714285714285714,35.7
0.2306122448979592,1.0918367346938775,35.5
0.2306122448979592,1.1122448979591835,35.300000000000004
0.2306122448979592,1.1326530612244898,35.1
0.2306122448979592,1.1530612244897958,34.95
0.2306122448979592,1.1734693877551021,34.45
0.2306122448979592,1.193877551020408,34.25
0.2306122448979592,1.2142857142857142,34.050000000000004
0.2306122448979592,1.2346938775510203,33.9
0.2306122448979592,1.2551020408163265,33.800000000000004
0.2306122448979592,1.2755102040816326,33.65
0.2306122448979592,1.2959183673469385,33.550000000000004
0.2306122448979592,1.316326530612245,33.4
0.2306122448979592,1.3367346938775508,33.0
0.2306122448979592,1.3571428571428572,32.800000000000004
0.2306122448979592,1.3775510204081631,32.65
0.2306122448979592,1.3979591836734693,32.550000000000004
0.2306122448979592,1.4183673469387754,32.4
0.2306122448979592,1.4387755102040816,32.300000000000004
0.2306122448979592,1.4591836734693877,32.2
0.2306122448979592,1.4795918367346939,32.1
0.2306122448979592,1.5,32.050000000000004
0.23877551020408164,0.5,24.25
0.23877551020408164,0.5204081632653061,24.400000000000002
0.23877551020408164,0.5408163265306123,24.3
0.23877551020408164,0.5612244897959183,24.1
0.23877551020408164,0.5816326530612245,25.450000000000003
0.23877551020408164,0.6020408163265306,25.35
0.23877551020408164,0.6224489795918368,25.150000000000002
0.23877551020408164,0.6428571428571428,26.5
0.23877551020408164,0.6632653061224489,27.650000000000002
0.23877551020408164,0.6836734693877551,26.85
0.23877551020408164,0.7040816326530612,51.550000000000004
0.23877551020408164,0.7244897959183674,46.800000000000004
0.23877551020408164,0.7448979591836735,44.85
0.23877551020408164,0.7653061224489796,43.45
0.23877551020408164,0.7857142857142857,42.25
0.23877551020408164,0.8061224489795917,41.6
0.23877551020408164,0.8265306122448979,40.650000000000006
0.23877551020408164,0.846938775510204,40.150000000000006
0.23877551020408164,0.8673469387755102,39.35
0.23877551020408164,0.8877551020408163,38.95
0.23877551020408164,0.9081632653061225,38.6
0.23877551020408164,0.9285714285714286,38.25
0.23877551020408164,0.9489795918367346,37.550000000000004
0.23877551020408164,0.9693877551020408,37.300000000000004
0.23877551020408164,0.9897959183673469,37.0
0.23877551020408164,1.010204081632653,36.75
0.23877551020408164,1.030612244897959,36.15
0.23877551020408164,1.0510204081632653,35.9
0.23877551020408164,1.0714285714285714,35.7
0.23877551020408164,1.0918367346938775,35.5
0.23877551020408164,1.1122448979591835,35.300000000000004
0.23877551020408164,1.1326530612244898,35.1
0.23877551020408164,1.1530612244897958,34.6
0.23877551020408164,1.1734693877551021,34.4
0.23877551020408164,1.193877551020408,34.2
0.23877551020408164,1.2142857142857142,34.050000000000004
0.23877551020408164,1.2346938775510203,33.9
0.23877551020408164,1.2551020408163265,33.75
0.23877551020408164,1.2755102040816326,33.6
0.23877551020408164,1.2959183673469385,33.45
0.23877551020408164,1.316326530612245,33.300000000000004
0.23877551020408164,1.3367346938775508,32.85
0.23877551020408164,1.3571428571428572,32.7
0.23877551020408164,1.3775510204081631,32.6
0.23877551020408164,1.3979591836734693,32.45
0.23877551020408164,1.4183673469387754,32.35
0.23877551020408164,1.4387755102040816,32.2
0.23877551020408164,1.4591836734693877,32.1
0.23877551020408164,1.4795918367346939,32.0
0.23877551020408164,1.5,31.900000000000002
0.2469387755102041,0.5,22.8
0.2469387755102041,0.5204081632653061,24.05
0.2469387755102041,0.5408163265306123,24.1
0.2469387755102041,0.5612244897959183,24.0
0.2469387755102041,0.5816326530612245,23.8
0.2469387755102041,0.6020408163265306,23.6
0.2469387755102041,0.6224489795918368,25.0
0.2469387755102041,0.6428571428571428,24.75
0.2469387755102041,0.6632653061224489,25.950000000000003
0.2469387755102041,0.6836734693877551,25.200000000000003
0.2469387755102041,0.7040816326530612,9.700000000000001
0.2469387755102041,0.7244897959183674,48.1
0.2469387755102041,0.7448979591836735,45.300000000000004
0.2469387755102041,0.7653061224489796,43.7
0.2469387755102041,0.7857142857142857,42.400000000000006
0.2469387755102041,0.8061224489795917,41.75
0.2469387755102041,0.8265306122448979,40.75
0.2469387755102041,0.846938775510204,40.25
0.2469387755102041,0.8673469387755102,39.400000000000006
0.2469387755102041,0.8877551020408163,39.0
0.2469387755102041,0.9081632653061225,38.650000000000006
0.2469387755102041,0.9285714285714286,38.25
0.2469387755102041,0.9489795918367346,37.6
0.2469387755102041,0.9693877551020408,37.300000000000004
0.2469387755102041,0.9897959183673469,37.050000000000004
0.2469387755102041,1.010204081632653,36.75
0.2469387755102041,1.030612244897959,36.15
0.2469387755102041,1.0510204081632653,35.9
0.2469387755102041,1.0714285714285714,35.7
0.2469387755102041,1.0918367346938775,35.5
0.2469387755102041,1.1122448979591835,35.300000000000004
0.2469387755102041,1.1326530612244898,35.050000000000004
0.2469387755102041,1.1530612244897958,34.550000000000004
0.2469387755102041,1.1734693877551021,34.35
0.2469387755102041,1.193877551020408,34.2
0.2469387755102041,1.2142857142857142,34.0
0.2469387755102041,1.2346938775510203,33.85
0.2469387755102041,1.2551020408163265,33.7
0.2469387755102041,1.2755102040816326,33.550000000000004
0.2469387755102041,1.2959183673469385,33.4
0.2469387755102041,1.316326530612245,32.95
0.2469387755102041,1.3367346938775508,32.800000000000004
0.2469387755102041,1.3571428571428572,32.65
0.2469387755102041,1.3775510204081631,32.5
0.2469387755102041,1.3979591836734693,32.4
0.2469387755102041,1.4183673469387754,32.25
0.2469387755102041,1.4387755102040816,32.15
0.2469387755102041,1.4591836734693877,32.050000000000004
0.2469387755102041,1.4795918367346939,31.950000000000003
0.2469387755102041,1.5,31.85
0.2551020408163266,0.5,22.650000000000002
0.2551020408163266,0.5204081632653061,22.5
0.2551020408163266,0.5408163265306123,23.700000000000003
0.2551020408163266,0.5612244897959183,23.8
0.2551020408163266,0.5816326530612245,23.650000000000002
0.2551020408163266,0.6020408163265306,23.5
0.2551020408163266,0.6224489795918368,23.200000000000003
0.2551020408163266,0.6428571428571428,24.6
0.2551020408163266,0.6632653061224489,22.200000000000003
0.2551020408163266,0.6836734693877551,23.6
0.2551020408163266,0.7040816326530612,27.950000000000003
0.2551020408163266,0.7244897959183674,49.7
0.2551020408163266,0.7448979591836735,45.550000000000004
0.2551020408163266,0.7653061224489796,43.85
0.2551020408163266,0.7857142857142857,42.45
0.2551020408163266,0.8061224489795917,41.800000000000004
0.2551020408163266,0.8265306122448979,40.75
0.2551020408163266,0.846938775510204,40.300000000000004
0.2551020408163266,0.8673469387755102,39.400000000000006
0.2551020408163266,0.8877551020408163,39.0
0.2551020408163266,0.9081632653061225,38.650000000000006
0.2551020408163266,0.9285714285714286,38.2
0.2551020408163266,0.9489795918367346,37.6
0.2551020408163266,0.9693877551020408,37.300000000000004
0.2551020408163266,0.9897959183673469,37.050000000000004
0.2551020408163266,1.010204081632653,36.75
0.2551020408163266,1.030612244897959,36.1
0.2551020408163266,1.0510204081632653,35.9
0.2551020408163266,1.0714285714285714,35.7
0.2551020408163266,1.0918367346938775,35.5
0.2551020408163266,1.1122448979591835,35.25
0.2551020408163266,1.1326530612244898,35.0
0.2551020408163266,1.1530612244897958,34.5
0.2551020408163266,1.1734693877551021,34.300000000000004
0.2551020408163266,1.193877551020408,34.15
0.2551020408163266,1.2142857142857142,34.0
0.2551020408163266,1.2346938775510203,33.85
0.2551020408163266,1.2551020408163265,33.7
0.2551020408163266,1.2755102040816326,33.5
0.2551020408163266,1.2959183673469385,33.0
0.2551020408163266,1.316326530612245,32.85
0.2551020408163266,1.3367346938775508,32.75
0.2551020408163266,1.3571428571428572,32.6
0.2551020408163266,1.3775510204081631,32.5
0.2551020408163266,1.3979591836734693,32.35
0.2551020408163266,1.4183673469387754,32.25
0.2551020408163266,1.4387755102040816,32.1
0.2551020408163266,1.4591836734693877,32.0
0.2551020408163266,1.4795918367346939,31.85
0.2551020408163266,1.5,31.450000000000003
0.263265306122449,0.5,22.5
0.263265306122449,0.5204081632653061,22.35
0.263265306122449,0.5408163265306123,22.200000000000003
0.263265306122449,0.5612244897959183,22.05
0.263265306122449,0.5816326530612245,23.400000000000002
0.263265306122449,0.6020408163265306,23.35
0.263265306122449,0.6224489795918368,23.1
0.263265306122449,0.6428571428571428,22.5
0.263265306122449,0.6632653061224489,22.05
0.263265306122449,0.6836734693877551,23.3
0.263265306122449,0.7040816326530612,25.0
0.263265306122449,0.7244897959183674,9.65
0.263265306122449,0.7448979591836735,41.650000000000006
0.263265306122449,0.7653061224489796,39.1
0.263265306122449,0.7857142857142857,37.6
0.263265306122449,0.8061224489795917,36.75
0.263265306122449,0.8265306122448979,35.75
0.263265306122449,0.846938775510204,35.25
0.263265306122449,0.8673469387755102,39.2
0.263265306122449,0.8877551020408163,38.95
0.263265306122449,0.9081632653061225,38.550000000000004
0.263265306122449,0.9285714285714286,37.75
0.263265306122449,0.9489795918367346,37.5
0.263265306122449,0.9693877551020408,37.25
0.263265306122449,0.9897959183673469,36.95
0.263265306122449,1.010204081632653,36.25
0.263265306122449,1.030612244897959,36.050000000000004
0.263265306122449,1.0510204081632653,35.85
0.263265306122449,1.0714285714285714,35.65
0.263265306122449,1.0918367346938775,35.45
0.263265306122449,1.1122448979591835,35.2
0.263265306122449,1.1326530612244898,34.6
0.263265306122449,1.1530612244897958,34.45
0.263265306122449,1.1734693877551021,34.300000000000004
0.263265306122449,1.193877551020408,34.15
0.263265306122449,1.2142857142857142,33.95
0.263265306122449,1.2346938775510203,33.800000000000004
0.263265306122449,1.2551020408163265,33.6
0.263265306122449,1.2755102040816326,33.1
0.263265306122449,1.2959183673469385,32.95
0.263265306122449,1.316326530612245,32.800000000000004
0.263265306122449,1.3367346938775508,32.7
0.263265306122449,1.3571428571428572,32.550000000000004
0.263265306122449,1.3775510204081631,32.45
0.263265306122449,1.3979591836734693,32.300000000000004
0.263265306122449,1.4183673469387754,32.2
0.263265306122449,1.4387755102040816,32.050000000000004
0.263265306122449,1.4591836734693877,31.900000000000002
0.263265306122449,1.4795918367346939,31.5
0.263265306122449,1.5,31.35
0.27142857142857146,0.5,22.25
0.27142857142857146,0.5204081632653061,22.200000000000003
0.27142857142857146,0.5408163265306123,22.1
0.27142857142857146,0.5612244897959183,21.950000000000003
0.27142857142857146,0.5816326530612245,21.75
0.27142857142857146,0.6020408163265306,21.400000000000002
0.27142857142857146,0.6224489795918368,22.85
0.27142857142857146,0.6428571428571428,20.650000000000002
0.27142857142857146,0.6632653061224489,20.55
0.27142857142857146,0.6836734693877551,21.950000000000003
0.27142857142857146,0.7040816326530612,23.400000000000002
0.27142857142857146,0.7244897959183674,9.65
0.27142857142857146,0.7448979591836735,40.2
0.27142857142857146,0.7653061224489796,36.800000000000004
0.27142857142857146,0.7857142857142857,37.6
0.27142857142857146,0.8061224489795917,36.300000000000004
0.27142857142857146,0.8265306122448979,35.800000000000004
0.27142857142857146,0.846938775510204,35.2
0.27142857142857146,0.8673469387755102,34.4
0.27142857142857146,0.8877551020408163,34.0
0.27142857142857146,0.9081632653061225,33.6
0.27142857142857146,0.9285714285714286,32.9
0.27142857142857146,0.9489795918367346,32.6
0.27142857142857146,0.9693877551020408,32.35
0.27142857142857146,0.9897959183673469,36.050000000000004
0.27142857142857146,1.010204081632653,36.050000000000004
0.27142857142857146,1.030612244897959,35.9
0.27142857142857146,1.0510204081632653,35.7
0.27142857142857146,1.0714285714285714,35.5
0.27142857142857146,1.0918367346938775,35.25
0.27142857142857146,1.1122448979591835,34.65
0.27142857142857146,1.1326530612244898,34.5
0.27142857142857146,1.1530612244897958,34.35
0.27142857142857146,1.1734693877551021,34.2
0.27142857142857146,1.193877551020408,34.050000000000004
0.27142857142857146,1.2142857142857142,33.85
0.27142857142857146,1.2346938775510203,33.7
0.27142857142857146,1.2551020408163265,33.15
0.27142857142857146,1.2755102040816326,33.0
0.27142857142857146,1.2959183673469385,32.85
0.27142857142857146,1.316326530612245,32.75
0.27142857142857146,1.3367346938775508,32.65
0.27142857142857146,1.3571428571428572,32.5
0.27142857142857146,1.3775510204081631,32.4
0.27142857142857146,1.3979591836734693,32.25
0.27142857142857146,1.4183673469387754,32.1
0.27142857142857146,1.4387755102040816,31.950000000000003
0.27142857142857146,1.4591836734693877,31.5
0.27142857142857146,1.4795918367346939,31.35
0.27142857142857146,1.5,31.25
0.2795918367346939,0.5,20.6
0.2795918367346939,0.5204081632653061,21.900000000000002
0.2795918367346939,0.5408163265306123,21.900000000000002
0.2795918367346939,0.5612244897959183,21.8
0.2795918367346939,0.5816326530612245,21.650000000000002
0.2795918367346939,0.6020408163265306,21.3
0.2795918367346939,0.6224489795918368,20.8
0.2795918367346939,0.6428571428571428,20.5
0.2795918367346939,0.6632653061224489,20.450000000000003
0.2795918367346939,0.6836734693877551,21.8
0.2795918367346939,0.7040816326530612,23.200000000000003
0.2795918367346939,0.7244897959183674,26.05
0.2795918367346939,0.7448979591836735,9.600000000000001
0.2795918367346939,0.7653061224489796,38.1
0.2795918367346939,0.7857142857142857,35.550000000000004
0.2795918367346939,0.8061224489795917,34.050000000000004
0.2795918367346939,0.8265306122448979,32.95
0.2795918367346939,0.846938775510204,32.25
0.2795918367346939,0.8673469387755102,34.2
0.2795918367346939,0.8877551020408163,33.800000000000004
0.2795918367346939,0.9081632653061225,33.050000000000004
0.2795918367346939,0.9285714285714286,32.800000000000004
0.2795918367346939,0.9489795918367346,32.550000000000004
0.2795918367346939,0.9693877551020408,32.25
0.2795918367346939,0.9897959183673469,31.900000000000002
0.2795918367346939,1.010204081632653,31.35
0.2795918367346939,1.030612244897959,31.150000000000002
0.2795918367346939,1.0510204081632653,30.950000000000003
0.2795918367346939,1.0714285714285714,30.75
0.2795918367346939,1.0918367346938775,30.55
0.2795918367346939,1.1122448979591835,30.35
0.2795918367346939,1.1326530612244898,34.15
0.2795918367346939,1.1530612244897958,34.1
0.2795918367346939,1.1734693877551021,33.95
0.2795918367346939,1.193877551020408,33.75
0.2795918367346939,1.2142857142857142,33.050000000000004
0.2795918367346939,1.2346938775510203,33.0
0.2795918367346939,1.2551020408163265,32.95
0.2795918367346939,1.2755102040816326,32.85
0.2795918367346939,1.2959183673469385,32.75
0.2795918367346939,1.316326530612245,32.65
0.2795918367346939,1.3367346938775508,32.5
0.2795918367346939,1.3571428571428572,32.4
0.2795918367346939,1.3775510204081631,32.25
0.2795918367346939,1.3979591836734693,32.1
0.2795918367346939,1.4183673469387754,31.900000000000002
0.2795918367346939,1.4387755102040816,31.450000000000003
0.2795918367346939,1.4591836734693877,31.400000000000002
0.2795918367346939,1.4795918367346939,31.3
0.2795918367346939,1.5,31.200000000000003
0.28775510204081634,0.5,20.5
0.28775510204081634,0.5204081632653061,20.3
0.28775510204081634,0.5408163265306123,20.1
0.28775510204081634,0.5612244897959183,21.5
0.28775510204081634,0.5816326530612245,21.400000000000002
0.28775510204081634,0.6020408163265306,21.05
0.28775510204081634,0.6224489795918368,19.1
0.28775510204081634,0.6428571428571428,20.150000000000002
0.28775510204081634,0.6632653061224489,20.35
0.28775510204081634,0.6836734693877551,20.35
0.28775510204081634,0.7040816326530612,21.75
0.28775510204081634,0.7244897959183674,24.35
0.28775510204081634,0.7448979591836735,9.55
0.28775510204081634,0.7653061224489796,39.85
0.28775510204081634,0.7857142857142857,36.65
0.28775510204081634,0.8061224489795917,34.6
0.28775510204081634,0.8265306122448979,33.6
0.28775510204081634,0.846938775510204,32.45
0.28775510204081634,0.8673469387755102,31.950000000000003
0.28775510204081634,0.8877551020408163,31.0
0.28775510204081634,0.9081632653061225,30.6
0.28775510204081634,0.9285714285714286,30.25
0.28775510204081634,0.9489795918367346,29.5
0.28775510204081634,0.9693877551020408,29.200000000000003
0.28775510204081634,0.9897959183673469,31.3
0.28775510204081634,1.010204081632653,31.200000000000003
0.28775510204081634,1.030612244897959,31.05
0.28775510204081634,1.0510204081632653,30.85
0.28775510204081634,1.0714285714285714,30.650000000000002
0.28775510204081634,1.0918367346938775,30.35
0.28775510204081634,1.1122448979591835,29.85
0.28775510204081634,1.1326530612244898,29.700000000000003
0.28775510204081634,1.1530612244897958,29.55
0.28775510204081634,1.1734693877551021,29.450000000000003
0.28775510204081634,1.193877551020408,29.3
0.28775510204081634,1.2142857142857142,29.150000000000002
0.28775510204081634,1.2346938775510203,29.0
0.28775510204081634,1.2551020408163265,28.85
0.28775510204081634,1.2755102040816326,28.700000000000003
0.28775510204081634,1.2959183673469385,28.25
0.28775510204081634,1.316326530612245,28.1
0.28775510204081634,1.3367346938775508,28.0
0.28775510204081634,1.3571428571428572,27.900000000000002
0.28775510204081634,1.3775510204081631,31.400000000000002
0.28775510204081634,1.3979591836734693,31.400000000000002
0.28775510204081634,1.4183673469387754,31.35
0.28775510204081634,1.4387755102040816,31.3
0.28775510204081634,1.4591836734693877,31.200000000000003
0.28775510204081634,1.4795918367346939,31.150000000000002
0.28775510204081634,1.5,31.05
0.29591836734693877,0.5,20.35
0.29591836734693877,0.5204081632653061,20.200000000000003
0.29591836734693877,0.5408163265306123,20.0
0.29591836734693877,0.5612244897959183,19.75
0.29591836734693877,0.5816326530612245,19.400000000000002
0.29591836734693877,0.6020408163265306,19.1
0.29591836734693877,0.6224489795918368,19.0
0.29591836734693877,0.6428571428571428,18.900000000000002
0.29591836734693877,0.6632653061224489,20.150000000000002
0.29591836734693877,0.6836734693877551,20.25
0.29591836734693877,0.7040816326530612,21.6
0.29591836734693877,0.7244897959183674,23.0
0.29591836734693877,0.7448979591836735,26.0
0.29591836734693877,0.7653061224489796,9.55
0.29591836734693877,0.7857142857142857,37.6
0.29591836734693877,0.8061224489795917,35.5
0.29591836734693877,0.8265306122448979,34.0
0.29591836734693877,0.846938775510204,32.800000000000004
0.29591836734693877,0.8673469387755102,32.15
0.29591836734693877,0.8877551020408163,31.25
0.29591836734693877,0.9081632653061225,30.75
0.29591836734693877,0.9285714285714286,30.35
0.29591836734693877,0.9489795918367346,29.6
0.29591836734693877,0.9693877551020408,29.3
0.29591836734693877,0.9897959183673469,29.0
0.29591836734693877,1.010204081632653,28.75
0.29591836734693877,1.030612244897959,28.150000000000002
0.29591836734693877,1.0510204081632653,27.900000000000002
0.29591836734693877,1.0714285714285714,27.650000000000002
0.29591836734693877,1.0918367346938775,29.650000000000002
0.29591836734693877,1.1122448979591835,29.650000000000002
0.29591836734693877,1.1326530612244898,29.55
0.29591836734693877,1.1530612244897958,29.450000000000003
0.29591836734693877,1.1734693877551021,29.3
0.29591836734693877,1.193877551020408,29.150000000000002
0.29591836734693877,1.2142857142857142,29.0
0.29591836734693877,1.2346938775510203,28.400000000000002
0.29591836734693877,1.2551020408163265,28.3
0.29591836734693877,1.2755102040816326,28.200000000000003
0.29591836734693877,1.2959183673469385,28.1
0.29591836734693877,1.316326530612245,28.0
0.29591836734693877,1.3367346938775508,27.900000000000002
0.29591836734693877,1.3571428571428572,27.8
0.29591836734693877,1.3775510204081631,27.700000000000003
0.29591836734693877,1.3979591836734693,27.6
0.29591836734693877,1.4183673469387754,27.5
0.29591836734693877,1.4387755102040816,27.400000000000002
0.29591836734693877,1.4591836734693877,27.3
0.29591836734693877,1.4795918367346939,27.200000000000003
0.29591836734693877,1.5,26.8
0.3040816326530612,0.5,20.200000000000003
0.3040816326530612,0.5204081632653061,20.05
0.3040816326530612,0.5408163265306123,19.85
0.3040816326530612,0.5612244897959183,19.55
0.3040816326530612,0.5816326530612245,19.200000000000003
0.3040816326530612,0.6020408163265306,18.95
0.3040816326530612,0.6224489795918368,18.85
0.3040816326530612,0.6428571428571428,18.85
0.3040816326530612,0.6632653061224489,18.8
0.3040816326530612,0.6836734693877551,20.1
0.3040816326530612,0.7040816326530612,20.1
0.3040816326530612,0.7244897959183674,21.5
0.3040816326530612,0.7448979591836735,24.3
0.3040816326530612,0.7653061224489796,9.5
0.3040816326530612,0.7857142857142857,39.35
0.3040816326530612,0.8061224489795917,36.300000000000004
0.3040816326530612,0.8265306122448979,34.5
0.3040816326530612,0.846938775510204,33.550000000000004
0.3040816326530612,0.8673469387755102,32.45
0.3040816326530612,0.8877551020408163,31.55
0.3040816326530612,0.9081632653061225,30.950000000000003
0.3040816326530612,0.9285714285714286,30.5
0.3040816326530612,0.9489795918367346,29.75
0.3040816326530612,0.9693877551020408,29.400000000000002
0.3040816326530612,0.9897959183673469,29.1
0.3040816326530612,1.010204081632653,28.8
0.3040816326530612,1.030612244897959,28.200000000000003
0.3040816326530612,1.0510204081632653,27.900000000000002
0.3040816326530612,1.0714285714285714,27.700000000000003
0.3040816326530612,1.0918367346938775,27.5
0.3040816326530612,1.1122448979591835,27.3
0.3040816326530612,1.1326530612244898,27.150000000000002
0.3040816326530612,1.1530612244897958,26.650000000000002
0.3040816326530612,1.1734693877551021,26.400000000000002
0.3040816326530612,1.193877551020408,26.25
0.3040816326530612,1.2142857142857142,26.150000000000002
0.3040816326530612,1.2346938775510203,28.1
0.3040816326530612,1.2551020408163265,28.1
0.3040816326530612,1.2755102040816326,28.05
0.3040816326530612,1.2959183673469385,27.950000000000003
0.3040816326530612,1.316326530612245,27.85
0.3040816326530612,1.3367346938775508,27.75
0.3040816326530612,1.3571428571428572,27.650000000000002
0.3040816326530612,1.3775510204081631,27.55
0.3040816326530612,1.3979591836734693,27.450000000000003
0.3040816326530612,1.4183673469387754,27.35
0.3040816326530612,1.4387755102040816,27.150000000000002
0.3040816326530612,1.4591836734693877,26.75
0.3040816326530612,1.4795918367346939,26.650000000000002
0.3040816326530612,1.5,26.6
0.3122448979591837,0.5,19.85
0.3122448979591837,0.5204081632653061,19.8
0.3122448979591837,0.5408163265306123,19.6
0.3122448979591837,0.5612244897959183,17.650000000000002
0.3122448979591837,0.5816326530612245,17.55
0.3122448979591837,0.6020408163265306,18.55
0.3122448979591837,0.6224489795918368,18.7
0.3122448979591837,0.6428571428571428,18.75
0.3122448979591837,0.6632653061224489,18.7
0.3122448979591837,0.6836734693877551,19.900000000000002
0.3122448979591837,0.7040816326530612,20.0
0.3122448979591837,0.7244897959183674,21.35
0.3122448979591837,0.7448979591836735,22.75
0.3122448979591837,0.7653061224489796,9.55
0.3122448979591837,0.7857142857142857,9.5
0.3122448979591837,0.8061224489795917,37.550000000000004
0.3122448979591837,0.8265306122448979,35.5
0.3122448979591837,0.846938775510204,34.0
0.3122448979591837,0.8673469387755102,32.800000000000004
0.3122448979591837,0.8877551020408163,32.15
0.3122448979591837,0.9081632653061225,31.200000000000003
0.3122448979591837,0.9285714285714286,30.700000000000003
0.3122448979591837,0.9489795918367346,30.25
0.3122448979591837,0.9693877551020408,29.55
0.3122448979591837,0.9897959183673469,29.200000000000003
0.3122448979591837,1.010204081632653,28.900000000000002
0.3122448979591837,1.030612244897959,28.3
0.3122448979591837,1.0510204081632653,28.0
0.3122448979591837,1.0714285714285714,27.75
0.3122448979591837,1.0918367346938775,27.55
0.3122448979591837,1.1122448979591835,27.35
0.3122448979591837,1.1326530612244898,27.150000000000002
0.3122448979591837,1.1530612244897958,26.6
0.3122448979591837,1.1734693877551021,26.400000000000002
0.3122448979591837,1.193877551020408,26.25
0.3122448979591837,1.2142857142857142,26.1
0.3122448979591837,1.2346938775510203,25.950000000000003
0.3122448979591837,1.2551020408163265,25.85
0.3122448979591837,1.2755102040816326,25.700000000000003
0.3122448979591837,1.2959183673469385,25.6
0.3122448979591837,1.316326530612245,25.5
0.3122448979591837,1.3367346938775508,25.05
0.3122448979591837,1.3571428571428572,24.900000000000002
0.3122448979591837,1.3775510204081631,24.8
0.3122448979591837,1.3979591836734693,26.650000000000002
0.3122448979591837,1.4183673469387754,26.650000000000002
0.3122448979591837,1.4387755102040816,26.6
0.3122448979591837,1.4591836734693877,26.55
0.3122448979591837,1.4795918367346939,26.5
0.3122448979591837,1.5,26.450000000000003
0.3204081632653062,0.5,18.1
0.3204081632653062,0.5204081632653061,17.85
0.3204081632653062,0.5408163265306123,17.650000000000002
0.3204081632653062,0.5612244897959183,17.55
0.3204081632653062,0.5816326530612245,17.45
0.3204081632653062,0.6020408163265306,17.35
0.3204081632653062,0.6224489795918368,18.35
0.3204081632653062,0.6428571428571428,18.6
0.3204081632653062,0.6632653061224489,18.6
0.3204081632653062,0.6836734693877551,18.55
0.3204081632653062,0.7040816326530612,19.900000000000002
0.3204081632653062,0.7244897959183674,19.8
0.3204081632653062,0.7448979591836735,21.150000000000002
0.3204081632653062,0.7653061224489796,24.0
0.3204081632653062,0.7857142857142857,9.450000000000001
0.3204081632653062,0.8061224489795917,39.25
0.3204081632653062,0.8265306122448979,36.25
0.3204081632653062,0.846938775510204,34.5
0.3204081632653062,0.8673469387755102,33.550000000000004
0.3204081632653062,0.8877551020408163,32.45
0.3204081632653062,0.9081632653061225,31.5
0.3204081632653062,0.9285714285714286,30.950000000000003
0.3204081632653062,0.9489795918367346,30.5
0.3204081632653062,0.9693877551020408,29.700000000000003
0.3204081632653062,0.9897959183673469,29.35
0.3204081632653062,1.010204081632653,29.05
0.3204081632653062,1.030612244897959,28.700000000000003
0.3204081632653062,1.0510204081632653,28.1
0.3204081632653062,1.0714285714285714,27.85
0.3204081632653062,1.0918367346938775,27.6
0.3204081632653062,1.1122448979591835,27.400000000000002
0.3204081632653062,1.1326530612244898,27.200000000000003
0.3204081632653062,1.1530612244897958,26.650000000000002
0.3204081632653062,1.1734693877551021,26.450000000000003
0.3204081632653062,1.193877551020408,26.25
0.3204081632653062,1.2142857142857142,26.1
0.3204081632653062,1.2346938775510203,25.950000000000003
0.3204081632653062,1.2551020408163265,25.85
0.3204081632653062,1.2755102040816326,25.700000000000003
0.3204081632653062,1.2959183673469385,25.55
0.3204081632653062,1.316326530612245,25.150000000000002
0.3204081632653062,1.3367346938775508,24.950000000000003
0.3204081632653062,1.3571428571428572,24.85
0.3204081632653062,1.3775510204081631,24.700000000000003
0.3204081632653062,1.3979591836734693,24.6
0.3204081632653062,1.4183673469387754,24.5
0.3204081632653062,1.4387755102040816,24.450000000000003
0.3204081632653062,1.4591836734693877,24.35
0.3204081632653062,1.4795918367346939,24.25
0.3204081632653062,1.5,24.200000000000003
0.3285714285714286,0.5,17.95
0.3285714285714286,0.5204081632653061,17.7
0.3285714285714286,0.5408163265306123,17.55
0.3285714285714286,0.5612244897959183,17.400000000000002
0.3285714285714286,0.5816326530612245,17.35
0.3285714285714286,0.6020408163265306,17.3
0.3285714285714286,0.6224489795918368,17.2
0.3285714285714286,0.6428571428571428,18.400000000000002
0.3285714285714286,0.6632653061224489,18.5
0.3285714285714286,0.6836734693877551,18.45
0.3285714285714286,0.7040816326530612,19.650000000000002
0.3285714285714286,0.7244897959183674,19.75
0.3285714285714286,0.7448979591836735,21.1
0.3285714285714286,0.7653061224489796,22.400000000000002
0.3285714285714286,0.7857142857142857,9.450000000000001
0.3285714285714286,0.8061224489795917,9.450000000000001
0.3285714285714286,0.8265306122448979,37.550000000000004
0.3285714285714286,0.846938775510204,35.550000000000004
0.3285714285714286,0.8673469387755102,34.050000000000004
0.3285714285714286,0.8877551020408163,32.800000000000004
0.3285714285714286,0.9081632653061225,32.15
0.3285714285714286,0.9285714285714286,31.200000000000003
0.3285714285714286,0.9489795918367346,30.700000000000003
0.3285714285714286,0.9693877551020408,29.950000000000003
0.3285714285714286,0.9897959183673469,29.5
0.3285714285714286,1.010204081632653,29.200000000000003
0.3285714285714286,1.030612244897959,28.85
0.3285714285714286,1.0510204081632653,28.200000000000003
0.3285714285714286,1.0714285714285714,27.950000000000003
0.3285714285714286,1.0918367346938775,27.700000000000003
0.3285714285714286,1.1122448979591835,27.450000000000003
0.3285714285714286,1.1326530612244898,27.25
0.3285714285714286,1.1530612244897958,26.75
0.3285714285714286,1.1734693877551021,26.5
0.3285714285714286,1.193877551020408,26.3
0.3285714285714286,1.2142857142857142,26.150000000000002
0.3285714285714286,1.2346938775510203,26.0
0.3285714285714286,1.2551020408163265,25.85
0.3285714285714286,1.2755102040816326,25.700000000000003
0.3285714285714286,1.2959183673469385,25.55
0.3285714285714286,1.316326530612245,25.1
0.3285714285714286,1.3367346938775508,24.950000000000003
0.3285714285714286,1.3571428571428572,24.8
0.3285714285714286,1.3775510204081631,24.700000000000003
0.3285714285714286,1.3979591836734693,24.6
0.3285714285714286,1.4183673469387754,24.5
0.3285714285714286,1.4387755102040816,24.400000000000002
0.3285714285714286,1.4591836734693877,24.3
0.3285714285714286,1.4795918367346939,24.200000000000003
0.3285714285714286,1.5,24.150000000000002
0.33673469387755106,0.5,17.75
0.33673469387755106,0.5204081632653061,17.5
0.33673469387755106,0.5408163265306123,17.35
0.33673469387755106,0.5612244897959183,17.3
0.33673469387755106,0.5816326530612245,17.25
0.33673469387755106,0.6020408163265306,17.2
0.33673469387755106,0.6224489795918368,17.150000000000002
0.33673469387755106,0.6428571428571428,17.1
0.33673469387755106,0.6632653061224489,18.35
0.33673469387755106,0.6836734693877551,18.400000000000002
0.33673469387755106,0.7040816326530612,18.3
0.33673469387755106,0.7244897959183674,19.650000000000002
0.33673469387755106,0.7448979591836735,19.5
0.33673469387755106,0.7653061224489796,20.85
0.33673469387755106,0.7857142857142857,23.650000000000002
0.33673469387755106,0.8061224489795917,9.35
0.33673469387755106,0.8265306122448979,39.25
0.33673469387755106,0.846938775510204,36.25
0.33673469387755106,0.8673469387755102,34.550000000000004
0.33673469387755106,0.8877551020408163,33.550000000000004
0.33673469387755106,0.9081632653061225,32.5
0.33673469387755106,0.9285714285714286,31.5
0.33673469387755106,0.9489795918367346,30.950000000000003
0.33673469387755106,0.9693877551020408,30.5
0.33673469387755106,0.9897959183673469,29.700000000000003
0.33673469387755106,1.010204081632653,29.35
0.33673469387755106,1.030612244897959,29.0
0.33673469387755106,1.0510204081632653,28.35
0.33673469387755106,1.0714285714285714,28.05
0.33673469387755106,1.0918367346938775,27.8
0.33673469387755106,1.1122448979591835,27.55
0.33673469387755106,1.1326530612244898,27.35
0.33673469387755106,1.1530612244897958,26.8
0.33673469387755106,1.1734693877551021,26.55
0.33673469387755106,1.193877551020408,26.35
0.33673469387755106,1.2142857142857142,26.200000000000003
0.33673469387755106,1.2346938775510203,26.05
0.33673469387755106,1.2551020408163265,25.900000000000002
0.33673469387755106,1.2755102040816326,25.75
0.33673469387755106,1.2959183673469385,25.55
0.33673469387755106,1.316326530612245,25.1
0.33673469387755106,1.3367346938775508,24.950000000000003
0.33673469387755106,1.3571428571428572,24.8
0.33673469387755106,1.3775510204081631,24.700000000000003
0.33673469387755106,1.3979591836734693,24.6
0.33673469387755106,1.4183673469387754,24.450000000000003
0.33673469387755106,1.4387755102040816,24.400000000000002
0.33673469387755106,1.4591836734693877,24.3
0.33673469387755106,1.4795918367346939,24.200000000000003
0.33673469387755106,1.5,24.1
0.3448979591836735,0.5,16.05
0.3448979591836735,0.5204081632653061,17.1
0.3448979591836735,0.5408163265306123,17.1
0.3448979591836735,0.5612244897959183,17.1
0.3448979591836735,0.5816326530612245,17.150000000000002
0.3448979591836735,0.6020408163265306,17.1
0.3448979591836735,0.6224489795918368,17.1
0.3448979591836735,0.6428571428571428,17.0
0.3448979591836735,0.6632653061224489,18.05
0.3448979591836735,0.6836734693877551,18.3
0.3448979591836735,0.7040816326530612,18.25
0.3448979591836735,0.7244897959183674,19.25
0.3448979591836735,0.7448979591836735,19.450000000000003
0.3448979591836735,0.7653061224489796,20.700000000000003
0.3448979591836735,0.7857142857142857,22.05
0.3448979591836735,0.8061224489795917,9.4
0.3448979591836735,0.8265306122448979,9.4
0.3448979591836735,0.846938775510204,37.6
0.3448979591836735,0.8673469387755102,35.550000000000004
0.3448979591836735,0.8877551020408163,34.050000000000004
0.3448979591836735,0.9081632653061225,32.85
0.3448979591836735,0.9285714285714286,32.15
0.3448979591836735,0.9489795918367346,31.200000000000003
0.3448979591836735,0.9693877551020408,30.75
0.3448979591836735,0.9897959183673469,29.900000000000002
0.3448979591836735,1.010204081632653,29.55
0.3448979591836735,1.030612244897959,29.200000000000003
0.3448979591836735,1.0510204081632653,28.8
0.3448979591836735,1.0714285714285714,28.200000000000003
0.3448979591836735,1.0918367346938775,27.900000000000002
0.3448979591836735,1.1122448979591835,27.650000000000002
0.3448979591836735,1.1326530612244898,27.450000000000003
0.3448979591836735,1.1530612244897958,27.150000000000002
0.3448979591836735,1.1734693877551021,26.650000000000002
0.3448979591836735,1.193877551020408,26.450000000000003
0.3448979591836735,1.2142857142857142,26.25
0.3448979591836735,1.2346938775510203,26.1
0.3448979591836735,1.2551020408163265,25.900000000000002
0.3448979591836735,1.2755102040816326,25.75
0.3448979591836735,1.2959183673469385,25.6
0.3448979591836735,1.316326530612245,25.150000000000002
0.3448979591836735,1.3367346938775508,25.0
0.3448979591836735,1.3571428571428572,24.85
0.3448979591836735,1.3775510204081631,24.700000000000003
0.3448979591836735,1.3979591836734693,24.6
0.3448979591836735,1.4183673469387754,24.5
0.3448979591836735,1.4387755102040816,24.35
0.3448979591836735,1.4591836734693877,24.25
0.3448979591836735,1.4795918367346939,24.200000000000003
0.3448979591836735,1.5,24.05
0.35306122448979593,0.5,15.950000000000001
0.35306122448979593,0.5204081632653061,15.9
0.35306122448979593,0.5408163265306123,15.850000000000001
0.35306122448979593,0.5612244897959183,16.85
0.35306122448979593,0.5816326530612245,16.95
0.35306122448979593,0.6020408163265306,17.0
0.35306122448979593,0.6224489795918368,17.0
0.35306122448979593,0.6428571428571428,16.95
0.35306122448979593,0.6632653061224489,16.85
0.35306122448979593,0.6836734693877551,18.1
0.35306122448979593,0.7040816326530612,18.150000000000002
0.35306122448979593,0.7244897959183674,18.05
0.35306122448979593,0.7448979591836735,19.35
0.35306122448979593,0.7653061224489796,19.200000000000003
0.35306122448979593,0.7857142857142857,20.55
0.35306122448979593,0.8061224489795917,9.450000000000001
0.35306122448979593,0.8265306122448979,9.3
0.35306122448979593,0.846938775510204,39.25
0.35306122448979593,0.8673469387755102,36.25
0.35306122448979593,0.8877551020408163,34.550000000000004
0.35306122448979593,0.9081632653061225,33.25
0.35306122448979593,0.9285714285714286,32.5
0.35306122448979593,0.9489795918367346,31.5
0.35306122448979593,0.9693877551020408,30.950000000000003
0.35306122448979593,0.9897959183673469,30.450000000000003
0.35306122448979593,1.010204081632653,29.700000000000003
0.35306122448979593,1.030612244897959,29.35
0.35306122448979593,1.0510204081632653,29.0
0.35306122448979593,1.0714285714285714,28.3
0.35306122448979593,1.0918367346938775,28.05
0.35306122448979593,1.1122448979591835,27.8
0.35306122448979593,1.1326530612244898,27.55
0.35306122448979593,1.1530612244897958,27.3
0.35306122448979593,1.1734693877551021,26.75
0.35306122448979593,1.193877551020408,26.5
0.35306122448979593,1.2142857142857142,26.35
0.35306122448979593,1.2346938775510203,26.150000000000002
0.35306122448979593,1.2551020408163265,26.0
0.35306122448979593,1.2755102040816326,25.8
0.35306122448979593,1.2959183673469385,25.650000000000002
0.35306122448979593,1.316326530612245,25.200000000000003
0.35306122448979593,1.3367346938775508,25.0
0.35306122448979593,1.3571428571428572,24.900000000000002
0.35306122448979593,1.3775510204081631,24.75
0.35306122448979593,1.3979591836734693,24.6
0.35306122448979593,1.4183673469387754,24.5
0.35306122448979593,1.4387755102040816,24.400000000000002
0.35306122448979593,1.4591836734693877,24.3
0.35306122448979593,1.4795918367346939,24.200000000000003
0.35306122448979593,1.5,24.05
0.36122448979591837,0.5,15.850000000000001
0.36122448979591837,0.5204081632653061,15.8
0.36122448979591837,0.5408163265306123,15.75
0.36122448979591837,0.5612244897959183,15.700000000000001
0.36122448979591837,0.5816326530612245,16.75
0.36122448979591837,0.6020408163265306,16.85
0.36122448979591837,0.6224489795918368,16.900000000000002
0.36122448979591837,0.6428571428571428,16.900000000000002
0.36122448979591837,0.6632653061224489,16.8
0.36122448979591837,0.6836734693877551,16.7
0.36122448979591837,0.7040816326530612,18.05
0.36122448979591837,0.7244897959183674,18.0
0.36122448979591837,0.7448979591836735,17.8
0.36122448979591837,0.7653061224489796,19.150000000000002
0.36122448979591837,0.7857142857142857,19.05
0.36122448979591837,0.8061224489795917,21.8
0.36122448979591837,0.8265306122448979,9.3
0.36122448979591837,0.846938775510204,9.35
0.36122448979591837,0.8673469387755102,37.6
0.36122448979591837,0.8877551020408163,35.550000000000004
0.36122448979591837,0.9081632653061225,34.050000000000004
0.36122448979591837,0.9285714285714286,32.85
0.36122448979591837,0.9489795918367346,32.1
0.36122448979591837,0.9693877551020408,31.200000000000003
0.36122448979591837,0.9897959183673469,30.700000000000003
0.36122448979591837,1.010204081632653,29.900000000000002
0.36122448979591837,1.030612244897959,29.5
0.36122448979591837,1.0510204081632653,29.150000000000002
0.36122448979591837,1.0714285714285714,28.5
0.36122448979591837,1.0918367346938775,28.150000000000002
0.36122448979591837,1.1122448979591835,27.900000000000002
0.36122448979591837,1.1326530612244898,27.650000000000002
0.36122448979591837,1.1530612244897958,27.400000000000002
0.36122448979591837,1.1734693877551021,26.85
0.36122448979591837,1.193877551020408,26.6
0.36122448979591837,1.2142857142857142,26.400000000000002
0.36122448979591837,1.2346938775510203,26.25
0.36122448979591837,1.2551020408163265,26.05
0.36122448979591837,1.2755102040816326,25.900000000000002
0.36122448979591837,1.2959183673469385,25.700000000000003
0.36122448979591837,1.316326530612245,25.25
0.36122448979591837,1.3367346938775508,25.05
0.36122448979591837,1.3571428571428572,24.900000000000002
0.36122448979591837,1.3775510204081631,24.8
0.36122448979591837,1.3979591836734693,24.650000000000002
0.36122448979591837,1.4183673469387754,24.55
0.36122448979591837,1.4387755102040816,24.400000000000002
0.36122448979591837,1.4591836734693877,24.3
0.36122448979591837,1.4795918367346939,24.200000000000003
0.36122448979591837,1.5,24.05
0.3693877551020408,0.5,15.8
0.3693877551020408,0.5204081632653061,15.75
0.3693877551020408,0.5408163265306123,15.700000000000001
0.3693877551020408,0.5612244897959183,15.600000000000001
0.3693877551020408,0.5816326530612245,15.55
0.3693877551020408,0.6020408163265306,16.7
0.3693877551020408,0.6224489795918368,16.8
0.3693877551020408,0.6428571428571428,16.8
0.3693877551020408,0.6632653061224489,16.75
0.3693877551020408,0.6836734693877551,16.650000000000002
0.3693877551020408,0.7040816326530612,17.8
0.3693877551020408,0.7244897959183674,17.900000000000002
0.3693877551020408,0.7448979591836735,17.75
0.3693877551020408,0.7653061224489796,17.6
0.3693877551020408,0.7857142857142857,18.95
0.3693877551020408,0.8061224489795917,20.35
0.3693877551020408,0.8265306122448979,9.4
0.3693877551020408,0.846938775510204,9.25
0.3693877551020408,0.8673469387755102,39.150000000000006
0.3693877551020408,0.8877551020408163,36.2
0.3693877551020408,0.9081632653061225,34.5
0.3693877551020408,0.9285714285714286,33.15
0.3693877551020408,0.9489795918367346,32.45
0.3693877551020408,0.9693877551020408,31.450000000000003
0.3693877551020408,0.9897959183673469,30.950000000000003
0.3693877551020408,1.010204081632653,30.05
0.3693877551020408,1.030612244897959,29.700000000000003
0.3693877551020408,1.0510204081632653,29.3
0.3693877551020408,1.0714285714285714,28.950000000000003
0.3693877551020408,1.0918367346938775,28.3
0.3693877551020408,1.1122448979591835,28.05
0.3693877551020408,1.1326530612244898,27.75
0.3693877551020408,1.1530612244897958,27.5
0.3693877551020408,1.1734693877551021,26.950000000000003
0.3693877551020408,1.193877551020408,26.700000000000003
0.3693877551020408,1.2142857142857142,26.5
0.3693877551020408,1.2346938775510203,26.3
0.3693877551020408,1.2551020408163265,26.150000000000002
0.3693877551020408,1.2755102040816326,25.950000000000003
0.3693877551020408,1.2959183673469385,25.75
0.3693877551020408,1.316326530612245,25.3
0.3693877551020408,1.3367346938775508,25.1
0.3693877551020408,1.3571428571428572,24.950000000000003
0.3693877551020408,1.3775510204081631,24.85
0.3693877551020408,1.3979591836734693,24.700000000000003
0.3693877551020408,1.4183673469387754,24.55
0.3693877551020408,1.4387755102040816,24.450000000000003
0.3693877551020408,1.4591836734693877,24.35
0.3693877551020408,1.4795918367346939,24.200000000000003
0.3693877551020408,1.5,24.1
0.37755102040816324,0.5,15.700000000000001
0.37755102040816324,0.5204081632653061,15.65
0.37755102040816324,0.5408163265306123,15.600000000000001
0.37755102040816324,0.5612244897959183,15.55
0.37755102040816324,0.5816326530612245,15.5
0.37755102040816324,0.6020408163265306,15.450000000000001
0.37755102040816324,0.6224489795918368,16.6
0.37755102040816324,0.6428571428571428,16.7
0.37755102040816324,0.6632653061224489,16.650000000000002
0.37755102040816324,0.6836734693877551,16.6
0.37755102040816324,0.7040816326530612,16.45
0.37755102040816324,0.7244897959183674,17.7
0.37755102040816324,0.7448979591836735,17.7
0.37755102040816324,0.7653061224489796,17.55
0.37755102040816324,0.7857142857142857,18.75
0.37755102040816324,0.8061224489795917,18.85
0.37755102040816324,0.8265306122448979,21.6
0.37755102040816324,0.846938775510204,9.25
0.37755102040816324,0.8673469387755102,9.3
0.37755102040816324,0.8877551020408163,37.4
0.37755102040816324,0.9081632653061225,34.85
0.37755102040816324,0.9285714285714286,33.9
0.37755102040816324,0.9489795918367346,32.75
0.37755102040816324,0.9693877551020408,31.650000000000002
0.37755102040816324,0.9897959183673469,31.150000000000002
0.37755102040816324,1.010204081632653,30.6
0.37755102040816324,1.030612244897959,29.8
0.37755102040816324,1.0510204081632653,29.450000000000003
0.37755102040816324,1.0714285714285714,29.1
0.37755102040816324,1.0918367346938775,28.400000000000002
0.37755102040816324,1.1122448979591835,28.150000000000002
0.37755102040816324,1.1326530612244898,27.85
0.37755102040816324,1.1530612244897958,27.6
0.37755102040816324,1.1734693877551021,27.3
0.37755102040816324,1.193877551020408,26.75
0.37755102040816324,1.2142857142857142,26.55
0.37755102040816324,1.2346938775510203,26.400000000000002
0.37755102040816324,1.2551020408163265,26.200000000000003
0.37755102040816324,1.2755102040816326,26.0
0.37755102040816324,1.2959183673469385,25.85
0.37755102040816324,1.316326530612245,25.35
0.37755102040816324,1.3367346938775508,25.150000000000002
0.37755102040816324,1.3571428571428572,25.0
0.37755102040816324,1.3775510204081631,24.85
0.37755102040816324,1.3979591836734693,24.75
0.37755102040816324,1.4183673469387754,24.6
0.37755102040816324,1.4387755102040816,24.5
0.37755102040816324,1.4591836734693877,24.35
0.37755102040816324,1.4795918367346939,24.25
0.37755102040816324,1.5,24.1
0.3857142857142858,0.5,15.55
0.3857142857142858,0.5204081632653061,15.55
0.3857142857142858,0.5408163265306123,15.5
0.3857142857142858,0.5612244897959183,15.450000000000001
0.3857142857142858,0.5816326530612245,15.4
0.3857142857142858,0.6020408163265306,15.350000000000001
0.3857142857142858,0.6224489795918368,16.3
0.3857142857142858,0.6428571428571428,16.55
0.3857142857142858,0.6632653061224489,16.55
0.3857142857142858,0.6836734693877551,16.5
0.3857142857142858,0.7040816326530612,16.400000000000002
0.3857142857142858,0.7244897959183674,16.25
0.3857142857142858,0.7448979591836735,17.55
0.3857142857142858,0.7653061224489796,17.5
0.3857142857142858,0.7857142857142857,17.400000000000002
0.3857142857142858,0.8061224489795917,18.75
0.3857142857142858,0.8265306122448979,20.150000000000002
0.3857142857142858,0.846938775510204,9.35
0.3857142857142858,0.8673469387755102,9.200000000000001
0.3857142857142858,0.8877551020408163,34.5
0.3857142857142858,0.9081632653061225,31.55
0.3857142857142858,0.9285714285714286,29.8
0.3857142857142858,0.9489795918367346,32.85
0.3857142857142858,0.9693877551020408,31.650000000000002
0.3857142857142858,0.9897959183673469,31.25
0.3857142857142858,1.010204081632653,30.75
0.3857142857142858,1.030612244897959,29.900000000000002
0.3857142857142858,1.0510204081632653,29.55
0.3857142857142858,1.0714285714285714,29.200000000000003
0.3857142857142858,1.0918367346938775,28.450000000000003
0.3857142857142858,1.1122448979591835,28.200000000000003
0.3857142857142858,1.1326530612244898,27.950000000000003
0.3857142857142858,1.1530612244897958,27.700000000000003
0.3857142857142858,1.1734693877551021,27.400000000000002
0.3857142857142858,1.193877551020408,26.85
0.3857142857142858,1.2142857142857142,26.650000000000002
0.3857142857142858,1.2346938775510203,26.450000000000003
0.3857142857142858,1.2551020408163265,26.25
0.3857142857142858,1.2755102040816326,26.1
0.3857142857142858,1.2959183673469385,25.900000000000002
0.3857142857142858,1.316326530612245,25.6
0.3857142857142858,1.3367346938775508,25.200000000000003
0.3857142857142858,1.3571428571428572,25.05
0.3857142857142858,1.3775510204081631,24.900000000000002
0.3857142857142858,1.3979591836734693,24.8
0.3857142857142858,1.4183673469387754,24.650000000000002
0.3857142857142858,1.4387755102040816,24.55
0.3857142857142858,1.4591836734693877,24.400000000000002
0.3857142857142858,1.4795918367346939,24.25
0.3857142857142858,1.5,24.1
0.3938775510204082,0.5,15.450000000000001
0.3938775510204082,0.5204081632653061,15.450000000000001
0.3938775510204082,0.5408163265306123,15.450000000000001
0.3938775510204082,0.5612244897959183,15.4
0.3938775510204082,0.5816326530612245,15.350000000000001
0.3938775510204082,0.6020408163265306,15.3
0.3938775510204082,0.6224489795918368,15.200000000000001
0.3938775510204082,0.6428571428571428,16.3
0.3938775510204082,0.6632653061224489,16.45
0.3938775510204082,0.6836734693877551,16.45
0.3938775510204082,0.7040816326530612,16.35
0.3938775510204082,0.7244897959183674,16.2
0.3938775510204082,0.7448979591836735,16.1
0.3938775510204082,0.7653061224489796,17.400000000000002
0.3938775510204082,0.7857142857142857,17.35
0.3938775510204082,0.8061224489795917,17.35
0.3938775510204082,0.8265306122448979,18.7
0.3938775510204082,0.846938775510204,9.450000000000001
0.3938775510204082,0.8673469387755102,9.200000000000001
0.3938775510204082,0.8877551020408163,9.25
0.3938775510204082,0.9081632653061225,32.95
0.3938775510204082,0.9285714285714286,30.85
0.3938775510204082,0.9489795918367346,29.3
0.3938775510204082,0.9693877551020408,28.05
0.3938775510204082,0.9897959183673469,27.400000000000002
0.3938775510204082,1.010204081632653,29.950000000000003
0.3938775510204082,1.030612244897959,29.900000000000002
0.3938775510204082,1.0510204081632653,29.6
0.3938775510204082,1.0714285714285714,29.200000000000003
0.3938775510204082,1.0918367346938775,28.5
0.3938775510204082,1.1122448979591835,28.25
0.3938775510204082,1.1326530612244898,28.0
0.3938775510204082,1.1530612244897958,27.75
0.3938775510204082,1.1734693877551021,27.450000000000003
0.3938775510204082,1.193877551020408,26.85
0.3938775510204082,1.2142857142857142,26.650000000000002
0.3938775510204082,1.2346938775510203,26.5
0.3938775510204082,1.2551020408163265,26.3
0.3938775510204082,1.2755102040816326,26.1
0.3938775510204082,1.2959183673469385,25.950000000000003
0.3938775510204082,1.316326530612245,25.650000000000002
0.3938775510204082,1.3367346938775508,25.25
0.3938775510204082,1.3571428571428572,25.1
0.3938775510204082,1.3775510204081631,24.950000000000003
0.3938775510204082,1.3979591836734693,24.8
0.3938775510204082,1.4183673469387754,24.700000000000003
0.3938775510204082,1.4387755102040816,24.55
0.3938775510204082,1.4591836734693877,24.450000000000003
0.3938775510204082,1.4795918367346939,24.3
0.3938775510204082,1.5,24.150000000000002
0.40204081632653066,0.5,15.3
0.40204081632653066,0.5204081632653061,15.350000000000001
0.40204081632653066,0.5408163265306123,15.350000000000001
0.40204081632653066,0.5612244897959183,15.3
0.40204081632653066,0.5816326530612245,15.3
0.40204081632653066,0.6020408163265306,15.200000000000001
0.40204081632653066,0.6224489795918368,15.15
0.40204081632653066,0.6428571428571428,15.05
0.40204081632653066,0.6632653061224489,16.25
0.40204081632653066,0.6836734693877551,16.35
0.40204081632653066,0.7040816326530612,16.3
0.40204081632653066,0.7244897959183674,16.2
0.40204081632653066,0.7448979591836735,16.05
0.40204081632653066,0.7653061224489796,15.950000000000001
0.40204081632653066,0.7857142857142857,17.25
0.40204081632653066,0.8061224489795917,17.25
0.40204081632653066,0.8265306122448979,18.55
0.40204081632653066,0.846938775510204,19.950000000000003
0.40204081632653066,0.8673469387755102,9.25
0.40204081632653066,0.8877551020408163,9.15
0.40204081632653066,0.9081632653061225,35.1
0.40204081632653066,0.9285714285714286,32.050000000000004
0.40204081632653066,0.9489795918367346,29.900000000000002
0.40204081632653066,0.9693877551020408,28.900000000000002
0.40204081632653066,0.9897959183673469,27.75
0.40204081632653066,1.010204081632653,26.75
0.40204081632653066,1.030612244897959,26.200000000000003
0.40204081632653066,1.0510204081632653,25.8
0.40204081632653066,1.0714285714285714,25.0
0.40204081632653066,1.0918367346938775,28.3
0.40204081632653066,1.1122448979591835,28.200000000000003
0.40204081632653066,1.1326530612244898,27.950000000000003
0.40204081632653066,1.1530612244897958,27.700000000000003
0.40204081632653066,1.1734693877551021,27.0
0.40204081632653066,1.193877551020408,26.85
0.40204081632653066,1.2142857142857142,26.700000000000003
0.40204081632653066,1.2346938775510203,26.5
0.40204081632653066,1.2551020408163265,26.3
0.40204081632653066,1.2755102040816326,26.150000000000002
0.40204081632653066,1.2959183673469385,25.950000000000003
0.40204081632653066,1.316326530612245,25.400000000000002
0.40204081632653066,1.3367346938775508,25.25
0.40204081632653066,1.3571428571428572,25.1
0.40204081632653066,1.3775510204081631,25.0
0.40204081632653066,1.3979591836734693,24.85
0.40204081632653066,1.4183673469387754,24.700000000000003
0.40204081632653066,1.4387755102040816,24.6
0.40204081632653066,1.4591836734693877,24.450000000000003
0.40204081632653066,1.4795918367346939,24.3
0.40204081632653066,1.5,24.150000000000002
0.4102040816326531,0.5,15.15
0.4102040816326531,0.5204081632653061,15.200000000000001
0.4102040816326531,0.5408163265306123,15.25
0.4102040816326531,0.5612244897959183,15.25
0.4102040816326531,0.5816326530612245,15.200000000000001
0.4102040816326531,0.6020408163265306,15.15
0.4102040816326531,0.6224489795918368,15.100000000000001
0.4102040816326531,0.6428571428571428,15.0
0.4102040816326531,0.6632653061224489,14.9
0.4102040816326531,0.6836734693877551,16.150000000000002
0.4102040816326531,0.7040816326530612,16.2
0.4102040816326531,0.7244897959183674,16.1
0.4102040816326531,0.7448979591836735,16.0
0.4102040816326531,0.7653061224489796,15.9
0.4102040816326531,0.7857142857142857,15.850000000000001
0.4102040816326531,0.8061224489795917,17.150000000000002
0.4102040816326531,0.8265306122448979,17.150000000000002
0.4102040816326531,0.846938775510204,18.55
0.4102040816326531,0.8673469387755102,9.35
0.4102040816326531,0.8877551020408163,9.15
0.4102040816326531,0.9081632653061225,9.15
0.4102040816326531,0.9285714285714286,33.2
0.4102040816326531,0.9489795918367346,31.0
0.4102040816326531,0.9693877551020408,29.450000000000003
0.4102040816326531,0.9897959183673469,28.150000000000002
0.4102040816326531,1.010204081632653,27.5
0.4102040816326531,1.030612244897959,26.5
0.4102040816326531,1.0510204081632653,26.0
0.4102040816326531,1.0714285714285714,25.25
0.4102040816326531,1.0918367346938775,24.8
0.4102040816326531,1.1122448979591835,24.5
0.4102040816326531,1.1326530612244898,24.200000000000003
0.4102040816326531,1.1530612244897958,23.55
0.4102040816326531,1.1734693877551021,26.75
0.4102040816326531,1.193877551020408,26.700000000000003
0.4102040816326531,1.2142857142857142,26.6
0.4102040816326531,1.2346938775510203,26.450000000000003
0.4102040816326531,1.2551020408163265,26.3
0.4102040816326531,1.2755102040816326,26.1
0.4102040816326531,1.2959183673469385,25.85
0.4102040816326531,1.316326530612245,25.35
0.4102040816326531,1.3367346938775508,25.200000000000003
0.4102040816326531,1.3571428571428572,25.1
0.4102040816326531,1.3775510204081631,24.950000000000003
0.4102040816326531,1.3979591836734693,24.85
0.4102040816326531,1.4183673469387754,24.700000000000003
0.4102040816326531,1.4387755102040816,24.6
0.4102040816326531,1.4591836734693877,24.450000000000003
0.4102040816326531,1.4795918367346939,24.3
0.4102040816326531,1.5,24.1
0.41836734693877553,0.5,14.950000000000001
0.41836734693877553,0.5204081632653061,15.05
0.41836734693877553,0.5408163265306123,15.100000000000001
0.41836734693877553,0.5612244897959183,15.15
0.41836734693877553,0.5816326530612245,15.15
0.41836734693877553,0.6020408163265306,15.100000000000001
0.41836734693877553,0.6224489795918368,15.05
0.41836734693877553,0.6428571428571428,14.950000000000001
0.41836734693877553,0.6632653061224489,14.850000000000001
0.41836734693877553,0.6836734693877551,14.75
0.41836734693877553,0.7040816326530612,16.05
0.41836734693877553,0.7244897959183674,16.0
0.41836734693877553,0.7448979591836735,15.950000000000001
0.41836734693877553,0.7653061224489796,15.850000000000001
0.41836734693877553,0.7857142857142857,15.8
0.41836734693877553,0.8061224489795917,16.95
0.41836734693877553,0.8265306122448979,17.05
0.41836734693877553,0.846938775510204,18.3
0.41836734693877553,0.8673469387755102,18.55
0.41836734693877553,0.8877551020408163,9.200000000000001
0.41836734693877553,0.9081632653061225,9.1
0.41836734693877553,0.9285714285714286,35.5
0.41836734693877553,0.9489795918367346,32.300000000000004
0.41836734693877553,0.9693877551020408,30.1
0.41836734693877553,0.9897959183673469,29.05
0.41836734693877553,1.010204081632653,27.85
0.41836734693877553,1.030612244897959,26.85
0.41836734693877553,1.0510204081632653,26.3
0.41836734693877553,1.0714285714285714,25.8
0.41836734693877553,1.0918367346938775,25.05
0.41836734693877553,1.1122448979591835,24.650000000000002
0.41836734693877553,1.1326530612244898,24.35
0.41836734693877553,1.1530612244897958,23.75
0.41836734693877553,1.1734693877551021,23.400000000000002
0.41836734693877553,1.193877551020408,23.150000000000002
0.41836734693877553,1.2142857142857142,22.950000000000003
0.41836734693877553,1.2346938775510203,22.75
0.41836734693877553,1.2551020408163265,22.55
0.41836734693877553,1.2755102040816326,25.25
0.41836734693877553,1.2959183673469385,25.25
0.41836734693877553,1.316326530612245,25.200000000000003
0.41836734693877553,1.3367346938775508,25.150000000000002
0.41836734693877553,1.3571428571428572,25.05
0.41836734693877553,1.3775510204081631,24.900000000000002
0.41836734693877553,1.3979591836734693,24.8
0.41836734693877553,1.4183673469387754,24.700000000000003
0.41836734693877553,1.4387755102040816,24.55
0.41836734693877553,1.4591836734693877,24.400000000000002
0.41836734693877553,1.4795918367346939,24.25
0.41836734693877553,1.5,23.8
0.42653061224489797,0.5,13.9
0.42653061224489797,0.5204081632653061,14.850000000000001
0.42653061224489797,0.5408163265306123,15.0
0.42653061224489797,0.5612244897959183,15.05
0.42653061224489797,0.5816326530612245,15.05
0.42653061224489797,0.6020408163265306,15.0
0.42653061224489797,0.6224489795918368,14.950000000000001
0.42653061224489797,0.6428571428571428,14.9
0.42653061224489797,0.6632653061224489,14.8
0.42653061224489797,0.6836734693877551,14.700000000000001
0.42653061224489797,0.7040816326530612,14.65
0.42653061224489797,0.7244897959183674,15.850000000000001
0.42653061224489797,0.7448979591836735,15.850000000000001
0.42653061224489797,0.7653061224489796,15.8
0.42653061224489797,0.7857142857142857,15.75
0.42653061224489797,0.8061224489795917,15.700000000000001
0.42653061224489797,0.8265306122448979,16.95
0.42653061224489797,0.846938775510204,17.0
0.42653061224489797,0.8673469387755102,18.3
0.42653061224489797,0.8877551020408163,9.3
0.42653061224489797,0.9081632653061225,9.05
0.42653061224489797,0.9285714285714286,9.1
0.42653061224489797,0.9489795918367346,33.800000000000004
0.42653061224489797,0.9693877551020408,31.200000000000003
0.42653061224489797,0.9897959183673469,29.6
0.42653061224489797,1.010204081632653,28.3
0.42653061224489797,1.030612244897959,27.55
0.42653061224489797,1.0510204081632653,26.6
0.42653061224489797,1.0714285714285714,26.1
0.42653061224489797,1.0918367346938775,25.25
0.42653061224489797,1.1122448979591835,24.85
0.42653061224489797,1.1326530612244898,24.5
0.42653061224489797,1.1530612244897958,24.200000000000003
0.42653061224489797,1.1734693877551021,23.55
0.42653061224489797,1.193877551020408,23.3
0.42653061224489797,1.2142857142857142,23.05
0.42653061224489797,1.2346938775510203,22.85
0.42653061224489797,1.2551020408163265,22.650000000000002
0.42653061224489797,1.2755102040816326,22.1
0.42653061224489797,1.2959183673469385,21.900000000000002
0.42653061224489797,1.316326530612245,21.700000000000003
0.42653061224489797,1.3367346938775508,21.55
0.42653061224489797,1.3571428571428572,24.75
0.42653061224489797,1.3775510204081631,24.75
0.42653061224489797,1.3979591836734693,24.650000000000002
0.42653061224489797,1.4183673469387754,24.55
0.42653061224489797,1.4387755102040816,24.400000000000002
0.42653061224489797,1.4591836734693877,23.8
0.42653061224489797,1.4795918367346939,23.75
0.42653061224489797,1.5,23.700000000000003
0.4346938775510204,0.5,13.8
0.4346938775510204,0.5204081632653061,13.75
0.4346938775510204,0.5408163265306123,14.8
0.4346938775510204,0.5612244897959183,14.9
0.4346938775510204,0.5816326530612245,14.950000000000001
0.4346938775510204,0.6020408163265306,14.950000000000001
0.4346938775510204,0.6224489795918368,14.9
0.4346938775510204,0.6428571428571428,14.850000000000001
0.4346938775510204,0.6632653061224489,14.75
0.4346938775510204,0.6836734693877551,14.65
0.4346938775510204,0.7040816326530612,14.600000000000001
0.4346938775510204,0.7244897959183674,14.5
0.4346938775510204,0.7448979591836735,15.700000000000001
0.4346938775510204,0.7653061224489796,15.700000000000001
0.4346938775510204,0.7857142857142857,15.700000000000001
0.4346938775510204,0.8061224489795917,15.65
0.4346938775510204,0.8265306122448979,15.65
0.4346938775510204,0.846938775510204,16.900000000000002
0.4346938775510204,0.8673469387755102,16.95
0.4346938775510204,0.8877551020408163,9.4
0.4346938775510204,0.9081632653061225,9.15
0.4346938775510204,0.9285714285714286,9.0
0.4346938775510204,0.9489795918367346,9.15
0.4346938775510204,0.9693877551020408,32.5
0.4346938775510204,0.9897959183673469,30.5
0.4346938775510204,1.010204081632653,29.150000000000002
0.4346938775510204,1.030612244897959,27.950000000000003
0.4346938775510204,1.0510204081632653,26.900000000000002
0.4346938775510204,1.0714285714285714,26.35
0.4346938775510204,1.0918367346938775,25.85
0.4346938775510204,1.1122448979591835,25.05
0.4346938775510204,1.1326530612244898,24.700000000000003
0.4346938775510204,1.1530612244897958,24.35
0.4346938775510204,1.1734693877551021,23.700000000000003
0.4346938775510204,1.193877551020408,23.400000000000002
0.4346938775510204,1.2142857142857142,23.150000000000002
0.4346938775510204,1.2346938775510203,22.950000000000003
0.4346938775510204,1.2551020408163265,22.700000000000003
0.4346938775510204,1.2755102040816326,22.5
0.4346938775510204,1.2959183673469385,21.950000000000003
0.4346938775510204,1.316326530612245,21.8
0.4346938775510204,1.3367346938775508,21.6
0.4346938775510204,1.3571428571428572,21.450000000000003
0.4346938775510204,1.3775510204081631,21.35
0.4346938775510204,1.3979591836734693,21.200000000000003
0.4346938775510204,1.4183673469387754,21.1
0.4346938775510204,1.4387755102040816,20.950000000000003
0.4346938775510204,1.4591836734693877,20.5
0.4346938775510204,1.4795918367346939,23.55
0.4346938775510204,1.5,23.55
0.44285714285714284,0.5,13.75
0.44285714285714284,0.5204081632653061,13.700000000000001
0.44285714285714284,0.5408163265306123,13.65
0.44285714285714284,0.5612244897959183,14.700000000000001
0.44285714285714284,0.5816326530612245,14.8
0.44285714285714284,0.6020408163265306,14.850000000000001
0.44285714285714284,0.6224489795918368,14.8
0.44285714285714284,0.6428571428571428,14.75
0.44285714285714284,0.6632653061224489,14.700000000000001
0.44285714285714284,0.6836734693877551,14.65
0.44285714285714284,0.7040816326530612,14.55
0.44285714285714284,0.7244897959183674,14.450000000000001
0.44285714285714284,0.7448979591836735,14.4
0.44285714285714284,0.7653061224489796,15.5
0.44285714285714284,0.7857142857142857,15.600000000000001
0.44285714285714284,0.8061224489795917,15.600000000000001
0.44285714285714284,0.8265306122448979,15.55
0.44285714285714284,0.846938775510204,16.650000000000002
0.44285714285714284,0.8673469387755102,16.8
0.44285714285714284,0.8877551020408163,18.0
0.44285714285714284,0.9081632653061225,9.25
0.44285714285714284,0.9285714285714286,9.0
0.44285714285714284,0.9489795918367346,9.0
0.44285714285714284,0.9693877551020408,34.0
0.44285714285714284,0.9897959183673469,31.3
0.44285714285714284,1.010204081632653,29.700000000000003
0.44285714285714284,1.030612244897959,28.35
0.44285714285714284,1.0510204081632653,27.6
0.44285714285714284,1.0714285714285714,26.650000000000002
0.44285714285714284,1.0918367346938775,26.150000000000002
0.44285714285714284,1.1122448979591835,25.3
0.44285714285714284,1.1326530612244898,24.900000000000002
0.44285714285714284,1.1530612244897958,24.55
0.44285714285714284,1.1734693877551021,24.150000000000002
0.44285714285714284,1.193877551020408,23.55
0.44285714285714284,1.2142857142857142,23.3
0.44285714285714284,1.2346938775510203,23.05
0.44285714285714284,1.2551020408163265,22.8
0.44285714285714284,1.2755102040816326,22.6
0.44285714285714284,1.2959183673469385,22.05
0.44285714285714284,1.316326530612245,21.85
0.44285714285714284,1.3367346938775508,21.700000000000003
0.44285714285714284,1.3571428571428572,21.5
0.44285714285714284,1.3775510204081631,21.35
0.44285714285714284,1.3979591836734693,21.25
0.44285714285714284,1.4183673469387754,21.1
0.44285714285714284,1.4387755102040816,21.0
0.44285714285714284,1.4591836734693877,20.5
0.44285714285714284,1.4795918367346939,20.35
0.44285714285714284,1.5,20.25
0.4510204081632654,0.5,13.700000000000001
0.4510204081632654,0.5204081632653061,13.600000000000001
0.4510204081632654,0.5408163265306123,13.55
0.4510204081632654,0.5612244897959183,13.55
0.4510204081632654,0.5816326530612245,14.65
0.4510204081632654,0.6020408163265306,14.700000000000001
0.4510204081632654,0.6224489795918368,14.700000000000001
0.4510204081632654,0.6428571428571428,14.700000000000001
0.4510204081632654,0.6632653061224489,14.65
0.4510204081632654,0.6836734693877551,14.55
0.4510204081632654,0.7040816326530612,14.5
0.4510204081632654,0.7244897959183674,14.4
0.4510204081632654,0.7448979591836735,14.350000000000001
0.4510204081632654,0.7653061224489796,14.3
0.4510204081632654,0.7857142857142857,15.4
0.4510204081632654,0.8061224489795917,15.5
0.4510204081632654,0.8265306122448979,15.5
0.4510204081632654,0.846938775510204,15.5
0.4510204081632654,0.8673469387755102,16.7
0.4510204081632654,0.8877551020408163,16.7
0.4510204081632654,0.9081632653061225,9.35
0.4510204081632654,0.9285714285714286,9.05
0.4510204081632654,0.9489795918367346,8.9
0.4510204081632654,0.9693877551020408,9.05
0.4510204081632654,0.9897959183673469,29.75
0.4510204081632654,1.010204081632653,30.1
0.4510204081632654,1.030612244897959,29.0
0.4510204081632654,1.0510204081632653,28.0
0.4510204081632654,1.0714285714285714,26.900000000000002
0.4510204081632654,1.0918367346938775,26.400000000000002
0.4510204081632654,1.1122448979591835,25.8
0.4510204081632654,1.1326530612244898,25.1
0.4510204081632654,1.1530612244897958,24.75
0.4510204081632654,1.1734693877551021,24.35
0.4510204081632654,1.193877551020408,23.700000000000003
0.4510204081632654,1.2142857142857142,23.400000000000002
0.4510204081632654,1.2346938775510203,23.150000000000002
0.4510204081632654,1.2551020408163265,22.950000000000003
0.4510204081632654,1.2755102040816326,22.700000000000003
0.4510204081632654,1.2959183673469385,22.150000000000002
0.4510204081632654,1.316326530612245,21.950000000000003
0.4510204081632654,1.3367346938775508,21.75
0.4510204081632654,1.3571428571428572,21.6
0.4510204081632654,1.3775510204081631,21.450000000000003
0.4510204081632654,1.3979591836734693,21.3
0.4510204081632654,1.4183673469387754,21.150000000000002
0.4510204081632654,1.4387755102040816,21.0
0.4510204081632654,1.4591836734693877,20.55
0.4510204081632654,1.4795918367346939,20.400000000000002
0.4510204081632654,1.5,20.25
0.4591836734693878,0.5,13.600000000000001
0.4591836734693878,0.5204081632653061,13.55
0.4591836734693878,0.5408163265306123,13.5
0.4591836734693878,0.5612244897959183,13.450000000000001
0.4591836734693878,0.5816326530612245,13.4
0.4591836734693878,0.6020408163265306,14.55
0.4591836734693878,0.6224489795918368,14.600000000000001
0.4591836734693878,0.6428571428571428,14.600000000000001
0.4591836734693878,0.6632653061224489,14.55
0.4591836734693878,0.6836734693877551,14.5
0.4591836734693878,0.7040816326530612,14.450000000000001
0.4591836734693878,0.7244897959183674,14.350000000000001
0.4591836734693878,0.7448979591836735,14.3
0.4591836734693878,0.7653061224489796,14.25
0.4591836734693878,0.7857142857142857,14.200000000000001
0.4591836734693878,0.8061224489795917,15.350000000000001
0.4591836734693878,0.8265306122448979,15.4
0.4591836734693878,0.846938775510204,15.4
0.4591836734693878,0.8673469387755102,15.4
0.4591836734693878,0.8877551020408163,16.6
0.4591836734693878,0.9081632653061225,16.400000000000002
0.4591836734693878,0.9285714285714286,9.15
0.4591836734693878,0.9489795918367346,8.9
0.4591836734693878,0.9693877551020408,8.9
0.4591836734693878,0.9897959183673469,32.0
0.4591836734693878,1.010204081632653,29.05
0.4591836734693878,1.030612244897959,27.3
0.4591836734693878,1.0510204081632653,28.150000000000002
0.4591836734693878,1.0714285714285714,27.0
0.4591836734693878,1.0918367346938775,26.6
0.4591836734693878,1.1122448979591835,26.05
0.4591836734693878,1.1326530612244898,25.25
0.4591836734693878,1.1530612244897958,24.900000000000002
0.4591836734693878,1.1734693877551021,24.55
0.4591836734693878,1.193877551020408,23.85
0.4591836734693878,1.2142857142857142,23.55
0.4591836734693878,1.2346938775510203,23.3
0.4591836734693878,1.2551020408163265,23.05
0.4591836734693878,1.2755102040816326,22.8
0.4591836734693878,1.2959183673469385,22.25
0.4591836734693878,1.316326530612245,22.0
0.4591836734693878,1.3367346938775508,21.85
0.4591836734693878,1.3571428571428572,21.650000000000002
0.4591836734693878,1.3775510204081631,21.5
0.4591836734693878,1.3979591836734693,21.35
0.4591836734693878,1.4183673469387754,21.200000000000003
0.4591836734693878,1.4387755102040816,21.05
0.4591836734693878,1.4591836734693877,20.6
0.4591836734693878,1.4795918367346939,20.450000000000003
0.4591836734693878,1.5,20.3
0.46734693877551026,0.5,13.55
0.46734693877551026,0.5204081632653061,13.5
0.46734693877551026,0.5408163265306123,13.450000000000001
0.46734693877551026,0.5612244897959183,13.4
0.46734693877551026,0.5816326530612245,13.350000000000001
0.46734693877551026,0.6020408163265306,13.3
0.46734693877551026,0.6224489795918368,14.4
0.46734693877551026,0.6428571428571428,14.5
0.46734693877551026,0.6632653061224489,14.450000000000001
0.46734693877551026,0.6836734693877551,14.450000000000001
0.46734693877551026,0.7040816326530612,14.4
0.46734693877551026,0.7244897959183674,14.3
0.46734693877551026,0.7448979591836735,14.25
0.46734693877551026,0.7653061224489796,14.200000000000001
0.46734693877551026,0.7857142857142857,14.15
0.46734693877551026,0.8061224489795917,14.15
0.46734693877551026,0.8265306122448979,15.3
0.46734693877551026,0.846938775510204,15.350000000000001
0.46734693877551026,0.8673469387755102,15.3
0.46734693877551026,0.8877551020408163,15.3
0.46734693877551026,0.9081632653061225,16.400000000000002
0.46734693877551026,0.9285714285714286,9.25
0.46734693877551026,0.9489795918367346,9.0
0.46734693877551026,0.9693877551020408,8.8
0.46734693877551026,0.9897959183673469,8.950000000000001
0.46734693877551026,1.010204081632653,30.650000000000002
0.46734693877551026,1.030612244897959,28.05
0.46734693877551026,1.0510204081632653,26.450000000000003
0.46734693877551026,1.0714285714285714,25.6
0.46734693877551026,1.0918367346938775,24.450000000000003
0.46734693877551026,1.1122448979591835,25.450000000000003
0.46734693877551026,1.1326530612244898,25.3
0.46734693877551026,1.1530612244897958,25.0
0.46734693877551026,1.1734693877551021,24.650000000000002
0.46734693877551026,1.193877551020408,24.200000000000003
0.46734693877551026,1.2142857142857142,23.650000000000002
0.46734693877551026,1.2346938775510203,23.400000000000002
0.46734693877551026,1.2551020408163265,23.150000000000002
0.46734693877551026,1.2755102040816326,22.900000000000002
0.46734693877551026,1.2959183673469385,22.6
0.46734693877551026,1.316326530612245,22.1
0.46734693877551026,1.3367346938775508,21.900000000000002
0.46734693877551026,1.3571428571428572,21.75
0.46734693877551026,1.3775510204081631,21.55
0.46734693877551026,1.3979591836734693,21.400000000000002
0.46734693877551026,1.4183673469387754,21.25
0.46734693877551026,1.4387755102040816,21.1
0.46734693877551026,1.4591836734693877,20.650000000000002
0.46734693877551026,1.4795918367346939,20.5
0.46734693877551026,1.5,20.35
0.4755102040816327,0.5,13.5
0.4755102040816327,0.5204081632653061,13.450000000000001
0.4755102040816327,0.5408163265306123,13.4
0.4755102040816327,0.5612244897959183,13.350000000000001
0.4755102040816327,0.5816326530612245,13.3
0.4755102040816327,0.6020408163265306,13.25
0.4755102040816327,0.6224489795918368,13.200000000000001
0.4755102040816327,0.6428571428571428,14.3
0.4755102040816327,0.6632653061224489,14.350000000000001
0.4755102040816327,0.6836734693877551,14.350000000000001
0.4755102040816327,0.7040816326530612,14.3
0.4755102040816327,0.7244897959183674,14.25
0.4755102040816327,0.7448979591836735,14.200000000000001
0.4755102040816327,0.7653061224489796,14.15
0.4755102040816327,0.7857142857142857,14.100000000000001
0.4755102040816327,0.8061224489795917,14.05
0.4755102040816327,0.8265306122448979,14.05
0.4755102040816327,0.846938775510204,15.200000000000001
0.4755102040816327,0.8673469387755102,15.25
0.4755102040816327,0.8877551020408163,15.200000000000001
0.4755102040816327,0.9081632653061225,15.05
0.4755102040816327,0.9285714285714286,9.35
0.4755102040816327,0.9489795918367346,9.1
0.4755102040816327,0.9693877551020408,8.8
0.4755102040816327,0.9897959183673469,8.55
0.4755102040816327,1.010204081632653,9.0
0.4755102040816327,1.030612244897959,29.5
0.4755102040816327,1.0510204081632653,27.650000000000002
0.4755102040816327,1.0714285714285714,26.150000000000002
0.4755102040816327,1.0918367346938775,24.900000000000002
0.4755102040816327,1.1122448979591835,24.25
0.4755102040816327,1.1326530612244898,23.3
0.4755102040816327,1.1530612244897958,22.85
0.4755102040816327,1.1734693877551021,24.650000000000002
0.4755102040816327,1.193877551020408,23.900000000000002
0.4755102040816327,1.2142857142857142,23.700000000000003
0.4755102040816327,1.2346938775510203,23.450000000000003
0.4755102040816327,1.2551020408163265,23.25
0.4755102040816327,1.2755102040816326,23.0
0.4755102040816327,1.2959183673469385,22.700000000000003
0.4755102040816327,1.316326530612245,22.150000000000002
0.4755102040816327,1.3367346938775508,22.0
0.4755102040816327,1.3571428571428572,21.8
0.4755102040816327,1.3775510204081631,21.650000000000002
0.4755102040816327,1.3979591836734693,21.5
0.4755102040816327,1.4183673469387754,21.3
0.4755102040816327,1.4387755102040816,21.150000000000002
0.4755102040816327,1.4591836734693877,20.700000000000003
0.4755102040816327,1.4795918367346939,20.5
0.4755102040816327,1.5,20.400000000000002
0.48367346938775513,0.5,13.4
0.48367346938775513,0.5204081632653061,13.4
0.48367346938775513,0.5408163265306123,13.350000000000001
0.48367346938775513,0.5612244897959183,13.3
0.48367346938775513,0.5816326530612245,13.25
0.48367346938775513,0.6020408163265306,13.200000000000001
0.48367346938775513,0.6224489795918368,13.15
0.48367346938775513,0.6428571428571428,13.100000000000001
0.48367346938775513,0.6632653061224489,14.15
0.48367346938775513,0.6836734693877551,14.200000000000001
0.48367346938775513,0.7040816326530612,14.200000000000001
0.48367346938775513,0.7244897959183674,14.200000000000001
0.48367346938775513,0.7448979591836735,14.15
0.48367346938775513,0.7653061224489796,14.100000000000001
0.48367346938775513,0.7857142857142857,14.05
0.48367346938775513,0.8061224489795917,14.0
0.48367346938775513,0.8265306122448979,14.0
0.48367346938775513,0.846938775510204,14.0
0.48367346938775513,0.8673469387755102,15.15
0.48367346938775513,0.8877551020408163,15.15
0.48367346938775513,0.9081632653061225,15.05
0.48367346938775513,0.9285714285714286,9.450000000000001
0.48367346938775513,0.9489795918367346,9.200000000000001
0.48367346938775513,0.9693877551020408,8.9
0.48367346938775513,0.9897959183673469,8.5
0.48367346938775513,1.010204081632653,8.75
0.48367346938775513,1.030612244897959,31.3
0.48367346938775513,1.0510204081632653,28.950000000000003
0.48367346938775513,1.0714285714285714,26.950000000000003
0.48367346938775513,1.0918367346938775,25.900000000000002
0.48367346938775513,1.1122448979591835,24.700000000000003
0.48367346938775513,1.1326530612244898,24.05
0.48367346938775513,1.1530612244897958,23.1
0.48367346938775513,1.1734693877551021,22.700000000000003
0.48367346938775513,1.193877551020408,21.900000000000002
0.48367346938775513,1.2142857142857142,23.5
0.48367346938775513,1.2346938775510203,23.450000000000003
0.48367346938775513,1.2551020408163265,23.25
0.48367346938775513,1.2755102040816326,23.0
0.48367346938775513,1.2959183673469385,22.700000000000003
0.48367346938775513,1.316326530612245,22.200000000000003
0.48367346938775513,1.3367346938775508,22.0
0.48367346938775513,1.3571428571428572,21.85
0.48367346938775513,1.3775510204081631,21.700000000000003
0.48367346938775513,1.3979591836734693,21.55
0.48367346938775513,1.4183673469387754,21.35
0.48367346938775513,1.4387755102040816,21.200000000000003
0.48367346938775513,1.4591836734693877,20.75
0.48367346938775513,1.4795918367346939,20.55
0.48367346938775513,1.5,20.400000000000002
0.49183673469387756,0.5,13.350000000000001
0.49183673469387756,0.5204081632653061,13.3
0.49183673469387756,0.5408163265306123,13.3
0.49183673469387756,0.5612244897959183,13.25
0.49183673469387756,0.5816326530612245,13.200000000000001
0.49183673469387756,0.6020408163265306,13.15
0.49183673469387756,0.6224489795918368,13.100000000000001
0.49183673469387756,0.6428571428571428,13.05
0.49183673469387756,0.6632653061224489,13.0
0.49183673469387756,0.6836734693877551,12.950000000000001
0.49183673469387756,0.7040816326530612,14.05
0.49183673469387756,0.7244897959183674,14.05
0.49183673469387756,0.7448979591836735,14.05
0.49183673469387756,0.7653061224489796,14.05
0.49183673469387756,0.7857142857142857,14.0
0.49183673469387756,0.8061224489795917,14.0
0.49183673469387756,0.8265306122448979,13.950000000000001
0.49183673469387756,0.846938775510204,13.9
0.49183673469387756,0.8673469387755102,13.9
0.49183673469387756,0.8877551020408163,15.05
0.49183673469387756,0.9081632653061225,14.950000000000001
0.49183673469387756,0.9285714285714286,14.65
0.49183673469387756,0.9489795918367346,9.3
0.49183673469387756,0.9693877551020408,9.0
0.49183673469387756,0.9897959183673469,8.5
0.49183673469387756,1.010204081632653,8.450000000000001
0.49183673469387756,1.030612244897959,8.85
0.49183673469387756,1.0510204081632653,30.55
0.49183673469387756,1.0714285714285714,28.1
0.49183673469387756,1.0918367346938775,26.55
0.49183673469387756,1.1122448979591835,25.3
0.49183673469387756,1.1326530612244898,24.5
0.49183673469387756,1.1530612244897958,23.5
0.49183673469387756,1.1734693877551021,23.0
0.49183673469387756,1.193877551020408,22.55
0.49183673469387756,1.2142857142857142,21.75
0.49183673469387756,1.2346938775510203,21.400000000000002
0.49183673469387756,1.2551020408163265,21.150000000000002
0.49183673469387756,1.2755102040816326,20.950000000000003
0.49183673469387756,1.2959183673469385,22.200000000000003
0.49183673469387756,1.316326530612245,22.150000000000002
0.49183673469387756,1.3367346938775508,22.0
0.49183673469387756,1.3571428571428572,21.900000000000002
0.49183673469387756,1.3775510204081631,21.75
0.49183673469387756,1.3979591836734693,21.55
0.49183673469387756,1.4183673469387754,21.400000000000002
0.49183673469387756,1.4387755102040816,21.200000000000003
0.49183673469387756,1.4591836734693877,20.75
0.49183673469387756,1.4795918367346939,20.55
0.49183673469387756,1.5,20.450000000000003
0.5,0.5,13.3
0.5,0.5204081632653061,13.25
0.5,0.5408163265306123,13.200000000000001
0.5,0.5612244897959183,13.200000000000001
0.5,0.5816326530612245,13.15
0.5,0.6020408163265306,13.100000000000001
0.5,0.6224489795918368,13.05
0.5,0.6428571428571428,13.0
0.5,0.6632653061224489,12.950000000000001
0.5,0.6836734693877551,12.9
0.5,0.7040816326530612,12.850000000000001
0.5,0.7244897959183674,13.9
0.5,0.7448979591836735,13.950000000000001
0.5,0.7653061224489796,13.950000000000001
0.5,0.7857142857142857,13.950000000000001
0.5,0.8061224489795917,13.950000000000001
0.5,0.8265306122448979,13.9
0.5,0.846938775510204,13.850000000000001
0.5,0.8673469387755102,13.850000000000001
0.5,0.8877551020408163,13.8
0.5,0.9081632653061225,14.9
0.5,0.9285714285714286,14.65
0.5,0.9489795918367346,9.4
0.5,0.9693877551020408,9.1
0.5,0.9897959183673469,8.5
0.5,1.010204081632653,8.4
0.5,1.030612244897959,8.4
0.5,1.0510204081632653,8.950000000000001
0.5,1.0714285714285714,29.55
0.5,1.0918367346938775,27.75
0.5,1.1122448979591835,26.25
0.5,1.1326530612244898,25.0
0.5,1.1530612244897958,24.35
0.5,1.1734693877551021,23.35
0.5,1.193877551020408,22.85
0.5,1.2142857142857142,22.05
0.5,1.2346938775510203,21.650000000000002
0.5,1.2551020408163265,21.3
0.5,1.2755102040816326,21.05
0.5,1.2959183673469385,20.400000000000002
0.5,1.316326530612245,20.1
0.5,1.3367346938775508,19.900000000000002
0.5,1.3571428571428572,21.75
0.5,1.3775510204081631,21.650000000000002
0.5,1.3979591836734693,21.5
0.5,1.4183673469387754,21.35
0.5,1.4387755102040816,21.150000000000002
0.5,1.4591836734693877,20.700000000000003
0.5,1.4795918367346939,20.55
0.5,1.5,20.450000000000003
