alpha,gamma,steady_time
0.5,1.5,20.35
0.5,1.5408163265306123,21.900000000000002
0.5,1.5816326530612246,21.950000000000003
0.5,1.6224489795918366,22.05
0.5,1.663265306122449,22.1
0.5,1.7040816326530612,22.150000000000002
0.5,1.7448979591836735,22.1
0.5,1.7857142857142856,21.950000000000003
0.5,1.8265306122448979,21.85
0.5,1.8673469387755102,21.950000000000003
0.5,1.9081632653061225,22.3
0.5,1.9489795918367347,23.85
0.5,1.989795918367347,24.150000000000002
0.5,2.0306122448979593,24.25
0.5,2.071428571428571,25.400000000000002
0.5,2.1122448979591835,25.450000000000003
0.5,2.1530612244897958,25.35
0.5,2.193877551020408,25.150000000000002
0.5,2.2346938775510203,24.950000000000003
0.5,2.2755102040816326,26.8
0.5,2.316326530612245,26.650000000000002
0.5,2.357142857142857,25.55
0.5,2.3979591836734695,27.75
0.5,2.4387755102040813,26.650000000000002
0.5,2.479591836734694,28.150000000000002
0.5,2.520408163265306,9.35
0.5,2.561224489795918,51.5
0.5,2.6020408163265305,49.45
0.5,2.642857142857143,48.050000000000004
0.5,2.683673469387755,46.85
0.5,2.724489795918367,46.25
0.5,2.7653061224489797,45.300000000000004
0.5,2.8061224489795915,44.800000000000004
0.5,2.8469387755102042,44.35
0.5,2.887755102040816,43.650000000000006
0.5,2.9285714285714284,43.25
0.5,2.9693877551020407,42.85
0.5,3.010204081632653,42.2
0.5,3.0510204081632653,41.900000000000006
0.5,3.091836734693877,41.650000000000006
0.5,3.13265306122449,41.35
0.5,3.1734693877551017,40.800000000000004
0.5,3.2142857142857144,40.45
0.5,3.2551020408163263,40.2
0.5,3.2959183673469385,40.0
0.5,3.336734693877551,39.85
0.5,3.377551020408163,39.650000000000006
0.5,3.4183673469387754,39.45
0.5,3.4591836734693877,39.0
0.5,3.5,38.85
0.5204081632653061,1.5,20.5
0.5204081632653061,1.5408163265306123,21.8
0.5204081632653061,1.5816326530612246,21.900000000000002
0.5204081632653061,1.6224489795918366,22.0
0.5204081632653061,1.663265306122449,22.0
0.5204081632653061,1.7040816326530612,21.950000000000003
0.5204081632653061,1.7448979591836735,21.85
0.5204081632653061,1.7857142857142856,21.8
0.5204081632653061,1.8265306122448979,21.900000000000002
0.5204081632653061,1.8673469387755102,22.150000000000002
0.5204081632653061,1.9081632653061225,23.700000000000003
0.5204081632653061,1.9489795918367347,24.0
0.5204081632653061,1.989795918367347,24.150000000000002
0.5204081632653061,2.0306122448979593,25.150000000000002
0.5204081632653061,2.071428571428571,25.400000000000002
0.5204081632653061,2.1122448979591835,25.3
0.5204081632653061,2.1530612244897958,25.150000000000002
0.5204081632653061,2.193877551020408,24.950000000000003
0.5204081632653061,2.2346938775510203,26.650000000000002
0.5204081632653061,2.2755102040816326,26.75
0.5204081632653061,2.316326530612245,26.0
0.5204081632653061,2.357142857142857,27.700000000000003
0.5204081632653061,2.3979591836734695,26.55
0.5204081632653061,2.4387755102040813,26.700000000000003
0.5204081632653061,2.479591836734694,29.650000000000002
0.5204081632653061,2.520408163265306,54.0
0.5204081632653061,2.561224489795918,50.2
0.5204081632653061,2.6020408163265305,48.6
0.5204081632653061,2.642857142857143,47.7
0.5204081632653061,2.683673469387755,46.650000000000006
0.5204081632653061,2.724489795918367,46.050000000000004
0.5204081632653061,2.7653061224489797,45.150000000000006
0.5204081632653061,2.8061224489795915,44.7
0.5204081632653061,2.8469387755102042,43.95
0.5204081632653061,2.887755102040816,43.550000000000004
0.5204081632653061,2.9285714285714284,43.150000000000006
0.5204081632653061,2.9693877551020407,42.75
0.5204081632653061,3.010204081632653,42.150000000000006
0.5204081632653061,3.0510204081632653,41.85
0.5204081632653061,3.091836734693877,41.550000000000004
0.5204081632653061,3.13265306122449,41.300000000000004
0.5204081632653061,3.1734693877551017,40.7
0.5204081632653061,3.2142857142857144,40.400000000000006
0.5204081632653061,3.2551020408163263,40.150000000000006
0.5204081632653061,3.2959183673469385,39.95
0.5204081632653061,3.336734693877551,39.800000000000004
0.5204081632653061,3.377551020408163,39.650000000000006
0.5204081632653061,3.4183673469387754,39.2
0.5204081632653061,3.4591836734693877,38.95
0.5204081632653061,3.5,38.800000000000004
0.5408163265306123,1.5,21.55
0.5408163265306123,1.5408163265306123,21.75
0.5408163265306123,1.5816326530612246,21.85
0.5408163265306123,1.6224489795918366,21.900000000000002
0.5408163265306123,1.663265306122449,21.85
0.5408163265306123,1.7040816326530612,21.75
0.5408163265306123,1.7448979591836735,21.700000000000003
0.5408163265306123,1.7857142857142856,21.8
0.5408163265306123,1.8265306122448979,22.0
0.5408163265306123,1.8673469387755102,23.55
0.5408163265306123,1.9081632653061225,23.900000000000002
0.5408163265306123,1.9489795918367347,24.05
0.5408163265306123,1.989795918367347,24.05
0.5408163265306123,2.0306122448979593,25.3
0.5408163265306123,2.071428571428571,25.3
0.5408163265306123,2.1122448979591835,25.150000000000002
0.5408163265306123,2.1530612244897958,24.950000000000003
0.5408163265306123,2.193877551020408,24.700000000000003
0.5408163265306123,2.2346938775510203,26.700000000000003
0.5408163265306123,2.2755102040816326,26.3
0.5408163265306123,2.316326530612245,25.3
0.5408163265306123,2.357142857142857,27.150000000000002
0.5408163265306123,2.3979591836734695,26.700000000000003
0.5408163265306123,2.4387755102040813,28.150000000000002
0.5408163265306123,2.479591836734694,9.35
0.5408163265306123,2.520408163265306,51.7
0.5408163265306123,2.561224489795918,49.7
0.5408163265306123,2.6020408163265305,48.25
0.5408163265306123,2.642857142857143,47.050000000000004
0.5408163265306123,2.683673469387755,46.45
0.5408163265306123,2.724489795918367,45.5
0.5408163265306123,2.7653061224489797,45.0
0.5408163265306123,2.8061224489795915,44.6
0.5408163265306123,2.8469387755102042,43.800000000000004
0.5408163265306123,2.887755102040816,43.45
0.5408163265306123,2.9285714285714284,43.050000000000004
0.5408163265306123,2.9693877551020407,42.400000000000006
0.5408163265306123,3.010204081632653,42.1
0.5408163265306123,3.0510204081632653,41.800000000000004
0.5408163265306123,3.091836734693877,41.5
0.5408163265306123,3.13265306122449,41.25
0.5408163265306123,3.1734693877551017,40.650000000000006
0.5408163265306123,3.2142857142857144,40.35
0.5408163265306123,3.2551020408163263,40.1
0.5408163265306123,3.2959183673469385,39.95
0.5408163265306123,3.336734693877551,39.75
0.5408163265306123,3.377551020408163,39.6
0.5408163265306123,3.4183673469387754,39.150000000000006
0.5408163265306123,3.4591836734693877,38.900000000000006
0.5408163265306123,3.5,38.75
0.5612244897959183,1.5,21.5
0.5612244897959183,1.5408163265306123,21.650000000000002
0.5612244897959183,1.5816326530612246,21.700000000000003
0.5612244897959183,1.6224489795918366,21.700000000000003
0.5612244897959183,1.663265306122449,21.650000000000002
0.5612244897959183,1.7040816326530612,21.6
0.5612244897959183,1.7448979591836735,21.700000000000003
0.5612244897959183,1.7857142857142856,21.900000000000002
0.5612244897959183,1.8265306122448979,23.3
0.5612244897959183,1.8673469387755102,23.75
0.5612244897959183,1.9081632653061225,23.950000000000003
0.5612244897959183,1.9489795918367347,24.0
0.5612244897959183,1.989795918367347,25.150000000000002
0.5612244897959183,2.0306122448979593,25.25
0.5612244897959183,2.071428571428571,25.150000000000002
0.5612244897959183,2.1122448979591835,24.950000000000003
0.5612244897959183,2.1530612244897958,24.700000000000003
0.5612244897959183,2.193877551020408,26.650000000000002
0.5612244897959183,2.2346938775510203,26.450000000000003
0.5612244897959183,2.2755102040816326,25.35
0.5612244897959183,2.316326530612245,25.35
0.5612244897959183,2.357142857142857,26.450000000000003
0.5612244897959183,2.3979591836734695,27.85
0.5612244897959183,2.4387755102040813,29.55
0.5612244897959183,2.479591836734694,54.2
0.5612244897959183,2.520408163265306,50.75
0.5612244897959183,2.561224489795918,48.800000000000004
0.5612244897959183,2.6020408163265305,47.95
0.5612244897959183,2.642857142857143,46.85
0.5612244897959183,2.683673469387755,46.25
0.5612244897959183,2.724489795918367,45.35
0.5612244897959183,2.7653061224489797,44.900000000000006
0.5612244897959183,2.8061224489795915,44.45
0.5612244897959183,2.8469387755102042,43.7
0.5612244897959183,2.887755102040816,43.35
0.5612244897959183,2.9285714285714284,42.95
0.5612244897959183,2.9693877551020407,42.300000000000004
0.5612244897959183,3.010204081632653,42.0
0.5612244897959183,3.0510204081632653,41.75
0.5612244897959183,3.091836734693877,41.45
0.5612244897959183,3.13265306122449,41.2
0.5612244897959183,3.1734693877551017,40.6
0.5612244897959183,3.2142857142857144,40.300000000000004
0.5612244897959183,3.2551020408163263,40.050000000000004
0.5612244897959183,3.2959183673469385,39.900000000000006
0.5612244897959183,3.336734693877551,39.75
0.5612244897959183,3.377551020408163,39.550000000000004
0.5612244897959183,3.4183673469387754,39.050000000000004
0.5612244897959183,3.4591836734693877,38.85
0.5612244897959183,3.5,38.7
0.5816326530612245,1.5,21.400000000000002
0.5816326530612245,1.5408163265306123,21.5
0.5816326530612245,1.5816326530612246,21.5
0.5816326530612245,1.6224489795918366,21.450000000000003
0.5816326530612245,1.663265306122449,21.450000000000003
0.5816326530612245,1.7040816326530612,21.55
0.5816326530612245,1.7448979591836735,21.75
0.5816326530612245,1.7857142857142856,22.0
0.5816326530612245,1.8265306122448979,23.650000000000002
0.5816326530612245,1.8673469387755102,23.85
0.5816326530612245,1.9081632653061225,23.900000000000002
0.5816326530612245,1.9489795918367347,23.8
0.5816326530612245,1.989795918367347,25.150000000000002
0.5816326530612245,2.0306122448979593,25.1
0.5816326530612245,2.071428571428571,24.950000000000003
0.5816326530612245,2.1122448979591835,24.700000000000003
0.5816326530612245,2.1530612244897958,26.450000000000003
0.5816326530612245,2.193877551020408,26.55
0.5816326530612245,2.2346938775510203,25.75
0.5816326530612245,2.2755102040816326,25.25
0.5816326530612245,2.316326530612245,25.25
0.5816326530612245,2.357142857142857,26.650000000000002
0.5816326530612245,2.3979591836734695,28.05
0.5816326530612245,2.4387755102040813,9.35
0.5816326530612245,2.479591836734694,51.85
0.5816326530612245,2.520408163265306,49.900000000000006
0.5816326530612245,2.561224489795918,48.45
0.5816326530612245,2.6020408163265305,47.6
0.5816326530612245,2.642857142857143,46.650000000000006
0.5816326530612245,2.683673469387755,46.050000000000004
0.5816326530612245,2.724489795918367,45.2
0.5816326530612245,2.7653061224489797,44.800000000000004
0.5816326530612245,2.8061224489795915,44.25
0.5816326530612245,2.8469387755102042,43.6
0.5816326530612245,2.887755102040816,43.25
0.5816326530612245,2.9285714285714284,42.900000000000006
0.5816326530612245,2.9693877551020407,42.25
0.5816326530612245,3.010204081632653,41.95
0.5816326530612245,3.0510204081632653,41.650000000000006
0.5816326530612245,3.091836734693877,41.400000000000006
0.5816326530612245,3.13265306122449,41.1
0.5816326530612245,3.1734693877551017,40.5
0.5816326530612245,3.2142857142857144,40.25
0.5816326530612245,3.2551020408163263,40.050000000000004
0.5816326530612245,3.2959183673469385,39.85
0.5816326530612245,3.336734693877551,39.7
0.5816326530612245,3.377551020408163,39.5
0.5816326530612245,3.4183673469387754,39.050000000000004
0.5816326530612245,3.4591836734693877,38.85
0.5816326530612245,3.5,38.650000000000006
0.6020408163265306,1.5,21.200000000000003
0.6020408163265306,1.5408163265306123,21.25
0.6020408163265306,1.5816326530612246,21.25
0.6020408163265306,1.6224489795918366,21.3
0.6020408163265306,1.663265306122449,21.450000000000003
0.6020408163265306,1.7040816326530612,21.650000000000002
0.6020408163265306,1.7448979591836735,21.85
0.6020408163265306,1.7857142857142856,23.5
0.6020408163265306,1.8265306122448979,23.700000000000003
0.6020408163265306,1.8673469387755102,23.8
0.6020408163265306,1.9081632653061225,23.75
0.6020408163265306,1.9489795918367347,25.0
0.6020408163265306,1.989795918367347,25.05
0.6020408163265306,2.0306122448979593,24.950000000000003
0.6020408163265306,2.071428571428571,24.75
0.6020408163265306,2.1122448979591835,24.450000000000003
0.6020408163265306,2.1530612244897958,26.5
0.6020408163265306,2.193877551020408,26.05
0.6020408163265306,2.2346938775510203,25.1
0.6020408163265306,2.2755102040816326,25.3
0.6020408163265306,2.316326530612245,26.5
0.6020408163265306,2.357142857142857,27.900000000000002
0.6020408163265306,2.3979591836734695,30.900000000000002
0.6020408163265306,2.4387755102040813,54.35
0.6020408163265306,2.479591836734694,51.050000000000004
0.6020408163265306,2.520408163265306,49.400000000000006
0.6020408163265306,2.561224489795918,48.2
0.6020408163265306,2.6020408163265305,47.050000000000004
0.6020408163265306,2.642857142857143,46.5
0.6020408163265306,2.683673469387755,45.550000000000004
0.6020408163265306,2.724489795918367,45.1
0.6020408163265306,2.7653061224489797,44.650000000000006
0.6020408163265306,2.8061224489795915,43.900000000000006
0.6020408163265306,2.8469387755102042,43.550000000000004
0.6020408163265306,2.887755102040816,43.150000000000006
0.6020408163265306,2.9285714285714284,42.800000000000004
0.6020408163265306,2.9693877551020407,42.2
0.6020408163265306,3.010204081632653,41.900000000000006
0.6020408163265306,3.0510204081632653,41.6
0.6020408163265306,3.091836734693877,41.35
0.6020408163265306,3.13265306122449,40.800000000000004
0.6020408163265306,3.1734693877551017,40.45
0.6020408163265306,3.2142857142857144,40.2
0.6020408163265306,3.2551020408163263,40.0
0.6020408163265306,3.2959183673469385,39.85
0.6020408163265306,3.336734693877551,39.7
0.6020408163265306,3.377551020408163,39.45
0.6020408163265306,3.4183673469387754,39.0
0.6020408163265306,3.4591836734693877,38.800000000000004
0.6020408163265306,3.5,38.6
0.6224489795918368,1.5,20.8
0.6224489795918368,1.5408163265306123,20.950000000000003
0.6224489795918368,1.5816326530612246,21.1
0.6224489795918368,1.6224489795918366,21.3
0.6224489795918368,1.663265306122449,21.5
0.6224489795918368,1.7040816326530612,21.700000000000003
0.6224489795918368,1.7448979591836735,23.25
0.6224489795918368,1.7857142857142856,23.6
0.6224489795918368,1.8265306122448979,23.700000000000003
0.6224489795918368,1.8673469387755102,23.700000000000003
0.6224489795918368,1.9081632653061225,23.5
0.6224489795918368,1.9489795918367347,25.0
0.6224489795918368,1.989795918367347,24.950000000000003
0.6224489795918368,2.0306122448979593,24.75
0.6224489795918368,2.071428571428571,24.450000000000003
0.6224489795918368,2.1122448979591835,26.400000000000002
0.6224489795918368,2.1530612244897958,26.200000000000003
0.6224489795918368,2.193877551020408,25.0
0.6224489795918368,2.2346938775510203,25.200000000000003
0.6224489795918368,2.2755102040816326,25.1
0.6224489795918368,2.316326530612245,26.55
0.6224489795918368,2.357142857142857,29.150000000000002
0.6224489795918368,2.3979591836734695,9.4
0.6224489795918368,2.4387755102040813,52.400000000000006
0.6224489795918368,2.479591836734694,50.050000000000004
0.6224489795918368,2.520408163265306,48.650000000000006
0.6224489795918368,2.561224489795918,47.900000000000006
0.6224489795918368,2.6020408163265305,46.85
0.6224489795918368,2.642857142857143,46.300000000000004
0.6224489795918368,2.683673469387755,45.400000000000006
0.6224489795918368,2.724489795918367,45.0
0.6224489795918368,2.7653061224489797,44.550000000000004
0.6224489795918368,2.8061224489795915,43.800000000000004
0.6224489795918368,2.8469387755102042,43.45
0.6224489795918368,2.887755102040816,43.1
0.6224489795918368,2.9285714285714284,42.7
0.6224489795918368,2.9693877551020407,42.150000000000006
0.6224489795918368,3.010204081632653,41.85
0.6224489795918368,3.0510204081632653,41.550000000000004
0.6224489795918368,3.091836734693877,41.300000000000004
0.6224489795918368,3.13265306122449,40.7
0.6224489795918368,3.1734693877551017,40.400000000000006
0.6224489795918368,3.2142857142857144,40.150000000000006
0.6224489795918368,3.2551020408163263,39.95
0.6224489795918368,3.2959183673469385,39.800000000000004
0.6224489795918368,3.336734693877551,39.650000000000006
0.6224489795918368,3.377551020408163,39.150000000000006
0.6224489795918368,3.4183673469387754,38.95
0.6224489795918368,3.4591836734693877,38.75
0.6224489795918368,3.5,38.550000000000004
0.6428571428571428,1.5,20.5
0.6428571428571428,1.5408163265306123,20.85
0.6428571428571428,1.5816326530612246,21.1
0.6428571428571428,1.6224489795918366,21.35
0.6428571428571428,1.663265306122449,21.55
0.6428571428571428,1.7040816326530612,21.700000000000003
0.6428571428571428,1.7448979591836735,23.450000000000003
0.6428571428571428,1.7857142857142856,23.6
0.6428571428571428,1.8265306122448979,23.6
0.6428571428571428,1.8673469387755102,23.5
0.6428571428571428,1.9081632653061225,24.8
0.6428571428571428,1.9489795918367347,24.900000000000002
0.6428571428571428,1.989795918367347,24.700000000000003
0.6428571428571428,2.0306122448979593,24.400000000000002
0.6428571428571428,2.071428571428571,24.150000000000002
0.6428571428571428,2.1122448979591835,26.3
0.6428571428571428,2.1530612244897958,23.8
0.6428571428571428,2.193877551020408,25.1
0.6428571428571428,2.2346938775510203,25.150000000000002
0.6428571428571428,2.2755102040816326,26.5
0.6428571428571428,2.316326530612245,27.900000000000002
0.6428571428571428,2.357142857142857,30.900000000000002
0.6428571428571428,2.3979591836734695,48.7
0.6428571428571428,2.4387755102040813,51.25
0.6428571428571428,2.479591836734694,49.650000000000006
0.6428571428571428,2.520408163265306,48.400000000000006
0.6428571428571428,2.561224489795918,47.550000000000004
0.6428571428571428,2.6020408163265305,46.7
0.6428571428571428,2.642857142857143,46.150000000000006
0.6428571428571428,2.683673469387755,45.300000000000004
0.6428571428571428,2.724489795918367,44.900000000000006
0.6428571428571428,2.7653061224489797,44.45
0.6428571428571428,2.8061224489795915,43.7
0.6428571428571428,2.8469387755102042,43.35
0.6428571428571428,2.887755102040816,43.0
0.6428571428571428,2.9285714285714284,42.35
0.6428571428571428,2.9693877551020407,42.050000000000004
0.6428571428571428,3.010204081632653,41.800000000000004
0.6428571428571428,3.0510204081632653,41.5
0.6428571428571428,3.091836734693877,41.25
0.6428571428571428,3.13265306122449,40.650000000000006
0.6428571428571428,3.1734693877551017,40.35
0.6428571428571428,3.2142857142857144,40.1
0.6428571428571428,3.2551020408163263,39.95
0.6428571428571428,3.2959183673469385,39.800000000000004
0.6428571428571428,3.336734693877551,39.6
0.6428571428571428,3.377551020408163,39.1
0.6428571428571428,3.4183673469387754,38.900000000000006
0.6428571428571428,3.4591836734693877,38.7
0.6428571428571428,3.5,38.550000000000004
0.6632653061224489,1.5,20.55
0.6632653061224489,1.5408163265306123,20.900000000000002
0.6632653061224489,1.5816326530612246,21.150000000000002
0.6632653061224489,1.6224489795918366,21.400000000000002
0.6632653061224489,1.663265306122449,21.55
0.6632653061224489,1.7040816326530612,23.3
0.6632653061224489,1.7448979591836735,23.5
0.6632653061224489,1.7857142857142856,23.5
0.6632653061224489,1.8265306122448979,23.400000000000002
0.6632653061224489,1.8673469387755102,23.200000000000003
0.6632653061224489,1.9081632653061225,24.8
0.6632653061224489,1.9489795918367347,24.700000000000003
0.6632653061224489,1.989795918367347,24.400000000000002
0.6632653061224489,2.0306122448979593,24.150000000000002
0.6632653061224489,2.071428571428571,26.25
0.6632653061224489,2.1122448979591835,25.650000000000002
0.6632653061224489,2.1530612244897958,24.900000000000002
0.6632653061224489,2.193877551020408,25.150000000000002
0.6632653061224489,2.2346938775510203,26.3
0.6632653061224489,2.2755102040816326,26.450000000000003
0.6632653061224489,2.316326530612245,29.3
0.6632653061224489,2.357142857142857,9.4
0.6632653061224489,2.3979591836734695,52.6
0.6632653061224489,2.4387755102040813,50.2
0.6632653061224489,2.479591836734694,48.800000000000004
0.6632653061224489,2.520408163265306,48.1
0.6632653061224489,2.561224489795918,47.050000000000004
0.6632653061224489,2.6020408163265305,46.550000000000004
0.6632653061224489,2.642857142857143,45.6
0.6632653061224489,2.683673469387755,45.2
0.6632653061224489,2.724489795918367,44.800000000000004
0.6632653061224489,2.7653061224489797,44.050000000000004
0.6632653061224489,2.8061224489795915,43.650000000000006
0.6632653061224489,2.8469387755102042,43.300000000000004
0.6632653061224489,2.887755102040816,42.95
0.6632653061224489,2.9285714285714284,42.300000000000004
0.6632653061224489,2.9693877551020407,42.0
0.6632653061224489,3.010204081632653,41.7
0.6632653061224489,3.0510204081632653,41.45
0.6632653061224489,3.091836734693877,41.150000000000006
0.6632653061224489,3.13265306122449,40.6
0.6632653061224489,3.1734693877551017,40.300000000000004
0.6632653061224489,3.2142857142857144,40.1
0.6632653061224489,3.2551020408163263,39.900000000000006
0.6632653061224489,3.2959183673469385,39.75
0.6632653061224489,3.336734693877551,39.550000000000004
0.6632653061224489,3.377551020408163,39.050000000000004
0.6632653061224489,3.4183673469387754,38.85
0.6632653061224489,3.4591836734693877,38.650000000000006
0.6632653061224489,3.5,38.5
0.6836734693877551,1.5,20.650000000000002
0.6836734693877551,1.5408163265306123,21.0
0.6836734693877551,1.5816326530612246,21.200000000000003
0.6836734693877551,1.6224489795918366,21.35
0.6836734693877551,1.663265306122449,22.950000000000003
0.6836734693877551,1.7040816326530612,23.35
0.6836734693877551,1.7448979591836735,23.400000000000002
0.6836734693877551,1.7857142857142856,23.35
0.6836734693877551,1.8265306122448979,23.150000000000002
0.6836734693877551,1.8673469387755102,22.85
0.6836734693877551,1.9081632653061225,24.650000000000002
0.6836734693877551,1.9489795918367347,24.400000000000002
0.6836734693877551,1.989795918367347,24.1
0.6836734693877551,2.0306122448979593,24.0
0.6836734693877551,2.071428571428571,25.85
0.6836734693877551,2.1122448979591835,23.650000000000002
0.6836734693877551,2.1530612244897958,25.1
0.6836734693877551,2.193877551020408,25.05
0.6836734693877551,2.2346938775510203,26.450000000000003
0.6836734693877551,2.2755102040816326,27.85
0.6836734693877551,2.316326530612245,30.8
0.6836734693877551,2.357142857142857,46.300000000000004
0.6836734693877551,2.3979591836734695,45.6
0.6836734693877551,2.4387755102040813,49.800000000000004
0.6836734693877551,2.479591836734694,48.550000000000004
0.6836734693877551,2.520408163265306,47.85
0.6836734693877551,2.561224489795918,46.900000000000006
0.6836734693877551,2.6020408163265305,46.35
0.6836734693877551,2.642857142857143,45.5
0.6836734693877551,2.683673469387755,45.1
0.6836734693877551,2.724489795918367,44.650000000000006
0.6836734693877551,2.7653061224489797,43.900000000000006
0.6836734693877551,2.8061224489795915,43.550000000000004
0.6836734693877551,2.8469387755102042,43.2
0.6836734693877551,2.887755102040816,42.85
0.6836734693877551,2.9285714285714284,42.25
0.6836734693877551,2.9693877551020407,41.95
0.6836734693877551,3.010204081632653,41.650000000000006
0.6836734693877551,3.0510204081632653,41.400000000000006
0.6836734693877551,3.091836734693877,40.85
0.6836734693877551,3.13265306122449,40.550000000000004
0.6836734693877551,3.1734693877551017,40.25
0.6836734693877551,3.2142857142857144,40.050000000000004
0.6836734693877551,3.2551020408163263,39.900000000000006
0.6836734693877551,3.2959183673469385,39.75
0.6836734693877551,3.336734693877551,39.5
0.6836734693877551,3.377551020408163,39.0
0.6836734693877551,3.4183673469387754,38.800000000000004
0.6836734693877551,3.4591836734693877,38.650000000000006
0.6836734693877551,3.5,38.45
0.7040816326530612,1.5,20.75
0.7040816326530612,1.5408163265306123,21.05
0.7040816326530612,1.5816326530612246,21.200000000000003
0.7040816326530612,1.6224489795918366,21.3
0.7040816326530612,1.663265306122449,23.200000000000003
0.7040816326530612,1.7040816326530612,23.3
0.7040816326530612,1.7448979591836735,23.25
0.7040816326530612,1.7857142857142856,23.1
0.7040816326530612,1.8265306122448979,22.8
0.7040816326530612,1.8673469387755102,24.450000000000003
0.7040816326530612,1.9081632653061225,24.3
0.7040816326530612,1.9489795918367347,24.05
0.7040816326530612,1.989795918367347,23.950000000000003
0.7040816326530612,2.0306122448979593,25.8
0.7040816326530612,2.071428571428571,23.700000000000003
0.7040816326530612,2.1122448979591835,24.950000000000003
0.7040816326530612,2.1530612244897958,25.1
0.7040816326530612,2.193877551020408,26.35
0.7040816326530612,2.2346938775510203,27.55
0.7040816326530612,2.2755102040816326,29.3
0.7040816326530612,2.316326530612245,9.450000000000001
0.7040816326530612,2.357142857142857,44.5
0.7040816326530612,2.3979591836734695,50.2
0.7040816326530612,2.4387755102040813,49.400000000000006
0.7040816326530612,2.479591836734694,48.300000000000004
0.7040816326530612,2.520408163265306,47.2
0.7040816326530612,2.561224489795918,46.75
0.7040816326530612,2.6020408163265305,46.2
0.7040816326530612,2.642857142857143,45.35
0.7040816326530612,2.683673469387755,45.0
0.7040816326530612,2.724489795918367,44.550000000000004
0.7040816326530612,2.7653061224489797,43.800000000000004
0.7040816326530612,2.8061224489795915,43.45
0.7040816326530612,2.8469387755102042,43.150000000000006
0.7040816326530612,2.887755102040816,42.800000000000004
0.7040816326530612,2.9285714285714284,42.2
0.7040816326530612,2.9693877551020407,41.900000000000006
0.7040816326530612,3.010204081632653,41.6
0.7040816326530612,3.0510204081632653,41.35
0.7040816326530612,3.091836734693877,40.75
0.7040816326530612,3.13265306122449,40.5
0.7040816326530612,3.1734693877551017,40.25
0.7040816326530612,3.2142857142857144,40.0
0.7040816326530612,3.2551020408163263,39.85
0.7040816326530612,3.2959183673469385,39.7
0.7040816326530612,3.336734693877551,39.45
0.7040816326530612,3.377551020408163,39.0
0.7040816326530612,3.4183673469387754,38.800000000000004
0.7040816326530612,3.4591836734693877,38.6
0.7040816326530612,3.5,38.45
0.7244897959183674,1.5,20.85
0.7244897959183674,1.5408163265306123,21.0
0.7244897959183674,1.5816326530612246,21.150000000000002
0.7244897959183674,1.6224489795918366,22.85
0.7244897959183674,1.663265306122449,23.150000000000002
0.7244897959183674,1.7040816326530612,23.150000000000002
0.7244897959183674,1.7448979591836735,23.0
0.7244897959183674,1.7857142857142856,22.8
0.7244897959183674,1.8265306122448979,22.55
0.7244897959183674,1.8673469387755102,22.35
0.7244897959183674,1.9081632653061225,23.900000000000002
0.7244897959183674,1.9489795918367347,23.85
0.7244897959183674,1.989795918367347,23.85
0.7244897959183674,2.0306122448979593,23.700000000000003
0.7244897959183674,2.071428571428571,24.700000000000003
0.7244897959183674,2.1122448979591835,25.05
0.7244897959183674,2.1530612244897958,24.900000000000002
0.7244897959183674,2.193877551020408,26.400000000000002
0.7244897959183674,2.2346938775510203,27.8
0.7244897959183674,2.2755102040816326,30.700000000000003
0.7244897959183674,2.316326530612245,46.550000000000004
0.7244897959183674,2.357142857142857,43.2
0.7244897959183674,2.3979591836734695,49.95
0.7244897959183674,2.4387755102040813,48.650000000000006
0.7244897959183674,2.479591836734694,48.050000000000004
0.7244897959183674,2.520408163265306,47.050000000000004
0.7244897959183674,2.561224489795918,46.6
0.7244897959183674,2.6020408163265305,46.0
0.7244897959183674,2.642857142857143,45.25
0.7244897959183674,2.683673469387755,44.900000000000006
0.7244897959183674,2.724489795918367,44.45
0.7244897959183674,2.7653061224489797,43.75
0.7244897959183674,2.8061224489795915,43.400000000000006
0.7244897959183674,2.8469387755102042,43.050000000000004
0.7244897959183674,2.887755102040816,42.45
0.7244897959183674,2.9285714285714284,42.150000000000006
0.7244897959183674,2.9693877551020407,41.85
0.7244897959183674,3.010204081632653,41.550000000000004
0.7244897959183674,3.0510204081632653,41.300000000000004
0.7244897959183674,3.091836734693877,40.7
0.7244897959183674,3.13265306122449,40.45
0.7244897959183674,3.1734693877551017,40.2
0.7244897959183674,3.2142857142857144,40.0
0.7244897959183674,3.2551020408163263,39.85
0.7244897959183674,3.2959183673469385,39.650000000000006
0.7244897959183674,3.336734693877551,39.2
0.7244897959183674,3.377551020408163,38.95
0.7244897959183674,3.4183673469387754,38.75
0.7244897959183674,3.4591836734693877,38.550000000000004
0.7244897959183674,3.5,38.400000000000006
0.7448979591836735,1.5,20.85
0.7448979591836735,1.5408163265306123,21.0
0.7448979591836735,1.5816326530612246,21.1
0.7448979591836735,1.6224489795918366,22.950000000000003
0.7448979591836735,1.663265306122449,23.05
0.7448979591836735,1.7040816326530612,22.950000000000003
0.7448979591836735,1.7448979591836735,22.75
0.7448979591836735,1.7857142857142856,22.5
0.7448979591836735,1.8265306122448979,22.35
0.7448979591836735,1.8673469387755102,22.25
0.7448979591836735,1.9081632653061225,23.75
0.7448979591836735,1.9489795918367347,23.8
0.7448979591836735,1.989795918367347,23.75
0.7448979591836735,2.0306122448979593,23.55
0.7448979591836735,2.071428571428571,24.950000000000003
0.7448979591836735,2.1122448979591835,24.950000000000003
0.7448979591836735,2.1530612244897958,26.35
0.7448979591836735,2.193877551020408,27.700000000000003
0.7448979591836735,2.2346938775510203,29.200000000000003
0.7448979591836735,2.2755102040816326,9.5
0.7448979591836735,2.316326530612245,44.7
0.7448979591836735,2.357142857142857,45.1
0.7448979591836735,2.3979591836734695,43.85
0.7448979591836735,2.4387755102040813,48.45
0.7448979591836735,2.479591836734694,47.800000000000004
0.7448979591836735,2.520408163265306,46.900000000000006
0.7448979591836735,2.561224489795918,46.45
0.7448979591836735,2.6020408163265305,45.550000000000004
0.7448979591836735,2.642857142857143,45.150000000000006
0.7448979591836735,2.683673469387755,44.800000000000004
0.7448979591836735,2.724489795918367,44.050000000000004
0.7448979591836735,2.7653061224489797,43.650000000000006
0.7448979591836735,2.8061224489795915,43.35
0.7448979591836735,2.8469387755102042,43.0
0.7448979591836735,2.887755102040816,42.35
0.7448979591836735,2.9285714285714284,42.050000000000004
0.7448979591836735,2.9693877551020407,41.800000000000004
0.7448979591836735,3.010204081632653,41.5
0.7448979591836735,3.0510204081632653,41.25
0.7448979591836735,3.091836734693877,40.650000000000006
0.7448979591836735,3.13265306122449,40.400000000000006
0.7448979591836735,3.1734693877551017,40.150000000000006
0.7448979591836735,3.2142857142857144,39.95
0.7448979591836735,3.2551020408163263,39.800000000000004
0.7448979591836735,3.2959183673469385,39.650000000000006
0.7448979591836735,3.336734693877551,39.150000000000006
0.7448979591836735,3.377551020408163,38.900000000000006
0.7448979591836735,3.4183673469387754,38.7
0.7448979591836735,3.4591836734693877,38.550000000000004
0.7448979591836735,3.5,38.35
0.7653061224489796,1.5,20.85
0.7653061224489796,1.5408163265306123,20.950000000000003
0.7653061224489796,1.5816326530612246,21.05
0.7653061224489796,1.6224489795918366,22.85
0.7653061224489796,1.663265306122449,22.8
0.7653061224489796,1.7040816326530612,22.650000000000002
0.7653061224489796,1.7448979591836735,22.450000000000003
0.7653061224489796,1.7857142857142856,22.3
0.7653061224489796,1.8265306122448979,22.25
0.7653061224489796,1.8673469387755102,23.6
0.7653061224489796,1.9081632653061225,23.700000000000003
0.7653061224489796,1.9489795918367347,23.700000000000003
0.7653061224489796,1.989795918367347,23.6
0.7653061224489796,2.0306122448979593,24.85
0.7653061224489796,2.071428571428571,25.0
0.7653061224489796,2.1122448979591835,26.200000000000003
0.7653061224489796,2.1530612244897958,26.3
0.7653061224489796,2.193877551020408,27.650000000000002
0.7653061224489796,2.2346938775510203,30.55
0.7653061224489796,2.2755102040816326,46.85
0.7653061224489796,2.316326530612245,43.45
0.7653061224489796,2.357142857142857,41.800000000000004
0.7653061224489796,2.3979591836734695,48.6
0.7653061224489796,2.4387755102040813,48.25
0.7653061224489796,2.479591836734694,47.2
0.7653061224489796,2.520408163265306,46.75
0.7653061224489796,2.561224489795918,46.300000000000004
0.7653061224489796,2.6020408163265305,45.45
0.7653061224489796,2.642857142857143,45.1
0.7653061224489796,2.683673469387755,44.7
0.7653061224489796,2.724489795918367,43.95
0.7653061224489796,2.7653061224489797,43.6
0.7653061224489796,2.8061224489795915,43.25
0.7653061224489796,2.8469387755102042,42.95
0.7653061224489796,2.887755102040816,42.300000000000004
0.7653061224489796,2.9285714285714284,42.0
0.7653061224489796,2.9693877551020407,41.75
0.7653061224489796,3.010204081632653,41.45
0.7653061224489796,3.0510204081632653,41.2
0.7653061224489796,3.091836734693877,40.6
0.7653061224489796,3.13265306122449,40.35
0.7653061224489796,3.1734693877551017,40.1
0.7653061224489796,3.2142857142857144,39.95
0.7653061224489796,3.2551020408163263,39.800000000000004
0.7653061224489796,3.2959183673469385,39.6
0.7653061224489796,3.336734693877551,39.1
0.7653061224489796,3.377551020408163,38.85
0.7653061224489796,3.4183673469387754,38.650000000000006
0.7653061224489796,3.4591836734693877,38.5
0.7653061224489796,3.5,38.35
0.7857142857142857,1.5,20.8
0.7857142857142857,1.5408163265306123,20.900000000000002
0.7857142857142857,1.5816326530612246,22.55
0.7857142857142857,1.6224489795918366,22.650000000000002
0.7857142857142857,1.663265306122449,22.55
0.7857142857142857,1.7040816326530612,22.400000000000002
0.7857142857142857,1.7448979591836735,22.3
0.7857142857142857,1.7857142857142856,22.200000000000003
0.7857142857142857,1.8265306122448979,22.150000000000002
0.7857142857142857,1.8673469387755102,23.650000000000002
0.7857142857142857,1.9081632653061225,23.700000000000003
0.7857142857142857,1.9489795918367347,23.6
0.7857142857142857,1.989795918367347,23.400000000000002
0.7857142857142857,2.0306122448979593,24.950000000000003
0.7857142857142857,2.071428571428571,24.85
0.7857142857142857,2.1122448979591835,26.3
0.7857142857142857,2.1530612244897958,27.700000000000003
0.7857142857142857,2.193877551020408,29.1
0.7857142857142857,2.2346938775510203,9.5
0.7857142857142857,2.2755102040816326,44.95
0.7857142857142857,2.316326530612245,42.900000000000006
0.7857142857142857,2.357142857142857,41.45
0.7857142857142857,2.3979591836734695,48.5
0.7857142857142857,2.4387755102040813,48.0
0.7857142857142857,2.479591836734694,47.050000000000004
0.7857142857142857,2.520408163265306,46.650000000000006
0.7857142857142857,2.561224489795918,46.1
0.7857142857142857,2.6020408163265305,45.35
0.7857142857142857,2.642857142857143,45.0
0.7857142857142857,2.683673469387755,44.6
0.7857142857142857,2.724489795918367,43.85
0.7857142857142857,2.7653061224489797,43.5
0.7857142857142857,2.8061224489795915,43.2
0.7857142857142857,2.8469387755102042,42.85
0.7857142857142857,2.887755102040816,42.25
0.7857142857142857,2.9285714285714284,41.95
0.7857142857142857,2.9693877551020407,41.7
0.7857142857142857,3.010204081632653,41.400000000000006
0.7857142857142857,3.0510204081632653,40.900000000000006
0.7857142857142857,3.091836734693877,40.550000000000004
0.7857142857142857,3.13265306122449,40.300000000000004
0.7857142857142857,3.1734693877551017,40.1
0.7857142857142857,3.2142857142857144,39.900000000000006
0.7857142857142857,3.2551020408163263,39.75
0.7857142857142857,3.2959183673469385,39.550000000000004
0.7857142857142857,3.336734693877551,39.050000000000004
0.7857142857142857,3.377551020408163,38.800000000000004
0.7857142857142857,3.4183673469387754,38.650000000000006
0.7857142857142857,3.4591836734693877,38.45
0.7857142857142857,3.5,38.300000000000004
0.8061224489795917,1.5,20.8
0.8061224489795917,1.5408163265306123,20.85
0.8061224489795917,1.5816326530612246,22.450000000000003
0.8061224489795917,1.6224489795918366,22.400000000000002
0.8061224489795917,1.663265306122449,22.35
0.8061224489795917,1.7040816326530612,22.25
0.8061224489795917,1.7448979591836735,22.200000000000003
0.8061224489795917,1.7857142857142856,22.150000000000002
0.8061224489795917,1.8265306122448979,23.5
0.8061224489795917,1.8673469387755102,23.650000000000002
0.8061224489795917,1.9081632653061225,23.6
0.8061224489795917,1.9489795918367347,23.450000000000003
0.8061224489795917,1.989795918367347,24.85
0.8061224489795917,2.0306122448979593,24.900000000000002
0.8061224489795917,2.071428571428571,26.200000000000003
0.8061224489795917,2.1122448979591835,26.150000000000002
0.8061224489795917,2.1530612244897958,27.55
0.8061224489795917,2.193877551020408,30.400000000000002
0.8061224489795917,2.2346938775510203,47.550000000000004
0.8061224489795917,2.2755102040816326,43.7
0.8061224489795917,2.316326530612245,42.0
0.8061224489795917,2.357142857142857,41.1
0.8061224489795917,2.3979591836734695,48.300000000000004
0.8061224489795917,2.4387755102040813,47.75
0.8061224489795917,2.479591836734694,46.95
0.8061224489795917,2.520408163265306,46.5
0.8061224489795917,2.561224489795918,45.6
0.8061224489795917,2.6020408163265305,45.25
0.8061224489795917,2.642857142857143,44.900000000000006
0.8061224489795917,2.683673469387755,44.5
0.8061224489795917,2.724489795918367,43.75
0.8061224489795917,2.7653061224489797,43.45
0.8061224489795917,2.8061224489795915,43.150000000000006
0.8061224489795917,2.8469387755102042,42.800000000000004
0.8061224489795917,2.887755102040816,42.2
0.8061224489795917,2.9285714285714284,41.900000000000006
0.8061224489795917,2.9693877551020407,41.650000000000006
0.8061224489795917,3.010204081632653,41.35
0.8061224489795917,3.0510204081632653,40.800000000000004
0.8061224489795917,3.091836734693877,40.5
0.8061224489795917,3.13265306122449,40.25
0.8061224489795917,3.1734693877551017,40.050000000000004
0.8061224489795917,3.2142857142857144,39.900000000000006
0.8061224489795917,3.2551020408163263,39.7
0.8061224489795917,3.2959183673469385,39.5
0.8061224489795917,3.336734693877551,39.0
0.8061224489795917,3.377551020408163,38.800000000000004
0.8061224489795917,3.4183673469387754,38.6
0.8061224489795917,3.4591836734693877,38.45
0.8061224489795917,3.5,38.25
0.8265306122448979,1.5,20.75
0.8265306122448979,1.5408163265306123,20.8
0.8265306122448979,1.5816326530612246,22.25
0.8265306122448979,1.6224489795918366,22.25
0.8265306122448979,1.663265306122449,22.200000000000003
0.8265306122448979,1.7040816326530612,22.150000000000002
0.8265306122448979,1.7448979591836735,22.1
0.8265306122448979,1.7857142857142856,22.05
0.8265306122448979,1.8265306122448979,23.55
0.8265306122448979,1.8673469387755102,23.6
0.8265306122448979,1.9081632653061225,23.5
0.8265306122448979,1.9489795918367347,24.700000000000003
0.8265306122448979,1.989795918367347,24.900000000000002
0.8265306122448979,2.0306122448979593,24.700000000000003
0.8265306122448979,2.071428571428571,26.200000000000003
0.8265306122448979,2.1122448979591835,27.650000000000002
0.8265306122448979,2.1530612244897958,28.950000000000003
0.8265306122448979,2.193877551020408,9.55
0.8265306122448979,2.2346938775510203,45.25
0.8265306122448979,2.2755102040816326,43.1
0.8265306122448979,2.316326530612245,41.650000000000006
0.8265306122448979,2.357142857142857,40.45
0.8265306122448979,2.3979591836734695,42.35
0.8265306122448979,2.4387755102040813,47.1
0.8265306122448979,2.479591836734694,46.800000000000004
0.8265306122448979,2.520408163265306,46.35
0.8265306122448979,2.561224489795918,45.5
0.8265306122448979,2.6020408163265305,45.150000000000006
0.8265306122448979,2.642857142857143,44.800000000000004
0.8265306122448979,2.683673469387755,44.050000000000004
0.8265306122448979,2.724489795918367,43.7
0.8265306122448979,2.7653061224489797,43.400000000000006
0.8265306122448979,2.8061224489795915,43.050000000000004
0.8265306122448979,2.8469387755102042,42.45
0.8265306122448979,2.887755102040816,42.150000000000006
0.8265306122448979,2.9285714285714284,41.85
0.8265306122448979,2.9693877551020407,41.6
0.8265306122448979,3.010204081632653,41.300000000000004
0.8265306122448979,3.0510204081632653,40.75
0.8265306122448979,3.091836734693877,40.45
0.8265306122448979,3.13265306122449,40.25
0.8265306122448979,3.1734693877551017,40.050000000000004
0.8265306122448979,3.2142857142857144,39.85
0.8265306122448979,3.2551020408163263,39.7
0.8265306122448979,3.2959183673469385,39.2
0.8265306122448979,3.336734693877551,38.95
0.8265306122448979,3.377551020408163,38.75
0.8265306122448979,3.4183673469387754,38.550000000000004
0.8265306122448979,3.4591836734693877,38.400000000000006
0.8265306122448979,3.5,38.25
0.846938775510204,1.5,20.700000000000003
0.846938775510204,1.5408163265306123,22.0
0.846938775510204,1.5816326530612246,22.1
0.846938775510204,1.6224489795918366,22.1
0.846938775510204,1.663265306122449,22.1
0.846938775510204,1.7040816326530612,22.05
0.846938775510204,1.7448979591836735,22.0
0.846938775510204,1.7857142857142856,23.450000000000003
0.846938775510204,1.8265306122448979,23.55
0.846938775510204,1.8673469387755102,23.5
0.846938775510204,1.9081632653061225,23.3
0.846938775510204,1.9489795918367347,24.85
0.846938775510204,1.989795918367347,24.8
0.846938775510204,2.0306122448979593,26.200000000000003
0.846938775510204,2.071428571428571,26.0
0.846938775510204,2.1122448979591835,27.400000000000002
0.846938775510204,2.1530612244897958,30.25
0.846938775510204,2.193877551020408,47.900000000000006
0.846938775510204,2.2346938775510203,44.400000000000006
0.846938775510204,2.2755102040816326,42.300000000000004
0.846938775510204,2.316326530612245,41.35
0.846938775510204,2.357142857142857,40.2
0.846938775510204,2.3979591836734695,42.25
0.846938775510204,2.4387755102040813,47.0
0.846938775510204,2.479591836734694,46.650000000000006
0.846938775510204,2.520408163265306,46.2
0.846938775510204,2.561224489795918,45.400000000000006
0.846938775510204,2.6020408163265305,45.1
0.846938775510204,2.642857142857143,44.7
0.846938775510204,2.683673469387755,43.95
0.846938775510204,2.724489795918367,43.650000000000006
0.846938775510204,2.7653061224489797,43.300000000000004
0.846938775510204,2.8061224489795915,43.0
0.846938775510204,2.8469387755102042,42.35
0.846938775510204,2.887755102040816,42.1
0.846938775510204,2.9285714285714284,41.800000000000004
0.846938775510204,2.9693877551020407,41.550000000000004
0.846938775510204,3.010204081632653,41.25
0.846938775510204,3.0510204081632653,40.7
0.846938775510204,3.091836734693877,40.45
0.846938775510204,3.13265306122449,40.2
0.846938775510204,3.1734693877551017,40.0
0.846938775510204,3.2142857142857144,39.85
0.846938775510204,3.2551020408163263,39.650000000000006
0.846938775510204,3.2959183673469385,39.150000000000006
0.846938775510204,3.336734693877551,38.900000000000006
0.846938775510204,3.377551020408163,38.7
0.846938775510204,3.4183673469387754,38.550000000000004
0.846938775510204,3.4591836734693877,38.35
0.846938775510204,3.5,38.2
0.8673469387755102,1.5,20.650000000000002
0.8673469387755102,1.5408163265306123,21.950000000000003
0.8673469387755102,1.5816326530612246,22.05
0.8673469387755102,1.6224489795918366,22.05
0.8673469387755102,1.663265306122449,22.0
0.8673469387755102,1.7040816326530612,22.0
0.8673469387755102,1.7448979591836735,23.25
0.8673469387755102,1.7857142857142856,23.5
0.8673469387755102,1.8265306122448979,23.5
0.8673469387755102,1.8673469387755102,23.35
0.8673469387755102,1.9081632653061225,24.75
0.8673469387755102,1.9489795918367347,24.8
0.8673469387755102,1.989795918367347,26.05
0.8673469387755102,2.0306122448979593,26.1
0.8673469387755102,2.071428571428571,27.55
0.8673469387755102,2.1122448979591835,28.8
0.8673469387755102,2.1530612244897958,9.55
0.8673469387755102,2.193877551020408,45.95
0.8673469387755102,2.2346938775510203,43.35
0.8673469387755102,2.2755102040816326,41.85
0.8673469387755102,2.316326530612245,40.7
0.8673469387755102,2.357142857142857,40.0
0.8673469387755102,2.3979591836734695,42.150000000000006
0.8673469387755102,2.4387755102040813,46.900000000000006
0.8673469387755102,2.479591836734694,46.550000000000004
0.8673469387755102,2.520408163265306,45.650000000000006
0.8673469387755102,2.561224489795918,45.35
0.8673469387755102,2.6020408163265305,45.0
0.8673469387755102,2.642857142857143,44.6
0.8673469387755102,2.683673469387755,43.900000000000006
0.8673469387755102,2.724489795918367,43.6
0.8673469387755102,2.7653061224489797,43.25
0.8673469387755102,2.8061224489795915,42.95
0.8673469387755102,2.8469387755102042,42.300000000000004
0.8673469387755102,2.887755102040816,42.050000000000004
0.8673469387755102,2.9285714285714284,41.75
0.8673469387755102,2.9693877551020407,41.5
0.8673469387755102,3.010204081632653,41.2
0.8673469387755102,3.0510204081632653,40.650000000000006
0.8673469387755102,3.091836734693877,40.400000000000006
0.8673469387755102,3.13265306122449,40.150000000000006
0.8673469387755102,3.1734693877551017,39.95
0.8673469387755102,3.2142857142857144,39.800000000000004
0.8673469387755102,3.2551020408163263,39.6
0.8673469387755102,3.2959183673469385,39.1
0.8673469387755102,3.336734693877551,38.900000000000006
0.8673469387755102,3.377551020408163,38.650000000000006
0.8673469387755102,3.4183673469387754,38.5
0.8673469387755102,3.4591836734693877,38.35
0.8673469387755102,3.5,38.2
0.8877551020408163,1.5,21.75
0.8877551020408163,1.5408163265306123,21.950000000000003
0.8877551020408163,1.5816326530612246,21.950000000000003
0.8877551020408163,1.6224489795918366,22.0
0.8877551020408163,1.663265306122449,21.950000000000003
0.8877551020408163,1.7040816326530612,21.900000000000002
0.8877551020408163,1.7448979591836735,23.400000000000002
0.8877551020408163,1.7857142857142856,23.450000000000003
0.8877551020408163,1.8265306122448979,23.35
0.8877551020408163,1.8673469387755102,24.55
0.8877551020408163,1.9081632653061225,24.8
0.8877551020408163,1.9489795918367347,24.650000000000002
0.8877551020408163,1.989795918367347,26.150000000000002
0.8877551020408163,2.0306122448979593,27.450000000000003
0.8877551020408163,2.071428571428571,28.8
0.8877551020408163,2.1122448979591835,30.150000000000002
0.8877551020408163,2.1530612244897958,48.35
0.8877551020408163,2.193877551020408,44.650000000000006
0.8877551020408163,2.2346938775510203,42.900000000000006
0.8877551020408163,2.2755102040816326,41.550000000000004
0.8877551020408163,2.316326530612245,40.400000000000006
0.8877551020408163,2.357142857142857,39.85
0.8877551020408163,2.3979591836734695,46.900000000000006
0.8877551020408163,2.4387755102040813,46.800000000000004
0.8877551020408163,2.479591836734694,46.400000000000006
0.8877551020408163,2.520408163265306,45.550000000000004
0.8877551020408163,2.561224489795918,45.25
0.8877551020408163,2.6020408163265305,44.900000000000006
0.8877551020408163,2.642857142857143,44.5
0.8877551020408163,2.683673469387755,43.800000000000004
0.8877551020408163,2.724489795918367,43.5
0.8877551020408163,2.7653061224489797,43.2
0.8877551020408163,2.8061224489795915,42.900000000000006
0.8877551020408163,2.8469387755102042,42.25
0.8877551020408163,2.887755102040816,42.0
0.8877551020408163,2.9285714285714284,41.7
0.8877551020408163,2.9693877551020407,41.45
0.8877551020408163,3.010204081632653,41.150000000000006
0.8877551020408163,3.0510204081632653,40.6
0.8877551020408163,3.091836734693877,40.35
0.8877551020408163,3.13265306122449,40.150000000000006
0.8877551020408163,3.1734693877551017,39.95
0.8877551020408163,3.2142857142857144,39.800000000000004
0.8877551020408163,3.2551020408163263,39.6
0.8877551020408163,3.2959183673469385,39.050000000000004
0.8877551020408163,3.336734693877551,38.85
0.8877551020408163,3.377551020408163,38.650000000000006
0.8877551020408163,3.4183673469387754,38.45
0.8877551020408163,3.4591836734693877,38.300000000000004
0.8877551020408163,3.5,38.15
0.9081632653061225,1.5,21.8
0.9081632653061225,1.5408163265306123,21.900000000000002
0.9081632653061225,1.5816326530612246,21.950000000000003
0.9081632653061225,1.6224489795918366,21.900000000000002
0.9081632653061225,1.663265306122449,21.85
0.9081632653061225,1.7040816326530612,23.3
0.9081632653061225,1.7448979591836735,23.400000000000002
0.9081632653061225,1.7857142857142856,23.35
0.9081632653061225,1.8265306122448979,23.200000000000003
0.9081632653061225,1.8673469387755102,24.75
0.9081632653061225,1.9081632653061225,24.700000000000003
0.9081632653061225,1.9489795918367347,26.05
0.9081632653061225,1.989795918367347,26.0
0.9081632653061225,2.0306122448979593,27.400000000000002
0.9081632653061225,2.071428571428571,28.700000000000003
0.9081632653061225,2.1122448979591835,9.600000000000001
0.9081632653061225,2.1530612244897958,46.300000000000004
0.9081632653061225,2.193877551020408,43.650000000000006
0.9081632653061225,2.2346938775510203,42.150000000000006
0.9081632653061225,2.2755102040816326,41.300000000000004
0.9081632653061225,2.316326530612245,40.2
0.9081632653061225,2.357142857142857,39.650000000000006
0.9081632653061225,2.3979591836734695,46.85
0.9081632653061225,2.4387755102040813,46.7
0.9081632653061225,2.479591836734694,46.25
0.9081632653061225,2.520408163265306,45.45
0.9081632653061225,2.561224489795918,45.2
0.9081632653061225,2.6020408163265305,44.85
0.9081632653061225,2.642857142857143,44.35
0.9081632653061225,2.683673469387755,43.75
0.9081632653061225,2.724489795918367,43.45
0.9081632653061225,2.7653061224489797,43.150000000000006
0.9081632653061225,2.8061224489795915,42.800000000000004
0.9081632653061225,2.8469387755102042,42.2
0.9081632653061225,2.887755102040816,41.95
0.9081632653061225,2.9285714285714284,41.650000000000006
0.9081632653061225,2.9693877551020407,41.400000000000006
0.9081632653061225,3.010204081632653,40.85
0.9081632653061225,3.0510204081632653,40.550000000000004
0.9081632653061225,3.091836734693877,40.300000000000004
0.9081632653061225,3.13265306122449,40.1
0.9081632653061225,3.1734693877551017,39.900000000000006
0.9081632653061225,3.2142857142857144,39.75
0.9081632653061225,3.2551020408163263,39.550000000000004
0.9081632653061225,3.2959183673469385,39.0
0.9081632653061225,3.336734693877551,38.800000000000004
0.9081632653061225,3.377551020408163,38.6
0.9081632653061225,3.4183673469387754,38.45
0.9081632653061225,3.4591836734693877,38.300000000000004
0.9081632653061225,3.5,38.1
0.9285714285714286,1.5,21.8
0.9285714285714286,1.5408163265306123,21.85
0.9285714285714286,1.5816326530612246,21.85
0.9285714285714286,1.6224489795918366,21.85
0.9285714285714286,1.663265306122449,23.1
0.9285714285714286,1.7040816326530612,23.35
0.9285714285714286,1.7448979591836735,23.35
0.9285714285714286,1.7857142857142856,23.25
0.9285714285714286,1.8265306122448979,24.6
0.9285714285714286,1.8673469387755102,24.700000000000003
0.9285714285714286,1.9081632653061225,24.5
0.9285714285714286,1.9489795918367347,26.05
0.9285714285714286,1.989795918367347,27.400000000000002
0.9285714285714286,2.0306122448979593,28.75
0.9285714285714286,2.071428571428571,30.05
0.9285714285714286,2.1122448979591835,49.2
0.9285714285714286,2.1530612244897958,45.0
0.9285714285714286,2.193877551020408,43.150000000000006
0.9285714285714286,2.2346938775510203,41.800000000000004
0.9285714285714286,2.2755102040816326,40.7
0.9285714285714286,2.316326530612245,40.0
0.9285714285714286,2.357142857142857,39.150000000000006
0.9285714285714286,2.3979591836734695,46.75
0.9285714285714286,2.4387755102040813,40.85
0.9285714285714286,2.479591836734694,46.050000000000004
0.9285714285714286,2.520408163265306,45.400000000000006
0.9285714285714286,2.561224489795918,45.1
0.9285714285714286,2.6020408163265305,44.75
0.9285714285714286,2.642857142857143,44.0
0.9285714285714286,2.683673469387755,43.7
0.9285714285714286,2.724489795918367,43.400000000000006
0.9285714285714286,2.7653061224489797,43.1
0.9285714285714286,2.8061224489795915,42.45
0.9285714285714286,2.8469387755102042,42.150000000000006
0.9285714285714286,2.887755102040816,41.900000000000006
0.9285714285714286,2.9285714285714284,41.6
0.9285714285714286,2.9693877551020407,41.35
0.9285714285714286,3.010204081632653,40.75
0.9285714285714286,3.0510204081632653,40.5
0.9285714285714286,3.091836734693877,40.300000000000004
0.9285714285714286,3.13265306122449,40.050000000000004
0.9285714285714286,3.1734693877551017,39.900000000000006
0.9285714285714286,3.2142857142857144,39.7
0.9285714285714286,3.2551020408163263,39.300000000000004
0.9285714285714286,3.2959183673469385,39.0
0.9285714285714286,3.336734693877551,38.75
0.9285714285714286,3.377551020408163,38.6
0.9285714285714286,3.4183673469387754,38.400000000000006
0.9285714285714286,3.4591836734693877,38.25
0.9285714285714286,3.5,38.1
0.9489795918367346,1.5,21.8
0.9489795918367346,1.5408163265306123,21.8
0.9489795918367346,1.5816326530612246,21.8
0.9489795918367346,1.6224489795918366,21.75
0.9489795918367346,1.663265306122449,23.25
0.9489795918367346,1.7040816326530612,23.3
0.9489795918367346,1.7448979591836735,23.25
0.9489795918367346,1.7857142857142856,23.1
0.9489795918367346,1.8265306122448979,24.650000000000002
0.9489795918367346,1.8673469387755102,24.6
0.9489795918367346,1.9081632653061225,26.0
0.9489795918367346,1.9489795918367347,25.85
0.9489795918367346,1.989795918367347,27.3
0.9489795918367346,2.0306122448979593,28.6
0.9489795918367346,2.071428571428571,9.600000000000001
0.9489795918367346,2.1122448979591835,46.7
0.9489795918367346,2.1530612244897958,44.300000000000004
0.9489795918367346,2.193877551020408,42.75
0.9489795918367346,2.2346938775510203,41.5
0.9489795918367346,2.2755102040816326,40.400000000000006
0.9489795918367346,2.316326530612245,39.85
0.9489795918367346,2.357142857142857,38.95
0.9489795918367346,2.3979591836734695,40.75
0.9489795918367346,2.4387755102040813,46.400000000000006
0.9489795918367346,2.479591836734694,45.550000000000004
0.9489795918367346,2.520408163265306,45.35
0.9489795918367346,2.561224489795918,45.0
0.9489795918367346,2.6020408163265305,44.650000000000006
0.9489795918367346,2.642857142857143,43.900000000000006
0.9489795918367346,2.683673469387755,43.650000000000006
0.9489795918367346,2.724489795918367,43.35
0.9489795918367346,2.7653061224489797,43.050000000000004
0.9489795918367346,2.8061224489795915,42.400000000000006
0.9489795918367346,2.8469387755102042,42.1
0.9489795918367346,2.887755102040816,41.85
0.9489795918367346,2.9285714285714284,41.550000000000004
0.9489795918367346,2.9693877551020407,41.300000000000004
0.9489795918367346,3.010204081632653,40.7
0.9489795918367346,3.0510204081632653,40.45
0.9489795918367346,3.091836734693877,40.25
0.9489795918367346,3.13265306122449,40.050000000000004
0.9489795918367346,3.1734693877551017,39.85
0.9489795918367346,3.2142857142857144,39.7
0.9489795918367346,3.2551020408163263,39.2
0.9489795918367346,3.2959183673469385,38.95
0.9489795918367346,3.336734693877551,38.75
0.9489795918367346,3.377551020408163,38.550000000000004
0.9489795918367346,3.4183673469387754,38.400000000000006
0.9489795918367346,3.4591836734693877,38.25
0.9489795918367346,3.5,38.050000000000004
0.9693877551020408,1.5,21.75
0.9693877551020408,1.5408163265306123,21.75
0.9693877551020408,1.5816326530612246,21.700000000000003
0.9693877551020408,1.6224489795918366,23.150000000000002
0.9693877551020408,1.663265306122449,23.3
0.9693877551020408,1.7040816326530612,23.25
0.9693877551020408,1.7448979591836735,23.1
0.9693877551020408,1.7857142857142856,24.6
0.9693877551020408,1.8265306122448979,24.6
0.9693877551020408,1.8673469387755102,25.8
0.9693877551020408,1.9081632653061225,25.950000000000003
0.9693877551020408,1.9489795918367347,27.35
0.9693877551020408,1.989795918367347,28.650000000000002
0.9693877551020408,2.0306122448979593,29.950000000000003
0.9693877551020408,2.071428571428571,49.75
0.9693877551020408,2.1122448979591835,45.35
0.9693877551020408,2.1530612244897958,43.45
0.9693877551020408,2.193877551020408,42.050000000000004
0.9693877551020408,2.2346938775510203,41.300000000000004
0.9693877551020408,2.2755102040816326,40.2
0.9693877551020408,2.316326530612245,39.7
0.9693877551020408,2.357142857142857,38.800000000000004
0.9693877551020408,2.3979591836734695,40.75
0.9693877551020408,2.4387755102040813,46.2
0.9693877551020408,2.479591836734694,45.5
0.9693877551020408,2.520408163265306,45.25
0.9693877551020408,2.561224489795918,44.95
0.9693877551020408,2.6020408163265305,44.550000000000004
0.9693877551020408,2.642857142857143,43.85
0.9693877551020408,2.683673469387755,43.6
0.9693877551020408,2.724489795918367,43.300000000000004
0.9693877551020408,2.7653061224489797,43.0
0.9693877551020408,2.8061224489795915,42.300000000000004
0.9693877551020408,2.8469387755102042,42.050000000000004
0.9693877551020408,2.887755102040816,41.800000000000004
0.9693877551020408,2.9285714285714284,41.550000000000004
0.9693877551020408,2.9693877551020407,41.25
0.9693877551020408,3.010204081632653,40.650000000000006
0.9693877551020408,3.0510204081632653,40.45
0.9693877551020408,3.091836734693877,40.2
0.9693877551020408,3.13265306122449,40.0
0.9693877551020408,3.1734693877551017,39.85
0.9693877551020408,3.2142857142857144,39.650000000000006
0.9693877551020408,3.2551020408163263,39.150000000000006
0.9693877551020408,3.2959183673469385,38.900000000000006
0.9693877551020408,3.336734693877551,38.7
0.9693877551020408,3.377551020408163,38.5
0.9693877551020408,3.4183673469387754,38.35
0.9693877551020408,3.4591836734693877,38.2
0.9693877551020408,3.5,38.050000000000004
0.9897959183673469,1.5,21.700000000000003
0.9897959183673469,1.5408163265306123,21.700000000000003
0.9897959183673469,1.5816326530612246,22.900000000000002
0.9897959183673469,1.6224489795918366,23.200000000000003
0.9897959183673469,1.663265306122449,23.200000000000003
0.9897959183673469,1.7040816326530612,23.1
0.9897959183673469,1.7448979591836735,24.450000000000003
0.9897959183673469,1.7857142857142856,24.6
0.9897959183673469,1.8265306122448979,24.450000000000003
0.9897959183673469,1.8673469387755102,25.950000000000003
0.9897959183673469,1.9081632653061225,25.75
0.9897959183673469,1.9489795918367347,27.150000000000002
0.9897959183673469,1.989795918367347,28.450000000000003
0.9897959183673469,2.0306122448979593,9.65
0.9897959183673469,2.071428571428571,47.2
0.9897959183673469,2.1122448979591835,44.7
0.9897959183673469,2.1530612244897958,43.050000000000004
0.9897959183673469,2.193877551020408,41.75
0.9897959183673469,2.2346938775510203,40.7
0.9897959183673469,2.2755102040816326,40.050000000000004
0.9897959183673469,2.316326530612245,39.5
0.9897959183673469,2.357142857142857,38.7
0.9897959183673469,2.3979591836734695,40.7
0.9897959183673469,2.4387755102040813,45.5
0.9897959183673469,2.479591836734694,45.45
0.9897959183673469,2.520408163265306,45.2
0.9897959183673469,2.561224489795918,44.85
0.9897959183673469,2.6020408163265305,44.45
0.9897959183673469,2.642857142857143,43.800000000000004
0.9897959183673469,2.683673469387755,43.5
0.9897959183673469,2.724489795918367,43.25
0.9897959183673469,2.7653061224489797,42.900000000000006
0.9897959183673469,2.8061224489795915,42.25
0.9897959183673469,2.8469387755102042,42.0
0.9897959183673469,2.887755102040816,41.75
0.9897959183673469,2.9285714285714284,41.5
0.9897959183673469,2.9693877551020407,41.2
0.9897959183673469,3.010204081632653,40.650000000000006
0.9897959183673469,3.0510204081632653,40.400000000000006
0.9897959183673469,3.091836734693877,40.2
0.9897959183673469,3.13265306122449,40.0
0.9897959183673469,3.1734693877551017,39.800000000000004
0.9897959183673469,3.2142857142857144,39.6
0.9897959183673469,3.2551020408163263,39.1
0.9897959183673469,3.2959183673469385,38.85
0.9897959183673469,3.336734693877551,38.650000000000006
0.9897959183673469,3.377551020408163,38.5
0.9897959183673469,3.4183673469387754,38.35
0.9897959183673469,3.4591836734693877,38.2
0.9897959183673469,3.5,38.0
1.010204081632653,1.5,21.650000000000002
1.010204081632653,1.5408163265306123,21.6
1.010204081632653,1.5816326530612246,23.1
1.010204081632653,1.6224489795918366,23.200000000000003
1.010204081632653,1.663265306122449,23.1
1.010204081632653,1.7040816326530612,23.0
1.010204081632653,1.7448979591836735,24.55
1.010204081632653,1.7857142857142856,24.5
1.010204081632653,1.8265306122448979,25.85
1.010204081632653,1.8673469387755102,25.8
1.010204081632653,1.9081632653061225,27.200000000000003
1.010204081632653,1.9489795918367347,28.450000000000003
1.010204081632653,1.989795918367347,29.85
1.010204081632653,2.0306122448979593,50.800000000000004
1.010204081632653,2.071428571428571,46.1
1.010204081632653,2.1122448979591835,43.800000000000004
1.010204081632653,2.1530612244897958,42.400000000000006
1.010204081632653,2.193877551020408,41.5
1.010204081632653,2.2346938775510203,40.45
1.010204081632653,2.2755102040816326,39.900000000000006
1.010204081632653,2.316326530612245,39.050000000000004
1.010204081632653,2.357142857142857,38.550000000000004
1.010204081632653,2.3979591836734695,40.650000000000006
1.010204081632653,2.4387755102040813,45.5
1.010204081632653,2.479591836734694,45.35
1.010204081632653,2.520408163265306,45.1
1.010204081632653,2.561224489795918,44.75
1.010204081632653,2.6020408163265305,44.0
1.010204081632653,2.642857142857143,43.75
1.010204081632653,2.683673469387755,43.45
1.010204081632653,2.724489795918367,43.150000000000006
1.010204081632653,2.7653061224489797,42.85
1.010204081632653,2.8061224489795915,42.25
1.010204081632653,2.8469387755102042,41.95
1.010204081632653,2.887755102040816,41.7
1.010204081632653,2.9285714285714284,41.45
1.010204081632653,2.9693877551020407,40.900000000000006
1.010204081632653,3.010204081632653,40.6
1.010204081632653,3.0510204081632653,40.35
1.010204081632653,3.091836734693877,40.150000000000006
1.010204081632653,3.13265306122449,39.95
1.010204081632653,3.1734693877551017,39.800000000000004
1.010204081632653,3.2142857142857144,39.6
1.010204081632653,3.2551020408163263,39.050000000000004
1.010204081632653,3.2959183673469385,38.85
1.010204081632653,3.336734693877551,38.650000000000006
1.010204081632653,3.377551020408163,38.45
1.010204081632653,3.4183673469387754,38.300000000000004
1.010204081632653,3.4591836734693877,38.15
1.010204081632653,3.5,37.95
1.030612244897959,1.5,21.55
1.030612244897959,1.5408163265306123,23.0
1.030612244897959,1.5816326530612246,23.150000000000002
1.030612244897959,1.6224489795918366,23.1
1.030612244897959,1.663265306122449,23.0
1.030612244897959,1.7040816326530612,24.450000000000003
1.030612244897959,1.7448979591836735,24.5
1.030612244897959,1.7857142857142856,24.3
1.030612244897959,1.8265306122448979,25.85
1.030612244897959,1.8673469387755102,25.6
1.030612244897959,1.9081632653061225,27.05
1.030612244897959,1.9489795918367347,28.35
1.030612244897959,1.989795918367347,9.700000000000001
1.030612244897959,2.0306122448979593,48.0
1.030612244897959,2.071428571428571,45.0
1.030612244897959,2.1122448979591835,43.35
1.030612244897959,2.1530612244897958,42.050000000000004
1.030612244897959,2.193877551020408,41.300000000000004
1.030612244897959,2.2346938775510203,40.300000000000004
1.030612244897959,2.2755102040816326,39.75
1.030612244897959,2.316326530612245,38.900000000000006
1.030612244897959,2.357142857142857,38.45
1.030612244897959,2.3979591836734695,40.6
1.030612244897959,2.4387755102040813,45.45
1.030612244897959,2.479591836734694,45.300000000000004
1.030612244897959,2.520408163265306,45.050000000000004
1.030612244897959,2.561224489795918,44.7
1.030612244897959,2.6020408163265305,43.95
1.030612244897959,2.642857142857143,43.7
1.030612244897959,2.683673469387755,43.400000000000006
1.030612244897959,2.724489795918367,43.1
1.030612244897959,2.7653061224489797,42.5
1.030612244897959,2.8061224489795915,42.2
1.030612244897959,2.8469387755102042,41.95
1.030612244897959,2.887755102040816,41.650000000000006
1.030612244897959,2.9285714285714284,41.400000000000006
1.030612244897959,2.9693877551020407,40.800000000000004
1.030612244897959,3.010204081632653,40.550000000000004
1.030612244897959,3.0510204081632653,40.35
1.030612244897959,3.091836734693877,40.1
1.030612244897959,3.13265306122449,39.95
1.030612244897959,3.1734693877551017,39.75
1.030612244897959,3.2142857142857144,39.550000000000004
1.030612244897959,3.2551020408163263,39.0
1.030612244897959,3.2959183673469385,38.800000000000004
1.030612244897959,3.336734693877551,38.6
1.030612244897959,3.377551020408163,38.45
1.030612244897959,3.4183673469387754,38.300000000000004
1.030612244897959,3.4591836734693877,38.15
1.030612244897959,3.5,37.95
1.0510204081632653,1.5,21.450000000000003
1.0510204081632653,1.5408163265306123,23.05
1.0510204081632653,1.5816326530612246,23.1
1.0510204081632653,1.6224489795918366,23.0
1.0510204081632653,1.663265306122449,24.25
1.0510204081632653,1.7040816326530612,24.5
1.0510204081632653,1.7448979591836735,24.35
1.0510204081632653,1.7857142857142856,25.8
1.0510204081632653,1.8265306122448979,25.700000000000003
1.0510204081632653,1.8673469387755102,27.1
1.0510204081632653,1.9081632653061225,26.8
1.0510204081632653,1.9489795918367347,29.75
1.0510204081632653,1.989795918367347,51.550000000000004
1.0510204081632653,2.0306122448979593,46.5
1.0510204081632653,2.071428571428571,44.5
1.0510204081632653,2.1122448979591835,43.0
1.0510204081632653,2.1530612244897958,41.800000000000004
1.0510204081632653,2.193877551020408,40.75
1.0510204081632653,2.2346938775510203,40.1
1.0510204081632653,2.2755102040816326,39.6
1.0510204081632653,2.316326530612245,38.75
1.0510204081632653,2.357142857142857,38.35
1.0510204081632653,2.3979591836734695,40.550000000000004
1.0510204081632653,2.4387755102040813,45.400000000000006
1.0510204081632653,2.479591836734694,45.25
1.0510204081632653,2.520408163265306,44.95
1.0510204081632653,2.561224489795918,44.6
1.0510204081632653,2.6020408163265305,43.900000000000006
1.0510204081632653,2.642857142857143,43.650000000000006
1.0510204081632653,2.683673469387755,43.35
1.0510204081632653,2.724489795918367,43.050000000000004
1.0510204081632653,2.7653061224489797,42.400000000000006
1.0510204081632653,2.8061224489795915,42.150000000000006
1.0510204081632653,2.8469387755102042,41.900000000000006
1.0510204081632653,2.887755102040816,41.6
1.0510204081632653,2.9285714285714284,41.35
1.0510204081632653,2.9693877551020407,40.75
1.0510204081632653,3.010204081632653,40.5
1.0510204081632653,3.0510204081632653,40.300000000000004
1.0510204081632653,3.091836734693877,40.1
1.0510204081632653,3.13265306122449,39.900000000000006
1.0510204081632653,3.1734693877551017,39.7
1.0510204081632653,3.2142857142857144,39.25
1.0510204081632653,3.2551020408163263,39.0
1.0510204081632653,3.2959183673469385,38.75
1.0510204081632653,3.336734693877551,38.6
1.0510204081632653,3.377551020408163,38.400000000000006
1.0510204081632653,3.4183673469387754,38.25
1.0510204081632653,3.4591836734693877,38.1
1.0510204081632653,3.5,37.9
1.0714285714285714,1.5,22.950000000000003
1.0714285714285714,1.5408163265306123,23.05
1.0714285714285714,1.5816326530612246,23.0
1.0714285714285714,1.6224489795918366,22.85
1.0714285714285714,1.663265306122449,24.400000000000002
1.0714285714285714,1.7040816326530612,24.400000000000002
1.0714285714285714,1.7448979591836735,24.200000000000003
1.0714285714285714,1.7857142857142856,25.75
1.0714285714285714,1.8265306122448979,25.5
1.0714285714285714,1.8673469387755102,26.900000000000002
1.0714285714285714,1.9081632653061225,28.25
1.0714285714285714,1.9489795918367347,9.75
1.0714285714285714,1.989795918367347,48.5
1.0714285714285714,2.0306122448979593,45.400000000000006
1.0714285714285714,2.071428571428571,43.7
1.0714285714285714,2.1122448979591835,42.35
1.0714285714285714,2.1530612244897958,41.550000000000004
1.0714285714285714,2.193877551020408,40.550000000000004
1.0714285714285714,2.2346938775510203,39.95
1.0714285714285714,2.2755102040816326,39.150000000000006
1.0714285714285714,2.316326530612245,38.650000000000006
1.0714285714285714,2.357142857142857,38.300000000000004
1.0714285714285714,2.3979591836734695,40.45
1.0714285714285714,2.4387755102040813,45.35
1.0714285714285714,2.479591836734694,45.150000000000006
1.0714285714285714,2.520408163265306,44.85
1.0714285714285714,2.561224489795918,44.45
1.0714285714285714,2.6020408163265305,43.85
1.0714285714285714,2.642857142857143,43.6
1.0714285714285714,2.683673469387755,43.300000000000004
1.0714285714285714,2.724489795918367,43.0
1.0714285714285714,2.7653061224489797,42.35
1.0714285714285714,2.8061224489795915,42.1
1.0714285714285714,2.8469387755102042,41.85
1.0714285714285714,2.887755102040816,41.6
1.0714285714285714,2.9285714285714284,41.300000000000004
1.0714285714285714,2.9693877551020407,40.7
1.0714285714285714,3.010204081632653,40.5
1.0714285714285714,3.0510204081632653,40.300000000000004
1.0714285714285714,3.091836734693877,40.050000000000004
1.0714285714285714,3.13265306122449,39.900000000000006
1.0714285714285714,3.1734693877551017,39.7
1.0714285714285714,3.2142857142857144,39.2
1.0714285714285714,3.2551020408163263,38.95
1.0714285714285714,3.2959183673469385,38.75
1.0714285714285714,3.336734693877551,38.550000000000004
1.0714285714285714,3.377551020408163,38.400000000000006
1.0714285714285714,3.4183673469387754,38.25
1.0714285714285714,3.4591836734693877,38.1
1.0714285714285714,3.5,37.65
1.0918367346938775,1.5,23.0
1.0918367346938775,1.5408163265306123,22.950000000000003
1.0918367346938775,1.5816326530612246,22.85
1.0918367346938775,1.6224489795918366,24.3
1.0918367346938775,1.663265306122449,24.400000000000002
1.0918367346938775,1.7040816326530612,24.25
1.0918367346938775,1.7448979591836735,25.700000000000003
1.0918367346938775,1.7857142857142856,25.55
1.0918367346938775,1.8265306122448979,26.950000000000003
1.0918367346938775,1.8673469387755102,26.700000000000003
1.0918367346938775,1.9081632653061225,29.650000000000002
1.0918367346938775,1.9489795918367347,52.95
1.0918367346938775,1.989795918367347,46.95
1.0918367346938775,2.0306122448979593,44.85
1.0918367346938775,2.071428571428571,43.35
1.0918367346938775,2.1122448979591835,42.050000000000004
1.0918367346938775,2.1530612244897958,41.35
1.0918367346938775,2.193877551020408,40.35
1.0918367346938775,2.2346938775510203,39.85
1.0918367346938775,2.2755102040816326,39.0
1.0918367346938775,2.316326530612245,38.550000000000004
1.0918367346938775,2.357142857142857,38.2
1.0918367346938775,2.3979591836734695,40.400000000000006
1.0918367346938775,2.4387755102040813,45.25
1.0918367346938775,2.479591836734694,45.1
1.0918367346938775,2.520408163265306,44.800000000000004
1.0918367346938775,2.561224489795918,44.0
1.0918367346938775,2.6020408163265305,43.800000000000004
1.0918367346938775,2.642857142857143,43.550000000000004
1.0918367346938775,2.683673469387755,43.25
1.0918367346938775,2.724489795918367,42.95
1.0918367346938775,2.7653061224489797,42.300000000000004
1.0918367346938775,2.8061224489795915,42.050000000000004
1.0918367346938775,2.8469387755102042,41.800000000000004
1.0918367346938775,2.887755102040816,41.550000000000004
1.0918367346938775,2.9285714285714284,41.25
1.0918367346938775,2.9693877551020407,40.7
1.0918367346938775,3.010204081632653,40.45
1.0918367346938775,3.0510204081632653,40.25
1.0918367346938775,3.091836734693877,40.050000000000004
1.0918367346938775,3.13265306122449,39.85
1.0918367346938775,3.1734693877551017,39.650000000000006
1.0918367346938775,3.2142857142857144,39.150000000000006
1.0918367346938775,3.2551020408163263,38.900000000000006
1.0918367346938775,3.2959183673469385,38.7
1.0918367346938775,3.336734693877551,38.5
1.0918367346938775,3.377551020408163,38.35
1.0918367346938775,3.4183673469387754,38.2
1.0918367346938775,3.4591836734693877,38.050000000000004
1.0918367346938775,3.5,37.6
1.1122448979591835,1.5,22.950000000000003
1.1122448979591835,1.5408163265306123,22.85
1.1122448979591835,1.5816326530612246,22.75
1.1122448979591835,1.6224489795918366,24.35
1.1122448979591835,1.663265306122449,24.25
1.1122448979591835,1.7040816326530612,24.05
1.1122448979591835,1.7448979591836735,25.6
1.1122448979591835,1.7857142857142856,25.400000000000002
1.1122448979591835,1.8265306122448979,26.8
1.1122448979591835,1.8673469387755102,28.150000000000002
1.1122448979591835,1.9081632653061225,9.8
1.1122448979591835,1.9489795918367347,49.45
1.1122448979591835,1.989795918367347,46.2
1.1122448979591835,2.0306122448979593,44.35
1.1122448979591835,2.071428571428571,43.050000000000004
1.1122448979591835,2.1122448979591835,41.85
1.1122448979591835,2.1530612244897958,40.85
1.1122448979591835,2.193877551020408,40.2
1.1122448979591835,2.2346938775510203,39.7
1.1122448979591835,2.2755102040816326,38.85
1.1122448979591835,2.316326530612245,38.45
1.1122448979591835,2.357142857142857,38.1
1.1122448979591835,2.3979591836734695,40.300000000000004
1.1122448979591835,2.4387755102040813,45.2
1.1122448979591835,2.479591836734694,45.0
1.1122448979591835,2.520408163265306,44.7
1.1122448979591835,2.561224489795918,43.95
1.1122448979591835,2.6020408163265305,43.75
1.1122448979591835,2.642857142857143,43.5
1.1122448979591835,2.683673469387755,43.2
1.1122448979591835,2.724489795918367,42.900000000000006
1.1122448979591835,2.7653061224489797,42.25
1.1122448979591835,2.8061224489795915,42.0
1.1122448979591835,2.8469387755102042,41.75
1.1122448979591835,2.887755102040816,41.5
1.1122448979591835,2.9285714285714284,41.2
1.1122448979591835,2.9693877551020407,40.650000000000006
1.1122448979591835,3.010204081632653,40.45
1.1122448979591835,3.0510204081632653,40.2
1.1122448979591835,3.091836734693877,40.0
1.1122448979591835,3.13265306122449,39.800000000000004
1.1122448979591835,3.1734693877551017,39.650000000000006
1.1122448979591835,3.2142857142857144,39.1
1.1122448979591835,3.2551020408163263,38.900000000000006
1.1122448979591835,3.2959183673469385,38.7
1.1122448979591835,3.336734693877551,38.5
1.1122448979591835,3.377551020408163,38.35
1.1122448979591835,3.4183673469387754,38.2
1.1122448979591835,3.4591836734693877,38.0
1.1122448979591835,3.5,37.550000000000004
1.1326530612244898,1.5,22.85
1.1326530612244898,1.5408163265306123,22.75
1.1326530612244898,1.5816326530612246,24.25
1.1326530612244898,1.6224489795918366,24.25
1.1326530612244898,1.663265306122449,24.1
1.1326530612244898,1.7040816326530612,25.6
1.1326530612244898,1.7448979591836735,25.450000000000003
1.1326530612244898,1.7857142857142856,26.8
1.1326530612244898,1.8265306122448979,26.6
1.1326530612244898,1.8673469387755102,29.5
1.1326530612244898,1.9081632653061225,9.700000000000001
1.1326530612244898,1.9489795918367347,47.85
1.1326530612244898,1.989795918367347,45.25
1.1326530612244898,2.0306122448979593,43.650000000000006
1.1326530612244898,2.071428571428571,42.400000000000006
1.1326530612244898,2.1122448979591835,41.650000000000006
1.1326530612244898,2.1530612244897958,40.650000000000006
1.1326530612244898,2.193877551020408,40.050000000000004
1.1326530612244898,2.2346938775510203,39.550000000000004
1.1326530612244898,2.2755102040816326,38.75
1.1326530612244898,2.316326530612245,38.35
1.1326530612244898,2.357142857142857,38.0
1.1326530612244898,2.3979591836734695,37.25
1.1326530612244898,2.4387755102040813,45.1
1.1326530612244898,2.479591836734694,44.95
1.1326530612244898,2.520408163265306,44.6
1.1326530612244898,2.561224489795918,43.900000000000006
1.1326530612244898,2.6020408163265305,43.7
1.1326530612244898,2.642857142857143,43.45
1.1326530612244898,2.683673469387755,43.150000000000006
1.1326530612244898,2.724489795918367,42.800000000000004
1.1326530612244898,2.7653061224489797,42.2
1.1326530612244898,2.8061224489795915,42.0
1.1326530612244898,2.8469387755102042,41.7
1.1326530612244898,2.887755102040816,41.45
1.1326530612244898,2.9285714285714284,41.1
1.1326530612244898,2.9693877551020407,40.6
1.1326530612244898,3.010204081632653,40.400000000000006
1.1326530612244898,3.0510204081632653,40.2
1.1326530612244898,3.091836734693877,40.0
1.1326530612244898,3.13265306122449,39.800000000000004
1.1326530612244898,3.1734693877551017,39.6
1.1326530612244898,3.2142857142857144,39.050000000000004
1.1326530612244898,3.2551020408163263,38.85
1.1326530612244898,3.2959183673469385,38.650000000000006
1.1326530612244898,3.336734693877551,38.45
1.1326530612244898,3.377551020408163,38.300000000000004
1.1326530612244898,3.4183673469387754,38.15
1.1326530612244898,3.4591836734693877,38.0
1.1326530612244898,3.5,37.550000000000004
1.1530612244897958,1.5,22.75
1.1530612244897958,1.5408163265306123,22.6
1.1530612244897958,1.5816326530612246,24.25
1.1530612244897958,1.6224489795918366,24.150000000000002
1.1530612244897958,1.663265306122449,23.950000000000003
1.1530612244897958,1.7040816326530612,25.5
1.1530612244897958,1.7448979591836735,25.3
1.1530612244897958,1.7857142857142856,26.700000000000003
1.1530612244897958,1.8265306122448979,28.05
1.1530612244897958,1.8673469387755102,28.450000000000003
1.1530612244897958,1.9081632653061225,50.1
1.1530612244897958,1.9489795918367347,46.650000000000006
1.1530612244897958,1.989795918367347,44.800000000000004
1.1530612244897958,2.0306122448979593,43.35
1.1530612244897958,2.071428571428571,42.150000000000006
1.1530612244897958,2.1122448979591835,41.45
1.1530612244897958,2.1530612244897958,40.45
1.1530612244897958,2.193877551020408,39.95
1.1530612244897958,2.2346938775510203,39.1
1.1530612244897958,2.2755102040816326,38.650000000000006
1.1530612244897958,2.316326530612245,38.300000000000004
1.1530612244897958,2.357142857142857,37.550000000000004
1.1530612244897958,2.3979591836734695,37.2
1.1530612244897958,2.4387755102040813,45.050000000000004
1.1530612244897958,2.479591836734694,44.85
1.1530612244897958,2.520408163265306,44.050000000000004
1.1530612244897958,2.561224489795918,43.85
1.1530612244897958,2.6020408163265305,43.650000000000006
1.1530612244897958,2.642857142857143,43.400000000000006
1.1530612244897958,2.683673469387755,43.1
1.1530612244897958,2.724489795918367,42.45
1.1530612244897958,2.7653061224489797,42.2
1.1530612244897958,2.8061224489795915,41.95
1.1530612244897958,2.8469387755102042,41.7
1.1530612244897958,2.887755102040816,41.400000000000006
1.1530612244897958,2.9285714285714284,40.85
1.1530612244897958,2.9693877551020407,40.6
1.1530612244897958,3.010204081632653,40.35
1.1530612244897958,3.0510204081632653,40.150000000000006
1.1530612244897958,3.091836734693877,39.95
1.1530612244897958,3.13265306122449,39.75
1.1530612244897958,3.1734693877551017,39.550000000000004
1.1530612244897958,3.2142857142857144,39.050000000000004
1.1530612244897958,3.2551020408163263,38.800000000000004
1.1530612244897958,3.2959183673469385,38.6
1.1530612244897958,3.336734693877551,38.45
1.1530612244897958,3.377551020408163,38.300000000000004
1.1530612244897958,3.4183673469387754,38.15
1.1530612244897958,3.4591836734693877,37.95
1.1530612244897958,3.5,37.5
1.1734693877551021,1.5,22.6
1.1734693877551021,1.5408163265306123,24.150000000000002
1.1734693877551021,1.5816326530612246,24.150000000000002
1.1734693877551021,1.6224489795918366,24.0
1.1734693877551021,1.663265306122449,25.450000000000003
1.1734693877551021,1.7040816326530612,25.35
1.1734693877551021,1.7448979591836735,26.650000000000002
1.1734693877551021,1.7857142857142856,26.450000000000003
1.1734693877551021,1.8265306122448979,29.35
1.1734693877551021,1.8673469387755102,9.75
1.1734693877551021,1.9081632653061225,48.35
1.1734693877551021,1.9489795918367347,45.95
1.1734693877551021,1.989795918367347,44.050000000000004
1.1734693877551021,2.0306122448979593,43.1
1.1734693877551021,2.071428571428571,41.900000000000006
1.1734693877551021,2.1122448979591835,41.25
1.1734693877551021,2.1530612244897958,40.300000000000004
1.1734693877551021,2.193877551020408,39.800000000000004
1.1734693877551021,2.2346938775510203,38.95
1.1734693877551021,2.2755102040816326,38.550000000000004
1.1734693877551021,2.316326530612245,38.2
1.1734693877551021,2.357142857142857,37.45
1.1734693877551021,2.3979591836734695,37.1
1.1734693877551021,2.4387755102040813,39.25
1.1734693877551021,2.479591836734694,44.75
1.1734693877551021,2.520408163265306,44.0
1.1734693877551021,2.561224489795918,43.800000000000004
1.1734693877551021,2.6020408163265305,43.6
1.1734693877551021,2.642857142857143,43.35
1.1734693877551021,2.683673469387755,43.050000000000004
1.1734693877551021,2.724489795918367,42.400000000000006
1.1734693877551021,2.7653061224489797,42.150000000000006
1.1734693877551021,2.8061224489795915,41.900000000000006
1.1734693877551021,2.8469387755102042,41.650000000000006
1.1734693877551021,2.887755102040816,41.400000000000006
1.1734693877551021,2.9285714285714284,40.800000000000004
1.1734693877551021,2.9693877551020407,40.550000000000004
1.1734693877551021,3.010204081632653,40.35
1.1734693877551021,3.0510204081632653,40.150000000000006
1.1734693877551021,3.091836734693877,39.95
1.1734693877551021,3.13265306122449,39.75
1.1734693877551021,3.1734693877551017,39.25
1.1734693877551021,3.2142857142857144,39.0
1.1734693877551021,3.2551020408163263,38.800000000000004
1.1734693877551021,3.2959183673469385,38.6
1.1734693877551021,3.336734693877551,38.400000000000006
1.1734693877551021,3.377551020408163,38.25
1.1734693877551021,3.4183673469387754,38.1
1.1734693877551021,3.4591836734693877,37.95
1.1734693877551021,3.5,37.45
1.193877551020408,1.5,23.950000000000003
1.193877551020408,1.5408163265306123,24.1
1.193877551020408,1.5816326530612246,24.0
1.193877551020408,1.6224489795918366,23.85
1.193877551020408,1.663265306122449,25.35
1.193877551020408,1.7040816326530612,25.150000000000002
1.193877551020408,1.7448979591836735,26.6
1.193877551020408,1.7857142857142856,27.900000000000002
1.193877551020408,1.8265306122448979,28.3
1.193877551020408,1.8673469387755102,51.25
1.193877551020408,1.9081632653061225,47.1
1.193877551020408,1.9489795918367347,45.150000000000006
1.193877551020408,1.989795918367347,43.7
1.193877551020408,2.0306122448979593,42.75
1.193877551020408,2.071428571428571,41.75
1.193877551020408,2.1122448979591835,40.75
1.193877551020408,2.1530612244897958,40.150000000000006
1.193877551020408,2.193877551020408,39.7
1.193877551020408,2.2346938775510203,38.85
1.193877551020408,2.2755102040816326,38.45
1.193877551020408,2.316326530612245,38.1
1.193877551020408,2.357142857142857,37.35
1.193877551020408,2.3979591836734695,37.050000000000004
1.193877551020408,2.4387755102040813,39.2
1.193877551020408,2.479591836734694,43.95
1.193877551020408,2.520408163265306,43.95
1.193877551020408,2.561224489795918,43.75
1.193877551020408,2.6020408163265305,43.550000000000004
1.193877551020408,2.642857142857143,43.300000000000004
1.193877551020408,2.683673469387755,43.0
1.193877551020408,2.724489795918367,42.35
1.193877551020408,2.7653061224489797,42.1
1.193877551020408,2.8061224489795915,41.85
1.193877551020408,2.8469387755102042,41.6
1.193877551020408,2.887755102040816,41.35
1.193877551020408,2.9285714285714284,40.75
1.193877551020408,2.9693877551020407,40.5
1.193877551020408,3.010204081632653,40.300000000000004
1.193877551020408,3.0510204081632653,40.1
1.193877551020408,3.091836734693877,39.900000000000006
1.193877551020408,3.13265306122449,39.7
1.193877551020408,3.1734693877551017,39.2
1.193877551020408,3.2142857142857144,38.95
1.193877551020408,3.2551020408163263,38.75
1.193877551020408,3.2959183673469385,38.550000000000004
1.193877551020408,3.336734693877551,38.400000000000006
1.193877551020408,3.377551020408163,38.25
1.193877551020408,3.4183673469387754,38.1
1.193877551020408,3.4591836734693877,37.9
1.193877551020408,3.5,37.45
1.2142857142857142,1.5,24.05
1.2142857142857142,1.5408163265306123,24.0
1.2142857142857142,1.5816326530612246,23.85
1.2142857142857142,1.6224489795918366,25.3
1.2142857142857142,1.663265306122449,25.200000000000003
1.2142857142857142,1.7040816326530612,26.5
1.2142857142857142,1.7448979591836735,26.35
1.2142857142857142,1.7857142857142856,27.200000000000003
1.2142857142857142,1.8265306122448979,9.75
1.2142857142857142,1.8673469387755102,49.300000000000004
1.2142857142857142,1.9081632653061225,46.45
1.2142857142857142,1.9489795918367347,44.800000000000004
1.2142857142857142,1.989795918367347,43.400000000000006
1.2142857142857142,2.0306122448979593,42.2
1.2142857142857142,2.071428571428571,41.550000000000004
1.2142857142857142,2.1122448979591835,40.6
1.2142857142857142,2.1530612244897958,40.050000000000004
1.2142857142857142,2.193877551020408,39.25
1.2142857142857142,2.2346938775510203,38.75
1.2142857142857142,2.2755102040816326,38.35
1.2142857142857142,2.316326530612245,38.0
1.2142857142857142,2.357142857142857,37.300000000000004
1.2142857142857142,2.3979591836734695,37.0
1.2142857142857142,2.4387755102040813,39.2
1.2142857142857142,2.479591836734694,43.95
1.2142857142857142,2.520408163265306,43.900000000000006
1.2142857142857142,2.561224489795918,43.7
1.2142857142857142,2.6020408163265305,43.5
1.2142857142857142,2.642857142857143,43.25
1.2142857142857142,2.683673469387755,42.900000000000006
1.2142857142857142,2.724489795918367,42.300000000000004
1.2142857142857142,2.7653061224489797,42.050000000000004
1.2142857142857142,2.8061224489795915,41.800000000000004
1.2142857142857142,2.8469387755102042,41.550000000000004
1.2142857142857142,2.887755102040816,41.300000000000004
1.2142857142857142,2.9285714285714284,40.7
1.2142857142857142,2.9693877551020407,40.5
1.2142857142857142,3.010204081632653,40.300000000000004
1.2142857142857142,3.0510204081632653,40.050000000000004
1.2142857142857142,3.091836734693877,39.900000000000006
1.2142857142857142,3.13265306122449,39.7
1.2142857142857142,3.1734693877551017,39.150000000000006
1.2142857142857142,3.2142857142857144,38.95
1.2142857142857142,3.2551020408163263,38.75
1.2142857142857142,3.2959183673469385,38.550000000000004
1.2142857142857142,3.336734693877551,38.400000000000006
1.2142857142857142,3.377551020408163,38.25
1.2142857142857142,3.4183673469387754,38.050000000000004
1.2142857142857142,3.4591836734693877,37.65
1.2142857142857142,3.5,37.4
1.2346938775510203,1.5,24.0
1.2346938775510203,1.5408163265306123,23.900000000000002
1.2346938775510203,1.5816326530612246,23.700000000000003
1.2346938775510203,1.6224489795918366,25.25
1.2346938775510203,1.663265306122449,25.05
1.2346938775510203,1.7040816326530612,26.5
1.2346938775510203,1.7448979591836735,27.75
1.2346938775510203,1.7857142857142856,26.8
1.2346938775510203,1.8265306122448979,52.5
1.2346938775510203,1.8673469387755102,48.0
1.2346938775510203,1.9081632653061225,45.550000000000004
1.2346938775510203,1.9489795918367347,44.1
1.2346938775510203,1.989795918367347,43.150000000000006
1.2346938775510203,2.0306122448979593,42.0
1.2346938775510203,2.071428571428571,41.400000000000006
1.2346938775510203,2.1122448979591835,40.45
1.2346938775510203,2.1530612244897958,39.95
1.2346938775510203,2.193877551020408,39.1
1.2346938775510203,2.2346938775510203,38.650000000000006
1.2346938775510203,2.2755102040816326,38.300000000000004
1.2346938775510203,2.316326530612245,37.6
1.2346938775510203,2.357142857142857,37.2
1.2346938775510203,2.3979591836734695,36.9
1.2346938775510203,2.4387755102040813,39.150000000000006
1.2346938775510203,2.479591836734694,43.900000000000006
1.2346938775510203,2.520408163265306,43.85
1.2346938775510203,2.561224489795918,43.7
1.2346938775510203,2.6020408163265305,43.45
1.2346938775510203,2.642857142857143,43.2
1.2346938775510203,2.683673469387755,42.85
1.2346938775510203,2.724489795918367,42.25
1.2346938775510203,2.7653061224489797,42.0
1.2346938775510203,2.8061224489795915,41.800000000000004
1.2346938775510203,2.8469387755102042,41.550000000000004
1.2346938775510203,2.887755102040816,41.25
1.2346938775510203,2.9285714285714284,40.650000000000006
1.2346938775510203,2.9693877551020407,40.45
1.2346938775510203,3.010204081632653,40.25
1.2346938775510203,3.0510204081632653,40.050000000000004
1.2346938775510203,3.091836734693877,39.85
1.2346938775510203,3.13265306122449,39.650000000000006
1.2346938775510203,3.1734693877551017,39.150000000000006
1.2346938775510203,3.2142857142857144,38.900000000000006
1.2346938775510203,3.2551020408163263,38.7
1.2346938775510203,3.2959183673469385,38.5
1.2346938775510203,3.336734693877551,38.35
1.2346938775510203,3.377551020408163,38.2
1.2346938775510203,3.4183673469387754,38.050000000000004
1.2346938775510203,3.4591836734693877,37.6
1.2346938775510203,3.5,37.4
1.2551020408163265,1.5,23.85
1.2551020408163265,1.5408163265306123,23.75
1.2551020408163265,1.5816326530612246,25.150000000000002
1.2551020408163265,1.6224489795918366,25.1
1.2551020408163265,1.663265306122449,24.8
1.2551020408163265,1.7040816326530612,26.200000000000003
1.2551020408163265,1.7448979591836735,25.25
1.2551020408163265,1.7857142857142856,9.8
1.2551020408163265,1.8265306122448979,49.95
1.2551020408163265,1.8673469387755102,46.900000000000006
1.2551020408163265,1.9081632653061225,45.150000000000006
1.2551020408163265,1.9489795918367347,43.75
1.2551020408163265,1.989795918367347,42.900000000000006
1.2551020408163265,2.0306122448979593,41.85
1.2551020408163265,2.071428571428571,41.2
1.2551020408163265,2.1122448979591835,40.300000000000004
1.2551020408163265,2.1530612244897958,39.85
1.2551020408163265,2.193877551020408,39.0
1.2551020408163265,2.2346938775510203,38.550000000000004
1.2551020408163265,2.2755102040816326,38.2
1.2551020408163265,2.316326530612245,37.5
1.2551020408163265,2.357142857142857,37.15
1.2551020408163265,2.3979591836734695,36.85
1.2551020408163265,2.4387755102040813,39.1
1.2551020408163265,2.479591836734694,43.900000000000006
1.2551020408163265,2.520408163265306,43.800000000000004
1.2551020408163265,2.561224489795918,43.650000000000006
1.2551020408163265,2.6020408163265305,43.400000000000006
1.2551020408163265,2.642857142857143,43.150000000000006
1.2551020408163265,2.683673469387755,42.45
1.2551020408163265,2.724489795918367,42.2
1.2551020408163265,2.7653061224489797,42.0
1.2551020408163265,2.8061224489795915,41.75
1.2551020408163265,2.8469387755102042,41.5
1.2551020408163265,2.887755102040816,41.150000000000006
1.2551020408163265,2.9285714285714284,40.650000000000006
1.2551020408163265,2.9693877551020407,40.45
1.2551020408163265,3.010204081632653,40.2
1.2551020408163265,3.0510204081632653,40.0
1.2551020408163265,3.091836734693877,39.800000000000004
1.2551020408163265,3.13265306122449,39.6
1.2551020408163265,3.1734693877551017,39.1
1.2551020408163265,3.2142857142857144,38.85
1.2551020408163265,3.2551020408163263,38.7
1.2551020408163265,3.2959183673469385,38.5
1.2551020408163265,3.336734693877551,38.35
1.2551020408163265,3.377551020408163,38.2
1.2551020408163265,3.4183673469387754,38.0
1.2551020408163265,3.4591836734693877,37.550000000000004
1.2551020408163265,3.5,37.4
1.2755102040816326,1.5,23.75
1.2755102040816326,1.5408163265306123,23.6
1.2755102040816326,1.5816326530612246,25.1
1.2755102040816326,1.6224489795918366,24.950000000000003
1.2755102040816326,1.663265306122449,26.35
1.2755102040816326,1.7040816326530612,25.5
1.2755102040816326,1.7448979591836735,26.700000000000003
1.2755102040816326,1.7857142857142856,53.900000000000006
1.2755102040816326,1.8265306122448979,48.5
1.2755102040816326,1.8673469387755102,46.400000000000006
1.2755102040816326,1.9081632653061225,44.800000000000004
1.2755102040816326,1.9489795918367347,43.5
1.2755102040816326,1.989795918367347,42.35
1.2755102040816326,2.0306122448979593,41.7
1.2755102040816326,2.071428571428571,40.7
1.2755102040816326,2.1122448979591835,40.2
1.2755102040816326,2.1530612244897958,39.7
1.2755102040816326,2.193877551020408,38.900000000000006
1.2755102040816326,2.2346938775510203,38.5
1.2755102040816326,2.2755102040816326,38.15
1.2755102040816326,2.316326530612245,37.4
1.2755102040816326,2.357142857142857,37.050000000000004
1.2755102040816326,2.3979591836734695,36.800000000000004
1.2755102040816326,2.4387755102040813,39.050000000000004
1.2755102040816326,2.479591836734694,43.85
1.2755102040816326,2.520408163265306,43.75
1.2755102040816326,2.561224489795918,43.6
1.2755102040816326,2.6020408163265305,43.35
1.2755102040816326,2.642857142857143,43.1
1.2755102040816326,2.683673469387755,42.400000000000006
1.2755102040816326,2.724489795918367,42.2
1.2755102040816326,2.7653061224489797,41.95
1.2755102040816326,2.8061224489795915,41.7
1.2755102040816326,2.8469387755102042,41.45
1.2755102040816326,2.887755102040816,40.85
1.2755102040816326,2.9285714285714284,40.6
1.2755102040816326,2.9693877551020407,40.400000000000006
1.2755102040816326,3.010204081632653,40.2
1.2755102040816326,3.0510204081632653,40.0
1.2755102040816326,3.091836734693877,39.800000000000004
1.2755102040816326,3.13265306122449,39.6
1.2755102040816326,3.1734693877551017,39.050000000000004
1.2755102040816326,3.2142857142857144,38.85
1.2755102040816326,3.2551020408163263,38.650000000000006
1.2755102040816326,3.2959183673469385,38.45
1.2755102040816326,3.336734693877551,38.300000000000004
1.2755102040816326,3.377551020408163,38.15
1.2755102040816326,3.4183673469387754,38.0
1.2755102040816326,3.4591836734693877,37.5
1.2755102040816326,3.5,37.35
1.2959183673469385,1.5,23.650000000000002
1.2959183673469385,1.5408163265306123,24.950000000000003
1.2959183673469385,1.5816326530612246,25.0
1.2959183673469385,1.6224489795918366,24.700000000000003
1.2959183673469385,1.663265306122449,26.05
1.2959183673469385,1.7040816326530612,25.150000000000002
1.2959183673469385,1.7448979591836735,9.850000000000001
1.2959183673469385,1.7857142857142856,51.050000000000004
1.2959183673469385,1.8265306122448979,47.75
1.2959183673469385,1.8673469387755102,45.550000000000004
1.2959183673469385,1.9081632653061225,44.45
1.2959183673469385,1.9489795918367347,43.300000000000004
1.2959183673469385,1.989795918367347,42.150000000000006
1.2959183673469385,2.0306122448979593,41.550000000000004
1.2959183673469385,2.071428571428571,40.550000000000004
1.2959183673469385,2.1122448979591835,40.050000000000004
1.2959183673469385,2.1530612244897958,39.300000000000004
1.2959183673469385,2.193877551020408,38.800000000000004
1.2959183673469385,2.2346938775510203,38.400000000000006
1.2959183673469385,2.2755102040816326,38.050000000000004
1.2959183673469385,2.316326530612245,37.35
1.2959183673469385,2.357142857142857,37.0
1.2959183673469385,2.3979591836734695,36.75
1.2959183673469385,2.4387755102040813,39.0
1.2959183673469385,2.479591836734694,43.800000000000004
1.2959183673469385,2.520408163265306,43.75
1.2959183673469385,2.561224489795918,43.550000000000004
1.2959183673469385,2.6020408163265305,43.300000000000004
1.2959183673469385,2.642857142857143,43.0
1.2959183673469385,2.683673469387755,42.35
1.2959183673469385,2.724489795918367,42.150000000000006
1.2959183673469385,2.7653061224489797,41.900000000000006
1.2959183673469385,2.8061224489795915,41.650000000000006
1.2959183673469385,2.8469387755102042,41.400000000000006
1.2959183673469385,2.887755102040816,40.800000000000004
1.2959183673469385,2.9285714285714284,40.6
1.2959183673469385,2.9693877551020407,40.35
1.2959183673469385,3.010204081632653,40.150000000000006
1.2959183673469385,3.0510204081632653,39.95
1.2959183673469385,3.091836734693877,39.75
1.2959183673469385,3.13265306122449,39.5
1.2959183673469385,3.1734693877551017,39.050000000000004
1.2959183673469385,3.2142857142857144,38.800000000000004
1.2959183673469385,3.2551020408163263,38.6
1.2959183673469385,3.2959183673469385,38.45
1.2959183673469385,3.336734693877551,38.300000000000004
1.2959183673469385,3.377551020408163,38.15
1.2959183673469385,3.4183673469387754,37.95
1.2959183673469385,3.4591836734693877,37.5
1.2959183673469385,3.5,37.35
1.316326530612245,1.5,23.5
1.316326530612245,1.5408163265306123,25.0
1.316326530612245,1.5816326530612246,24.8
1.316326530612245,1.6224489795918366,26.150000000000002
1.316326530612245,1.663265306122449,23.700000000000003
1.316326530612245,1.7040816326530612,26.6
1.316326530612245,1.7448979591836735,9.8
1.316326530612245,1.7857142857142856,49.5
1.316326530612245,1.8265306122448979,46.85
1.316326530612245,1.8673469387755102,45.2
1.316326530612245,1.9081632653061225,43.85
1.316326530612245,1.9489795918367347,43.050000000000004
1.316326530612245,1.989795918367347,42.0
1.316326530612245,2.0306122448979593,41.400000000000006
1.316326530612245,2.071428571428571,40.45
1.316326530612245,2.1122448979591835,39.95
1.316326530612245,2.1530612244897958,39.150000000000006
1.316326530612245,2.193877551020408,38.7
1.316326530612245,2.2346938775510203,38.35
1.316326530612245,2.2755102040816326,37.95
1.316326530612245,2.316326530612245,37.25
1.316326530612245,2.357142857142857,36.95
1.316326530612245,2.3979591836734695,36.7
1.316326530612245,2.4387755102040813,38.95
1.316326530612245,2.479591836734694,43.75
1.316326530612245,2.520408163265306,43.7
1.316326530612245,2.561224489795918,43.5
1.316326530612245,2.6020408163265305,43.25
1.316326530612245,2.642857142857143,42.95
1.316326530612245,2.683673469387755,42.300000000000004
1.316326530612245,2.724489795918367,42.1
1.316326530612245,2.7653061224489797,41.900000000000006
1.316326530612245,2.8061224489795915,41.650000000000006
1.316326530612245,2.8469387755102042,41.35
1.316326530612245,2.887755102040816,40.75
1.316326530612245,2.9285714285714284,40.550000000000004
1.316326530612245,2.9693877551020407,40.35
1.316326530612245,3.010204081632653,40.150000000000006
1.316326530612245,3.0510204081632653,39.95
1.316326530612245,3.091836734693877,39.75
1.316326530612245,3.13265306122449,39.25
1.316326530612245,3.1734693877551017,39.0
1.316326530612245,3.2142857142857144,38.800000000000004
1.316326530612245,3.2551020408163263,38.6
1.316326530612245,3.2959183673469385,38.400000000000006
1.316326530612245,3.336734693877551,38.25
1.316326530612245,3.377551020408163,38.1
1.316326530612245,3.4183673469387754,37.95
1.316326530612245,3.4591836734693877,37.45
1.316326530612245,3.5,37.300000000000004
1.3367346938775508,1.5,23.3
1.3367346938775508,1.5408163265306123,24.85
1.3367346938775508,1.5816326530612246,24.55
1.3367346938775508,1.6224489795918366,23.75
1.3367346938775508,1.663265306122449,25.05
1.3367346938775508,1.7040816326530612,9.9
1.3367346938775508,1.7448979591836735,51.800000000000004
1.3367346938775508,1.7857142857142856,48.300000000000004
1.3367346938775508,1.8265306122448979,46.400000000000006
1.3367346938775508,1.8673469387755102,44.900000000000006
1.3367346938775508,1.9081632653061225,43.6
1.3367346938775508,1.9489795918367347,42.5
1.3367346938775508,1.989795918367347,41.85
1.3367346938775508,2.0306122448979593,40.900000000000006
1.3367346938775508,2.071428571428571,40.35
1.3367346938775508,2.1122448979591835,39.85
1.3367346938775508,2.1530612244897958,39.050000000000004
1.3367346938775508,2.193877551020408,38.6
1.3367346938775508,2.2346938775510203,38.25
1.3367346938775508,2.2755102040816326,37.550000000000004
1.3367346938775508,2.316326530612245,37.2
1.3367346938775508,2.357142857142857,36.9
1.3367346938775508,2.3979591836734695,36.65
1.3367346938775508,2.4387755102040813,38.900000000000006
1.3367346938775508,2.479591836734694,43.7
1.3367346938775508,2.520408163265306,43.650000000000006
1.3367346938775508,2.561224489795918,43.45
1.3367346938775508,2.6020408163265305,43.2
1.3367346938775508,2.642857142857143,42.85
1.3367346938775508,2.683673469387755,42.300000000000004
1.3367346938775508,2.724489795918367,42.050000000000004
1.3367346938775508,2.7653061224489797,41.85
1.3367346938775508,2.8061224489795915,41.6
1.3367346938775508,2.8469387755102042,41.35
1.3367346938775508,2.887755102040816,40.75
1.3367346938775508,2.9285714285714284,40.5
1.3367346938775508,2.9693877551020407,40.300000000000004
1.3367346938775508,3.010204081632653,40.1
1.3367346938775508,3.0510204081632653,39.900000000000006
1.3367346938775508,3.091836734693877,39.7
1.3367346938775508,3.13265306122449,39.2
1.3367346938775508,3.1734693877551017,38.95
1.3367346938775508,3.2142857142857144,38.75
1.3367346938775508,3.2551020408163263,38.550000000000004
1.3367346938775508,3.2959183673469385,38.400000000000006
1.3367346938775508,3.336734693877551,38.25
1.3367346938775508,3.377551020408163,38.1
1.3367346938775508,3.4183673469387754,37.7
1.3367346938775508,3.4591836734693877,37.45
1.3367346938775508,3.5,37.300000000000004
1.3571428571428572,1.5,24.85
1.3571428571428572,1.5408163265306123,24.650000000000002
1.3571428571428572,1.5816326530612246,24.05
1.3571428571428572,1.6224489795918366,23.650000000000002
1.3571428571428572,1.663265306122449,26.400000000000002
1.3571428571428572,1.7040816326530612,9.850000000000001
1.3571428571428572,1.7448979591836735,50.1
1.3571428571428572,1.7857142857142856,47.550000000000004
1.3571428571428572,1.8265306122448979,45.550000000000004
1.3571428571428572,1.8673469387755102,44.6
1.3571428571428572,1.9081632653061225,43.400000000000006
1.3571428571428572,1.9489795918367347,42.300000000000004
1.3571428571428572,1.989795918367347,41.7
1.3571428571428572,2.0306122448979593,40.7
1.3571428571428572,2.071428571428571,40.2
1.3571428571428572,2.1122448979591835,39.75
1.3571428571428572,2.1530612244897958,38.95
1.3571428571428572,2.193877551020408,38.550000000000004
1.3571428571428572,2.2346938775510203,38.2
1.3571428571428572,2.2755102040816326,37.45
1.3571428571428572,2.316326530612245,37.15
1.3571428571428572,2.357142857142857,36.85
1.3571428571428572,2.3979591836734695,36.6
1.3571428571428572,2.4387755102040813,38.85
1.3571428571428572,2.479591836734694,43.7
1.3571428571428572,2.520408163265306,43.6
1.3571428571428572,2.561224489795918,43.400000000000006
1.3571428571428572,2.6020408163265305,43.150000000000006
1.3571428571428572,2.642857142857143,42.45
1.3571428571428572,2.683673469387755,42.25
1.3571428571428572,2.724489795918367,42.050000000000004
1.3571428571428572,2.7653061224489797,41.800000000000004
1.3571428571428572,2.8061224489795915,41.550000000000004
1.3571428571428572,2.8469387755102042,41.300000000000004
1.3571428571428572,2.887755102040816,40.7
1.3571428571428572,2.9285714285714284,40.5
1.3571428571428572,2.9693877551020407,40.300000000000004
1.3571428571428572,3.010204081632653,40.1
1.3571428571428572,3.0510204081632653,39.900000000000006
1.3571428571428572,3.091836734693877,39.7
1.3571428571428572,3.13265306122449,39.150000000000006
1.3571428571428572,3.1734693877551017,38.95
1.3571428571428572,3.2142857142857144,38.75
1.3571428571428572,3.2551020408163263,38.550000000000004
1.3571428571428572,3.2959183673469385,38.400000000000006
1.3571428571428572,3.336734693877551,38.25
1.3571428571428572,3.377551020408163,38.050000000000004
1.3571428571428572,3.4183673469387754,37.65
1.3571428571428572,3.4591836734693877,37.4
1.3571428571428572,3.5,37.25
1.3775510204081631,1.5,24.700000000000003
1.3775510204081631,1.5408163265306123,24.35
1.3775510204081631,1.5816326530612246,23.55
1.3775510204081631,1.6224489795918366,24.85
1.3775510204081631,1.663265306122449,10.0
1.3775510204081631,1.7040816326530612,53.1
1.3775510204081631,1.7448979591836735,48.75
1.3775510204081631,1.7857142857142856,46.800000000000004
1.3775510204081631,1.8265306122448979,45.25
1.3775510204081631,1.8673469387755102,43.95
1.3775510204081631,1.9081632653061225,43.2
1.3775510204081631,1.9489795918367347,42.150000000000006
1.3775510204081631,1.989795918367347,41.550000000000004
1.3775510204081631,2.0306122448979593,40.6
1.3775510204081631,2.071428571428571,40.1
1.3775510204081631,2.1122448979591835,39.650000000000006
1.3775510204081631,2.1530612244897958,38.85
1.3775510204081631,2.193877551020408,38.5
1.3775510204081631,2.2346938775510203,38.15
1.3775510204081631,2.2755102040816326,37.4
1.3775510204081631,2.316326530612245,37.050000000000004
1.3775510204081631,2.357142857142857,36.800000000000004
1.3775510204081631,2.3979591836734695,36.550000000000004
1.3775510204081631,2.4387755102040813,38.800000000000004
1.3775510204081631,2.479591836734694,43.650000000000006
1.3775510204081631,2.520408163265306,43.550000000000004
1.3775510204081631,2.561224489795918,43.35
1.3775510204081631,2.6020408163265305,43.1
1.3775510204081631,2.642857142857143,42.400000000000006
1.3775510204081631,2.683673469387755,42.2
1.3775510204081631,2.724489795918367,42.0
1.3775510204081631,2.7653061224489797,41.75
1.3775510204081631,2.8061224489795915,41.5
1.3775510204081631,2.8469387755102042,41.25
1.3775510204081631,2.887755102040816,40.650000000000006
1.3775510204081631,2.9285714285714284,40.45
1.3775510204081631,2.9693877551020407,40.25
1.3775510204081631,3.010204081632653,40.050000000000004
1.3775510204081631,3.0510204081632653,39.85
1.3775510204081631,3.091836734693877,39.650000000000006
1.3775510204081631,3.13265306122449,39.1
1.3775510204081631,3.1734693877551017,38.900000000000006
1.3775510204081631,3.2142857142857144,38.7
1.3775510204081631,3.2551020408163263,38.5
1.3775510204081631,3.2959183673469385,38.35
1.3775510204081631,3.336734693877551,38.2
1.3775510204081631,3.377551020408163,38.050000000000004
1.3775510204081631,3.4183673469387754,37.6
1.3775510204081631,3.4591836734693877,37.4
1.3775510204081631,3.5,37.25
1.3979591836734693,1.5,24.5
1.3979591836734693,1.5408163265306123,22.150000000000002
1.3979591836734693,1.5816326530612246,23.55
1.3979591836734693,1.6224489795918366,25.05
1.3979591836734693,1.663265306122449,9.9
1.3979591836734693,1.7040816326530612,51.150000000000006
1.3979591836734693,1.7448979591836735,48.150000000000006
1.3979591836734693,1.7857142857142856,46.400000000000006
1.3979591836734693,1.8265306122448979,45.0
1.3979591836734693,1.8673469387755102,43.75
1.3979591836734693,1.9081632653061225,43.0
1.3979591836734693,1.9489795918367347,42.0
1.3979591836734693,1.989795918367347,41.400000000000006
1.3979591836734693,2.0306122448979593,40.5
1.3979591836734693,2.071428571428571,40.050000000000004
1.3979591836734693,2.1122448979591835,39.2
1.3979591836734693,2.1530612244897958,38.800000000000004
1.3979591836734693,2.193877551020408,38.400000000000006
1.3979591836734693,2.2346938775510203,38.050000000000004
1.3979591836734693,2.2755102040816326,37.35
1.3979591836734693,2.316326530612245,37.0
1.3979591836734693,2.357142857142857,36.75
1.3979591836734693,2.3979591836734695,36.5
1.3979591836734693,2.4387755102040813,38.75
1.3979591836734693,2.479591836734694,43.6
1.3979591836734693,2.520408163265306,43.5
1.3979591836734693,2.561224489795918,43.300000000000004
1.3979591836734693,2.6020408163265305,43.050000000000004
1.3979591836734693,2.642857142857143,42.35
1.3979591836734693,2.683673469387755,42.2
1.3979591836734693,2.724489795918367,41.95
1.3979591836734693,2.7653061224489797,41.75
1.3979591836734693,2.8061224489795915,41.5
1.3979591836734693,2.8469387755102042,40.900000000000006
1.3979591836734693,2.887755102040816,40.650000000000006
1.3979591836734693,2.9285714285714284,40.45
1.3979591836734693,2.9693877551020407,40.25
1.3979591836734693,3.010204081632653,40.050000000000004
1.3979591836734693,3.0510204081632653,39.85
1.3979591836734693,3.091836734693877,39.6
1.3979591836734693,3.13265306122449,39.1
1.3979591836734693,3.1734693877551017,38.900000000000006
1.3979591836734693,3.2142857142857144,38.7
1.3979591836734693,3.2551020408163263,38.5
1.3979591836734693,3.2959183673469385,38.35
1.3979591836734693,3.336734693877551,38.2
1.3979591836734693,3.377551020408163,38.0
1.3979591836734693,3.4183673469387754,37.550000000000004
1.3979591836734693,3.4591836734693877,37.35
1.3979591836734693,3.5,37.25
1.4183673469387754,1.5,22.200000000000003
1.4183673469387754,1.5408163265306123,22.1
1.4183673469387754,1.5816326530612246,23.55
1.4183673469387754,1.6224489795918366,27.950000000000003
1.4183673469387754,1.663265306122449,54.6
1.4183673469387754,1.7040816326530612,49.800000000000004
1.4183673469387754,1.7448979591836735,47.2
1.4183673469387754,1.7857142857142856,45.650000000000006
1.4183673469387754,1.8265306122448979,44.7
1.4183673469387754,1.8673469387755102,43.550000000000004
1.4183673469387754,1.9081632653061225,42.45
1.4183673469387754,1.9489795918367347,41.85
1.4183673469387754,1.989795918367347,41.2
1.4183673469387754,2.0306122448979593,40.400000000000006
1.4183673469387754,2.071428571428571,39.95
1.4183673469387754,2.1122448979591835,39.1
1.4183673469387754,2.1530612244897958,38.7
1.4183673469387754,2.193877551020408,38.35
1.4183673469387754,2.2346938775510203,37.65
1.4183673469387754,2.2755102040816326,37.25
1.4183673469387754,2.316326530612245,36.95
1.4183673469387754,2.357142857142857,36.7
1.4183673469387754,2.3979591836734695,36.45
1.4183673469387754,2.4387755102040813,38.650000000000006
1.4183673469387754,2.479591836734694,43.5
1.4183673469387754,2.520408163265306,43.45
1.4183673469387754,2.561224489795918,43.25
1.4183673469387754,2.6020408163265305,42.95
1.4183673469387754,2.642857142857143,42.35
1.4183673469387754,2.683673469387755,42.150000000000006
1.4183673469387754,2.724489795918367,41.95
1.4183673469387754,2.7653061224489797,41.7
1.4183673469387754,2.8061224489795915,41.45
1.4183673469387754,2.8469387755102042,40.85
1.4183673469387754,2.887755102040816,40.6
1.4183673469387754,2.9285714285714284,40.400000000000006
1.4183673469387754,2.9693877551020407,40.2
1.4183673469387754,3.010204081632653,40.0
1.4183673469387754,3.0510204081632653,39.800000000000004
1.4183673469387754,3.091836734693877,39.550000000000004
1.4183673469387754,3.13265306122449,39.050000000000004
1.4183673469387754,3.1734693877551017,38.85
1.4183673469387754,3.2142857142857144,38.650000000000006
1.4183673469387754,3.2551020408163263,38.45
1.4183673469387754,3.2959183673469385,38.300000000000004
1.4183673469387754,3.336734693877551,38.15
1.4183673469387754,3.377551020408163,38.0
1.4183673469387754,3.4183673469387754,37.550000000000004
1.4183673469387754,3.4591836734693877,37.35
1.4183673469387754,3.5,37.2
1.4387755102040816,1.5,22.1
1.4387755102040816,1.5408163265306123,23.5
1.4387755102040816,1.5816326530612246,25.0
1.4387755102040816,1.6224489795918366,9.950000000000001
1.4387755102040816,1.663265306122449,51.75
1.4387755102040816,1.7040816326530612,48.6
1.4387755102040816,1.7448979591836735,46.800000000000004
1.4387755102040816,1.7857142857142856,45.35
1.4387755102040816,1.8265306122448979,44.050000000000004
1.4387755102040816,1.8673469387755102,43.35
1.4387755102040816,1.9081632653061225,42.300000000000004
1.4387755102040816,1.9489795918367347,41.7
1.4387755102040816,1.989795918367347,40.75
1.4387755102040816,2.0306122448979593,40.300000000000004
1.4387755102040816,2.071428571428571,39.85
1.4387755102040816,2.1122448979591835,39.0
1.4387755102040816,2.1530612244897958,38.6
1.4387755102040816,2.193877551020408,38.300000000000004
1.4387755102040816,2.2346938775510203,37.550000000000004
1.4387755102040816,2.2755102040816326,37.2
1.4387755102040816,2.316326530612245,36.9
1.4387755102040816,2.357142857142857,36.65
1.4387755102040816,2.3979591836734695,36.4
1.4387755102040816,2.4387755102040813,35.7
1.4387755102040816,2.479591836734694,43.45
1.4387755102040816,2.520408163265306,43.400000000000006
1.4387755102040816,2.561224489795918,43.2
1.4387755102040816,2.6020408163265305,42.45
1.4387755102040816,2.642857142857143,42.300000000000004
1.4387755102040816,2.683673469387755,42.1
1.4387755102040816,2.724489795918367,41.900000000000006
1.4387755102040816,2.7653061224489797,41.650000000000006
1.4387755102040816,2.8061224489795915,41.400000000000006
1.4387755102040816,2.8469387755102042,40.800000000000004
1.4387755102040816,2.887755102040816,40.6
1.4387755102040816,2.9285714285714284,40.400000000000006
1.4387755102040816,2.9693877551020407,40.2
1.4387755102040816,3.010204081632653,40.0
1.4387755102040816,3.0510204081632653,39.800000000000004
1.4387755102040816,3.091836734693877,39.25
1.4387755102040816,3.13265306122449,39.0
1.4387755102040816,3.1734693877551017,38.800000000000004
1.4387755102040816,3.2142857142857144,38.650000000000006
1.4387755102040816,3.2551020408163263,38.45
1.4387755102040816,3.2959183673469385,38.300000000000004
1.4387755102040816,3.336734693877551,38.15
1.4387755102040816,3.377551020408163,37.95
1.4387755102040816,3.4183673469387754,37.5
1.4387755102040816,3.4591836734693877,37.35
1.4387755102040816,3.5,37.2
1.4591836734693877,1.5,22.0
1.4591836734693877,1.5408163265306123,23.5
1.4591836734693877,1.5816326530612246,26.5
1.4591836734693877,1.6224489795918366,9.9
1.4591836734693877,1.663265306122449,50.25
1.4591836734693877,1.7040816326530612,48.1
1.4591836734693877,1.7448979591836735,46.45
1.4591836734693877,1.7857142857142856,45.1
1.4591836734693877,1.8265306122448979,43.85
1.4591836734693877,1.8673469387755102,43.2
1.4591836734693877,1.9081632653061225,42.150000000000006
1.4591836734693877,1.9489795918367347,41.6
1.4591836734693877,1.989795918367347,40.650000000000006
1.4591836734693877,2.0306122448979593,40.2
1.4591836734693877,2.071428571428571,39.75
1.4591836734693877,2.1122448979591835,38.95
1.4591836734693877,2.1530612244897958,38.550000000000004
1.4591836734693877,2.193877551020408,38.2
1.4591836734693877,2.2346938775510203,37.5
1.4591836734693877,2.2755102040816326,37.15
1.4591836734693877,2.316326530612245,36.85
1.4591836734693877,2.357142857142857,36.6
1.4591836734693877,2.3979591836734695,36.0
1.4591836734693877,2.4387755102040813,35.65
1.4591836734693877,2.479591836734694,38.5
1.4591836734693877,2.520408163265306,43.35
1.4591836734693877,2.561224489795918,43.150000000000006
1.4591836734693877,2.6020408163265305,42.400000000000006
1.4591836734693877,2.642857142857143,42.25
1.4591836734693877,2.683673469387755,42.1
1.4591836734693877,2.724489795918367,41.85
1.4591836734693877,2.7653061224489797,41.650000000000006
1.4591836734693877,2.8061224489795915,41.35
1.4591836734693877,2.8469387755102042,40.75
1.4591836734693877,2.887755102040816,40.550000000000004
1.4591836734693877,2.9285714285714284,40.35
1.4591836734693877,2.9693877551020407,40.150000000000006
1.4591836734693877,3.010204081632653,39.95
1.4591836734693877,3.0510204081632653,39.75
1.4591836734693877,3.091836734693877,39.2
1.4591836734693877,3.13265306122449,39.0
1.4591836734693877,3.1734693877551017,38.800000000000004
1.4591836734693877,3.2142857142857144,38.6
1.4591836734693877,3.2551020408163263,38.45
1.4591836734693877,3.2959183673469385,38.300000000000004
1.4591836734693877,3.336734693877551,38.1
1.4591836734693877,3.377551020408163,37.95
1.4591836734693877,3.4183673469387754,37.45
1.4591836734693877,3.4591836734693877,37.300000000000004
1.4591836734693877,3.5,37.2
1.4795918367346939,1.5,23.400000000000002
1.4795918367346939,1.5408163265306123,24.900000000000002
1.4795918367346939,1.5816326530612246,10.0
1.4795918367346939,1.6224489795918366,46.95
1.4795918367346939,1.663265306122449,49.5
1.4795918367346939,1.7040816326530612,47.150000000000006
1.4795918367346939,1.7448979591836735,45.650000000000006
1.4795918367346939,1.7857142857142856,44.85
1.4795918367346939,1.8265306122448979,43.7
1.4795918367346939,1.8673469387755102,43.0
1.4795918367346939,1.9081632653061225,42.0
1.4795918367346939,1.9489795918367347,41.45
1.4795918367346939,1.989795918367347,40.550000000000004
1.4795918367346939,2.0306122448979593,40.1
1.4795918367346939,2.071428571428571,39.550000000000004
1.4795918367346939,2.1122448979591835,38.85
1.4795918367346939,2.1530612244897958,38.5
1.4795918367346939,2.193877551020408,38.15
1.4795918367346939,2.2346938775510203,37.4
1.4795918367346939,2.2755102040816326,37.1
1.4795918367346939,2.316326530612245,36.800000000000004
1.4795918367346939,2.357142857142857,36.550000000000004
1.4795918367346939,2.3979591836734695,35.9
1.4795918367346939,2.4387755102040813,35.65
1.4795918367346939,2.479591836734694,38.400000000000006
1.4795918367346939,2.520408163265306,43.300000000000004
1.4795918367346939,2.561224489795918,43.050000000000004
1.4795918367346939,2.6020408163265305,42.400000000000006
1.4795918367346939,2.642857142857143,42.25
1.4795918367346939,2.683673469387755,42.050000000000004
1.4795918367346939,2.724489795918367,41.85
1.4795918367346939,2.7653061224489797,41.6
1.4795918367346939,2.8061224489795915,41.35
1.4795918367346939,2.8469387755102042,40.75
1.4795918367346939,2.887755102040816,40.550000000000004
1.4795918367346939,2.9285714285714284,40.35
1.4795918367346939,2.9693877551020407,40.150000000000006
1.4795918367346939,3.010204081632653,39.95
1.4795918367346939,3.0510204081632653,39.75
1.4795918367346939,3.091836734693877,39.2
1.4795918367346939,3.13265306122449,38.95
1.4795918367346939,3.1734693877551017,38.75
1.4795918367346939,3.2142857142857144,38.6
1.4795918367346939,3.2551020408163263,38.400000000000006
1.4795918367346939,3.2959183673469385,38.25
1.4795918367346939,3.336734693877551,38.1
1.4795918367346939,3.377551020408163,37.7
1.4795918367346939,3.4183673469387754,37.45
1.4795918367346939,3.4591836734693877,37.300000000000004
1.4795918367346939,3.5,37.15
1.5,1.5,23.400000000000002
1.5,1.5408163265306123,26.400000000000002
1.5,1.5816326530612246,9.950000000000001
1.5,1.6224489795918366,45.25
1.5,1.663265306122449,48.45
1.5,1.7040816326530612,46.85
1.5,1.7448979591836735,45.400000000000006
1.5,1.7857142857142856,44.6
1.5,1.8265306122448979,43.5
1.5,1.8673469387755102,42.45
1.5,1.9081632653061225,41.900000000000006
1.5,1.9489795918367347,41.300000000000004
1.5,1.989795918367347,40.45
1.5,2.0306122448979593,40.0
1.5,2.071428571428571,39.2
1.5,2.1122448979591835,38.800000000000004
1.5,2.1530612244897958,38.45
1.5,2.193877551020408,38.050000000000004
1.5,2.2346938775510203,37.35
1.5,2.2755102040816326,37.050000000000004
1.5,2.316326530612245,36.75
1.5,2.357142857142857,36.5
1.5,2.3979591836734695,35.85
1.5,2.4387755102040813,35.6
1.5,2.479591836734694,37.65
1.5,2.520408163265306,37.7
1.5,2.561224489795918,42.45
1.5,2.6020408163265305,42.35
1.5,2.642857142857143,42.2
1.5,2.683673469387755,42.0
1.5,2.724489795918367,41.800000000000004
1.5,2.7653061224489797,41.550000000000004
1.5,2.8061224489795915,41.300000000000004
1.5,2.8469387755102042,40.7
1.5,2.887755102040816,40.5
1.5,2.9285714285714284,40.300000000000004
1.5,2.9693877551020407,40.1
1.5,3.010204081632653,39.900000000000006
1.5,3.0510204081632653,39.7
1.5,3.091836734693877,39.150000000000006
1.5,3.13265306122449,38.95
1.5,3.1734693877551017,38.75
1.5,3.2142857142857144,38.550000000000004
1.5,3.2551020408163263,38.400000000000006
1.5,3.2959183673469385,38.25
1.5,3.336734693877551,38.1
1.5,3.377551020408163,37.65
1.5,3.4183673469387754,37.45
1.5,3.4591836734693877,37.25
1.5,3.5,37.15
