alpha,omega,steady_time
-0.5,0.5,65.05
-0.5,0.5918367346938775,34.08
-0.5,0.6836734693877551,149.99
-0.5,0.7755102040816326,149.99
-0.5,0.8673469387755102,31.52
-0.5,0.9591836734693877,56.54
-0.5,1.0510204081632653,47.17
-0.5,1.1428571428571428,74.83
-0.5,1.2346938775510203,40.6
-0.5,1.3265306122448979,38.300000000000004
-0.5,1.4183673469387754,46.32
-0.5,1.5102040816326532,43.32
-0.5,1.6020408163265307,41.660000000000004
-0.5,1.6938775510204083,43.45
-0.5,1.7857142857142858,46.79
-0.5,1.8775510204081634,16.75
-0.5,1.969387755102041,30.330000000000002
-0.5,2.0612244897959187,57.620000000000005
-0.5,2.1530612244897958,21.080000000000002
-0.5,2.2448979591836737,7.26
-0.5,2.336734693877551,5.37
-0.5,2.428571428571429,5.17
-0.5,2.5204081632653064,7.2700000000000005
-0.5,2.612244897959184,10.950000000000001
-0.5,2.7040816326530615,10.77
-0.5,2.795918367346939,10.58
-0.5,2.8877551020408165,10.31
-0.5,2.979591836734694,10.02
-0.5,3.0714285714285716,9.78
-0.5,3.163265306122449,9.71
-0.5,3.2551020408163267,9.88
-0.5,3.3469387755102042,10.09
-0.5,3.438775510204082,10.15
-0.5,3.5306122448979593,10.13
-0.5,3.622448979591837,10.09
-0.5,3.7142857142857144,10.040000000000001
-0.5,3.806122448979592,9.99
-0.5,3.8979591836734695,9.96
-0.5,3.989795918367347,9.950000000000001
-0.5,4.081632653061225,9.98
-0.5,4.173469387755102,10.01
-0.5,4.26530612244898,10.02
-0.5,4.357142857142858,10.040000000000001
-0.5,4.448979591836735,10.05
-0.5,4.540816326530613,10.05
-0.5,4.63265306122449,10.06
-0.5,4.724489795918368,10.07
-0.5,4.816326530612245,10.08
-0.5,4.908163265306123,10.11
-0.5,5.0,10.14
-0.45918367346938777,0.5,63.71
-0.45918367346938777,0.5918367346938775,34.230000000000004
-0.45918367346938777,0.6836734693877551,149.99
-0.45918367346938777,0.7755102040816326,33.08
-0.45918367346938777,0.8673469387755102,31.57
-0.45918367346938777,0.9591836734693877,55.42
-0.45918367346938777,1.0510204081632653,48.15
-0.45918367346938777,1.1428571428571428,58.61
-0.45918367346938777,1.2346938775510203,42.68
-0.45918367346938777,1.3265306122448979,37.93
-0.45918367346938777,1.4183673469387754,46.230000000000004
-0.45918367346938777,1.5102040816326532,43.18
-0.45918367346938777,1.6020408163265307,41.08
-0.45918367346938777,1.6938775510204083,43.47
-0.45918367346938777,1.7857142857142858,27.29
-0.45918367346938777,1.8775510204081634,35.37
-0.45918367346938777,1.969387755102041,34.87
-0.45918367346938777,2.0612244897959187,104.93
-0.45918367346938777,2.1530612244897958,14.19
-0.45918367346938777,2.2448979591836737,13.71
-0.45918367346938777,2.336734693877551,5.89
-0.45918367346938777,2.428571428571429,5.17
-0.45918367346938777,2.5204081632653064,7.48
-0.45918367346938777,2.612244897959184,7.73
-0.45918367346938777,2.7040816326530615,10.48
-0.45918367346938777,2.795918367346939,10.32
-0.45918367346938777,2.8877551020408165,10.14
-0.45918367346938777,2.979591836734694,10.01
-0.45918367346938777,3.0714285714285716,10.02
-0.45918367346938777,3.163265306122449,10.200000000000001
-0.45918367346938777,3.2551020408163267,10.34
-0.45918367346938777,3.3469387755102042,10.39
-0.45918367346938777,3.438775510204082,10.36
-0.45918367346938777,3.5306122448979593,10.32
-0.45918367346938777,3.622448979591837,10.26
-0.45918367346938777,3.7142857142857144,10.23
-0.45918367346938777,3.806122448979592,10.21
-0.45918367346938777,3.8979591836734695,10.22
-0.45918367346938777,3.989795918367347,10.23
-0.45918367346938777,4.081632653061225,10.26
-0.45918367346938777,4.173469387755102,10.290000000000001
-0.45918367346938777,4.26530612244898,10.290000000000001
-0.45918367346938777,4.357142857142858,10.3
-0.45918367346938777,4.448979591836735,10.31
-0.45918367346938777,4.540816326530613,10.31
-0.45918367346938777,4.63265306122449,10.34
-0.45918367346938777,4.724489795918368,10.35
-0.45918367346938777,4.816326530612245,10.370000000000001
-0.45918367346938777,4.908163265306123,10.4
-0.45918367346938777,5.0,2.5100000000000002
-0.41836734693877553,0.5,62.53
-0.41836734693877553,0.5918367346938775,34.35
-0.41836734693877553,0.6836734693877551,149.99
-0.41836734693877553,0.7755102040816326,30.21
-0.41836734693877553,0.8673469387755102,31.6
-0.41836734693877553,0.9591836734693877,51.89
-0.41836734693877553,1.0510204081632653,48.36
-0.41836734693877553,1.1428571428571428,52.06
-0.41836734693877553,1.2346938775510203,43.69
-0.41836734693877553,1.3265306122448979,37.81
-0.41836734693877553,1.4183673469387754,46.14
-0.41836734693877553,1.5102040816326532,43.02
-0.41836734693877553,1.6020408163265307,40.800000000000004
-0.41836734693877553,1.6938775510204083,43.43
-0.41836734693877553,1.7857142857142858,29.59
-0.41836734693877553,1.8775510204081634,64.57000000000001
-0.41836734693877553,1.969387755102041,114.72
-0.41836734693877553,2.0612244897959187,149.99
-0.41836734693877553,2.1530612244897958,14.13
-0.41836734693877553,2.2448979591836737,10.92
-0.41836734693877553,2.336734693877551,7.05
-0.41836734693877553,2.428571428571429,5.17
-0.41836734693877553,2.5204081632653064,4.97
-0.41836734693877553,2.612244897959184,7.57
-0.41836734693877553,2.7040816326530615,7.65
-0.41836734693877553,2.795918367346939,7.67
-0.41836734693877553,2.8877551020408165,7.63
-0.41836734693877553,2.979591836734694,7.53
-0.41836734693877553,3.0714285714285716,7.41
-0.41836734693877553,3.163265306122449,7.36
-0.41836734693877553,3.2551020408163267,7.38
-0.41836734693877553,3.3469387755102042,10.65
-0.41836734693877553,3.438775510204082,10.59
-0.41836734693877553,3.5306122448979593,10.540000000000001
-0.41836734693877553,3.622448979591837,10.51
-0.41836734693877553,3.7142857142857144,10.51
-0.41836734693877553,3.806122448979592,10.52
-0.41836734693877553,3.8979591836734695,10.540000000000001
-0.41836734693877553,3.989795918367347,10.55
-0.41836734693877553,4.081632653061225,10.58
-0.41836734693877553,4.173469387755102,10.6
-0.41836734693877553,4.26530612244898,10.59
-0.41836734693877553,4.357142857142858,10.6
-0.41836734693877553,4.448979591836735,10.6
-0.41836734693877553,4.540816326530613,10.620000000000001
-0.41836734693877553,4.63265306122449,10.65
-0.41836734693877553,4.724489795918368,10.67
-0.41836734693877553,4.816326530612245,2.59
-0.41836734693877553,4.908163265306123,2.5500000000000003
-0.41836734693877553,5.0,2.5100000000000002
-0.37755102040816324,0.5,62.07
-0.37755102040816324,0.5918367346938775,34.47
-0.37755102040816324,0.6836734693877551,149.99
-0.37755102040816324,0.7755102040816326,28.810000000000002
-0.37755102040816324,0.8673469387755102,31.62
-0.37755102040816324,0.9591836734693877,48.050000000000004
-0.37755102040816324,1.0510204081632653,37.04
-0.37755102040816324,1.1428571428571428,49.72
-0.37755102040816324,1.2346938775510203,44.13
-0.37755102040816324,1.3265306122448979,37.72
-0.37755102040816324,1.4183673469387754,46.03
-0.37755102040816324,1.5102040816326532,42.84
-0.37755102040816324,1.6020408163265307,40.57
-0.37755102040816324,1.6938775510204083,43.31
-0.37755102040816324,1.7857142857142858,34.21
-0.37755102040816324,1.8775510204081634,29.95
-0.37755102040816324,1.969387755102041,149.99
-0.37755102040816324,2.0612244897959187,43.5
-0.37755102040816324,2.1530612244897958,78.4
-0.37755102040816324,2.2448979591836737,9.73
-0.37755102040816324,2.336734693877551,13.09
-0.37755102040816324,2.428571428571429,6.04
-0.37755102040816324,2.5204081632653064,4.97
-0.37755102040816324,2.612244897959184,4.8100000000000005
-0.37755102040816324,2.7040816326530615,4.63
-0.37755102040816324,2.795918367346939,7.6000000000000005
-0.37755102040816324,2.8877551020408165,7.54
-0.37755102040816324,2.979591836734694,7.5
-0.37755102040816324,3.0714285714285716,7.51
-0.37755102040816324,3.163265306122449,7.5600000000000005
-0.37755102040816324,3.2551020408163267,7.63
-0.37755102040816324,3.3469387755102042,10.92
-0.37755102040816324,3.438775510204082,10.88
-0.37755102040816324,3.5306122448979593,10.86
-0.37755102040816324,3.622448979591837,10.86
-0.37755102040816324,3.7142857142857144,7.67
-0.37755102040816324,3.806122448979592,7.63
-0.37755102040816324,3.8979591836734695,7.63
-0.37755102040816324,3.989795918367347,7.65
-0.37755102040816324,4.081632653061225,10.91
-0.37755102040816324,4.173469387755102,10.92
-0.37755102040816324,4.26530612244898,10.91
-0.37755102040816324,4.357142857142858,7.78
-0.37755102040816324,4.448979591836735,7.78
-0.37755102040816324,4.540816326530613,2.75
-0.37755102040816324,4.63265306122449,2.71
-0.37755102040816324,4.724489795918368,2.65
-0.37755102040816324,4.816326530612245,2.59
-0.37755102040816324,4.908163265306123,2.5500000000000003
-0.37755102040816324,5.0,2.5100000000000002
-0.33673469387755106,0.5,61.32
-0.33673469387755106,0.5918367346938775,34.6
-0.33673469387755106,0.6836734693877551,149.99
-0.33673469387755106,0.7755102040816326,28.34
-0.33673469387755106,0.8673469387755102,31.59
-0.33673469387755106,0.9591836734693877,33.96
-0.33673469387755106,1.0510204081632653,36.97
-0.33673469387755106,1.1428571428571428,45.27
-0.33673469387755106,1.2346938775510203,47.33
-0.33673469387755106,1.3265306122448979,37.63
-0.33673469387755106,1.4183673469387754,45.9
-0.33673469387755106,1.5102040816326532,42.62
-0.33673469387755106,1.6020408163265307,40.37
-0.33673469387755106,1.6938775510204083,43.13
-0.33673469387755106,1.7857142857142858,49.61
-0.33673469387755106,1.8775510204081634,42.62
-0.33673469387755106,1.969387755102041,149.99
-0.33673469387755106,2.0612244897959187,39.94
-0.33673469387755106,2.1530612244897958,74.74
-0.33673469387755106,2.2448979591836737,16.23
-0.33673469387755106,2.336734693877551,10.36
-0.33673469387755106,2.428571428571429,7.58
-0.33673469387755106,2.5204081632653064,5.25
-0.33673469387755106,2.612244897959184,4.8100000000000005
-0.33673469387755106,2.7040816326530615,4.63
-0.33673469387755106,2.795918367346939,4.49
-0.33673469387755106,2.8877551020408165,7.83
-0.33673469387755106,2.979591836734694,7.83
-0.33673469387755106,3.0714285714285716,7.84
-0.33673469387755106,3.163265306122449,7.86
-0.33673469387755106,3.2551020408163267,7.88
-0.33673469387755106,3.3469387755102042,7.890000000000001
-0.33673469387755106,3.438775510204082,7.87
-0.33673469387755106,3.5306122448979593,7.84
-0.33673469387755106,3.622448979591837,7.8100000000000005
-0.33673469387755106,3.7142857142857144,7.8100000000000005
-0.33673469387755106,3.806122448979592,7.84
-0.33673469387755106,3.8979591836734695,7.88
-0.33673469387755106,3.989795918367347,7.92
-0.33673469387755106,4.081632653061225,7.96
-0.33673469387755106,4.173469387755102,7.97
-0.33673469387755106,4.26530612244898,2.93
-0.33673469387755106,4.357142857142858,2.87
-0.33673469387755106,4.448979591836735,2.81
-0.33673469387755106,4.540816326530613,2.75
-0.33673469387755106,4.63265306122449,2.71
-0.33673469387755106,4.724489795918368,2.65
-0.33673469387755106,4.816326530612245,2.59
-0.33673469387755106,4.908163265306123,2.5500000000000003
-0.33673469387755106,5.0,2.5100000000000002
-0.29591836734693877,0.5,60.95
-0.29591836734693877,0.5918367346938775,34.730000000000004
-0.29591836734693877,0.6836734693877551,149.99
-0.29591836734693877,0.7755102040816326,27.68
-0.29591836734693877,0.8673469387755102,30.740000000000002
-0.29591836734693877,0.9591836734693877,33.34
-0.29591836734693877,1.0510204081632653,37.01
-0.29591836734693877,1.1428571428571428,42.11
-0.29591836734693877,1.2346938775510203,47.62
-0.29591836734693877,1.3265306122448979,37.550000000000004
-0.29591836734693877,1.4183673469387754,45.730000000000004
-0.29591836734693877,1.5102040816326532,42.38
-0.29591836734693877,1.6020408163265307,40.22
-0.29591836734693877,1.6938775510204083,42.58
-0.29591836734693877,1.7857142857142858,47.44
-0.29591836734693877,1.8775510204081634,30.34
-0.29591836734693877,1.969387755102041,22.47
-0.29591836734693877,2.0612244897959187,82.06
-0.29591836734693877,2.1530612244897958,38.01
-0.29591836734693877,2.2448979591836737,14.530000000000001
-0.29591836734693877,2.336734693877551,9.4
-0.29591836734693877,2.428571428571429,10.540000000000001
-0.29591836734693877,2.5204081632653064,6.69
-0.29591836734693877,2.612244897959184,4.8100000000000005
-0.29591836734693877,2.7040816326530615,4.63
-0.29591836734693877,2.795918367346939,4.49
-0.29591836734693877,2.8877551020408165,4.3500000000000005
-0.29591836734693877,2.979591836734694,4.21
-0.29591836734693877,3.0714285714285716,4.09
-0.29591836734693877,3.163265306122449,3.97
-0.29591836734693877,3.2551020408163267,8.120000000000001
-0.29591836734693877,3.3469387755102042,8.11
-0.29591836734693877,3.438775510204082,8.09
-0.29591836734693877,3.5306122448979593,8.09
-0.29591836734693877,3.622448979591837,8.09
-0.29591836734693877,3.7142857142857144,8.13
-0.29591836734693877,3.806122448979592,3.29
-0.29591836734693877,3.8979591836734695,3.21
-0.29591836734693877,3.989795918367347,3.13
-0.29591836734693877,4.081632653061225,3.0700000000000003
-0.29591836734693877,4.173469387755102,3.0100000000000002
-0.29591836734693877,4.26530612244898,2.93
-0.29591836734693877,4.357142857142858,2.87
-0.29591836734693877,4.448979591836735,2.81
-0.29591836734693877,4.540816326530613,2.75
-0.29591836734693877,4.63265306122449,2.71
-0.29591836734693877,4.724489795918368,2.65
-0.29591836734693877,4.816326530612245,2.59
-0.29591836734693877,4.908163265306123,2.5500000000000003
-0.29591836734693877,5.0,2.5100000000000002
-0.25510204081632654,0.5,59.93
-0.25510204081632654,0.5918367346938775,34.87
-0.25510204081632654,0.6836734693877551,149.99
-0.25510204081632654,0.7755102040816326,27.51
-0.25510204081632654,0.8673469387755102,30.71
-0.25510204081632654,0.9591836734693877,33.160000000000004
-0.25510204081632654,1.0510204081632653,37.14
-0.25510204081632654,1.1428571428571428,41.7
-0.25510204081632654,1.2346938775510203,47.79
-0.25510204081632654,1.3265306122448979,37.47
-0.25510204081632654,1.4183673469387754,45.49
-0.25510204081632654,1.5102040816326532,41.54
-0.25510204081632654,1.6020408163265307,40.09
-0.25510204081632654,1.6938775510204083,42.300000000000004
-0.25510204081632654,1.7857142857142858,46.51
-0.25510204081632654,1.8775510204081634,24.73
-0.25510204081632654,1.969387755102041,28.66
-0.25510204081632654,2.0612244897959187,149.99
-0.25510204081632654,2.1530612244897958,149.99
-0.25510204081632654,2.2448979591836737,19.5
-0.25510204081632654,2.336734693877551,8.6
-0.25510204081632654,2.428571428571429,9.51
-0.25510204081632654,2.5204081632653064,9.16
-0.25510204081632654,2.612244897959184,6.26
-0.25510204081632654,2.7040816326530615,4.63
-0.25510204081632654,2.795918367346939,4.49
-0.25510204081632654,2.8877551020408165,4.3500000000000005
-0.25510204081632654,2.979591836734694,4.21
-0.25510204081632654,3.0714285714285716,4.09
-0.25510204081632654,3.163265306122449,3.97
-0.25510204081632654,3.2551020408163267,3.85
-0.25510204081632654,3.3469387755102042,3.75
-0.25510204081632654,3.438775510204082,3.65
-0.25510204081632654,3.5306122448979593,3.5500000000000003
-0.25510204081632654,3.622448979591837,3.45
-0.25510204081632654,3.7142857142857144,3.37
-0.25510204081632654,3.806122448979592,3.29
-0.25510204081632654,3.8979591836734695,3.21
-0.25510204081632654,3.989795918367347,3.13
-0.25510204081632654,4.081632653061225,3.0700000000000003
-0.25510204081632654,4.173469387755102,3.0100000000000002
-0.25510204081632654,4.26530612244898,2.93
-0.25510204081632654,4.357142857142858,2.87
-0.25510204081632654,4.448979591836735,2.81
-0.25510204081632654,4.540816326530613,2.75
-0.25510204081632654,4.63265306122449,2.71
-0.25510204081632654,4.724489795918368,2.65
-0.25510204081632654,4.816326530612245,2.59
-0.25510204081632654,4.908163265306123,2.5500000000000003
-0.25510204081632654,5.0,2.5100000000000002
-0.2142857142857143,0.5,59.32
-0.2142857142857143,0.5918367346938775,35.02
-0.2142857142857143,0.6836734693877551,149.99
-0.2142857142857143,0.7755102040816326,27.45
-0.2142857142857143,0.8673469387755102,30.68
-0.2142857142857143,0.9591836734693877,33.25
-0.2142857142857143,1.0510204081632653,38.03
-0.2142857142857143,1.1428571428571428,40.86
-0.2142857142857143,1.2346938775510203,47.95
-0.2142857142857143,1.3265306122448979,37.39
-0.2142857142857143,1.4183673469387754,44.65
-0.2142857142857143,1.5102040816326532,40.5
-0.2142857142857143,1.6020408163265307,40.0
-0.2142857142857143,1.6938775510204083,42.04
-0.2142857142857143,1.7857142857142858,45.74
-0.2142857142857143,1.8775510204081634,29.39
-0.2142857142857143,1.969387755102041,42.32
-0.2142857142857143,2.0612244897959187,149.99
-0.2142857142857143,2.1530612244897958,149.99
-0.2142857142857143,2.2448979591836737,22.34
-0.2142857142857143,2.336734693877551,14.6
-0.2142857142857143,2.428571428571429,8.73
-0.2142857142857143,2.5204081632653064,9.27
-0.2142857142857143,2.612244897959184,8.36
-0.2142857142857143,2.7040816326530615,6.04
-0.2142857142857143,2.795918367346939,4.49
-0.2142857142857143,2.8877551020408165,4.3500000000000005
-0.2142857142857143,2.979591836734694,4.21
-0.2142857142857143,3.0714285714285716,4.09
-0.2142857142857143,3.163265306122449,3.97
-0.2142857142857143,3.2551020408163267,3.85
-0.2142857142857143,3.3469387755102042,3.75
-0.2142857142857143,3.438775510204082,3.65
-0.2142857142857143,3.5306122448979593,3.5500000000000003
-0.2142857142857143,3.622448979591837,3.45
-0.2142857142857143,3.7142857142857144,3.37
-0.2142857142857143,3.806122448979592,3.29
-0.2142857142857143,3.8979591836734695,3.21
-0.2142857142857143,3.989795918367347,3.13
-0.2142857142857143,4.081632653061225,3.0700000000000003
-0.2142857142857143,4.173469387755102,3.0100000000000002
-0.2142857142857143,4.26530612244898,2.93
-0.2142857142857143,4.357142857142858,2.87
-0.2142857142857143,4.448979591836735,2.81
-0.2142857142857143,4.540816326530613,2.75
-0.2142857142857143,4.63265306122449,2.71
-0.2142857142857143,4.724489795918368,2.65
-0.2142857142857143,4.816326530612245,2.59
-0.2142857142857143,4.908163265306123,2.5500000000000003
-0.2142857142857143,5.0,2.5100000000000002
-0.17346938775510207,0.5,58.9
-0.17346938775510207,0.5918367346938775,35.19
-0.17346938775510207,0.6836734693877551,149.99
-0.17346938775510207,0.7755102040816326,27.47
-0.17346938775510207,0.8673469387755102,30.650000000000002
-0.17346938775510207,0.9591836734693877,36.26
-0.17346938775510207,1.0510204081632653,38.22
-0.17346938775510207,1.1428571428571428,37.25
-0.17346938775510207,1.2346938775510203,48.64
-0.17346938775510207,1.3265306122448979,37.300000000000004
-0.17346938775510207,1.4183673469387754,43.910000000000004
-0.17346938775510207,1.5102040816326532,40.300000000000004
-0.17346938775510207,1.6020408163265307,39.94
-0.17346938775510207,1.6938775510204083,41.82
-0.17346938775510207,1.7857142857142858,45.17
-0.17346938775510207,1.8775510204081634,35.56
-0.17346938775510207,1.969387755102041,22.330000000000002
-0.17346938775510207,2.0612244897959187,149.99
-0.17346938775510207,2.1530612244897958,149.99
-0.17346938775510207,2.2448979591836737,149.99
-0.17346938775510207,2.336734693877551,13.5
-0.17346938775510207,2.428571428571429,8.21
-0.17346938775510207,2.5204081632653064,8.63
-0.17346938775510207,2.612244897959184,8.83
-0.17346938775510207,2.7040816326530615,7.94
-0.17346938775510207,2.795918367346939,6.0600000000000005
-0.17346938775510207,2.8877551020408165,4.38
-0.17346938775510207,2.979591836734694,4.21
-0.17346938775510207,3.0714285714285716,4.09
-0.17346938775510207,3.163265306122449,3.97
-0.17346938775510207,3.2551020408163267,3.85
-0.17346938775510207,3.3469387755102042,3.75
-0.17346938775510207,3.438775510204082,3.65
-0.17346938775510207,3.5306122448979593,3.5500000000000003
-0.17346938775510207,3.622448979591837,3.45
-0.17346938775510207,3.7142857142857144,3.37
-0.17346938775510207,3.806122448979592,3.29
-0.17346938775510207,3.8979591836734695,3.21
-0.17346938775510207,3.989795918367347,3.13
-0.17346938775510207,4.081632653061225,3.0700000000000003
-0.17346938775510207,4.173469387755102,3.0100000000000002
-0.17346938775510207,4.26530612244898,2.93
-0.17346938775510207,4.357142857142858,2.87
-0.17346938775510207,4.448979591836735,2.81
-0.17346938775510207,4.540816326530613,2.75
-0.17346938775510207,4.63265306122449,2.71
-0.17346938775510207,4.724489795918368,2.65
-0.17346938775510207,4.816326530612245,2.59
-0.17346938775510207,4.908163265306123,2.5500000000000003
-0.17346938775510207,5.0,2.5100000000000002
-0.13265306122448983,0.5,58.03
-0.13265306122448983,0.5918367346938775,35.39
-0.13265306122448983,0.6836734693877551,149.99
-0.13265306122448983,0.7755102040816326,27.54
-0.13265306122448983,0.8673469387755102,30.62
-0.13265306122448983,0.9591836734693877,37.07
-0.13265306122448983,1.0510204081632653,38.42
-0.13265306122448983,1.1428571428571428,35.730000000000004
-0.13265306122448983,1.2346938775510203,50.04
-0.13265306122448983,1.3265306122448979,37.22
-0.13265306122448983,1.4183673469387754,43.65
-0.13265306122448983,1.5102040816326532,40.13
-0.13265306122448983,1.6020408163265307,39.89
-0.13265306122448983,1.6938775510204083,41.65
-0.13265306122448983,1.7857142857142858,44.79
-0.13265306122448983,1.8775510204081634,28.63
-0.13265306122448983,1.969387755102041,32.02
-0.13265306122448983,2.0612244897959187,25.740000000000002
-0.13265306122448983,2.1530612244897958,149.99
-0.13265306122448983,2.2448979591836737,149.99
-0.13265306122448983,2.336734693877551,18.400000000000002
-0.13265306122448983,2.428571428571429,13.99
-0.13265306122448983,2.5204081632653064,8.040000000000001
-0.13265306122448983,2.612244897959184,8.370000000000001
-0.13265306122448983,2.7040816326530615,8.34
-0.13265306122448983,2.795918367346939,7.7
-0.13265306122448983,2.8877551020408165,6.25
-0.13265306122448983,2.979591836734694,4.66
-0.13265306122448983,3.0714285714285716,4.09
-0.13265306122448983,3.163265306122449,3.97
-0.13265306122448983,3.2551020408163267,3.85
-0.13265306122448983,3.3469387755102042,3.75
-0.13265306122448983,3.438775510204082,3.65
-0.13265306122448983,3.5306122448979593,3.5500000000000003
-0.13265306122448983,3.622448979591837,3.45
-0.13265306122448983,3.7142857142857144,3.37
-0.13265306122448983,3.806122448979592,3.29
-0.13265306122448983,3.8979591836734695,3.21
-0.13265306122448983,3.989795918367347,3.13
-0.13265306122448983,4.081632653061225,3.0700000000000003
-0.13265306122448983,4.173469387755102,3.0100000000000002
-0.13265306122448983,4.26530612244898,2.93
-0.13265306122448983,4.357142857142858,2.87
-0.13265306122448983,4.448979591836735,2.81
-0.13265306122448983,4.540816326530613,2.75
-0.13265306122448983,4.63265306122449,2.71
-0.13265306122448983,4.724489795918368,2.65
-0.13265306122448983,4.816326530612245,2.59
-0.13265306122448983,4.908163265306123,2.5500000000000003
-0.13265306122448983,5.0,2.5100000000000002
-0.0918367346938776,0.5,57.51
-0.0918367346938776,0.5918367346938775,35.63
-0.0918367346938776,0.6836734693877551,149.99
-0.0918367346938776,0.7755102040816326,27.68
-0.0918367346938776,0.8673469387755102,30.560000000000002
-0.0918367346938776,0.9591836734693877,37.2
-0.0918367346938776,1.0510204081632653,38.61
-0.0918367346938776,1.1428571428571428,34.06
-0.0918367346938776,1.2346938775510203,50.17
-0.0918367346938776,1.3265306122448979,37.14
-0.0918367346938776,1.4183673469387754,43.45
-0.0918367346938776,1.5102040816326532,39.94
-0.0918367346938776,1.6020408163265307,39.86
-0.0918367346938776,1.6938775510204083,41.53
-0.0918367346938776,1.7857142857142858,44.6
-0.0918367346938776,1.8775510204081634,30.63
-0.0918367346938776,1.969387755102041,30.79
-0.0918367346938776,2.0612244897959187,14.97
-0.0918367346938776,2.1530612244897958,149.99
-0.0918367346938776,2.2448979591836737,149.99
-0.0918367346938776,2.336734693877551,17.07
-0.0918367346938776,2.428571428571429,13.13
-0.0918367346938776,2.5204081632653064,7.79
-0.0918367346938776,2.612244897959184,7.88
-0.0918367346938776,2.7040816326530615,8.0
-0.0918367346938776,2.795918367346939,7.91
-0.0918367346938776,2.8877551020408165,7.45
-0.0918367346938776,2.979591836734694,6.46
-0.0918367346938776,3.0714285714285716,5.09
-0.0918367346938776,3.163265306122449,3.97
-0.0918367346938776,3.2551020408163267,3.85
-0.0918367346938776,3.3469387755102042,3.75
-0.0918367346938776,3.438775510204082,3.65
-0.0918367346938776,3.5306122448979593,3.5500000000000003
-0.0918367346938776,3.622448979591837,3.45
-0.0918367346938776,3.7142857142857144,3.37
-0.0918367346938776,3.806122448979592,3.29
-0.0918367346938776,3.8979591836734695,3.21
-0.0918367346938776,3.989795918367347,3.13
-0.0918367346938776,4.081632653061225,3.0700000000000003
-0.0918367346938776,4.173469387755102,3.0100000000000002
-0.0918367346938776,4.26530612244898,2.93
-0.0918367346938776,4.357142857142858,2.87
-0.0918367346938776,4.448979591836735,2.81
-0.0918367346938776,4.540816326530613,2.75
-0.0918367346938776,4.63265306122449,2.71
-0.0918367346938776,4.724489795918368,2.65
-0.0918367346938776,4.816326530612245,2.59
-0.0918367346938776,4.908163265306123,2.5500000000000003
-0.0918367346938776,5.0,2.5100000000000002
-0.05102040816326536,0.5,56.370000000000005
-0.05102040816326536,0.5918367346938775,36.410000000000004
-0.05102040816326536,0.6836734693877551,76.7
-0.05102040816326536,0.7755102040816326,28.16
-0.05102040816326536,0.8673469387755102,30.47
-0.05102040816326536,0.9591836734693877,37.2
-0.05102040816326536,1.0510204081632653,39.11
-0.05102040816326536,1.1428571428571428,33.87
-0.05102040816326536,1.2346938775510203,50.21
-0.05102040816326536,1.3265306122448979,37.050000000000004
-0.05102040816326536,1.4183673469387754,43.27
-0.05102040816326536,1.5102040816326532,39.5
-0.05102040816326536,1.6020408163265307,39.85
-0.05102040816326536,1.6938775510204083,41.45
-0.05102040816326536,1.7857142857142858,44.37
-0.05102040816326536,1.8775510204081634,26.79
-0.05102040816326536,1.969387755102041,27.23
-0.05102040816326536,2.0612244897959187,26.82
-0.05102040816326536,2.1530612244897958,149.99
-0.05102040816326536,2.2448979591836737,149.99
-0.05102040816326536,2.336734693877551,21.05
-0.05102040816326536,2.428571428571429,12.41
-0.05102040816326536,2.5204081632653064,13.17
-0.05102040816326536,2.612244897959184,7.53
-0.05102040816326536,2.7040816326530615,7.6000000000000005
-0.05102040816326536,2.795918367346939,7.640000000000001
-0.05102040816326536,2.8877551020408165,7.51
-0.05102040816326536,2.979591836734694,7.15
-0.05102040816326536,3.0714285714285716,6.5200000000000005
-0.05102040816326536,3.163265306122449,5.49
-0.05102040816326536,3.2551020408163267,3.85
-0.05102040816326536,3.3469387755102042,3.75
-0.05102040816326536,3.438775510204082,3.65
-0.05102040816326536,3.5306122448979593,3.5500000000000003
-0.05102040816326536,3.622448979591837,3.45
-0.05102040816326536,3.7142857142857144,3.37
-0.05102040816326536,3.806122448979592,3.29
-0.05102040816326536,3.8979591836734695,3.21
-0.05102040816326536,3.989795918367347,3.13
-0.05102040816326536,4.081632653061225,3.0700000000000003
-0.05102040816326536,4.173469387755102,3.0100000000000002
-0.05102040816326536,4.26530612244898,2.93
-0.05102040816326536,4.357142857142858,2.87
-0.05102040816326536,4.448979591836735,2.81
-0.05102040816326536,4.540816326530613,2.75
-0.05102040816326536,4.63265306122449,2.71
-0.05102040816326536,4.724489795918368,2.65
-0.05102040816326536,4.816326530612245,2.59
-0.05102040816326536,4.908163265306123,2.5500000000000003
-0.05102040816326536,5.0,2.5100000000000002
-0.010204081632653073,0.5,55.27
-0.010204081632653073,0.5918367346938775,36.68
-0.010204081632653073,0.6836734693877551,75.08
-0.010204081632653073,0.7755102040816326,28.46
-0.010204081632653073,0.8673469387755102,30.28
-0.010204081632653073,0.9591836734693877,37.13
-0.010204081632653073,1.0510204081632653,39.28
-0.010204081632653073,1.1428571428571428,33.72
-0.010204081632653073,1.2346938775510203,50.2
-0.010204081632653073,1.3265306122448979,36.97
-0.010204081632653073,1.4183673469387754,43.11
-0.010204081632653073,1.5102040816326532,39.28
-0.010204081632653073,1.6020408163265307,39.84
-0.010204081632653073,1.6938775510204083,41.4
-0.010204081632653073,1.7857142857142858,43.82
-0.010204081632653073,1.8775510204081634,27.8
-0.010204081632653073,1.969387755102041,23.86
-0.010204081632653073,2.0612244897959187,25.650000000000002
-0.010204081632653073,2.1530612244897958,29.12
-0.010204081632653073,2.2448979591836737,149.99
-0.010204081632653073,2.336734693877551,24.55
-0.010204081632653073,2.428571428571429,17.0
-0.010204081632653073,2.5204081632653064,12.5
-0.010204081632653073,2.612244897959184,7.43
-0.010204081632653073,2.7040816326530615,7.26
-0.010204081632653073,2.795918367346939,7.3100000000000005
-0.010204081632653073,2.8877551020408165,7.2700000000000005
-0.010204081632653073,2.979591836734694,7.12
-0.010204081632653073,3.0714285714285716,6.8500000000000005
-0.010204081632653073,3.163265306122449,6.4
-0.010204081632653073,3.2551020408163267,5.7
-0.010204081632653073,3.3469387755102042,4.64
-0.010204081632653073,3.438775510204082,3.65
-0.010204081632653073,3.5306122448979593,3.5500000000000003
-0.010204081632653073,3.622448979591837,3.45
-0.010204081632653073,3.7142857142857144,3.37
-0.010204081632653073,3.806122448979592,3.29
-0.010204081632653073,3.8979591836734695,3.21
-0.010204081632653073,3.989795918367347,3.13
-0.010204081632653073,4.081632653061225,3.0700000000000003
-0.010204081632653073,4.173469387755102,3.0100000000000002
-0.010204081632653073,4.26530612244898,2.93
-0.010204081632653073,4.357142857142858,2.87
-0.010204081632653073,4.448979591836735,2.81
-0.010204081632653073,4.540816326530613,2.75
-0.010204081632653073,4.63265306122449,2.71
-0.010204081632653073,4.724489795918368,2.65
-0.010204081632653073,4.816326530612245,2.59
-0.010204081632653073,4.908163265306123,2.5500000000000003
-0.010204081632653073,5.0,2.5100000000000002
0.030612244897959107,0.5,54.61
0.030612244897959107,0.5918367346938775,37.410000000000004
0.030612244897959107,0.6836734693877551,149.99
0.030612244897959107,0.7755102040816326,28.67
0.030612244897959107,0.8673469387755102,29.37
0.030612244897959107,0.9591836734693877,37.04
0.030612244897959107,1.0510204081632653,39.37
0.030612244897959107,1.1428571428571428,33.59
0.030612244897959107,1.2346938775510203,50.15
0.030612244897959107,1.3265306122448979,36.89
0.030612244897959107,1.4183673469387754,42.97
0.030612244897959107,1.5102040816326532,39.11
0.030612244897959107,1.6020408163265307,39.83
0.030612244897959107,1.6938775510204083,41.37
0.030612244897959107,1.7857142857142858,43.57
0.030612244897959107,1.8775510204081634,9.1
0.030612244897959107,1.969387755102041,22.39
0.030612244897959107,2.0612244897959187,24.14
0.030612244897959107,2.1530612244897958,15.34
0.030612244897959107,2.2448979591836737,149.99
0.030612244897959107,2.336734693877551,32.43
0.030612244897959107,2.428571428571429,16.14
0.030612244897959107,2.5204081632653064,11.9
0.030612244897959107,2.612244897959184,12.370000000000001
0.030612244897959107,2.7040816326530615,7.11
0.030612244897959107,2.795918367346939,7.0200000000000005
0.030612244897959107,2.8877551020408165,7.0
0.030612244897959107,2.979591836734694,6.92
0.030612244897959107,3.0714285714285716,6.7700000000000005
0.030612244897959107,3.163265306122449,6.53
0.030612244897959107,3.2551020408163267,6.18
0.030612244897959107,3.3469387755102042,5.7
0.030612244897959107,3.438775510204082,4.98
0.030612244897959107,3.5306122448979593,3.5500000000000003
0.030612244897959107,3.622448979591837,3.45
0.030612244897959107,3.7142857142857144,3.37
0.030612244897959107,3.806122448979592,3.29
0.030612244897959107,3.8979591836734695,3.21
0.030612244897959107,3.989795918367347,3.13
0.030612244897959107,4.081632653061225,3.0700000000000003
0.030612244897959107,4.173469387755102,3.0100000000000002
0.030612244897959107,4.26530612244898,2.93
0.030612244897959107,4.357142857142858,2.87
0.030612244897959107,4.448979591836735,2.81
0.030612244897959107,4.540816326530613,2.75
0.030612244897959107,4.63265306122449,2.71
0.030612244897959107,4.724489795918368,2.65
0.030612244897959107,4.816326530612245,2.59
0.030612244897959107,4.908163265306123,2.5500000000000003
0.030612244897959107,5.0,2.5100000000000002
0.0714285714285714,0.5,54.03
0.0714285714285714,0.5918367346938775,37.51
0.0714285714285714,0.6836734693877551,149.99
0.0714285714285714,0.7755102040816326,28.89
0.0714285714285714,0.8673469387755102,29.32
0.0714285714285714,0.9591836734693877,36.95
0.0714285714285714,1.0510204081632653,39.410000000000004
0.0714285714285714,1.1428571428571428,33.44
0.0714285714285714,1.2346938775510203,50.04
0.0714285714285714,1.3265306122448979,36.81
0.0714285714285714,1.4183673469387754,42.82
0.0714285714285714,1.5102040816326532,38.96
0.0714285714285714,1.6020408163265307,39.83
0.0714285714285714,1.6938775510204083,41.34
0.0714285714285714,1.7857142857142858,43.34
0.0714285714285714,1.8775510204081634,45.87
0.0714285714285714,1.969387755102041,28.13
0.0714285714285714,2.0612244897959187,26.73
0.0714285714285714,2.1530612244897958,17.580000000000002
0.0714285714285714,2.2448979591836737,32.79
0.0714285714285714,2.336734693877551,32.14
0.0714285714285714,2.428571428571429,20.04
0.0714285714285714,2.5204081632653064,16.330000000000002
0.0714285714285714,2.612244897959184,11.85
0.0714285714285714,2.7040816326530615,12.09
0.0714285714285714,2.795918367346939,6.83
0.0714285714285714,2.8877551020408165,6.75
0.0714285714285714,2.979591836734694,6.69
0.0714285714285714,3.0714285714285716,6.59
0.0714285714285714,3.163265306122449,6.44
0.0714285714285714,3.2551020408163267,6.22
0.0714285714285714,3.3469387755102042,5.94
0.0714285714285714,3.438775510204082,5.57
0.0714285714285714,3.5306122448979593,5.04
0.0714285714285714,3.622448979591837,4.0
0.0714285714285714,3.7142857142857144,3.37
0.0714285714285714,3.806122448979592,3.29
0.0714285714285714,3.8979591836734695,3.21
0.0714285714285714,3.989795918367347,3.13
0.0714285714285714,4.081632653061225,3.0700000000000003
0.0714285714285714,4.173469387755102,3.0100000000000002
0.0714285714285714,4.26530612244898,2.93
0.0714285714285714,4.357142857142858,2.87
0.0714285714285714,4.448979591836735,2.81
0.0714285714285714,4.540816326530613,2.75
0.0714285714285714,4.63265306122449,2.71
0.0714285714285714,4.724489795918368,2.65
0.0714285714285714,4.816326530612245,2.59
0.0714285714285714,4.908163265306123,2.5500000000000003
0.0714285714285714,5.0,2.5100000000000002
0.11224489795918358,0.5,50.49
0.11224489795918358,0.5918367346938775,37.56
0.11224489795918358,0.6836734693877551,59.79
0.11224489795918358,0.7755102040816326,29.29
0.11224489795918358,0.8673469387755102,29.28
0.11224489795918358,0.9591836734693877,36.81
0.11224489795918358,1.0510204081632653,39.42
0.11224489795918358,1.1428571428571428,33.27
0.11224489795918358,1.2346938775510203,48.64
0.11224489795918358,1.3265306122448979,36.74
0.11224489795918358,1.4183673469387754,42.68
0.11224489795918358,1.5102040816326532,38.82
0.11224489795918358,1.6020408163265307,39.82
0.11224489795918358,1.6938775510204083,41.31
0.11224489795918358,1.7857142857142858,43.14
0.11224489795918358,1.8775510204081634,44.18
0.11224489795918358,1.969387755102041,28.59
0.11224489795918358,2.0612244897959187,26.2
0.11224489795918358,2.1530612244897958,21.66
0.11224489795918358,2.2448979591836737,23.66
0.11224489795918358,2.336734693877551,31.78
0.11224489795918358,2.428571428571429,19.55
0.11224489795918358,2.5204081632653064,15.620000000000001
0.11224489795918358,2.612244897959184,11.41
0.11224489795918358,2.7040816326530615,11.6
0.11224489795918358,2.795918367346939,6.76
0.11224489795918358,2.8877551020408165,6.58
0.11224489795918358,2.979591836734694,6.48
0.11224489795918358,3.0714285714285716,6.4
0.11224489795918358,3.163265306122449,6.29
0.11224489795918358,3.2551020408163267,6.13
0.11224489795918358,3.3469387755102042,5.94
0.11224489795918358,3.438775510204082,5.69
0.11224489795918358,3.5306122448979593,5.37
0.11224489795918358,3.622448979591837,4.94
0.11224489795918358,3.7142857142857144,4.32
0.11224489795918358,3.806122448979592,3.29
0.11224489795918358,3.8979591836734695,3.21
0.11224489795918358,3.989795918367347,3.13
0.11224489795918358,4.081632653061225,3.0700000000000003
0.11224489795918358,4.173469387755102,3.0100000000000002
0.11224489795918358,4.26530612244898,2.93
0.11224489795918358,4.357142857142858,2.87
0.11224489795918358,4.448979591836735,2.81
0.11224489795918358,4.540816326530613,2.75
0.11224489795918358,4.63265306122449,2.71
0.11224489795918358,4.724489795918368,2.65
0.11224489795918358,4.816326530612245,2.59
0.11224489795918358,4.908163265306123,2.5500000000000003
0.11224489795918358,5.0,2.5100000000000002
0.15306122448979587,0.5,47.38
0.15306122448979587,0.5918367346938775,37.56
0.15306122448979587,0.6836734693877551,54.480000000000004
0.15306122448979587,0.7755102040816326,29.82
0.15306122448979587,0.8673469387755102,29.27
0.15306122448979587,0.9591836734693877,36.38
0.15306122448979587,1.0510204081632653,39.39
0.15306122448979587,1.1428571428571428,32.56
0.15306122448979587,1.2346938775510203,48.51
0.15306122448979587,1.3265306122448979,36.67
0.15306122448979587,1.4183673469387754,42.52
0.15306122448979587,1.5102040816326532,38.68
0.15306122448979587,1.6020408163265307,39.81
0.15306122448979587,1.6938775510204083,41.27
0.15306122448979587,1.7857142857142858,42.980000000000004
0.15306122448979587,1.8775510204081634,43.07
0.15306122448979587,1.969387755102041,26.150000000000002
0.15306122448979587,2.0612244897959187,25.79
0.15306122448979587,2.1530612244897958,23.77
0.15306122448979587,2.2448979591836737,18.09
0.15306122448979587,2.336734693877551,31.13
0.15306122448979587,2.428571428571429,23.05
0.15306122448979587,2.5204081632653064,15.25
0.15306122448979587,2.612244897959184,15.57
0.15306122448979587,2.7040816326530615,11.15
0.15306122448979587,2.795918367346939,11.31
0.15306122448979587,2.8877551020408165,6.48
0.15306122448979587,2.979591836734694,6.32
0.15306122448979587,3.0714285714285716,6.23
0.15306122448979587,3.163265306122449,6.13
0.15306122448979587,3.2551020408163267,6.0
0.15306122448979587,3.3469387755102042,5.8500000000000005
0.15306122448979587,3.438775510204082,5.67
0.15306122448979587,3.5306122448979593,5.44
0.15306122448979587,3.622448979591837,5.15
0.15306122448979587,3.7142857142857144,4.82
0.15306122448979587,3.806122448979592,4.32
0.15306122448979587,3.8979591836734695,3.21
0.15306122448979587,3.989795918367347,3.13
0.15306122448979587,4.081632653061225,3.0700000000000003
0.15306122448979587,4.173469387755102,3.0100000000000002
0.15306122448979587,4.26530612244898,2.93
0.15306122448979587,4.357142857142858,2.87
0.15306122448979587,4.448979591836735,2.81
0.15306122448979587,4.540816326530613,2.75
0.15306122448979587,4.63265306122449,2.71
0.15306122448979587,4.724489795918368,2.65
0.15306122448979587,4.816326530612245,2.59
0.15306122448979587,4.908163265306123,2.5500000000000003
0.15306122448979587,5.0,2.5100000000000002
0.19387755102040816,0.5,47.02
0.19387755102040816,0.5918367346938775,37.52
0.19387755102040816,0.6836734693877551,52.82
0.19387755102040816,0.7755102040816326,29.98
0.19387755102040816,0.8673469387755102,29.3
0.19387755102040816,0.9591836734693877,36.14
0.19387755102040816,1.0510204081632653,39.32
0.19387755102040816,1.1428571428571428,28.89
0.19387755102040816,1.2346938775510203,47.85
0.19387755102040816,1.3265306122448979,36.61
0.19387755102040816,1.4183673469387754,42.11
0.19387755102040816,1.5102040816326532,38.56
0.19387755102040816,1.6020408163265307,39.800000000000004
0.19387755102040816,1.6938775510204083,41.22
0.19387755102040816,1.7857142857142858,42.86
0.19387755102040816,1.8775510204081634,42.5
0.19387755102040816,1.969387755102041,25.650000000000002
0.19387755102040816,2.0612244897959187,25.05
0.19387755102040816,2.1530612244897958,23.09
0.19387755102040816,2.2448979591836737,16.89
0.19387755102040816,2.336734693877551,26.73
0.19387755102040816,2.428571428571429,26.44
0.19387755102040816,2.5204081632653064,18.77
0.19387755102040816,2.612244897959184,15.01
0.19387755102040816,2.7040816326530615,10.84
0.19387755102040816,2.795918367346939,10.92
0.19387755102040816,2.8877551020408165,6.45
0.19387755102040816,2.979591836734694,6.22
0.19387755102040816,3.0714285714285716,6.08
0.19387755102040816,3.163265306122449,5.98
0.19387755102040816,3.2551020408163267,5.87
0.19387755102040816,3.3469387755102042,5.74
0.19387755102040816,3.438775510204082,5.59
0.19387755102040816,3.5306122448979593,5.41
0.19387755102040816,3.622448979591837,5.2
0.19387755102040816,3.7142857142857144,4.96
0.19387755102040816,3.806122448979592,4.65
0.19387755102040816,3.8979591836734695,4.22
0.19387755102040816,3.989795918367347,3.13
0.19387755102040816,4.081632653061225,3.0700000000000003
0.19387755102040816,4.173469387755102,3.0100000000000002
0.19387755102040816,4.26530612244898,2.93
0.19387755102040816,4.357142857142858,2.87
0.19387755102040816,4.448979591836735,2.81
0.19387755102040816,4.540816326530613,2.75
0.19387755102040816,4.63265306122449,2.71
0.19387755102040816,4.724489795918368,2.65
0.19387755102040816,4.816326530612245,2.59
0.19387755102040816,4.908163265306123,2.5500000000000003
0.19387755102040816,5.0,2.5100000000000002
0.23469387755102034,0.5,46.65
0.23469387755102034,0.5918367346938775,37.43
0.23469387755102034,0.6836734693877551,51.03
0.23469387755102034,0.7755102040816326,30.09
0.23469387755102034,0.8673469387755102,29.43
0.23469387755102034,0.9591836734693877,35.87
0.23469387755102034,1.0510204081632653,39.22
0.23469387755102034,1.1428571428571428,28.72
0.23469387755102034,1.2346938775510203,47.75
0.23469387755102034,1.3265306122448979,36.550000000000004
0.23469387755102034,1.4183673469387754,41.88
0.23469387755102034,1.5102040816326532,38.44
0.23469387755102034,1.6020408163265307,39.78
0.23469387755102034,1.6938775510204083,41.15
0.23469387755102034,1.7857142857142858,42.76
0.23469387755102034,1.8775510204081634,42.13
0.23469387755102034,1.969387755102041,27.7
0.23469387755102034,2.0612244897959187,23.86
0.23469387755102034,2.1530612244897958,23.0
0.23469387755102034,2.2448979591836737,20.3
0.23469387755102034,2.336734693877551,18.45
0.23469387755102034,2.428571428571429,26.18
0.23469387755102034,2.5204081632653064,18.63
0.23469387755102034,2.612244897959184,14.620000000000001
0.23469387755102034,2.7040816326530615,14.77
0.23469387755102034,2.795918367346939,10.59
0.23469387755102034,2.8877551020408165,10.63
0.23469387755102034,2.979591836734694,6.18
0.23469387755102034,3.0714285714285716,5.98
0.23469387755102034,3.163265306122449,5.8500000000000005
0.23469387755102034,3.2551020408163267,5.74
0.23469387755102034,3.3469387755102042,5.63
0.23469387755102034,3.438775510204082,5.5
0.23469387755102034,3.5306122448979593,5.3500000000000005
0.23469387755102034,3.622448979591837,5.17
0.23469387755102034,3.7142857142857144,4.98
0.23469387755102034,3.806122448979592,4.76
0.23469387755102034,3.8979591836734695,4.47
0.23469387755102034,3.989795918367347,4.08
0.23469387755102034,4.081632653061225,3.0700000000000003
0.23469387755102034,4.173469387755102,3.0100000000000002
0.23469387755102034,4.26530612244898,2.93
0.23469387755102034,4.357142857142858,2.87
0.23469387755102034,4.448979591836735,2.81
0.23469387755102034,4.540816326530613,2.75
0.23469387755102034,4.63265306122449,2.71
0.23469387755102034,4.724489795918368,2.65
0.23469387755102034,4.816326530612245,2.59
0.23469387755102034,4.908163265306123,2.5500000000000003
0.23469387755102034,5.0,2.5100000000000002
0.2755102040816326,0.5,46.18
0.2755102040816326,0.5918367346938775,36.83
0.2755102040816326,0.6836734693877551,48.51
0.2755102040816326,0.7755102040816326,30.17
0.2755102040816326,0.8673469387755102,30.61
0.2755102040816326,0.9591836734693877,35.52
0.2755102040816326,1.0510204081632653,39.050000000000004
0.2755102040816326,1.1428571428571428,28.63
0.2755102040816326,1.2346938775510203,47.65
0.2755102040816326,1.3265306122448979,36.5
0.2755102040816326,1.4183673469387754,41.72
0.2755102040816326,1.5102040816326532,38.34
0.2755102040816326,1.6020408163265307,39.76
0.2755102040816326,1.6938775510204083,40.82
0.2755102040816326,1.7857142857142858,42.63
0.2755102040816326,1.8775510204081634,41.4
0.2755102040816326,1.969387755102041,26.86
0.2755102040816326,2.0612244897959187,23.16
0.2755102040816326,2.1530612244897958,24.87
0.2755102040816326,2.2448979591836737,20.38
0.2755102040816326,2.336734693877551,17.04
0.2755102040816326,2.428571428571429,22.34
0.2755102040816326,2.5204081632653064,21.86
0.2755102040816326,2.612244897959184,18.06
0.2755102040816326,2.7040816326530615,14.3
0.2755102040816326,2.795918367346939,10.370000000000001
0.2755102040816326,2.8877551020408165,10.31
0.2755102040816326,2.979591836734694,10.31
0.2755102040816326,3.0714285714285716,5.92
0.2755102040816326,3.163265306122449,5.76
0.2755102040816326,3.2551020408163267,5.63
0.2755102040816326,3.3469387755102042,5.5200000000000005
0.2755102040816326,3.438775510204082,5.41
0.2755102040816326,3.5306122448979593,5.2700000000000005
0.2755102040816326,3.622448979591837,5.12
0.2755102040816326,3.7142857142857144,4.96
0.2755102040816326,3.806122448979592,4.78
0.2755102040816326,3.8979591836734695,4.5600000000000005
0.2755102040816326,3.989795918367347,4.29
0.2755102040816326,4.081632653061225,3.94
0.2755102040816326,4.173469387755102,3.0100000000000002
0.2755102040816326,4.26530612244898,2.93
0.2755102040816326,4.357142857142858,2.87
0.2755102040816326,4.448979591836735,2.81
0.2755102040816326,4.540816326530613,2.75
0.2755102040816326,4.63265306122449,2.71
0.2755102040816326,4.724489795918368,2.65
0.2755102040816326,4.816326530612245,2.59
0.2755102040816326,4.908163265306123,2.5500000000000003
0.2755102040816326,5.0,2.5100000000000002
0.3163265306122448,0.5,45.28
0.3163265306122448,0.5918367346938775,36.6
0.3163265306122448,0.6836734693877551,44.46
0.3163265306122448,0.7755102040816326,30.240000000000002
0.3163265306122448,0.8673469387755102,31.2
0.3163265306122448,0.9591836734693877,35.1
0.3163265306122448,1.0510204081632653,38.46
0.3163265306122448,1.1428571428571428,28.57
0.3163265306122448,1.2346938775510203,47.56
0.3163265306122448,1.3265306122448979,36.46
0.3163265306122448,1.4183673469387754,41.57
0.3163265306122448,1.5102040816326532,38.24
0.3163265306122448,1.6020408163265307,39.730000000000004
0.3163265306122448,1.6938775510204083,40.71
0.3163265306122448,1.7857142857142858,42.21
0.3163265306122448,1.8775510204081634,41.1
0.3163265306122448,1.969387755102041,28.580000000000002
0.3163265306122448,2.0612244897959187,25.93
0.3163265306122448,2.1530612244897958,24.61
0.3163265306122448,2.2448979591836737,22.3
0.3163265306122448,2.336734693877551,16.330000000000002
0.3163265306122448,2.428571428571429,18.16
0.3163265306122448,2.5204081632653064,21.69
0.3163265306122448,2.612244897959184,17.76
0.3163265306122448,2.7040816326530615,14.02
0.3163265306122448,2.795918367346939,14.05
0.3163265306122448,2.8877551020408165,10.07
0.3163265306122448,2.979591836734694,10.01
0.3163265306122448,3.0714285714285716,5.89
0.3163265306122448,3.163265306122449,5.69
0.3163265306122448,3.2551020408163267,5.54
0.3163265306122448,3.3469387755102042,5.42
0.3163265306122448,3.438775510204082,5.32
0.3163265306122448,3.5306122448979593,5.19
0.3163265306122448,3.622448979591837,5.0600000000000005
0.3163265306122448,3.7142857142857144,4.92
0.3163265306122448,3.806122448979592,4.76
0.3163265306122448,3.8979591836734695,4.58
0.3163265306122448,3.989795918367347,4.36
0.3163265306122448,4.081632653061225,4.12
0.3163265306122448,4.173469387755102,3.79
0.3163265306122448,4.26530612244898,2.93
0.3163265306122448,4.357142857142858,2.87
0.3163265306122448,4.448979591836735,2.81
0.3163265306122448,4.540816326530613,2.75
0.3163265306122448,4.63265306122449,2.71
0.3163265306122448,4.724489795918368,2.65
0.3163265306122448,4.816326530612245,2.59
0.3163265306122448,4.908163265306123,2.5500000000000003
0.3163265306122448,5.0,2.5100000000000002
0.3571428571428571,0.5,44.13
0.3571428571428571,0.5918367346938775,36.4
0.3571428571428571,0.6836734693877551,43.54
0.3571428571428571,0.7755102040816326,30.32
0.3571428571428571,0.8673469387755102,31.650000000000002
0.3571428571428571,0.9591836734693877,34.64
0.3571428571428571,1.0510204081632653,38.22
0.3571428571428571,1.1428571428571428,28.54
0.3571428571428571,1.2346938775510203,47.45
0.3571428571428571,1.3265306122448979,36.42
0.3571428571428571,1.4183673469387754,41.4
0.3571428571428571,1.5102040816326532,38.15
0.3571428571428571,1.6020408163265307,39.68
0.3571428571428571,1.6938775510204083,40.62
0.3571428571428571,1.7857142857142858,42.1
0.3571428571428571,1.8775510204081634,40.85
0.3571428571428571,1.969387755102041,29.32
0.3571428571428571,2.0612244897959187,25.97
0.3571428571428571,2.1530612244897958,24.34
0.3571428571428571,2.2448979591836737,21.990000000000002
0.3571428571428571,2.336734693877551,19.41
0.3571428571428571,2.428571428571429,17.01
0.3571428571428571,2.5204081632653064,21.32
0.3571428571428571,2.612244897959184,17.67
0.3571428571428571,2.7040816326530615,17.31
0.3571428571428571,2.795918367346939,13.67
0.3571428571428571,2.8877551020408165,9.91
0.3571428571428571,2.979591836734694,9.77
0.3571428571428571,3.0714285714285716,9.73
0.3571428571428571,3.163265306122449,5.65
0.3571428571428571,3.2551020408163267,5.48
0.3571428571428571,3.3469387755102042,5.34
0.3571428571428571,3.438775510204082,5.23
0.3571428571428571,3.5306122448979593,5.11
0.3571428571428571,3.622448979591837,4.99
0.3571428571428571,3.7142857142857144,4.86
0.3571428571428571,3.806122448979592,4.72
0.3571428571428571,3.8979591836734695,4.57
0.3571428571428571,3.989795918367347,4.38
0.3571428571428571,4.081632653061225,4.19
0.3571428571428571,4.173469387755102,3.96
0.3571428571428571,4.26530612244898,3.5500000000000003
0.3571428571428571,4.357142857142858,2.87
0.3571428571428571,4.448979591836735,2.81
0.3571428571428571,4.540816326530613,2.75
0.3571428571428571,4.63265306122449,2.71
0.3571428571428571,4.724489795918368,2.65
0.3571428571428571,4.816326530612245,2.59
0.3571428571428571,4.908163265306123,2.5500000000000003
0.3571428571428571,5.0,2.5100000000000002
0.3979591836734693,0.5,43.88
0.3979591836734693,0.5918367346938775,35.81
0.3979591836734693,0.6836734693877551,43.050000000000004
0.3979591836734693,0.7755102040816326,30.42
0.3979591836734693,0.8673469387755102,32.02
0.3979591836734693,0.9591836734693877,31.54
0.3979591836734693,1.0510204081632653,37.95
0.3979591836734693,1.1428571428571428,28.54
0.3979591836734693,1.2346938775510203,47.32
0.3979591836734693,1.3265306122448979,36.38
0.3979591836734693,1.4183673469387754,41.2
0.3979591836734693,1.5102040816326532,38.07
0.3979591836734693,1.6020408163265307,39.63
0.3979591836734693,1.6938775510204083,40.53
0.3979591836734693,1.7857142857142858,42.0
0.3979591836734693,1.8775510204081634,40.65
0.3979591836734693,1.969387755102041,9.65
0.3979591836734693,2.0612244897959187,25.51
0.3979591836734693,2.1530612244897958,23.92
0.3979591836734693,2.2448979591836737,21.92
0.3979591836734693,2.336734693877551,19.42
0.3979591836734693,2.428571428571429,16.080000000000002
0.3979591836734693,2.5204081632653064,17.42
0.3979591836734693,2.612244897959184,20.72
0.3979591836734693,2.7040816326530615,17.06
0.3979591836734693,2.795918367346939,13.44
0.3979591836734693,2.8877551020408165,13.370000000000001
0.3979591836734693,2.979591836734694,9.6
0.3979591836734693,3.0714285714285716,9.5
0.3979591836734693,3.163265306122449,9.43
0.3979591836734693,3.2551020408163267,5.44
0.3979591836734693,3.3469387755102042,5.28
0.3979591836734693,3.438775510204082,5.15
0.3979591836734693,3.5306122448979593,5.04
0.3979591836734693,3.622448979591837,4.92
0.3979591836734693,3.7142857142857144,4.8100000000000005
0.3979591836734693,3.806122448979592,4.68
0.3979591836734693,3.8979591836734695,4.54
0.3979591836734693,3.989795918367347,4.38
0.3979591836734693,4.081632653061225,4.22
0.3979591836734693,4.173469387755102,4.03
0.3979591836734693,4.26530612244898,3.75
0.3979591836734693,4.357142857142858,3.2800000000000002
0.3979591836734693,4.448979591836735,2.81
0.3979591836734693,4.540816326530613,2.75
0.3979591836734693,4.63265306122449,2.71
0.3979591836734693,4.724489795918368,2.65
0.3979591836734693,4.816326530612245,2.59
0.3979591836734693,4.908163265306123,2.5500000000000003
0.3979591836734693,5.0,2.5100000000000002
0.43877551020408156,0.5,43.660000000000004
0.43877551020408156,0.5918367346938775,35.58
0.43877551020408156,0.6836734693877551,42.9
0.43877551020408156,0.7755102040816326,30.560000000000002
0.43877551020408156,0.8673469387755102,32.31
0.43877551020408156,0.9591836734693877,27.82
0.43877551020408156,1.0510204081632653,37.57
0.43877551020408156,1.1428571428571428,28.54
0.43877551020408156,1.2346938775510203,47.160000000000004
0.43877551020408156,1.3265306122448979,36.35
0.43877551020408156,1.4183673469387754,40.93
0.43877551020408156,1.5102040816326532,37.980000000000004
0.43877551020408156,1.6020408163265307,39.56
0.43877551020408156,1.6938775510204083,40.44
0.43877551020408156,1.7857142857142858,41.9
0.43877551020408156,1.8775510204081634,40.46
0.43877551020408156,1.969387755102041,47.160000000000004
0.43877551020408156,2.0612244897959187,24.91
0.43877551020408156,2.1530612244897958,22.98
0.43877551020408156,2.2448979591836737,23.7
0.43877551020408156,2.336734693877551,19.240000000000002
0.43877551020408156,2.428571428571429,15.8
0.43877551020408156,2.5204081632653064,16.61
0.43877551020408156,2.612244897959184,20.44
0.43877551020408156,2.7040816326530615,16.93
0.43877551020408156,2.795918367346939,13.34
0.43877551020408156,2.8877551020408165,13.08
0.43877551020408156,2.979591836734694,9.5
0.43877551020408156,3.0714285714285716,9.31
0.43877551020408156,3.163265306122449,9.22
0.43877551020408156,3.2551020408163267,5.41
0.43877551020408156,3.3469387755102042,5.23
0.43877551020408156,3.438775510204082,5.09
0.43877551020408156,3.5306122448979593,4.97
0.43877551020408156,3.622448979591837,4.8500000000000005
0.43877551020408156,3.7142857142857144,4.75
0.43877551020408156,3.806122448979592,4.63
0.43877551020408156,3.8979591836734695,4.5
0.43877551020408156,3.989795918367347,4.36
0.43877551020408156,4.081632653061225,4.22
0.43877551020408156,4.173469387755102,4.0600000000000005
0.43877551020408156,4.26530612244898,3.84
0.43877551020408156,4.357142857142858,3.5700000000000003
0.43877551020408156,4.448979591836735,2.81
0.43877551020408156,4.540816326530613,2.75
0.43877551020408156,4.63265306122449,2.71
0.43877551020408156,4.724489795918368,2.65
0.43877551020408156,4.816326530612245,2.59
0.43877551020408156,4.908163265306123,2.5500000000000003
0.43877551020408156,5.0,2.5100000000000002
0.47959183673469385,0.5,43.45
0.47959183673469385,0.5918367346938775,35.42
0.47959183673469385,0.6836734693877551,42.96
0.47959183673469385,0.7755102040816326,30.76
0.47959183673469385,0.8673469387755102,32.53
0.47959183673469385,0.9591836734693877,27.51
0.47959183673469385,1.0510204081632653,31.41
0.47959183673469385,1.1428571428571428,28.57
0.47959183673469385,1.2346938775510203,46.95
0.47959183673469385,1.3265306122448979,36.32
0.47959183673469385,1.4183673469387754,40.07
0.47959183673469385,1.5102040816326532,37.89
0.47959183673469385,1.6020408163265307,39.43
0.47959183673469385,1.6938775510204083,40.34
0.47959183673469385,1.7857142857142858,41.800000000000004
0.47959183673469385,1.8775510204081634,39.9
0.47959183673469385,1.969387755102041,45.29
0.47959183673469385,2.0612244897959187,24.64
0.47959183673469385,2.1530612244897958,22.41
0.47959183673469385,2.2448979591836737,23.47
0.47959183673469385,2.336734693877551,21.18
0.47959183673469385,2.428571428571429,18.68
0.47959183673469385,2.5204081632653064,15.860000000000001
0.47959183673469385,2.612244897959184,16.830000000000002
0.47959183673469385,2.7040816326530615,16.77
0.47959183673469385,2.795918367346939,16.37
0.47959183673469385,2.8877551020408165,12.88
0.47959183673469385,2.979591836734694,12.75
0.47959183673469385,3.0714285714285716,9.18
0.47959183673469385,3.163265306122449,9.040000000000001
0.47959183673469385,3.2551020408163267,8.94
0.47959183673469385,3.3469387755102042,5.19
0.47959183673469385,3.438775510204082,5.04
0.47959183673469385,3.5306122448979593,4.91
0.47959183673469385,3.622448979591837,4.79
0.47959183673469385,3.7142857142857144,4.69
0.47959183673469385,3.806122448979592,4.58
0.47959183673469385,3.8979591836734695,4.46
0.47959183673469385,3.989795918367347,4.33
0.47959183673469385,4.081632653061225,4.2
0.47959183673469385,4.173469387755102,4.0600000000000005
0.47959183673469385,4.26530612244898,3.87
0.47959183673469385,4.357142857142858,3.67
0.47959183673469385,4.448979591836735,3.37
0.47959183673469385,4.540816326530613,2.75
0.47959183673469385,4.63265306122449,2.71
0.47959183673469385,4.724489795918368,2.65
0.47959183673469385,4.816326530612245,2.59
0.47959183673469385,4.908163265306123,2.5500000000000003
0.47959183673469385,5.0,2.5100000000000002
0.5204081632653061,0.5,43.17
0.5204081632653061,0.5918367346938775,35.28
0.5204081632653061,0.6836734693877551,43.11
0.5204081632653061,0.7755102040816326,31.03
0.5204081632653061,0.8673469387755102,26.3
0.5204081632653061,0.9591836734693877,27.23
0.5204081632653061,1.0510204081632653,31.17
0.5204081632653061,1.1428571428571428,30.94
0.5204081632653061,1.2346938775510203,44.27
0.5204081632653061,1.3265306122448979,36.29
0.5204081632653061,1.4183673469387754,39.17
0.5204081632653061,1.5102040816326532,37.76
0.5204081632653061,1.6020408163265307,39.15
0.5204081632653061,1.6938775510204083,40.25
0.5204081632653061,1.7857142857142858,38.19
0.5204081632653061,1.8775510204081634,39.730000000000004
0.5204081632653061,1.969387755102041,44.1
0.5204081632653061,2.0612244897959187,26.22
0.5204081632653061,2.1530612244897958,23.330000000000002
0.5204081632653061,2.2448979591836737,23.29
0.5204081632653061,2.336734693877551,21.01
0.5204081632653061,2.428571428571429,18.62
0.5204081632653061,2.5204081632653064,15.36
0.5204081632653061,2.612244897959184,16.15
0.5204081632653061,2.7040816326530615,16.46
0.5204081632653061,2.795918367346939,16.2
0.5204081632653061,2.8877551020408165,12.77
0.5204081632653061,2.979591836734694,12.530000000000001
0.5204081632653061,3.0714285714285716,9.09
0.5204081632653061,3.163265306122449,8.9
0.5204081632653061,3.2551020408163267,8.77
0.5204081632653061,3.3469387755102042,5.17
0.5204081632653061,3.438775510204082,5.0
0.5204081632653061,3.5306122448979593,4.87
0.5204081632653061,3.622448979591837,4.74
0.5204081632653061,3.7142857142857144,4.63
0.5204081632653061,3.806122448979592,4.53
0.5204081632653061,3.8979591836734695,4.42
0.5204081632653061,3.989795918367347,4.3
0.5204081632653061,4.081632653061225,4.18
0.5204081632653061,4.173469387755102,4.05
0.5204081632653061,4.26530612244898,3.89
0.5204081632653061,4.357142857142858,3.71
0.5204081632653061,4.448979591836735,3.49
0.5204081632653061,4.540816326530613,3.02
0.5204081632653061,4.63265306122449,2.71
0.5204081632653061,4.724489795918368,2.65
0.5204081632653061,4.816326530612245,2.59
0.5204081632653061,4.908163265306123,2.5500000000000003
0.5204081632653061,5.0,2.5100000000000002
0.5612244897959182,0.5,42.56
0.5612244897959182,0.5918367346938775,35.160000000000004
0.5612244897959182,0.6836734693877551,43.37
0.5612244897959182,0.7755102040816326,31.580000000000002
0.5612244897959182,0.8673469387755102,23.26
0.5612244897959182,0.9591836734693877,26.94
0.5612244897959182,1.0510204081632653,30.93
0.5612244897959182,1.1428571428571428,30.970000000000002
0.5612244897959182,1.2346938775510203,44.18
0.5612244897959182,1.3265306122448979,36.27
0.5612244897959182,1.4183673469387754,38.96
0.5612244897959182,1.5102040816326532,37.5
0.5612244897959182,1.6020408163265307,39.050000000000004
0.5612244897959182,1.6938775510204083,40.15
0.5612244897959182,1.7857142857142858,38.07
0.5612244897959182,1.8775510204081634,39.58
0.5612244897959182,1.969387755102041,43.52
0.5612244897959182,2.0612244897959187,25.88
0.5612244897959182,2.1530612244897958,24.650000000000002
0.5612244897959182,2.2448979591836737,23.150000000000002
0.5612244897959182,2.336734693877551,20.98
0.5612244897959182,2.428571428571429,18.44
0.5612244897959182,2.5204081632653064,15.290000000000001
0.5612244897959182,2.612244897959184,15.47
0.5612244897959182,2.7040816326530615,16.03
0.5612244897959182,2.795918367346939,16.03
0.5612244897959182,2.8877551020408165,15.72
0.5612244897959182,2.979591836734694,12.38
0.5612244897959182,3.0714285714285716,12.21
0.5612244897959182,3.163265306122449,8.790000000000001
0.5612244897959182,3.2551020408163267,8.64
0.5612244897959182,3.3469387755102042,8.53
0.5612244897959182,3.438775510204082,4.98
0.5612244897959182,3.5306122448979593,4.83
0.5612244897959182,3.622448979591837,4.7
0.5612244897959182,3.7142857142857144,4.58
0.5612244897959182,3.806122448979592,4.48
0.5612244897959182,3.8979591836734695,4.38
0.5612244897959182,3.989795918367347,4.26
0.5612244897959182,4.081632653061225,4.16
0.5612244897959182,4.173469387755102,4.04
0.5612244897959182,4.26530612244898,3.89
0.5612244897959182,4.357142857142858,3.73
0.5612244897959182,4.448979591836735,3.5500000000000003
0.5612244897959182,4.540816326530613,3.29
0.5612244897959182,4.63265306122449,2.71
0.5612244897959182,4.724489795918368,2.65
0.5612244897959182,4.816326530612245,2.59
0.5612244897959182,4.908163265306123,2.5500000000000003
0.5612244897959182,5.0,2.5100000000000002
0.6020408163265305,0.5,42.34
0.6020408163265305,0.5918367346938775,35.050000000000004
0.6020408163265305,0.6836734693877551,49.21
0.6020408163265305,0.7755102040816326,32.87
0.6020408163265305,0.8673469387755102,23.07
0.6020408163265305,0.9591836734693877,25.75
0.6020408163265305,1.0510204081632653,30.650000000000002
0.6020408163265305,1.1428571428571428,31.0
0.6020408163265305,1.2346938775510203,44.08
0.6020408163265305,1.3265306122448979,36.25
0.6020408163265305,1.4183673469387754,38.79
0.6020408163265305,1.5102040816326532,37.42
0.6020408163265305,1.6020408163265307,38.97
0.6020408163265305,1.6938775510204083,40.06
0.6020408163265305,1.7857142857142858,37.96
0.6020408163265305,1.8775510204081634,39.44
0.6020408163265305,1.969387755102041,42.71
0.6020408163265305,2.0612244897959187,25.01
0.6020408163265305,2.1530612244897958,24.64
0.6020408163265305,2.2448979591836737,22.72
0.6020408163265305,2.336734693877551,22.64
0.6020408163265305,2.428571428571429,20.42
0.6020408163265305,2.5204081632653064,17.93
0.6020408163265305,2.612244897959184,14.97
0.6020408163265305,2.7040816326530615,15.530000000000001
0.6020408163265305,2.795918367346939,15.790000000000001
0.6020408163265305,2.8877551020408165,15.56
0.6020408163265305,2.979591836734694,12.27
0.6020408163265305,3.0714285714285716,12.02
0.6020408163265305,3.163265306122449,8.72
0.6020408163265305,3.2551020408163267,8.53
0.6020408163265305,3.3469387755102042,8.39
0.6020408163265305,3.438775510204082,8.290000000000001
0.6020408163265305,3.5306122448979593,4.8
0.6020408163265305,3.622448979591837,4.66
0.6020408163265305,3.7142857142857144,4.54
0.6020408163265305,3.806122448979592,4.44
0.6020408163265305,3.8979591836734695,4.33
0.6020408163265305,3.989795918367347,4.23
0.6020408163265305,4.081632653061225,4.13
0.6020408163265305,4.173469387755102,4.0200000000000005
0.6020408163265305,4.26530612244898,3.88
0.6020408163265305,4.357142857142858,3.74
0.6020408163265305,4.448979591836735,3.58
0.6020408163265305,4.540816326530613,3.38
0.6020408163265305,4.63265306122449,3.1
0.6020408163265305,4.724489795918368,2.65
0.6020408163265305,4.816326530612245,2.59
0.6020408163265305,4.908163265306123,2.5500000000000003
0.6020408163265305,5.0,2.5100000000000002
0.6428571428571428,0.5,42.13
0.6428571428571428,0.5918367346938775,34.94
0.6428571428571428,0.6836734693877551,49.35
0.6428571428571428,0.7755102040816326,33.51
0.6428571428571428,0.8673469387755102,22.96
0.6428571428571428,0.9591836734693877,24.72
0.6428571428571428,1.0510204081632653,29.89
0.6428571428571428,1.1428571428571428,31.02
0.6428571428571428,1.2346938775510203,43.980000000000004
0.6428571428571428,1.3265306122448979,36.22
0.6428571428571428,1.4183673469387754,38.64
0.6428571428571428,1.5102040816326532,37.36
0.6428571428571428,1.6020408163265307,38.89
0.6428571428571428,1.6938775510204083,39.96
0.6428571428571428,1.7857142857142858,37.86
0.6428571428571428,1.8775510204081634,39.31
0.6428571428571428,1.969387755102041,42.35
0.6428571428571428,2.0612244897959187,26.51
0.6428571428571428,2.1530612244897958,24.42
0.6428571428571428,2.2448979591836737,22.05
0.6428571428571428,2.336734693877551,22.45
0.6428571428571428,2.428571428571429,20.27
0.6428571428571428,2.5204081632653064,17.86
0.6428571428571428,2.612244897959184,14.8
0.6428571428571428,2.7040816326530615,15.040000000000001
0.6428571428571428,2.795918367346939,15.44
0.6428571428571428,2.8877551020408165,15.38
0.6428571428571428,2.979591836734694,15.120000000000001
0.6428571428571428,3.0714285714285716,11.88
0.6428571428571428,3.163265306122449,11.71
0.6428571428571428,3.2551020408163267,8.45
0.6428571428571428,3.3469387755102042,8.28
0.6428571428571428,3.438775510204082,8.15
0.6428571428571428,3.5306122448979593,4.7700000000000005
0.6428571428571428,3.622448979591837,4.63
0.6428571428571428,3.7142857142857144,4.5
0.6428571428571428,3.806122448979592,4.39
0.6428571428571428,3.8979591836734695,4.29
0.6428571428571428,3.989795918367347,4.19
0.6428571428571428,4.081632653061225,4.09
0.6428571428571428,4.173469387755102,3.99
0.6428571428571428,4.26530612244898,3.86
0.6428571428571428,4.357142857142858,3.74
0.6428571428571428,4.448979591836735,3.59
0.6428571428571428,4.540816326530613,3.42
0.6428571428571428,4.63265306122449,3.22
0.6428571428571428,4.724489795918368,2.65
0.6428571428571428,4.816326530612245,2.59
0.6428571428571428,4.908163265306123,2.5500000000000003
0.6428571428571428,5.0,2.5100000000000002
0.6836734693877551,0.5,41.800000000000004
0.6836734693877551,0.5918367346938775,34.84
0.6836734693877551,0.6836734693877551,49.15
0.6836734693877551,0.7755102040816326,33.82
0.6836734693877551,0.8673469387755102,22.900000000000002
0.6836734693877551,0.9591836734693877,24.48
0.6836734693877551,1.0510204081632653,29.79
0.6836734693877551,1.1428571428571428,31.04
0.6836734693877551,1.2346938775510203,43.85
0.6836734693877551,1.3265306122448979,36.2
0.6836734693877551,1.4183673469387754,38.51
0.6836734693877551,1.5102040816326532,37.300000000000004
0.6836734693877551,1.6020408163265307,38.81
0.6836734693877551,1.6938775510204083,39.87
0.6836734693877551,1.7857142857142858,37.77
0.6836734693877551,1.8775510204081634,39.2
0.6836734693877551,1.969387755102041,42.06
0.6836734693877551,2.0612244897959187,27.52
0.6836734693877551,2.1530612244897958,24.080000000000002
0.6836734693877551,2.2448979591836737,21.900000000000002
0.6836734693877551,2.336734693877551,22.32
0.6836734693877551,2.428571428571429,20.18
0.6836734693877551,2.5204081632653064,17.77
0.6836734693877551,2.612244897959184,17.400000000000002
0.6836734693877551,2.7040816326530615,14.63
0.6836734693877551,2.795918367346939,15.01
0.6836734693877551,2.8877551020408165,15.16
0.6836734693877551,2.979591836734694,14.950000000000001
0.6836734693877551,3.0714285714285716,11.77
0.6836734693877551,3.163265306122449,11.55
0.6836734693877551,3.2551020408163267,11.41
0.6836734693877551,3.3469387755102042,8.18
0.6836734693877551,3.438775510204082,8.040000000000001
0.6836734693877551,3.5306122448979593,7.930000000000001
0.6836734693877551,3.622448979591837,4.6000000000000005
0.6836734693877551,3.7142857142857144,4.47
0.6836734693877551,3.806122448979592,4.36
0.6836734693877551,3.8979591836734695,4.25
0.6836734693877551,3.989795918367347,4.15
0.6836734693877551,4.081632653061225,4.0600000000000005
0.6836734693877551,4.173469387755102,3.97
0.6836734693877551,4.26530612244898,3.84
0.6836734693877551,4.357142857142858,3.73
0.6836734693877551,4.448979591836735,3.59
0.6836734693877551,4.540816326530613,3.44
0.6836734693877551,4.63265306122449,3.2800000000000002
0.6836734693877551,4.724489795918368,2.98
0.6836734693877551,4.816326530612245,2.59
0.6836734693877551,4.908163265306123,2.5500000000000003
0.6836734693877551,5.0,2.5100000000000002
0.7244897959183672,0.5,40.72
0.7244897959183672,0.5918367346938775,34.74
0.7244897959183672,0.6836734693877551,48.730000000000004
0.7244897959183672,0.7755102040816326,33.99
0.7244897959183672,0.8673469387755102,22.92
0.7244897959183672,0.9591836734693877,24.3
0.7244897959183672,1.0510204081632653,29.72
0.7244897959183672,1.1428571428571428,31.060000000000002
0.7244897959183672,1.2346938775510203,43.68
0.7244897959183672,1.3265306122448979,36.18
0.7244897959183672,1.4183673469387754,38.38
0.7244897959183672,1.5102040816326532,37.26
0.7244897959183672,1.6020408163265307,38.72
0.7244897959183672,1.6938775510204083,39.78
0.7244897959183672,1.7857142857142858,37.69
0.7244897959183672,1.8775510204081634,39.09
0.7244897959183672,1.969387755102041,41.47
0.7244897959183672,2.0612244897959187,28.78
0.7244897959183672,2.1530612244897958,25.080000000000002
0.7244897959183672,2.2448979591836737,22.48
0.7244897959183672,2.336734693877551,22.25
0.7244897959183672,2.428571428571429,20.17
0.7244897959183672,2.5204081632653064,19.64
0.7244897959183672,2.612244897959184,17.32
0.7244897959183672,2.7040816326530615,14.370000000000001
0.7244897959183672,2.795918367346939,14.56
0.7244897959183672,2.8877551020408165,14.84
0.7244897959183672,2.979591836734694,14.77
0.7244897959183672,3.0714285714285716,11.69
0.7244897959183672,3.163265306122449,11.43
0.7244897959183672,3.2551020408163267,11.25
0.7244897959183672,3.3469387755102042,8.11
0.7244897959183672,3.438775510204082,7.94
0.7244897959183672,3.5306122448979593,7.82
0.7244897959183672,3.622448979591837,4.58
0.7244897959183672,3.7142857142857144,4.44
0.7244897959183672,3.806122448979592,4.33
0.7244897959183672,3.8979591836734695,4.22
0.7244897959183672,3.989795918367347,4.12
0.7244897959183672,4.081632653061225,4.03
0.7244897959183672,4.173469387755102,3.94
0.7244897959183672,4.26530612244898,3.8200000000000003
0.7244897959183672,4.357142857142858,3.71
0.7244897959183672,4.448979591836735,3.59
0.7244897959183672,4.540816326530613,3.45
0.7244897959183672,4.63265306122449,3.31
0.7244897959183672,4.724489795918368,3.09
0.7244897959183672,4.816326530612245,2.59
0.7244897959183672,4.908163265306123,2.5500000000000003
0.7244897959183672,5.0,2.5100000000000002
0.7653061224489794,0.5,40.58
0.7653061224489794,0.5918367346938775,34.65
0.7653061224489794,0.6836734693877551,48.07
0.7653061224489794,0.7755102040816326,34.04
0.7653061224489794,0.8673469387755102,22.990000000000002
0.7653061224489794,0.9591836734693877,24.150000000000002
0.7653061224489794,1.0510204081632653,29.66
0.7653061224489794,1.1428571428571428,31.07
0.7653061224489794,1.2346938775510203,43.12
0.7653061224489794,1.3265306122448979,36.15
0.7653061224489794,1.4183673469387754,38.25
0.7653061224489794,1.5102040816326532,37.22
0.7653061224489794,1.6020408163265307,38.64
0.7653061224489794,1.6938775510204083,39.7
0.7653061224489794,1.7857142857142858,37.62
0.7653061224489794,1.8775510204081634,38.99
0.7653061224489794,1.969387755102041,41.2
0.7653061224489794,2.0612244897959187,9.49
0.7653061224489794,2.1530612244897958,25.01
0.7653061224489794,2.2448979591836737,23.59
0.7653061224489794,2.336734693877551,22.06
0.7653061224489794,2.428571428571429,21.7
0.7653061224489794,2.5204081632653064,19.45
0.7653061224489794,2.612244897959184,17.18
0.7653061224489794,2.7040816326530615,14.31
0.7653061224489794,2.795918367346939,14.19
0.7653061224489794,2.8877551020408165,14.47
0.7653061224489794,2.979591836734694,14.540000000000001
0.7653061224489794,3.0714285714285716,14.39
0.7653061224489794,3.163265306122449,11.32
0.7653061224489794,3.2551020408163267,11.120000000000001
0.7653061224489794,3.3469387755102042,8.05
0.7653061224489794,3.438775510204082,7.86
0.7653061224489794,3.5306122448979593,7.72
0.7653061224489794,3.622448979591837,7.6000000000000005
0.7653061224489794,3.7142857142857144,4.42
0.7653061224489794,3.806122448979592,4.3
0.7653061224489794,3.8979591836734695,4.19
0.7653061224489794,3.989795918367347,4.08
0.7653061224489794,4.081632653061225,4.0
0.7653061224489794,4.173469387755102,3.91
0.7653061224489794,4.26530612244898,3.8000000000000003
0.7653061224489794,4.357142857142858,3.7
0.7653061224489794,4.448979591836735,3.58
0.7653061224489794,4.540816326530613,3.45
0.7653061224489794,4.63265306122449,3.33
0.7653061224489794,4.724489795918368,3.15
0.7653061224489794,4.816326530612245,2.82
0.7653061224489794,4.908163265306123,2.5500000000000003
0.7653061224489794,5.0,2.5100000000000002
0.8061224489795917,0.5,40.46
0.8061224489795917,0.5918367346938775,34.56
0.8061224489795917,0.6836734693877551,45.480000000000004
0.8061224489795917,0.7755102040816326,34.02
0.8061224489795917,0.8673469387755102,23.080000000000002
0.8061224489795917,0.9591836734693877,24.01
0.8061224489795917,1.0510204081632653,29.62
0.8061224489795917,1.1428571428571428,31.080000000000002
0.8061224489795917,1.2346938775510203,42.980000000000004
0.8061224489795917,1.3265306122448979,36.13
0.8061224489795917,1.4183673469387754,38.09
0.8061224489795917,1.5102040816326532,37.18
0.8061224489795917,1.6020408163265307,38.56
0.8061224489795917,1.6938775510204083,39.61
0.8061224489795917,1.7857142857142858,37.550000000000004
0.8061224489795917,1.8775510204081634,38.88
0.8061224489795917,1.969387755102041,41.0
0.8061224489795917,2.0612244897959187,48.46
0.8061224489795917,2.1530612244897958,25.0
0.8061224489795917,2.2448979591836737,23.67
0.8061224489795917,2.336734693877551,21.62
0.8061224489795917,2.428571428571429,21.57
0.8061224489795917,2.5204081632653064,19.330000000000002
0.8061224489795917,2.612244897959184,17.0
0.8061224489795917,2.7040816326530615,16.71
0.8061224489795917,2.795918367346939,13.950000000000001
0.8061224489795917,2.8877551020408165,14.09
0.8061224489795917,2.979591836734694,14.26
0.8061224489795917,3.0714285714285716,14.22
0.8061224489795917,3.163265306122449,11.23
0.8061224489795917,3.2551020408163267,11.01
0.8061224489795917,3.3469387755102042,10.83
0.8061224489795917,3.438775510204082,7.79
0.8061224489795917,3.5306122448979593,7.640000000000001
0.8061224489795917,3.622448979591837,7.51
0.8061224489795917,3.7142857142857144,4.4
0.8061224489795917,3.806122448979592,4.2700000000000005
0.8061224489795917,3.8979591836734695,4.16
0.8061224489795917,3.989795918367347,4.05
0.8061224489795917,4.081632653061225,3.97
0.8061224489795917,4.173469387755102,3.88
0.8061224489795917,4.26530612244898,3.7800000000000002
0.8061224489795917,4.357142857142858,3.68
0.8061224489795917,4.448979591836735,3.5700000000000003
0.8061224489795917,4.540816326530613,3.45
0.8061224489795917,4.63265306122449,3.34
0.8061224489795917,4.724489795918368,3.18
0.8061224489795917,4.816326530612245,2.95
0.8061224489795917,4.908163265306123,2.5500000000000003
0.8061224489795917,5.0,2.5100000000000002
0.846938775510204,0.5,40.36
0.846938775510204,0.5918367346938775,34.47
0.846938775510204,0.6836734693877551,44.84
0.846938775510204,0.7755102040816326,33.96
0.846938775510204,0.8673469387755102,23.19
0.846938775510204,0.9591836734693877,23.89
0.846938775510204,1.0510204081632653,29.59
0.846938775510204,1.1428571428571428,31.09
0.846938775510204,1.2346938775510203,42.85
0.846938775510204,1.3265306122448979,36.1
0.846938775510204,1.4183673469387754,37.660000000000004
0.846938775510204,1.5102040816326532,37.14
0.846938775510204,1.6020408163265307,38.47
0.846938775510204,1.6938775510204083,39.52
0.846938775510204,1.7857142857142858,37.49
0.846938775510204,1.8775510204081634,38.42
0.846938775510204,1.969387755102041,40.81
0.846938775510204,2.0612244897959187,42.21
0.846938775510204,2.1530612244897958,26.19
0.846938775510204,2.2448979591836737,23.59
0.846938775510204,2.336734693877551,21.31
0.846938775510204,2.428571428571429,21.490000000000002
0.846938775510204,2.5204081632653064,19.3
0.846938775510204,2.612244897959184,19.0
0.846938775510204,2.7040816326530615,16.63
0.846938775510204,2.795918367346939,13.86
0.846938775510204,2.8877551020408165,13.77
0.846938775510204,2.979591836734694,13.950000000000001
0.846938775510204,3.0714285714285716,14.0
0.846938775510204,3.163265306122449,13.86
0.846938775510204,3.2551020408163267,10.9
0.846938775510204,3.3469387755102042,10.71
0.846938775510204,3.438775510204082,7.74
0.846938775510204,3.5306122448979593,7.57
0.846938775510204,3.622448979591837,7.44
0.846938775510204,3.7142857142857144,7.32
0.846938775510204,3.806122448979592,4.25
0.846938775510204,3.8979591836734695,4.13
0.846938775510204,3.989795918367347,4.03
0.846938775510204,4.081632653061225,3.94
0.846938775510204,4.173469387755102,3.85
0.846938775510204,4.26530612244898,3.75
0.846938775510204,4.357142857142858,3.66
0.846938775510204,4.448979591836735,3.56
0.846938775510204,4.540816326530613,3.44
0.846938775510204,4.63265306122449,3.34
0.846938775510204,4.724489795918368,3.19
0.846938775510204,4.816326530612245,3.0100000000000002
0.846938775510204,4.908163265306123,2.5500000000000003
0.846938775510204,5.0,2.5100000000000002
0.8877551020408163,0.5,40.27
0.8877551020408163,0.5918367346938775,34.37
0.8877551020408163,0.6836734693877551,42.19
0.8877551020408163,0.7755102040816326,33.89
0.8877551020408163,0.8673469387755102,23.29
0.8877551020408163,0.9591836734693877,23.77
0.8877551020408163,1.0510204081632653,29.57
0.8877551020408163,1.1428571428571428,31.09
0.8877551020408163,1.2346938775510203,42.7
0.8877551020408163,1.3265306122448979,36.07
0.8877551020408163,1.4183673469387754,37.480000000000004
0.8877551020408163,1.5102040816326532,37.1
0.8877551020408163,1.6020408163265307,38.39
0.8877551020408163,1.6938775510204083,38.99
0.8877551020408163,1.7857142857142858,37.43
0.8877551020408163,1.8775510204081634,38.28
0.8877551020408163,1.969387755102041,40.65
0.8877551020408163,2.0612244897959187,45.08
0.8877551020408163,2.1530612244897958,25.97
0.8877551020408163,2.2448979591836737,23.38
0.8877551020408163,2.336734693877551,21.42
0.8877551020408163,2.428571428571429,21.44
0.8877551020408163,2.5204081632653064,20.93
0.8877551020408163,2.612244897959184,18.88
0.8877551020408163,2.7040816326530615,16.54
0.8877551020408163,2.795918367346939,16.25
0.8877551020408163,2.8877551020408165,13.55
0.8877551020408163,2.979591836734694,13.64
0.8877551020408163,3.0714285714285716,13.75
0.8877551020408163,3.163265306122449,13.69
0.8877551020408163,3.2551020408163267,10.790000000000001
0.8877551020408163,3.3469387755102042,10.6
0.8877551020408163,3.438775510204082,10.44
0.8877551020408163,3.5306122448979593,7.51
0.8877551020408163,3.622448979591837,7.36
0.8877551020408163,3.7142857142857144,7.24
0.8877551020408163,3.806122448979592,4.24
0.8877551020408163,3.8979591836734695,4.11
0.8877551020408163,3.989795918367347,4.0
0.8877551020408163,4.081632653061225,3.91
0.8877551020408163,4.173469387755102,3.83
0.8877551020408163,4.26530612244898,3.73
0.8877551020408163,4.357142857142858,3.64
0.8877551020408163,4.448979591836735,3.54
0.8877551020408163,4.540816326530613,3.44
0.8877551020408163,4.63265306122449,3.34
0.8877551020408163,4.724489795918368,3.2
0.8877551020408163,4.816326530612245,3.04
0.8877551020408163,4.908163265306123,2.83
0.8877551020408163,5.0,2.5100000000000002
0.9285714285714284,0.5,40.18
0.9285714285714284,0.5918367346938775,34.28
0.9285714285714284,0.6836734693877551,41.88
0.9285714285714284,0.7755102040816326,33.85
0.9285714285714284,0.8673469387755102,23.39
0.9285714285714284,0.9591836734693877,23.64
0.9285714285714284,1.0510204081632653,29.55
0.9285714285714284,1.1428571428571428,31.09
0.9285714285714284,1.2346938775510203,42.52
0.9285714285714284,1.3265306122448979,36.03
0.9285714285714284,1.4183673469387754,37.34
0.9285714285714284,1.5102040816326532,37.07
0.9285714285714284,1.6020408163265307,38.31
0.9285714285714284,1.6938775510204083,38.9
0.9285714285714284,1.7857142857142858,37.37
0.9285714285714284,1.8775510204081634,38.18
0.9285714285714284,1.969387755102041,40.51
0.9285714285714284,2.0612244897959187,40.33
0.9285714285714284,2.1530612244897958,25.54
0.9285714285714284,2.2448979591836737,24.51
0.9285714285714284,2.336734693877551,22.43
0.9285714285714284,2.428571428571429,21.3
0.9285714285714284,2.5204081632653064,20.740000000000002
0.9285714285714284,2.612244897959184,18.78
0.9285714285714284,2.7040816326530615,16.48
0.9285714285714284,2.795918367346939,16.15
0.9285714285714284,2.8877551020408165,13.43
0.9285714285714284,2.979591836734694,13.38
0.9285714285714284,3.0714285714285716,13.47
0.9285714285714284,3.163265306122449,13.49
0.9285714285714284,3.2551020408163267,10.68
0.9285714285714284,3.3469387755102042,10.5
0.9285714285714284,3.438775510204082,10.33
0.9285714285714284,3.5306122448979593,7.45
0.9285714285714284,3.622448979591837,7.3
0.9285714285714284,3.7142857142857144,7.16
0.9285714285714284,3.806122448979592,4.22
0.9285714285714284,3.8979591836734695,4.09
0.9285714285714284,3.989795918367347,3.98
0.9285714285714284,4.081632653061225,3.89
0.9285714285714284,4.173469387755102,3.8000000000000003
0.9285714285714284,4.26530612244898,3.7
0.9285714285714284,4.357142857142858,3.62
0.9285714285714284,4.448979591836735,3.52
0.9285714285714284,4.540816326530613,3.42
0.9285714285714284,4.63265306122449,3.33
0.9285714285714284,4.724489795918368,3.21
0.9285714285714284,4.816326530612245,3.06
0.9285714285714284,4.908163265306123,2.89
0.9285714285714284,5.0,2.5100000000000002
0.9693877551020407,0.5,40.09
0.9693877551020407,0.5918367346938775,34.17
0.9693877551020407,0.6836734693877551,41.050000000000004
0.9693877551020407,0.7755102040816326,33.85
0.9693877551020407,0.8673469387755102,23.47
0.9693877551020407,0.9591836734693877,23.45
0.9693877551020407,1.0510204081632653,29.54
0.9693877551020407,1.1428571428571428,31.09
0.9693877551020407,1.2346938775510203,39.93
0.9693877551020407,1.3265306122448979,35.980000000000004
0.9693877551020407,1.4183673469387754,37.22
0.9693877551020407,1.5102040816326532,37.03
0.9693877551020407,1.6020408163265307,38.22
0.9693877551020407,1.6938775510204083,38.83
0.9693877551020407,1.7857142857142858,37.31
0.9693877551020407,1.8775510204081634,38.09
0.9693877551020407,1.969387755102041,40.37
0.9693877551020407,2.0612244897959187,39.94
0.9693877551020407,2.1530612244897958,25.080000000000002
0.9693877551020407,2.2448979591836737,24.36
0.9693877551020407,2.336734693877551,22.73
0.9693877551020407,2.428571428571429,20.97
0.9693877551020407,2.5204081632653064,20.6
0.9693877551020407,2.612244897959184,18.7
0.9693877551020407,2.7040816326530615,18.27
0.9693877551020407,2.795918367346939,16.03
0.9693877551020407,2.8877551020408165,15.77
0.9693877551020407,2.979591836734694,13.17
0.9693877551020407,3.0714285714285716,13.21
0.9693877551020407,3.163265306122449,13.26
0.9693877551020407,3.2551020408163267,10.56
0.9693877551020407,3.3469387755102042,10.41
0.9693877551020407,3.438775510204082,10.23
0.9693877551020407,3.5306122448979593,10.08
0.9693877551020407,3.622448979591837,7.23
0.9693877551020407,3.7142857142857144,7.1000000000000005
0.9693877551020407,3.806122448979592,6.98
0.9693877551020407,3.8979591836734695,4.08
0.9693877551020407,3.989795918367347,3.96
0.9693877551020407,4.081632653061225,3.87
0.9693877551020407,4.173469387755102,3.7800000000000002
0.9693877551020407,4.26530612244898,3.68
0.9693877551020407,4.357142857142858,3.6
0.9693877551020407,4.448979591836735,3.5100000000000002
0.9693877551020407,4.540816326530613,3.41
0.9693877551020407,4.63265306122449,3.3200000000000003
0.9693877551020407,4.724489795918368,3.21
0.9693877551020407,4.816326530612245,3.0700000000000003
0.9693877551020407,4.908163265306123,2.93
0.9693877551020407,5.0,2.69
1.010204081632653,0.5,39.99
1.010204081632653,0.5918367346938775,34.04
1.010204081632653,0.6836734693877551,40.72
1.010204081632653,0.7755102040816326,33.87
1.010204081632653,0.8673469387755102,23.54
1.010204081632653,0.9591836734693877,23.03
1.010204081632653,1.0510204081632653,29.53
1.010204081632653,1.1428571428571428,31.09
1.010204081632653,1.2346938775510203,39.77
1.010204081632653,1.3265306122448979,35.910000000000004
1.010204081632653,1.4183673469387754,37.11
1.010204081632653,1.5102040816326532,36.99
1.010204081632653,1.6020408163265307,38.14
1.010204081632653,1.6938775510204083,38.77
1.010204081632653,1.7857142857142858,37.25
1.010204081632653,1.8775510204081634,38.0
1.010204081632653,1.969387755102041,40.17
1.010204081632653,2.0612244897959187,39.09
1.010204081632653,2.1530612244897958,26.240000000000002
1.010204081632653,2.2448979591836737,24.13
1.010204081632653,2.336734693877551,22.79
1.010204081632653,2.428571428571429,20.7
1.010204081632653,2.5204081632653064,20.53
1.010204081632653,2.612244897959184,20.27
1.010204081632653,2.7040816326530615,18.11
1.010204081632653,2.795918367346939,15.9
1.010204081632653,2.8877551020408165,15.68
1.010204081632653,2.979591836734694,13.040000000000001
1.010204081632653,3.0714285714285716,12.97
1.010204081632653,3.163265306122449,13.02
1.010204081632653,3.2551020408163267,13.0
1.010204081632653,3.3469387755102042,10.31
1.010204081632653,3.438775510204082,10.14
1.010204081632653,3.5306122448979593,9.97
1.010204081632653,3.622448979591837,7.18
1.010204081632653,3.7142857142857144,7.03
1.010204081632653,3.806122448979592,6.91
1.010204081632653,3.8979591836734695,4.0600000000000005
1.010204081632653,3.989795918367347,3.94
1.010204081632653,4.081632653061225,3.85
1.010204081632653,4.173469387755102,3.7600000000000002
1.010204081632653,4.26530612244898,3.66
1.010204081632653,4.357142857142858,3.58
1.010204081632653,4.448979591836735,3.49
1.010204081632653,4.540816326530613,3.4
1.010204081632653,4.63265306122449,3.31
1.010204081632653,4.724489795918368,3.2
1.010204081632653,4.816326530612245,3.08
1.010204081632653,4.908163265306123,2.95
1.010204081632653,5.0,2.77
1.0510204081632653,0.5,39.88
1.0510204081632653,0.5918367346938775,33.82
1.0510204081632653,0.6836734693877551,40.46
1.0510204081632653,0.7755102040816326,33.94
1.0510204081632653,0.8673469387755102,23.6
1.0510204081632653,0.9591836734693877,22.91
1.0510204081632653,1.0510204081632653,29.52
1.0510204081632653,1.1428571428571428,31.080000000000002
1.0510204081632653,1.2346938775510203,39.63
1.0510204081632653,1.3265306122448979,35.56
1.0510204081632653,1.4183673469387754,36.99
1.0510204081632653,1.5102040816326532,36.95
1.0510204081632653,1.6020408163265307,38.06
1.0510204081632653,1.6938775510204083,38.72
1.0510204081632653,1.7857142857142858,37.18
1.0510204081632653,1.8775510204081634,37.92
1.0510204081632653,1.969387755102041,39.72
1.0510204081632653,2.0612244897959187,38.800000000000004
1.0510204081632653,2.1530612244897958,26.080000000000002
1.0510204081632653,2.2448979591836737,24.02
1.0510204081632653,2.336734693877551,22.740000000000002
1.0510204081632653,2.428571428571429,20.7
1.0510204081632653,2.5204081632653064,20.54
1.0510204081632653,2.612244897959184,20.150000000000002
1.0510204081632653,2.7040816326530615,17.990000000000002
1.0510204081632653,2.795918367346939,15.780000000000001
1.0510204081632653,2.8877551020408165,15.57
1.0510204081632653,2.979591836734694,12.98
1.0510204081632653,3.0714285714285716,12.780000000000001
1.0510204081632653,3.163265306122449,12.790000000000001
1.0510204081632653,3.2551020408163267,12.8
1.0510204081632653,3.3469387755102042,10.200000000000001
1.0510204081632653,3.438775510204082,10.040000000000001
1.0510204081632653,3.5306122448979593,9.88
1.0510204081632653,3.622448979591837,9.73
1.0510204081632653,3.7142857142857144,6.98
1.0510204081632653,3.806122448979592,6.8500000000000005
1.0510204081632653,3.8979591836734695,6.74
1.0510204081632653,3.989795918367347,3.92
1.0510204081632653,4.081632653061225,3.83
1.0510204081632653,4.173469387755102,3.74
1.0510204081632653,4.26530612244898,3.64
1.0510204081632653,4.357142857142858,3.5500000000000003
1.0510204081632653,4.448979591836735,3.47
1.0510204081632653,4.540816326530613,3.38
1.0510204081632653,4.63265306122449,3.3000000000000003
1.0510204081632653,4.724489795918368,3.2
1.0510204081632653,4.816326530612245,3.08
1.0510204081632653,4.908163265306123,2.96
1.0510204081632653,5.0,2.81
1.0918367346938773,0.5,39.72
1.0918367346938773,0.5918367346938775,33.480000000000004
1.0918367346938773,0.6836734693877551,40.230000000000004
1.0918367346938773,0.7755102040816326,34.05
1.0918367346938773,0.8673469387755102,23.64
1.0918367346938773,0.9591836734693877,22.81
1.0918367346938773,1.0510204081632653,29.51
1.0918367346938773,1.1428571428571428,31.07
1.0918367346938773,1.2346938775510203,39.46
1.0918367346938773,1.3265306122448979,35.52
1.0918367346938773,1.4183673469387754,36.88
1.0918367346938773,1.5102040816326532,36.910000000000004
1.0918367346938773,1.6020408163265307,37.97
1.0918367346938773,1.6938775510204083,38.660000000000004
1.0918367346938773,1.7857142857142858,36.69
1.0918367346938773,1.8775510204081634,37.85
1.0918367346938773,1.969387755102041,39.6
1.0918367346938773,2.0612244897959187,38.57
1.0918367346938773,2.1530612244897958,27.3
1.0918367346938773,2.2448979591836737,25.28
1.0918367346938773,2.336734693877551,22.59
1.0918367346938773,2.428571428571429,21.02
1.0918367346938773,2.5204081632653064,20.55
1.0918367346938773,2.612244897959184,20.06
1.0918367346938773,2.7040816326530615,17.93
1.0918367346938773,2.795918367346939,17.68
1.0918367346938773,2.8877551020408165,15.44
1.0918367346938773,2.979591836734694,15.200000000000001
1.0918367346938773,3.0714285714285716,12.66
1.0918367346938773,3.163265306122449,12.59
1.0918367346938773,3.2551020408163267,12.6
1.0918367346938773,3.3469387755102042,10.09
1.0918367346938773,3.438775510204082,9.94
1.0918367346938773,3.5306122448979593,9.78
1.0918367346938773,3.622448979591837,9.63
1.0918367346938773,3.7142857142857144,6.92
1.0918367346938773,3.806122448979592,6.79
1.0918367346938773,3.8979591836734695,6.68
1.0918367346938773,3.989795918367347,3.91
1.0918367346938773,4.081632653061225,3.81
1.0918367346938773,4.173469387755102,3.72
1.0918367346938773,4.26530612244898,3.62
1.0918367346938773,4.357142857142858,3.5300000000000002
1.0918367346938773,4.448979591836735,3.45
1.0918367346938773,4.540816326530613,3.37
1.0918367346938773,4.63265306122449,3.29
1.0918367346938773,4.724489795918368,3.19
1.0918367346938773,4.816326530612245,3.08
1.0918367346938773,4.908163265306123,2.97
1.0918367346938773,5.0,2.83
1.1326530612244896,0.5,39.13
1.1326530612244896,0.5918367346938775,33.37
1.1326530612244896,0.6836734693877551,40.02
1.1326530612244896,0.7755102040816326,35.910000000000004
1.1326530612244896,0.8673469387755102,23.68
1.1326530612244896,0.9591836734693877,22.72
1.1326530612244896,1.0510204081632653,29.5
1.1326530612244896,1.1428571428571428,31.060000000000002
1.1326530612244896,1.2346938775510203,39.28
1.1326530612244896,1.3265306122448979,35.49
1.1326530612244896,1.4183673469387754,36.76
1.1326530612244896,1.5102040816326532,36.87
1.1326530612244896,1.6020408163265307,37.88
1.1326530612244896,1.6938775510204083,38.62
1.1326530612244896,1.7857142857142858,36.61
1.1326530612244896,1.8775510204081634,37.78
1.1326530612244896,1.969387755102041,39.49
1.1326530612244896,2.0612244897959187,38.37
1.1326530612244896,2.1530612244897958,29.94
1.1326530612244896,2.2448979591836737,25.18
1.1326530612244896,2.336734693877551,23.71
1.1326530612244896,2.428571428571429,21.77
1.1326530612244896,2.5204081632653064,20.490000000000002
1.1326530612244896,2.612244897959184,20.0
1.1326530612244896,2.7040816326530615,17.91
1.1326530612244896,2.795918367346939,17.56
1.1326530612244896,2.8877551020408165,15.31
1.1326530612244896,2.979591836734694,15.1
1.1326530612244896,3.0714285714285716,12.59
1.1326530612244896,3.163265306122449,12.42
1.1326530612244896,3.2551020408163267,12.41
1.1326530612244896,3.3469387755102042,12.39
1.1326530612244896,3.438775510204082,9.85
1.1326530612244896,3.5306122448979593,9.69
1.1326530612244896,3.622448979591837,9.540000000000001
1.1326530612244896,3.7142857142857144,6.87
1.1326530612244896,3.806122448979592,6.74
1.1326530612244896,3.8979591836734695,6.62
1.1326530612244896,3.989795918367347,6.51
1.1326530612244896,4.081632653061225,3.8000000000000003
1.1326530612244896,4.173469387755102,3.71
1.1326530612244896,4.26530612244898,3.6
1.1326530612244896,4.357142857142858,3.5100000000000002
1.1326530612244896,4.448979591836735,3.43
1.1326530612244896,4.540816326530613,3.35
1.1326530612244896,4.63265306122449,3.2800000000000002
1.1326530612244896,4.724489795918368,3.18
1.1326530612244896,4.816326530612245,3.0700000000000003
1.1326530612244896,4.908163265306123,2.97
1.1326530612244896,5.0,2.85
1.173469387755102,0.5,39.01
1.173469387755102,0.5918367346938775,33.28
1.173469387755102,0.6836734693877551,39.87
1.173469387755102,0.7755102040816326,36.22
1.173469387755102,0.8673469387755102,23.72
1.173469387755102,0.9591836734693877,22.64
1.173469387755102,1.0510204081632653,29.490000000000002
1.173469387755102,1.1428571428571428,31.05
1.173469387755102,1.2346938775510203,39.04
1.173469387755102,1.3265306122448979,35.45
1.173469387755102,1.4183673469387754,36.64
1.173469387755102,1.5102040816326532,36.83
1.173469387755102,1.6020408163265307,37.78
1.173469387755102,1.6938775510204083,38.57
1.173469387755102,1.7857142857142858,36.54
1.173469387755102,1.8775510204081634,37.71
1.173469387755102,1.969387755102041,39.39
1.173469387755102,2.0612244897959187,37.69
1.173469387755102,2.1530612244897958,9.15
1.173469387755102,2.2448979591836737,24.96
1.173469387755102,2.336734693877551,23.7
1.173469387755102,2.428571428571429,21.89
1.173469387755102,2.5204081632653064,20.39
1.173469387755102,2.612244897959184,19.96
1.173469387755102,2.7040816326530615,19.42
1.173469387755102,2.795918367346939,17.46
1.173469387755102,2.8877551020408165,15.19
1.173469387755102,2.979591836734694,14.99
1.173469387755102,3.0714285714285716,14.780000000000001
1.173469387755102,3.163265306122449,12.3
1.173469387755102,3.2551020408163267,12.23
1.173469387755102,3.3469387755102042,12.21
1.173469387755102,3.438775510204082,9.74
1.173469387755102,3.5306122448979593,9.59
1.173469387755102,3.622448979591837,9.44
1.173469387755102,3.7142857142857144,9.33
1.173469387755102,3.806122448979592,6.69
1.173469387755102,3.8979591836734695,6.57
1.173469387755102,3.989795918367347,6.45
1.173469387755102,4.081632653061225,3.79
1.173469387755102,4.173469387755102,3.7
1.173469387755102,4.26530612244898,3.58
1.173469387755102,4.357142857142858,3.5
1.173469387755102,4.448979591836735,3.42
1.173469387755102,4.540816326530613,3.34
1.173469387755102,4.63265306122449,3.2600000000000002
1.173469387755102,4.724489795918368,3.17
1.173469387755102,4.816326530612245,3.0700000000000003
1.173469387755102,4.908163265306123,2.97
1.173469387755102,5.0,2.86
1.2142857142857142,0.5,38.910000000000004
1.2142857142857142,0.5918367346938775,33.21
1.2142857142857142,0.6836734693877551,39.76
1.2142857142857142,0.7755102040816326,37.12
1.2142857142857142,0.8673469387755102,23.75
1.2142857142857142,0.9591836734693877,22.56
1.2142857142857142,1.0510204081632653,29.490000000000002
1.2142857142857142,1.1428571428571428,31.04
1.2142857142857142,1.2346938775510203,38.11
1.2142857142857142,1.3265306122448979,35.42
1.2142857142857142,1.4183673469387754,36.52
1.2142857142857142,1.5102040816326532,36.79
1.2142857142857142,1.6020408163265307,37.27
1.2142857142857142,1.6938775510204083,35.94
1.2142857142857142,1.7857142857142858,36.480000000000004
1.2142857142857142,1.8775510204081634,37.64
1.2142857142857142,1.969387755102041,39.29
1.2142857142857142,2.0612244897959187,37.5
1.2142857142857142,2.1530612244897958,44.22
1.2142857142857142,2.2448979591836737,24.59
1.2142857142857142,2.336734693877551,23.52
1.2142857142857142,2.428571428571429,21.93
1.2142857142857142,2.5204081632653064,20.37
1.2142857142857142,2.612244897959184,19.91
1.2142857142857142,2.7040816326530615,19.27
1.2142857142857142,2.795918367346939,17.38
1.2142857142857142,2.8877551020408165,17.09
1.2142857142857142,2.979591836734694,14.89
1.2142857142857142,3.0714285714285716,14.68
1.2142857142857142,3.163265306122449,12.22
1.2142857142857142,3.2551020408163267,12.08
1.2142857142857142,3.3469387755102042,12.040000000000001
1.2142857142857142,3.438775510204082,9.64
1.2142857142857142,3.5306122448979593,9.5
1.2142857142857142,3.622448979591837,9.35
1.2142857142857142,3.7142857142857144,9.24
1.2142857142857142,3.806122448979592,6.640000000000001
1.2142857142857142,3.8979591836734695,6.51
1.2142857142857142,3.989795918367347,6.4
1.2142857142857142,4.081632653061225,3.7800000000000002
1.2142857142857142,4.173469387755102,3.68
1.2142857142857142,4.26530612244898,3.56
1.2142857142857142,4.357142857142858,3.48
1.2142857142857142,4.448979591836735,3.4
1.2142857142857142,4.540816326530613,3.3200000000000003
1.2142857142857142,4.63265306122449,3.25
1.2142857142857142,4.724489795918368,3.16
1.2142857142857142,4.816326530612245,3.06
1.2142857142857142,4.908163265306123,2.97
1.2142857142857142,5.0,2.87
1.2551020408163265,0.5,38.83
1.2551020408163265,0.5918367346938775,33.14
1.2551020408163265,0.6836734693877551,39.69
1.2551020408163265,0.7755102040816326,38.86
1.2551020408163265,0.8673469387755102,23.78
1.2551020408163265,0.9591836734693877,22.47
1.2551020408163265,1.0510204081632653,29.48
1.2551020408163265,1.1428571428571428,31.02
1.2551020408163265,1.2346938775510203,37.85
1.2551020408163265,1.3265306122448979,35.38
1.2551020408163265,1.4183673469387754,36.39
1.2551020408163265,1.5102040816326532,36.74
1.2551020408163265,1.6020408163265307,37.17
1.2551020408163265,1.6938775510204083,35.89
1.2551020408163265,1.7857142857142858,36.42
1.2551020408163265,1.8775510204081634,37.58
1.2551020408163265,1.969387755102041,39.2
1.2551020408163265,2.0612244897959187,37.34
1.2551020408163265,2.1530612244897958,42.62
1.2551020408163265,2.2448979591836737,24.19
1.2551020408163265,2.336734693877551,23.31
1.2551020408163265,2.428571428571429,21.900000000000002
1.2551020408163265,2.5204081632653064,21.03
1.2551020408163265,2.612244897959184,19.79
1.2551020408163265,2.7040816326530615,19.150000000000002
1.2551020408163265,2.795918367346939,17.31
1.2551020408163265,2.8877551020408165,16.990000000000002
1.2551020408163265,2.979591836734694,14.790000000000001
1.2551020408163265,3.0714285714285716,14.58
1.2551020408163265,3.163265306122449,12.18
1.2551020408163265,3.2551020408163267,11.96
1.2551020408163265,3.3469387755102042,11.88
1.2551020408163265,3.438775510204082,11.84
1.2551020408163265,3.5306122448979593,9.4
1.2551020408163265,3.622448979591837,9.26
1.2551020408163265,3.7142857142857144,9.15
1.2551020408163265,3.806122448979592,6.6000000000000005
1.2551020408163265,3.8979591836734695,6.47
1.2551020408163265,3.989795918367347,6.3500000000000005
1.2551020408163265,4.081632653061225,6.25
1.2551020408163265,4.173469387755102,3.68
1.2551020408163265,4.26530612244898,3.5500000000000003
1.2551020408163265,4.357142857142858,3.46
1.2551020408163265,4.448979591836735,3.38
1.2551020408163265,4.540816326530613,3.3000000000000003
1.2551020408163265,4.63265306122449,3.24
1.2551020408163265,4.724489795918368,3.15
1.2551020408163265,4.816326530612245,3.06
1.2551020408163265,4.908163265306123,2.97
1.2551020408163265,5.0,2.87
1.2959183673469385,0.5,38.75
1.2959183673469385,0.5918367346938775,33.08
1.2959183673469385,0.6836734693877551,39.64
1.2959183673469385,0.7755102040816326,38.88
1.2959183673469385,0.8673469387755102,23.81
1.2959183673469385,0.9591836734693877,22.38
1.2959183673469385,1.0510204081632653,29.48
1.2959183673469385,1.1428571428571428,31.0
1.2959183673469385,1.2346938775510203,36.37
1.2959183673469385,1.3265306122448979,35.34
1.2959183673469385,1.4183673469387754,36.25
1.2959183673469385,1.5102040816326532,36.69
1.2959183673469385,1.6020408163265307,37.09
1.2959183673469385,1.6938775510204083,35.85
1.2959183673469385,1.7857142857142858,36.36
1.2959183673469385,1.8775510204081634,37.52
1.2959183673469385,1.969387755102041,39.12
1.2959183673469385,2.0612244897959187,37.2
1.2959183673469385,2.1530612244897958,41.480000000000004
1.2959183673469385,2.2448979591836737,23.94
1.2959183673469385,2.336734693877551,23.150000000000002
1.2959183673469385,2.428571428571429,21.8
1.2959183673469385,2.5204081632653064,21.330000000000002
1.2959183673469385,2.612244897959184,19.59
1.2959183673469385,2.7040816326530615,19.09
1.2959183673469385,2.795918367346939,18.830000000000002
1.2959183673469385,2.8877551020408165,16.89
1.2959183673469385,2.979591836734694,16.62
1.2959183673469385,3.0714285714285716,14.46
1.2959183673469385,3.163265306122449,14.27
1.2959183673469385,3.2551020408163267,11.86
1.2959183673469385,3.3469387755102042,11.74
1.2959183673469385,3.438775510204082,11.69
1.2959183673469385,3.5306122448979593,9.31
1.2959183673469385,3.622448979591837,9.17
1.2959183673469385,3.7142857142857144,9.07
1.2959183673469385,3.806122448979592,8.950000000000001
1.2959183673469385,3.8979591836734695,6.42
1.2959183673469385,3.989795918367347,6.3
1.2959183673469385,4.081632653061225,6.2
1.2959183673469385,4.173469387755102,3.67
1.2959183673469385,4.26530612244898,3.54
1.2959183673469385,4.357142857142858,3.45
1.2959183673469385,4.448979591836735,3.37
1.2959183673469385,4.540816326530613,3.29
1.2959183673469385,4.63265306122449,3.22
1.2959183673469385,4.724489795918368,3.14
1.2959183673469385,4.816326530612245,3.0500000000000003
1.2959183673469385,4.908163265306123,2.97
1.2959183673469385,5.0,2.87
1.3367346938775508,0.5,38.68
1.3367346938775508,0.5918367346938775,33.03
1.3367346938775508,0.6836734693877551,39.58
1.3367346938775508,0.7755102040816326,38.82
1.3367346938775508,0.8673469387755102,23.87
1.3367346938775508,0.9591836734693877,21.81
1.3367346938775508,1.0510204081632653,29.47
1.3367346938775508,1.1428571428571428,30.98
1.3367346938775508,1.2346938775510203,36.25
1.3367346938775508,1.3265306122448979,35.31
1.3367346938775508,1.4183673469387754,36.07
1.3367346938775508,1.5102040816326532,36.64
1.3367346938775508,1.6020408163265307,37.01
1.3367346938775508,1.6938775510204083,35.800000000000004
1.3367346938775508,1.7857142857142858,36.31
1.3367346938775508,1.8775510204081634,37.46
1.3367346938775508,1.969387755102041,39.04
1.3367346938775508,2.0612244897959187,37.08
1.3367346938775508,2.1530612244897958,40.56
1.3367346938775508,2.2448979591836737,25.21
1.3367346938775508,2.336734693877551,24.43
1.3367346938775508,2.428571428571429,22.82
1.3367346938775508,2.5204081632653064,21.400000000000002
1.3367346938775508,2.612244897959184,19.45
1.3367346938775508,2.7040816326530615,19.080000000000002
1.3367346938775508,2.795918367346939,18.72
1.3367346938775508,2.8877551020408165,16.81
1.3367346938775508,2.979591836734694,16.5
1.3367346938775508,3.0714285714285716,14.35
1.3367346938775508,3.163265306122449,14.17
1.3367346938775508,3.2551020408163267,11.8
1.3367346938775508,3.3469387755102042,11.620000000000001
1.3367346938775508,3.438775510204082,11.540000000000001
1.3367346938775508,3.5306122448979593,9.23
1.3367346938775508,3.622448979591837,9.08
1.3367346938775508,3.7142857142857144,8.98
1.3367346938775508,3.806122448979592,8.870000000000001
1.3367346938775508,3.8979591836734695,6.38
1.3367346938775508,3.989795918367347,6.25
1.3367346938775508,4.081632653061225,6.16
1.3367346938775508,4.173469387755102,6.07
1.3367346938775508,4.26530612244898,3.5300000000000002
1.3367346938775508,4.357142857142858,3.44
1.3367346938775508,4.448979591836735,3.35
1.3367346938775508,4.540816326530613,3.27
1.3367346938775508,4.63265306122449,3.21
1.3367346938775508,4.724489795918368,3.13
1.3367346938775508,4.816326530612245,3.04
1.3367346938775508,4.908163265306123,2.96
1.3367346938775508,5.0,2.87
1.3775510204081631,0.5,38.61
1.3775510204081631,0.5918367346938775,32.980000000000004
1.3775510204081631,0.6836734693877551,39.51
1.3775510204081631,0.7755102040816326,38.72
1.3775510204081631,0.8673469387755102,24.86
1.3775510204081631,0.9591836734693877,21.740000000000002
1.3775510204081631,1.0510204081632653,29.46
1.3775510204081631,1.1428571428571428,30.96
1.3775510204081631,1.2346938775510203,36.11
1.3775510204081631,1.3265306122448979,35.27
1.3775510204081631,1.4183673469387754,35.56
1.3775510204081631,1.5102040816326532,36.59
1.3775510204081631,1.6020408163265307,36.94
1.3775510204081631,1.6938775510204083,35.76
1.3775510204081631,1.7857142857142858,36.25
1.3775510204081631,1.8775510204081634,37.4
1.3775510204081631,1.969387755102041,38.96
1.3775510204081631,2.0612244897959187,36.96
1.3775510204081631,2.1530612244897958,40.13
1.3775510204081631,2.2448979591836737,25.04
1.3775510204081631,2.336734693877551,24.34
1.3775510204081631,2.428571428571429,22.900000000000002
1.3775510204081631,2.5204081632653064,21.39
1.3775510204081631,2.612244897959184,19.44
1.3775510204081631,2.7040816326530615,19.11
1.3775510204081631,2.795918367346939,18.63
1.3775510204081631,2.8877551020408165,16.72
1.3775510204081631,2.979591836734694,16.39
1.3775510204081631,3.0714285714285716,14.24
1.3775510204081631,3.163265306122449,14.07
1.3775510204081631,3.2551020408163267,13.86
1.3775510204081631,3.3469387755102042,11.53
1.3775510204081631,3.438775510204082,11.42
1.3775510204081631,3.5306122448979593,9.15
1.3775510204081631,3.622448979591837,9.0
1.3775510204081631,3.7142857142857144,8.9
1.3775510204081631,3.806122448979592,8.790000000000001
1.3775510204081631,3.8979591836734695,6.34
1.3775510204081631,3.989795918367347,6.21
1.3775510204081631,4.081632653061225,6.12
1.3775510204081631,4.173469387755102,6.0200000000000005
1.3775510204081631,4.26530612244898,3.52
1.3775510204081631,4.357142857142858,3.43
1.3775510204081631,4.448979591836735,3.34
1.3775510204081631,4.540816326530613,3.2600000000000002
1.3775510204081631,4.63265306122449,3.2
1.3775510204081631,4.724489795918368,3.12
1.3775510204081631,4.816326530612245,3.0300000000000002
1.3775510204081631,4.908163265306123,2.95
1.3775510204081631,5.0,2.87
1.4183673469387754,0.5,38.54
1.4183673469387754,0.5918367346938775,32.93
1.4183673469387754,0.6836734693877551,39.44
1.4183673469387754,0.7755102040816326,38.58
1.4183673469387754,0.8673469387755102,25.080000000000002
1.4183673469387754,0.9591836734693877,21.69
1.4183673469387754,1.0510204081632653,29.44
1.4183673469387754,1.1428571428571428,30.94
1.4183673469387754,1.2346938775510203,35.9
1.4183673469387754,1.3265306122448979,35.230000000000004
1.4183673469387754,1.4183673469387754,35.43
1.4183673469387754,1.5102040816326532,36.54
1.4183673469387754,1.6020408163265307,36.87
1.4183673469387754,1.6938775510204083,35.71
1.4183673469387754,1.7857142857142858,36.2
1.4183673469387754,1.8775510204081634,37.34
1.4183673469387754,1.969387755102041,38.88
1.4183673469387754,2.0612244897959187,36.85
1.4183673469387754,2.1530612244897958,39.81
1.4183673469387754,2.2448979591836737,26.3
1.4183673469387754,2.336734693877551,24.2
1.4183673469387754,2.428571428571429,22.830000000000002
1.4183673469387754,2.5204081632653064,21.330000000000002
1.4183673469387754,2.612244897959184,19.650000000000002
1.4183673469387754,2.7040816326530615,19.150000000000002
1.4183673469387754,2.795918367346939,18.56
1.4183673469387754,2.8877551020408165,16.65
1.4183673469387754,2.979591836734694,16.3
1.4183673469387754,3.0714285714285716,14.16
1.4183673469387754,3.163265306122449,13.96
1.4183673469387754,3.2551020408163267,13.77
1.4183673469387754,3.3469387755102042,11.47
1.4183673469387754,3.438775510204082,11.31
1.4183673469387754,3.5306122448979593,11.23
1.4183673469387754,3.622448979591837,8.93
1.4183673469387754,3.7142857142857144,8.82
1.4183673469387754,3.806122448979592,8.72
1.4183673469387754,3.8979591836734695,8.61
1.4183673469387754,3.989795918367347,6.17
1.4183673469387754,4.081632653061225,6.07
1.4183673469387754,4.173469387755102,5.98
1.4183673469387754,4.26530612244898,3.5100000000000002
1.4183673469387754,4.357142857142858,3.41
1.4183673469387754,4.448979591836735,3.33
1.4183673469387754,4.540816326530613,3.25
1.4183673469387754,4.63265306122449,3.18
1.4183673469387754,4.724489795918368,3.1
1.4183673469387754,4.816326530612245,3.02
1.4183673469387754,4.908163265306123,2.95
1.4183673469387754,5.0,2.86
1.4591836734693877,0.5,38.46
1.4591836734693877,0.5918367346938775,32.88
1.4591836734693877,0.6836734693877551,39.35
1.4591836734693877,0.7755102040816326,38.410000000000004
1.4591836734693877,0.8673469387755102,25.97
1.4591836734693877,0.9591836734693877,21.67
1.4591836734693877,1.0510204081632653,29.42
1.4591836734693877,1.1428571428571428,30.92
1.4591836734693877,1.2346938775510203,35.230000000000004
1.4591836734693877,1.3265306122448979,35.19
1.4591836734693877,1.4183673469387754,35.32
1.4591836734693877,1.5102040816326532,36.480000000000004
1.4591836734693877,1.6020408163265307,36.800000000000004
1.4591836734693877,1.6938775510204083,35.67
1.4591836734693877,1.7857142857142858,36.15
1.4591836734693877,1.8775510204081634,37.28
1.4591836734693877,1.969387755102041,38.800000000000004
1.4591836734693877,2.0612244897959187,36.29
1.4591836734693877,2.1530612244897958,39.12
1.4591836734693877,2.2448979591836737,27.46
1.4591836734693877,2.336734693877551,23.98
1.4591836734693877,2.428571428571429,22.68
1.4591836734693877,2.5204081632653064,21.22
1.4591836734693877,2.612244897959184,20.23
1.4591836734693877,2.7040816326530615,19.17
1.4591836734693877,2.795918367346939,18.51
1.4591836734693877,2.8877551020408165,18.13
1.4591836734693877,2.979591836734694,16.22
1.4591836734693877,3.0714285714285716,15.98
1.4591836734693877,3.163265306122449,13.86
1.4591836734693877,3.2551020408163267,13.68
1.4591836734693877,3.3469387755102042,11.43
1.4591836734693877,3.438775510204082,11.22
1.4591836734693877,3.5306122448979593,11.11
1.4591836734693877,3.622448979591837,8.870000000000001
1.4591836734693877,3.7142857142857144,8.75
1.4591836734693877,3.806122448979592,8.64
1.4591836734693877,3.8979591836734695,8.53
1.4591836734693877,3.989795918367347,6.13
1.4591836734693877,4.081632653061225,6.04
1.4591836734693877,4.173469387755102,5.94
1.4591836734693877,4.26530612244898,5.83
1.4591836734693877,4.357142857142858,3.41
1.4591836734693877,4.448979591836735,3.3200000000000003
1.4591836734693877,4.540816326530613,3.23
1.4591836734693877,4.63265306122449,3.17
1.4591836734693877,4.724489795918368,3.09
1.4591836734693877,4.816326530612245,3.0100000000000002
1.4591836734693877,4.908163265306123,2.94
1.4591836734693877,5.0,2.86
1.5,0.5,38.38
1.5,0.5918367346938775,32.84
1.5,0.6836734693877551,39.25
1.5,0.7755102040816326,38.2
1.5,0.8673469387755102,26.25
1.5,0.9591836734693877,21.650000000000002
1.5,1.0510204081632653,29.400000000000002
1.5,1.1428571428571428,30.900000000000002
1.5,1.2346938775510203,35.09
1.5,1.3265306122448979,35.15
1.5,1.4183673469387754,35.22
1.5,1.5102040816326532,36.42
1.5,1.6020408163265307,36.72
1.5,1.6938775510204083,35.63
1.5,1.7857142857142858,36.1
1.5,1.8775510204081634,37.21
1.5,1.969387755102041,38.71
1.5,2.0612244897959187,36.160000000000004
1.5,2.1530612244897958,38.85
1.5,2.2448979591836737,27.0
1.5,2.336734693877551,23.67
1.5,2.428571428571429,22.51
1.5,2.5204081632653064,22.330000000000002
1.5,2.612244897959184,20.330000000000002
1.5,2.7040816326530615,19.18
1.5,2.795918367346939,18.490000000000002
1.5,2.8877551020408165,18.05
1.5,2.979591836734694,16.15
1.5,3.0714285714285716,15.89
1.5,3.163265306122449,13.77
1.5,3.2551020408163267,13.59
1.5,3.3469387755102042,13.41
1.5,3.438775510204082,11.15
1.5,3.5306122448979593,11.01
1.5,3.622448979591837,8.81
1.5,3.7142857142857144,8.68
1.5,3.806122448979592,8.57
1.5,3.8979591836734695,8.46
1.5,3.989795918367347,6.09
1.5,4.081632653061225,6.0
1.5,4.173469387755102,5.9
1.5,4.26530612244898,5.79
1.5,4.357142857142858,3.4
1.5,4.448979591836735,3.31
1.5,4.540816326530613,3.22
1.5,4.63265306122449,3.16
1.5,4.724489795918368,3.08
1.5,4.816326530612245,3.0
1.5,4.908163265306123,2.93
1.5,5.0,2.85
