alpha,beta,steady_time
-0.5,0.0,149.99
-0.5,0.030612244897959183,149.99
-0.5,0.061224489795918366,149.99
-0.5,0.09183673469387754,149.99
-0.5,0.12244897959183673,149.99
-0.5,0.15306122448979592,149.99
-0.5,0.18367346938775508,149.99
-0.5,0.21428571428571427,71.11
-0.5,0.24489795918367346,64.33
-0.5,0.2755102040816326,149.99
-0.5,0.30612244897959184,118.41
-0.5,0.336734693877551,24.92
-0.5,0.36734693877551017,17.53
-0.5,0.3979591836734694,149.99
-0.5,0.42857142857142855,9.05
-0.5,0.45918367346938777,7.45
-0.5,0.4897959183673469,6.2700000000000005
-0.5,0.5204081632653061,6.2700000000000005
-0.5,0.5510204081632653,11.35
-0.5,0.5816326530612245,149.99
-0.5,0.6122448979591837,8.16
-0.5,0.6428571428571428,9.24
-0.5,0.673469387755102,19.11
-0.5,0.7040816326530612,20.71
-0.5,0.7346938775510203,16.91
-0.5,0.7653061224489796,21.55
-0.5,0.7959183673469388,33.78
-0.5,0.826530612244898,30.43
-0.5,0.8571428571428571,149.99
-0.5,0.8877551020408163,126.04
-0.5,0.9183673469387755,67.43
-0.5,0.9489795918367346,25.48
-0.5,0.9795918367346939,65.59
-0.5,1.010204081632653,120.68
-0.5,1.0408163265306123,77.14
-0.5,1.0714285714285714,59.33
-0.5,1.1020408163265305,44.21
-0.5,1.1326530612244898,16.79
-0.5,1.163265306122449,66.6
-0.5,1.193877551020408,95.71000000000001
-0.5,1.2244897959183674,29.89
-0.5,1.2551020408163265,32.47
-0.5,1.2857142857142856,67.28
-0.5,1.316326530612245,149.99
-0.5,1.346938775510204,12.02
-0.5,1.3775510204081631,19.87
-0.5,1.4081632653061225,149.99
-0.5,1.4387755102040816,22.55
-0.5,1.4693877551020407,149.99
-0.5,1.5,53.0
-0.45918367346938777,0.0,149.99
-0.45918367346938777,0.030612244897959183,149.99
-0.45918367346938777,0.061224489795918366,149.99
-0.45918367346938777,0.09183673469387754,149.99
-0.45918367346938777,0.12244897959183673,149.99
-0.45918367346938777,0.15306122448979592,149.99
-0.45918367346938777,0.18367346938775508,149.99
-0.45918367346938777,0.21428571428571427,149.99
-0.45918367346938777,0.24489795918367346,149.99
-0.45918367346938777,0.2755102040816326,149.99
-0.45918367346938777,0.30612244897959184,149.99
-0.45918367346938777,0.336734693877551,14.86
-0.45918367346938777,0.36734693877551017,8.73
-0.45918367346938777,0.3979591836734694,7.890000000000001
-0.45918367346938777,0.42857142857142855,8.43
-0.45918367346938777,0.45918367346938777,6.2700000000000005
-0.45918367346938777,0.4897959183673469,6.2700000000000005
-0.45918367346938777,0.5204081632653061,11.34
-0.45918367346938777,0.5510204081632653,7.99
-0.45918367346938777,0.5816326530612245,8.35
-0.45918367346938777,0.6122448979591837,16.13
-0.45918367346938777,0.6428571428571428,13.32
-0.45918367346938777,0.673469387755102,23.23
-0.45918367346938777,0.7040816326530612,10.51
-0.45918367346938777,0.7346938775510203,20.98
-0.45918367346938777,0.7653061224489796,149.99
-0.45918367346938777,0.7959183673469388,126.23
-0.45918367346938777,0.826530612244898,149.99
-0.45918367346938777,0.8571428571428571,96.47
-0.45918367346938777,0.8877551020408163,34.93
-0.45918367346938777,0.9183673469387755,132.4
-0.45918367346938777,0.9489795918367346,23.98
-0.45918367346938777,0.9795918367346939,23.740000000000002
-0.45918367346938777,1.010204081632653,23.41
-0.45918367346938777,1.0408163265306123,23.580000000000002
-0.45918367346938777,1.0714285714285714,104.48
-0.45918367346938777,1.1020408163265305,100.81
-0.45918367346938777,1.1326530612244898,51.75
-0.45918367346938777,1.163265306122449,106.17
-0.45918367346938777,1.193877551020408,50.46
-0.45918367346938777,1.2244897959183674,36.79
-0.45918367346938777,1.2551020408163265,48.1
-0.45918367346938777,1.2857142857142856,22.93
-0.45918367346938777,1.316326530612245,15.3
-0.45918367346938777,1.346938775510204,149.99
-0.45918367346938777,1.3775510204081631,149.99
-0.45918367346938777,1.4081632653061225,36.13
-0.45918367346938777,1.4387755102040816,68.57000000000001
-0.45918367346938777,1.4693877551020407,149.99
-0.45918367346938777,1.5,57.17
-0.41836734693877553,0.0,149.99
-0.41836734693877553,0.030612244897959183,58.09
-0.41836734693877553,0.061224489795918366,149.99
-0.41836734693877553,0.09183673469387754,149.99
-0.41836734693877553,0.12244897959183673,149.99
-0.41836734693877553,0.15306122448979592,149.99
-0.41836734693877553,0.18367346938775508,11.700000000000001
-0.41836734693877553,0.21428571428571427,11.09
-0.41836734693877553,0.24489795918367346,10.82
-0.41836734693877553,0.2755102040816326,10.53
-0.41836734693877553,0.30612244897959184,8.58
-0.41836734693877553,0.336734693877551,8.39
-0.41836734693877553,0.36734693877551017,8.81
-0.41836734693877553,0.3979591836734694,14.5
-0.41836734693877553,0.42857142857142855,6.2700000000000005
-0.41836734693877553,0.45918367346938777,6.28
-0.41836734693877553,0.4897959183673469,7.58
-0.41836734693877553,0.5204081632653061,8.02
-0.41836734693877553,0.5510204081632653,9.56
-0.41836734693877553,0.5816326530612245,18.92
-0.41836734693877553,0.6122448979591837,16.580000000000002
-0.41836734693877553,0.6428571428571428,18.42
-0.41836734693877553,0.673469387755102,15.11
-0.41836734693877553,0.7040816326530612,26.1
-0.41836734693877553,0.7346938775510203,149.99
-0.41836734693877553,0.7653061224489796,90.8
-0.41836734693877553,0.7959183673469388,57.68
-0.41836734693877553,0.826530612244898,97.55
-0.41836734693877553,0.8571428571428571,91.61
-0.41836734693877553,0.8877551020408163,94.9
-0.41836734693877553,0.9183673469387755,149.99
-0.41836734693877553,0.9489795918367346,105.2
-0.41836734693877553,0.9795918367346939,109.16
-0.41836734693877553,1.010204081632653,70.42
-0.41836734693877553,1.0408163265306123,37.7
-0.41836734693877553,1.0714285714285714,131.78
-0.41836734693877553,1.1020408163265305,65.57000000000001
-0.41836734693877553,1.1326530612244898,55.81
-0.41836734693877553,1.163265306122449,46.25
-0.41836734693877553,1.193877551020408,149.99
-0.41836734693877553,1.2244897959183674,50.86
-0.41836734693877553,1.2551020408163265,16.39
-0.41836734693877553,1.2857142857142856,149.99
-0.41836734693877553,1.316326530612245,149.99
-0.41836734693877553,1.346938775510204,149.99
-0.41836734693877553,1.3775510204081631,50.77
-0.41836734693877553,1.4081632653061225,37.14
-0.41836734693877553,1.4387755102040816,111.43
-0.41836734693877553,1.4693877551020407,59.19
-0.41836734693877553,1.5,48.870000000000005
-0.37755102040816324,0.0,149.99
-0.37755102040816324,0.030612244897959183,48.56
-0.37755102040816324,0.061224489795918366,89.07000000000001
-0.37755102040816324,0.09183673469387754,48.65
-0.37755102040816324,0.12244897959183673,37.78
-0.37755102040816324,0.15306122448979592,20.6
-0.37755102040816324,0.18367346938775508,20.2
-0.37755102040816324,0.21428571428571427,18.52
-0.37755102040816324,0.24489795918367346,17.64
-0.37755102040816324,0.2755102040816326,17.53
-0.37755102040816324,0.30612244897959184,17.85
-0.37755102040816324,0.336734693877551,14.47
-0.37755102040816324,0.36734693877551017,6.2700000000000005
-0.37755102040816324,0.3979591836734694,6.2700000000000005
-0.37755102040816324,0.42857142857142855,6.9
-0.37755102040816324,0.45918367346938777,7.73
-0.37755102040816324,0.4897959183673469,8.64
-0.37755102040816324,0.5204081632653061,16.88
-0.37755102040816324,0.5510204081632653,12.69
-0.37755102040816324,0.5816326530612245,17.57
-0.37755102040816324,0.6122448979591837,10.4
-0.37755102040816324,0.6428571428571428,17.43
-0.37755102040816324,0.673469387755102,22.88
-0.37755102040816324,0.7040816326530612,49.14
-0.37755102040816324,0.7346938775510203,119.53
-0.37755102040816324,0.7653061224489796,72.62
-0.37755102040816324,0.7959183673469388,149.99
-0.37755102040816324,0.826530612244898,27.51
-0.37755102040816324,0.8571428571428571,44.13
-0.37755102040816324,0.8877551020408163,71.33
-0.37755102040816324,0.9183673469387755,53.31
-0.37755102040816324,0.9489795918367346,51.69
-0.37755102040816324,0.9795918367346939,124.27
-0.37755102040816324,1.010204081632653,149.99
-0.37755102040816324,1.0408163265306123,40.42
-0.37755102040816324,1.0714285714285714,140.77
-0.37755102040816324,1.1020408163265305,149.99
-0.37755102040816324,1.1326530612244898,149.99
-0.37755102040816324,1.163265306122449,149.99
-0.37755102040816324,1.193877551020408,17.29
-0.37755102040816324,1.2244897959183674,15.44
-0.37755102040816324,1.2551020408163265,149.99
-0.37755102040816324,1.2857142857142856,149.99
-0.37755102040816324,1.316326530612245,48.79
-0.37755102040816324,1.346938775510204,63.83
-0.37755102040816324,1.3775510204081631,65.93
-0.37755102040816324,1.4081632653061225,27.05
-0.37755102040816324,1.4387755102040816,54.480000000000004
-0.37755102040816324,1.4693877551020407,32.96
-0.37755102040816324,1.5,29.2
-0.33673469387755106,0.0,149.99
-0.33673469387755106,0.030612244897959183,42.9
-0.33673469387755106,0.061224489795918366,51.910000000000004
-0.33673469387755106,0.09183673469387754,59.550000000000004
-0.33673469387755106,0.12244897959183673,66.76
-0.33673469387755106,0.15306122448979592,45.95
-0.33673469387755106,0.18367346938775508,36.44
-0.33673469387755106,0.21428571428571427,28.1
-0.33673469387755106,0.24489795918367346,27.330000000000002
-0.33673469387755106,0.2755102040816326,14.63
-0.33673469387755106,0.30612244897959184,13.68
-0.33673469387755106,0.336734693877551,6.2700000000000005
-0.33673469387755106,0.36734693877551017,6.2700000000000005
-0.33673469387755106,0.3979591836734694,7.36
-0.33673469387755106,0.42857142857142855,8.21
-0.33673469387755106,0.45918367346938777,10.68
-0.33673469387755106,0.4897959183673469,14.39
-0.33673469387755106,0.5204081632653061,12.64
-0.33673469387755106,0.5510204081632653,18.37
-0.33673469387755106,0.5816326530612245,17.48
-0.33673469387755106,0.6122448979591837,17.14
-0.33673469387755106,0.6428571428571428,22.04
-0.33673469387755106,0.673469387755102,40.45
-0.33673469387755106,0.7040816326530612,36.43
-0.33673469387755106,0.7346938775510203,58.84
-0.33673469387755106,0.7653061224489796,105.97
-0.33673469387755106,0.7959183673469388,61.800000000000004
-0.33673469387755106,0.826530612244898,33.39
-0.33673469387755106,0.8571428571428571,41.75
-0.33673469387755106,0.8877551020408163,75.76
-0.33673469387755106,0.9183673469387755,141.34
-0.33673469387755106,0.9489795918367346,149.99
-0.33673469387755106,0.9795918367346939,149.99
-0.33673469387755106,1.010204081632653,149.99
-0.33673469387755106,1.0408163265306123,149.99
-0.33673469387755106,1.0714285714285714,149.99
-0.33673469387755106,1.1020408163265305,149.99
-0.33673469387755106,1.1326530612244898,22.52
-0.33673469387755106,1.163265306122449,15.280000000000001
-0.33673469387755106,1.193877551020408,149.99
-0.33673469387755106,1.2244897959183674,149.99
-0.33673469387755106,1.2551020408163265,89.46000000000001
-0.33673469387755106,1.2857142857142856,53.47
-0.33673469387755106,1.316326530612245,63.78
-0.33673469387755106,1.346938775510204,71.91
-0.33673469387755106,1.3775510204081631,66.96000000000001
-0.33673469387755106,1.4081632653061225,41.62
-0.33673469387755106,1.4387755102040816,34.72
-0.33673469387755106,1.4693877551020407,24.69
-0.33673469387755106,1.5,23.580000000000002
-0.29591836734693877,0.0,149.99
-0.29591836734693877,0.030612244897959183,38.45
-0.29591836734693877,0.061224489795918366,40.47
-0.29591836734693877,0.09183673469387754,45.24
-0.29591836734693877,0.12244897959183673,37.24
-0.29591836734693877,0.15306122448979592,36.45
-0.29591836734693877,0.18367346938775508,24.0
-0.29591836734693877,0.21428571428571427,14.75
-0.29591836734693877,0.24489795918367346,14.07
-0.29591836734693877,0.2755102040816326,10.77
-0.29591836734693877,0.30612244897959184,6.2700000000000005
-0.29591836734693877,0.336734693877551,6.86
-0.29591836734693877,0.36734693877551017,7.87
-0.29591836734693877,0.3979591836734694,9.370000000000001
-0.29591836734693877,0.42857142857142855,15.9
-0.29591836734693877,0.45918367346938777,12.57
-0.29591836734693877,0.4897959183673469,18.23
-0.29591836734693877,0.5204081632653061,10.44
-0.29591836734693877,0.5510204081632653,18.03
-0.29591836734693877,0.5816326530612245,16.53
-0.29591836734693877,0.6122448979591837,21.01
-0.29591836734693877,0.6428571428571428,59.47
-0.29591836734693877,0.673469387755102,59.28
-0.29591836734693877,0.7040816326530612,28.580000000000002
-0.29591836734693877,0.7346938775510203,39.96
-0.29591836734693877,0.7653061224489796,26.96
-0.29591836734693877,0.7959183673469388,33.56
-0.29591836734693877,0.826530612244898,56.78
-0.29591836734693877,0.8571428571428571,84.96000000000001
-0.29591836734693877,0.8877551020408163,122.36
-0.29591836734693877,0.9183673469387755,149.99
-0.29591836734693877,0.9489795918367346,149.99
-0.29591836734693877,0.9795918367346939,149.99
-0.29591836734693877,1.010204081632653,149.99
-0.29591836734693877,1.0408163265306123,149.99
-0.29591836734693877,1.0714285714285714,27.310000000000002
-0.29591836734693877,1.1020408163265305,15.81
-0.29591836734693877,1.1326530612244898,23.94
-0.29591836734693877,1.163265306122449,149.99
-0.29591836734693877,1.193877551020408,61.07
-0.29591836734693877,1.2244897959183674,21.59
-0.29591836734693877,1.2551020408163265,49.730000000000004
-0.29591836734693877,1.2857142857142856,32.99
-0.29591836734693877,1.316326530612245,41.46
-0.29591836734693877,1.346938775510204,46.33
-0.29591836734693877,1.3775510204081631,36.910000000000004
-0.29591836734693877,1.4081632653061225,27.93
-0.29591836734693877,1.4387755102040816,23.77
-0.29591836734693877,1.4693877551020407,22.96
-0.29591836734693877,1.5,27.97
-0.25510204081632654,0.0,149.99
-0.25510204081632654,0.030612244897959183,29.55
-0.25510204081632654,0.061224489795918366,28.72
-0.25510204081632654,0.09183673469387754,24.2
-0.25510204081632654,0.12244897959183673,23.61
-0.25510204081632654,0.15306122448979592,14.9
-0.25510204081632654,0.18367346938775508,14.82
-0.25510204081632654,0.21428571428571427,11.120000000000001
-0.25510204081632654,0.24489795918367346,6.2700000000000005
-0.25510204081632654,0.2755102040816326,6.33
-0.25510204081632654,0.30612244897959184,7.5200000000000005
-0.25510204081632654,0.336734693877551,8.85
-0.25510204081632654,0.36734693877551017,17.830000000000002
-0.25510204081632654,0.3979591836734694,13.38
-0.25510204081632654,0.42857142857142855,11.97
-0.25510204081632654,0.45918367346938777,10.950000000000001
-0.25510204081632654,0.4897959183673469,18.93
-0.25510204081632654,0.5204081632653061,17.28
-0.25510204081632654,0.5510204081632653,15.71
-0.25510204081632654,0.5816326530612245,20.06
-0.25510204081632654,0.6122448979591837,137.11
-0.25510204081632654,0.6428571428571428,52.75
-0.25510204081632654,0.673469387755102,67.3
-0.25510204081632654,0.7040816326530612,67.09
-0.25510204081632654,0.7346938775510203,149.99
-0.25510204081632654,0.7653061224489796,56.78
-0.25510204081632654,0.7959183673469388,149.99
-0.25510204081632654,0.826530612244898,149.99
-0.25510204081632654,0.8571428571428571,149.99
-0.25510204081632654,0.8877551020408163,149.99
-0.25510204081632654,0.9183673469387755,149.99
-0.25510204081632654,0.9489795918367346,149.99
-0.25510204081632654,0.9795918367346939,149.99
-0.25510204081632654,1.010204081632653,31.91
-0.25510204081632654,1.0408163265306123,16.38
-0.25510204081632654,1.0714285714285714,18.92
-0.25510204081632654,1.1020408163265305,94.4
-0.25510204081632654,1.1326530612244898,51.67
-0.25510204081632654,1.163265306122449,32.19
-0.25510204081632654,1.193877551020408,38.43
-0.25510204081632654,1.2244897959183674,38.99
-0.25510204081632654,1.2551020408163265,96.8
-0.25510204081632654,1.2857142857142856,149.99
-0.25510204081632654,1.316326530612245,41.15
-0.25510204081632654,1.346938775510204,27.37
-0.25510204081632654,1.3775510204081631,24.3
-0.25510204081632654,1.4081632653061225,23.06
-0.25510204081632654,1.4387755102040816,22.3
-0.25510204081632654,1.4693877551020407,37.410000000000004
-0.25510204081632654,1.5,30.28
-0.2142857142857143,0.0,149.99
-0.2142857142857143,0.030612244897959183,32.75
-0.2142857142857143,0.061224489795918366,26.42
-0.2142857142857143,0.09183673469387754,21.56
-0.2142857142857143,0.12244897959183673,16.86
-0.2142857142857143,0.15306122448979592,11.84
-0.2142857142857143,0.18367346938775508,12.43
-0.2142857142857143,0.21428571428571427,6.2700000000000005
-0.2142857142857143,0.24489795918367346,7.09
-0.2142857142857143,0.2755102040816326,8.47
-0.2142857142857143,0.30612244897959184,10.92
-0.2142857142857143,0.336734693877551,13.8
-0.2142857142857143,0.36734693877551017,12.1
-0.2142857142857143,0.3979591836734694,11.290000000000001
-0.2142857142857143,0.42857142857142855,10.38
-0.2142857142857143,0.45918367346938777,18.13
-0.2142857142857143,0.4897959183673469,16.52
-0.2142857142857143,0.5204081632653061,15.25
-0.2142857142857143,0.5510204081632653,26.91
-0.2142857142857143,0.5816326530612245,149.99
-0.2142857142857143,0.6122448979591837,43.93
-0.2142857142857143,0.6428571428571428,149.99
-0.2142857142857143,0.673469387755102,149.99
-0.2142857142857143,0.7040816326530612,149.99
-0.2142857142857143,0.7346938775510203,149.99
-0.2142857142857143,0.7653061224489796,149.99
-0.2142857142857143,0.7959183673469388,149.99
-0.2142857142857143,0.826530612244898,149.99
-0.2142857142857143,0.8571428571428571,149.99
-0.2142857142857143,0.8877551020408163,149.99
-0.2142857142857143,0.9183673469387755,149.99
-0.2142857142857143,0.9489795918367346,36.25
-0.2142857142857143,0.9795918367346939,16.84
-0.2142857142857143,1.010204081632653,15.32
-0.2142857142857143,1.0408163265306123,33.17
-0.2142857142857143,1.0714285714285714,46.77
-0.2142857142857143,1.1020408163265305,32.45
-0.2142857142857143,1.1326530612244898,21.94
-0.2142857142857143,1.163265306122449,33.5
-0.2142857142857143,1.193877551020408,38.800000000000004
-0.2142857142857143,1.2244897959183674,47.800000000000004
-0.2142857142857143,1.2551020408163265,33.95
-0.2142857142857143,1.2857142857142856,30.29
-0.2142857142857143,1.316326530612245,26.79
-0.2142857142857143,1.346938775510204,23.35
-0.2142857142857143,1.3775510204081631,22.38
-0.2142857142857143,1.4081632653061225,25.47
-0.2142857142857143,1.4387755102040816,37.300000000000004
-0.2142857142857143,1.4693877551020407,30.25
-0.2142857142857143,1.5,32.97
-0.17346938775510207,0.0,149.99
-0.17346938775510207,0.030612244897959183,29.650000000000002
-0.17346938775510207,0.061224489795918366,24.05
-0.17346938775510207,0.09183673469387754,18.32
-0.17346938775510207,0.12244897959183673,13.86
-0.17346938775510207,0.15306122448979592,6.2700000000000005
-0.17346938775510207,0.18367346938775508,6.61
-0.17346938775510207,0.21428571428571427,8.1
-0.17346938775510207,0.24489795918367346,10.22
-0.17346938775510207,0.2755102040816326,13.32
-0.17346938775510207,0.30612244897959184,12.32
-0.17346938775510207,0.336734693877551,11.42
-0.17346938775510207,0.36734693877551017,10.6
-0.17346938775510207,0.3979591836734694,18.67
-0.17346938775510207,0.42857142857142855,17.150000000000002
-0.17346938775510207,0.45918367346938777,16.02
-0.17346938775510207,0.4897959183673469,21.86
-0.17346938775510207,0.5204081632653061,26.27
-0.17346938775510207,0.5510204081632653,149.99
-0.17346938775510207,0.5816326530612245,149.99
-0.17346938775510207,0.6122448979591837,149.99
-0.17346938775510207,0.6428571428571428,149.99
-0.17346938775510207,0.673469387755102,149.99
-0.17346938775510207,0.7040816326530612,149.99
-0.17346938775510207,0.7346938775510203,149.99
-0.17346938775510207,0.7653061224489796,149.99
-0.17346938775510207,0.7959183673469388,149.99
-0.17346938775510207,0.826530612244898,149.99
-0.17346938775510207,0.8571428571428571,149.99
-0.17346938775510207,0.8877551020408163,36.25
-0.17346938775510207,0.9183673469387755,17.22
-0.17346938775510207,0.9489795918367346,15.47
-0.17346938775510207,0.9795918367346939,23.68
-0.17346938775510207,1.010204081632653,37.59
-0.17346938775510207,1.0408163265306123,32.36
-0.17346938775510207,1.0714285714285714,26.46
-0.17346938775510207,1.1020408163265305,28.86
-0.17346938775510207,1.1326530612244898,31.78
-0.17346938775510207,1.163265306122449,34.81
-0.17346938775510207,1.193877551020408,34.52
-0.17346938775510207,1.2244897959183674,30.5
-0.17346938775510207,1.2551020408163265,26.900000000000002
-0.17346938775510207,1.2857142857142856,23.740000000000002
-0.17346938775510207,1.316326530612245,22.53
-0.17346938775510207,1.346938775510204,22.21
-0.17346938775510207,1.3775510204081631,31.27
-0.17346938775510207,1.4081632653061225,33.74
-0.17346938775510207,1.4387755102040816,32.63
-0.17346938775510207,1.4693877551020407,27.7
-0.17346938775510207,1.5,25.060000000000002
-0.13265306122448983,0.0,149.99
-0.13265306122448983,0.030612244897959183,21.72
-0.13265306122448983,0.061224489795918366,15.280000000000001
-0.13265306122448983,0.09183673469387754,6.2700000000000005
-0.13265306122448983,0.12244897959183673,6.2700000000000005
-0.13265306122448983,0.15306122448979592,7.68
-0.13265306122448983,0.18367346938775508,9.78
-0.13265306122448983,0.21428571428571427,12.5
-0.13265306122448983,0.24489795918367346,12.39
-0.13265306122448983,0.2755102040816326,11.52
-0.13265306122448983,0.30612244897959184,10.790000000000001
-0.13265306122448983,0.336734693877551,10.34
-0.13265306122448983,0.36734693877551017,17.67
-0.13265306122448983,0.3979591836734694,16.5
-0.13265306122448983,0.42857142857142855,15.5
-0.13265306122448983,0.45918367346938777,21.22
-0.13265306122448983,0.4897959183673469,25.830000000000002
-0.13265306122448983,0.5204081632653061,149.99
-0.13265306122448983,0.5510204081632653,149.99
-0.13265306122448983,0.5816326530612245,149.99
-0.13265306122448983,0.6122448979591837,149.99
-0.13265306122448983,0.6428571428571428,149.99
-0.13265306122448983,0.673469387755102,149.99
-0.13265306122448983,0.7040816326530612,149.99
-0.13265306122448983,0.7346938775510203,149.99
-0.13265306122448983,0.7653061224489796,149.99
-0.13265306122448983,0.7959183673469388,149.99
-0.13265306122448983,0.826530612244898,36.07
-0.13265306122448983,0.8571428571428571,21.7
-0.13265306122448983,0.8877551020408163,15.71
-0.13265306122448983,0.9183673469387755,19.22
-0.13265306122448983,0.9489795918367346,32.43
-0.13265306122448983,0.9795918367346939,32.08
-0.13265306122448983,1.010204081632653,26.92
-0.13265306122448983,1.0408163265306123,22.06
-0.13265306122448983,1.0714285714285714,29.16
-0.13265306122448983,1.1020408163265305,28.47
-0.13265306122448983,1.1326530612244898,30.71
-0.13265306122448983,1.163265306122449,30.42
-0.13265306122448983,1.193877551020408,27.07
-0.13265306122448983,1.2244897959183674,26.12
-0.13265306122448983,1.2551020408163265,22.87
-0.13265306122448983,1.2857142857142856,22.14
-0.13265306122448983,1.316326530612245,25.23
-0.13265306122448983,1.346938775510204,34.4
-0.13265306122448983,1.3775510204081631,32.89
-0.13265306122448983,1.4081632653061225,30.19
-0.13265306122448983,1.4387755102040816,23.080000000000002
-0.13265306122448983,1.4693877551020407,30.900000000000002
-0.13265306122448983,1.5,28.560000000000002
-0.0918367346938776,0.0,149.99
-0.0918367346938776,0.030612244897959183,18.77
-0.0918367346938776,0.061224489795918366,6.2700000000000005
-0.0918367346938776,0.09183673469387754,7.19
-0.0918367346938776,0.12244897959183673,9.4
-0.0918367346938776,0.15306122448979592,12.0
-0.0918367346938776,0.18367346938775508,12.34
-0.0918367346938776,0.21428571428571427,11.61
-0.0918367346938776,0.24489795918367346,10.92
-0.0918367346938776,0.2755102040816326,10.38
-0.0918367346938776,0.30612244897959184,18.02
-0.0918367346938776,0.336734693877551,16.88
-0.0918367346938776,0.36734693877551017,16.03
-0.0918367346938776,0.3979591836734694,21.85
-0.0918367346938776,0.42857142857142855,20.69
-0.0918367346938776,0.45918367346938777,25.43
-0.0918367346938776,0.4897959183673469,34.32
-0.0918367346938776,0.5204081632653061,149.99
-0.0918367346938776,0.5510204081632653,149.99
-0.0918367346938776,0.5816326530612245,149.99
-0.0918367346938776,0.6122448979591837,149.99
-0.0918367346938776,0.6428571428571428,149.99
-0.0918367346938776,0.673469387755102,149.99
-0.0918367346938776,0.7040816326530612,149.99
-0.0918367346938776,0.7346938775510203,54.97
-0.0918367346938776,0.7653061224489796,31.79
-0.0918367346938776,0.7959183673469388,21.77
-0.0918367346938776,0.826530612244898,15.97
-0.0918367346938776,0.8571428571428571,18.89
-0.0918367346938776,0.8877551020408163,27.73
-0.0918367346938776,0.9183673469387755,31.61
-0.0918367346938776,0.9489795918367346,27.03
-0.0918367346938776,0.9795918367346939,25.22
-0.0918367346938776,1.010204081632653,25.07
-0.0918367346938776,1.0408163265306123,28.650000000000002
-0.0918367346938776,1.0714285714285714,28.07
-0.0918367346938776,1.1020408163265305,30.26
-0.0918367346938776,1.1326530612244898,27.240000000000002
-0.0918367346938776,1.163265306122449,26.39
-0.0918367346938776,1.193877551020408,23.3
-0.0918367346938776,1.2244897959183674,22.34
-0.0918367346938776,1.2551020408163265,24.39
-0.0918367346938776,1.2857142857142856,30.400000000000002
-0.0918367346938776,1.316326530612245,33.58
-0.0918367346938776,1.346938775510204,30.400000000000002
-0.0918367346938776,1.3775510204081631,26.86
-0.0918367346938776,1.4081632653061225,24.48
-0.0918367346938776,1.4387755102040816,28.23
-0.0918367346938776,1.4693877551020407,26.85
-0.0918367346938776,1.5,29.07
-0.05102040816326536,0.0,6.2700000000000005
-0.05102040816326536,0.030612244897959183,6.69
-0.05102040816326536,0.061224489795918366,8.98
-0.05102040816326536,0.09183673469387754,11.74
-0.05102040816326536,0.12244897959183673,12.26
-0.05102040816326536,0.15306122448979592,11.66
-0.05102040816326536,0.18367346938775508,11.0
-0.05102040816326536,0.21428571428571427,10.47
-0.05102040816326536,0.24489795918367346,18.25
-0.05102040816326536,0.2755102040816326,17.17
-0.05102040816326536,0.30612244897959184,16.37
-0.05102040816326536,0.336734693877551,15.57
-0.05102040816326536,0.36734693877551017,21.26
-0.05102040816326536,0.3979591836734694,20.18
-0.05102040816326536,0.42857142857142855,24.990000000000002
-0.05102040816326536,0.45918367346938777,29.0
-0.05102040816326536,0.4897959183673469,149.99
-0.05102040816326536,0.5204081632653061,149.99
-0.05102040816326536,0.5510204081632653,149.99
-0.05102040816326536,0.5816326530612245,149.99
-0.05102040816326536,0.6122448979591837,149.99
-0.05102040816326536,0.6428571428571428,78.92
-0.05102040816326536,0.673469387755102,41.22
-0.05102040816326536,0.7040816326530612,31.490000000000002
-0.05102040816326536,0.7346938775510203,21.79
-0.05102040816326536,0.7653061224489796,16.2
-0.05102040816326536,0.7959183673469388,18.8
-0.05102040816326536,0.826530612244898,23.44
-0.05102040816326536,0.8571428571428571,27.59
-0.05102040816326536,0.8877551020408163,26.97
-0.05102040816326536,0.9183673469387755,25.580000000000002
-0.05102040816326536,0.9489795918367346,24.77
-0.05102040816326536,0.9795918367346939,28.26
-0.05102040816326536,1.010204081632653,28.02
-0.05102040816326536,1.0408163265306123,27.71
-0.05102040816326536,1.0714285714285714,27.310000000000002
-0.05102040816326536,1.1020408163265305,26.580000000000002
-0.05102040816326536,1.1326530612244898,25.61
-0.05102040816326536,1.163265306122449,22.7
-0.05102040816326536,1.193877551020408,21.97
-0.05102040816326536,1.2244897959183674,26.71
-0.05102040816326536,1.2551020408163265,33.08
-0.05102040816326536,1.2857142857142856,32.25
-0.05102040816326536,1.316326530612245,28.6
-0.05102040816326536,1.346938775510204,23.19
-0.05102040816326536,1.3775510204081631,28.41
-0.05102040816326536,1.4081632653061225,28.47
-0.05102040816326536,1.4387755102040816,24.91
-0.05102040816326536,1.4693877551020407,31.1
-0.05102040816326536,1.5,29.42
-0.010204081632653073,0.0,8.46
-0.010204081632653073,0.030612244897959183,11.6
-0.010204081632653073,0.061224489795918366,12.22
-0.010204081632653073,0.09183673469387754,11.69
-0.010204081632653073,0.12244897959183673,11.06
-0.010204081632653073,0.15306122448979592,10.55
-0.010204081632653073,0.18367346938775508,10.31
-0.010204081632653073,0.21428571428571427,17.38
-0.010204081632653073,0.24489795918367346,16.59
-0.010204081632653073,0.2755102040816326,15.9
-0.010204081632653073,0.30612244897959184,15.33
-0.010204081632653073,0.336734693877551,20.72
-0.010204081632653073,0.36734693877551017,19.81
-0.010204081632653073,0.3979591836734694,24.53
-0.010204081632653073,0.42857142857142855,28.85
-0.010204081632653073,0.45918367346938777,33.13
-0.010204081632653073,0.4897959183673469,42.33
-0.010204081632653073,0.5204081632653061,51.49
-0.010204081632653073,0.5510204081632653,50.800000000000004
-0.010204081632653073,0.5816326530612245,41.63
-0.010204081632653073,0.6122448979591837,36.410000000000004
-0.010204081632653073,0.6428571428571428,31.23
-0.010204081632653073,0.673469387755102,21.76
-0.010204081632653073,0.7040816326530612,16.41
-0.010204081632653073,0.7346938775510203,18.830000000000002
-0.010204081632653073,0.7653061224489796,23.03
-0.010204081632653073,0.7959183673469388,27.14
-0.010204081632653073,0.826530612244898,26.8
-0.010204081632653073,0.8571428571428571,25.740000000000002
-0.010204081632653073,0.8877551020408163,24.87
-0.010204081632653073,0.9183673469387755,24.990000000000002
-0.010204081632653073,0.9489795918367346,27.85
-0.010204081632653073,0.9795918367346939,27.52
-0.010204081632653073,1.010204081632653,27.240000000000002
-0.010204081632653073,1.0408163265306123,26.71
-0.010204081632653073,1.0714285714285714,25.93
-0.010204081632653073,1.1020408163265305,23.240000000000002
-0.010204081632653073,1.1326530612244898,22.17
-0.010204081632653073,1.163265306122449,24.150000000000002
-0.010204081632653073,1.193877551020408,29.830000000000002
-0.010204081632653073,1.2244897959183674,32.52
-0.010204081632653073,1.2551020408163265,29.35
-0.010204081632653073,1.2857142857142856,25.95
-0.010204081632653073,1.316326530612245,23.96
-0.010204081632653073,1.346938775510204,28.01
-0.010204081632653073,1.3775510204081631,27.71
-0.010204081632653073,1.4081632653061225,26.98
-0.010204081632653073,1.4387755102040816,26.36
-0.010204081632653073,1.4693877551020407,32.27
-0.010204081632653073,1.5,45.07
0.030612244897959107,0.0,12.22
0.030612244897959107,0.030612244897959183,11.71
0.030612244897959107,0.061224489795918366,11.1
0.030612244897959107,0.09183673469387754,10.61
0.030612244897959107,0.12244897959183673,10.32
0.030612244897959107,0.15306122448979592,17.52
0.030612244897959107,0.18367346938775508,16.75
0.030612244897959107,0.21428571428571427,16.12
0.030612244897959107,0.24489795918367346,15.51
0.030612244897959107,0.2755102040816326,20.96
0.030612244897959107,0.30612244897959184,20.2
0.030612244897959107,0.336734693877551,19.69
0.030612244897959107,0.36734693877551017,24.12
0.030612244897959107,0.3979591836734694,28.48
0.030612244897959107,0.42857142857142855,32.730000000000004
0.030612244897959107,0.45918367346938777,32.89
0.030612244897959107,0.4897959183673469,36.84
0.030612244897959107,0.5204081632653061,36.52
0.030612244897959107,0.5510204081632653,31.93
0.030612244897959107,0.5816326530612245,27.01
0.030612244897959107,0.6122448979591837,21.71
0.030612244897959107,0.6428571428571428,16.61
0.030612244897959107,0.673469387755102,18.93
0.030612244897959107,0.7040816326530612,22.77
0.030612244897959107,0.7346938775510203,26.78
0.030612244897959107,0.7653061224489796,26.580000000000002
0.030612244897959107,0.7959183673469388,25.78
0.030612244897959107,0.826530612244898,24.990000000000002
0.030612244897959107,0.8571428571428571,24.78
0.030612244897959107,0.8877551020408163,27.68
0.030612244897959107,0.9183673469387755,27.37
0.030612244897959107,0.9489795918367346,27.13
0.030612244897959107,0.9795918367346939,26.76
0.030612244897959107,1.010204081632653,26.150000000000002
0.030612244897959107,1.0408163265306123,25.310000000000002
0.030612244897959107,1.0714285714285714,22.6
0.030612244897959107,1.1020408163265305,22.02
0.030612244897959107,1.1326530612244898,26.84
0.030612244897959107,1.163265306122449,30.46
0.030612244897959107,1.193877551020408,29.71
0.030612244897959107,1.2244897959183674,26.900000000000002
0.030612244897959107,1.2551020408163265,23.54
0.030612244897959107,1.2857142857142856,26.38
0.030612244897959107,1.316326530612245,28.05
0.030612244897959107,1.346938775510204,26.28
0.030612244897959107,1.3775510204081631,29.05
0.030612244897959107,1.4081632653061225,29.650000000000002
0.030612244897959107,1.4387755102040816,8.63
0.030612244897959107,1.4693877551020407,44.51
0.030612244897959107,1.5,45.93
0.0714285714285714,0.0,11.15
0.0714285714285714,0.030612244897959183,10.66
0.0714285714285714,0.061224489795918366,10.36
0.0714285714285714,0.09183673469387754,17.62
0.0714285714285714,0.12244897959183673,16.86
0.0714285714285714,0.15306122448979592,16.26
0.0714285714285714,0.18367346938775508,15.700000000000001
0.0714285714285714,0.21428571428571427,21.080000000000002
0.0714285714285714,0.24489795918367346,20.43
0.0714285714285714,0.2755102040816326,19.76
0.0714285714285714,0.30612244897959184,24.400000000000002
0.0714285714285714,0.336734693877551,23.830000000000002
0.0714285714285714,0.36734693877551017,28.1
0.0714285714285714,0.3979591836734694,28.150000000000002
0.0714285714285714,0.42857142857142855,32.11
0.0714285714285714,0.45918367346938777,31.94
0.0714285714285714,0.4897959183673469,31.490000000000002
0.0714285714285714,0.5204081632653061,26.740000000000002
0.0714285714285714,0.5510204081632653,21.64
0.0714285714285714,0.5816326530612245,20.25
0.0714285714285714,0.6122448979591837,19.07
0.0714285714285714,0.6428571428571428,19.18
0.0714285714285714,0.673469387755102,23.11
0.0714285714285714,0.7040816326530612,26.38
0.0714285714285714,0.7346938775510203,25.740000000000002
0.0714285714285714,0.7653061224489796,25.07
0.0714285714285714,0.7959183673469388,24.76
0.0714285714285714,0.826530612244898,24.95
0.0714285714285714,0.8571428571428571,27.25
0.0714285714285714,0.8877551020408163,27.02
0.0714285714285714,0.9183673469387755,26.75
0.0714285714285714,0.9489795918367346,26.28
0.0714285714285714,0.9795918367346939,25.61
0.0714285714285714,1.010204081632653,24.82
0.0714285714285714,1.0408163265306123,22.05
0.0714285714285714,1.0714285714285714,24.240000000000002
0.0714285714285714,1.1020408163265305,29.16
0.0714285714285714,1.1326530612244898,29.84
0.0714285714285714,1.163265306122449,27.46
0.0714285714285714,1.193877551020408,25.51
0.0714285714285714,1.2244897959183674,24.46
0.0714285714285714,1.2551020408163265,27.560000000000002
0.0714285714285714,1.2857142857142856,27.89
0.0714285714285714,1.316326530612245,26.28
0.0714285714285714,1.346938775510204,28.92
0.0714285714285714,1.3775510204081631,29.91
0.0714285714285714,1.4081632653061225,8.49
0.0714285714285714,1.4387755102040816,44.22
0.0714285714285714,1.4693877551020407,42.63
0.0714285714285714,1.5,41.36
0.11224489795918358,0.0,10.39
0.11224489795918358,0.030612244897959183,17.69
0.11224489795918358,0.061224489795918366,16.93
0.11224489795918358,0.09183673469387754,16.34
0.11224489795918358,0.12244897959183673,15.83
0.11224489795918358,0.15306122448979592,15.42
0.11224489795918358,0.18367346938775508,20.55
0.11224489795918358,0.21428571428571427,19.93
0.11224489795918358,0.24489795918367346,19.53
0.11224489795918358,0.2755102040816326,23.89
0.11224489795918358,0.30612244897959184,23.650000000000002
0.11224489795918358,0.336734693877551,27.75
0.11224489795918358,0.36734693877551017,27.72
0.11224489795918358,0.3979591836734694,27.71
0.11224489795918358,0.42857142857142855,27.27
0.11224489795918358,0.45918367346938777,26.52
0.11224489795918358,0.4897959183673469,21.57
0.11224489795918358,0.5204081632653061,20.330000000000002
0.11224489795918358,0.5510204081632653,19.240000000000002
0.11224489795918358,0.5816326530612245,19.13
0.11224489795918358,0.6122448979591837,22.900000000000002
0.11224489795918358,0.6428571428571428,23.21
0.11224489795918358,0.673469387755102,25.68
0.11224489795918358,0.7040816326530612,25.11
0.11224489795918358,0.7346938775510203,24.78
0.11224489795918358,0.7653061224489796,24.75
0.11224489795918358,0.7959183673469388,27.17
0.11224489795918358,0.826530612244898,26.92
0.11224489795918358,0.8571428571428571,26.71
0.11224489795918358,0.8877551020408163,26.35
0.11224489795918358,0.9183673469387755,25.84
0.11224489795918358,0.9489795918367346,25.17
0.11224489795918358,0.9795918367346939,22.45
0.11224489795918358,1.010204081632653,23.7
0.11224489795918358,1.0408163265306123,26.89
0.11224489795918358,1.0714285714285714,29.48
0.11224489795918358,1.1020408163265305,28.02
0.11224489795918358,1.1326530612244898,26.44
0.11224489795918358,1.163265306122449,23.98
0.11224489795918358,1.193877551020408,25.5
0.11224489795918358,1.2244897959183674,27.66
0.11224489795918358,1.2551020408163265,27.03
0.11224489795918358,1.2857142857142856,26.75
0.11224489795918358,1.316326530612245,27.77
0.11224489795918358,1.346938775510204,31.28
0.11224489795918358,1.3775510204081631,8.48
0.11224489795918358,1.4081632653061225,43.480000000000004
0.11224489795918358,1.4387755102040816,42.07
0.11224489795918358,1.4693877551020407,41.36
0.11224489795918358,1.5,40.45
0.15306122448979587,0.0,16.990000000000002
0.15306122448979587,0.030612244897959183,16.4
0.15306122448979587,0.061224489795918366,15.9
0.15306122448979587,0.09183673469387754,15.5
0.15306122448979587,0.12244897959183673,20.62
0.15306122448979587,0.15306122448979592,20.04
0.15306122448979587,0.18367346938775508,19.55
0.15306122448979587,0.21428571428571427,23.98
0.15306122448979587,0.24489795918367346,23.54
0.15306122448979587,0.2755102040816326,23.5
0.15306122448979587,0.30612244897959184,27.400000000000002
0.15306122448979587,0.336734693877551,27.25
0.15306122448979587,0.36734693877551017,26.93
0.15306122448979587,0.3979591836734694,26.330000000000002
0.15306122448979587,0.42857142857142855,21.5
0.15306122448979587,0.45918367346938777,20.41
0.15306122448979587,0.4897959183673469,19.41
0.15306122448979587,0.5204081632653061,19.16
0.15306122448979587,0.5510204081632653,22.76
0.15306122448979587,0.5816326530612245,22.98
0.15306122448979587,0.6122448979591837,25.62
0.15306122448979587,0.6428571428571428,25.13
0.15306122448979587,0.673469387755102,24.8
0.15306122448979587,0.7040816326530612,24.67
0.15306122448979587,0.7346938775510203,27.13
0.15306122448979587,0.7653061224489796,26.85
0.15306122448979587,0.7959183673469388,26.650000000000002
0.15306122448979587,0.826530612244898,26.38
0.15306122448979587,0.8571428571428571,25.98
0.15306122448979587,0.8877551020408163,25.45
0.15306122448979587,0.9183673469387755,24.66
0.15306122448979587,0.9489795918367346,22.19
0.15306122448979587,0.9795918367346939,24.5
0.15306122448979587,1.010204081632653,27.75
0.15306122448979587,1.0408163265306123,28.32
0.15306122448979587,1.0714285714285714,26.900000000000002
0.15306122448979587,1.1020408163265305,25.62
0.15306122448979587,1.1326530612244898,24.79
0.15306122448979587,1.163265306122449,26.88
0.15306122448979587,1.193877551020408,27.650000000000002
0.15306122448979587,1.2244897959183674,26.43
0.15306122448979587,1.2551020408163265,28.67
0.15306122448979587,1.2857142857142856,27.810000000000002
0.15306122448979587,1.316326530612245,30.46
0.15306122448979587,1.346938775510204,46.07
0.15306122448979587,1.3775510204081631,43.300000000000004
0.15306122448979587,1.4081632653061225,41.980000000000004
0.15306122448979587,1.4387755102040816,41.36
0.15306122448979587,1.4693877551020407,40.44
0.15306122448979587,1.5,39.94
0.19387755102040816,0.0,15.94
0.19387755102040816,0.030612244897959183,15.56
0.19387755102040816,0.061224489795918366,20.67
0.19387755102040816,0.09183673469387754,20.11
0.19387755102040816,0.12244897959183673,19.61
0.19387755102040816,0.15306122448979592,19.35
0.19387755102040816,0.18367346938775508,23.53
0.19387755102040816,0.21428571428571427,23.28
0.19387755102040816,0.24489795918367346,23.3
0.19387755102040816,0.2755102040816326,27.0
0.19387755102040816,0.30612244897959184,26.69
0.19387755102040816,0.336734693877551,26.150000000000002
0.19387755102040816,0.36734693877551017,21.45
0.19387755102040816,0.3979591836734694,20.48
0.19387755102040816,0.42857142857142855,19.59
0.19387755102040816,0.45918367346938777,19.240000000000002
0.19387755102040816,0.4897959183673469,22.69
0.19387755102040816,0.5204081632653061,22.830000000000002
0.19387755102040816,0.5510204081632653,22.92
0.19387755102040816,0.5816326530612245,25.13
0.19387755102040816,0.6122448979591837,24.810000000000002
0.19387755102040816,0.6428571428571428,24.64
0.19387755102040816,0.673469387755102,24.7
0.19387755102040816,0.7040816326530612,26.8
0.19387755102040816,0.7346938775510203,26.6
0.19387755102040816,0.7653061224489796,26.37
0.19387755102040816,0.7959183673469388,26.060000000000002
0.19387755102040816,0.826530612244898,25.66
0.19387755102040816,0.8571428571428571,25.04
0.19387755102040816,0.8877551020408163,22.46
0.19387755102040816,0.9183673469387755,23.87
0.19387755102040816,0.9489795918367346,26.79
0.19387755102040816,0.9795918367346939,27.810000000000002
0.19387755102040816,1.010204081632653,27.2
0.19387755102040816,1.0408163265306123,26.310000000000002
0.19387755102040816,1.0714285714285714,25.09
0.19387755102040816,1.1020408163265305,25.26
0.19387755102040816,1.1326530612244898,27.25
0.19387755102040816,1.163265306122449,27.27
0.19387755102040816,1.193877551020408,26.38
0.19387755102040816,1.2244897959183674,28.51
0.19387755102040816,1.2551020408163265,29.85
0.19387755102040816,1.2857142857142856,9.33
0.19387755102040816,1.316326530612245,45.15
0.19387755102040816,1.346938775510204,43.21
0.19387755102040816,1.3775510204081631,41.94
0.19387755102040816,1.4081632653061225,41.37
0.19387755102040816,1.4387755102040816,40.44
0.19387755102040816,1.4693877551020407,39.97
0.19387755102040816,1.5,39.69
0.23469387755102034,0.0,20.71
0.23469387755102034,0.030612244897959183,20.16
0.23469387755102034,0.061224489795918366,19.67
0.23469387755102034,0.09183673469387754,19.32
0.23469387755102034,0.12244897959183673,23.54
0.23469387755102034,0.15306122448979592,23.18
0.23469387755102034,0.18367346938775508,23.01
0.23469387755102034,0.21428571428571427,22.94
0.23469387755102034,0.24489795918367346,26.5
0.23469387755102034,0.2755102040816326,22.150000000000002
0.23469387755102034,0.30612244897959184,21.400000000000002
0.23469387755102034,0.336734693877551,20.56
0.23469387755102034,0.36734693877551017,19.77
0.23469387755102034,0.3979591836734694,19.36
0.23469387755102034,0.42857142857142855,22.67
0.23469387755102034,0.45918367346938777,22.75
0.23469387755102034,0.4897959183673469,22.8
0.23469387755102034,0.5204081632653061,25.150000000000002
0.23469387755102034,0.5510204081632653,24.830000000000002
0.23469387755102034,0.5816326530612245,24.63
0.23469387755102034,0.6122448979591837,24.59
0.23469387755102034,0.6428571428571428,26.78
0.23469387755102034,0.673469387755102,26.560000000000002
0.23469387755102034,0.7040816326530612,26.35
0.23469387755102034,0.7346938775510203,26.1
0.23469387755102034,0.7653061224489796,25.8
0.23469387755102034,0.7959183673469388,25.330000000000002
0.23469387755102034,0.826530612244898,24.47
0.23469387755102034,0.8571428571428571,23.7
0.23469387755102034,0.8877551020408163,24.73
0.23469387755102034,0.9183673469387755,27.25
0.23469387755102034,0.9489795918367346,27.310000000000002
0.23469387755102034,0.9795918367346939,26.67
0.23469387755102034,1.010204081632653,25.810000000000002
0.23469387755102034,1.0408163265306123,25.03
0.23469387755102034,1.0714285714285714,25.54
0.23469387755102034,1.1020408163265305,27.32
0.23469387755102034,1.1326530612244898,26.810000000000002
0.23469387755102034,1.163265306122449,26.39
0.23469387755102034,1.193877551020408,27.79
0.23469387755102034,1.2244897959183674,28.71
0.23469387755102034,1.2551020408163265,8.76
0.23469387755102034,1.2857142857142856,44.88
0.23469387755102034,1.316326530612245,43.17
0.23469387755102034,1.346938775510204,41.92
0.23469387755102034,1.3775510204081631,41.39
0.23469387755102034,1.4081632653061225,40.47
0.23469387755102034,1.4387755102040816,40.01
0.23469387755102034,1.4693877551020407,39.730000000000004
0.23469387755102034,1.5,42.34
0.2755102040816326,0.0,19.71
0.2755102040816326,0.030612244897959183,19.330000000000002
0.2755102040816326,0.061224489795918366,19.11
0.2755102040816326,0.09183673469387754,23.14
0.2755102040816326,0.12244897959183673,22.86
0.2755102040816326,0.15306122448979592,22.66
0.2755102040816326,0.18367346938775508,22.42
0.2755102040816326,0.21428571428571427,21.990000000000002
0.2755102040816326,0.24489795918367346,21.37
0.2755102040816326,0.2755102040816326,20.650000000000002
0.2755102040816326,0.30612244897959184,19.96
0.2755102040816326,0.336734693877551,19.53
0.2755102040816326,0.36734693877551017,22.69
0.2755102040816326,0.3979591836734694,22.71
0.2755102040816326,0.42857142857142855,22.73
0.2755102040816326,0.45918367346938777,25.18
0.2755102040816326,0.4897959183673469,24.86
0.2755102040816326,0.5204081632653061,24.64
0.2755102040816326,0.5510204081632653,24.54
0.2755102040816326,0.5816326530612245,24.64
0.2755102040816326,0.6122448979591837,26.53
0.2755102040816326,0.6428571428571428,26.34
0.2755102040816326,0.673469387755102,26.11
0.2755102040816326,0.7040816326530612,25.89
0.2755102040816326,0.7346938775510203,25.55
0.2755102040816326,0.7653061224489796,24.900000000000002
0.2755102040816326,0.7959183673469388,23.92
0.2755102040816326,0.826530612244898,24.12
0.2755102040816326,0.8571428571428571,26.61
0.2755102040816326,0.8877551020408163,27.19
0.2755102040816326,0.9183673469387755,26.87
0.2755102040816326,0.9489795918367346,26.29
0.2755102040816326,0.9795918367346939,25.42
0.2755102040816326,1.010204081632653,25.21
0.2755102040816326,1.0408163265306123,26.830000000000002
0.2755102040816326,1.0714285714285714,27.240000000000002
0.2755102040816326,1.1020408163265305,26.46
0.2755102040816326,1.1326530612244898,28.35
0.2755102040816326,1.163265306122449,27.34
0.2755102040816326,1.193877551020408,30.94
0.2755102040816326,1.2244897959183674,9.15
0.2755102040816326,1.2551020408163265,44.75
0.2755102040816326,1.2857142857142856,43.160000000000004
0.2755102040816326,1.316326530612245,41.94
0.2755102040816326,1.346938775510204,41.43
0.2755102040816326,1.3775510204081631,40.52
0.2755102040816326,1.4081632653061225,40.050000000000004
0.2755102040816326,1.4387755102040816,39.77
0.2755102040816326,1.4693877551020407,39.52
0.2755102040816326,1.5,38.77
0.3163265306122448,0.0,19.05
0.3163265306122448,0.030612244897959183,23.12
0.3163265306122448,0.061224489795918366,22.76
0.3163265306122448,0.09183673469387754,22.490000000000002
0.3163265306122448,0.12244897959183673,22.23
0.3163265306122448,0.15306122448979592,21.87
0.3163265306122448,0.18367346938775508,21.36
0.3163265306122448,0.21428571428571427,20.75
0.3163265306122448,0.24489795918367346,20.16
0.3163265306122448,0.2755102040816326,19.73
0.3163265306122448,0.30612244897959184,22.76
0.3163265306122448,0.336734693877551,22.71
0.3163265306122448,0.36734693877551017,22.7
0.3163265306122448,0.3979591836734694,22.69
0.3163265306122448,0.42857142857142855,24.91
0.3163265306122448,0.45918367346938777,24.67
0.3163265306122448,0.4897959183673469,24.53
0.3163265306122448,0.5204081632653061,24.54
0.3163265306122448,0.5510204081632653,26.53
0.3163265306122448,0.5816326530612245,26.330000000000002
0.3163265306122448,0.6122448979591837,26.12
0.3163265306122448,0.6428571428571428,25.93
0.3163265306122448,0.673469387755102,25.7
0.3163265306122448,0.7040816326530612,25.23
0.3163265306122448,0.7346938775510203,24.39
0.3163265306122448,0.7653061224489796,23.95
0.3163265306122448,0.7959183673469388,24.87
0.3163265306122448,0.826530612244898,26.89
0.3163265306122448,0.8571428571428571,26.93
0.3163265306122448,0.8877551020408163,26.560000000000002
0.3163265306122448,0.9183673469387755,25.94
0.3163265306122448,0.9489795918367346,25.25
0.3163265306122448,0.9795918367346939,25.36
0.3163265306122448,1.010204081632653,27.01
0.3163265306122448,1.0408163265306123,27.01
0.3163265306122448,1.0714285714285714,26.22
0.3163265306122448,1.1020408163265305,28.22
0.3163265306122448,1.1326530612244898,29.47
0.3163265306122448,1.163265306122449,30.0
0.3163265306122448,1.193877551020408,47.74
0.3163265306122448,1.2244897959183674,44.67
0.3163265306122448,1.2551020408163265,43.160000000000004
0.3163265306122448,1.2857142857142856,41.980000000000004
0.3163265306122448,1.316326530612245,41.46
0.3163265306122448,1.346938775510204,40.59
0.3163265306122448,1.3775510204081631,40.1
0.3163265306122448,1.4081632653061225,39.82
0.3163265306122448,1.4387755102040816,39.56
0.3163265306122448,1.4693877551020407,38.82
0.3163265306122448,1.5,38.51
0.3571428571428571,0.0,22.7
0.3571428571428571,0.030612244897959183,22.37
0.3571428571428571,0.061224489795918366,22.09
0.3571428571428571,0.09183673469387754,21.78
0.3571428571428571,0.12244897959183673,21.37
0.3571428571428571,0.15306122448979592,20.87
0.3571428571428571,0.18367346938775508,20.37
0.3571428571428571,0.21428571428571427,19.97
0.3571428571428571,0.24489795918367346,22.88
0.3571428571428571,0.2755102040816326,22.76
0.3571428571428571,0.30612244897959184,22.7
0.3571428571428571,0.336734693877551,22.67
0.3571428571428571,0.36734693877551017,24.97
0.3571428571428571,0.3979591836734694,24.72
0.3571428571428571,0.42857142857142855,24.54
0.3571428571428571,0.45918367346938777,24.48
0.3571428571428571,0.4897959183673469,24.59
0.3571428571428571,0.5204081632653061,26.330000000000002
0.3571428571428571,0.5510204081632653,26.13
0.3571428571428571,0.5816326530612245,25.95
0.3571428571428571,0.6122448979591837,25.79
0.3571428571428571,0.6428571428571428,25.48
0.3571428571428571,0.673469387755102,24.84
0.3571428571428571,0.7040816326530612,24.1
0.3571428571428571,0.7346938775510203,24.36
0.3571428571428571,0.7653061224489796,26.400000000000002
0.3571428571428571,0.7959183673469388,26.85
0.3571428571428571,0.826530612244898,26.7
0.3571428571428571,0.8571428571428571,26.3
0.3571428571428571,0.8877551020408163,25.63
0.3571428571428571,0.9183673469387755,25.27
0.3571428571428571,0.9489795918367346,25.39
0.3571428571428571,0.9795918367346939,27.080000000000002
0.3571428571428571,1.010204081632653,26.7
0.3571428571428571,1.0408163265306123,26.080000000000002
0.3571428571428571,1.0714285714285714,27.76
0.3571428571428571,1.1020408163265305,29.1
0.3571428571428571,1.1326530612244898,31.46
0.3571428571428571,1.163265306122449,46.95
0.3571428571428571,1.193877551020408,44.62
0.3571428571428571,1.2244897959183674,43.19
0.3571428571428571,1.2551020408163265,42.050000000000004
0.3571428571428571,1.2857142857142856,41.51
0.3571428571428571,1.316326530612245,40.69
0.3571428571428571,1.346938775510204,40.17
0.3571428571428571,1.3775510204081631,39.88
0.3571428571428571,1.4081632653061225,39.62
0.3571428571428571,1.4387755102040816,38.88
0.3571428571428571,1.4693877551020407,38.57
0.3571428571428571,1.5,38.32
0.3979591836734693,0.0,21.98
0.3979591836734693,0.030612244897959183,21.7
0.3979591836734693,0.061224489795918366,21.39
0.3979591836734693,0.09183673469387754,21.01
0.3979591836734693,0.12244897959183673,20.6
0.3979591836734693,0.15306122448979592,20.26
0.3979591836734693,0.18367346938775508,23.05
0.3979591836734693,0.21428571428571427,22.85
0.3979591836734693,0.24489795918367346,22.740000000000002
0.3979591836734693,0.2755102040816326,22.69
0.3979591836734693,0.30612244897959184,25.07
0.3979591836734693,0.336734693877551,24.79
0.3979591836734693,0.36734693877551017,24.580000000000002
0.3979591836734693,0.3979591836734694,24.47
0.3979591836734693,0.42857142857142855,24.5
0.3979591836734693,0.45918367346938777,26.36
0.3979591836734693,0.4897959183673469,26.16
0.3979591836734693,0.5204081632653061,25.97
0.3979591836734693,0.5510204081632653,25.84
0.3979591836734693,0.5816326530612245,25.650000000000002
0.3979591836734693,0.6122448979591837,25.19
0.3979591836734693,0.6428571428571428,24.490000000000002
0.3979591836734693,0.673469387755102,24.240000000000002
0.3979591836734693,0.7040816326530612,24.93
0.3979591836734693,0.7346938775510203,26.64
0.3979591836734693,0.7653061224489796,26.73
0.3979591836734693,0.7959183673469388,26.5
0.3979591836734693,0.826530612244898,26.04
0.3979591836734693,0.8571428571428571,25.45
0.3979591836734693,0.8877551020408163,25.310000000000002
0.3979591836734693,0.9183673469387755,26.72
0.3979591836734693,0.9489795918367346,27.02
0.3979591836734693,0.9795918367346939,26.39
0.3979591836734693,1.010204081632653,28.04
0.3979591836734693,1.0408163265306123,27.25
0.3979591836734693,1.0714285714285714,28.490000000000002
0.3979591836734693,1.1020408163265305,9.55
0.3979591836734693,1.1326530612244898,46.71
0.3979591836734693,1.163265306122449,44.61
0.3979591836734693,1.193877551020408,43.230000000000004
0.3979591836734693,1.2244897959183674,42.13
0.3979591836734693,1.2551020408163265,41.57
0.3979591836734693,1.2857142857142856,41.11
0.3979591836734693,1.316326530612245,40.25
0.3979591836734693,1.346938775510204,39.94
0.3979591836734693,1.3775510204081631,39.68
0.3979591836734693,1.4081632653061225,38.96
0.3979591836734693,1.4387755102040816,38.63
0.3979591836734693,1.4693877551020407,38.38
0.3979591836734693,1.5,38.18
0.43877551020408156,0.0,21.44
0.43877551020408156,0.030612244897959183,21.18
0.43877551020408156,0.061224489795918366,20.89
0.43877551020408156,0.09183673469387754,23.68
0.43877551020408156,0.12244897959183673,23.27
0.43877551020408156,0.15306122448979592,22.990000000000002
0.43877551020408156,0.18367346938775508,22.82
0.43877551020408156,0.21428571428571427,22.73
0.43877551020408156,0.24489795918367346,25.19
0.43877551020408156,0.2755102040816326,24.89
0.43877551020408156,0.30612244897959184,24.650000000000002
0.43877551020408156,0.336734693877551,24.490000000000002
0.43877551020408156,0.36734693877551017,24.46
0.43877551020408156,0.3979591836734694,26.400000000000002
0.43877551020408156,0.42857142857142855,26.19
0.43877551020408156,0.45918367346938777,26.0
0.43877551020408156,0.4897959183673469,25.87
0.43877551020408156,0.5204081632653061,25.75
0.43877551020408156,0.5510204081632653,25.45
0.43877551020408156,0.5816326530612245,24.89
0.43877551020408156,0.6122448979591837,24.39
0.43877551020408156,0.6428571428571428,24.580000000000002
0.43877551020408156,0.673469387755102,26.22
0.43877551020408156,0.7040816326530612,26.650000000000002
0.43877551020408156,0.7346938775510203,26.6
0.43877551020408156,0.7653061224489796,26.32
0.43877551020408156,0.7959183673469388,25.79
0.43877551020408156,0.826530612244898,25.39
0.43877551020408156,0.8571428571428571,25.29
0.43877551020408156,0.8877551020408163,26.87
0.43877551020408156,0.9183673469387755,26.85
0.43877551020408156,0.9489795918367346,26.11
0.43877551020408156,0.9795918367346939,27.97
0.43877551020408156,1.010204081632653,27.07
0.43877551020408156,1.0408163265306123,28.45
0.43877551020408156,1.0714285714285714,9.44
0.43877551020408156,1.1020408163265305,46.59
0.43877551020408156,1.1326530612244898,44.63
0.43877551020408156,1.163265306122449,43.300000000000004
0.43877551020408156,1.193877551020408,42.24
0.43877551020408156,1.2244897959183674,41.65
0.43877551020408156,1.2551020408163265,41.21
0.43877551020408156,1.2857142857142856,40.34
0.43877551020408156,1.316326530612245,40.0
0.43877551020408156,1.346938775510204,39.75
0.43877551020408156,1.3775510204081631,39.06
0.43877551020408156,1.4081632653061225,38.71
0.43877551020408156,1.4387755102040816,38.45
0.43877551020408156,1.4693877551020407,38.24
0.43877551020408156,1.5,38.07
0.47959183673469385,0.0,24.48
0.47959183673469385,0.030612244897959183,24.01
0.47959183673469385,0.061224489795918366,23.55
0.47959183673469385,0.09183673469387754,23.2
0.47959183673469385,0.12244897959183673,22.95
0.47959183673469385,0.15306122448979592,22.81
0.47959183673469385,0.18367346938775508,25.34
0.47959183673469385,0.21428571428571427,25.02
0.47959183673469385,0.24489795918367346,24.75
0.47959183673469385,0.2755102040816326,24.55
0.47959183673469385,0.30612244897959184,24.46
0.47959183673469385,0.336734693877551,24.490000000000002
0.47959183673469385,0.36734693877551017,26.25
0.47959183673469385,0.3979591836734694,26.05
0.47959183673469385,0.42857142857142855,25.89
0.47959183673469385,0.45918367346938777,25.8
0.47959183673469385,0.4897959183673469,25.64
0.47959183673469385,0.5204081632653061,25.240000000000002
0.47959183673469385,0.5510204081632653,24.71
0.47959183673469385,0.5816326530612245,24.54
0.47959183673469385,0.6122448979591837,24.990000000000002
0.47959183673469385,0.6428571428571428,26.47
0.47959183673469385,0.673469387755102,26.61
0.47959183673469385,0.7040816326530612,26.48
0.47959183673469385,0.7346938775510203,26.12
0.47959183673469385,0.7653061224489796,25.63
0.47959183673469385,0.7959183673469388,25.37
0.47959183673469385,0.826530612244898,26.41
0.47959183673469385,0.8571428571428571,26.92
0.47959183673469385,0.8877551020408163,26.62
0.47959183673469385,0.9183673469387755,25.92
0.47959183673469385,0.9489795918367346,27.72
0.47959183673469385,0.9795918367346939,27.02
0.47959183673469385,1.010204081632653,30.01
0.47959183673469385,1.0408163265306123,9.42
0.47959183673469385,1.0714285714285714,46.550000000000004
0.47959183673469385,1.1020408163265305,44.69
0.47959183673469385,1.1326530612244898,43.39
0.47959183673469385,1.163265306122449,42.39
0.47959183673469385,1.193877551020408,41.74
0.47959183673469385,1.2244897959183674,41.31
0.47959183673469385,1.2551020408163265,40.46
0.47959183673469385,1.2857142857142856,40.08
0.47959183673469385,1.316326530612245,39.82
0.47959183673469385,1.346938775510204,39.52
0.47959183673469385,1.3775510204081631,38.800000000000004
0.47959183673469385,1.4081632653061225,38.52
0.47959183673469385,1.4387755102040816,38.31
0.47959183673469385,1.4693877551020407,38.13
0.47959183673469385,1.5,37.97
0.5204081632653061,0.0,23.91
0.5204081632653061,0.030612244897959183,23.48
0.5204081632653061,0.061224489795918366,23.150000000000002
0.5204081632653061,0.09183673469387754,22.95
0.5204081632653061,0.12244897959183673,22.87
0.5204081632653061,0.15306122448979592,25.18
0.5204081632653061,0.18367346938775508,24.89
0.5204081632653061,0.21428571428571427,24.650000000000002
0.5204081632653061,0.24489795918367346,24.5
0.5204081632653061,0.2755102040816326,24.46
0.5204081632653061,0.30612244897959184,26.330000000000002
0.5204081632653061,0.336734693877551,26.12
0.5204081632653061,0.36734693877551017,25.94
0.5204081632653061,0.3979591836734694,25.84
0.5204081632653061,0.42857142857142855,25.75
0.5204081632653061,0.45918367346938777,25.5
0.5204081632653061,0.4897959183673469,25.060000000000002
0.5204081632653061,0.5204081632653061,24.7
0.5204081632653061,0.5510204081632653,24.79
0.5204081632653061,0.5816326530612245,26.11
0.5204081632653061,0.6122448979591837,26.53
0.5204081632653061,0.6428571428571428,26.55
0.5204081632653061,0.673469387755102,26.34
0.5204081632653061,0.7040816326530612,25.93
0.5204081632653061,0.7346938775510203,25.55
0.5204081632653061,0.7653061224489796,25.32
0.5204081632653061,0.7959183673469388,26.68
0.5204081632653061,0.826530612244898,26.87
0.5204081632653061,0.8571428571428571,26.37
0.5204081632653061,0.8877551020408163,27.79
0.5204081632653061,0.9183673469387755,27.41
0.5204081632653061,0.9489795918367346,28.73
0.5204081632653061,0.9795918367346939,29.84
0.5204081632653061,1.010204081632653,9.48
0.5204081632653061,1.0408163265306123,46.58
0.5204081632653061,1.0714285714285714,44.78
0.5204081632653061,1.1020408163265305,43.51
0.5204081632653061,1.1326530612244898,42.81
0.5204081632653061,1.163265306122449,41.86
0.5204081632653061,1.193877551020408,41.410000000000004
0.5204081632653061,1.2244897959183674,40.59
0.5204081632653061,1.2551020408163265,40.18
0.5204081632653061,1.2857142857142856,39.9
0.5204081632653061,1.316326530612245,39.63
0.5204081632653061,1.346938775510204,38.9
0.5204081632653061,1.3775510204081631,38.6
0.5204081632653061,1.4081632653061225,38.38
0.5204081632653061,1.4387755102040816,38.19
0.5204081632653061,1.4693877551020407,38.02
0.5204081632653061,1.5,37.44
0.5612244897959182,0.0,23.45
0.5612244897959182,0.030612244897959183,23.150000000000002
0.5612244897959182,0.061224489795918366,23.0
0.5612244897959182,0.09183673469387754,25.38
0.5612244897959182,0.12244897959183673,25.060000000000002
0.5612244897959182,0.15306122448979592,24.79
0.5612244897959182,0.18367346938775508,24.580000000000002
0.5612244897959182,0.21428571428571427,24.490000000000002
0.5612244897959182,0.24489795918367346,24.53
0.5612244897959182,0.2755102040816326,26.21
0.5612244897959182,0.30612244897959184,26.01
0.5612244897959182,0.336734693877551,25.87
0.5612244897959182,0.36734693877551017,25.810000000000002
0.5612244897959182,0.3979591836734694,25.68
0.5612244897959182,0.42857142857142855,25.37
0.5612244897959182,0.45918367346938777,24.98
0.5612244897959182,0.4897959183673469,24.830000000000002
0.5612244897959182,0.5204081632653061,25.09
0.5612244897959182,0.5510204081632653,26.39
0.5612244897959182,0.5816326530612245,26.54
0.5612244897959182,0.6122448979591837,26.47
0.5612244897959182,0.6428571428571428,26.2
0.5612244897959182,0.673469387755102,25.8
0.5612244897959182,0.7040816326530612,25.5
0.5612244897959182,0.7346938775510203,25.240000000000002
0.5612244897959182,0.7653061224489796,26.79
0.5612244897959182,0.7959183673469388,26.75
0.5612244897959182,0.826530612244898,26.14
0.5612244897959182,0.8571428571428571,27.78
0.5612244897959182,0.8877551020408163,27.16
0.5612244897959182,0.9183673469387755,28.53
0.5612244897959182,0.9489795918367346,29.73
0.5612244897959182,0.9795918367346939,9.540000000000001
0.5612244897959182,1.010204081632653,46.67
0.5612244897959182,1.0408163265306123,44.910000000000004
0.5612244897959182,1.0714285714285714,43.65
0.5612244897959182,1.1020408163265305,42.94
0.5612244897959182,1.1326530612244898,41.99
0.5612244897959182,1.163265306122449,41.51
0.5612244897959182,1.193877551020408,40.75
0.5612244897959182,1.2244897959183674,40.29
0.5612244897959182,1.2551020408163265,39.980000000000004
0.5612244897959182,1.2857142857142856,39.72
0.5612244897959182,1.316326530612245,39.03
0.5612244897959182,1.346938775510204,38.69
0.5612244897959182,1.3775510204081631,38.45
0.5612244897959182,1.4081632653061225,38.26
0.5612244897959182,1.4387755102040816,38.09
0.5612244897959182,1.4693877551020407,37.9
0.5612244897959182,1.5,37.300000000000004
0.6020408163265305,0.0,23.21
0.6020408163265305,0.030612244897959183,25.63
0.6020408163265305,0.061224489795918366,25.28
0.6020408163265305,0.09183673469387754,24.97
0.6020408163265305,0.12244897959183673,24.72
0.6020408163265305,0.15306122448979592,24.560000000000002
0.6020408163265305,0.18367346938775508,24.52
0.6020408163265305,0.21428571428571427,26.330000000000002
0.6020408163265305,0.24489795918367346,26.11
0.6020408163265305,0.2755102040816326,25.94
0.6020408163265305,0.30612244897959184,25.85
0.6020408163265305,0.336734693877551,25.79
0.6020408163265305,0.36734693877551017,25.61
0.6020408163265305,0.3979591836734694,25.28
0.6020408163265305,0.42857142857142855,25.02
0.6020408163265305,0.45918367346938777,25.03
0.6020408163265305,0.4897959183673469,26.11
0.6020408163265305,0.5204081632653061,26.490000000000002
0.6020408163265305,0.5510204081632653,26.53
0.6020408163265305,0.5816326530612245,26.38
0.6020408163265305,0.6122448979591837,26.060000000000002
0.6020408163265305,0.6428571428571428,25.72
0.6020408163265305,0.673469387755102,25.44
0.6020408163265305,0.7040816326530612,26.55
0.6020408163265305,0.7346938775510203,26.810000000000002
0.6020408163265305,0.7653061224489796,26.59
0.6020408163265305,0.7959183673469388,25.95
0.6020408163265305,0.826530612244898,27.66
0.6020408163265305,0.8571428571428571,27.01
0.6020408163265305,0.8877551020408163,28.400000000000002
0.6020408163265305,0.9183673469387755,29.61
0.6020408163265305,0.9489795918367346,9.6
0.6020408163265305,0.9795918367346939,46.800000000000004
0.6020408163265305,1.010204081632653,45.06
0.6020408163265305,1.0408163265306123,43.800000000000004
0.6020408163265305,1.0714285714285714,43.07
0.6020408163265305,1.1020408163265305,42.14
0.6020408163265305,1.1326530612244898,41.63
0.6020408163265305,1.163265306122449,41.21
0.6020408163265305,1.193877551020408,40.43
0.6020408163265305,1.2244897959183674,40.08
0.6020408163265305,1.2551020408163265,39.81
0.6020408163265305,1.2857142857142856,39.18
0.6020408163265305,1.316326530612245,38.800000000000004
0.6020408163265305,1.346938775510204,38.53
0.6020408163265305,1.3775510204081631,38.33
0.6020408163265305,1.4081632653061225,38.160000000000004
0.6020408163265305,1.4387755102040816,37.980000000000004
0.6020408163265305,1.4693877551020407,37.37
0.6020408163265305,1.5,37.17
0.6428571428571428,0.0,25.55
0.6428571428571428,0.030612244897959183,25.2
0.6428571428571428,0.061224489795918366,24.900000000000002
0.6428571428571428,0.09183673469387754,24.68
0.6428571428571428,0.12244897959183673,24.57
0.6428571428571428,0.15306122448979592,26.48
0.6428571428571428,0.18367346938775508,26.240000000000002
0.6428571428571428,0.21428571428571427,26.03
0.6428571428571428,0.24489795918367346,25.900000000000002
0.6428571428571428,0.2755102040816326,25.85
0.6428571428571428,0.30612244897959184,25.77
0.6428571428571428,0.336734693877551,25.560000000000002
0.6428571428571428,0.36734693877551017,25.28
0.6428571428571428,0.3979591836734694,25.14
0.6428571428571428,0.42857142857142855,25.27
0.6428571428571428,0.45918367346938777,26.400000000000002
0.6428571428571428,0.4897959183673469,26.53
0.6428571428571428,0.5204081632653061,26.490000000000002
0.6428571428571428,0.5510204081632653,26.28
0.6428571428571428,0.5816326530612245,25.95
0.6428571428571428,0.6122448979591837,25.66
0.6428571428571428,0.6428571428571428,25.36
0.6428571428571428,0.673469387755102,26.68
0.6428571428571428,0.7040816326530612,26.78
0.6428571428571428,0.7346938775510203,26.42
0.6428571428571428,0.7653061224489796,25.82
0.6428571428571428,0.7959183673469388,27.5
0.6428571428571428,0.826530612244898,26.92
0.6428571428571428,0.8571428571428571,28.310000000000002
0.6428571428571428,0.8877551020408163,31.21
0.6428571428571428,0.9183673469387755,9.66
0.6428571428571428,0.9489795918367346,46.97
0.6428571428571428,0.9795918367346939,45.24
0.6428571428571428,1.010204081632653,44.29
0.6428571428571428,1.0408163265306123,43.230000000000004
0.6428571428571428,1.0714285714285714,42.32
0.6428571428571428,1.1020408163265305,41.78
0.6428571428571428,1.1326530612244898,41.35
0.6428571428571428,1.163265306122449,40.57
0.6428571428571428,1.193877551020408,40.2
0.6428571428571428,1.2244897959183674,39.910000000000004
0.6428571428571428,1.2551020408163265,39.63
0.6428571428571428,1.2857142857142856,38.93
0.6428571428571428,1.316326530612245,38.63
0.6428571428571428,1.346938775510204,38.410000000000004
0.6428571428571428,1.3775510204081631,38.230000000000004
0.6428571428571428,1.4081632653061225,38.06
0.6428571428571428,1.4387755102040816,37.47
0.6428571428571428,1.4693877551020407,37.24
0.6428571428571428,1.5,37.050000000000004
0.6836734693877551,0.0,25.150000000000002
0.6836734693877551,0.030612244897959183,24.87
0.6836734693877551,0.061224489795918366,24.68
0.6836734693877551,0.09183673469387754,24.64
0.6836734693877551,0.12244897959183673,26.400000000000002
0.6836734693877551,0.15306122448979592,26.17
0.6836734693877551,0.18367346938775508,25.990000000000002
0.6836734693877551,0.21428571428571427,25.89
0.6836734693877551,0.24489795918367346,25.86
0.6836734693877551,0.2755102040816326,25.76
0.6836734693877551,0.30612244897959184,25.55
0.6836734693877551,0.336734693877551,25.35
0.6836734693877551,0.36734693877551017,25.32
0.6836734693877551,0.3979591836734694,26.27
0.6836734693877551,0.42857142857142855,26.51
0.6836734693877551,0.45918367346938777,26.55
0.6836734693877551,0.4897959183673469,26.44
0.6836734693877551,0.5204081632653061,26.18
0.6836734693877551,0.5510204081632653,25.88
0.6836734693877551,0.5816326530612245,25.61
0.6836734693877551,0.6122448979591837,26.64
0.6836734693877551,0.6428571428571428,26.75
0.6836734693877551,0.673469387755102,26.71
0.6836734693877551,0.7040816326530612,26.26
0.6836734693877551,0.7346938775510203,27.71
0.6836734693877551,0.7653061224489796,27.35
0.6836734693877551,0.7959183673469388,26.85
0.6836734693877551,0.826530612244898,28.23
0.6836734693877551,0.8571428571428571,31.16
0.6836734693877551,0.8877551020408163,9.700000000000001
0.6836734693877551,0.9183673469387755,47.54
0.6836734693877551,0.9489795918367346,45.45
0.6836734693877551,0.9795918367346939,44.52
0.6836734693877551,1.010204081632653,43.410000000000004
0.6836734693877551,1.0408163265306123,42.83
0.6836734693877551,1.0714285714285714,41.94
0.6836734693877551,1.1020408163265305,41.49
0.6836734693877551,1.1326530612244898,40.74
0.6836734693877551,1.163265306122449,40.34
0.6836734693877551,1.193877551020408,40.02
0.6836734693877551,1.2244897959183674,39.75
0.6836734693877551,1.2551020408163265,39.07
0.6836734693877551,1.2857142857142856,38.75
0.6836734693877551,1.316326530612245,38.5
0.6836734693877551,1.346938775510204,38.31
0.6836734693877551,1.3775510204081631,38.14
0.6836734693877551,1.4081632653061225,37.93
0.6836734693877551,1.4387755102040816,37.33
0.6836734693877551,1.4693877551020407,37.12
0.6836734693877551,1.5,36.94
0.7244897959183672,0.0,24.87
0.7244897959183672,0.030612244897959183,24.73
0.7244897959183672,0.061224489795918366,26.6
0.7244897959183672,0.09183673469387754,26.34
0.7244897959183672,0.12244897959183673,26.12
0.7244897959183672,0.15306122448979592,25.97
0.7244897959183672,0.18367346938775508,25.91
0.7244897959183672,0.21428571428571427,25.88
0.7244897959183672,0.24489795918367346,25.77
0.7244897959183672,0.2755102040816326,25.59
0.7244897959183672,0.30612244897959184,25.48
0.7244897959183672,0.336734693877551,25.560000000000002
0.7244897959183672,0.36734693877551017,26.5
0.7244897959183672,0.3979591836734694,26.580000000000002
0.7244897959183672,0.42857142857142855,26.55
0.7244897959183672,0.45918367346938777,26.38
0.7244897959183672,0.4897959183673469,26.1
0.7244897959183672,0.5204081632653061,25.830000000000002
0.7244897959183672,0.5510204081632653,26.96
0.7244897959183672,0.5816326530612245,26.72
0.7244897959183672,0.6122448979591837,26.77
0.7244897959183672,0.6428571428571428,26.61
0.7244897959183672,0.673469387755102,26.12
0.7244897959183672,0.7040816326530612,27.66
0.7244897959183672,0.7346938775510203,27.22
0.7244897959183672,0.7653061224489796,26.79
0.7244897959183672,0.7959183673469388,28.150000000000002
0.7244897959183672,0.826530612244898,31.080000000000002
0.7244897959183672,0.8571428571428571,9.73
0.7244897959183672,0.8877551020408163,47.82
0.7244897959183672,0.9183673469387755,46.050000000000004
0.7244897959183672,0.9489795918367346,44.72
0.7244897959183672,0.9795918367346939,43.61
0.7244897959183672,1.010204081632653,43.0
0.7244897959183672,1.0408163265306123,42.12
0.7244897959183672,1.0714285714285714,41.64
0.7244897959183672,1.1020408163265305,41.24
0.7244897959183672,1.1326530612244898,40.49
0.7244897959183672,1.163265306122449,40.14
0.7244897959183672,1.193877551020408,39.86
0.7244897959183672,1.2244897959183674,39.56
0.7244897959183672,1.2551020408163265,38.88
0.7244897959183672,1.2857142857142856,38.6
0.7244897959183672,1.316326530612245,38.39
0.7244897959183672,1.346938775510204,38.22
0.7244897959183672,1.3775510204081631,38.03
0.7244897959183672,1.4081632653061225,37.43
0.7244897959183672,1.4387755102040816,37.2
0.7244897959183672,1.4693877551020407,37.01
0.7244897959183672,1.5,36.84
0.7653061224489794,0.0,26.85
0.7653061224489794,0.030612244897959183,26.560000000000002
0.7653061224489794,0.061224489795918366,26.3
0.7653061224489794,0.09183673469387754,26.1
0.7653061224489794,0.12244897959183673,25.98
0.7653061224489794,0.15306122448979592,25.94
0.7653061224489794,0.18367346938775508,25.92
0.7653061224489794,0.21428571428571427,25.82
0.7653061224489794,0.24489795918367346,25.7
0.7653061224489794,0.2755102040816326,25.69
0.7653061224489794,0.30612244897959184,26.52
0.7653061224489794,0.336734693877551,26.61
0.7653061224489794,0.36734693877551017,26.62
0.7653061224489794,0.3979591836734694,26.53
0.7653061224489794,0.42857142857142855,26.32
0.7653061224489794,0.45918367346938777,26.04
0.7653061224489794,0.4897959183673469,27.3
0.7653061224489794,0.5204081632653061,26.97
0.7653061224489794,0.5510204081632653,26.77
0.7653061224489794,0.5816326530612245,26.75
0.7653061224489794,0.6122448979591837,26.51
0.7653061224489794,0.6428571428571428,27.82
0.7653061224489794,0.673469387755102,27.59
0.7653061224489794,0.7040816326530612,27.13
0.7653061224489794,0.7346938775510203,28.34
0.7653061224489794,0.7653061224489796,28.080000000000002
0.7653061224489794,0.7959183673469388,31.0
0.7653061224489794,0.826530612244898,9.76
0.7653061224489794,0.8571428571428571,43.65
0.7653061224489794,0.8877551020408163,46.32
0.7653061224489794,0.9183673469387755,44.96
0.7653061224489794,0.9489795918367346,43.83
0.7653061224489794,0.9795918367346939,43.19
0.7653061224489794,1.010204081632653,42.32
0.7653061224489794,1.0408163265306123,41.82
0.7653061224489794,1.0714285714285714,41.4
0.7653061224489794,1.1020408163265305,40.65
0.7653061224489794,1.1326530612244898,40.29
0.7653061224489794,1.163265306122449,39.980000000000004
0.7653061224489794,1.193877551020408,39.7
0.7653061224489794,1.2244897959183674,39.02
0.7653061224489794,1.2551020408163265,38.72
0.7653061224489794,1.2857142857142856,38.49
0.7653061224489794,1.316326530612245,38.300000000000004
0.7653061224489794,1.346938775510204,38.12
0.7653061224489794,1.3775510204081631,37.56
0.7653061224489794,1.4081632653061225,37.300000000000004
0.7653061224489794,1.4387755102040816,37.09
0.7653061224489794,1.4693877551020407,36.910000000000004
0.7653061224489794,1.5,36.75
0.8061224489795917,0.0,26.53
0.8061224489795917,0.030612244897959183,26.28
0.8061224489795917,0.061224489795918366,26.1
0.8061224489795917,0.09183673469387754,26.01
0.8061224489795917,0.12244897959183673,25.990000000000002
0.8061224489795917,0.15306122448979592,25.98
0.8061224489795917,0.18367346938775508,25.92
0.8061224489795917,0.21428571428571427,25.89
0.8061224489795917,0.24489795918367346,26.560000000000002
0.8061224489795917,0.2755102040816326,26.69
0.8061224489795917,0.30612244897959184,26.69
0.8061224489795917,0.336734693877551,26.64
0.8061224489795917,0.36734693877551017,26.5
0.8061224489795917,0.3979591836734694,26.26
0.8061224489795917,0.42857142857142855,26.0
0.8061224489795917,0.45918367346938777,27.330000000000002
0.8061224489795917,0.4897959183673469,26.97
0.8061224489795917,0.5204081632653061,26.8
0.8061224489795917,0.5510204081632653,26.72
0.8061224489795917,0.5816326530612245,26.42
0.8061224489795917,0.6122448979591837,27.830000000000002
0.8061224489795917,0.6428571428571428,27.51
0.8061224489795917,0.673469387755102,27.060000000000002
0.8061224489795917,0.7040816326530612,28.32
0.8061224489795917,0.7346938775510203,28.01
0.8061224489795917,0.7653061224489796,30.95
0.8061224489795917,0.7959183673469388,9.790000000000001
0.8061224489795917,0.826530612244898,44.37
0.8061224489795917,0.8571428571428571,42.6
0.8061224489795917,0.8877551020408163,45.2
0.8061224489795917,0.9183673469387755,44.42
0.8061224489795917,0.9489795918367346,43.410000000000004
0.8061224489795917,0.9795918367346939,42.87
0.8061224489795917,1.010204081632653,42.01
0.8061224489795917,1.0408163265306123,41.56
0.8061224489795917,1.0714285714285714,41.160000000000004
0.8061224489795917,1.1020408163265305,40.45
0.8061224489795917,1.1326530612244898,40.11
0.8061224489795917,1.163265306122449,39.83
0.8061224489795917,1.193877551020408,39.2
0.8061224489795917,1.2244897959183674,38.86
0.8061224489795917,1.2551020408163265,38.59
0.8061224489795917,1.2857142857142856,38.39
0.8061224489795917,1.316326530612245,38.21
0.8061224489795917,1.346938775510204,38.01
0.8061224489795917,1.3775510204081631,37.410000000000004
0.8061224489795917,1.4081632653061225,37.18
0.8061224489795917,1.4387755102040816,36.99
0.8061224489795917,1.4693877551020407,36.82
0.8061224489795917,1.5,36.67
0.846938775510204,0.0,26.29
0.846938775510204,0.030612244897959183,26.12
0.846938775510204,0.061224489795918366,26.05
0.846938775510204,0.09183673469387754,26.060000000000002
0.846938775510204,0.12244897959183673,26.080000000000002
0.846938775510204,0.15306122448979592,26.1
0.846938775510204,0.18367346938775508,26.64
0.846938775510204,0.21428571428571427,26.79
0.846938775510204,0.24489795918367346,26.79
0.846938775510204,0.2755102040816326,26.740000000000002
0.846938775510204,0.30612244897959184,26.650000000000002
0.846938775510204,0.336734693877551,26.47
0.846938775510204,0.36734693877551017,26.21
0.846938775510204,0.3979591836734694,27.53
0.846938775510204,0.42857142857142855,27.330000000000002
0.846938775510204,0.45918367346938777,26.97
0.846938775510204,0.4897959183673469,26.82
0.846938775510204,0.5204081632653061,26.68
0.846938775510204,0.5510204081632653,26.330000000000002
0.846938775510204,0.5816326530612245,27.82
0.846938775510204,0.6122448979591837,27.43
0.846938775510204,0.6428571428571428,27.01
0.846938775510204,0.673469387755102,28.3
0.846938775510204,0.7040816326530612,27.96
0.846938775510204,0.7346938775510203,30.91
0.846938775510204,0.7653061224489796,9.83
0.846938775510204,0.7959183673469388,44.68
0.846938775510204,0.826530612244898,42.82
0.846938775510204,0.8571428571428571,45.47
0.846938775510204,0.8877551020408163,44.7
0.846938775510204,0.9183673469387755,43.64
0.846938775510204,0.9489795918367346,43.08
0.846938775510204,0.9795918367346939,42.21
0.846938775510204,1.010204081632653,41.75
0.846938775510204,1.0408163265306123,41.36
0.846938775510204,1.0714285714285714,40.62
0.846938775510204,1.1020408163265305,40.27
0.846938775510204,1.1326530612244898,39.96
0.846938775510204,1.163265306122449,39.68
0.846938775510204,1.193877551020408,39.01
0.846938775510204,1.2244897959183674,38.72
0.846938775510204,1.2551020408163265,38.49
0.846938775510204,1.2857142857142856,38.300000000000004
0.846938775510204,1.316326530612245,38.11
0.846938775510204,1.346938775510204,37.54
0.846938775510204,1.3775510204081631,37.28
0.846938775510204,1.4081632653061225,37.08
0.846938775510204,1.4387755102040816,36.9
0.846938775510204,1.4693877551020407,36.74
0.846938775510204,1.5,36.59
0.8877551020408163,0.0,26.17
0.8877551020408163,0.030612244897959183,26.11
0.8877551020408163,0.061224489795918366,26.14
0.8877551020408163,0.09183673469387754,26.23
0.8877551020408163,0.12244897959183673,26.72
0.8877551020408163,0.15306122448979592,26.89
0.8877551020408163,0.18367346938775508,26.92
0.8877551020408163,0.21428571428571427,26.86
0.8877551020408163,0.24489795918367346,26.78
0.8877551020408163,0.2755102040816326,26.650000000000002
0.8877551020408163,0.30612244897959184,26.44
0.8877551020408163,0.336734693877551,26.18
0.8877551020408163,0.36734693877551017,27.59
0.8877551020408163,0.3979591836734694,27.32
0.8877551020408163,0.42857142857142855,26.98
0.8877551020408163,0.45918367346938777,26.82
0.8877551020408163,0.4897959183673469,26.63
0.8877551020408163,0.5204081632653061,27.93
0.8877551020408163,0.5510204081632653,27.8
0.8877551020408163,0.5816326530612245,27.37
0.8877551020408163,0.6122448979591837,26.98
0.8877551020408163,0.6428571428571428,28.29
0.8877551020408163,0.673469387755102,27.93
0.8877551020408163,0.7040816326530612,30.89
0.8877551020408163,0.7346938775510203,9.89
0.8877551020408163,0.7653061224489796,45.08
0.8877551020408163,0.7959183673469388,43.08
0.8877551020408163,0.826530612244898,41.64
0.8877551020408163,0.8571428571428571,40.49
0.8877551020408163,0.8877551020408163,43.88
0.8877551020408163,0.9183673469387755,43.31
0.8877551020408163,0.9489795918367346,42.74
0.8877551020408163,0.9795918367346939,41.95
0.8877551020408163,1.010204081632653,41.53
0.8877551020408163,1.0408163265306123,40.83
0.8877551020408163,1.0714285714285714,40.44
0.8877551020408163,1.1020408163265305,40.11
0.8877551020408163,1.1326530612244898,39.82
0.8877551020408163,1.163265306122449,39.18
0.8877551020408163,1.193877551020408,38.86
0.8877551020408163,1.2244897959183674,38.6
0.8877551020408163,1.2551020408163265,38.39
0.8877551020408163,1.2857142857142856,38.21
0.8877551020408163,1.316326530612245,38.01
0.8877551020408163,1.346938775510204,37.4
0.8877551020408163,1.3775510204081631,37.18
0.8877551020408163,1.4081632653061225,36.980000000000004
0.8877551020408163,1.4387755102040816,36.82
0.8877551020408163,1.4693877551020407,36.67
0.8877551020408163,1.5,36.52
0.9285714285714284,0.0,26.19
0.9285714285714284,0.030612244897959183,26.27
0.9285714285714284,0.061224489795918366,26.82
0.9285714285714284,0.09183673469387754,26.97
0.9285714285714284,0.12244897959183673,27.03
0.9285714285714284,0.15306122448979592,27.01
0.9285714285714284,0.18367346938775508,26.92
0.9285714285714284,0.21428571428571427,26.810000000000002
0.9285714285714284,0.24489795918367346,26.650000000000002
0.9285714285714284,0.2755102040816326,26.42
0.9285714285714284,0.30612244897959184,27.67
0.9285714285714284,0.336734693877551,27.61
0.9285714285714284,0.36734693877551017,27.310000000000002
0.9285714285714284,0.3979591836734694,26.990000000000002
0.9285714285714284,0.42857142857142855,26.82
0.9285714285714284,0.45918367346938777,26.59
0.9285714285714284,0.4897959183673469,27.97
0.9285714285714284,0.5204081632653061,27.77
0.9285714285714284,0.5510204081632653,27.330000000000002
0.9285714285714284,0.5816326530612245,26.95
0.9285714285714284,0.6122448979591837,28.28
0.9285714285714284,0.6428571428571428,27.91
0.9285714285714284,0.673469387755102,30.86
0.9285714285714284,0.7040816326530612,10.01
0.9285714285714284,0.7346938775510203,46.04
0.9285714285714284,0.7653061224489796,43.4
0.9285714285714284,0.7959183673469388,41.910000000000004
0.9285714285714284,0.826530612244898,41.17
0.9285714285714284,0.8571428571428571,40.07
0.9285714285714284,0.8877551020408163,43.550000000000004
0.9285714285714284,0.9183673469387755,43.03
0.9285714285714284,0.9489795918367346,42.160000000000004
0.9285714285714284,0.9795918367346939,41.730000000000004
0.9285714285714284,1.010204081632653,41.35
0.9285714285714284,1.0408163265306123,40.61
0.9285714285714284,1.0714285714285714,40.27
0.9285714285714284,1.1020408163265305,39.96
0.9285714285714284,1.1326530612244898,39.68
0.9285714285714284,1.163265306122449,39.02
0.9285714285714284,1.193877551020408,38.74
0.9285714285714284,1.2244897959183674,38.5
0.9285714285714284,1.2551020408163265,38.31
0.9285714285714284,1.2857142857142856,38.12
0.9285714285714284,1.316326530612245,37.54
0.9285714285714284,1.346938775510204,37.29
0.9285714285714284,1.3775510204081631,37.08
0.9285714285714284,1.4081632653061225,36.9
0.9285714285714284,1.4387755102040816,36.74
0.9285714285714284,1.4693877551020407,36.6
0.9285714285714284,1.5,36.45
0.9693877551020407,0.0,26.46
0.9693877551020407,0.030612244897959183,27.060000000000002
0.9693877551020407,0.061224489795918366,27.12
0.9693877551020407,0.09183673469387754,27.14
0.9693877551020407,0.12244897959183673,27.080000000000002
0.9693877551020407,0.15306122448979592,26.97
0.9693877551020407,0.18367346938775508,26.830000000000002
0.9693877551020407,0.21428571428571427,26.650000000000002
0.9693877551020407,0.24489795918367346,26.400000000000002
0.9693877551020407,0.2755102040816326,27.76
0.9693877551020407,0.30612244897959184,27.62
0.9693877551020407,0.336734693877551,27.3
0.9693877551020407,0.36734693877551017,27.0
0.9693877551020407,0.3979591836734694,26.810000000000002
0.9693877551020407,0.42857142857142855,26.55
0.9693877551020407,0.45918367346938777,27.990000000000002
0.9693877551020407,0.4897959183673469,27.75
0.9693877551020407,0.5204081632653061,27.3
0.9693877551020407,0.5510204081632653,26.93
0.9693877551020407,0.5816326530612245,28.27
0.9693877551020407,0.6122448979591837,27.900000000000002
0.9693877551020407,0.6428571428571428,28.97
0.9693877551020407,0.673469387755102,10.81
0.9693877551020407,0.7040816326530612,46.63
0.9693877551020407,0.7346938775510203,43.89
0.9693877551020407,0.7653061224489796,42.300000000000004
0.9693877551020407,0.7959183673469388,41.4
0.9693877551020407,0.826530612244898,40.28
0.9693877551020407,0.8571428571428571,39.78
0.9693877551020407,0.8877551020408163,43.27
0.9693877551020407,0.9183673469387755,42.4
0.9693877551020407,0.9489795918367346,41.94
0.9693877551020407,0.9795918367346939,41.54
0.9693877551020407,1.010204081632653,40.83
0.9693877551020407,1.0408163265306123,40.45
0.9693877551020407,1.0714285714285714,40.12
0.9693877551020407,1.1020408163265305,39.83
0.9693877551020407,1.1326530612244898,39.2
0.9693877551020407,1.163265306122449,38.89
0.9693877551020407,1.193877551020408,38.63
0.9693877551020407,1.2244897959183674,38.410000000000004
0.9693877551020407,1.2551020408163265,38.22
0.9693877551020407,1.2857142857142856,38.02
0.9693877551020407,1.316326530612245,37.410000000000004
0.9693877551020407,1.346938775510204,37.18
0.9693877551020407,1.3775510204081631,36.99
0.9693877551020407,1.4081632653061225,36.82
0.9693877551020407,1.4387755102040816,36.67
0.9693877551020407,1.4693877551020407,36.53
0.9693877551020407,1.5,36.38
1.010204081632653,0.0,27.19
1.010204081632653,0.030612244897959183,27.22
1.010204081632653,0.061224489795918366,27.22
1.010204081632653,0.09183673469387754,27.150000000000002
1.010204081632653,0.12244897959183673,27.02
1.010204081632653,0.15306122448979592,26.86
1.010204081632653,0.18367346938775508,26.650000000000002
1.010204081632653,0.21428571428571427,27.740000000000002
1.010204081632653,0.24489795918367346,27.810000000000002
1.010204081632653,0.2755102040816326,27.62
1.010204081632653,0.30612244897959184,27.3
1.010204081632653,0.336734693877551,27.01
1.010204081632653,0.36734693877551017,26.8
1.010204081632653,0.3979591836734694,26.52
1.010204081632653,0.42857142857142855,28.0
1.010204081632653,0.45918367346938777,27.73
1.010204081632653,0.4897959183673469,27.28
1.010204081632653,0.5204081632653061,26.92
1.010204081632653,0.5510204081632653,28.27
1.010204081632653,0.5816326530612245,27.91
1.010204081632653,0.6122448979591837,29.02
1.010204081632653,0.6428571428571428,33.2
1.010204081632653,0.673469387755102,47.86
1.010204081632653,0.7040816326530612,44.7
1.010204081632653,0.7346938775510203,43.01
1.010204081632653,0.7653061224489796,41.660000000000004
1.010204081632653,0.7959183673469388,40.56
1.010204081632653,0.826530612244898,39.96
1.010204081632653,0.8571428571428571,39.53
1.010204081632653,0.8877551020408163,43.02
1.010204081632653,0.9183673469387755,42.15
1.010204081632653,0.9489795918367346,41.75
1.010204081632653,0.9795918367346939,41.37
1.010204081632653,1.010204081632653,40.63
1.010204081632653,1.0408163265306123,40.300000000000004
1.010204081632653,1.0714285714285714,39.980000000000004
1.010204081632653,1.1020408163265305,39.7
1.010204081632653,1.1326530612244898,39.04
1.010204081632653,1.163265306122449,38.77
1.010204081632653,1.193877551020408,38.53
1.010204081632653,1.2244897959183674,38.33
1.010204081632653,1.2551020408163265,38.13
1.010204081632653,1.2857142857142856,37.56
1.010204081632653,1.316326530612245,37.300000000000004
1.010204081632653,1.346938775510204,37.09
1.010204081632653,1.3775510204081631,36.910000000000004
1.010204081632653,1.4081632653061225,36.75
1.010204081632653,1.4387755102040816,36.61
1.010204081632653,1.4693877551020407,36.46
1.010204081632653,1.5,35.93
1.0510204081632653,0.0,27.3
1.0510204081632653,0.030612244897959183,27.29
1.0510204081632653,0.061224489795918366,27.2
1.0510204081632653,0.09183673469387754,27.060000000000002
1.0510204081632653,0.12244897959183673,26.88
1.0510204081632653,0.15306122448979592,26.650000000000002
1.0510204081632653,0.18367346938775508,27.900000000000002
1.0510204081632653,0.21428571428571427,27.84
1.0510204081632653,0.24489795918367346,27.63
1.0510204081632653,0.2755102040816326,27.310000000000002
1.0510204081632653,0.30612244897959184,27.03
1.0510204081632653,0.336734693877551,26.8
1.0510204081632653,0.36734693877551017,26.5
1.0510204081632653,0.3979591836734694,28.01
1.0510204081632653,0.42857142857142855,27.73
1.0510204081632653,0.45918367346938777,27.28
1.0510204081632653,0.4897959183673469,26.92
1.0510204081632653,0.5204081632653061,28.27
1.0510204081632653,0.5510204081632653,27.92
1.0510204081632653,0.5816326530612245,29.1
1.0510204081632653,0.6122448979591837,31.64
1.0510204081632653,0.6428571428571428,49.370000000000005
1.0510204081632653,0.673469387755102,45.26
1.0510204081632653,0.7040816326530612,43.39
1.0510204081632653,0.7346938775510203,42.0
1.0510204081632653,0.7653061224489796,41.27
1.0510204081632653,0.7959183673469388,40.18
1.0510204081632653,0.826530612244898,39.71
1.0510204081632653,0.8571428571428571,38.78
1.0510204081632653,0.8877551020408163,42.4
1.0510204081632653,0.9183673469387755,41.96
1.0510204081632653,0.9489795918367346,41.58
1.0510204081632653,0.9795918367346939,41.12
1.0510204081632653,1.010204081632653,40.480000000000004
1.0510204081632653,1.0408163265306123,40.160000000000004
1.0510204081632653,1.0714285714285714,39.86
1.0510204081632653,1.1020408163265305,39.24
1.0510204081632653,1.1326530612244898,38.92
1.0510204081632653,1.163265306122449,38.67
1.0510204081632653,1.193877551020408,38.44
1.0510204081632653,1.2244897959183674,38.24
1.0510204081632653,1.2551020408163265,38.04
1.0510204081632653,1.2857142857142856,37.44
1.0510204081632653,1.316326530612245,37.21
1.0510204081632653,1.346938775510204,37.01
1.0510204081632653,1.3775510204081631,36.84
1.0510204081632653,1.4081632653061225,36.69
1.0510204081632653,1.4387755102040816,36.54
1.0510204081632653,1.4693877551020407,36.39
1.0510204081632653,1.5,35.84
1.0918367346938773,0.0,27.34
1.0918367346938773,0.030612244897959183,27.25
1.0918367346938773,0.061224489795918366,27.1
1.0918367346938773,0.09183673469387754,26.900000000000002
1.0918367346938773,0.12244897959183673,26.66
1.0918367346938773,0.15306122448979592,27.990000000000002
1.0918367346938773,0.18367346938775508,27.87
1.0918367346938773,0.21428571428571427,27.64
1.0918367346938773,0.24489795918367346,27.32
1.0918367346938773,0.2755102040816326,27.04
1.0918367346938773,0.30612244897959184,26.8
1.0918367346938773,0.336734693877551,28.07
1.0918367346938773,0.36734693877551017,28.01
1.0918367346938773,0.3979591836734694,27.73
1.0918367346938773,0.42857142857142855,27.28
1.0918367346938773,0.45918367346938777,26.92
1.0918367346938773,0.4897959183673469,28.28
1.0918367346938773,0.5204081632653061,27.95
1.0918367346938773,0.5510204081632653,29.17
1.0918367346938773,0.5816326530612245,30.060000000000002
1.0918367346938773,0.6122448979591837,10.870000000000001
1.0918367346938773,0.6428571428571428,46.32
1.0918367346938773,0.673469387755102,43.93
1.0918367346938773,0.7040816326530612,42.800000000000004
1.0918367346938773,0.7346938775510203,41.550000000000004
1.0918367346938773,0.7653061224489796,40.47
1.0918367346938773,0.7959183673469388,39.910000000000004
1.0918367346938773,0.826530612244898,39.03
1.0918367346938773,0.8571428571428571,38.56
1.0918367346938773,0.8877551020408163,42.18
1.0918367346938773,0.9183673469387755,41.79
1.0918367346938773,0.9489795918367346,41.42
1.0918367346938773,0.9795918367346939,40.67
1.0918367346938773,1.010204081632653,40.34
1.0918367346938773,1.0408163265306123,40.03
1.0918367346938773,1.0714285714285714,39.75
1.0918367346938773,1.1020408163265305,39.08
1.0918367346938773,1.1326530612244898,38.82
1.0918367346938773,1.163265306122449,38.57
1.0918367346938773,1.193877551020408,38.36
1.0918367346938773,1.2244897959183674,38.160000000000004
1.0918367346938773,1.2551020408163265,37.59
1.0918367346938773,1.2857142857142856,37.33
1.0918367346938773,1.316326530612245,37.12
1.0918367346938773,1.346938775510204,36.93
1.0918367346938773,1.3775510204081631,36.77
1.0918367346938773,1.4081632653061225,36.63
1.0918367346938773,1.4387755102040816,36.480000000000004
1.0918367346938773,1.4693877551020407,35.95
1.0918367346938773,1.5,35.77
1.1326530612244896,0.0,27.3
1.1326530612244896,0.030612244897959183,27.13
1.1326530612244896,0.061224489795918366,26.92
1.1326530612244896,0.09183673469387754,28.05
1.1326530612244896,0.12244897959183673,28.05
1.1326530612244896,0.15306122448979592,27.900000000000002
1.1326530612244896,0.18367346938775508,27.650000000000002
1.1326530612244896,0.21428571428571427,27.34
1.1326530612244896,0.24489795918367346,27.060000000000002
1.1326530612244896,0.2755102040816326,26.8
1.1326530612244896,0.30612244897959184,28.12
1.1326530612244896,0.336734693877551,28.02
1.1326530612244896,0.36734693877551017,27.73
1.1326530612244896,0.3979591836734694,27.3
1.1326530612244896,0.42857142857142855,26.93
1.1326530612244896,0.45918367346938777,28.3
1.1326530612244896,0.4897959183673469,27.98
1.1326530612244896,0.5204081632653061,29.240000000000002
1.1326530612244896,0.5510204081632653,30.13
1.1326530612244896,0.5816326530612245,10.700000000000001
1.1326530612244896,0.6122448979591837,47.53
1.1326530612244896,0.6428571428571428,44.81
1.1326530612244896,0.673469387755102,43.2
1.1326530612244896,0.7040816326530612,41.89
1.1326530612244896,0.7346938775510203,41.2
1.1326530612244896,0.7653061224489796,40.15
1.1326530612244896,0.7959183673469388,39.68
1.1326530612244896,0.826530612244898,38.76
1.1326530612244896,0.8571428571428571,38.39
1.1326530612244896,0.8877551020408163,42.01
1.1326530612244896,0.9183673469387755,41.63
1.1326530612244896,0.9489795918367346,41.230000000000004
1.1326530612244896,0.9795918367346939,40.53
1.1326530612244896,1.010204081632653,40.21
1.1326530612244896,1.0408163265306123,39.910000000000004
1.1326530612244896,1.0714285714285714,39.6
1.1326530612244896,1.1020408163265305,38.97
1.1326530612244896,1.1326530612244898,38.72
1.1326530612244896,1.163265306122449,38.480000000000004
1.1326530612244896,1.193877551020408,38.28
1.1326530612244896,1.2244897959183674,38.07
1.1326530612244896,1.2551020408163265,37.47
1.1326530612244896,1.2857142857142856,37.24
1.1326530612244896,1.316326530612245,37.04
1.1326530612244896,1.346938775510204,36.86
1.1326530612244896,1.3775510204081631,36.71
1.1326530612244896,1.4081632653061225,36.57
1.1326530612244896,1.4387755102040816,36.410000000000004
1.1326530612244896,1.4693877551020407,35.86
1.1326530612244896,1.5,35.7
1.173469387755102,0.0,27.17
1.173469387755102,0.030612244897959183,26.95
1.173469387755102,0.061224489795918366,28.18
1.173469387755102,0.09183673469387754,28.11
1.173469387755102,0.12244897959183673,27.93
1.173469387755102,0.15306122448979592,27.67
1.173469387755102,0.18367346938775508,27.36
1.173469387755102,0.21428571428571427,27.080000000000002
1.173469387755102,0.24489795918367346,26.82
1.173469387755102,0.2755102040816326,28.16
1.173469387755102,0.30612244897959184,28.04
1.173469387755102,0.336734693877551,27.75
1.173469387755102,0.36734693877551017,27.32
1.173469387755102,0.3979591836734694,26.95
1.173469387755102,0.42857142857142855,28.330000000000002
1.173469387755102,0.45918367346938777,28.02
1.173469387755102,0.4897959183673469,29.3
1.173469387755102,0.5204081632653061,30.25
1.173469387755102,0.5510204081632653,11.27
1.173469387755102,0.5816326530612245,48.620000000000005
1.173469387755102,0.6122448979591837,45.47
1.173469387755102,0.6428571428571428,43.68
1.173469387755102,0.673469387755102,42.34
1.173469387755102,0.7040816326530612,41.51
1.173469387755102,0.7346938775510203,40.45
1.173469387755102,0.7653061224489796,39.910000000000004
1.173469387755102,0.7959183673469388,39.03
1.173469387755102,0.826530612244898,38.56
1.173469387755102,0.8571428571428571,38.230000000000004
1.173469387755102,0.8877551020408163,37.95
1.173469387755102,0.9183673469387755,41.480000000000004
1.173469387755102,0.9489795918367346,40.730000000000004
1.173469387755102,0.9795918367346939,40.4
1.173469387755102,1.010204081632653,40.09
1.173469387755102,1.0408163265306123,39.800000000000004
1.173469387755102,1.0714285714285714,39.14
1.173469387755102,1.1020408163265305,38.87
1.173469387755102,1.1326530612244898,38.62
1.173469387755102,1.163265306122449,38.4
1.173469387755102,1.193877551020408,38.2
1.173469387755102,1.2244897959183674,37.65
1.173469387755102,1.2551020408163265,37.37
1.173469387755102,1.2857142857142856,37.160000000000004
1.173469387755102,1.316326530612245,36.96
1.173469387755102,1.346938775510204,36.800000000000004
1.173469387755102,1.3775510204081631,36.65
1.173469387755102,1.4081632653061225,36.51
1.173469387755102,1.4387755102040816,35.99
1.173469387755102,1.4693877551020407,35.79
1.173469387755102,1.5,35.64
1.2142857142857142,0.0,26.98
1.2142857142857142,0.030612244897959183,28.27
1.2142857142857142,0.061224489795918366,28.16
1.2142857142857142,0.09183673469387754,27.96
1.2142857142857142,0.12244897959183673,27.7
1.2142857142857142,0.15306122448979592,27.39
1.2142857142857142,0.18367346938775508,27.1
1.2142857142857142,0.21428571428571427,26.830000000000002
1.2142857142857142,0.24489795918367346,28.21
1.2142857142857142,0.2755102040816326,28.060000000000002
1.2142857142857142,0.30612244897959184,27.77
1.2142857142857142,0.336734693877551,27.36
1.2142857142857142,0.36734693877551017,26.98
1.2142857142857142,0.3979591836734694,28.36
1.2142857142857142,0.42857142857142855,28.060000000000002
1.2142857142857142,0.45918367346938777,29.35
1.2142857142857142,0.4897959183673469,28.61
1.2142857142857142,0.5204081632653061,31.32
1.2142857142857142,0.5510204081632653,50.94
1.2142857142857142,0.5816326530612245,46.61
1.2142857142857142,0.6122448979591837,44.64
1.2142857142857142,0.6428571428571428,43.14
1.2142857142857142,0.673469387755102,41.87
1.2142857142857142,0.7040816326530612,41.19
1.2142857142857142,0.7346938775510203,40.17
1.2142857142857142,0.7653061224489796,39.7
1.2142857142857142,0.7959183673469388,38.79
1.2142857142857142,0.826530612244898,38.4
1.2142857142857142,0.8571428571428571,38.08
1.2142857142857142,0.8877551020408163,37.28
1.2142857142857142,0.9183673469387755,41.32
1.2142857142857142,0.9489795918367346,40.59
1.2142857142857142,0.9795918367346939,40.28
1.2142857142857142,1.010204081632653,39.980000000000004
1.2142857142857142,1.0408163265306123,39.69
1.2142857142857142,1.0714285714285714,39.03
1.2142857142857142,1.1020408163265305,38.78
1.2142857142857142,1.1326530612244898,38.54
1.2142857142857142,1.163265306122449,38.32
1.2142857142857142,1.193877551020408,38.12
1.2142857142857142,1.2244897959183674,37.52
1.2142857142857142,1.2551020408163265,37.28
1.2142857142857142,1.2857142857142856,37.08
1.2142857142857142,1.316326530612245,36.89
1.2142857142857142,1.346938775510204,36.74
1.2142857142857142,1.3775510204081631,36.59
1.2142857142857142,1.4081632653061225,36.44
1.2142857142857142,1.4387755102040816,35.9
1.2142857142857142,1.4693877551020407,35.72
1.2142857142857142,1.5,35.58
1.2551020408163265,0.0,28.34
1.2551020408163265,0.030612244897959183,28.21
1.2551020408163265,0.061224489795918366,28.0
1.2551020408163265,0.09183673469387754,27.73
1.2551020408163265,0.12244897959183673,27.42
1.2551020408163265,0.15306122448979592,27.13
1.2551020408163265,0.18367346938775508,26.86
1.2551020408163265,0.21428571428571427,28.25
1.2551020408163265,0.24489795918367346,28.080000000000002
1.2551020408163265,0.2755102040816326,27.8
1.2551020408163265,0.30612244897959184,27.400000000000002
1.2551020408163265,0.336734693877551,27.02
1.2551020408163265,0.36734693877551017,28.41
1.2551020408163265,0.3979591836734694,28.1
1.2551020408163265,0.42857142857142855,29.39
1.2551020408163265,0.45918367346938777,28.71
1.2551020408163265,0.4897959183673469,31.32
1.2551020408163265,0.5204081632653061,11.02
1.2551020408163265,0.5510204081632653,47.95
1.2551020408163265,0.5816326530612245,45.26
1.2551020408163265,0.6122448979591837,43.63
1.2551020408163265,0.6428571428571428,42.33
1.2551020408163265,0.673469387755102,41.54
1.2551020408163265,0.7040816326530612,40.5
1.2551020408163265,0.7346938775510203,39.95
1.2551020408163265,0.7653061224489796,39.09
1.2551020408163265,0.7959183673469388,38.6
1.2551020408163265,0.826530612244898,38.26
1.2551020408163265,0.8571428571428571,37.93
1.2551020408163265,0.8877551020408163,37.14
1.2551020408163265,0.9183673469387755,40.81
1.2551020408163265,0.9489795918367346,40.47
1.2551020408163265,0.9795918367346939,40.17
1.2551020408163265,1.010204081632653,39.88
1.2551020408163265,1.0408163265306123,39.22
1.2551020408163265,1.0714285714285714,38.93
1.2551020408163265,1.1020408163265305,38.69
1.2551020408163265,1.1326530612244898,38.45
1.2551020408163265,1.163265306122449,38.24
1.2551020408163265,1.193877551020408,38.02
1.2551020408163265,1.2244897959183674,37.42
1.2551020408163265,1.2551020408163265,37.2
1.2551020408163265,1.2857142857142856,37.0
1.2551020408163265,1.316326530612245,36.83
1.2551020408163265,1.346938775510204,36.68
1.2551020408163265,1.3775510204081631,36.54
1.2551020408163265,1.4081632653061225,36.36
1.2551020408163265,1.4387755102040816,35.82
1.2551020408163265,1.4693877551020407,35.660000000000004
1.2551020408163265,1.5,35.52
1.2959183673469385,0.0,28.26
1.2959183673469385,0.030612244897959183,28.04
1.2959183673469385,0.061224489795918366,27.77
1.2959183673469385,0.09183673469387754,27.46
1.2959183673469385,0.12244897959183673,27.17
1.2959183673469385,0.15306122448979592,26.89
1.2959183673469385,0.18367346938775508,28.3
1.2959183673469385,0.21428571428571427,28.11
1.2959183673469385,0.24489795918367346,27.84
1.2959183673469385,0.2755102040816326,27.46
1.2959183673469385,0.30612244897959184,27.07
1.2959183673469385,0.336734693877551,28.46
1.2959183673469385,0.36734693877551017,28.150000000000002
1.2959183673469385,0.3979591836734694,27.67
1.2959183673469385,0.42857142857142855,28.86
1.2959183673469385,0.45918367346938777,29.900000000000002
1.2959183673469385,0.4897959183673469,11.22
1.2959183673469385,0.5204081632653061,49.57
1.2959183673469385,0.5510204081632653,46.42
1.2959183673469385,0.5816326530612245,44.61
1.2959183673469385,0.6122448979591837,43.17
1.2959183673469385,0.6428571428571428,41.93
1.2959183673469385,0.673469387755102,41.26
1.2959183673469385,0.7040816326530612,40.230000000000004
1.2959183673469385,0.7346938775510203,39.75
1.2959183673469385,0.7653061224489796,38.86
1.2959183673469385,0.7959183673469388,38.45
1.2959183673469385,0.826530612244898,38.12
1.2959183673469385,0.8571428571428571,37.33
1.2959183673469385,0.8877551020408163,37.01
1.2959183673469385,0.9183673469387755,40.67
1.2959183673469385,0.9489795918367346,40.36
1.2959183673469385,0.9795918367346939,40.06
1.2959183673469385,1.010204081632653,39.77
1.2959183673469385,1.0408163265306123,39.1
1.2959183673469385,1.0714285714285714,38.84
1.2959183673469385,1.1020408163265305,38.6
1.2959183673469385,1.1326530612244898,38.38
1.2959183673469385,1.163265306122449,38.17
1.2959183673469385,1.193877551020408,37.58
1.2959183673469385,1.2244897959183674,37.34
1.2959183673469385,1.2551020408163265,37.13
1.2959183673469385,1.2857142857142856,36.94
1.2959183673469385,1.316326530612245,36.77
1.2959183673469385,1.346938775510204,36.63
1.2959183673469385,1.3775510204081631,36.480000000000004
1.2959183673469385,1.4081632653061225,35.94
1.2959183673469385,1.4387755102040816,35.75
1.2959183673469385,1.4693877551020407,35.6
1.2959183673469385,1.5,35.47
1.3367346938775508,0.0,28.080000000000002
1.3367346938775508,0.030612244897959183,27.810000000000002
1.3367346938775508,0.061224489795918366,27.51
1.3367346938775508,0.09183673469387754,27.21
1.3367346938775508,0.12244897959183673,26.92
1.3367346938775508,0.15306122448979592,28.35
1.3367346938775508,0.18367346938775508,28.150000000000002
1.3367346938775508,0.21428571428571427,27.88
1.3367346938775508,0.24489795918367346,27.51
1.3367346938775508,0.2755102040816326,27.12
1.3367346938775508,0.30612244897959184,28.53
1.3367346938775508,0.336734693877551,28.2
1.3367346938775508,0.36734693877551017,27.78
1.3367346938775508,0.3979591836734694,29.02
1.3367346938775508,0.42857142857142855,29.94
1.3367346938775508,0.45918367346938777,32.69
1.3367346938775508,0.4897959183673469,46.69
1.3367346938775508,0.5204081632653061,47.7
1.3367346938775508,0.5510204081632653,45.24
1.3367346938775508,0.5816326530612245,43.68
1.3367346938775508,0.6122448979591837,42.42
1.3367346938775508,0.6428571428571428,41.63
1.3367346938775508,0.673469387755102,40.59
1.3367346938775508,0.7040816326530612,40.02
1.3367346938775508,0.7346938775510203,39.2
1.3367346938775508,0.7653061224489796,38.67
1.3367346938775508,0.7959183673469388,38.31
1.3367346938775508,0.826530612244898,37.97
1.3367346938775508,0.8571428571428571,37.18
1.3367346938775508,0.8877551020408163,36.9
1.3367346938775508,0.9183673469387755,40.56
1.3367346938775508,0.9489795918367346,40.26
1.3367346938775508,0.9795918367346939,39.96
1.3367346938775508,1.010204081632653,39.64
1.3367346938775508,1.0408163265306123,39.01
1.3367346938775508,1.0714285714285714,38.76
1.3367346938775508,1.1020408163265305,38.52
1.3367346938775508,1.1326530612244898,38.300000000000004
1.3367346938775508,1.163265306122449,38.09
1.3367346938775508,1.193877551020408,37.480000000000004
1.3367346938775508,1.2244897959183674,37.26
1.3367346938775508,1.2551020408163265,37.06
1.3367346938775508,1.2857142857142856,36.88
1.3367346938775508,1.316326530612245,36.72
1.3367346938775508,1.346938775510204,36.57
1.3367346938775508,1.3775510204081631,36.410000000000004
1.3367346938775508,1.4081632653061225,35.86
1.3367346938775508,1.4387755102040816,35.69
1.3367346938775508,1.4693877551020407,35.550000000000004
1.3367346938775508,1.5,35.42
1.3775510204081631,0.0,27.86
1.3775510204081631,0.030612244897959183,27.560000000000002
1.3775510204081631,0.061224489795918366,27.26
1.3775510204081631,0.09183673469387754,28.650000000000002
1.3775510204081631,0.12244897959183673,28.41
1.3775510204081631,0.15306122448979592,28.19
1.3775510204081631,0.18367346938775508,27.93
1.3775510204081631,0.21428571428571427,27.580000000000002
1.3775510204081631,0.24489795918367346,27.19
1.3775510204081631,0.2755102040816326,28.61
1.3775510204081631,0.30612244897959184,28.26
1.3775510204081631,0.336734693877551,27.88
1.3775510204081631,0.36734693877551017,29.17
1.3775510204081631,0.3979591836734694,28.47
1.3775510204081631,0.42857142857142855,31.21
1.3775510204081631,0.45918367346938777,11.17
1.3775510204081631,0.4897959183673469,44.37
1.3775510204081631,0.5204081632653061,46.42
1.3775510204081631,0.5510204081632653,44.69
1.3775510204081631,0.5816326530612245,43.28
1.3775510204081631,0.6122448979591837,42.04
1.3775510204081631,0.6428571428571428,41.37
1.3775510204081631,0.673469387755102,40.34
1.3775510204081631,0.7040816326530612,39.84
1.3775510204081631,0.7346938775510203,38.96
1.3775510204081631,0.7653061224489796,38.52
1.3775510204081631,0.7959183673469388,38.18
1.3775510204081631,0.826530612244898,37.4
1.3775510204081631,0.8571428571428571,37.06
1.3775510204081631,0.8877551020408163,36.800000000000004
1.3775510204081631,0.9183673469387755,40.45
1.3775510204081631,0.9489795918367346,40.160000000000004
1.3775510204081631,0.9795918367346939,39.87
1.3775510204081631,1.010204081632653,39.19
1.3775510204081631,1.0408163265306123,38.92
1.3775510204081631,1.0714285714285714,38.68
1.3775510204081631,1.1020408163265305,38.45
1.3775510204081631,1.1326530612244898,38.230000000000004
1.3775510204081631,1.163265306122449,37.660000000000004
1.3775510204081631,1.193877551020408,37.4
1.3775510204081631,1.2244897959183674,37.19
1.3775510204081631,1.2551020408163265,36.99
1.3775510204081631,1.2857142857142856,36.82
1.3775510204081631,1.316326530612245,36.67
1.3775510204081631,1.346938775510204,36.52
1.3775510204081631,1.3775510204081631,35.99
1.3775510204081631,1.4081632653061225,35.79
1.3775510204081631,1.4387755102040816,35.63
1.3775510204081631,1.4693877551020407,35.49
1.3775510204081631,1.5,35.36
1.4183673469387754,0.0,27.61
1.4183673469387754,0.030612244897959183,27.310000000000002
1.4183673469387754,0.061224489795918366,28.73
1.4183673469387754,0.09183673469387754,28.48
1.4183673469387754,0.12244897959183673,28.240000000000002
1.4183673469387754,0.15306122448979592,27.98
1.4183673469387754,0.18367346938775508,27.650000000000002
1.4183673469387754,0.21428571428571427,27.26
1.4183673469387754,0.24489795918367346,28.7
1.4183673469387754,0.2755102040816326,28.330000000000002
1.4183673469387754,0.30612244897959184,27.97
1.4183673469387754,0.336734693877551,29.28
1.4183673469387754,0.36734693877551017,28.59
1.4183673469387754,0.3979591836734694,29.73
1.4183673469387754,0.42857142857142855,12.6
1.4183673469387754,0.45918367346938777,46.17
1.4183673469387754,0.4897959183673469,42.84
1.4183673469387754,0.5204081632653061,45.34
1.4183673469387754,0.5510204081632653,43.800000000000004
1.4183673469387754,0.5816326530612245,42.92
1.4183673469387754,0.6122448979591837,41.76
1.4183673469387754,0.6428571428571428,40.730000000000004
1.4183673469387754,0.673469387755102,40.14
1.4183673469387754,0.7040816326530612,39.660000000000004
1.4183673469387754,0.7346938775510203,38.78
1.4183673469387754,0.7653061224489796,38.39
1.4183673469387754,0.7959183673469388,38.050000000000004
1.4183673469387754,0.826530612244898,37.26
1.4183673469387754,0.8571428571428571,36.95
1.4183673469387754,0.8877551020408163,36.7
1.4183673469387754,0.9183673469387755,40.36
1.4183673469387754,0.9489795918367346,40.06
1.4183673469387754,0.9795918367346939,39.76
1.4183673469387754,1.010204081632653,39.09
1.4183673469387754,1.0408163265306123,38.84
1.4183673469387754,1.0714285714285714,38.6
1.4183673469387754,1.1020408163265305,38.37
1.4183673469387754,1.1326530612244898,38.160000000000004
1.4183673469387754,1.163265306122449,37.550000000000004
1.4183673469387754,1.193877551020408,37.32
1.4183673469387754,1.2244897959183674,37.12
1.4183673469387754,1.2551020408163265,36.93
1.4183673469387754,1.2857142857142856,36.76
1.4183673469387754,1.316326530612245,36.61
1.4183673469387754,1.346938775510204,36.46
1.4183673469387754,1.3775510204081631,35.910000000000004
1.4183673469387754,1.4081632653061225,35.730000000000004
1.4183673469387754,1.4387755102040816,35.58
1.4183673469387754,1.4693877551020407,35.44
1.4183673469387754,1.5,35.31
1.4591836734693877,0.0,27.37
1.4591836734693877,0.030612244897959183,28.8
1.4591836734693877,0.061224489795918366,28.55
1.4591836734693877,0.09183673469387754,28.3
1.4591836734693877,0.12244897959183673,28.04
1.4591836734693877,0.15306122448979592,27.72
1.4591836734693877,0.18367346938775508,27.34
1.4591836734693877,0.21428571428571427,28.79
1.4591836734693877,0.24489795918367346,28.41
1.4591836734693877,0.2755102040816326,28.07
1.4591836734693877,0.30612244897959184,29.36
1.4591836734693877,0.336734693877551,28.76
1.4591836734693877,0.36734693877551017,29.79
1.4591836734693877,0.3979591836734694,32.51
1.4591836734693877,0.42857142857142855,49.410000000000004
1.4591836734693877,0.45918367346938777,43.79
1.4591836734693877,0.4897959183673469,41.58
1.4591836734693877,0.5204081632653061,44.86
1.4591836734693877,0.5510204081632653,43.44
1.4591836734693877,0.5816326530612245,42.2
1.4591836734693877,0.6122448979591837,41.52
1.4591836734693877,0.6428571428571428,40.49
1.4591836734693877,0.673469387755102,39.97
1.4591836734693877,0.7040816326530612,39.09
1.4591836734693877,0.7346938775510203,38.63
1.4591836734693877,0.7653061224489796,38.27
1.4591836734693877,0.7959183673469388,37.52
1.4591836734693877,0.826530612244898,37.13
1.4591836734693877,0.8571428571428571,36.85
1.4591836734693877,0.8877551020408163,36.61
1.4591836734693877,0.9183673469387755,36.410000000000004
1.4591836734693877,0.9489795918367346,39.97
1.4591836734693877,0.9795918367346939,39.62
1.4591836734693877,1.010204081632653,39.0
1.4591836734693877,1.0408163265306123,38.76
1.4591836734693877,1.0714285714285714,38.53
1.4591836734693877,1.1020408163265305,38.300000000000004
1.4591836734693877,1.1326530612244898,38.07
1.4591836734693877,1.163265306122449,37.46
1.4591836734693877,1.193877551020408,37.25
1.4591836734693877,1.2244897959183674,37.050000000000004
1.4591836734693877,1.2551020408163265,36.87
1.4591836734693877,1.2857142857142856,36.71
1.4591836734693877,1.316326530612245,36.56
1.4591836734693877,1.346938775510204,36.37
1.4591836734693877,1.3775510204081631,35.84
1.4591836734693877,1.4081632653061225,35.67
1.4591836734693877,1.4387755102040816,35.52
1.4591836734693877,1.4693877551020407,35.39
1.4591836734693877,1.5,35.27
1.5,0.0,28.88
1.5,0.030612244897959183,28.63
1.5,0.061224489795918366,28.37
1.5,0.09183673469387754,28.1
1.5,0.12244897959183673,27.8
1.5,0.15306122448979592,27.43
1.5,0.18367346938775508,28.89
1.5,0.21428571428571427,28.5
1.5,0.24489795918367346,28.16
1.5,0.2755102040816326,27.71
1.5,0.30612244897959184,28.97
1.5,0.336734693877551,28.35
1.5,0.36734693877551017,31.060000000000002
1.5,0.3979591836734694,11.43
1.5,0.42857142857142855,46.09
1.5,0.45918367346938777,42.910000000000004
1.5,0.4897959183673469,40.56
1.5,0.5204081632653061,44.01
1.5,0.5510204081632653,43.13
1.5,0.5816326530612245,41.94
1.5,0.6122448979591837,41.28
1.5,0.6428571428571428,40.300000000000004
1.5,0.673469387755102,39.81
1.5,0.7040816326530612,38.92
1.5,0.7346938775510203,38.49
1.5,0.7653061224489796,38.15
1.5,0.7959183673469388,37.36
1.5,0.826530612244898,37.03
1.5,0.8571428571428571,36.76
1.5,0.8877551020408163,36.53
1.5,0.9183673469387755,36.32
1.5,0.9489795918367346,39.88
1.5,0.9795918367346939,39.18
1.5,1.010204081632653,38.92
1.5,1.0408163265306123,38.69
1.5,1.0714285714285714,38.46
1.5,1.1020408163265305,38.230000000000004
1.5,1.1326530612244898,37.63
1.5,1.163265306122449,37.39
1.5,1.193877551020408,37.18
1.5,1.2244897959183674,36.99
1.5,1.2551020408163265,36.82
1.5,1.2857142857142856,36.660000000000004
1.5,1.316326530612245,36.51
1.5,1.346938775510204,35.96
1.5,1.3775510204081631,35.78
1.5,1.4081632653061225,35.62
1.5,1.4387755102040816,35.47
1.5,1.4693877551020407,35.34
1.5,1.5,35.22
